게시물ID,작성일,작성연도,작성월,작성시간,연도분기,log1p_engagement_total,유머예측이진,유머비율LOO분기,유머비율LOO분기_평균중심화,유머비율LOO분기_평균중심화제곱,유머X유머강도중심화,유머X유머강도중심화제곱,텍스트길이,해시태그수,멘션수,H3분석표본
2065192194277818396,2026-06-11,2026,6,21,2026-Q2,6.34738921,1,0.586207,0.005998651,3.59838e-05,0.005998651,3.59838e-05,110,0,0,1
2064726596179706275,2026-06-10,2026,6,15,2026-Q2,6.47697236,1,0.586207,0.005998651,3.59838e-05,0.005998651,3.59838e-05,37,0,0,1
2064504139749417369,2026-06-10,2026,6,0,2026-Q2,6.28226675,0,0.603448,0.023239651,0.0005400814,0.0,0.0,35,0,0,1
2063002561263640786,2026-06-05,2026,6,20,2026-Q2,5.65599181,1,0.586207,0.005998651,3.59838e-05,0.005998651,3.59838e-05,280,0,0,1
2061565494453555359,2026-06-01,2026,6,21,2026-Q2,6.70930434,0,0.603448,0.023239651,0.0005400814,0.0,0.0,79,0,0,1
2060433958609813857,2026-05-29,2026,5,18,2026-Q2,5.52942909,1,0.586207,0.005998651,3.59838e-05,0.005998651,3.59838e-05,178,0,0,1
2060406022825554333,2026-05-29,2026,5,17,2026-Q2,4.21950771,1,0.586207,0.005998651,3.59838e-05,0.005998651,3.59838e-05,30,0,0,1
2060405944735957384,2026-05-29,2026,5,17,2026-Q2,5.53338949,1,0.586207,0.005998651,3.59838e-05,0.005998651,3.59838e-05,75,0,0,1
2060393163458498982,2026-05-29,2026,5,16,2026-Q2,5.35658627,1,0.586207,0.005998651,3.59838e-05,0.005998651,3.59838e-05,97,0,0,1
2059700189909111001,2026-05-27,2026,5,18,2026-Q2,6.01126717,1,0.586207,0.005998651,3.59838e-05,0.005998651,3.59838e-05,62,0,0,1
2059459943040753916,2026-05-27,2026,5,2,2026-Q2,5.47646355,1,0.586207,0.005998651,3.59838e-05,0.005998651,3.59838e-05,86,0,0,1
2059351523583311924,2026-05-26,2026,5,19,2026-Q2,4.77912349,0,0.603448,0.023239651,0.0005400814,0.0,0.0,25,0,0,1
2057593602490970314,2026-05-21,2026,5,22,2026-Q2,4.93447393,0,0.603448,0.023239651,0.0005400814,0.0,0.0,15,0,1,1
2057590511653794039,2026-05-21,2026,5,22,2026-Q2,5.23644196,1,0.586207,0.005998651,3.59838e-05,0.005998651,3.59838e-05,54,0,0,1
2057590262373785937,2026-05-21,2026,5,22,2026-Q2,3.33220451,0,0.603448,0.023239651,0.0005400814,0.0,0.0,16,0,1,1
2057589742649192842,2026-05-21,2026,5,22,2026-Q2,8.66406027,1,0.586207,0.005998651,3.59838e-05,0.005998651,3.59838e-05,66,0,1,1
2057509387422380064,2026-05-21,2026,5,17,2026-Q2,5.22035583,1,0.586207,0.005998651,3.59838e-05,0.005998651,3.59838e-05,179,1,0,1
2056803537636467033,2026-05-19,2026,5,18,2026-Q2,11.25838154,1,0.586207,0.005998651,3.59838e-05,0.005998651,3.59838e-05,83,0,0,1
2056485781707821429,2026-05-18,2026,5,21,2026-Q2,5.7235851,1,0.586207,0.005998651,3.59838e-05,0.005998651,3.59838e-05,216,0,0,1
2054933542442848652,2026-05-14,2026,5,14,2026-Q2,6.66185474,0,0.603448,0.023239651,0.0005400814,0.0,0.0,27,0,0,1
2054257059399389281,2026-05-12,2026,5,17,2026-Q2,4.8978398,1,0.586207,0.005998651,3.59838e-05,0.005998651,3.59838e-05,83,0,0,1
2052863834503700774,2026-05-08,2026,5,21,2026-Q2,10.48136416,1,0.586207,0.005998651,3.59838e-05,0.005998651,3.59838e-05,74,0,0,1
2052727809756348567,2026-05-08,2026,5,12,2026-Q2,7.65491705,0,0.603448,0.023239651,0.0005400814,0.0,0.0,45,0,0,1
2052536825336729602,2026-05-07,2026,5,23,2026-Q2,7.62705742,1,0.586207,0.005998651,3.59838e-05,0.005998651,3.59838e-05,80,1,2,1
2052513071906619715,2026-05-07,2026,5,22,2026-Q2,7.48941208,0,0.603448,0.023239651,0.0005400814,0.0,0.0,152,0,0,1
2050328345645133837,2026-05-01,2026,5,21,2026-Q2,9.69547889,0,0.603448,0.023239651,0.0005400814,0.0,0.0,56,0,0,1
2050307931778732264,2026-05-01,2026,5,20,2026-Q2,6.315358,1,0.586207,0.005998651,3.59838e-05,0.005998651,3.59838e-05,102,0,0,1
2050243908991328359,2026-05-01,2026,5,16,2026-Q2,7.49108759,1,0.586207,0.005998651,3.59838e-05,0.005998651,3.59838e-05,110,0,0,1
2048730947017654333,2026-04-27,2026,4,11,2026-Q2,7.53796266,1,0.586207,0.005998651,3.59838e-05,0.005998651,3.59838e-05,214,0,0,1
2047463502583869524,2026-04-23,2026,4,23,2026-Q2,9.54057893,1,0.586207,0.005998651,3.59838e-05,0.005998651,3.59838e-05,54,0,0,1
2042359791239024659,2026-04-09,2026,4,21,2026-Q2,7.45007957,1,0.586207,0.005998651,3.59838e-05,0.005998651,3.59838e-05,59,0,0,1
2042345361310957745,2026-04-09,2026,4,20,2026-Q2,8.9956609,0,0.603448,0.023239651,0.0005400814,0.0,0.0,74,1,1,1
2042276646711894177,2026-04-09,2026,4,16,2026-Q2,8.75699718,0,0.603448,0.023239651,0.0005400814,0.0,0.0,106,0,0,1
2041987332509782141,2026-04-08,2026,4,21,2026-Q2,5.57215403,1,0.586207,0.005998651,3.59838e-05,0.005998651,3.59838e-05,89,0,0,1
2041526924149690528,2026-04-07,2026,4,14,2026-Q2,6.02102335,0,0.603448,0.023239651,0.0005400814,0.0,0.0,222,0,0,1
2041526852036988999,2026-04-07,2026,4,14,2026-Q2,8.71012493,0,0.603448,0.023239651,0.0005400814,0.0,0.0,129,0,0,1
2041332734883201293,2026-04-07,2026,4,1,2026-Q2,6.13122649,0,0.603448,0.023239651,0.0005400814,0.0,0.0,222,0,0,1
2041332610928951432,2026-04-07,2026,4,1,2026-Q2,8.76795191,1,0.586207,0.005998651,3.59838e-05,0.005998651,3.59838e-05,156,0,0,1
2041332103036412007,2026-04-07,2026,4,1,2026-Q2,7.18006987,1,0.586207,0.005998651,3.59838e-05,0.005998651,3.59838e-05,44,0,0,1
2041317545412546926,2026-04-07,2026,4,0,2026-Q2,4.91998093,1,0.586207,0.005998651,3.59838e-05,0.005998651,3.59838e-05,31,0,0,1
2041286930231373912,2026-04-06,2026,4,22,2026-Q2,5.25749537,1,0.586207,0.005998651,3.59838e-05,0.005998651,3.59838e-05,64,0,0,1
2041274861461586245,2026-04-06,2026,4,22,2026-Q2,4.09434456,0,0.603448,0.023239651,0.0005400814,0.0,0.0,222,0,0,1
2041274790418485741,2026-04-06,2026,4,22,2026-Q2,5.70378247,1,0.586207,0.005998651,3.59838e-05,0.005998651,3.59838e-05,100,0,0,1
2041273129272824054,2026-04-06,2026,4,21,2026-Q2,6.02344759,0,0.603448,0.023239651,0.0005400814,0.0,0.0,18,0,0,1
2041272778461258077,2026-04-06,2026,4,21,2026-Q2,7.59890046,1,0.586207,0.005998651,3.59838e-05,0.005998651,3.59838e-05,204,0,0,1
2041270386478780749,2026-04-06,2026,4,21,2026-Q2,5.22574667,1,0.586207,0.005998651,3.59838e-05,0.005998651,3.59838e-05,68,0,0,1
2041241219603554599,2026-04-06,2026,4,19,2026-Q2,5.25749537,1,0.586207,0.005998651,3.59838e-05,0.005998651,3.59838e-05,70,0,0,1
2041187810728727004,2026-04-06,2026,4,16,2026-Q2,3.95124372,0,0.603448,0.023239651,0.0005400814,0.0,0.0,222,0,0,1
2041187699764163013,2026-04-06,2026,4,16,2026-Q2,5.29831737,1,0.586207,0.005998651,3.59838e-05,0.005998651,3.59838e-05,140,0,0,1
2040186917312979266,2026-04-03,2026,4,21,2026-Q2,4.82028157,1,0.586207,0.005998651,3.59838e-05,0.005998651,3.59838e-05,179,0,0,1
2040186893468393651,2026-04-03,2026,4,21,2026-Q2,5.33271879,1,0.586207,0.005998651,3.59838e-05,0.005998651,3.59838e-05,48,0,0,1
2040186889131479302,2026-04-03,2026,4,21,2026-Q2,4.80402104,0,0.603448,0.023239651,0.0005400814,0.0,0.0,42,0,0,1
2040186885704683992,2026-04-03,2026,4,21,2026-Q2,5.80814249,0,0.603448,0.023239651,0.0005400814,0.0,0.0,63,1,0,1
2039915068729541060,2026-04-03,2026,4,3,2026-Q2,3.93182563,0,0.603448,0.023239651,0.0005400814,0.0,0.0,318,0,0,1
2039900754387869992,2026-04-03,2026,4,3,2026-Q2,5.53733427,0,0.603448,0.023239651,0.0005400814,0.0,0.0,172,0,0,1
2039789214120996993,2026-04-02,2026,4,19,2026-Q2,4.55387689,1,0.586207,0.005998651,3.59838e-05,0.005998651,3.59838e-05,184,0,0,1
2039714223337463977,2026-04-02,2026,4,14,2026-Q2,5.23110862,0,0.603448,0.023239651,0.0005400814,0.0,0.0,5,0,0,1
2039714041212358979,2026-04-02,2026,4,14,2026-Q2,4.41884061,0,0.603448,0.023239651,0.0005400814,0.0,0.0,5,0,0,1
2039713760378487274,2026-04-02,2026,4,14,2026-Q2,6.77650699,0,0.603448,0.023239651,0.0005400814,0.0,0.0,169,0,0,1
2038738065678811271,2026-03-30,2026,3,22,2026-Q1,4.35670883,0,0.377778,-0.202430349,0.0409780462,-0.0,0.0,5,0,0,1
2038737809075565002,2026-03-30,2026,3,21,2026-Q1,3.87120101,0,0.377778,-0.202430349,0.0409780462,-0.0,0.0,5,0,0,1
2038737532473803096,2026-03-30,2026,3,21,2026-Q1,3.66356165,0,0.377778,-0.202430349,0.0409780462,-0.0,0.0,5,0,0,1
2038737391863869923,2026-03-30,2026,3,21,2026-Q1,4.04305127,0,0.377778,-0.202430349,0.0409780462,-0.0,0.0,5,0,0,1
2038736376653554124,2026-03-30,2026,3,21,2026-Q1,7.138867,0,0.377778,-0.202430349,0.0409780462,-0.0,0.0,278,0,0,1
2037346325923278851,2026-03-27,2026,3,1,2026-Q1,6.99668149,0,0.377778,-0.202430349,0.0409780462,-0.0,0.0,52,0,1,1
2037342589230408021,2026-03-27,2026,3,1,2026-Q1,8.01697775,0,0.377778,-0.202430349,0.0409780462,-0.0,0.0,89,0,0,1
2036210859299455486,2026-03-23,2026,3,22,2026-Q1,9.57907234,0,0.377778,-0.202430349,0.0409780462,-0.0,0.0,66,0,0,1
2035444365800214846,2026-03-21,2026,3,19,2026-Q1,7.14045304,1,0.355556,-0.224652349,0.0504686779,-0.224652349,0.0504686779,88,0,0,1
2035438297070096829,2026-03-21,2026,3,19,2026-Q1,6.23048145,0,0.377778,-0.202430349,0.0409780462,-0.0,0.0,39,0,0,1
2035415108646490534,2026-03-21,2026,3,17,2026-Q1,7.64300364,1,0.355556,-0.224652349,0.0504686779,-0.224652349,0.0504686779,88,0,0,1
2035414922763350398,2026-03-21,2026,3,17,2026-Q1,3.71357207,1,0.355556,-0.224652349,0.0504686779,-0.224652349,0.0504686779,103,0,0,1
2035411565797634404,2026-03-21,2026,3,17,2026-Q1,9.04852708,0,0.377778,-0.202430349,0.0409780462,-0.0,0.0,78,1,0,1
2035213787020575096,2026-03-21,2026,3,4,2026-Q1,5.20948615,1,0.355556,-0.224652349,0.0504686779,-0.224652349,0.0504686779,52,0,0,1
2035089780396953839,2026-03-20,2026,3,20,2026-Q1,4.58496748,0,0.377778,-0.202430349,0.0409780462,-0.0,0.0,74,0,1,1
2035036863413805229,2026-03-20,2026,3,16,2026-Q1,4.44265126,1,0.355556,-0.224652349,0.0504686779,-0.224652349,0.0504686779,208,0,0,1
2034753037797904417,2026-03-19,2026,3,22,2026-Q1,7.24636808,0,0.377778,-0.202430349,0.0409780462,-0.0,0.0,41,0,0,1
2033636564551524646,2026-03-16,2026,3,20,2026-Q1,6.73221071,0,0.377778,-0.202430349,0.0409780462,-0.0,0.0,43,0,0,1
2033326344264888604,2026-03-15,2026,3,23,2026-Q1,9.15588419,0,0.377778,-0.202430349,0.0409780462,-0.0,0.0,80,0,0,1
2032563031024996510,2026-03-13,2026,3,21,2026-Q1,6.8596149,0,0.377778,-0.202430349,0.0409780462,-0.0,0.0,220,1,0,1
2031884901557965271,2026-03-12,2026,3,0,2026-Q1,7.24064969,1,0.355556,-0.224652349,0.0504686779,-0.224652349,0.0504686779,103,0,0,1
2031738937870364955,2026-03-11,2026,3,14,2026-Q1,7.1491316,1,0.355556,-0.224652349,0.0504686779,-0.224652349,0.0504686779,75,0,0,1
2030448455412252800,2026-03-08,2026,3,1,2026-Q1,9.75759435,0,0.377778,-0.202430349,0.0409780462,-0.0,0.0,161,0,0,1
2030030225254359259,2026-03-06,2026,3,21,2026-Q1,6.38181602,0,0.377778,-0.202430349,0.0409780462,-0.0,0.0,116,1,1,1
2030030060720164942,2026-03-06,2026,3,21,2026-Q1,10.55846547,1,0.355556,-0.224652349,0.0504686779,-0.224652349,0.0504686779,100,0,1,1
2030021566528893409,2026-03-06,2026,3,20,2026-Q1,6.77422389,0,0.377778,-0.202430349,0.0409780462,-0.0,0.0,229,1,2,1
2029952811224514866,2026-03-06,2026,3,16,2026-Q1,7.56579328,0,0.377778,-0.202430349,0.0409780462,-0.0,0.0,359,0,1,1
2029687889098068156,2026-03-05,2026,3,22,2026-Q1,8.48673398,1,0.355556,-0.224652349,0.0504686779,-0.224652349,0.0504686779,210,1,0,1
2029585417066946625,2026-03-05,2026,3,15,2026-Q1,7.95085486,0,0.377778,-0.202430349,0.0409780462,-0.0,0.0,166,1,0,1
2029290891425529996,2026-03-04,2026,3,20,2026-Q1,9.80752716,1,0.355556,-0.224652349,0.0504686779,-0.224652349,0.0504686779,80,0,0,1
2029249180762341501,2026-03-04,2026,3,17,2026-Q1,10.9937484,1,0.355556,-0.224652349,0.0504686779,-0.224652349,0.0504686779,114,0,0,1
2027127868791431190,2026-02-26,2026,2,21,2026-Q1,6.36647045,1,0.355556,-0.224652349,0.0504686779,-0.224652349,0.0504686779,54,0,0,1
2027105501260202278,2026-02-26,2026,2,19,2026-Q1,7.18841274,0,0.377778,-0.202430349,0.0409780462,-0.0,0.0,44,0,0,1
2026335579764343176,2026-02-24,2026,2,16,2026-Q1,8.84332645,0,0.377778,-0.202430349,0.0409780462,-0.0,0.0,88,0,0,1
2022846838726922625,2026-02-15,2026,2,1,2026-Q1,6.78558765,0,0.377778,-0.202430349,0.0409780462,-0.0,0.0,103,0,0,1
2021355348100313369,2026-02-10,2026,2,22,2026-Q1,5.54517744,0,0.377778,-0.202430349,0.0409780462,-0.0,0.0,35,0,0,1
2021268433296367729,2026-02-10,2026,2,17,2026-Q1,6.02827852,0,0.377778,-0.202430349,0.0409780462,-0.0,0.0,237,0,1,1
2020685488789815407,2026-02-09,2026,2,2,2026-Q1,8.02584334,1,0.355556,-0.224652349,0.0504686779,-0.224652349,0.0504686779,26,0,0,1
2019221773569728518,2026-02-05,2026,2,1,2026-Q1,8.98506956,0,0.377778,-0.202430349,0.0409780462,-0.0,0.0,83,0,1,1
2015935710449009033,2026-01-26,2026,1,23,2026-Q1,6.92853782,1,0.355556,-0.224652349,0.0504686779,-0.224652349,0.0504686779,88,0,0,1
2014446063961178239,2026-01-22,2026,1,21,2026-Q1,6.26149168,1,0.355556,-0.224652349,0.0504686779,-0.224652349,0.0504686779,117,0,0,1
2014093064155889768,2026-01-21,2026,1,21,2026-Q1,7.10414409,0,0.377778,-0.202430349,0.0409780462,-0.0,0.0,54,0,0,1
2012261535259726070,2026-01-16,2026,1,20,2026-Q1,5.69709349,1,0.355556,-0.224652349,0.0504686779,-0.224652349,0.0504686779,74,0,0,1
2012226909820621147,2026-01-16,2026,1,18,2026-Q1,5.17614973,0,0.377778,-0.202430349,0.0409780462,-0.0,0.0,110,0,0,1
2009777266847363171,2026-01-10,2026,1,0,2026-Q1,6.67203295,1,0.355556,-0.224652349,0.0504686779,-0.224652349,0.0504686779,136,0,0,1
2007833761703223723,2026-01-04,2026,1,15,2026-Q1,5.42495002,0,0.377778,-0.202430349,0.0409780462,-0.0,0.0,152,0,1,1
2001787208093614204,2025-12-18,2025,12,22,2025-Q4,5.17614973,1,0.5,-0.080208349,0.0064333792,-0.080208349,0.0064333792,43,0,0,1
2001787158034866204,2025-12-18,2025,12,22,2025-Q4,4.77912349,0,0.6,0.019791651,0.0003917095,0.0,0.0,63,0,0,1
2001787068914225487,2025-12-18,2025,12,22,2025-Q4,5.82600011,1,0.5,-0.080208349,0.0064333792,-0.080208349,0.0064333792,165,0,0,1
1996659770724696551,2025-12-04,2025,12,19,2025-Q4,8.52516136,0,0.6,0.019791651,0.0003917095,0.0,0.0,42,0,0,1
1996272892787778047,2025-12-03,2025,12,17,2025-Q4,5.79605775,0,0.6,0.019791651,0.0003917095,0.0,0.0,95,0,0,1
1993735456609972272,2025-11-26,2025,11,17,2025-Q4,6.45047042,1,0.5,-0.080208349,0.0064333792,-0.080208349,0.0064333792,48,0,0,1
1991966149815496874,2025-11-21,2025,11,20,2025-Q4,7.89357207,0,0.6,0.019791651,0.0003917095,0.0,0.0,71,0,0,1
1988671571091980633,2025-11-12,2025,11,18,2025-Q4,6.19847872,1,0.5,-0.080208349,0.0064333792,-0.080208349,0.0064333792,115,0,1,1
1980393481068831176,2025-10-20,2025,10,21,2025-Q4,8.21635833,1,0.5,-0.080208349,0.0064333792,-0.080208349,0.0064333792,39,0,0,1
1976057070555132086,2025-10-08,2025,10,22,2025-Q4,7.77779263,1,0.5,-0.080208349,0.0064333792,-0.080208349,0.0064333792,51,0,0,1
1975235300231434581,2025-10-06,2025,10,16,2025-Q4,7.64300364,0,0.6,0.019791651,0.0003917095,0.0,0.0,97,1,0,1
1938000813210714481,2025-06-25,2025,6,22,2025-Q2,8.75794088,0,0.307692,-0.272516349,0.0742651604,-0.0,0.0,30,0,0,1
1934989870239261157,2025-06-17,2025,6,15,2025-Q2,8.09132127,0,0.307692,-0.272516349,0.0742651604,-0.0,0.0,69,0,1,1
1920237379442397554,2025-05-07,2025,5,22,2025-Q2,9.14952823,0,0.307692,-0.272516349,0.0742651604,-0.0,0.0,58,0,1,1
1917664473776623724,2025-04-30,2025,4,19,2025-Q2,9.84288793,1,0.230769,-0.349439349,0.1221078586,-0.349439349,0.1221078586,53,0,0,1
1914826173638414390,2025-04-22,2025,4,23,2025-Q2,6.92362863,0,0.307692,-0.272516349,0.0742651604,-0.0,0.0,64,0,0,1
1914824035609027011,2025-04-22,2025,4,23,2025-Q2,6.60800063,1,0.230769,-0.349439349,0.1221078586,-0.349439349,0.1221078586,90,0,1,1
1914683170374459772,2025-04-22,2025,4,14,2025-Q2,6.43133108,0,0.307692,-0.272516349,0.0742651604,-0.0,0.0,40,0,0,1
1914680845526278493,2025-04-22,2025,4,14,2025-Q2,5.69035945,0,0.307692,-0.272516349,0.0742651604,-0.0,0.0,71,0,1,1
1911933396550287524,2025-04-15,2025,4,0,2025-Q2,12.00902925,0,0.307692,-0.272516349,0.0742651604,-0.0,0.0,34,0,0,1
1911781221559844913,2025-04-14,2025,4,13,2025-Q2,12.09222623,0,0.307692,-0.272516349,0.0742651604,-0.0,0.0,90,0,0,1
1910713017144127729,2025-04-11,2025,4,15,2025-Q2,9.26074827,0,0.307692,-0.272516349,0.0742651604,-0.0,0.0,132,0,0,1
1909664559243178141,2025-04-08,2025,4,17,2025-Q2,9.67054616,0,0.307692,-0.272516349,0.0742651604,-0.0,0.0,34,0,0,1
1907472436305813963,2025-04-02,2025,4,16,2025-Q2,6.08677473,1,0.230769,-0.349439349,0.1221078586,-0.349439349,0.1221078586,133,1,0,1
1907167027267010864,2025-04-01,2025,4,20,2025-Q2,6.0591232,1,0.230769,-0.349439349,0.1221078586,-0.349439349,0.1221078586,135,1,0,1
1906741707875483676,2025-03-31,2025,3,16,2025-Q1,5.68697536,1,0.4,-0.180208349,0.032475049,-0.180208349,0.032475049,156,1,0,1
1905709754686788031,2025-03-28,2025,3,19,2025-Q1,5.77765232,0,0.45,-0.130208349,0.0169542141,-0.0,0.0,86,0,0,1
1905709287558791496,2025-03-28,2025,3,19,2025-Q1,5.75574221,1,0.4,-0.180208349,0.032475049,-0.180208349,0.032475049,199,1,0,1
1905701777573621999,2025-03-28,2025,3,19,2025-Q1,5.71373281,1,0.4,-0.180208349,0.032475049,-0.180208349,0.032475049,165,1,0,1
1905005766244815166,2025-03-26,2025,3,21,2025-Q1,5.6767538,0,0.45,-0.130208349,0.0169542141,-0.0,0.0,116,0,0,1
1904642614470545836,2025-03-25,2025,3,21,2025-Q1,6.78558765,0,0.45,-0.130208349,0.0169542141,-0.0,0.0,39,0,0,1
1904565120010723568,2025-03-25,2025,3,16,2025-Q1,5.38449506,1,0.4,-0.180208349,0.032475049,-0.180208349,0.032475049,236,1,0,1
1903162702585008400,2025-03-21,2025,3,19,2025-Q1,5.84354442,0,0.45,-0.130208349,0.0169542141,-0.0,0.0,147,0,0,1
1903112530345521579,2025-03-21,2025,3,15,2025-Q1,9.61193132,0,0.45,-0.130208349,0.0169542141,-0.0,0.0,49,0,1,1
1901851793795219858,2025-03-18,2025,3,4,2025-Q1,8.77307495,1,0.4,-0.180208349,0.032475049,-0.180208349,0.032475049,138,0,1,1
1899970489797271587,2025-03-12,2025,3,23,2025-Q1,7.14045304,0,0.45,-0.130208349,0.0169542141,-0.0,0.0,44,0,0,1
1893347732040880523,2025-02-22,2025,2,17,2025-Q1,7.24779258,1,0.4,-0.180208349,0.032475049,-0.180208349,0.032475049,137,0,0,1
1892979312707473537,2025-02-21,2025,2,16,2025-Q1,8.32312289,1,0.4,-0.180208349,0.032475049,-0.180208349,0.032475049,55,0,0,1
1889332081404088470,2025-02-11,2025,2,15,2025-Q1,6.85224257,0,0.45,-0.130208349,0.0169542141,-0.0,0.0,17,0,0,1
1889331721939673543,2025-02-11,2025,2,15,2025-Q1,7.0440329,0,0.45,-0.130208349,0.0169542141,-0.0,0.0,128,1,2,1
1889052840129114344,2025-02-10,2025,2,20,2025-Q1,7.28892769,0,0.45,-0.130208349,0.0169542141,-0.0,0.0,63,0,0,1
1886095648572760240,2025-02-02,2025,2,16,2025-Q1,7.3639135,1,0.4,-0.180208349,0.032475049,-0.180208349,0.032475049,55,0,0,1
1881055482015805887,2025-01-19,2025,1,19,2025-Q1,9.62687729,0,0.45,-0.130208349,0.0169542141,-0.0,0.0,19,0,0,1
1879984832446623928,2025-01-16,2025,1,20,2025-Q1,10.05565054,1,0.4,-0.180208349,0.032475049,-0.180208349,0.032475049,51,0,0,1
1879575467256422436,2025-01-15,2025,1,17,2025-Q1,8.25062008,0,0.45,-0.130208349,0.0169542141,-0.0,0.0,33,0,0,1
1874908984093876692,2025-01-02,2025,1,20,2025-Q1,6.56244409,0,0.45,-0.130208349,0.0169542141,-0.0,0.0,66,0,0,1
1874116245085446380,2024-12-31,2024,12,15,2024-Q4,12.72847599,1,0.157895,-0.422313349,0.1783485647,-0.422313349,0.1783485647,218,0,0,1
1869446006234104036,2024-12-18,2024,12,18,2024-Q4,7.2211051,1,0.157895,-0.422313349,0.1783485647,-0.422313349,0.1783485647,55,0,0,1
1869053674779291778,2024-12-17,2024,12,16,2024-Q4,6.00141488,0,0.210526,-0.369682349,0.1366650391,-0.0,0.0,63,0,0,1
1868743844931797186,2024-12-16,2024,12,19,2024-Q4,5.84932478,0,0.210526,-0.369682349,0.1366650391,-0.0,0.0,105,0,0,1
1865181393224974679,2024-12-06,2024,12,23,2024-Q4,7.66902829,0,0.210526,-0.369682349,0.1366650391,-0.0,0.0,54,0,0,1
1864694795936899378,2024-12-05,2024,12,15,2024-Q4,8.90449433,0,0.210526,-0.369682349,0.1366650391,-0.0,0.0,295,1,0,1
1864373989759471899,2024-12-04,2024,12,18,2024-Q4,4.81218436,0,0.210526,-0.369682349,0.1366650391,-0.0,0.0,9,0,1,1
1864360277942075898,2024-12-04,2024,12,17,2024-Q4,6.15060277,0,0.210526,-0.369682349,0.1366650391,-0.0,0.0,48,0,0,1
1861447874346934316,2024-11-26,2024,11,16,2024-Q4,6.18001665,0,0.210526,-0.369682349,0.1366650391,-0.0,0.0,99,0,0,1
1859714761916555425,2024-11-21,2024,11,21,2024-Q4,7.068172,0,0.210526,-0.369682349,0.1366650391,-0.0,0.0,62,0,0,1
1859336640713330801,2024-11-20,2024,11,20,2024-Q4,6.28785856,0,0.210526,-0.369682349,0.1366650391,-0.0,0.0,65,0,0,1
1849526709361480181,2024-10-24,2024,10,19,2024-Q4,6.5220928,0,0.210526,-0.369682349,0.1366650391,-0.0,0.0,49,0,0,1
1847306069816594818,2024-10-18,2024,10,15,2024-Q4,7.98104976,1,0.157895,-0.422313349,0.1783485647,-0.422313349,0.1783485647,86,0,0,1
1846290474933670375,2024-10-15,2024,10,20,2024-Q4,6.70563909,0,0.210526,-0.369682349,0.1366650391,-0.0,0.0,89,0,1,1
1844751905022447697,2024-10-11,2024,10,14,2024-Q4,7.75104512,0,0.210526,-0.369682349,0.1366650391,-0.0,0.0,32,0,0,1
1843779609789378824,2024-10-08,2024,10,22,2024-Q4,9.78594199,0,0.210526,-0.369682349,0.1366650391,-0.0,0.0,43,0,0,1
1843405888624963775,2024-10-07,2024,10,21,2024-Q4,9.28126471,0,0.210526,-0.369682349,0.1366650391,-0.0,0.0,40,0,0,1
1842315701081530795,2024-10-04,2024,10,21,2024-Q4,8.5961892,0,0.210526,-0.369682349,0.1366650391,-0.0,0.0,102,0,0,1
1841548608854016300,2024-10-02,2024,10,18,2024-Q4,11.40662006,0,0.210526,-0.369682349,0.1366650391,-0.0,0.0,44,0,0,1
1841265943395082611,2024-10-01,2024,10,23,2024-Q4,7.215975,1,0.157895,-0.422313349,0.1783485647,-0.422313349,0.1783485647,83,0,0,1
1839768956812378574,2024-09-27,2024,9,20,2024-Q3,7.32712329,1,0.425,-0.155208349,0.0240896316,-0.155208349,0.0240896316,3,0,0,1
1839411514715090949,2024-09-26,2024,9,21,2024-Q3,7.20340552,0,0.45,-0.130208349,0.0169542141,-0.0,0.0,91,0,0,1
1839266928679845920,2024-09-26,2024,9,11,2024-Q3,4.34380542,0,0.45,-0.130208349,0.0169542141,-0.0,0.0,95,0,2,1
1836585948496162855,2024-09-19,2024,9,1,2024-Q3,5.73334128,1,0.425,-0.155208349,0.0240896316,-0.155208349,0.0240896316,117,1,0,1
1835137149286379953,2024-09-15,2024,9,2,2024-Q3,2.48490665,0,0.45,-0.130208349,0.0169542141,-0.0,0.0,70,0,1,1
1834619968442323418,2024-09-13,2024,9,15,2024-Q3,5.78382518,1,0.425,-0.155208349,0.0240896316,-0.155208349,0.0240896316,59,0,0,1
1834347199402229959,2024-09-12,2024,9,21,2024-Q3,4.65396035,0,0.45,-0.130208349,0.0169542141,-0.0,0.0,137,0,1,1
1833595083490238906,2024-09-10,2024,9,19,2024-Q3,4.51085951,0,0.45,-0.130208349,0.0169542141,-0.0,0.0,78,0,1,1
1827852148366843989,2024-08-25,2024,8,23,2024-Q3,6.2146081,1,0.425,-0.155208349,0.0240896316,-0.155208349,0.0240896316,149,0,0,1
1826439447467966764,2024-08-22,2024,8,2,2024-Q3,6.85118493,1,0.425,-0.155208349,0.0240896316,-0.155208349,0.0240896316,17,0,0,1
1826437489961435372,2024-08-22,2024,8,1,2024-Q3,6.1484683,1,0.425,-0.155208349,0.0240896316,-0.155208349,0.0240896316,23,0,0,1
1826437406708695361,2024-08-22,2024,8,1,2024-Q3,5.9242558,1,0.425,-0.155208349,0.0240896316,-0.155208349,0.0240896316,23,0,0,1
1826437226713989454,2024-08-22,2024,8,1,2024-Q3,5.86929691,1,0.425,-0.155208349,0.0240896316,-0.155208349,0.0240896316,12,0,0,1
1826437118563889607,2024-08-22,2024,8,1,2024-Q3,5.80814249,1,0.425,-0.155208349,0.0240896316,-0.155208349,0.0240896316,26,0,0,1
1826437010606764235,2024-08-22,2024,8,1,2024-Q3,5.77144112,1,0.425,-0.155208349,0.0240896316,-0.155208349,0.0240896316,34,0,0,1
1826436573988090093,2024-08-22,2024,8,1,2024-Q3,5.9242558,0,0.45,-0.130208349,0.0169542141,-0.0,0.0,14,0,0,1
1826436504614273198,2024-08-22,2024,8,1,2024-Q3,6.00881319,1,0.425,-0.155208349,0.0240896316,-0.155208349,0.0240896316,18,0,0,1
1826432938801570164,2024-08-22,2024,8,1,2024-Q3,6.04263283,0,0.45,-0.130208349,0.0169542141,-0.0,0.0,27,0,0,1
1826432611092136230,2024-08-22,2024,8,1,2024-Q3,6.00141488,0,0.45,-0.130208349,0.0169542141,-0.0,0.0,29,0,0,1
1826432485950898219,2024-08-22,2024,8,1,2024-Q3,6.25382881,0,0.45,-0.130208349,0.0169542141,-0.0,0.0,35,0,0,1
1826432151862026427,2024-08-22,2024,8,1,2024-Q3,8.32530603,0,0.45,-0.130208349,0.0169542141,-0.0,0.0,60,0,0,1
1826331865781075979,2024-08-21,2024,8,18,2024-Q3,9.24946493,0,0.45,-0.130208349,0.0169542141,-0.0,0.0,171,0,0,1
1825520839032291500,2024-08-19,2024,8,13,2024-Q3,5.83481074,0,0.45,-0.130208349,0.0169542141,-0.0,0.0,12,0,0,1
1825310472368791724,2024-08-18,2024,8,23,2024-Q3,6.15697899,1,0.425,-0.155208349,0.0240896316,-0.155208349,0.0240896316,118,0,0,1
1822987972481806759,2024-08-12,2024,8,13,2024-Q3,6.02102335,0,0.45,-0.130208349,0.0169542141,-0.0,0.0,12,0,0,1
1822772454533579005,2024-08-11,2024,8,23,2024-Q3,6.20050917,0,0.45,-0.130208349,0.0169542141,-0.0,0.0,95,0,0,1
1821635837161029764,2024-08-08,2024,8,19,2024-Q3,5.23110862,0,0.45,-0.130208349,0.0169542141,-0.0,0.0,42,0,2,1
1821610694745485569,2024-08-08,2024,8,18,2024-Q3,5.53338949,0,0.45,-0.130208349,0.0169542141,-0.0,0.0,31,0,1,1
1821610561962176956,2024-08-08,2024,8,18,2024-Q3,6.61204103,1,0.425,-0.155208349,0.0240896316,-0.155208349,0.0240896316,23,0,0,1
1820445708874658217,2024-08-05,2024,8,13,2024-Q3,6.13122649,0,0.45,-0.130208349,0.0169542141,-0.0,0.0,12,0,0,1
1820231911635087503,2024-08-04,2024,8,22,2024-Q3,6.3526294,1,0.425,-0.155208349,0.0240896316,-0.155208349,0.0240896316,133,0,0,1
1818340302802850216,2024-07-30,2024,7,17,2024-Q3,7.15305163,1,0.425,-0.155208349,0.0240896316,-0.155208349,0.0240896316,97,0,0,1
1817921258727862748,2024-07-29,2024,7,13,2024-Q3,6.39859493,0,0.45,-0.130208349,0.0169542141,-0.0,0.0,12,0,0,1
1817695153110528201,2024-07-28,2024,7,22,2024-Q3,6.71417053,0,0.45,-0.130208349,0.0169542141,-0.0,0.0,123,0,0,1
1811795717297508777,2024-07-12,2024,7,16,2024-Q3,9.12793655,0,0.45,-0.130208349,0.0169542141,-0.0,0.0,75,0,0,1
1811499139739398639,2024-07-11,2024,7,20,2024-Q3,6.92951677,0,0.45,-0.130208349,0.0169542141,-0.0,0.0,72,0,1,1
1811077661101301959,2024-07-10,2024,7,16,2024-Q3,8.10349428,1,0.425,-0.155208349,0.0240896316,-0.155208349,0.0240896316,89,0,0,1
1810668075450036606,2024-07-09,2024,7,13,2024-Q3,9.83654615,0,0.45,-0.130208349,0.0169542141,-0.0,0.0,99,0,0,1
1810406280198299682,2024-07-08,2024,7,20,2024-Q3,6.54678541,0,0.45,-0.130208349,0.0169542141,-0.0,0.0,85,0,0,1
1810007794310840603,2024-07-07,2024,7,17,2024-Q3,6.65027905,1,0.425,-0.155208349,0.0240896316,-0.155208349,0.0240896316,90,0,1,1
1808626600872665366,2024-07-03,2024,7,22,2024-Q3,6.89972311,1,0.425,-0.155208349,0.0240896316,-0.155208349,0.0240896316,97,0,1,1
1806348032662802747,2024-06-27,2024,6,15,2024-Q2,6.71417053,0,0.384615,-0.195593349,0.0382567582,-0.0,0.0,32,0,0,1
1806180519689834523,2024-06-27,2024,6,4,2024-Q2,6.80239476,0,0.384615,-0.195593349,0.0382567582,-0.0,0.0,260,0,5,1
1806158973009097170,2024-06-27,2024,6,2,2024-Q2,7.73979446,0,0.384615,-0.195593349,0.0382567582,-0.0,0.0,160,0,1,1
1806124723254022149,2024-06-27,2024,6,0,2024-Q2,5.94542061,1,0.346154,-0.234054349,0.0547814383,-0.234054349,0.0547814383,10,0,0,1
1806116941091811827,2024-06-27,2024,6,0,2024-Q2,7.76895604,0,0.384615,-0.195593349,0.0382567582,-0.0,0.0,69,0,0,1
1801112110136500397,2024-06-13,2024,6,4,2024-Q2,7.41938058,1,0.346154,-0.234054349,0.0547814383,-0.234054349,0.0547814383,36,0,0,1
1801106753884434800,2024-06-13,2024,6,4,2024-Q2,7.89245204,0,0.384615,-0.195593349,0.0382567582,-0.0,0.0,29,0,0,1
1797664751524384826,2024-06-03,2024,6,16,2024-Q2,7.80425138,0,0.384615,-0.195593349,0.0382567582,-0.0,0.0,69,0,0,1
1793796655512183145,2024-05-24,2024,5,0,2024-Q2,7.14440718,1,0.346154,-0.234054349,0.0547814383,-0.234054349,0.0547814383,59,0,0,1
1793780306484285515,2024-05-23,2024,5,23,2024-Q2,4.17438727,0,0.384615,-0.195593349,0.0382567582,-0.0,0.0,127,0,0,1
1793669890429358538,2024-05-23,2024,5,15,2024-Q2,5.66988092,0,0.384615,-0.195593349,0.0382567582,-0.0,0.0,10,0,0,1
1793669887094927716,2024-05-23,2024,5,15,2024-Q2,6.57228254,0,0.384615,-0.195593349,0.0382567582,-0.0,0.0,43,0,0,1
1787884953876705769,2024-05-07,2024,5,16,2024-Q2,8.75573754,0,0.384615,-0.195593349,0.0382567582,-0.0,0.0,35,0,0,1
1787542849061626009,2024-05-06,2024,5,18,2024-Q2,9.0752077,1,0.346154,-0.234054349,0.0547814383,-0.234054349,0.0547814383,31,0,0,1
1785760296335822857,2024-05-01,2024,5,19,2024-Q2,8.06934237,0,0.384615,-0.195593349,0.0382567582,-0.0,0.0,41,0,0,1
1785674044190175475,2024-05-01,2024,5,14,2024-Q2,10.10168246,1,0.346154,-0.234054349,0.0547814383,-0.234054349,0.0547814383,86,0,0,1
1785401765271101734,2024-04-30,2024,4,20,2024-Q2,7.53369371,1,0.346154,-0.234054349,0.0547814383,-0.234054349,0.0547814383,106,0,0,1
1783201437113082357,2024-04-24,2024,4,18,2024-Q2,6.81673588,1,0.346154,-0.234054349,0.0547814383,-0.234054349,0.0547814383,76,0,1,1
1783192374044184957,2024-04-24,2024,4,17,2024-Q2,6.02344759,1,0.346154,-0.234054349,0.0547814383,-0.234054349,0.0547814383,201,0,1,1
1783121130837954590,2024-04-24,2024,4,13,2024-Q2,8.77801781,0,0.384615,-0.195593349,0.0382567582,-0.0,0.0,83,0,1,1
1781058134250758398,2024-04-18,2024,4,20,2024-Q2,8.99912539,0,0.384615,-0.195593349,0.0382567582,-0.0,0.0,38,0,0,1
1781022004847522155,2024-04-18,2024,4,18,2024-Q2,6.228511,1,0.346154,-0.234054349,0.0547814383,-0.234054349,0.0547814383,100,0,0,1
1781013620115312711,2024-04-18,2024,4,17,2024-Q2,5.61312811,0,0.384615,-0.195593349,0.0382567582,-0.0,0.0,80,0,0,1
1779914355594727486,2024-04-15,2024,4,16,2024-Q2,7.13966034,0,0.384615,-0.195593349,0.0382567582,-0.0,0.0,74,0,0,1
1778907911395107025,2024-04-12,2024,4,22,2024-Q2,5.34233425,0,0.384615,-0.195593349,0.0382567582,-0.0,0.0,10,0,0,1
1778907905896435764,2024-04-12,2024,4,22,2024-Q2,6.82110747,0,0.384615,-0.195593349,0.0382567582,-0.0,0.0,77,0,0,1
1775209957358522399,2024-04-02,2024,4,17,2024-Q2,6.60394382,1,0.346154,-0.234054349,0.0547814383,-0.234054349,0.0547814383,64,0,1,1
1770483284897616104,2024-03-20,2024,3,16,2024-Q1,6.5971457,1,0.352941,-0.227267349,0.0516504479,-0.227267349,0.0516504479,106,0,0,1
1769903716776157419,2024-03-19,2024,3,1,2024-Q1,7.28138566,1,0.352941,-0.227267349,0.0516504479,-0.227267349,0.0516504479,77,0,1,1
1769882785836371981,2024-03-19,2024,3,0,2024-Q1,6.44413126,0,0.411765,-0.168443349,0.0283731618,-0.0,0.0,108,0,5,1
1769784989338464723,2024-03-18,2024,3,17,2024-Q1,6.96602419,1,0.352941,-0.227267349,0.0516504479,-0.227267349,0.0516504479,58,0,0,1
1767684773659418706,2024-03-12,2024,3,22,2024-Q1,7.08924316,0,0.411765,-0.168443349,0.0283731618,-0.0,0.0,41,0,0,1
1767666525698207989,2024-03-12,2024,3,21,2024-Q1,7.46622756,1,0.352941,-0.227267349,0.0516504479,-0.227267349,0.0516504479,44,0,0,1
1757905771189190791,2024-02-14,2024,2,23,2024-Q1,7.37525578,1,0.352941,-0.227267349,0.0516504479,-0.227267349,0.0516504479,119,0,0,1
1757549861858119986,2024-02-13,2024,2,23,2024-Q1,5.85507192,0,0.411765,-0.168443349,0.0283731618,-0.0,0.0,228,0,1,1
1757109191762747848,2024-02-12,2024,2,18,2024-Q1,6.08221891,1,0.352941,-0.227267349,0.0516504479,-0.227267349,0.0516504479,111,0,1,1
1755700112045580732,2024-02-08,2024,2,21,2024-Q1,5.91889385,0,0.411765,-0.168443349,0.0283731618,-0.0,0.0,115,0,1,1
1755671017173774387,2024-02-08,2024,2,19,2024-Q1,7.17088848,0,0.411765,-0.168443349,0.0283731618,-0.0,0.0,109,0,0,1
1752389070351675762,2024-01-30,2024,1,17,2024-Q1,9.34145635,0,0.411765,-0.168443349,0.0283731618,-0.0,0.0,54,0,0,1
1750997136404029658,2024-01-26,2024,1,21,2024-Q1,8.61613314,0,0.411765,-0.168443349,0.0283731618,-0.0,0.0,23,0,0,1
1750522723510493356,2024-01-25,2024,1,14,2024-Q1,10.83883554,0,0.411765,-0.168443349,0.0283731618,-0.0,0.0,64,0,0,1
1748061377682387211,2024-01-18,2024,1,19,2024-Q1,7.20934026,0,0.411765,-0.168443349,0.0283731618,-0.0,0.0,42,0,0,1
1747413044945117351,2024-01-17,2024,1,0,2024-Q1,5.41164605,0,0.411765,-0.168443349,0.0283731618,-0.0,0.0,119,0,1,1
1747408308141494598,2024-01-16,2024,1,23,2024-Q1,7.65349491,0,0.411765,-0.168443349,0.0283731618,-0.0,0.0,99,0,0,1
1744381160086524197,2024-01-08,2024,1,15,2024-Q1,7.68662133,1,0.352941,-0.227267349,0.0516504479,-0.227267349,0.0516504479,70,0,0,1
1705356808959787436,2023-09-22,2023,9,23,2023-Q3,6.80793494,0,0.272727,-0.307481349,0.09454478,-0.0,0.0,54,0,0,1
1704183136916017577,2023-09-19,2023,9,17,2023-Q3,7.57455848,1,0.181818,-0.398390349,0.1587148701,-0.398390349,0.1587148701,101,0,0,1
1703862493611802817,2023-09-18,2023,9,20,2023-Q3,7.76004068,0,0.272727,-0.307481349,0.09454478,-0.0,0.0,144,0,0,1
1699798695691395159,2023-09-07,2023,9,14,2023-Q3,6.22059017,0,0.272727,-0.307481349,0.09454478,-0.0,0.0,23,0,0,1
1699796550636200229,2023-09-07,2023,9,14,2023-Q3,7.27724773,0,0.272727,-0.307481349,0.09454478,-0.0,0.0,23,0,0,1
1699409208628650328,2023-09-06,2023,9,13,2023-Q3,7.06902343,0,0.272727,-0.307481349,0.09454478,-0.0,0.0,93,0,0,1
1692596616299999573,2023-08-18,2023,8,17,2023-Q3,8.40402449,0,0.272727,-0.307481349,0.09454478,-0.0,0.0,23,0,0,1
1692415477480411288,2023-08-18,2023,8,5,2023-Q3,3.40119738,1,0.181818,-0.398390349,0.1587148701,-0.398390349,0.1587148701,67,0,1,1
1684338270325424129,2023-07-26,2023,7,23,2023-Q3,7.72709448,0,0.272727,-0.307481349,0.09454478,-0.0,0.0,73,0,0,1
1683273880004173824,2023-07-24,2023,7,0,2023-Q3,8.51057132,1,0.181818,-0.398390349,0.1587148701,-0.398390349,0.1587148701,33,0,0,1
1681758534982148097,2023-07-19,2023,7,20,2023-Q3,7.46049031,0,0.272727,-0.307481349,0.09454478,-0.0,0.0,60,0,0,1
1677057469187518465,2023-07-06,2023,7,20,2023-Q3,8.90571558,0,0.272727,-0.307481349,0.09454478,-0.0,0.0,30,0,0,1
1674801534251552769,2023-06-30,2023,6,15,2023-Q2,7.67925143,0,0.354839,-0.225369349,0.0507913434,-0.0,0.0,45,1,0,1
1673337925763776513,2023-06-26,2023,6,14,2023-Q2,7.02286809,0,0.354839,-0.225369349,0.0507913434,-0.0,0.0,36,0,0,1
1673334051069997057,2023-06-26,2023,6,14,2023-Q2,5.97126184,0,0.354839,-0.225369349,0.0507913434,-0.0,0.0,17,0,1,1
1671254412919205888,2023-06-20,2023,6,20,2023-Q2,7.72841578,0,0.354839,-0.225369349,0.0507913434,-0.0,0.0,23,0,0,1
1669414854078218240,2023-06-15,2023,6,18,2023-Q2,8.00803285,0,0.354839,-0.225369349,0.0507913434,-0.0,0.0,23,0,0,1
1668661154325966852,2023-06-13,2023,6,16,2023-Q2,8.95751051,0,0.354839,-0.225369349,0.0507913434,-0.0,0.0,23,0,0,1
1667183491551821832,2023-06-09,2023,6,14,2023-Q2,4.46590812,1,0.322581,-0.257627349,0.0663718509,-0.257627349,0.0663718509,78,0,1,1
1664302314826416129,2023-06-01,2023,6,16,2023-Q2,6.82979374,1,0.322581,-0.257627349,0.0663718509,-0.257627349,0.0663718509,74,0,0,1
1663376242433720321,2023-05-30,2023,5,2,2023-Q2,7.57095858,0,0.354839,-0.225369349,0.0507913434,-0.0,0.0,109,1,3,1
1662099102618857473,2023-05-26,2023,5,14,2023-Q2,7.3065314,0,0.354839,-0.225369349,0.0507913434,-0.0,0.0,23,0,0,1
1662098257575649282,2023-05-26,2023,5,14,2023-Q2,7.12205988,0,0.354839,-0.225369349,0.0507913434,-0.0,0.0,197,0,0,1
1661089747027017748,2023-05-23,2023,5,19,2023-Q2,5.88610403,1,0.322581,-0.257627349,0.0663718509,-0.257627349,0.0663718509,156,0,0,1
1661013813658009603,2023-05-23,2023,5,14,2023-Q2,7.36137543,1,0.322581,-0.257627349,0.0663718509,-0.257627349,0.0663718509,144,0,0,1
1659651535268093953,2023-05-19,2023,5,20,2023-Q2,7.1831117,0,0.354839,-0.225369349,0.0507913434,-0.0,0.0,180,0,1,1
1658178790713876486,2023-05-15,2023,5,18,2023-Q2,6.79009724,1,0.322581,-0.257627349,0.0663718509,-0.257627349,0.0663718509,119,0,0,1
1656345646134353921,2023-05-10,2023,5,17,2023-Q2,7.34601021,1,0.322581,-0.257627349,0.0663718509,-0.257627349,0.0663718509,66,0,1,1
1655950878724202499,2023-05-09,2023,5,15,2023-Q2,6.40687999,0,0.354839,-0.225369349,0.0507913434,-0.0,0.0,261,0,0,1
1654524291231129600,2023-05-05,2023,5,16,2023-Q2,7.99226864,0,0.354839,-0.225369349,0.0507913434,-0.0,0.0,23,0,0,1
1654284843490988033,2023-05-05,2023,5,0,2023-Q2,3.17805383,0,0.354839,-0.225369349,0.0507913434,-0.0,0.0,140,0,2,1
1654276971214299136,2023-05-05,2023,5,0,2023-Q2,5.33271879,0,0.354839,-0.225369349,0.0507913434,-0.0,0.0,271,0,4,1
1653824235846901769,2023-05-03,2023,5,18,2023-Q2,6.62804138,0,0.354839,-0.225369349,0.0507913434,-0.0,0.0,42,0,0,1
1651965168270671872,2023-04-28,2023,4,15,2023-Q2,8.43141741,0,0.354839,-0.225369349,0.0507913434,-0.0,0.0,23,0,0,1
1650890952855150592,2023-04-25,2023,4,15,2023-Q2,6.75693239,0,0.354839,-0.225369349,0.0507913434,-0.0,0.0,25,0,0,1
1650820225728741378,2023-04-25,2023,4,11,2023-Q2,3.09104245,1,0.322581,-0.257627349,0.0663718509,-0.257627349,0.0663718509,44,0,1,1
1648417729508958215,2023-04-18,2023,4,20,2023-Q2,8.3854887,1,0.322581,-0.257627349,0.0663718509,-0.257627349,0.0663718509,17,0,0,1
1648372138863214613,2023-04-18,2023,4,17,2023-Q2,7.26122509,1,0.322581,-0.257627349,0.0663718509,-0.257627349,0.0663718509,36,0,0,1
1648334094319882240,2023-04-18,2023,4,14,2023-Q2,5.36597602,1,0.322581,-0.257627349,0.0663718509,-0.257627349,0.0663718509,274,0,0,1
1646139417172783117,2023-04-12,2023,4,13,2023-Q2,6.5539334,0,0.354839,-0.225369349,0.0507913434,-0.0,0.0,20,0,0,1
1646136173037772800,2023-04-12,2023,4,13,2023-Q2,7.97177612,0,0.354839,-0.225369349,0.0507913434,-0.0,0.0,72,1,0,1
1646128960802111489,2023-04-12,2023,4,12,2023-Q2,5.56068163,0,0.354839,-0.225369349,0.0507913434,-0.0,0.0,52,0,1,1
1644140500218179585,2023-04-07,2023,4,0,2023-Q2,7.82164313,1,0.322581,-0.257627349,0.0663718509,-0.257627349,0.0663718509,60,0,0,1
1644025053384679530,2023-04-06,2023,4,17,2023-Q2,6.23441073,0,0.354839,-0.225369349,0.0507913434,-0.0,0.0,74,0,0,1
1641560467918270465,2023-03-30,2023,3,21,2023-Q1,8.81373589,1,0.444444,-0.135764349,0.0184319584,-0.135764349,0.0184319584,235,0,0,1
1641209202222723073,2023-03-29,2023,3,22,2023-Q1,8.48094406,0,0.5,-0.080208349,0.0064333792,-0.0,0.0,181,0,0,1
1633912561732145156,2023-03-09,2023,3,19,2023-Q1,9.56437182,0,0.5,-0.080208349,0.0064333792,-0.0,0.0,36,0,0,1
1626647347584286720,2023-02-17,2023,2,18,2023-Q1,8.63763934,1,0.444444,-0.135764349,0.0184319584,-0.135764349,0.0184319584,60,0,0,1
1625171742267256839,2023-02-13,2023,2,16,2023-Q1,7.79110951,1,0.444444,-0.135764349,0.0184319584,-0.135764349,0.0184319584,43,2,0,1
1625171069064839168,2023-02-13,2023,2,16,2023-Q1,8.51998928,0,0.5,-0.080208349,0.0064333792,-0.0,0.0,32,0,1,1
1625165317189009409,2023-02-13,2023,2,16,2023-Q1,8.85280792,1,0.444444,-0.135764349,0.0184319584,-0.135764349,0.0184319584,17,0,0,1
1623778043176124416,2023-02-09,2023,2,20,2023-Q1,7.86211221,1,0.444444,-0.135764349,0.0184319584,-0.135764349,0.0184319584,11,0,0,1
1623714551152648193,2023-02-09,2023,2,16,2023-Q1,7.73280753,1,0.444444,-0.135764349,0.0184319584,-0.135764349,0.0184319584,121,1,0,1
1623545691305046016,2023-02-09,2023,2,4,2023-Q1,8.83141982,1,0.444444,-0.135764349,0.0184319584,-0.135764349,0.0184319584,98,0,1,1
1620815679707582465,2023-02-01,2023,2,16,2023-Q1,10.844666,0,0.5,-0.080208349,0.0064333792,-0.0,0.0,23,0,0,1
1620468613915504645,2023-01-31,2023,1,17,2023-Q1,9.05847042,1,0.444444,-0.135764349,0.0184319584,-0.135764349,0.0184319584,118,0,0,1
1619013166251544577,2023-01-27,2023,1,16,2023-Q1,8.44290059,0,0.5,-0.080208349,0.0064333792,-0.0,0.0,25,0,0,1
1618685219955171328,2023-01-26,2023,1,19,2023-Q1,9.48235028,0,0.5,-0.080208349,0.0064333792,-0.0,0.0,33,0,0,1
1616553921287278617,2023-01-20,2023,1,21,2023-Q1,8.80267284,0,0.5,-0.080208349,0.0064333792,-0.0,0.0,83,0,0,1
1616469866348683264,2023-01-20,2023,1,16,2023-Q1,2.56494936,0,0.5,-0.080208349,0.0064333792,-0.0,0.0,79,0,2,1
1616440426835369984,2023-01-20,2023,1,14,2023-Q1,6.68835471,0,0.5,-0.080208349,0.0064333792,-0.0,0.0,62,0,1,1
1616147413210628117,2023-01-19,2023,1,18,2023-Q1,8.63355299,1,0.444444,-0.135764349,0.0184319584,-0.135764349,0.0184319584,4,0,0,1
1615817267605901313,2023-01-18,2023,1,21,2023-Q1,9.28933638,0,0.5,-0.080208349,0.0064333792,-0.0,0.0,38,0,0,1
1606445952969150464,2022-12-24,2022,12,0,2022-Q4,7.29165621,0,0.612903,0.032694651,0.0010689402,0.0,0.0,21,0,0,1
1605335737368342528,2022-12-20,2022,12,22,2022-Q4,9.14676139,1,0.580645,0.000436651,1.907e-07,0.000436651,1.907e-07,213,1,1,1
1605240519017525248,2022-12-20,2022,12,16,2022-Q4,8.58110652,1,0.580645,0.000436651,1.907e-07,0.000436651,1.907e-07,14,1,0,1
1604921931530207236,2022-12-19,2022,12,19,2022-Q4,5.62040087,0,0.612903,0.032694651,0.0010689402,0.0,0.0,41,0,1,1
1604919683584401410,2022-12-19,2022,12,19,2022-Q4,8.51278348,1,0.580645,0.000436651,1.907e-07,0.000436651,1.907e-07,25,0,0,1
1604918638804598784,2022-12-19,2022,12,19,2022-Q4,8.4631593,0,0.612903,0.032694651,0.0010689402,0.0,0.0,126,0,8,1
1604865566057144320,2022-12-19,2022,12,15,2022-Q4,8.61250337,1,0.580645,0.000436651,1.907e-07,0.000436651,1.907e-07,93,0,0,1
1602425619618332673,2022-12-12,2022,12,22,2022-Q4,6.88346259,0,0.612903,0.032694651,0.0010689402,0.0,0.0,95,0,1,1
1599873034529042432,2022-12-05,2022,12,21,2022-Q4,9.56057462,0,0.612903,0.032694651,0.0010689402,0.0,0.0,23,0,0,1
1598740786518134805,2022-12-02,2022,12,18,2022-Q4,7.678789,1,0.580645,0.000436651,1.907e-07,0.000436651,1.907e-07,42,0,0,1
1598721162506215424,2022-12-02,2022,12,16,2022-Q4,7.8883345,0,0.612903,0.032694651,0.0010689402,0.0,0.0,23,0,0,1
1598469601288982528,2022-12-02,2022,12,0,2022-Q4,4.00733319,0,0.612903,0.032694651,0.0010689402,0.0,0.0,88,0,0,1
1596245866121416704,2022-11-25,2022,11,20,2022-Q4,7.76811038,1,0.580645,0.000436651,1.907e-07,0.000436651,1.907e-07,106,0,0,1
1596229186192302080,2022-11-25,2022,11,19,2022-Q4,7.55118687,1,0.580645,0.000436651,1.907e-07,0.000436651,1.907e-07,36,0,1,1
1596217383001108480,2022-11-25,2022,11,19,2022-Q4,8.3492478,1,0.580645,0.000436651,1.907e-07,0.000436651,1.907e-07,36,0,0,1
1595102167110922241,2022-11-22,2022,11,17,2022-Q4,7.29776828,1,0.580645,0.000436651,1.907e-07,0.000436651,1.907e-07,190,2,1,1
1592632537486340097,2022-11-15,2022,11,21,2022-Q4,8.62173337,0,0.612903,0.032694651,0.0010689402,0.0,0.0,54,0,0,1
1586797319466295296,2022-10-30,2022,10,19,2022-Q4,10.40110635,0,0.612903,0.032694651,0.0010689402,0.0,0.0,36,0,0,1
1586734670754058243,2022-10-30,2022,10,15,2022-Q4,8.56579286,0,0.612903,0.032694651,0.0010689402,0.0,0.0,148,0,1,1
1586372289758576640,2022-10-29,2022,10,15,2022-Q4,8.45190772,0,0.612903,0.032694651,0.0010689402,0.0,0.0,156,0,1,1
1586062805207244803,2022-10-28,2022,10,18,2022-Q4,8.14757774,1,0.580645,0.000436651,1.907e-07,0.000436651,1.907e-07,194,0,0,1
1585376361237340160,2022-10-26,2022,10,21,2022-Q4,6.29341928,1,0.580645,0.000436651,1.907e-07,0.000436651,1.907e-07,100,0,0,1
1582484431620567040,2022-10-18,2022,10,21,2022-Q4,6.47543272,1,0.580645,0.000436651,1.907e-07,0.000436651,1.907e-07,94,0,0,1
1581745509441556482,2022-10-16,2022,10,20,2022-Q4,5.87773578,0,0.612903,0.032694651,0.0010689402,0.0,0.0,23,0,0,1
1581683892016205825,2022-10-16,2022,10,16,2022-Q4,6.9902565,1,0.580645,0.000436651,1.907e-07,0.000436651,1.907e-07,173,2,2,1
1581414595939700736,2022-10-15,2022,10,22,2022-Q4,7.02997291,1,0.580645,0.000436651,1.907e-07,0.000436651,1.907e-07,12,0,0,1
1581410264339009536,2022-10-15,2022,10,22,2022-Q4,7.43070708,1,0.580645,0.000436651,1.907e-07,0.000436651,1.907e-07,148,3,1,1
1580645245423071233,2022-10-13,2022,10,19,2022-Q4,5.05624581,0,0.612903,0.032694651,0.0010689402,0.0,0.0,13,0,1,1
1580580422408622081,2022-10-13,2022,10,15,2022-Q4,5.49716823,1,0.580645,0.000436651,1.907e-07,0.000436651,1.907e-07,194,1,1,1
1578434005996695553,2022-10-07,2022,10,17,2022-Q4,8.54305585,1,0.580645,0.000436651,1.907e-07,0.000436651,1.907e-07,85,1,1,1
1577345554614566913,2022-10-04,2022,10,17,2022-Q4,8.83913175,1,0.580645,0.000436651,1.907e-07,0.000436651,1.907e-07,65,0,0,1
1577337977071706113,2022-10-04,2022,10,16,2022-Q4,10.18591836,1,0.580645,0.000436651,1.907e-07,0.000436651,1.907e-07,221,0,0,1
1574773606520848384,2022-09-27,2022,9,14,2022-Q3,6.84587988,0,0.631579,0.051370651,0.0026389438,0.0,0.0,40,0,0,1
1574473925165449216,2022-09-26,2022,9,19,2022-Q3,7.59438124,1,0.605263,0.025054651,0.0006277355,0.025054651,0.0006277355,95,0,0,1
1573323893967822851,2022-09-23,2022,9,14,2022-Q3,6.93244789,1,0.605263,0.025054651,0.0006277355,0.025054651,0.0006277355,44,0,0,1
1572656302614085632,2022-09-21,2022,9,18,2022-Q3,8.58559922,1,0.605263,0.025054651,0.0006277355,0.025054651,0.0006277355,84,0,0,1
1570426440428187650,2022-09-15,2022,9,14,2022-Q3,7.14677218,1,0.605263,0.025054651,0.0006277355,0.025054651,0.0006277355,58,0,0,1
1570174502453084160,2022-09-14,2022,9,22,2022-Q3,8.86615849,0,0.631579,0.051370651,0.0026389438,0.0,0.0,23,0,0,1
1569796617984741378,2022-09-13,2022,9,21,2022-Q3,7.38956395,0,0.631579,0.051370651,0.0026389438,0.0,0.0,170,0,0,1
1567614811046920193,2022-09-07,2022,9,20,2022-Q3,7.16394668,1,0.605263,0.025054651,0.0006277355,0.025054651,0.0006277355,146,0,1,1
1565438020790243329,2022-09-01,2022,9,20,2022-Q3,10.36904381,1,0.605263,0.025054651,0.0006277355,0.025054651,0.0006277355,7,0,0,1
1562870837283135495,2022-08-25,2022,8,18,2022-Q3,7.22838845,0,0.631579,0.051370651,0.0026389438,0.0,0.0,53,0,0,1
1562500966313627649,2022-08-24,2022,8,18,2022-Q3,7.70975686,1,0.605263,0.025054651,0.0006277355,0.025054651,0.0006277355,149,0,0,1
1560446512961830912,2022-08-19,2022,8,2,2022-Q3,10.02286931,0,0.631579,0.051370651,0.0026389438,0.0,0.0,43,0,0,1
1560334081308647425,2022-08-18,2022,8,18,2022-Q3,7.57967882,0,0.631579,0.051370651,0.0026389438,0.0,0.0,81,0,0,1
1559912735525183488,2022-08-17,2022,8,14,2022-Q3,8.5362112,1,0.605263,0.025054651,0.0006277355,0.025054651,0.0006277355,49,0,0,1
1559639856925626369,2022-08-16,2022,8,20,2022-Q3,7.24565507,1,0.605263,0.025054651,0.0006277355,0.025054651,0.0006277355,156,0,0,1
1559627059491704832,2022-08-16,2022,8,19,2022-Q3,9.15630648,1,0.605263,0.025054651,0.0006277355,0.025054651,0.0006277355,88,0,0,1
1555554802075156480,2022-08-05,2022,8,14,2022-Q3,7.01481435,0,0.631579,0.051370651,0.0026389438,0.0,0.0,146,1,1,1
1555198547494051842,2022-08-04,2022,8,14,2022-Q3,5.99893656,1,0.605263,0.025054651,0.0006277355,0.025054651,0.0006277355,94,0,1,1
1555192002639175681,2022-08-04,2022,8,14,2022-Q3,5.32300998,1,0.605263,0.025054651,0.0006277355,0.025054651,0.0006277355,112,1,1,1
1555191997006286852,2022-08-04,2022,8,14,2022-Q3,5.73979291,1,0.605263,0.025054651,0.0006277355,0.025054651,0.0006277355,92,1,1,1
1555191981285974016,2022-08-04,2022,8,14,2022-Q3,4.41884061,1,0.605263,0.025054651,0.0006277355,0.025054651,0.0006277355,88,1,1,1
1555191976110301185,2022-08-04,2022,8,14,2022-Q3,3.8918203,1,0.605263,0.025054651,0.0006277355,0.025054651,0.0006277355,93,1,1,1
1555191970682867712,2022-08-04,2022,8,14,2022-Q3,5.45532112,0,0.631579,0.051370651,0.0026389438,0.0,0.0,99,1,2,1
1555191966182301697,2022-08-04,2022,8,14,2022-Q3,4.33073334,0,0.631579,0.051370651,0.0026389438,0.0,0.0,100,1,1,1
1555191949707169794,2022-08-04,2022,8,14,2022-Q3,6.55961524,1,0.605263,0.025054651,0.0006277355,0.025054651,0.0006277355,186,1,0,1
1554830029871230979,2022-08-03,2022,8,14,2022-Q3,6.58755001,1,0.605263,0.025054651,0.0006277355,0.025054651,0.0006277355,164,1,0,1
1552389305695453184,2022-07-27,2022,7,20,2022-Q3,8.27690348,1,0.605263,0.025054651,0.0006277355,0.025054651,0.0006277355,91,0,0,1
1551575748741324801,2022-07-25,2022,7,14,2022-Q3,6.94697599,1,0.605263,0.025054651,0.0006277355,0.025054651,0.0006277355,63,0,0,1
1550536004293074949,2022-07-22,2022,7,17,2022-Q3,4.39444915,1,0.605263,0.025054651,0.0006277355,0.025054651,0.0006277355,68,0,1,1
1550527908137025536,2022-07-22,2022,7,17,2022-Q3,7.21670949,1,0.605263,0.025054651,0.0006277355,0.025054651,0.0006277355,50,0,0,1
1550150187624046592,2022-07-21,2022,7,16,2022-Q3,6.49828215,0,0.631579,0.051370651,0.0026389438,0.0,0.0,170,0,0,1
1549785096974209024,2022-07-20,2022,7,15,2022-Q3,7.51425465,0,0.631579,0.051370651,0.0026389438,0.0,0.0,23,0,0,1
1549774834535645196,2022-07-20,2022,7,15,2022-Q3,8.64646553,0,0.631579,0.051370651,0.0026389438,0.0,0.0,23,0,0,1
1549092266341449728,2022-07-18,2022,7,18,2022-Q3,6.29156914,0,0.631579,0.051370651,0.0026389438,0.0,0.0,148,0,0,1
1549035671314366464,2022-07-18,2022,7,14,2022-Q3,9.12782795,0,0.631579,0.051370651,0.0026389438,0.0,0.0,89,0,2,1
1548667210620600321,2022-07-17,2022,7,13,2022-Q3,11.54294047,0,0.631579,0.051370651,0.0026389438,0.0,0.0,75,0,1,1
1546922193661181953,2022-07-12,2022,7,18,2022-Q3,8.01994169,1,0.605263,0.025054651,0.0006277355,0.025054651,0.0006277355,51,0,0,1
1546869599492243457,2022-07-12,2022,7,14,2022-Q3,7.83478811,1,0.605263,0.025054651,0.0006277355,0.025054651,0.0006277355,93,0,0,1
1545154011778748419,2022-07-07,2022,7,21,2022-Q3,9.12489141,1,0.605263,0.025054651,0.0006277355,0.025054651,0.0006277355,52,0,0,1
1541483384542842883,2022-06-27,2022,6,18,2022-Q2,9.17977807,1,0.73913,0.158921651,0.0252560912,0.158921651,0.0252560912,45,0,0,1
1537805600758824961,2022-06-17,2022,6,14,2022-Q2,6.60934924,0,0.782609,0.202400651,0.0409660235,0.0,0.0,165,0,0,1
1537586561033744384,2022-06-17,2022,6,0,2022-Q2,10.49780838,0,0.782609,0.202400651,0.0409660235,0.0,0.0,23,0,0,1
1537503288240881665,2022-06-16,2022,6,18,2022-Q2,7.77233158,0,0.782609,0.202400651,0.0409660235,0.0,0.0,52,0,0,1
1537078641905090561,2022-06-15,2022,6,14,2022-Q2,6.10031895,1,0.73913,0.158921651,0.0252560912,0.158921651,0.0252560912,140,0,0,1
1536788752739205121,2022-06-14,2022,6,19,2022-Q2,7.11558213,1,0.73913,0.158921651,0.0252560912,0.158921651,0.0252560912,145,0,2,1
1535310096577732608,2022-06-10,2022,6,17,2022-Q2,7.04315992,0,0.782609,0.202400651,0.0409660235,0.0,0.0,32,0,0,1
1534544184438403072,2022-06-08,2022,6,14,2022-Q2,6.26149168,1,0.73913,0.158921651,0.0252560912,0.158921651,0.0252560912,60,0,0,1
1533917869230243847,2022-06-06,2022,6,21,2022-Q2,9.68321488,0,0.782609,0.202400651,0.0409660235,0.0,0.0,28,0,0,1
1522284287239897092,2022-05-05,2022,5,18,2022-Q2,8.71275997,1,0.73913,0.158921651,0.0252560912,0.158921651,0.0252560912,132,0,0,1
1518681018466721792,2022-04-25,2022,4,19,2022-Q2,11.16658267,1,0.73913,0.158921651,0.0252560912,0.158921651,0.0252560912,38,0,1,1
1517169828590764036,2022-04-21,2022,4,15,2022-Q2,8.93800658,1,0.73913,0.158921651,0.0252560912,0.158921651,0.0252560912,102,0,0,1
1514667895497887748,2022-04-14,2022,4,18,2022-Q2,7.73368357,1,0.73913,0.158921651,0.0252560912,0.158921651,0.0252560912,210,0,0,1
1513983410930335753,2022-04-12,2022,4,20,2022-Q2,9.04227669,1,0.73913,0.158921651,0.0252560912,0.158921651,0.0252560912,48,0,0,1
1511766482291765248,2022-04-06,2022,4,18,2022-Q2,8.06211758,1,0.73913,0.158921651,0.0252560912,0.158921651,0.0252560912,129,0,0,1
1511410018083647489,2022-04-05,2022,4,18,2022-Q2,8.45425339,1,0.73913,0.158921651,0.0252560912,0.158921651,0.0252560912,43,0,0,1
1511409448329351168,2022-04-05,2022,4,18,2022-Q2,5.0937502,0,0.782609,0.202400651,0.0409660235,0.0,0.0,94,0,1,1
1511377350830788610,2022-04-05,2022,4,16,2022-Q2,7.80954132,1,0.73913,0.158921651,0.0252560912,0.158921651,0.0252560912,74,0,0,1
1511054225303814146,2022-04-04,2022,4,18,2022-Q2,8.60282028,1,0.73913,0.158921651,0.0252560912,0.158921651,0.0252560912,50,0,0,1
1511006859171352584,2022-04-04,2022,4,15,2022-Q2,5.24174702,1,0.73913,0.158921651,0.0252560912,0.158921651,0.0252560912,140,0,3,1
1510996113079296010,2022-04-04,2022,4,15,2022-Q2,7.91753635,1,0.73913,0.158921651,0.0252560912,0.158921651,0.0252560912,248,1,4,1
1510659635933548556,2022-04-03,2022,4,16,2022-Q2,4.46590812,1,0.73913,0.158921651,0.0252560912,0.158921651,0.0252560912,140,0,1,1
1510656447528542212,2022-04-03,2022,4,16,2022-Q2,7.12367279,1,0.73913,0.158921651,0.0252560912,0.158921651,0.0252560912,187,1,0,1
1510643384419037186,2022-04-03,2022,4,15,2022-Q2,7.60589,1,0.73913,0.158921651,0.0252560912,0.158921651,0.0252560912,31,0,0,1
1509595960548204557,2022-03-31,2022,3,18,2022-Q1,3.66356165,0,0.682927,0.102718651,0.0105511213,0.0,0.0,140,1,1,1
1509591862335655943,2022-03-31,2022,3,18,2022-Q1,6.32972091,1,0.658537,0.078328651,0.0061353776,0.078328651,0.0061353776,229,1,2,1
1509185783776878598,2022-03-30,2022,3,15,2022-Q1,8.29903718,0,0.682927,0.102718651,0.0105511213,0.0,0.0,40,0,0,1
1508870042414424071,2022-03-29,2022,3,18,2022-Q1,3.61091791,0,0.682927,0.102718651,0.0105511213,0.0,0.0,140,1,2,1
1508851162983723016,2022-03-29,2022,3,16,2022-Q1,6.22257627,0,0.682927,0.102718651,0.0105511213,0.0,0.0,181,1,2,1
1508469601495138308,2022-03-28,2022,3,15,2022-Q1,7.5164333,0,0.682927,0.102718651,0.0105511213,0.0,0.0,23,0,0,1
1507071241999560707,2022-03-24,2022,3,19,2022-Q1,6.25766759,0,0.682927,0.102718651,0.0105511213,0.0,0.0,52,0,0,1
1507061922922999808,2022-03-24,2022,3,18,2022-Q1,4.84418709,0,0.682927,0.102718651,0.0105511213,0.0,0.0,146,1,1,1
1506347581982613504,2022-03-22,2022,3,19,2022-Q1,10.04459641,0,0.682927,0.102718651,0.0105511213,0.0,0.0,36,0,0,1
1505869975839559681,2022-03-21,2022,3,11,2022-Q1,6.93828448,0,0.682927,0.102718651,0.0105511213,0.0,0.0,82,0,1,1
1504931534410637318,2022-03-18,2022,3,21,2022-Q1,7.8800482,1,0.658537,0.078328651,0.0061353776,0.078328651,0.0061353776,118,0,1,1
1504898843703402502,2022-03-18,2022,3,19,2022-Q1,2.99573227,1,0.658537,0.078328651,0.0061353776,0.078328651,0.0061353776,140,1,2,1
1504835309258817538,2022-03-18,2022,3,15,2022-Q1,5.97888576,1,0.658537,0.078328651,0.0061353776,0.078328651,0.0061353776,165,1,2,1
1503793289081851912,2022-03-15,2022,3,18,2022-Q1,6.75110147,1,0.658537,0.078328651,0.0061353776,0.078328651,0.0061353776,94,0,0,1
1503780715489423360,2022-03-15,2022,3,17,2022-Q1,7.3556411,1,0.658537,0.078328651,0.0061353776,0.078328651,0.0061353776,133,1,1,1
1503438625672937479,2022-03-14,2022,3,18,2022-Q1,5.170484,1,0.658537,0.078328651,0.0061353776,0.078328651,0.0061353776,140,0,1,1
1500883144530092034,2022-03-07,2022,3,17,2022-Q1,7.80588204,1,0.658537,0.078328651,0.0061353776,0.078328651,0.0061353776,100,0,0,1
1498659324910047233,2022-03-01,2022,3,14,2022-Q1,7.32118856,1,0.658537,0.078328651,0.0061353776,0.078328651,0.0061353776,126,0,0,1
1498426568946892801,2022-02-28,2022,2,22,2022-Q1,8.64329707,1,0.658537,0.078328651,0.0061353776,0.078328651,0.0061353776,222,1,0,1
1494385125680893961,2022-02-17,2022,2,18,2022-Q1,7.6362696,1,0.658537,0.078328651,0.0061353776,0.078328651,0.0061353776,86,0,0,1
1493720865254428676,2022-02-15,2022,2,22,2022-Q1,6.69950034,1,0.658537,0.078328651,0.0061353776,0.078328651,0.0061353776,222,0,3,1
1491535958713458690,2022-02-09,2022,2,22,2022-Q1,9.33662054,1,0.658537,0.078328651,0.0061353776,0.078328651,0.0061353776,56,0,0,1
1491487068584824843,2022-02-09,2022,2,19,2022-Q1,8.84520114,1,0.658537,0.078328651,0.0061353776,0.078328651,0.0061353776,36,0,0,1
1488953810659725314,2022-02-02,2022,2,19,2022-Q1,8.17018565,1,0.658537,0.078328651,0.0061353776,0.078328651,0.0061353776,64,0,0,1
1488512462223667201,2022-02-01,2022,2,14,2022-Q1,7.66293785,1,0.658537,0.078328651,0.0061353776,0.078328651,0.0061353776,114,0,0,1
1486700523201839104,2022-01-27,2022,1,14,2022-Q1,7.54486107,1,0.658537,0.078328651,0.0061353776,0.078328651,0.0061353776,97,0,0,1
1485407829506904069,2022-01-24,2022,1,0,2022-Q1,6.42810527,1,0.658537,0.078328651,0.0061353776,0.078328651,0.0061353776,153,0,0,1
1485399447068573699,2022-01-23,2022,1,23,2022-Q1,4.66343909,0,0.682927,0.102718651,0.0105511213,0.0,0.0,142,1,1,1
1483861582073548809,2022-01-19,2022,1,17,2022-Q1,7.22911388,1,0.658537,0.078328651,0.0061353776,0.078328651,0.0061353776,107,0,0,1
1483829962012569606,2022-01-19,2022,1,15,2022-Q1,7.67368813,1,0.658537,0.078328651,0.0061353776,0.078328651,0.0061353776,78,0,0,1
1481668920700461062,2022-01-13,2022,1,16,2022-Q1,9.83408388,1,0.658537,0.078328651,0.0061353776,0.078328651,0.0061353776,71,1,0,1
1481395692220395527,2022-01-12,2022,1,22,2022-Q1,8.03430694,1,0.658537,0.078328651,0.0061353776,0.078328651,0.0061353776,106,1,0,1
1481395069823471618,2022-01-12,2022,1,22,2022-Q1,3.58351894,0,0.682927,0.102718651,0.0105511213,0.0,0.0,20,0,1,1
1481342770623225856,2022-01-12,2022,1,19,2022-Q1,8.80821967,1,0.658537,0.078328651,0.0061353776,0.078328651,0.0061353776,92,1,0,1
1481342165573906443,2022-01-12,2022,1,19,2022-Q1,5.54907608,0,0.682927,0.102718651,0.0105511213,0.0,0.0,16,0,1,1
1481341396430766085,2022-01-12,2022,1,19,2022-Q1,8.76841873,1,0.658537,0.078328651,0.0061353776,0.078328651,0.0061353776,203,0,0,1
1481306650132848645,2022-01-12,2022,1,16,2022-Q1,8.3584319,1,0.658537,0.078328651,0.0061353776,0.078328651,0.0061353776,105,1,0,1
1481299289582231566,2022-01-12,2022,1,16,2022-Q1,8.31483218,1,0.658537,0.078328651,0.0061353776,0.078328651,0.0061353776,77,1,0,1
1481299190139473924,2022-01-12,2022,1,16,2022-Q1,4.29045944,0,0.682927,0.102718651,0.0105511213,0.0,0.0,40,0,1,1
1481295012646334468,2022-01-12,2022,1,16,2022-Q1,10.66347529,1,0.658537,0.078328651,0.0061353776,0.078328651,0.0061353776,165,1,0,1
1480986154765885443,2022-01-11,2022,1,19,2022-Q1,8.46273701,0,0.682927,0.102718651,0.0105511213,0.0,0.0,146,0,0,1
1480539931294511104,2022-01-10,2022,1,14,2022-Q1,7.75619534,1,0.658537,0.078328651,0.0061353776,0.078328651,0.0061353776,86,0,0,1
1471541646902935552,2021-12-16,2021,12,18,2021-Q4,8.68912766,1,0.875,0.294791651,0.0869021175,0.294791651,0.0869021175,56,0,0,1
1468943521403052038,2021-12-09,2021,12,14,2021-Q4,7.82404601,1,0.875,0.294791651,0.0869021175,0.294791651,0.0869021175,62,0,0,1
1466438148829941770,2021-12-02,2021,12,16,2021-Q4,7.82244473,1,0.875,0.294791651,0.0869021175,0.294791651,0.0869021175,98,0,0,1
1466406802673717250,2021-12-02,2021,12,14,2021-Q4,8.65154924,1,0.875,0.294791651,0.0869021175,0.294791651,0.0869021175,63,0,0,1
1463554140190265344,2021-11-24,2021,11,17,2021-Q4,7.06133437,1,0.875,0.294791651,0.0869021175,0.294791651,0.0869021175,40,0,0,1
1461680665083006976,2021-11-19,2021,11,13,2021-Q4,8.44870019,0,0.916667,0.336458651,0.1132044239,0.0,0.0,83,0,0,1
1461318275560706052,2021-11-18,2021,11,13,2021-Q4,7.38336815,1,0.875,0.294791651,0.0869021175,0.294791651,0.0869021175,58,1,0,1
1460682535650971649,2021-11-16,2021,11,18,2021-Q4,6.84268328,1,0.875,0.294791651,0.0869021175,0.294791651,0.0869021175,57,0,0,1
1460653898184724487,2021-11-16,2021,11,17,2021-Q4,5.42934563,0,0.916667,0.336458651,0.1132044239,0.0,0.0,252,0,2,1
1459189091984150532,2021-11-12,2021,11,15,2021-Q4,10.44170458,1,0.875,0.294791651,0.0869021175,0.294791651,0.0869021175,47,0,0,1
1456269198896680968,2021-11-04,2021,11,14,2021-Q4,7.49942329,1,0.875,0.294791651,0.0869021175,0.294791651,0.0869021175,91,0,0,1
1455253881135538184,2021-11-01,2021,11,19,2021-Q4,6.48768402,1,0.875,0.294791651,0.0869021175,0.294791651,0.0869021175,181,0,0,1
1455209020629950464,2021-11-01,2021,11,16,2021-Q4,9.06079573,0,0.916667,0.336458651,0.1132044239,0.0,0.0,23,0,0,1
1454154005559627781,2021-10-29,2021,10,18,2021-Q4,6.69826805,1,0.875,0.294791651,0.0869021175,0.294791651,0.0869021175,168,0,0,1
1453805031463993346,2021-10-28,2021,10,19,2021-Q4,12.50824547,1,0.875,0.294791651,0.0869021175,0.294791651,0.0869021175,21,0,0,1
1453783325517262852,2021-10-28,2021,10,17,2021-Q4,8.08332861,1,0.875,0.294791651,0.0869021175,0.294791651,0.0869021175,64,0,0,1
1453067485343801349,2021-10-26,2021,10,18,2021-Q4,9.01529825,1,0.875,0.294791651,0.0869021175,0.294791651,0.0869021175,43,0,0,1
1451578964280025096,2021-10-22,2021,10,15,2021-Q4,9.35288106,1,0.875,0.294791651,0.0869021175,0.294791651,0.0869021175,251,0,0,1
1451256272007872517,2021-10-21,2021,10,18,2021-Q4,8.04462628,1,0.875,0.294791651,0.0869021175,0.294791651,0.0869021175,64,0,0,1
1450114742375362565,2021-10-18,2021,10,15,2021-Q4,8.28727676,1,0.875,0.294791651,0.0869021175,0.294791651,0.0869021175,304,2,0,1
1448326668599320576,2021-10-13,2021,10,16,2021-Q4,7.28207366,1,0.875,0.294791651,0.0869021175,0.294791651,0.0869021175,16,0,0,1
1446136625977774083,2021-10-07,2021,10,15,2021-Q4,7.74802852,1,0.875,0.294791651,0.0869021175,0.294791651,0.0869021175,151,1,0,1
1445105618357002243,2021-10-04,2021,10,19,2021-Q4,10.25734353,1,0.875,0.294791651,0.0869021175,0.294791651,0.0869021175,104,0,0,1
1445088131145940995,2021-10-04,2021,10,18,2021-Q4,8.96405613,1,0.875,0.294791651,0.0869021175,0.294791651,0.0869021175,46,0,0,1
1445048052235051010,2021-10-04,2021,10,15,2021-Q4,10.32702176,1,0.875,0.294791651,0.0869021175,0.294791651,0.0869021175,81,0,0,1
1442946786688057344,2021-09-28,2021,9,20,2021-Q3,7.51752085,1,0.833333,0.253124651,0.064072089,0.253124651,0.064072089,106,0,0,1
1442530592109645832,2021-09-27,2021,9,16,2021-Q3,7.46336305,1,0.833333,0.253124651,0.064072089,0.253124651,0.064072089,39,0,0,1
1442528227717693445,2021-09-27,2021,9,16,2021-Q3,3.95124372,1,0.833333,0.253124651,0.064072089,0.253124651,0.064072089,52,0,1,1
1441797252536692744,2021-09-25,2021,9,16,2021-Q3,3.66356165,0,0.857143,0.276934651,0.0766928009,0.0,0.0,140,0,4,1
1441794626281607179,2021-09-25,2021,9,16,2021-Q3,5.64897424,0,0.857143,0.276934651,0.0766928009,0.0,0.0,227,0,5,1
1441107722926104591,2021-09-23,2021,9,18,2021-Q3,8.92305822,1,0.833333,0.253124651,0.064072089,0.253124651,0.064072089,111,0,0,1
1440695066108989455,2021-09-22,2021,9,15,2021-Q3,6.43454652,1,0.833333,0.253124651,0.064072089,0.253124651,0.064072089,172,0,0,1
1440360796404400131,2021-09-21,2021,9,17,2021-Q3,3.04452244,0,0.857143,0.276934651,0.0766928009,0.0,0.0,139,0,3,1
1440315177279184904,2021-09-21,2021,9,14,2021-Q3,6.33505425,0,0.857143,0.276934651,0.0766928009,0.0,0.0,218,0,0,1
1440121644920365059,2021-09-21,2021,9,1,2021-Q3,5.66296048,0,0.857143,0.276934651,0.0766928009,0.0,0.0,228,0,3,1
1440059703296348161,2021-09-20,2021,9,21,2021-Q3,11.05144541,1,0.833333,0.253124651,0.064072089,0.253124651,0.064072089,11,0,0,1
1439257913428615168,2021-09-18,2021,9,16,2021-Q3,6.97260625,1,0.833333,0.253124651,0.064072089,0.253124651,0.064072089,155,0,0,1
1438927615797104640,2021-09-17,2021,9,18,2021-Q3,9.48600047,1,0.833333,0.253124651,0.064072089,0.253124651,0.064072089,71,0,0,1
1438222894014865408,2021-09-15,2021,9,19,2021-Q3,8.5726279,1,0.833333,0.253124651,0.064072089,0.253124651,0.064072089,91,0,0,1
1435333827812106244,2021-09-07,2021,9,20,2021-Q3,6.15273269,1,0.833333,0.253124651,0.064072089,0.253124651,0.064072089,189,0,0,1
1435261233364615177,2021-09-07,2021,9,15,2021-Q3,6.62671775,1,0.833333,0.253124651,0.064072089,0.253124651,0.064072089,264,0,0,1
1434154280542474244,2021-09-04,2021,9,14,2021-Q3,7.22402481,1,0.833333,0.253124651,0.064072089,0.253124651,0.064072089,89,0,0,1
1433133572324532224,2021-09-01,2021,9,18,2021-Q3,8.10288913,1,0.833333,0.253124651,0.064072089,0.253124651,0.064072089,233,1,0,1
1432774256434233345,2021-08-31,2021,8,18,2021-Q3,7.29369772,1,0.833333,0.253124651,0.064072089,0.253124651,0.064072089,53,0,0,1
1431621266583261187,2021-08-28,2021,8,14,2021-Q3,7.43720637,1,0.833333,0.253124651,0.064072089,0.253124651,0.064072089,121,0,0,1
1430213213367513093,2021-08-24,2021,8,16,2021-Q3,7.21450441,1,0.833333,0.253124651,0.064072089,0.253124651,0.064072089,81,1,0,1
1428703371024900102,2021-08-20,2021,8,13,2021-Q3,8.1158197,1,0.833333,0.253124651,0.064072089,0.253124651,0.064072089,84,0,0,1
1427345012677910533,2021-08-16,2021,8,19,2021-Q3,7.64969262,1,0.833333,0.253124651,0.064072089,0.253124651,0.064072089,58,1,0,1
1426529042409213953,2021-08-14,2021,8,13,2021-Q3,6.82979374,1,0.833333,0.253124651,0.064072089,0.253124651,0.064072089,170,0,0,1
1425937918149943298,2021-08-12,2021,8,21,2021-Q3,8.07464908,0,0.857143,0.276934651,0.0766928009,0.0,0.0,23,0,0,1
1425804264178323456,2021-08-12,2021,8,13,2021-Q3,7.53369371,1,0.833333,0.253124651,0.064072089,0.253124651,0.064072089,170,0,0,1
1425549128399040519,2021-08-11,2021,8,20,2021-Q3,6.42324696,1,0.833333,0.253124651,0.064072089,0.253124651,0.064072089,160,0,0,1
1425503905832701956,2021-08-11,2021,8,17,2021-Q3,6.58479139,1,0.833333,0.253124651,0.064072089,0.253124651,0.064072089,240,0,0,1
1425189040211566593,2021-08-10,2021,8,20,2021-Q3,7.44775128,1,0.833333,0.253124651,0.064072089,0.253124651,0.064072089,124,1,0,1
1425134843923517449,2021-08-10,2021,8,16,2021-Q3,5.83188248,1,0.833333,0.253124651,0.064072089,0.253124651,0.064072089,143,0,1,1
1423726854154821635,2021-08-06,2021,8,19,2021-Q3,8.76826315,1,0.833333,0.253124651,0.064072089,0.253124651,0.064072089,193,0,0,1
1419719465453953024,2021-07-26,2021,7,18,2021-Q3,7.62851763,1,0.833333,0.253124651,0.064072089,0.253124651,0.064072089,66,0,0,1
1419376178671009792,2021-07-25,2021,7,19,2021-Q3,7.31654818,1,0.833333,0.253124651,0.064072089,0.253124651,0.064072089,109,0,1,1
1418692734001496069,2021-07-23,2021,7,22,2021-Q3,6.4035742,1,0.833333,0.253124651,0.064072089,0.253124651,0.064072089,191,0,1,1
1417914905617965066,2021-07-21,2021,7,18,2021-Q3,7.57250299,1,0.833333,0.253124651,0.064072089,0.253124651,0.064072089,45,0,0,1
1417199040542949378,2021-07-19,2021,7,19,2021-Q3,7.62364195,1,0.833333,0.253124651,0.064072089,0.253124651,0.064072089,117,0,0,1
1417137962215743489,2021-07-19,2021,7,15,2021-Q3,8.46800295,1,0.833333,0.253124651,0.064072089,0.253124651,0.064072089,46,0,0,1
1416239232964648960,2021-07-17,2021,7,3,2021-Q3,7.4175804,1,0.833333,0.253124651,0.064072089,0.253124651,0.064072089,100,0,0,1
1416064251811270660,2021-07-16,2021,7,15,2021-Q3,7.08590146,1,0.833333,0.253124651,0.064072089,0.253124651,0.064072089,13,0,0,1
1415476190920548354,2021-07-15,2021,7,0,2021-Q3,5.71042702,0,0.857143,0.276934651,0.0766928009,0.0,0.0,183,0,2,1
1415355158700171268,2021-07-14,2021,7,16,2021-Q3,5.8230459,1,0.833333,0.253124651,0.064072089,0.253124651,0.064072089,153,0,1,1
1414663884720508928,2021-07-12,2021,7,19,2021-Q3,7.65112018,1,0.833333,0.253124651,0.064072089,0.253124651,0.064072089,84,0,0,1
1412403458687209477,2021-07-06,2021,7,13,2021-Q3,8.05515773,1,0.833333,0.253124651,0.064072089,0.253124651,0.064072089,86,0,0,1
1409943806519173122,2021-06-29,2021,6,18,2021-Q2,7.86940171,0,0.510638,-0.069570349,0.0048400335,-0.0,0.0,110,0,0,1
1407742489528836099,2021-06-23,2021,6,16,2021-Q2,9.56542405,1,0.489362,-0.090846349,0.0082530591,-0.090846349,0.0082530591,117,0,0,1
1407418304151670787,2021-06-22,2021,6,19,2021-Q2,9.19917831,0,0.510638,-0.069570349,0.0048400335,-0.0,0.0,115,0,0,1
1407352689567096832,2021-06-22,2021,6,15,2021-Q2,7.12044437,0,0.510638,-0.069570349,0.0048400335,-0.0,0.0,79,1,1,1
1406823243584053249,2021-06-21,2021,6,3,2021-Q2,8.91958692,1,0.489362,-0.090846349,0.0082530591,-0.090846349,0.0082530591,59,0,0,1
1406822936426606595,2021-06-21,2021,6,3,2021-Q2,9.88629053,0,0.510638,-0.069570349,0.0048400335,-0.0,0.0,73,1,1,1
1406685219315404801,2021-06-20,2021,6,18,2021-Q2,10.3346529,1,0.489362,-0.090846349,0.0082530591,-0.090846349,0.0082530591,59,0,0,1
1406061661425999878,2021-06-19,2021,6,1,2021-Q2,9.71589211,1,0.489362,-0.090846349,0.0082530591,-0.090846349,0.0082530591,100,0,0,1
1406047214963728385,2021-06-19,2021,6,0,2021-Q2,9.67928094,1,0.489362,-0.090846349,0.0082530591,-0.090846349,0.0082530591,190,0,0,1
1406033771154096132,2021-06-18,2021,6,23,2021-Q2,10.58582653,1,0.489362,-0.090846349,0.0082530591,-0.090846349,0.0082530591,42,0,0,1
1406015436915945475,2021-06-18,2021,6,22,2021-Q2,11.65294824,0,0.510638,-0.069570349,0.0048400335,-0.0,0.0,47,0,0,1
1405545529300369411,2021-06-17,2021,6,15,2021-Q2,7.39633529,1,0.489362,-0.090846349,0.0082530591,-0.090846349,0.0082530591,4,0,0,1
1405225063415177224,2021-06-16,2021,6,18,2021-Q2,7.36707706,1,0.489362,-0.090846349,0.0082530591,-0.090846349,0.0082530591,126,0,0,1
1404998233588473857,2021-06-16,2021,6,3,2021-Q2,6.30627529,0,0.510638,-0.069570349,0.0048400335,-0.0,0.0,95,2,1,1
1404796001978880013,2021-06-15,2021,6,13,2021-Q2,7.19518732,1,0.489362,-0.090846349,0.0082530591,-0.090846349,0.0082530591,149,0,0,1
1403414138236383237,2021-06-11,2021,6,18,2021-Q2,6.53524127,0,0.510638,-0.069570349,0.0048400335,-0.0,0.0,125,0,0,1
1403047227170435083,2021-06-10,2021,6,17,2021-Q2,6.02827852,0,0.510638,-0.069570349,0.0048400335,-0.0,0.0,165,0,0,1
1403039695857127431,2021-06-10,2021,6,17,2021-Q2,8.77894188,0,0.510638,-0.069570349,0.0048400335,-0.0,0.0,216,1,0,1
1402298901428899840,2021-06-08,2021,6,16,2021-Q2,9.15090879,0,0.510638,-0.069570349,0.0048400335,-0.0,0.0,33,0,0,1
1400982621757247491,2021-06-05,2021,6,1,2021-Q2,8.67145815,0,0.510638,-0.069570349,0.0048400335,-0.0,0.0,40,0,0,1
1400516310044401671,2021-06-03,2021,6,18,2021-Q2,6.32614947,0,0.510638,-0.069570349,0.0048400335,-0.0,0.0,81,0,1,1
1397992184213917701,2021-05-27,2021,5,19,2021-Q2,8.35960327,1,0.489362,-0.090846349,0.0082530591,-0.090846349,0.0082530591,147,0,0,1
1397559601726476292,2021-05-26,2021,5,14,2021-Q2,8.71866357,1,0.489362,-0.090846349,0.0082530591,-0.090846349,0.0082530591,16,0,0,1
1397493144254623748,2021-05-26,2021,5,10,2021-Q2,8.8607829,1,0.489362,-0.090846349,0.0082530591,-0.090846349,0.0082530591,66,1,0,1
1395802538310606852,2021-05-21,2021,5,18,2021-Q2,6.51914729,0,0.510638,-0.069570349,0.0048400335,-0.0,0.0,164,0,0,1
1394331631222149122,2021-05-17,2021,5,16,2021-Q2,10.00025122,1,0.489362,-0.090846349,0.0082530591,-0.090846349,0.0082530591,258,0,0,1
1390694820306427912,2021-05-07,2021,5,15,2021-Q2,6.90675478,0,0.510638,-0.069570349,0.0048400335,-0.0,0.0,38,0,0,1
1390327056567783424,2021-05-06,2021,5,15,2021-Q2,6.7129562,0,0.510638,-0.069570349,0.0048400335,-0.0,0.0,32,0,0,1
1389965096756072451,2021-05-05,2021,5,15,2021-Q2,6.59850903,0,0.510638,-0.069570349,0.0048400335,-0.0,0.0,38,0,0,1
1388192293216309250,2021-04-30,2021,4,18,2021-Q2,6.37842618,1,0.489362,-0.090846349,0.0082530591,-0.090846349,0.0082530591,140,0,0,1
1387028764542980101,2021-04-27,2021,4,13,2021-Q2,8.37101068,0,0.510638,-0.069570349,0.0048400335,-0.0,0.0,69,0,0,1
1385655564835901449,2021-04-23,2021,4,18,2021-Q2,6.19440539,1,0.489362,-0.090846349,0.0082530591,-0.090846349,0.0082530591,218,0,0,1
1383119249741348866,2021-04-16,2021,4,18,2021-Q2,6.99301512,1,0.489362,-0.090846349,0.0082530591,-0.090846349,0.0082530591,192,0,0,1
1382339375309189120,2021-04-14,2021,4,14,2021-Q2,9.8350481,1,0.489362,-0.090846349,0.0082530591,-0.090846349,0.0082530591,59,0,0,1
1382148071656591360,2021-04-14,2021,4,1,2021-Q2,12.23567514,1,0.489362,-0.090846349,0.0082530591,-0.090846349,0.0082530591,61,0,0,1
1380601092308877314,2021-04-09,2021,4,19,2021-Q2,6.99942247,1,0.489362,-0.090846349,0.0082530591,-0.090846349,0.0082530591,139,0,0,1
1380201597863559168,2021-04-08,2021,4,16,2021-Q2,9.42907421,1,0.489362,-0.090846349,0.0082530591,-0.090846349,0.0082530591,69,0,0,1
1379418884504236037,2021-04-06,2021,4,13,2021-Q2,4.98360662,0,0.510638,-0.069570349,0.0048400335,-0.0,0.0,140,0,1,1
1379243596214329349,2021-04-06,2021,4,1,2021-Q2,3.87120101,0,0.510638,-0.069570349,0.0048400335,-0.0,0.0,144,2,4,1
1379241336033976323,2021-04-06,2021,4,1,2021-Q2,5.88610403,0,0.510638,-0.069570349,0.0048400335,-0.0,0.0,210,3,6,1
1378548431896055812,2021-04-04,2021,4,3,2021-Q2,6.228511,1,0.489362,-0.090846349,0.0082530591,-0.090846349,0.0082530591,106,0,0,1
1378475532896120833,2021-04-03,2021,4,22,2021-Q2,3.36729583,0,0.510638,-0.069570349,0.0048400335,-0.0,0.0,144,2,4,1
1378453149044850688,2021-04-03,2021,4,21,2021-Q2,5.5683445,0,0.510638,-0.069570349,0.0048400335,-0.0,0.0,221,3,6,1
1378437515204562948,2021-04-03,2021,4,20,2021-Q2,7.25841215,0,0.510638,-0.069570349,0.0048400335,-0.0,0.0,18,0,1,1
1378437146709782530,2021-04-03,2021,4,20,2021-Q2,4.81218436,1,0.489362,-0.090846349,0.0082530591,-0.090846349,0.0082530591,80,0,1,1
1377655396085727235,2021-04-01,2021,4,16,2021-Q2,7.43720637,1,0.489362,-0.090846349,0.0082530591,-0.090846349,0.0082530591,56,0,0,1
1377644234833063936,2021-04-01,2021,4,15,2021-Q2,6.30991828,1,0.489362,-0.090846349,0.0082530591,-0.090846349,0.0082530591,16,0,0,1
1377636930616229899,2021-04-01,2021,4,15,2021-Q2,6.96508035,0,0.510638,-0.069570349,0.0048400335,-0.0,0.0,135,1,1,1
1377300828248236034,2021-03-31,2021,3,16,2021-Q1,7.09423485,1,0.649351,0.069142651,0.0047807062,0.069142651,0.0047807062,17,0,0,1
1377228720981819397,2021-03-31,2021,3,11,2021-Q1,6.53524127,1,0.649351,0.069142651,0.0047807062,0.069142651,0.0047807062,85,0,0,1
1376979649578872837,2021-03-30,2021,3,19,2021-Q1,8.03624994,1,0.649351,0.069142651,0.0047807062,0.069142651,0.0047807062,142,0,0,1
1376503955879043075,2021-03-29,2021,3,11,2021-Q1,6.03308622,1,0.649351,0.069142651,0.0047807062,0.069142651,0.0047807062,97,0,0,1
1375509321744719874,2021-03-26,2021,3,18,2021-Q1,6.65286303,1,0.649351,0.069142651,0.0047807062,0.069142651,0.0047807062,163,1,0,1
1374785760264609794,2021-03-24,2021,3,18,2021-Q1,7.95014989,0,0.662338,0.082129651,0.0067452796,0.0,0.0,23,0,0,1
1374769284631629825,2021-03-24,2021,3,17,2021-Q1,9.61427097,0,0.662338,0.082129651,0.0067452796,0.0,0.0,222,1,2,1
1374381328326488068,2021-03-23,2021,3,15,2021-Q1,6.66822825,0,0.662338,0.082129651,0.0067452796,0.0,0.0,159,0,0,1
1373614761972207618,2021-03-21,2021,3,12,2021-Q1,6.2441669,0,0.662338,0.082129651,0.0067452796,0.0,0.0,123,0,0,1
1372971843255164934,2021-03-19,2021,3,18,2021-Q1,6.54965074,1,0.649351,0.069142651,0.0047807062,0.069142651,0.0047807062,121,0,0,1
1372888082979061767,2021-03-19,2021,3,12,2021-Q1,7.01660968,0,0.662338,0.082129651,0.0067452796,0.0,0.0,121,0,0,1
1372525850625765382,2021-03-18,2021,3,12,2021-Q1,4.12713439,0,0.662338,0.082129651,0.0067452796,0.0,0.0,115,0,1,1
1372243633731145729,2021-03-17,2021,3,17,2021-Q1,7.37963215,1,0.649351,0.069142651,0.0047807062,0.069142651,0.0047807062,38,0,0,1
1372241709497774085,2021-03-17,2021,3,17,2021-Q1,5.29831737,1,0.649351,0.069142651,0.0047807062,0.069142651,0.0047807062,73,0,1,1
1372210239014047750,2021-03-17,2021,3,15,2021-Q1,7.93092537,1,0.649351,0.069142651,0.0047807062,0.069142651,0.0047807062,166,0,0,1
1371833939149664261,2021-03-16,2021,3,14,2021-Q1,7.79193596,1,0.649351,0.069142651,0.0047807062,0.069142651,0.0047807062,47,0,0,1
1371831384575197186,2021-03-16,2021,3,14,2021-Q1,6.03068526,0,0.662338,0.082129651,0.0067452796,0.0,0.0,140,0,1,1
1371829641674158086,2021-03-16,2021,3,14,2021-Q1,5.74620319,1,0.649351,0.069142651,0.0047807062,0.069142651,0.0047807062,35,0,1,1
1371526729534222338,2021-03-15,2021,3,18,2021-Q1,8.39953515,1,0.649351,0.069142651,0.0047807062,0.069142651,0.0047807062,101,0,0,1
1371490866053939204,2021-03-15,2021,3,15,2021-Q1,6.76272951,1,0.649351,0.069142651,0.0047807062,0.069142651,0.0047807062,109,0,0,1
1371097041837916163,2021-03-14,2021,3,13,2021-Q1,4.82831374,1,0.649351,0.069142651,0.0047807062,0.069142651,0.0047807062,140,0,1,1
1370810525907611652,2021-03-13,2021,3,18,2021-Q1,3.4657359,1,0.649351,0.069142651,0.0047807062,0.069142651,0.0047807062,61,0,1,1
1370809149626417152,2021-03-13,2021,3,18,2021-Q1,7.67415292,1,0.649351,0.069142651,0.0047807062,0.069142651,0.0047807062,86,0,0,1
1370782992117866498,2021-03-13,2021,3,17,2021-Q1,10.39347762,0,0.662338,0.082129651,0.0067452796,0.0,0.0,146,0,2,1
1370466586314866690,2021-03-12,2021,3,20,2021-Q1,6.81673588,1,0.649351,0.069142651,0.0047807062,0.069142651,0.0047807062,125,0,0,1
1370124888049061895,2021-03-11,2021,3,21,2021-Q1,7.92371033,1,0.649351,0.069142651,0.0047807062,0.069142651,0.0047807062,219,0,0,1
1370109813070381066,2021-03-11,2021,3,20,2021-Q1,8.96123778,0,0.662338,0.082129651,0.0067452796,0.0,0.0,181,0,0,1
1369742953468604420,2021-03-10,2021,3,20,2021-Q1,6.46302946,0,0.662338,0.082129651,0.0067452796,0.0,0.0,103,0,0,1
1368978891755380743,2021-03-08,2021,3,17,2021-Q1,9.1898315,1,0.649351,0.069142651,0.0047807062,0.069142651,0.0047807062,10,1,0,1
1368637437984055298,2021-03-07,2021,3,18,2021-Q1,6.53378884,0,0.662338,0.082129651,0.0067452796,0.0,0.0,74,0,0,1
1368637272153853952,2021-03-07,2021,3,18,2021-Q1,6.55250789,0,0.662338,0.082129651,0.0067452796,0.0,0.0,143,0,0,1
1368636998651625473,2021-03-07,2021,3,18,2021-Q1,8.00168998,0,0.662338,0.082129651,0.0067452796,0.0,0.0,89,0,0,1
1367867943225356289,2021-03-05,2021,3,16,2021-Q1,8.90435854,1,0.649351,0.069142651,0.0047807062,0.069142651,0.0047807062,155,0,0,1
1367313189030006787,2021-03-04,2021,3,3,2021-Q1,9.16461052,1,0.649351,0.069142651,0.0047807062,0.069142651,0.0047807062,17,0,0,1
1365415423047577602,2021-02-26,2021,2,21,2021-Q1,11.21674068,1,0.649351,0.069142651,0.0047807062,0.069142651,0.0047807062,26,0,0,1
1365376931051548678,2021-02-26,2021,2,19,2021-Q1,8.66181288,1,0.649351,0.069142651,0.0047807062,0.069142651,0.0047807062,163,0,0,1
1364258730125197314,2021-02-23,2021,2,17,2021-Q1,8.64223868,1,0.649351,0.069142651,0.0047807062,0.069142651,0.0047807062,119,0,0,1
1363171560652083201,2021-02-20,2021,2,17,2021-Q1,6.49375384,0,0.662338,0.082129651,0.0067452796,0.0,0.0,167,0,1,1
1362850965838258179,2021-02-19,2021,2,19,2021-Q1,6.60123012,1,0.649351,0.069142651,0.0047807062,0.069142651,0.0047807062,221,0,0,1
1362440584418398211,2021-02-18,2021,2,16,2021-Q1,6.49526556,0,0.662338,0.082129651,0.0067452796,0.0,0.0,94,1,0,1
1361826031137652737,2021-02-16,2021,2,23,2021-Q1,8.3202046,1,0.649351,0.069142651,0.0047807062,0.069142651,0.0047807062,54,0,0,1
1361822944658403342,2021-02-16,2021,2,23,2021-Q1,6.40687999,0,0.662338,0.082129651,0.0067452796,0.0,0.0,70,0,0,1
1360298310762979329,2021-02-12,2021,2,18,2021-Q1,8.57941653,1,0.649351,0.069142651,0.0047807062,0.069142651,0.0047807062,99,1,0,1
1360011130048049153,2021-02-11,2021,2,23,2021-Q1,7.94413749,1,0.649351,0.069142651,0.0047807062,0.069142651,0.0047807062,236,1,0,1
1360007619256209416,2021-02-11,2021,2,23,2021-Q1,7.85282781,1,0.649351,0.069142651,0.0047807062,0.069142651,0.0047807062,28,0,0,1
1359994334532276225,2021-02-11,2021,2,22,2021-Q1,7.24992554,1,0.649351,0.069142651,0.0047807062,0.069142651,0.0047807062,142,1,2,1
1359988657097240576,2021-02-11,2021,2,22,2021-Q1,9.79873796,0,0.662338,0.082129651,0.0067452796,0.0,0.0,129,1,0,1
1359979789214494721,2021-02-11,2021,2,21,2021-Q1,8.64488255,0,0.662338,0.082129651,0.0067452796,0.0,0.0,31,0,1,1
1359973584878391306,2021-02-11,2021,2,21,2021-Q1,9.31497062,1,0.649351,0.069142651,0.0047807062,0.069142651,0.0047807062,84,1,0,1
1359967792624238592,2021-02-11,2021,2,20,2021-Q1,8.64100248,1,0.649351,0.069142651,0.0047807062,0.069142651,0.0047807062,88,1,0,1
1359944987291627520,2021-02-11,2021,2,19,2021-Q1,4.92725369,1,0.649351,0.069142651,0.0047807062,0.069142651,0.0047807062,51,0,1,1
1359943682221363204,2021-02-11,2021,2,19,2021-Q1,9.11449005,1,0.649351,0.069142651,0.0047807062,0.069142651,0.0047807062,230,1,0,1
1359936703495045122,2021-02-11,2021,2,18,2021-Q1,8.21851758,1,0.649351,0.069142651,0.0047807062,0.069142651,0.0047807062,78,1,0,1
1359932399870738433,2021-02-11,2021,2,18,2021-Q1,10.05220924,1,0.649351,0.069142651,0.0047807062,0.069142651,0.0047807062,46,1,0,1
1359931378826027009,2021-02-11,2021,2,18,2021-Q1,6.53813982,0,0.662338,0.082129651,0.0067452796,0.0,0.0,25,0,1,1
1359923876583645184,2021-02-11,2021,2,17,2021-Q1,8.87206651,1,0.649351,0.069142651,0.0047807062,0.069142651,0.0047807062,75,1,0,1
1359920580439457799,2021-02-11,2021,2,17,2021-Q1,6.16120732,0,0.662338,0.082129651,0.0067452796,0.0,0.0,17,0,1,1
1359919274958196736,2021-02-11,2021,2,17,2021-Q1,9.73796411,1,0.649351,0.069142651,0.0047807062,0.069142651,0.0047807062,75,1,0,1
1359919021202825223,2021-02-11,2021,2,17,2021-Q1,5.99645209,1,0.649351,0.069142651,0.0047807062,0.069142651,0.0047807062,40,0,1,1
1359908897054732290,2021-02-11,2021,2,16,2021-Q1,9.14526838,1,0.649351,0.069142651,0.0047807062,0.069142651,0.0047807062,67,1,0,1
1359905095396323335,2021-02-11,2021,2,16,2021-Q1,10.6251493,1,0.649351,0.069142651,0.0047807062,0.069142651,0.0047807062,86,1,0,1
1359903118033620994,2021-02-11,2021,2,16,2021-Q1,6.72503364,0,0.662338,0.082129651,0.0067452796,0.0,0.0,30,0,1,1
1359902805901910026,2021-02-11,2021,2,16,2021-Q1,9.24619002,1,0.649351,0.069142651,0.0047807062,0.069142651,0.0047807062,82,1,0,1
1359901868797870084,2021-02-11,2021,2,16,2021-Q1,5.80513497,0,0.662338,0.082129651,0.0067452796,0.0,0.0,16,0,1,1
1359901806403477504,2021-02-11,2021,2,16,2021-Q1,6.80572255,1,0.649351,0.069142651,0.0047807062,0.069142651,0.0047807062,40,0,1,1
1359895187464613889,2021-02-11,2021,2,16,2021-Q1,11.04424895,1,0.649351,0.069142651,0.0047807062,0.069142651,0.0047807062,142,1,0,1
1359577880326524935,2021-02-10,2021,2,19,2021-Q1,9.17315758,1,0.649351,0.069142651,0.0047807062,0.069142651,0.0047807062,94,1,0,1
1359215493626949637,2021-02-09,2021,2,19,2021-Q1,9.72937223,1,0.649351,0.069142651,0.0047807062,0.069142651,0.0047807062,122,1,0,1
1358460514238681089,2021-02-07,2021,2,17,2021-Q1,6.14203741,0,0.662338,0.082129651,0.0067452796,0.0,0.0,157,0,0,1
1357769514528743424,2021-02-05,2021,2,19,2021-Q1,6.36647045,0,0.662338,0.082129651,0.0067452796,0.0,0.0,157,0,0,1
1356328102188748802,2021-02-01,2021,2,19,2021-Q1,9.44683441,1,0.649351,0.069142651,0.0047807062,0.069142651,0.0047807062,59,0,0,1
1356321677743976450,2021-02-01,2021,2,19,2021-Q1,5.34710753,1,0.649351,0.069142651,0.0047807062,0.069142651,0.0047807062,112,0,1,1
1355323114280906760,2021-01-30,2021,1,1,2021-Q1,6.16120732,0,0.662338,0.082129651,0.0067452796,0.0,0.0,158,0,0,1
1355322273226493959,2021-01-30,2021,1,1,2021-Q1,5.78689738,1,0.649351,0.069142651,0.0047807062,0.069142651,0.0047807062,113,1,0,1
1355230683392860162,2021-01-29,2021,1,19,2021-Q1,7.05272105,0,0.662338,0.082129651,0.0067452796,0.0,0.0,160,0,0,1
1354800178872659972,2021-01-28,2021,1,14,2021-Q1,7.11476945,1,0.649351,0.069142651,0.0047807062,0.069142651,0.0047807062,138,0,0,1
1352663870469500930,2021-01-22,2021,1,17,2021-Q1,8.51036997,0,0.662338,0.082129651,0.0067452796,0.0,0.0,23,0,0,1
1346894350182182912,2021-01-06,2021,1,19,2021-Q1,8.43359417,1,0.649351,0.069142651,0.0047807062,0.069142651,0.0047807062,176,1,0,1
1342838056269840385,2020-12-26,2020,12,14,2020-Q4,6.63856779,0,0.636364,0.056155651,0.0031534571,0.0,0.0,144,0,0,1
1341065714313117701,2020-12-21,2020,12,16,2020-Q4,6.77650699,0,0.636364,0.056155651,0.0031534571,0.0,0.0,127,1,1,1
1340011507661365248,2020-12-18,2020,12,19,2020-Q4,6.03548143,0,0.636364,0.056155651,0.0031534571,0.0,0.0,142,1,1,1
1340008979494301696,2020-12-18,2020,12,19,2020-Q4,6.95272864,1,0.618182,0.037973651,0.0014419982,0.037973651,0.0014419982,55,0,1,1
1339940203688046593,2020-12-18,2020,12,14,2020-Q4,6.7178047,1,0.618182,0.037973651,0.0014419982,0.037973651,0.0014419982,122,0,0,1
1339620945347178500,2020-12-17,2020,12,17,2020-Q4,8.44569719,1,0.618182,0.037973651,0.0014419982,0.037973651,0.0014419982,162,0,0,1
1338606048823881728,2020-12-14,2020,12,22,2020-Q4,6.50876914,1,0.618182,0.037973651,0.0014419982,0.037973651,0.0014419982,127,0,0,1
1338523478648107011,2020-12-14,2020,12,16,2020-Q4,7.23777819,1,0.618182,0.037973651,0.0014419982,0.037973651,0.0014419982,62,0,0,1
1337140424444669954,2020-12-10,2020,12,21,2020-Q4,6.40025745,1,0.618182,0.037973651,0.0014419982,0.037973651,0.0014419982,254,0,2,1
1336068202917466113,2020-12-07,2020,12,22,2020-Q4,8.70334075,0,0.636364,0.056155651,0.0031534571,0.0,0.0,300,0,2,1
1335041387566411777,2020-12-05,2020,12,2,2020-Q4,6.4035742,0,0.636364,0.056155651,0.0031534571,0.0,0.0,208,0,1,1
1334880343938240513,2020-12-04,2020,12,15,2020-Q4,6.76041469,1,0.618182,0.037973651,0.0014419982,0.037973651,0.0014419982,141,0,0,1
1334613261128495106,2020-12-03,2020,12,21,2020-Q4,6.25958146,1,0.618182,0.037973651,0.0014419982,0.037973651,0.0014419982,167,0,0,1
1334521075930173446,2020-12-03,2020,12,15,2020-Q4,7.68891334,0,0.636364,0.056155651,0.0031534571,0.0,0.0,31,0,0,1
1333884282247532544,2020-12-01,2020,12,21,2020-Q4,6.58202514,1,0.618182,0.037973651,0.0014419982,0.037973651,0.0014419982,188,0,0,1
1333868626395455492,2020-12-01,2020,12,20,2020-Q4,9.08273425,1,0.618182,0.037973651,0.0014419982,0.037973651,0.0014419982,7,0,0,1
1333864403498795008,2020-12-01,2020,12,20,2020-Q4,6.55535689,1,0.618182,0.037973651,0.0014419982,0.037973651,0.0014419982,123,2,1,1
1333813017507749888,2020-12-01,2020,12,16,2020-Q4,7.94520113,1,0.618182,0.037973651,0.0014419982,0.037973651,0.0014419982,77,0,0,1
1332670830015180803,2020-11-28,2020,11,13,2020-Q4,6.45676966,1,0.618182,0.037973651,0.0014419982,0.037973651,0.0014419982,79,0,0,1
1329515439312039940,2020-11-19,2020,11,20,2020-Q4,9.37033111,1,0.618182,0.037973651,0.0014419982,0.037973651,0.0014419982,8,0,0,1
1329177361267429376,2020-11-18,2020,11,21,2020-Q4,9.9362935,1,0.618182,0.037973651,0.0014419982,0.037973651,0.0014419982,85,0,0,1
1328791788988096512,2020-11-17,2020,11,20,2020-Q4,7.7393592,1,0.618182,0.037973651,0.0014419982,0.037973651,0.0014419982,46,0,0,1
1328791501787303946,2020-11-17,2020,11,20,2020-Q4,8.17948019,1,0.618182,0.037973651,0.0014419982,0.037973651,0.0014419982,68,0,1,1
1328412660241723395,2020-11-16,2020,11,19,2020-Q4,6.13988455,0,0.636364,0.056155651,0.0031534571,0.0,0.0,64,0,0,1
1328399983230455811,2020-11-16,2020,11,18,2020-Q4,6.63725803,0,0.636364,0.056155651,0.0031534571,0.0,0.0,103,0,0,1
1327327865160036352,2020-11-13,2020,11,19,2020-Q4,7.39264752,1,0.618182,0.037973651,0.0014419982,0.037973651,0.0014419982,97,0,0,1
1326978864002834432,2020-11-12,2020,11,20,2020-Q4,6.63068339,1,0.618182,0.037973651,0.0014419982,0.037973651,0.0014419982,52,0,0,1
1326978186907934722,2020-11-12,2020,11,20,2020-Q4,7.16084591,0,0.636364,0.056155651,0.0031534571,0.0,0.0,230,1,1,1
1326632246615355392,2020-11-11,2020,11,21,2020-Q4,8.60318738,1,0.618182,0.037973651,0.0014419982,0.037973651,0.0014419982,54,0,0,1
1326223240927260674,2020-11-10,2020,11,18,2020-Q4,8.35655485,0,0.636364,0.056155651,0.0031534571,0.0,0.0,95,0,0,1
1326221906916352003,2020-11-10,2020,11,17,2020-Q4,10.77964355,1,0.618182,0.037973651,0.0014419982,0.037973651,0.0014419982,35,0,0,1
1325888740473139203,2020-11-09,2020,11,19,2020-Q4,6.64768837,0,0.636364,0.056155651,0.0031534571,0.0,0.0,182,0,0,1
1321891566982701056,2020-10-29,2020,10,19,2020-Q4,8.34806423,0,0.636364,0.056155651,0.0031534571,0.0,0.0,57,0,0,1
1321887986288656388,2020-10-29,2020,10,18,2020-Q4,6.80128303,0,0.636364,0.056155651,0.0031534571,0.0,0.0,149,0,0,1
1321830152662327297,2020-10-29,2020,10,15,2020-Q4,9.08964059,1,0.618182,0.037973651,0.0014419982,0.037973651,0.0014419982,123,0,0,1
1321490902083395585,2020-10-28,2020,10,16,2020-Q4,10.21255189,1,0.618182,0.037973651,0.0014419982,0.037973651,0.0014419982,30,0,0,1
1321203076171182080,2020-10-27,2020,10,21,2020-Q4,9.91669988,1,0.618182,0.037973651,0.0014419982,0.037973651,0.0014419982,47,0,0,1
1321196722144661505,2020-10-27,2020,10,21,2020-Q4,6.99484999,0,0.636364,0.056155651,0.0031534571,0.0,0.0,53,0,1,1
1320026678421295105,2020-10-24,2020,10,15,2020-Q4,6.65672652,0,0.636364,0.056155651,0.0031534571,0.0,0.0,167,0,0,1
1319708105542979588,2020-10-23,2020,10,18,2020-Q4,7.13009851,0,0.636364,0.056155651,0.0031534571,0.0,0.0,86,0,0,1
1319700706820063234,2020-10-23,2020,10,18,2020-Q4,8.56350409,1,0.618182,0.037973651,0.0014419982,0.037973651,0.0014419982,145,0,0,1
1319308816173928449,2020-10-22,2020,10,16,2020-Q4,7.26122509,1,0.618182,0.037973651,0.0014419982,0.037973651,0.0014419982,129,0,0,1
1318624118070280192,2020-10-20,2020,10,18,2020-Q4,9.29844282,1,0.618182,0.037973651,0.0014419982,0.037973651,0.0014419982,109,0,0,1
1318616066386481152,2020-10-20,2020,10,18,2020-Q4,10.72119475,1,0.618182,0.037973651,0.0014419982,0.037973651,0.0014419982,113,0,0,1
1318582764652867591,2020-10-20,2020,10,16,2020-Q4,7.2806972,1,0.618182,0.037973651,0.0014419982,0.037973651,0.0014419982,142,1,0,1
1318226099516678147,2020-10-19,2020,10,16,2020-Q4,6.50428817,0,0.636364,0.056155651,0.0031534571,0.0,0.0,160,1,1,1
1316823356168114176,2020-10-15,2020,10,19,2020-Q4,7.63288551,1,0.618182,0.037973651,0.0014419982,0.037973651,0.0014419982,138,0,0,1
1316371848960061440,2020-10-14,2020,10,13,2020-Q4,6.8596149,1,0.618182,0.037973651,0.0014419982,0.037973651,0.0014419982,154,0,1,1
1316077291592716289,2020-10-13,2020,10,18,2020-Q4,6.5998705,1,0.618182,0.037973651,0.0014419982,0.037973651,0.0014419982,228,0,1,1
1315790897695666176,2020-10-12,2020,10,23,2020-Q4,10.2330071,1,0.618182,0.037973651,0.0014419982,0.037973651,0.0014419982,51,0,0,1
1315778050697523200,2020-10-12,2020,10,22,2020-Q4,13.50269391,0,0.636364,0.056155651,0.0031534571,0.0,0.0,27,0,0,1
1315698806793687040,2020-10-12,2020,10,17,2020-Q4,9.42472568,1,0.618182,0.037973651,0.0014419982,0.037973651,0.0014419982,253,0,1,1
1314300635400073216,2020-10-08,2020,10,20,2020-Q4,10.38440021,0,0.636364,0.056155651,0.0031534571,0.0,0.0,13,0,0,1
1314279488394596353,2020-10-08,2020,10,19,2020-Q4,5.95583737,0,0.636364,0.056155651,0.0031534571,0.0,0.0,151,0,1,1
1314250917953318912,2020-10-08,2020,10,17,2020-Q4,9.89348772,1,0.618182,0.037973651,0.0014419982,0.037973651,0.0014419982,47,0,0,1
1313576456031797256,2020-10-06,2020,10,20,2020-Q4,5.97126184,0,0.636364,0.056155651,0.0031534571,0.0,0.0,163,0,1,1
1310646202082492417,2020-09-28,2020,9,18,2020-Q3,9.07314513,1,0.65625,0.076041651,0.0057823327,0.076041651,0.0057823327,45,0,0,1
1310644972941701122,2020-09-28,2020,9,18,2020-Q3,3.93182563,1,0.65625,0.076041651,0.0057823327,0.076041651,0.0057823327,52,0,1,1
1309849985589145601,2020-09-26,2020,9,13,2020-Q3,6.86066367,0,0.671875,0.091666651,0.0084027749,0.0,0.0,145,0,1,1
1309543210793009152,2020-09-25,2020,9,17,2020-Q3,6.97260625,1,0.65625,0.076041651,0.0057823327,0.076041651,0.0057823327,134,0,1,1
1308105339255107589,2020-09-21,2020,9,18,2020-Q3,10.2905171,1,0.65625,0.076041651,0.0057823327,0.076041651,0.0057823327,30,0,0,1
1306967559766409218,2020-09-18,2020,9,14,2020-Q3,8.97195627,1,0.65625,0.076041651,0.0057823327,0.076041651,0.0057823327,182,0,0,1
1306035620494671874,2020-09-16,2020,9,1,2020-Q3,6.30991828,0,0.671875,0.091666651,0.0084027749,0.0,0.0,276,0,0,1
1305922483883835392,2020-09-15,2020,9,17,2020-Q3,7.03966035,1,0.65625,0.076041651,0.0057823327,0.076041651,0.0057823327,117,0,1,1
1305523569884094468,2020-09-14,2020,9,15,2020-Q3,7.17319174,0,0.671875,0.091666651,0.0084027749,0.0,0.0,122,0,0,1
1303726230966075392,2020-09-09,2020,9,16,2020-Q3,7.77569575,1,0.65625,0.076041651,0.0057823327,0.076041651,0.0057823327,55,0,0,1
1303348684541882368,2020-09-08,2020,9,15,2020-Q3,8.37562963,1,0.65625,0.076041651,0.0057823327,0.076041651,0.0057823327,82,0,0,1
1301938615392636929,2020-09-04,2020,9,17,2020-Q3,7.25276242,0,0.671875,0.091666651,0.0084027749,0.0,0.0,194,0,0,1
1301868598751830016,2020-09-04,2020,9,13,2020-Q3,6.98100574,1,0.65625,0.076041651,0.0057823327,0.076041651,0.0057823327,143,0,0,1
1301249157164945410,2020-09-02,2020,9,20,2020-Q3,9.68078141,1,0.65625,0.076041651,0.0057823327,0.076041651,0.0057823327,98,0,1,1
1301144281281974274,2020-09-02,2020,9,13,2020-Q3,7.9776251,1,0.65625,0.076041651,0.0057823327,0.076041651,0.0057823327,113,0,0,1
1300919000088670208,2020-09-01,2020,9,22,2020-Q3,6.74641213,0,0.671875,0.091666651,0.0084027749,0.0,0.0,28,0,0,1
1300451564763709440,2020-08-31,2020,8,15,2020-Q3,6.97260625,1,0.65625,0.076041651,0.0057823327,0.076041651,0.0057823327,72,0,0,1
1300224121142497280,2020-08-31,2020,8,0,2020-Q3,7.19218206,1,0.65625,0.076041651,0.0057823327,0.076041651,0.0057823327,104,0,0,1
1300222228978573312,2020-08-31,2020,8,0,2020-Q3,5.0937502,0,0.671875,0.091666651,0.0084027749,0.0,0.0,148,1,2,1
1299728632114446338,2020-08-29,2020,8,15,2020-Q3,10.11815529,1,0.65625,0.076041651,0.0057823327,0.076041651,0.0057823327,68,0,0,1
1299061951050518531,2020-08-27,2020,8,19,2020-Q3,6.98656646,0,0.671875,0.091666651,0.0084027749,0.0,0.0,178,0,0,1
1298984742822412288,2020-08-27,2020,8,14,2020-Q3,6.95272864,1,0.65625,0.076041651,0.0057823327,0.076041651,0.0057823327,54,0,0,1
1298434773367640065,2020-08-26,2020,8,1,2020-Q3,10.32173726,1,0.65625,0.076041651,0.0057823327,0.076041651,0.0057823327,72,0,0,1
1298343100125937665,2020-08-25,2020,8,19,2020-Q3,4.8978398,0,0.671875,0.091666651,0.0084027749,0.0,0.0,89,0,2,1
1298099186785759232,2020-08-25,2020,8,3,2020-Q3,7.45760929,1,0.65625,0.076041651,0.0057823327,0.076041651,0.0057823327,139,0,0,1
1297919369109012481,2020-08-24,2020,8,15,2020-Q3,8.82084703,1,0.65625,0.076041651,0.0057823327,0.076041651,0.0057823327,106,0,0,1
1296875748834320388,2020-08-21,2020,8,18,2020-Q3,9.78757152,1,0.65625,0.076041651,0.0057823327,0.076041651,0.0057823327,19,0,0,1
1296530892731682818,2020-08-20,2020,8,19,2020-Q3,6.72503364,0,0.671875,0.091666651,0.0084027749,0.0,0.0,171,0,0,1
1296241274668961798,2020-08-20,2020,8,0,2020-Q3,8.81418182,1,0.65625,0.076041651,0.0057823327,0.076041651,0.0057823327,138,0,0,1
1296100179976822785,2020-08-19,2020,8,15,2020-Q3,11.53491198,1,0.65625,0.076041651,0.0057823327,0.076041651,0.0057823327,88,0,0,1
1295479727147364352,2020-08-17,2020,8,21,2020-Q3,9.80482677,1,0.65625,0.076041651,0.0057823327,0.076041651,0.0057823327,95,0,0,1
1295466172066836480,2020-08-17,2020,8,21,2020-Q3,10.3799391,0,0.671875,0.091666651,0.0084027749,0.0,0.0,51,0,0,1
1294036401290321920,2020-08-13,2020,8,22,2020-Q3,7.92624152,0,0.671875,0.091666651,0.0084027749,0.0,0.0,34,0,0,1
1294005354607542274,2020-08-13,2020,8,20,2020-Q3,8.56140145,1,0.65625,0.076041651,0.0057823327,0.076041651,0.0057823327,53,0,0,1
1294001894227161089,2020-08-13,2020,8,20,2020-Q3,7.40671073,0,0.671875,0.091666651,0.0084027749,0.0,0.0,101,0,1,1
1293925856734261250,2020-08-13,2020,8,15,2020-Q3,7.93844555,1,0.65625,0.076041651,0.0057823327,0.076041651,0.0057823327,207,0,1,1
1293571318068240384,2020-08-12,2020,8,15,2020-Q3,8.68946441,0,0.671875,0.091666651,0.0084027749,0.0,0.0,170,0,0,1
1293256222922203138,2020-08-11,2020,8,18,2020-Q3,8.68710473,1,0.65625,0.076041651,0.0057823327,0.076041651,0.0057823327,100,0,0,1
1293228415823347718,2020-08-11,2020,8,16,2020-Q3,7.76472054,1,0.65625,0.076041651,0.0057823327,0.076041651,0.0057823327,74,0,1,1
1293204516872101891,2020-08-11,2020,8,15,2020-Q3,8.08425411,1,0.65625,0.076041651,0.0057823327,0.076041651,0.0057823327,79,0,0,1
1292880058399567876,2020-08-10,2020,8,17,2020-Q3,7.21890971,0,0.671875,0.091666651,0.0084027749,0.0,0.0,111,0,0,1
1291837518455779328,2020-08-07,2020,8,20,2020-Q3,9.22631214,1,0.65625,0.076041651,0.0057823327,0.076041651,0.0057823327,55,0,0,1
1291462568511406081,2020-08-06,2020,8,19,2020-Q3,10.12870894,1,0.65625,0.076041651,0.0057823327,0.076041651,0.0057823327,36,0,0,1
1291458005813399555,2020-08-06,2020,8,19,2020-Q3,7.49942329,0,0.671875,0.091666651,0.0084027749,0.0,0.0,79,0,1,1
1291449766098935808,2020-08-06,2020,8,19,2020-Q3,7.82324569,1,0.65625,0.076041651,0.0057823327,0.076041651,0.0057823327,138,0,0,1
1290387967127814145,2020-08-03,2020,8,20,2020-Q3,8.57904059,1,0.65625,0.076041651,0.0057823327,0.076041651,0.0057823327,183,0,0,1
1288908749411946497,2020-07-30,2020,7,18,2020-Q3,8.12296472,0,0.671875,0.091666651,0.0084027749,0.0,0.0,39,0,0,1
1288188030881325062,2020-07-28,2020,7,19,2020-Q3,6.81673588,1,0.65625,0.076041651,0.0057823327,0.076041651,0.0057823327,207,0,0,1
1287856490339078146,2020-07-27,2020,7,21,2020-Q3,8.80312373,1,0.65625,0.076041651,0.0057823327,0.076041651,0.0057823327,51,0,0,1
1287737754223181824,2020-07-27,2020,7,13,2020-Q3,8.60904285,1,0.65625,0.076041651,0.0057823327,0.076041651,0.0057823327,71,0,0,1
1287586791235686401,2020-07-27,2020,7,3,2020-Q3,7.66011432,0,0.671875,0.091666651,0.0084027749,0.0,0.0,55,0,1,1
1286650842225848321,2020-07-24,2020,7,13,2020-Q3,8.97195627,1,0.65625,0.076041651,0.0057823327,0.076041651,0.0057823327,34,0,0,1
1285956361189240832,2020-07-22,2020,7,15,2020-Q3,8.77384889,1,0.65625,0.076041651,0.0057823327,0.076041651,0.0057823327,100,0,0,1
1285658885366386688,2020-07-21,2020,7,19,2020-Q3,7.06219163,1,0.65625,0.076041651,0.0057823327,0.076041651,0.0057823327,136,0,0,1
1283561455787347973,2020-07-16,2020,7,0,2020-Q3,9.9398677,1,0.65625,0.076041651,0.0057823327,0.076041651,0.0057823327,21,0,0,1
1282744963479097345,2020-07-13,2020,7,18,2020-Q3,9.90413734,0,0.671875,0.091666651,0.0084027749,0.0,0.0,69,0,0,1
1278698388054310913,2020-07-02,2020,7,14,2020-Q3,6.74051936,0,0.671875,0.091666651,0.0084027749,0.0,0.0,143,0,1,1
1278698264821456899,2020-07-02,2020,7,14,2020-Q3,5.89715387,1,0.65625,0.076041651,0.0057823327,0.076041651,0.0057823327,163,0,0,1
1278697776361209856,2020-07-02,2020,7,14,2020-Q3,4.30406509,0,0.671875,0.091666651,0.0084027749,0.0,0.0,217,0,1,1
1278697646312611841,2020-07-02,2020,7,14,2020-Q3,4.56434819,0,0.671875,0.091666651,0.0084027749,0.0,0.0,116,1,0,1
1278697516540866568,2020-07-02,2020,7,14,2020-Q3,7.16935002,1,0.65625,0.076041651,0.0057823327,0.076041651,0.0057823327,171,0,1,1
1278646012790427650,2020-07-02,2020,7,11,2020-Q3,2.83321334,0,0.671875,0.091666651,0.0084027749,0.0,0.0,299,3,3,1
1278530059351945217,2020-07-02,2020,7,3,2020-Q3,1.60943791,1,0.65625,0.076041651,0.0057823327,0.076041651,0.0057823327,300,5,1,1
1278506710244765697,2020-07-02,2020,7,1,2020-Q3,1.79175947,1,0.65625,0.076041651,0.0057823327,0.076041651,0.0057823327,297,1,0,1
1278388817301512195,2020-07-01,2020,7,18,2020-Q3,8.02780285,1,0.65625,0.076041651,0.0057823327,0.076041651,0.0057823327,243,0,1,1
1276283358692216833,2020-06-25,2020,6,22,2020-Q2,7.57763383,1,0.706422,0.126213651,0.0159298857,0.126213651,0.0159298857,118,0,0,1
1276283357979164674,2020-06-25,2020,6,22,2020-Q2,7.29301768,0,0.715596,0.135387651,0.0183298161,0.0,0.0,148,1,1,1
1276283357219950593,2020-06-25,2020,6,22,2020-Q2,7.23705903,1,0.706422,0.126213651,0.0159298857,0.126213651,0.0159298857,242,0,2,1
1276283356473327618,2020-06-25,2020,6,22,2020-Q2,7.70345905,1,0.706422,0.126213651,0.0159298857,0.126213651,0.0159298857,167,0,0,1
1276283355768803330,2020-06-25,2020,6,22,2020-Q2,9.4700087,0,0.715596,0.135387651,0.0183298161,0.0,0.0,182,0,0,1
1269066301974208513,2020-06-06,2020,6,0,2020-Q2,4.79579055,1,0.706422,0.126213651,0.0159298857,0.126213651,0.0159298857,140,0,2,1
1269040852350971906,2020-06-05,2020,6,22,2020-Q2,7.61431215,1,0.706422,0.126213651,0.0159298857,0.126213651,0.0159298857,189,1,1,1
1268327435206111232,2020-06-03,2020,6,23,2020-Q2,9.46490507,1,0.706422,0.126213651,0.0159298857,0.126213651,0.0159298857,186,0,0,1
1268327013401706499,2020-06-03,2020,6,23,2020-Q2,9.23024103,1,0.706422,0.126213651,0.0159298857,0.126213651,0.0159298857,156,0,0,1
1268326640972595206,2020-06-03,2020,6,23,2020-Q2,9.56472269,1,0.706422,0.126213651,0.0159298857,0.126213651,0.0159298857,274,0,0,1
1268325890037030912,2020-06-03,2020,6,23,2020-Q2,10.69684199,1,0.706422,0.126213651,0.0159298857,0.126213651,0.0159298857,193,1,0,1
1266395345996652552,2020-05-29,2020,5,15,2020-Q2,11.14485729,1,0.706422,0.126213651,0.0159298857,0.126213651,0.0159298857,97,0,0,1
1266084754832719872,2020-05-28,2020,5,19,2020-Q2,9.54359315,1,0.706422,0.126213651,0.0159298857,0.126213651,0.0159298857,152,1,0,1
1265312303920099328,2020-05-26,2020,5,16,2020-Q2,8.20821938,1,0.706422,0.126213651,0.0159298857,0.126213651,0.0159298857,1,0,0,1
1263943215847141376,2020-05-22,2020,5,21,2020-Q2,7.25559127,1,0.706422,0.126213651,0.0159298857,0.126213651,0.0159298857,119,0,0,1
1263549059962408962,2020-05-21,2020,5,19,2020-Q2,7.83873756,1,0.706422,0.126213651,0.0159298857,0.126213651,0.0159298857,217,0,0,1
1263145989583536129,2020-05-20,2020,5,16,2020-Q2,7.92189841,1,0.706422,0.126213651,0.0159298857,0.126213651,0.0159298857,270,0,1,1
1262824362178220034,2020-05-19,2020,5,19,2020-Q2,6.86693328,0,0.715596,0.135387651,0.0183298161,0.0,0.0,141,0,0,1
1262515931135332352,2020-05-18,2020,5,22,2020-Q2,7.52131798,0,0.715596,0.135387651,0.0183298161,0.0,0.0,197,0,0,1
1261339056618835968,2020-05-15,2020,5,16,2020-Q2,7.11395611,0,0.715596,0.135387651,0.0183298161,0.0,0.0,59,0,0,1
1260917780594884608,2020-05-14,2020,5,13,2020-Q2,7.63530389,1,0.706422,0.126213651,0.0159298857,0.126213651,0.0159298857,75,0,0,1
1260238918638854147,2020-05-12,2020,5,16,2020-Q2,9.1306476,1,0.706422,0.126213651,0.0159298857,0.126213651,0.0159298857,89,0,0,1
1259832419311661058,2020-05-11,2020,5,13,2020-Q2,7.23489842,0,0.715596,0.135387651,0.0183298161,0.0,0.0,38,0,0,1
1259528627017748480,2020-05-10,2020,5,17,2020-Q2,8.54500289,0,0.715596,0.135387651,0.0183298161,0.0,0.0,49,0,0,1
1258860982752944130,2020-05-08,2020,5,20,2020-Q2,6.62671775,1,0.706422,0.126213651,0.0159298857,0.126213651,0.0159298857,153,0,0,1
1258818656668209153,2020-05-08,2020,5,17,2020-Q2,5.79909265,1,0.706422,0.126213651,0.0159298857,0.126213651,0.0159298857,177,0,0,1
1258788961482309633,2020-05-08,2020,5,16,2020-Q2,6.61606519,1,0.706422,0.126213651,0.0159298857,0.126213651,0.0159298857,179,0,0,1
1258501865110515712,2020-05-07,2020,5,21,2020-Q2,6.35088572,0,0.715596,0.135387651,0.0183298161,0.0,0.0,249,0,0,1
1258477819971219457,2020-05-07,2020,5,19,2020-Q2,6.01615716,1,0.706422,0.126213651,0.0159298857,0.126213651,0.0159298857,109,0,0,1
1258474405593825281,2020-05-07,2020,5,19,2020-Q2,6.44888939,0,0.715596,0.135387651,0.0183298161,0.0,0.0,144,0,0,1
1258445201200287749,2020-05-07,2020,5,17,2020-Q2,5.62401751,1,0.706422,0.126213651,0.0159298857,0.126213651,0.0159298857,126,0,0,1
1258441499085242369,2020-05-07,2020,5,17,2020-Q2,6.18620862,0,0.715596,0.135387651,0.0183298161,0.0,0.0,188,0,0,1
1258112312055119883,2020-05-06,2020,5,19,2020-Q2,6.23441073,1,0.706422,0.126213651,0.0159298857,0.126213651,0.0159298857,157,0,0,1
1258111899369189377,2020-05-06,2020,5,19,2020-Q2,5.68697536,1,0.706422,0.126213651,0.0159298857,0.126213651,0.0159298857,123,0,0,1
1258109329816813568,2020-05-06,2020,5,19,2020-Q2,6.35610766,0,0.715596,0.135387651,0.0183298161,0.0,0.0,172,0,0,1
1258082734414663685,2020-05-06,2020,5,17,2020-Q2,5.85793315,1,0.706422,0.126213651,0.0159298857,0.126213651,0.0159298857,88,0,0,1
1258079077883351051,2020-05-06,2020,5,17,2020-Q2,6.38350663,0,0.715596,0.135387651,0.0183298161,0.0,0.0,139,0,0,1
1258056614101356544,2020-05-06,2020,5,15,2020-Q2,5.61312811,1,0.706422,0.126213651,0.0159298857,0.126213651,0.0159298857,113,0,0,1
1258049583374053379,2020-05-06,2020,5,15,2020-Q2,6.48004456,0,0.715596,0.135387651,0.0183298161,0.0,0.0,192,0,0,1
1258049228502433792,2020-05-06,2020,5,15,2020-Q2,6.10702289,1,0.706422,0.126213651,0.0159298857,0.126213651,0.0159298857,219,0,0,1
1257808806102343695,2020-05-05,2020,5,23,2020-Q2,5.97380961,1,0.706422,0.126213651,0.0159298857,0.126213651,0.0159298857,96,0,0,1
1257807705445740546,2020-05-05,2020,5,23,2020-Q2,5.54517744,1,0.706422,0.126213651,0.0159298857,0.126213651,0.0159298857,125,0,0,1
1257805255129075715,2020-05-05,2020,5,22,2020-Q2,5.36129217,1,0.706422,0.126213651,0.0159298857,0.126213651,0.0159298857,124,0,0,1
1257804908666982400,2020-05-05,2020,5,22,2020-Q2,6.4738907,0,0.715596,0.135387651,0.0183298161,0.0,0.0,107,0,0,1
1257804882494570509,2020-05-05,2020,5,22,2020-Q2,5.20400669,1,0.706422,0.126213651,0.0159298857,0.126213651,0.0159298857,81,0,0,1
1257794033377828864,2020-05-05,2020,5,22,2020-Q2,6.51767127,0,0.715596,0.135387651,0.0183298161,0.0,0.0,166,0,0,1
1257793056180506624,2020-05-05,2020,5,22,2020-Q2,6.2126061,1,0.706422,0.126213651,0.0159298857,0.126213651,0.0159298857,182,0,0,1
1257791635850698752,2020-05-05,2020,5,21,2020-Q2,6.42324696,1,0.706422,0.126213651,0.0159298857,0.126213651,0.0159298857,210,0,0,1
1257400910231330817,2020-05-04,2020,5,20,2020-Q2,6.8384052,0,0.715596,0.135387651,0.0183298161,0.0,0.0,166,0,0,1
1257372347436318722,2020-05-04,2020,5,18,2020-Q2,6.68835471,1,0.706422,0.126213651,0.0159298857,0.126213651,0.0159298857,178,0,0,1
1257356670520483841,2020-05-04,2020,5,17,2020-Q2,6.32793678,1,0.706422,0.126213651,0.0159298857,0.126213651,0.0159298857,268,0,0,1
1257328823126888448,2020-05-04,2020,5,15,2020-Q2,6.228511,0,0.715596,0.135387651,0.0183298161,0.0,0.0,40,0,0,1
1257325964528238601,2020-05-04,2020,5,15,2020-Q2,8.77786371,1,0.706422,0.126213651,0.0159298857,0.126213651,0.0159298857,82,0,0,1
1257325300704215047,2020-05-04,2020,5,15,2020-Q2,7.49665244,1,0.706422,0.126213651,0.0159298857,0.126213651,0.0159298857,278,0,0,1
1257152398566592516,2020-05-04,2020,5,3,2020-Q2,9.30955202,1,0.706422,0.126213651,0.0159298857,0.126213651,0.0159298857,24,0,0,1
1257091241122168836,2020-05-03,2020,5,23,2020-Q2,5.97380961,0,0.715596,0.135387651,0.0183298161,0.0,0.0,33,0,1,1
1257082671118913537,2020-05-03,2020,5,23,2020-Q2,8.69131455,1,0.706422,0.126213651,0.0159298857,0.126213651,0.0159298857,220,0,0,1
1256977275754610688,2020-05-03,2020,5,16,2020-Q2,8.24459676,1,0.706422,0.126213651,0.0159298857,0.126213651,0.0159298857,110,0,0,1
1256475023209979910,2020-05-02,2020,5,6,2020-Q2,5.68357977,1,0.706422,0.126213651,0.0159298857,0.126213651,0.0159298857,170,0,0,1
1256297367860625414,2020-05-01,2020,5,19,2020-Q2,9.38923941,0,0.715596,0.135387651,0.0183298161,0.0,0.0,92,1,1,1
1255937272907776001,2020-04-30,2020,4,19,2020-Q2,6.5971457,0,0.715596,0.135387651,0.0183298161,0.0,0.0,184,0,0,1
1255888429910577153,2020-04-30,2020,4,15,2020-Q2,6.69208374,0,0.715596,0.135387651,0.0183298161,0.0,0.0,142,0,0,1
1255226259094810631,2020-04-28,2020,4,20,2020-Q2,7.7608932,0,0.715596,0.135387651,0.0183298161,0.0,0.0,98,0,0,1
1254847872614502402,2020-04-27,2020,4,19,2020-Q2,7.61134772,0,0.715596,0.135387651,0.0183298161,0.0,0.0,133,1,1,1
1254757690321932288,2020-04-27,2020,4,13,2020-Q2,7.02997291,1,0.706422,0.126213651,0.0159298857,0.126213651,0.0159298857,65,0,0,1
1254067898349428737,2020-04-25,2020,4,15,2020-Q2,7.15461536,1,0.706422,0.126213651,0.0159298857,0.126213651,0.0159298857,195,0,0,1
1253791528977420288,2020-04-24,2020,4,21,2020-Q2,7.22402481,1,0.706422,0.126213651,0.0159298857,0.126213651,0.0159298857,123,0,0,1
1253708482882265088,2020-04-24,2020,4,15,2020-Q2,7.70436117,1,0.706422,0.126213651,0.0159298857,0.126213651,0.0159298857,121,0,0,1
1253342185157607433,2020-04-23,2020,4,15,2020-Q2,8.17357549,1,0.706422,0.126213651,0.0159298857,0.126213651,0.0159298857,128,0,0,1
1252980092113993730,2020-04-22,2020,4,15,2020-Q2,8.17891933,1,0.706422,0.126213651,0.0159298857,0.126213651,0.0159298857,192,0,0,1
1252704850711842817,2020-04-21,2020,4,21,2020-Q2,8.11402544,1,0.706422,0.126213651,0.0159298857,0.126213651,0.0159298857,140,0,1,1
1252619450748219393,2020-04-21,2020,4,15,2020-Q2,8.66250492,1,0.706422,0.126213651,0.0159298857,0.126213651,0.0159298857,144,0,0,1
1252379047335608320,2020-04-20,2020,4,23,2020-Q2,10.69516699,1,0.706422,0.126213651,0.0159298857,0.126213651,0.0159298857,137,0,0,1
1252355382657216512,2020-04-20,2020,4,21,2020-Q2,11.24592145,1,0.706422,0.126213651,0.0159298857,0.126213651,0.0159298857,273,0,0,1
1252250012676997123,2020-04-20,2020,4,14,2020-Q2,9.33882153,1,0.706422,0.126213651,0.0159298857,0.126213651,0.0159298857,216,0,0,1
1250895183601971200,2020-04-16,2020,4,21,2020-Q2,7.92044651,0,0.715596,0.135387651,0.0183298161,0.0,0.0,144,0,3,1
1250869157983371266,2020-04-16,2020,4,19,2020-Q2,5.420535,0,0.715596,0.135387651,0.0183298161,0.0,0.0,109,0,3,1
1250053580716990467,2020-04-14,2020,4,13,2020-Q2,7.01750614,1,0.706422,0.126213651,0.0159298857,0.126213651,0.0159298857,175,0,0,1
1249758082500104198,2020-04-13,2020,4,17,2020-Q2,9.98063376,1,0.706422,0.126213651,0.0159298857,0.126213651,0.0159298857,44,0,0,1
1249700938148970502,2020-04-13,2020,4,14,2020-Q2,6.3630281,0,0.715596,0.135387651,0.0183298161,0.0,0.0,79,0,1,1
1249692974499467266,2020-04-13,2020,4,13,2020-Q2,6.25766759,0,0.715596,0.135387651,0.0183298161,0.0,0.0,136,0,0,1
1248715778649722880,2020-04-10,2020,4,20,2020-Q2,7.30720231,1,0.706422,0.126213651,0.0159298857,0.126213651,0.0159298857,161,0,0,1
1248715156521172992,2020-04-10,2020,4,20,2020-Q2,4.77912349,1,0.706422,0.126213651,0.0159298857,0.126213651,0.0159298857,193,0,1,1
1248700769886515202,2020-04-10,2020,4,19,2020-Q2,6.84800527,1,0.706422,0.126213651,0.0159298857,0.126213651,0.0159298857,144,0,0,1
1248700279723360256,2020-04-10,2020,4,19,2020-Q2,3.98898405,0,0.715596,0.135387651,0.0183298161,0.0,0.0,96,0,1,1
1248698613045366785,2020-04-10,2020,4,19,2020-Q2,6.88346259,1,0.706422,0.126213651,0.0159298857,0.126213651,0.0159298857,147,0,0,1
1248693897263448071,2020-04-10,2020,4,19,2020-Q2,7.11314211,1,0.706422,0.126213651,0.0159298857,0.126213651,0.0159298857,128,0,0,1
1248692589710249991,2020-04-10,2020,4,19,2020-Q2,4.72738782,1,0.706422,0.126213651,0.0159298857,0.126213651,0.0159298857,278,0,1,1
1248686254683717632,2020-04-10,2020,4,18,2020-Q2,7.04141166,1,0.706422,0.126213651,0.0159298857,0.126213651,0.0159298857,203,0,0,1
1248685541786300416,2020-04-10,2020,4,18,2020-Q2,3.76120012,1,0.706422,0.126213651,0.0159298857,0.126213651,0.0159298857,165,0,1,1
1248682804860370947,2020-04-10,2020,4,18,2020-Q2,7.54009032,1,0.706422,0.126213651,0.0159298857,0.126213651,0.0159298857,158,0,0,1
1248681997419065349,2020-04-10,2020,4,18,2020-Q2,7.41397029,1,0.706422,0.126213651,0.0159298857,0.126213651,0.0159298857,131,0,0,1
1248681442474889216,2020-04-10,2020,4,18,2020-Q2,2.99573227,1,0.706422,0.126213651,0.0159298857,0.126213651,0.0159298857,80,0,1,1
1248680953628819457,2020-04-10,2020,4,18,2020-Q2,6.62007321,1,0.706422,0.126213651,0.0159298857,0.126213651,0.0159298857,179,0,0,1
1248680479634731011,2020-04-10,2020,4,18,2020-Q2,3.49650756,1,0.706422,0.126213651,0.0159298857,0.126213651,0.0159298857,178,0,1,1
1248679862384185347,2020-04-10,2020,4,18,2020-Q2,6.22455843,1,0.706422,0.126213651,0.0159298857,0.126213651,0.0159298857,173,0,0,1
1248678777342877696,2020-04-10,2020,4,18,2020-Q2,3.21887582,0,0.715596,0.135387651,0.0183298161,0.0,0.0,44,0,1,1
1248678101598470144,2020-04-10,2020,4,18,2020-Q2,6.55250789,1,0.706422,0.126213651,0.0159298857,0.126213651,0.0159298857,122,0,0,1
1248677421588586496,2020-04-10,2020,4,18,2020-Q2,6.41017488,1,0.706422,0.126213651,0.0159298857,0.126213651,0.0159298857,153,0,0,1
1248677192059564034,2020-04-10,2020,4,18,2020-Q2,4.34380542,1,0.706422,0.126213651,0.0159298857,0.126213651,0.0159298857,178,0,1,1
1248676724512043009,2020-04-10,2020,4,18,2020-Q2,6.3952616,1,0.706422,0.126213651,0.0159298857,0.126213651,0.0159298857,131,0,0,1
1248675448869007360,2020-04-10,2020,4,18,2020-Q2,3.21887582,1,0.706422,0.126213651,0.0159298857,0.126213651,0.0159298857,118,0,1,1
1248673823387500544,2020-04-10,2020,4,18,2020-Q2,7.25347038,1,0.706422,0.126213651,0.0159298857,0.126213651,0.0159298857,118,0,0,1
1248672449283198984,2020-04-10,2020,4,18,2020-Q2,7.50328963,1,0.706422,0.126213651,0.0159298857,0.126213651,0.0159298857,299,1,0,1
1247871819098361857,2020-04-08,2020,4,13,2020-Q2,6.72743172,1,0.706422,0.126213651,0.0159298857,0.126213651,0.0159298857,133,0,0,1
1247599530503258112,2020-04-07,2020,4,18,2020-Q2,5.90808294,1,0.706422,0.126213651,0.0159298857,0.126213651,0.0159298857,140,0,2,1
1247574856784379906,2020-04-07,2020,4,17,2020-Q2,7.3395377,0,0.715596,0.135387651,0.0183298161,0.0,0.0,101,0,0,1
1247262166392221698,2020-04-06,2020,4,20,2020-Q2,7.07918439,0,0.715596,0.135387651,0.0183298161,0.0,0.0,108,0,1,1
1247163893912403968,2020-04-06,2020,4,14,2020-Q2,8.03203531,1,0.706422,0.126213651,0.0159298857,0.126213651,0.0159298857,134,0,0,1
1245378419770228739,2020-04-01,2020,4,15,2020-Q2,7.16703788,0,0.715596,0.135387651,0.0183298161,0.0,0.0,106,0,0,1
1243562664334372864,2020-03-27,2020,3,15,2020-Q1,7.51152465,1,0.632653,0.052444651,0.0027504414,0.052444651,0.0027504414,255,0,0,1
1242894464760328192,2020-03-25,2020,3,19,2020-Q1,8.5869058,0,0.653061,0.072852651,0.0053075088,0.0,0.0,105,1,0,1
1242845092060237824,2020-03-25,2020,3,16,2020-Q1,6.65415252,1,0.632653,0.052444651,0.0027504414,0.052444651,0.0027504414,121,0,0,1
1242166387814084609,2020-03-23,2020,3,19,2020-Q1,9.96735397,0,0.653061,0.072852651,0.0053075088,0.0,0.0,140,0,0,1
1242110241573163016,2020-03-23,2020,3,15,2020-Q1,7.81237821,1,0.632653,0.052444651,0.0027504414,0.052444651,0.0027504414,154,0,0,1
1241035122654220288,2020-03-20,2020,3,16,2020-Q1,8.15880249,0,0.653061,0.072852651,0.0053075088,0.0,0.0,142,0,0,1
1239955168264884226,2020-03-17,2020,3,16,2020-Q1,8.24590926,1,0.632653,0.052444651,0.0027504414,0.052444651,0.0027504414,197,0,0,1
1237741943809028096,2020-03-11,2020,3,14,2020-Q1,8.7432126,0,0.653061,0.072852651,0.0053075088,0.0,0.0,72,0,0,1
1237381359347339265,2020-03-10,2020,3,14,2020-Q1,4.15888308,1,0.632653,0.052444651,0.0027504414,0.052444651,0.0027504414,51,1,1,1
1237012795327238144,2020-03-09,2020,3,13,2020-Q1,7.75405264,0,0.653061,0.072852651,0.0053075088,0.0,0.0,53,0,0,1
1236305605188636672,2020-03-07,2020,3,15,2020-Q1,7.26612878,0,0.653061,0.072852651,0.0053075088,0.0,0.0,112,0,0,1
1235960579690565633,2020-03-06,2020,3,16,2020-Q1,7.99193052,1,0.632653,0.052444651,0.0027504414,0.052444651,0.0027504414,87,0,0,1
1235705290755960832,2020-03-05,2020,3,23,2020-Q1,7.96241568,1,0.632653,0.052444651,0.0027504414,0.052444651,0.0027504414,39,0,0,1
1235553332111896576,2020-03-05,2020,3,13,2020-Q1,10.5450256,1,0.632653,0.052444651,0.0027504414,0.052444651,0.0027504414,18,0,0,1
1234848505522458626,2020-03-03,2020,3,14,2020-Q1,7.79852305,0,0.653061,0.072852651,0.0053075088,0.0,0.0,55,0,0,1
1234448367230627840,2020-03-02,2020,3,12,2020-Q1,8.89645121,1,0.632653,0.052444651,0.0027504414,0.052444651,0.0027504414,107,0,0,1
1234275836905369603,2020-03-02,2020,3,0,2020-Q1,10.47866731,0,0.653061,0.072852651,0.0053075088,0.0,0.0,57,0,0,1
1234146377141190659,2020-03-01,2020,3,16,2020-Q1,8.54012816,1,0.632653,0.052444651,0.0027504414,0.052444651,0.0027504414,118,0,0,1
1233563046875926528,2020-02-29,2020,2,1,2020-Q1,8.36567238,1,0.632653,0.052444651,0.0027504414,0.052444651,0.0027504414,42,0,0,1
1233494419925585924,2020-02-28,2020,2,20,2020-Q1,10.64775551,0,0.653061,0.072852651,0.0053075088,0.0,0.0,59,1,0,1
1233482096720609281,2020-02-28,2020,2,20,2020-Q1,8.99342737,1,0.632653,0.052444651,0.0027504414,0.052444651,0.0027504414,65,0,0,1
1233154731863879680,2020-02-27,2020,2,22,2020-Q1,8.74560285,1,0.632653,0.052444651,0.0027504414,0.052444651,0.0027504414,87,0,0,1
1232381037608685569,2020-02-25,2020,2,19,2020-Q1,9.74032135,0,0.653061,0.072852651,0.0053075088,0.0,0.0,103,0,0,1
1230556233301741568,2020-02-20,2020,2,18,2020-Q1,8.7305288,1,0.632653,0.052444651,0.0027504414,0.052444651,0.0027504414,15,0,0,1
1230551555566395392,2020-02-20,2020,2,17,2020-Q1,9.07440609,1,0.632653,0.052444651,0.0027504414,0.052444651,0.0027504414,51,0,0,1
1230517346672021504,2020-02-20,2020,2,15,2020-Q1,12.18254298,1,0.632653,0.052444651,0.0027504414,0.052444651,0.0027504414,15,0,0,1
1229797426569019392,2020-02-18,2020,2,15,2020-Q1,12.47549655,1,0.632653,0.052444651,0.0027504414,0.052444651,0.0027504414,65,0,0,1
1229264235387129856,2020-02-17,2020,2,4,2020-Q1,9.79951496,1,0.632653,0.052444651,0.0027504414,0.052444651,0.0027504414,113,0,0,1
1228373033167048705,2020-02-14,2020,2,17,2020-Q1,9.35617082,0,0.653061,0.072852651,0.0053075088,0.0,0.0,27,0,0,1
1228371313938567174,2020-02-14,2020,2,17,2020-Q1,6.09130988,0,0.653061,0.072852651,0.0053075088,0.0,0.0,63,0,1,1
1225857136149790720,2020-02-07,2020,2,19,2020-Q1,8.41648849,1,0.632653,0.052444651,0.0027504414,0.052444651,0.0027504414,54,0,1,1
1225856757966094337,2020-02-07,2020,2,19,2020-Q1,6.49526556,0,0.653061,0.072852651,0.0053075088,0.0,0.0,52,0,1,1
1225154743821127682,2020-02-05,2020,2,20,2020-Q1,12.03419239,1,0.632653,0.052444651,0.0027504414,0.052444651,0.0027504414,50,0,0,1
1224794757559455746,2020-02-04,2020,2,20,2020-Q1,9.30819277,1,0.632653,0.052444651,0.0027504414,0.052444651,0.0027504414,60,0,0,1
1224780999906775040,2020-02-04,2020,2,19,2020-Q1,8.27614022,1,0.632653,0.052444651,0.0027504414,0.052444651,0.0027504414,46,1,0,1
1224725170235019265,2020-02-04,2020,2,16,2020-Q1,10.00274448,1,0.632653,0.052444651,0.0027504414,0.052444651,0.0027504414,169,1,1,1
1224709867753168899,2020-02-04,2020,2,15,2020-Q1,11.64873177,0,0.653061,0.072852651,0.0053075088,0.0,0.0,25,0,1,1
1221885535737864192,2020-01-27,2020,1,19,2020-Q1,11.80174439,0,0.653061,0.072852651,0.0053075088,0.0,0.0,23,0,0,1
1221487089969258497,2020-01-26,2020,1,17,2020-Q1,7.1180162,1,0.632653,0.052444651,0.0027504414,0.052444651,0.0027504414,82,1,1,1
1220737493190041605,2020-01-24,2020,1,15,2020-Q1,9.5085914,1,0.632653,0.052444651,0.0027504414,0.052444651,0.0027504414,155,0,0,1
1220437845388730370,2020-01-23,2020,1,20,2020-Q1,13.7444935,1,0.632653,0.052444651,0.0027504414,0.052444651,0.0027504414,22,0,0,1
1220436656228048896,2020-01-23,2020,1,20,2020-Q1,8.41781475,0,0.653061,0.072852651,0.0053075088,0.0,0.0,57,0,1,1
1217879990311759872,2020-01-16,2020,1,18,2020-Q1,10.58190173,1,0.632653,0.052444651,0.0027504414,0.052444651,0.0027504414,119,0,0,1
1217550572104056832,2020-01-15,2020,1,20,2020-Q1,7.96346007,1,0.632653,0.052444651,0.0027504414,0.052444651,0.0027504414,80,0,0,1
1217123276549427201,2020-01-14,2020,1,16,2020-Q1,10.48052218,1,0.632653,0.052444651,0.0027504414,0.052444651,0.0027504414,30,0,0,1
1216894246021713920,2020-01-14,2020,1,1,2020-Q1,11.50991093,1,0.632653,0.052444651,0.0027504414,0.052444651,0.0027504414,76,0,0,1
1216883915820060673,2020-01-14,2020,1,0,2020-Q1,9.02629733,0,0.653061,0.072852651,0.0053075088,0.0,0.0,23,0,0,1
1216801098608017413,2020-01-13,2020,1,19,2020-Q1,9.04735074,1,0.632653,0.052444651,0.0027504414,0.052444651,0.0027504414,79,1,0,1
1212819812331720705,2020-01-02,2020,1,19,2020-Q1,11.78031554,1,0.632653,0.052444651,0.0027504414,0.052444651,0.0027504414,52,0,0,1
1212818364000854018,2020-01-02,2020,1,19,2020-Q1,5.83773045,0,0.653061,0.072852651,0.0053075088,0.0,0.0,24,0,1,1
1211376041769545729,2019-12-29,2019,12,19,2019-Q4,6.85856503,1,0.481481,-0.098727349,0.0097470894,-0.098727349,0.0097470894,141,0,0,1
1207700570213101585,2019-12-19,2019,12,16,2019-Q4,9.29192036,1,0.481481,-0.098727349,0.0097470894,-0.098727349,0.0097470894,49,0,0,1
1207030238447898625,2019-12-17,2019,12,20,2019-Q4,10.14937059,1,0.481481,-0.098727349,0.0097470894,-0.098727349,0.0097470894,14,0,0,1
1206433794796015617,2019-12-16,2019,12,4,2019-Q4,7.58578882,1,0.481481,-0.098727349,0.0097470894,-0.098727349,0.0097470894,69,0,0,1
1206432864096657408,2019-12-16,2019,12,4,2019-Q4,7.30451595,1,0.481481,-0.098727349,0.0097470894,-0.098727349,0.0097470894,58,0,0,1
1206234394287058946,2019-12-15,2019,12,15,2019-Q4,9.46389673,1,0.481481,-0.098727349,0.0097470894,-0.098727349,0.0097470894,49,0,0,1
1205941546538938368,2019-12-14,2019,12,20,2019-Q4,8.25088114,1,0.481481,-0.098727349,0.0097470894,-0.098727349,0.0097470894,108,0,0,1
1205940606079504384,2019-12-14,2019,12,20,2019-Q4,9.36674565,0,0.518519,-0.061689349,0.0038055758,-0.0,0.0,74,1,1,1
1205932906406920194,2019-12-14,2019,12,19,2019-Q4,9.0018391,1,0.481481,-0.098727349,0.0097470894,-0.098727349,0.0097470894,172,0,0,1
1205577307810910209,2019-12-13,2019,12,19,2019-Q4,9.55591392,0,0.518519,-0.061689349,0.0038055758,-0.0,0.0,108,1,0,1
1205566516281917441,2019-12-13,2019,12,19,2019-Q4,9.5428763,0,0.518519,-0.061689349,0.0038055758,-0.0,0.0,23,0,0,1
1205531387975090177,2019-12-13,2019,12,16,2019-Q4,7.64012317,1,0.481481,-0.098727349,0.0097470894,-0.098727349,0.0097470894,65,0,0,1
1204794940066353152,2019-12-11,2019,12,16,2019-Q4,10.24629681,1,0.481481,-0.098727349,0.0097470894,-0.098727349,0.0097470894,119,0,0,1
1204434550442676224,2019-12-10,2019,12,16,2019-Q4,6.34388043,0,0.518519,-0.061689349,0.0038055758,-0.0,0.0,103,0,2,1
1204434030583664640,2019-12-10,2019,12,16,2019-Q4,9.04829192,0,0.518519,-0.061689349,0.0038055758,-0.0,0.0,89,0,1,1
1204146912074641408,2019-12-09,2019,12,21,2019-Q4,5.65948222,0,0.518519,-0.061689349,0.0038055758,-0.0,0.0,66,0,1,1
1202638489126342657,2019-12-05,2019,12,17,2019-Q4,7.34342623,0,0.518519,-0.061689349,0.0038055758,-0.0,0.0,147,0,1,1
1200857562045931521,2019-11-30,2019,11,19,2019-Q4,7.63046126,0,0.518519,-0.061689349,0.0038055758,-0.0,0.0,101,0,0,1
1200824822739144704,2019-11-30,2019,11,17,2019-Q4,6.09130988,0,0.518519,-0.061689349,0.0038055758,-0.0,0.0,218,2,2,1
1199004204276363269,2019-11-25,2019,11,16,2019-Q4,5.15329159,0,0.518519,-0.061689349,0.0038055758,-0.0,0.0,64,0,2,1
1199003958372700161,2019-11-25,2019,11,16,2019-Q4,8.01928379,0,0.518519,-0.061689349,0.0038055758,-0.0,0.0,24,0,1,1
1198858858267127809,2019-11-25,2019,11,7,2019-Q4,8.53050421,1,0.481481,-0.098727349,0.0097470894,-0.098727349,0.0097470894,53,0,0,1
1198363148094328832,2019-11-23,2019,11,22,2019-Q4,8.72160234,1,0.481481,-0.098727349,0.0097470894,-0.098727349,0.0097470894,126,0,0,1
1198330462122512384,2019-11-23,2019,11,20,2019-Q4,9.67224882,0,0.518519,-0.061689349,0.0038055758,-0.0,0.0,132,2,1,1
1198286207198924800,2019-11-23,2019,11,17,2019-Q4,3.55534806,0,0.518519,-0.061689349,0.0038055758,-0.0,0.0,143,0,5,1
1198285151702118400,2019-11-23,2019,11,17,2019-Q4,5.96357934,0,0.518519,-0.061689349,0.0038055758,-0.0,0.0,209,0,5,1
1197590633571082241,2019-11-21,2019,11,19,2019-Q4,9.14409373,1,0.481481,-0.098727349,0.0097470894,-0.098727349,0.0097470894,4,0,0,1
1195532129012244480,2019-11-16,2019,11,2,2019-Q4,9.6570114,1,0.481481,-0.098727349,0.0097470894,-0.098727349,0.0097470894,116,0,0,1
