fortune_rank,company_name,official_x_handle,tweet_id,created_at,text,tweet_url,reply_count,repost_count,like_count,quote_count,view_count_available,media_present,media_type,collected_at,collection_method,max_posts_cap,source_folder,source_x_handle,source_x_url,account_role,account_index
44,Walt Disney,@Disney,2066948247004803282,Tue Jun 16 18:17:18 +0000 2026,"RT @DisneyParks: Shanghai Disney Resort turns 10 🎂🎉✨ And the cake, inspired by the park’s 8 iconic lands, was just as iconic as the moment.…",https://x.com/Disney/status/2066948247004803282,0,125,0,0,true,false,,2026-06-18T05:56:38.897822+00:00,incremental browser-based collection of observable public posts,0,/home/runner/work/x_scrapper/x_scrapper/data/raw/fortune_x_2025_ranked/044_walt_disney,@Disney,https://x.com/Disney,primary,1
44,Walt Disney,@Disney,2066914164992344459,Tue Jun 16 16:01:52 +0000 2026,"RT @DisneyAnimation: Welcome to Hexe, the world of witches
Disney’s #Hexed is only in theaters November 25 https://t.co/tJeHp29BfX",https://x.com/Disney/status/2066914164992344459,0,2290,0,0,true,false,,2026-06-18T05:56:38.897822+00:00,incremental browser-based collection of observable public posts,0,/home/runner/work/x_scrapper/x_scrapper/data/raw/fortune_x_2025_ranked/044_walt_disney,@Disney,https://x.com/Disney,primary,1
44,Walt Disney,@Disney,2066914155571871747,Tue Jun 16 16:01:50 +0000 2026,"RT @DisneyAnimation: let the magic begin
Disney’s #Hexed is only in theaters November 25 https://t.co/Sn5nzwolyc",https://x.com/Disney/status/2066914155571871747,0,1545,0,0,false,false,,2026-06-18T05:56:38.897822+00:00,incremental browser-based collection of observable public posts,0,/home/runner/work/x_scrapper/x_scrapper/data/raw/fortune_x_2025_ranked/044_walt_disney,@Disney,https://x.com/Disney,primary,1
44,Walt Disney,@Disney,2066914074366214160,Tue Jun 16 16:01:31 +0000 2026,"let the magic begin
Disney’s #Hexed is only in theaters November 25 https://t.co/Sn5nzwolyc",https://x.com/Disney/status/2066914074366214160,120,1545,7712,148,true,false,,2026-06-18T05:56:38.897822+00:00,incremental browser-based collection of observable public posts,0,/home/runner/work/x_scrapper/x_scrapper/data/raw/fortune_x_2025_ranked/044_walt_disney,@Disney,https://x.com/Disney,primary,1
44,Walt Disney,@Disney,2066913724989104209,Tue Jun 16 16:00:08 +0000 2026,"Welcome to Hexe, the world of witches
Disney’s #Hexed is only in theaters November 25 https://t.co/tJeHp29BfX",https://x.com/Disney/status/2066913724989104209,356,2290,9401,1220,true,false,,2026-06-18T05:56:38.897822+00:00,incremental browser-based collection of observable public posts,0,/home/runner/work/x_scrapper/x_scrapper/data/raw/fortune_x_2025_ranked/044_walt_disney,@Disney,https://x.com/Disney,primary,1
44,Walt Disney,@Disney,2066906760674213958,Tue Jun 16 15:32:27 +0000 2026,"Shanghai Disney Resort turns 10 🎂🎉✨ And the cake, inspired by the park’s 8 iconic lands, was just as iconic as the moment. https://t.co/s2ARz8V4Sb",https://x.com/Disney/status/2066906760674213958,6,125,592,1,true,false,,2026-06-18T05:56:38.897822+00:00,incremental browser-based collection of observable public posts,0,/home/runner/work/x_scrapper/x_scrapper/data/raw/fortune_x_2025_ranked/044_walt_disney,@Disney,https://x.com/Disney,primary,1
44,Walt Disney,@Disney,2065104267141415161,Thu Jun 11 16:09:59 +0000 2026,"RT @Pixar: meow
Check out the new poster for Disney &amp; Pixar's #Gatto, arriving only in theaters March 5, 2027 https://t.co/S3x4DlN2bt",https://x.com/Disney/status/2065104267141415161,0,3200,0,0,true,false,,2026-06-13T05:02:31.611082+00:00,capped browser-based collection of observable public posts,0,data/raw/fortune_x_2025_ranked/044_walt_disney/accounts/01_primary_disney,@Disney,https://x.com/Disney,primary,1
44,Walt Disney,@Disney,2065102415482028426,Thu Jun 11 16:02:38 +0000 2026,"meow
Check out the new poster for Disney &amp; Pixar's #Gatto, arriving only in theaters March 5, 2027 https://t.co/S3x4DlN2bt",https://x.com/Disney/status/2065102415482028426,156,3200,17096,235,true,false,,2026-06-13T05:02:31.611082+00:00,capped browser-based collection of observable public posts,0,data/raw/fortune_x_2025_ranked/044_walt_disney/accounts/01_primary_disney,@Disney,https://x.com/Disney,primary,1
44,Walt Disney,@Disney,2065102091077800412,Thu Jun 11 16:01:20 +0000 2026,"RT @Pixar: Ciao Gatto
Watch the new teaser for Disney &amp; Pixar's #Gatto, arriving in theaters March 5, 2027 https://t.co/QFFQXOO2PV",https://x.com/Disney/status/2065102091077800412,0,3372,0,0,true,false,,2026-06-13T05:02:31.611082+00:00,capped browser-based collection of observable public posts,0,data/raw/fortune_x_2025_ranked/044_walt_disney/accounts/01_primary_disney,@Disney,https://x.com/Disney,primary,1
44,Walt Disney,@Disney,2065101792040673738,Thu Jun 11 16:00:09 +0000 2026,"Ciao Gatto
Watch the new teaser for Disney &amp; Pixar's #Gatto, arriving in theaters March 5, 2027 https://t.co/QFFQXOO2PV",https://x.com/Disney/status/2065101792040673738,197,3372,15252,605,true,false,,2026-06-13T05:02:31.611082+00:00,capped browser-based collection of observable public posts,0,data/raw/fortune_x_2025_ranked/044_walt_disney/accounts/01_primary_disney,@Disney,https://x.com/Disney,primary,1
44,Walt Disney,@Disney,2064741562693882122,Wed Jun 10 16:08:44 +0000 2026,RT @DisneyStudios: The ocean chose them 🌊 Tickets are now on sale for #Moana! Only in theaters July 10. https://t.co/gLnIl7UPZU,https://x.com/Disney/status/2064741562693882122,0,557,0,0,true,false,,2026-06-13T05:02:31.611082+00:00,capped browser-based collection of observable public posts,0,data/raw/fortune_x_2025_ranked/044_walt_disney/accounts/01_primary_disney,@Disney,https://x.com/Disney,primary,1
44,Walt Disney,@Disney,2064739372533235842,Wed Jun 10 16:00:02 +0000 2026,The ocean chose them 🌊 Tickets are now on sale for #Moana! Only in theaters July 10. https://t.co/gLnIl7UPZU,https://x.com/Disney/status/2064739372533235842,90,557,2017,107,true,false,,2026-06-13T05:02:31.611082+00:00,capped browser-based collection of observable public posts,0,data/raw/fortune_x_2025_ranked/044_walt_disney/accounts/01_primary_disney,@Disney,https://x.com/Disney,primary,1
44,Walt Disney,@Disney,2064604764646658116,Wed Jun 10 07:05:09 +0000 2026,RT @Pixar: Taylor Swift has a friend in Randy Newman at the world premiere of Toy Story 5 https://t.co/DRe55mo6IP,https://x.com/Disney/status/2064604764646658116,0,4921,0,0,true,false,,2026-06-13T05:02:31.611082+00:00,capped browser-based collection of observable public posts,0,data/raw/fortune_x_2025_ranked/044_walt_disney/accounts/01_primary_disney,@Disney,https://x.com/Disney,primary,1
44,Walt Disney,@Disney,2064604755255533896,Wed Jun 10 07:05:06 +0000 2026,RT @Pixar: Taylor Swift surprised audiences at the world premiere of Toy Story 5 with a performance of her new original song for the film “…,https://x.com/Disney/status/2064604755255533896,0,10772,0,0,true,false,,2026-06-13T05:02:31.611082+00:00,capped browser-based collection of observable public posts,0,data/raw/fortune_x_2025_ranked/044_walt_disney/accounts/01_primary_disney,@Disney,https://x.com/Disney,primary,1
44,Walt Disney,@Disney,2064603562169307219,Wed Jun 10 07:00:22 +0000 2026,Taylor Swift has a friend in Randy Newman at the world premiere of Toy Story 5 https://t.co/DRe55mo6IP,https://x.com/Disney/status/2064603562169307219,129,4921,25884,228,true,false,,2026-06-13T05:02:31.611082+00:00,capped browser-based collection of observable public posts,0,data/raw/fortune_x_2025_ranked/044_walt_disney/accounts/01_primary_disney,@Disney,https://x.com/Disney,primary,1
44,Walt Disney,@Disney,2064603470267887712,Wed Jun 10 07:00:00 +0000 2026,"Taylor Swift surprised audiences at the world premiere of Toy Story 5 with a performance of her new original song for the film “I Knew It, I Knew You” https://t.co/WMK2NiqJIq",https://x.com/Disney/status/2064603470267887712,222,10772,47764,650,true,false,,2026-06-13T05:02:31.611082+00:00,capped browser-based collection of observable public posts,0,data/raw/fortune_x_2025_ranked/044_walt_disney/accounts/01_primary_disney,@Disney,https://x.com/Disney,primary,1
44,Walt Disney,@Disney,2064596325685944741,Wed Jun 10 06:31:37 +0000 2026,"RT @Pixar: Gotta go, Bonnie's coming...That's a wrap on the Toy Story 5 World Premiere in Hollywood! 🎬✨
#ToyStory5 only in theaters June 19…",https://x.com/Disney/status/2064596325685944741,0,323,0,0,true,false,,2026-06-13T05:02:31.611082+00:00,capped browser-based collection of observable public posts,0,data/raw/fortune_x_2025_ranked/044_walt_disney/accounts/01_primary_disney,@Disney,https://x.com/Disney,primary,1
44,Walt Disney,@Disney,2064585349016510663,Wed Jun 10 05:48:00 +0000 2026,"Gotta go, Bonnie's coming...That's a wrap on the Toy Story 5 World Premiere in Hollywood! 🎬✨
#ToyStory5 only in theaters June 19. Get tickets now! https://t.co/dpFVdD0bC1",https://x.com/Disney/status/2064585349016510663,24,323,2551,7,true,false,,2026-06-13T05:02:31.611082+00:00,capped browser-based collection of observable public posts,0,data/raw/fortune_x_2025_ranked/044_walt_disney/accounts/01_primary_disney,@Disney,https://x.com/Disney,primary,1
44,Walt Disney,@Disney,2064582405382414475,Wed Jun 10 05:36:18 +0000 2026,RT @Pixar: to the premiere and beyond! #ToyStory5 https://t.co/z5p7fOAuPt,https://x.com/Disney/status/2064582405382414475,0,268,0,0,true,false,,2026-06-13T05:02:31.611082+00:00,capped browser-based collection of observable public posts,0,data/raw/fortune_x_2025_ranked/044_walt_disney/accounts/01_primary_disney,@Disney,https://x.com/Disney,primary,1
44,Walt Disney,@Disney,2064582086305173541,Wed Jun 10 05:35:02 +0000 2026,to the premiere and beyond! #ToyStory5 https://t.co/z5p7fOAuPt,https://x.com/Disney/status/2064582086305173541,23,268,1729,49,true,false,,2026-06-13T05:02:31.611082+00:00,capped browser-based collection of observable public posts,0,data/raw/fortune_x_2025_ranked/044_walt_disney/accounts/01_primary_disney,@Disney,https://x.com/Disney,primary,1
44,Walt Disney,@Disney,2064559810582913315,Wed Jun 10 04:06:31 +0000 2026,RT @Pixar: the toys came out to play #ToyStory5 https://t.co/PYZtwXZOCr,https://x.com/Disney/status/2064559810582913315,0,268,0,0,true,false,,2026-06-13T05:02:31.611082+00:00,capped browser-based collection of observable public posts,0,data/raw/fortune_x_2025_ranked/044_walt_disney/accounts/01_primary_disney,@Disney,https://x.com/Disney,primary,1
44,Walt Disney,@Disney,2064557746331304083,Wed Jun 10 03:58:19 +0000 2026,the toys came out to play #ToyStory5 https://t.co/PYZtwXZOCr,https://x.com/Disney/status/2064557746331304083,22,268,2193,2,true,false,,2026-06-13T05:02:31.611082+00:00,capped browser-based collection of observable public posts,0,data/raw/fortune_x_2025_ranked/044_walt_disney/accounts/01_primary_disney,@Disney,https://x.com/Disney,primary,1
44,Walt Disney,@Disney,2064541566492893345,Wed Jun 10 02:54:01 +0000 2026,RT @Pixar: Woody and Buzz reunite at the #ToyStory5 World Premiere. https://t.co/U60kUrcPjv,https://x.com/Disney/status/2064541566492893345,0,460,0,0,true,false,,2026-06-13T05:02:31.611082+00:00,capped browser-based collection of observable public posts,0,data/raw/fortune_x_2025_ranked/044_walt_disney/accounts/01_primary_disney,@Disney,https://x.com/Disney,primary,1
44,Walt Disney,@Disney,2064539191430811951,Wed Jun 10 02:44:35 +0000 2026,Woody and Buzz reunite at the #ToyStory5 World Premiere. https://t.co/U60kUrcPjv,https://x.com/Disney/status/2064539191430811951,31,460,3571,16,true,false,,2026-06-13T05:02:31.611082+00:00,capped browser-based collection of observable public posts,0,data/raw/fortune_x_2025_ranked/044_walt_disney/accounts/01_primary_disney,@Disney,https://x.com/Disney,primary,1
44,Walt Disney,@Disney,2064535970217615743,Wed Jun 10 02:31:47 +0000 2026,RT @Pixar: Welcome to the World Premiere of #ToyStory5! https://t.co/nnIAuk7C66,https://x.com/Disney/status/2064535970217615743,0,194,0,0,true,false,,2026-06-13T05:02:31.611082+00:00,capped browser-based collection of observable public posts,0,data/raw/fortune_x_2025_ranked/044_walt_disney/accounts/01_primary_disney,@Disney,https://x.com/Disney,primary,1
44,Walt Disney,@Disney,2064512155626655913,Wed Jun 10 00:57:09 +0000 2026,Welcome to the World Premiere of #ToyStory5! https://t.co/nnIAuk7C66,https://x.com/Disney/status/2064512155626655913,40,194,1647,8,true,false,,2026-06-13T05:02:31.611082+00:00,capped browser-based collection of observable public posts,0,data/raw/fortune_x_2025_ranked/044_walt_disney/accounts/01_primary_disney,@Disney,https://x.com/Disney,primary,1
44,Walt Disney,@Disney,2064363724979216623,Tue Jun 09 15:07:20 +0000 2026,"RT @Pixar: 20 years ago today, a stop in Radiator Springs showed us that the journey matters as much as the finish line. 🏁

Cars Races Back…",https://x.com/Disney/status/2064363724979216623,0,4586,0,0,true,false,,2026-06-13T05:02:31.611082+00:00,capped browser-based collection of observable public posts,0,data/raw/fortune_x_2025_ranked/044_walt_disney/accounts/01_primary_disney,@Disney,https://x.com/Disney,primary,1
44,Walt Disney,@Disney,2064363126519443798,Tue Jun 09 15:04:58 +0000 2026,"20 years ago today, a stop in Radiator Springs showed us that the journey matters as much as the finish line. 🏁

Cars Races Back into Theaters September
#Cars20 https://t.co/y58Yufv0do",https://x.com/Disney/status/2064363126519443798,313,4586,27180,1173,true,false,,2026-06-13T05:02:31.611082+00:00,capped browser-based collection of observable public posts,0,data/raw/fortune_x_2025_ranked/044_walt_disney/accounts/01_primary_disney,@Disney,https://x.com/Disney,primary,1
44,Walt Disney,@Disney,2063020300401303941,Fri Jun 05 22:09:03 +0000 2026,RT @starwars: Embark on a Star Wars adventure unlike any other and experience a rivalry that will define the course of the Galactic League.…,https://x.com/Disney/status/2063020300401303941,0,941,0,0,true,false,,2026-06-13T05:02:31.611082+00:00,capped browser-based collection of observable public posts,0,data/raw/fortune_x_2025_ranked/044_walt_disney/accounts/01_primary_disney,@Disney,https://x.com/Disney,primary,1
44,Walt Disney,@Disney,2063015763892715904,Fri Jun 05 21:51:01 +0000 2026,"Embark on a Star Wars adventure unlike any other and experience a rivalry that will define the course of the Galactic League.

Watch the official story trailer for Star Wars: Galactic Racer™ unveiled today at Summer Game Fest.

Launching worldwide on October 6th. https://t.co/uFJMkWmcx9",https://x.com/Disney/status/2063015763892715904,125,941,6613,180,true,false,,2026-06-13T05:02:31.611082+00:00,capped browser-based collection of observable public posts,0,data/raw/fortune_x_2025_ranked/044_walt_disney/accounts/01_primary_disney,@Disney,https://x.com/Disney,primary,1
44,Walt Disney,@Disney,2062979390477115424,Fri Jun 05 19:26:29 +0000 2026,"RT @taylornation13: All we said was... The ""I Knew It, I Knew You"" Music Video is out now! ☁️ Watch on @Spotify and @AppleMusic. https://t.…",https://x.com/Disney/status/2062979390477115424,0,6835,0,0,true,false,,2026-06-13T05:02:31.611082+00:00,capped browser-based collection of observable public posts,0,data/raw/fortune_x_2025_ranked/044_walt_disney/accounts/01_primary_disney,@Disney,https://x.com/Disney,primary,1
44,Walt Disney,@Disney,2062974319374782898,Fri Jun 05 19:06:20 +0000 2026,"All we said was... The ""I Knew It, I Knew You"" Music Video is out now! ☁️ Watch on @Spotify and @AppleMusic. https://t.co/WNVuXUvXU5

See Disney and Pixar’s Toy Story 5 in theaters June 19. https://t.co/vz64OaEuWJ",https://x.com/Disney/status/2062974319374782898,634,6835,39063,521,true,false,,2026-06-13T05:02:31.611082+00:00,capped browser-based collection of observable public posts,0,data/raw/fortune_x_2025_ranked/044_walt_disney/accounts/01_primary_disney,@Disney,https://x.com/Disney,primary,1
44,Walt Disney,@Disney,2062901061732458944,Fri Jun 05 14:15:14 +0000 2026,RT @taylorswift13: Writing this song felt like a musical departure and coming home at the same time. Creating something for Jessie was a ne…,https://x.com/Disney/status/2062901061732458944,0,49809,0,0,true,false,,2026-06-13T05:02:31.611082+00:00,capped browser-based collection of observable public posts,0,data/raw/fortune_x_2025_ranked/044_walt_disney/accounts/01_primary_disney,@Disney,https://x.com/Disney,primary,1
44,Walt Disney,@Disney,2062747454659850326,Fri Jun 05 04:04:51 +0000 2026,"Writing this song felt like a musical departure and coming home at the same time. Creating something for Jessie was a new challenge and also felt like second nature all at once. And being a @toystory kid from the age of 5 til now… is an adventure I plan to be on, to infinity and beyond. 

Thank you to the brilliant Andrew Stanton for imagining me for this, all those years ago when you wrote this newest film. Thank you to the incomparable @RandyNewman or the gorgeous sonic tapestry of songs and scores you’ve meticulously woven over the years. You created the Toy Story musical world, and we are lucky to get to live in it.
By we, I mean myself and my pal @jackantonoff. We wrote this with so much adoration for these characters that made us laugh and helped us learn lessons and think outside the backyard all throughout our childhoods. “I Knew It, I Knew You” from Toy Story 5 is out everywhere now. 🤠🐴 

https://t.co/2JaaQvxHjp",https://x.com/Disney/status/2062747454659850326,4783,49809,199604,3778,true,false,,2026-06-13T05:02:31.611082+00:00,capped browser-based collection of observable public posts,0,data/raw/fortune_x_2025_ranked/044_walt_disney/accounts/01_primary_disney,@Disney,https://x.com/Disney,primary,1
44,Walt Disney,@Disney,2062566624234815990,Thu Jun 04 16:06:18 +0000 2026,"RT @DisneyStudios: The herd is back 🦣🦥

#IceAge: Boiling Point comes exclusively to theaters February 5, 2027. https://t.co/ZIYNuwdFQ0",https://x.com/Disney/status/2062566624234815990,0,4011,0,0,true,false,,2026-06-13T05:02:31.611082+00:00,capped browser-based collection of observable public posts,0,data/raw/fortune_x_2025_ranked/044_walt_disney/accounts/01_primary_disney,@Disney,https://x.com/Disney,primary,1
44,Walt Disney,@Disney,2062565476551848230,Thu Jun 04 16:01:44 +0000 2026,"The herd is back 🦣🦥

#IceAge: Boiling Point comes exclusively to theaters February 5, 2027. https://t.co/ZIYNuwdFQ0",https://x.com/Disney/status/2062565476551848230,497,4011,29486,644,true,false,,2026-06-13T05:02:31.611082+00:00,capped browser-based collection of observable public posts,0,data/raw/fortune_x_2025_ranked/044_walt_disney/accounts/01_primary_disney,@Disney,https://x.com/Disney,primary,1
44,Walt Disney,@Disney,2062565360629329950,Thu Jun 04 16:01:17 +0000 2026,"RT @DisneyStudios: OUCH! #IceAge: Boiling Point is coming in hot! Arriving only in theaters February 5, 2027. https://t.co/FeJ0UWzHMA",https://x.com/Disney/status/2062565360629329950,0,3182,0,0,true,false,,2026-06-13T05:02:31.611082+00:00,capped browser-based collection of observable public posts,0,data/raw/fortune_x_2025_ranked/044_walt_disney/accounts/01_primary_disney,@Disney,https://x.com/Disney,primary,1
44,Walt Disney,@Disney,2062565040113512629,Thu Jun 04 16:00:00 +0000 2026,"OUCH! #IceAge: Boiling Point is coming in hot! Arriving only in theaters February 5, 2027. https://t.co/FeJ0UWzHMA",https://x.com/Disney/status/2062565040113512629,337,3182,20074,658,true,false,,2026-06-13T05:02:31.611082+00:00,capped browser-based collection of observable public posts,0,data/raw/fortune_x_2025_ranked/044_walt_disney/accounts/01_primary_disney,@Disney,https://x.com/Disney,primary,1
44,Walt Disney,@Disney,2062210687942721753,Wed Jun 03 16:31:56 +0000 2026,"RT @Pixar: Hoppers is finally home!

#Hoppers is now streaming on @disneyplus! https://t.co/A3Ck2u9I1H",https://x.com/Disney/status/2062210687942721753,0,254,0,0,true,false,,2026-06-13T05:02:31.611082+00:00,capped browser-based collection of observable public posts,0,data/raw/fortune_x_2025_ranked/044_walt_disney/accounts/01_primary_disney,@Disney,https://x.com/Disney,primary,1
44,Walt Disney,@Disney,2062210208135307424,Wed Jun 03 16:30:02 +0000 2026,"Hoppers is finally home!

#Hoppers is now streaming on @disneyplus! https://t.co/A3Ck2u9I1H",https://x.com/Disney/status/2062210208135307424,30,254,1401,17,true,false,,2026-06-13T05:02:31.611082+00:00,capped browser-based collection of observable public posts,0,data/raw/fortune_x_2025_ranked/044_walt_disney/accounts/01_primary_disney,@Disney,https://x.com/Disney,primary,1
44,Walt Disney,@Disney,2061510834883297372,Mon Jun 01 18:10:58 +0000 2026,"RT @Pixar: Taylor Swift’s original song, “I Knew It, I Knew You” from Toy Story 5 is yours this Friday. https://t.co/yKycpWcyXO",https://x.com/Disney/status/2061510834883297372,0,7478,0,0,true,false,,2026-06-13T05:02:31.611082+00:00,capped browser-based collection of observable public posts,0,data/raw/fortune_x_2025_ranked/044_walt_disney/accounts/01_primary_disney,@Disney,https://x.com/Disney,primary,1
44,Walt Disney,@Disney,2061510782890979440,Mon Jun 01 18:10:46 +0000 2026,"Taylor Swift’s original song, “I Knew It, I Knew You” from Toy Story 5 is yours this Friday. https://t.co/yKycpWcyXO",https://x.com/Disney/status/2061510782890979440,332,7478,36715,354,true,false,,2026-06-13T05:02:31.611082+00:00,capped browser-based collection of observable public posts,0,data/raw/fortune_x_2025_ranked/044_walt_disney/accounts/01_primary_disney,@Disney,https://x.com/Disney,primary,1
44,Walt Disney,@Disney,2060045761480397076,Thu May 28 17:09:17 +0000 2026,"RT @Pixar: 🦎🏠🦫

#Hoppers is coming to @disneyplus June 3! https://t.co/VjXVrUuqGA",https://x.com/Disney/status/2060045761480397076,0,505,0,0,true,false,,2026-06-13T05:02:31.611082+00:00,capped browser-based collection of observable public posts,0,data/raw/fortune_x_2025_ranked/044_walt_disney/accounts/01_primary_disney,@Disney,https://x.com/Disney,primary,1
44,Walt Disney,@Disney,2060043425345335495,Thu May 28 17:00:01 +0000 2026,"🦎🏠🦫

#Hoppers is coming to @disneyplus June 3! https://t.co/VjXVrUuqGA",https://x.com/Disney/status/2060043425345335495,61,505,2390,25,true,false,,2026-06-13T05:02:31.611082+00:00,capped browser-based collection of observable public posts,0,data/raw/fortune_x_2025_ranked/044_walt_disney/accounts/01_primary_disney,@Disney,https://x.com/Disney,primary,1
44,Walt Disney,@Disney,2059308162100899857,Tue May 26 16:18:20 +0000 2026,"RT @Pixar: the battle for playtime begins 
Get your tickets NOW for #ToyStory5, only in theaters June 19 https://t.co/vo3qBLmwUK",https://x.com/Disney/status/2059308162100899857,0,1277,0,0,true,false,,2026-06-13T05:02:31.611082+00:00,capped browser-based collection of observable public posts,0,data/raw/fortune_x_2025_ranked/044_walt_disney/accounts/01_primary_disney,@Disney,https://x.com/Disney,primary,1
44,Walt Disney,@Disney,2059303689987428498,Tue May 26 16:00:34 +0000 2026,"the battle for playtime begins 
Get your tickets NOW for #ToyStory5, only in theaters June 19 https://t.co/vo3qBLmwUK",https://x.com/Disney/status/2059303689987428498,147,1277,4641,197,true,false,,2026-06-13T05:02:31.611082+00:00,capped browser-based collection of observable public posts,0,data/raw/fortune_x_2025_ranked/044_walt_disney/accounts/01_primary_disney,@Disney,https://x.com/Disney,primary,1
44,Walt Disney,@Disney,2059293781334147118,Tue May 26 15:21:11 +0000 2026,RT @DisneyParks: A look at everything that is opening today at @WaltDisneyWorld 🏰 https://t.co/Ri4nXwIbjn,https://x.com/Disney/status/2059293781334147118,0,135,0,0,true,false,,2026-06-13T05:02:31.611082+00:00,capped browser-based collection of observable public posts,0,data/raw/fortune_x_2025_ranked/044_walt_disney/accounts/01_primary_disney,@Disney,https://x.com/Disney,primary,1
44,Walt Disney,@Disney,2059293666422775852,Tue May 26 15:20:44 +0000 2026,RT @WaltDisneyWorld: Rock ‘n’ Roller Coaster Starring The Muppets is now open! Who do you want to ride with? 🎸 https://t.co/vlC9YKLMWd,https://x.com/Disney/status/2059293666422775852,0,332,0,0,true,false,,2026-06-13T05:02:31.611082+00:00,capped browser-based collection of observable public posts,0,data/raw/fortune_x_2025_ranked/044_walt_disney/accounts/01_primary_disney,@Disney,https://x.com/Disney,primary,1
44,Walt Disney,@Disney,2059258250491461957,Tue May 26 13:00:00 +0000 2026,A look at everything that is opening today at @WaltDisneyWorld 🏰 https://t.co/Ri4nXwIbjn,https://x.com/Disney/status/2059258250491461957,16,135,1075,12,true,false,,2026-06-13T05:02:31.611082+00:00,capped browser-based collection of observable public posts,0,data/raw/fortune_x_2025_ranked/044_walt_disney/accounts/01_primary_disney,@Disney,https://x.com/Disney,primary,1
44,Walt Disney,@Disney,2059247613136773197,Tue May 26 12:17:44 +0000 2026,Rock ‘n’ Roller Coaster Starring The Muppets is now open! Who do you want to ride with? 🎸 https://t.co/vlC9YKLMWd,https://x.com/Disney/status/2059247613136773197,36,332,2221,40,true,false,,2026-06-13T05:02:31.611082+00:00,capped browser-based collection of observable public posts,0,data/raw/fortune_x_2025_ranked/044_walt_disney/accounts/01_primary_disney,@Disney,https://x.com/Disney,primary,1
44,Walt Disney,@Disney,2058217760279195792,Sat May 23 16:05:28 +0000 2026,"RT @starwars: Star Wars is back and bigger than ever.

Get tickets now to see the #1 movie in the world, Star Wars: The Mandalorian and Gro…",https://x.com/Disney/status/2058217760279195792,0,571,0,0,true,false,,2026-06-13T05:02:31.611082+00:00,capped browser-based collection of observable public posts,0,data/raw/fortune_x_2025_ranked/044_walt_disney/accounts/01_primary_disney,@Disney,https://x.com/Disney,primary,1
44,Walt Disney,@Disney,2058216391858438383,Sat May 23 16:00:02 +0000 2026,"Star Wars is back and bigger than ever.

Get tickets now to see the #1 movie in the world, Star Wars: The Mandalorian and Grogu. Get tickets. https://t.co/oO5Cz6UMdF

#TheMandalorianAndGrogu https://t.co/jr8daaMGGI",https://x.com/Disney/status/2058216391858438383,132,571,3532,20,true,false,,2026-06-13T05:02:31.611082+00:00,capped browser-based collection of observable public posts,0,data/raw/fortune_x_2025_ranked/044_walt_disney/accounts/01_primary_disney,@Disney,https://x.com/Disney,primary,1
44,Walt Disney,@Disney,2057928184419508703,Fri May 22 20:54:48 +0000 2026,"RT @starwars: Critics and audiences are raving.

Experience Star Wars: The Mandalorian and Grogu now playing in theaters and IMAX. Get tick…",https://x.com/Disney/status/2057928184419508703,0,282,0,0,true,false,,2026-06-13T05:02:31.611082+00:00,capped browser-based collection of observable public posts,0,data/raw/fortune_x_2025_ranked/044_walt_disney/accounts/01_primary_disney,@Disney,https://x.com/Disney,primary,1
44,Walt Disney,@Disney,2057871209941844255,Fri May 22 17:08:24 +0000 2026,"RT @starwars: The wait is over. 

Star Wars: The Mandalorian and Grogu is now playing only in theaters and IMAX May 22. Get tickets. https:…",https://x.com/Disney/status/2057871209941844255,0,551,0,0,true,false,,2026-06-13T05:02:31.611082+00:00,capped browser-based collection of observable public posts,0,data/raw/fortune_x_2025_ranked/044_walt_disney/accounts/01_primary_disney,@Disney,https://x.com/Disney,primary,1
44,Walt Disney,@Disney,2057871159270453497,Fri May 22 17:08:12 +0000 2026,RT @DisneyParks: Hooray 💙🧡 Your first look at Bluey's Wild World at Conservation Station opening May 26 at Disney's Animal Kingdom 🌳 https:…,https://x.com/Disney/status/2057871159270453497,0,110,0,0,true,false,,2026-06-13T05:02:31.611082+00:00,capped browser-based collection of observable public posts,0,data/raw/fortune_x_2025_ranked/044_walt_disney/accounts/01_primary_disney,@Disney,https://x.com/Disney,primary,1
44,Walt Disney,@Disney,2057871138592587955,Fri May 22 17:08:07 +0000 2026,"RT @DisneyParks: A meaningful moment on Main Street, U.S.A. 🇺🇸 To celebrate the men and women of the @USNavy, @USMarineCorps, and @USCG, Di…",https://x.com/Disney/status/2057871138592587955,0,122,0,0,true,false,,2026-06-13T05:02:31.611082+00:00,capped browser-based collection of observable public posts,0,data/raw/fortune_x_2025_ranked/044_walt_disney/accounts/01_primary_disney,@Disney,https://x.com/Disney,primary,1
44,Walt Disney,@Disney,2057871128907882896,Fri May 22 17:08:05 +0000 2026,"RT @DisneyParks: Red, white, and whoosh 🇺🇸✈️ ⚓🏰 @USNavy #Disneyland #LAFleetWeek #DisneySalutes #DisneyCelebratesAmerica https://t.co/b1rGu…",https://x.com/Disney/status/2057871128907882896,0,160,0,0,true,false,,2026-06-13T05:02:31.611082+00:00,capped browser-based collection of observable public posts,0,data/raw/fortune_x_2025_ranked/044_walt_disney/accounts/01_primary_disney,@Disney,https://x.com/Disney,primary,1
44,Walt Disney,@Disney,2057869271112557052,Fri May 22 17:00:42 +0000 2026,"Critics and audiences are raving.

Experience Star Wars: The Mandalorian and Grogu now playing in theaters and IMAX. Get tickets. https://t.co/oO5Cz6UMdF

#TheMandalorianAndGrogu https://t.co/92aT0dyCCY",https://x.com/Disney/status/2057869271112557052,144,282,2064,14,true,false,,2026-06-13T05:02:31.611082+00:00,capped browser-based collection of observable public posts,0,data/raw/fortune_x_2025_ranked/044_walt_disney/accounts/01_primary_disney,@Disney,https://x.com/Disney,primary,1
44,Walt Disney,@Disney,2057838905626693960,Fri May 22 15:00:02 +0000 2026,"The wait is over. 

Star Wars: The Mandalorian and Grogu is now playing only in theaters and IMAX May 22. Get tickets. https://t.co/oO5Cz6UMdF

#TheMandalorianAndGrogu https://t.co/VhETQClZfK",https://x.com/Disney/status/2057838905626693960,79,551,2997,34,true,false,,2026-06-13T05:02:31.611082+00:00,capped browser-based collection of observable public posts,0,data/raw/fortune_x_2025_ranked/044_walt_disney/accounts/01_primary_disney,@Disney,https://x.com/Disney,primary,1
44,Walt Disney,@Disney,2057793602407833653,Fri May 22 12:00:01 +0000 2026,Hooray 💙🧡 Your first look at Bluey's Wild World at Conservation Station opening May 26 at Disney's Animal Kingdom 🌳 https://t.co/fVUdJ5JjMV,https://x.com/Disney/status/2057793602407833653,16,110,896,28,true,false,,2026-06-13T05:02:31.611082+00:00,capped browser-based collection of observable public posts,0,data/raw/fortune_x_2025_ranked/044_walt_disney/accounts/01_primary_disney,@Disney,https://x.com/Disney,primary,1
44,Walt Disney,@Disney,2057692466141081844,Fri May 22 05:18:08 +0000 2026,"A meaningful moment on Main Street, U.S.A. 🇺🇸 To celebrate the men and women of the @USNavy, @USMarineCorps, and @USCG, Disneyland Resort welcomed Sailors, Marines and Coast Guardsmen and the Navy Band Southwest for a special #LAFleetWeek ceremony, featuring a performance of the national anthem and a commemorative flyover. https://t.co/aLz6ZblBic

#DisneySalutes #DisneyCelebratesAmerica",https://x.com/Disney/status/2057692466141081844,12,122,747,5,true,false,,2026-06-13T05:02:31.611082+00:00,capped browser-based collection of observable public posts,0,data/raw/fortune_x_2025_ranked/044_walt_disney/accounts/01_primary_disney,@Disney,https://x.com/Disney,primary,1
44,Walt Disney,@Disney,2057659495317143595,Fri May 22 03:07:07 +0000 2026,"Red, white, and whoosh 🇺🇸✈️ ⚓🏰 @USNavy #Disneyland #LAFleetWeek #DisneySalutes #DisneyCelebratesAmerica https://t.co/b1rGuljdU6",https://x.com/Disney/status/2057659495317143595,10,160,969,11,true,false,,2026-06-13T05:02:31.611082+00:00,capped browser-based collection of observable public posts,0,data/raw/fortune_x_2025_ranked/044_walt_disney/accounts/01_primary_disney,@Disney,https://x.com/Disney,primary,1
44,Walt Disney,@Disney,2057506826887791101,Thu May 21 17:00:28 +0000 2026,"You never know who you’ll meet at the concession stand.

Experience Star Wars: The Mandalorian and Grogu only in theaters and IMAX May 22.
Catch Toy Story 5 only in theaters June 19. https://t.co/31tWIImfMj",https://x.com/Disney/status/2057506826887791101,55,256,1474,6,true,false,,2026-06-13T05:02:31.611082+00:00,capped browser-based collection of observable public posts,0,data/raw/fortune_x_2025_ranked/044_walt_disney/accounts/01_primary_disney,@Disney,https://x.com/Disney,primary,1
44,Walt Disney,@Disney,2057346763346809009,Thu May 21 06:24:26 +0000 2026,RT @DisneyParks: Turn it up 🔊 The Electric Mayhem performed outside of Rock 'n' Roller Coaster Starring The Muppets at Disney's Hollywood S…,https://x.com/Disney/status/2057346763346809009,0,177,0,0,true,false,,2026-06-13T05:02:31.611082+00:00,capped browser-based collection of observable public posts,0,data/raw/fortune_x_2025_ranked/044_walt_disney/accounts/01_primary_disney,@Disney,https://x.com/Disney,primary,1
44,Walt Disney,@Disney,2057346746238242988,Thu May 21 06:24:22 +0000 2026,RT @WaltDisneyWorld: A little rock 'n' roll ... and a whole lot of MAYHEM 🎸 The Electric Mayhem performed outside of Rock 'n' Roller Coaste…,https://x.com/Disney/status/2057346746238242988,0,126,0,0,true,false,,2026-06-13T05:02:31.611082+00:00,capped browser-based collection of observable public posts,0,data/raw/fortune_x_2025_ranked/044_walt_disney/accounts/01_primary_disney,@Disney,https://x.com/Disney,primary,1
44,Walt Disney,@Disney,2057309257255530511,Thu May 21 03:55:24 +0000 2026,Turn it up 🔊 The Electric Mayhem performed outside of Rock 'n' Roller Coaster Starring The Muppets at Disney's Hollywood Studios ⭐ https://t.co/Yz7DhwvBbh,https://x.com/Disney/status/2057309257255530511,19,177,1248,20,true,false,,2026-06-13T05:02:31.611082+00:00,capped browser-based collection of observable public posts,0,data/raw/fortune_x_2025_ranked/044_walt_disney/accounts/01_primary_disney,@Disney,https://x.com/Disney,primary,1
44,Walt Disney,@Disney,2057303879432249593,Thu May 21 03:34:02 +0000 2026,A little rock 'n' roll ... and a whole lot of MAYHEM 🎸 The Electric Mayhem performed outside of Rock 'n' Roller Coaster Starring The Muppets at Disney's Hollywood Studios 🎢 https://t.co/s3YHP3pt43,https://x.com/Disney/status/2057303879432249593,19,126,793,17,true,false,,2026-06-13T05:02:31.611082+00:00,capped browser-based collection of observable public posts,0,data/raw/fortune_x_2025_ranked/044_walt_disney/accounts/01_primary_disney,@Disney,https://x.com/Disney,primary,1
44,Walt Disney,@Disney,2057149283078443151,Wed May 20 17:19:43 +0000 2026,RT @DisneyParks: From pencil to picture ✏️ https://t.co/ZQIpWy3GHb,https://x.com/Disney/status/2057149283078443151,0,376,0,0,true,false,,2026-06-13T05:02:31.611082+00:00,capped browser-based collection of observable public posts,0,data/raw/fortune_x_2025_ranked/044_walt_disney/accounts/01_primary_disney,@Disney,https://x.com/Disney,primary,1
44,Walt Disney,@Disney,2057149269413417024,Wed May 20 17:19:40 +0000 2026,"RT @DisneyParks: A look at The Walt Disney Studios Courtyard, which opens May 26 at Disney's Hollywood Studios ✨ https://t.co/cUnEdxFXLT",https://x.com/Disney/status/2057149269413417024,0,303,0,0,true,false,,2026-06-13T05:02:31.611082+00:00,capped browser-based collection of observable public posts,0,data/raw/fortune_x_2025_ranked/044_walt_disney/accounts/01_primary_disney,@Disney,https://x.com/Disney,primary,1
44,Walt Disney,@Disney,2057149234118275572,Wed May 20 17:19:32 +0000 2026,RT @WaltDisneyWorld: Rock 'n' Roller Coaster Starring The Muppets opens May 26th at Disney's Hollywood Studios! https://t.co/JcuZMDnAQN,https://x.com/Disney/status/2057149234118275572,0,128,0,0,true,false,,2026-06-13T05:02:31.611082+00:00,capped browser-based collection of observable public posts,0,data/raw/fortune_x_2025_ranked/044_walt_disney/accounts/01_primary_disney,@Disney,https://x.com/Disney,primary,1
44,Walt Disney,@Disney,2057149184768139610,Wed May 20 17:19:20 +0000 2026,RT @WaltDisneyWorld: ROCK ON 🤘 A close-up look at Rock 'n' Roller Coaster Starring The Muppets ⭐ https://t.co/OvqvJ0Z1Q0 https://t.co/ysRWK…,https://x.com/Disney/status/2057149184768139610,0,139,0,0,true,false,,2026-06-13T05:02:31.611082+00:00,capped browser-based collection of observable public posts,0,data/raw/fortune_x_2025_ranked/044_walt_disney/accounts/01_primary_disney,@Disney,https://x.com/Disney,primary,1
44,Walt Disney,@Disney,2057105363191656681,Wed May 20 14:25:12 +0000 2026,"A look at The Walt Disney Studios Courtyard, which opens May 26 at Disney's Hollywood Studios ✨ https://t.co/cUnEdxFXLT",https://x.com/Disney/status/2057105363191656681,18,303,1980,42,true,false,,2026-06-13T05:02:31.611082+00:00,capped browser-based collection of observable public posts,0,data/raw/fortune_x_2025_ranked/044_walt_disney/accounts/01_primary_disney,@Disney,https://x.com/Disney,primary,1
44,Walt Disney,@Disney,2057105244274712975,Wed May 20 14:24:44 +0000 2026,From pencil to picture ✏️ https://t.co/ZQIpWy3GHb,https://x.com/Disney/status/2057105244274712975,34,376,3385,46,true,false,,2026-06-13T05:02:31.611082+00:00,capped browser-based collection of observable public posts,0,data/raw/fortune_x_2025_ranked/044_walt_disney/accounts/01_primary_disney,@Disney,https://x.com/Disney,primary,1
44,Walt Disney,@Disney,2057054411323511113,Wed May 20 11:02:44 +0000 2026,Rock 'n' Roller Coaster Starring The Muppets opens May 26th at Disney's Hollywood Studios! https://t.co/JcuZMDnAQN,https://x.com/Disney/status/2057054411323511113,7,128,951,14,true,false,,2026-06-13T05:02:31.611082+00:00,capped browser-based collection of observable public posts,0,data/raw/fortune_x_2025_ranked/044_walt_disney/accounts/01_primary_disney,@Disney,https://x.com/Disney,primary,1
44,Walt Disney,@Disney,2057053759679701412,Wed May 20 11:00:09 +0000 2026,ROCK ON 🤘 A close-up look at Rock 'n' Roller Coaster Starring The Muppets ⭐ https://t.co/OvqvJ0Z1Q0 https://t.co/ysRWK30Big,https://x.com/Disney/status/2057053759679701412,11,139,834,16,true,false,,2026-06-13T05:02:31.611082+00:00,capped browser-based collection of observable public posts,0,data/raw/fortune_x_2025_ranked/044_walt_disney/accounts/01_primary_disney,@Disney,https://x.com/Disney,primary,1
44,Walt Disney,@Disney,2056419543958921440,Mon May 18 17:00:00 +0000 2026,"The race to the cinema has begun 🍿💥 Disney, Pixar, Star Wars, and Marvel join forces in a massive sprint toward Blockbuster Summer.

✨ Star Wars: The Mandalorian and Grogu, only in theaters May 22
🚀 Toy Story 5, only in theaters June 19
🌊 Moana, only in theaters July 10 https://t.co/MgXB3ehksp",https://x.com/Disney/status/2056419543958921440,62,354,1614,29,true,false,,2026-06-13T05:02:31.611082+00:00,capped browser-based collection of observable public posts,0,data/raw/fortune_x_2025_ranked/044_walt_disney/accounts/01_primary_disney,@Disney,https://x.com/Disney,primary,1
44,Walt Disney,@Disney,2056404445584363949,Mon May 18 16:00:00 +0000 2026,"Your summer starts here. #SummerofDisney

Mark your calendars:
✨ Star Wars: The Mandalorian and Grogu, only in theaters May 22
🚀 Toy Story 5, only in theaters June 19
🌊 Moana, only in theaters, July 10 https://t.co/n4Qfno63rH",https://x.com/Disney/status/2056404445584363949,93,442,2270,36,true,false,,2026-06-13T05:02:31.611082+00:00,capped browser-based collection of observable public posts,0,data/raw/fortune_x_2025_ranked/044_walt_disney/accounts/01_primary_disney,@Disney,https://x.com/Disney,primary,1
44,Walt Disney,@Disney,2056022855062597905,Sun May 17 14:43:42 +0000 2026,"RT @starwars: Bring your friends, explore Nevarro, complete Island quests, and catch a sneak peek of the first 10 minutes from Star Wars: T…",https://x.com/Disney/status/2056022855062597905,0,382,0,0,true,false,,2026-06-13T05:02:31.611082+00:00,capped browser-based collection of observable public posts,0,data/raw/fortune_x_2025_ranked/044_walt_disney/accounts/01_primary_disney,@Disney,https://x.com/Disney,primary,1
44,Walt Disney,@Disney,2056011859543634364,Sun May 17 14:00:00 +0000 2026,"Bring your friends, explore Nevarro, complete Island quests, and catch a sneak peek of the first 10 minutes from Star Wars: The Mandalorian and Grogu in The Mandalorian and Grogu Watch Party Island, launching May 19! https://t.co/BvQUvhEEVw",https://x.com/Disney/status/2056011859543634364,47,382,2823,24,true,false,,2026-06-13T05:02:31.611082+00:00,capped browser-based collection of observable public posts,0,data/raw/fortune_x_2025_ranked/044_walt_disney/accounts/01_primary_disney,@Disney,https://x.com/Disney,primary,1
44,Walt Disney,@Disney,2055339243979882629,Fri May 15 17:27:16 +0000 2026,RT @starwars: In just one week experience Star Wars on the big screen with The Mandalorian and Grogu only in theaters and IMAX May 22. Tick…,https://x.com/Disney/status/2055339243979882629,0,353,0,0,true,false,,2026-06-13T05:02:31.611082+00:00,capped browser-based collection of observable public posts,0,data/raw/fortune_x_2025_ranked/044_walt_disney/accounts/01_primary_disney,@Disney,https://x.com/Disney,primary,1
44,Walt Disney,@Disney,2055295404204322951,Fri May 15 14:33:04 +0000 2026,"RT @starwars: Their greatest mission awaits.

Pedro Pascal, Sigourney Weaver, Grogu, Jon Favreau and Dave Filoni traveled across the galaxy…",https://x.com/Disney/status/2055295404204322951,0,267,0,0,true,false,,2026-06-13T05:02:31.611082+00:00,capped browser-based collection of observable public posts,0,data/raw/fortune_x_2025_ranked/044_walt_disney/accounts/01_primary_disney,@Disney,https://x.com/Disney,primary,1
44,Walt Disney,@Disney,2055294836207706205,Fri May 15 14:30:49 +0000 2026,"Their greatest mission awaits.

Pedro Pascal, Sigourney Weaver, Grogu, Jon Favreau and Dave Filoni traveled across the galaxy for the World Premiere of Star Wars: The Mandalorian and Grogu in Hollywood.

Experience the film in theaters and IMAX in one week. Get tickets now.  https://t.co/NuqETdwvDm

#TheMandalorianAndGrogu",https://x.com/Disney/status/2055294836207706205,45,267,1662,4,true,false,,2026-06-13T05:02:31.611082+00:00,capped browser-based collection of observable public posts,0,data/raw/fortune_x_2025_ranked/044_walt_disney/accounts/01_primary_disney,@Disney,https://x.com/Disney,primary,1
44,Walt Disney,@Disney,2055287239891202341,Fri May 15 14:00:38 +0000 2026,"In just one week experience Star Wars on the big screen with The Mandalorian and Grogu only in theaters and IMAX May 22. Tickets on sale now. https://t.co/oO5Cz6UMdF

#TheMandalorianAndGrogu https://t.co/q4Jctns385",https://x.com/Disney/status/2055287239891202341,48,353,1663,18,true,false,,2026-06-13T05:02:31.611082+00:00,capped browser-based collection of observable public posts,0,data/raw/fortune_x_2025_ranked/044_walt_disney/accounts/01_primary_disney,@Disney,https://x.com/Disney,primary,1
44,Walt Disney,@Disney,2055221758232281421,Fri May 15 09:40:25 +0000 2026,"RT @starwars: This is the Way… to the big screen. 

The cast and creative force behind Star Wars: The Mandalorian and Grogu celebrated the…",https://x.com/Disney/status/2055221758232281421,0,291,0,0,true,false,,2026-06-13T05:02:31.611082+00:00,capped browser-based collection of observable public posts,0,data/raw/fortune_x_2025_ranked/044_walt_disney/accounts/01_primary_disney,@Disney,https://x.com/Disney,primary,1
44,Walt Disney,@Disney,2055171031044890961,Fri May 15 06:18:51 +0000 2026,"This is the Way… to the big screen. 

The cast and creative force behind Star Wars: The Mandalorian and Grogu celebrated the film in Hollywood. Experience the event of the summer only in theaters and IMAX May 22. Get tickets now. https://t.co/oO5Cz6UMdF

#TheMandalorianAndGrogu https://t.co/qYR1NLyeeb",https://x.com/Disney/status/2055171031044890961,30,291,1703,10,true,false,,2026-06-13T05:02:31.611082+00:00,capped browser-based collection of observable public posts,0,data/raw/fortune_x_2025_ranked/044_walt_disney/accounts/01_primary_disney,@Disney,https://x.com/Disney,primary,1
44,Walt Disney,@Disney,2055136728361349447,Fri May 15 04:02:33 +0000 2026,"RT @starwars: Sigourney. Pedro. Jon. Dave. Grogu.

Experience Star Wars: The Mandalorian and Grogu only in theaters and IMAX May 22. 

#The…",https://x.com/Disney/status/2055136728361349447,0,371,0,0,true,false,,2026-06-13T05:02:31.611082+00:00,capped browser-based collection of observable public posts,0,data/raw/fortune_x_2025_ranked/044_walt_disney/accounts/01_primary_disney,@Disney,https://x.com/Disney,primary,1
44,Walt Disney,@Disney,2055136719947624466,Fri May 15 04:02:31 +0000 2026,"RT @starwars: a full circle moment.

Jon Favreau shares his love for a galaxy far, far away at the World Premiere of Star Wars: The Mandalo…",https://x.com/Disney/status/2055136719947624466,0,202,0,0,true,false,,2026-06-13T05:02:31.611082+00:00,capped browser-based collection of observable public posts,0,data/raw/fortune_x_2025_ranked/044_walt_disney/accounts/01_primary_disney,@Disney,https://x.com/Disney,primary,1
44,Walt Disney,@Disney,2055130909880516650,Fri May 15 03:39:26 +0000 2026,"Sigourney. Pedro. Jon. Dave. Grogu.

Experience Star Wars: The Mandalorian and Grogu only in theaters and IMAX May 22. 

#TheMandalorianAndGrogu https://t.co/OUfarF8lg0",https://x.com/Disney/status/2055130909880516650,35,371,2196,18,true,false,,2026-06-13T05:02:31.611082+00:00,capped browser-based collection of observable public posts,0,data/raw/fortune_x_2025_ranked/044_walt_disney/accounts/01_primary_disney,@Disney,https://x.com/Disney,primary,1
44,Walt Disney,@Disney,2055128877974847802,Fri May 15 03:31:21 +0000 2026,"RT @starwars: Pedro Pascal and Gabriel Luna reunite at the World Premiere of Star Wars: The Mandalorian and Grogu, in theaters and IMAX May…",https://x.com/Disney/status/2055128877974847802,0,278,0,0,true,false,,2026-06-13T05:02:31.611082+00:00,capped browser-based collection of observable public posts,0,data/raw/fortune_x_2025_ranked/044_walt_disney/accounts/01_primary_disney,@Disney,https://x.com/Disney,primary,1
44,Walt Disney,@Disney,2055128856332267957,Fri May 15 03:31:16 +0000 2026,"RT @starwars: This is the Way.

Experience the event of the summer. Star Wars: The Mandalorian and Grogu premieres in theaters and IMAX May…",https://x.com/Disney/status/2055128856332267957,0,704,0,0,true,false,,2026-06-13T05:02:31.611082+00:00,capped browser-based collection of observable public posts,0,data/raw/fortune_x_2025_ranked/044_walt_disney/accounts/01_primary_disney,@Disney,https://x.com/Disney,primary,1
44,Walt Disney,@Disney,2055128619677257887,Fri May 15 03:30:20 +0000 2026,"a full circle moment.

Jon Favreau shares his love for a galaxy far, far away at the World Premiere of Star Wars: The Mandalorian and Grogu, in theaters and IMAX May 22. 

#TheMandalorianAndGrogu https://t.co/WHX2vnxjW1",https://x.com/Disney/status/2055128619677257887,25,202,1282,9,true,false,,2026-06-13T05:02:31.611082+00:00,capped browser-based collection of observable public posts,0,data/raw/fortune_x_2025_ranked/044_walt_disney/accounts/01_primary_disney,@Disney,https://x.com/Disney,primary,1
44,Walt Disney,@Disney,2055121276784783868,Fri May 15 03:01:09 +0000 2026,"Pedro Pascal and Gabriel Luna reunite at the World Premiere of Star Wars: The Mandalorian and Grogu, in theaters and IMAX May 22.

#TheMandalorianAndGrogu https://t.co/3AgedB5512",https://x.com/Disney/status/2055121276784783868,26,278,2120,28,true,false,,2026-06-13T05:02:31.611082+00:00,capped browser-based collection of observable public posts,0,data/raw/fortune_x_2025_ranked/044_walt_disney/accounts/01_primary_disney,@Disney,https://x.com/Disney,primary,1
44,Walt Disney,@Disney,2055119443492262238,Fri May 15 02:53:52 +0000 2026,"This is the Way.

Experience the event of the summer. Star Wars: The Mandalorian and Grogu premieres in theaters and IMAX May 22. 

#TheMandalorianAndGrogu https://t.co/8jrhcAz7lo",https://x.com/Disney/status/2055119443492262238,73,704,4492,50,true,false,,2026-06-13T05:02:31.611082+00:00,capped browser-based collection of observable public posts,0,data/raw/fortune_x_2025_ranked/044_walt_disney/accounts/01_primary_disney,@Disney,https://x.com/Disney,primary,1
44,Walt Disney,@Disney,2055104875915002302,Fri May 15 01:55:59 +0000 2026,"RT @starwars: From the Adelphi Base to the World Premiere of Star Wars: The Mandalorian and Grogu, Sigourney Weaver has arrived. Don’t miss…",https://x.com/Disney/status/2055104875915002302,0,143,0,0,true,false,,2026-06-13T05:02:31.611082+00:00,capped browser-based collection of observable public posts,0,data/raw/fortune_x_2025_ranked/044_walt_disney/accounts/01_primary_disney,@Disney,https://x.com/Disney,primary,1
44,Walt Disney,@Disney,2055102009846767887,Fri May 15 01:44:35 +0000 2026,"From the Adelphi Base to the World Premiere of Star Wars: The Mandalorian and Grogu, Sigourney Weaver has arrived. Don’t miss the film in theaters and IMAX May 22. Get tickets. https://t.co/YilO5YaHN0",https://x.com/Disney/status/2055102009846767887,20,143,834,7,true,false,,2026-06-13T05:02:31.611082+00:00,capped browser-based collection of observable public posts,0,data/raw/fortune_x_2025_ranked/044_walt_disney/accounts/01_primary_disney,@Disney,https://x.com/Disney,primary,1
44,Walt Disney,@Disney,2055101966968037613,Fri May 15 01:44:25 +0000 2026,"RT @starwars: Straight off the Razor Crest, Pedro Pascal has landed at the World Premiere of Star Wars: The Mandalorian and Grogu. In theat…",https://x.com/Disney/status/2055101966968037613,0,362,0,0,true,false,,2026-06-13T05:02:31.611082+00:00,capped browser-based collection of observable public posts,0,data/raw/fortune_x_2025_ranked/044_walt_disney/accounts/01_primary_disney,@Disney,https://x.com/Disney,primary,1
44,Walt Disney,@Disney,2055101955580596306,Fri May 15 01:44:22 +0000 2026,"RT @starwars: Jon Favreau and Ming-Na Wen have arrived to the Star Wars: The Mandalorian and Grogu World Premiere. 

Experience the event o…",https://x.com/Disney/status/2055101955580596306,0,183,0,0,true,false,,2026-06-13T05:02:31.611082+00:00,capped browser-based collection of observable public posts,0,data/raw/fortune_x_2025_ranked/044_walt_disney/accounts/01_primary_disney,@Disney,https://x.com/Disney,primary,1
44,Walt Disney,@Disney,2055100689525932045,Fri May 15 01:39:20 +0000 2026,"Straight off the Razor Crest, Pedro Pascal has landed at the World Premiere of Star Wars: The Mandalorian and Grogu. In theaters and IMAX May 22. https://t.co/bCpmbPrsnG",https://x.com/Disney/status/2055100689525932045,52,362,2220,31,true,false,,2026-06-13T05:02:31.611082+00:00,capped browser-based collection of observable public posts,0,data/raw/fortune_x_2025_ranked/044_walt_disney/accounts/01_primary_disney,@Disney,https://x.com/Disney,primary,1
44,Walt Disney,@Disney,2055093436399706370,Fri May 15 01:10:31 +0000 2026,"RT @starwars: you never know where your next mission will take you.

#TheMandalorianAndGrogu https://t.co/87dFXeRvba",https://x.com/Disney/status/2055093436399706370,0,294,0,0,true,false,,2026-06-13T05:02:31.611082+00:00,capped browser-based collection of observable public posts,0,data/raw/fortune_x_2025_ranked/044_walt_disney/accounts/01_primary_disney,@Disney,https://x.com/Disney,primary,1
44,Walt Disney,@Disney,2055093370553307383,Fri May 15 01:10:15 +0000 2026,RT @starwars: Grogu stuns on #TheMandalorianandGrogu World Premiere red carpet. https://t.co/iXydk65gNu,https://x.com/Disney/status/2055093370553307383,0,5417,0,0,true,false,,2026-06-13T05:02:31.611082+00:00,capped browser-based collection of observable public posts,0,data/raw/fortune_x_2025_ranked/044_walt_disney/accounts/01_primary_disney,@Disney,https://x.com/Disney,primary,1
44,Walt Disney,@Disney,2055092573396750735,Fri May 15 01:07:05 +0000 2026,"Jon Favreau and Ming-Na Wen have arrived to the Star Wars: The Mandalorian and Grogu World Premiere. 

Experience the event of the summer only in theaters and IMAX May 22. https://t.co/xh7kFu4SGx",https://x.com/Disney/status/2055092573396750735,22,183,1291,14,true,false,,2026-06-13T05:02:31.611082+00:00,capped browser-based collection of observable public posts,0,data/raw/fortune_x_2025_ranked/044_walt_disney/accounts/01_primary_disney,@Disney,https://x.com/Disney,primary,1
44,Walt Disney,@Disney,2055091936042602672,Fri May 15 01:04:33 +0000 2026,"RT @starwars: traveled across the galaxy and landed in Hollywood for the World Premiere of
Star Wars: The Mandalorian and Grogu. Follow alo…",https://x.com/Disney/status/2055091936042602672,0,196,0,0,true,false,,2026-06-13T05:02:31.611082+00:00,capped browser-based collection of observable public posts,0,data/raw/fortune_x_2025_ranked/044_walt_disney/accounts/01_primary_disney,@Disney,https://x.com/Disney,primary,1
44,Walt Disney,@Disney,2055091877934735865,Fri May 15 01:04:20 +0000 2026,"RT @starwars: Everyone’s showing off their World Premiere fits. 

Experience the event of the summer. Star Wars: The Mandalorian and Grogu…",https://x.com/Disney/status/2055091877934735865,0,981,0,0,true,false,,2026-06-13T05:02:31.611082+00:00,capped browser-based collection of observable public posts,0,data/raw/fortune_x_2025_ranked/044_walt_disney/accounts/01_primary_disney,@Disney,https://x.com/Disney,primary,1
44,Walt Disney,@Disney,2055091602444714423,Fri May 15 01:03:14 +0000 2026,"you never know where your next mission will take you.

#TheMandalorianAndGrogu https://t.co/87dFXeRvba",https://x.com/Disney/status/2055091602444714423,26,294,2167,28,true,false,,2026-06-13T05:02:31.611082+00:00,capped browser-based collection of observable public posts,0,data/raw/fortune_x_2025_ranked/044_walt_disney/accounts/01_primary_disney,@Disney,https://x.com/Disney,primary,1
44,Walt Disney,@Disney,2055085665520628148,Fri May 15 00:39:38 +0000 2026,Grogu stuns on #TheMandalorianandGrogu World Premiere red carpet. https://t.co/iXydk65gNu,https://x.com/Disney/status/2055085665520628148,209,5417,26154,689,true,false,,2026-06-13T05:02:31.611082+00:00,capped browser-based collection of observable public posts,0,data/raw/fortune_x_2025_ranked/044_walt_disney/accounts/01_primary_disney,@Disney,https://x.com/Disney,primary,1
44,Walt Disney,@Disney,2055084652210323761,Fri May 15 00:35:37 +0000 2026,"traveled across the galaxy and landed in Hollywood for the World Premiere of
Star Wars: The Mandalorian and Grogu. Follow along!

#TheMandalorianAndGrogu https://t.co/TuNEZwwuv4",https://x.com/Disney/status/2055084652210323761,27,196,1153,12,true,false,,2026-06-13T05:02:31.611082+00:00,capped browser-based collection of observable public posts,0,data/raw/fortune_x_2025_ranked/044_walt_disney/accounts/01_primary_disney,@Disney,https://x.com/Disney,primary,1
44,Walt Disney,@Disney,2055070252548177931,Thu May 14 23:38:24 +0000 2026,"Everyone’s showing off their World Premiere fits. 

Experience the event of the summer. Star Wars: The Mandalorian and Grogu is only in theaters and IMAX May 22.

#TheMandalorianAndGrogu https://t.co/sNuPKg2Yoi",https://x.com/Disney/status/2055070252548177931,56,981,5531,95,true,false,,2026-06-13T05:02:31.611082+00:00,capped browser-based collection of observable public posts,0,data/raw/fortune_x_2025_ranked/044_walt_disney/accounts/01_primary_disney,@Disney,https://x.com/Disney,primary,1
44,Walt Disney,@Disney,2054602006245839123,Wed May 13 16:37:45 +0000 2026,RT @DisneyPlus: The Disney 2026 Upfront gave us a lot to be excited about! https://t.co/m321Eml7p6,https://x.com/Disney/status/2054602006245839123,0,100,0,0,true,false,,2026-06-13T05:02:31.611082+00:00,capped browser-based collection of observable public posts,0,data/raw/fortune_x_2025_ranked/044_walt_disney/accounts/01_primary_disney,@Disney,https://x.com/Disney,primary,1
44,Walt Disney,@Disney,2054590394831384674,Wed May 13 15:51:37 +0000 2026,The Disney 2026 Upfront gave us a lot to be excited about! https://t.co/m321Eml7p6,https://x.com/Disney/status/2054590394831384674,38,100,648,7,true,false,,2026-06-13T05:02:31.611082+00:00,capped browser-based collection of observable public posts,0,data/raw/fortune_x_2025_ranked/044_walt_disney/accounts/01_primary_disney,@Disney,https://x.com/Disney,primary,1
44,Walt Disney,@Disney,2052782430315012452,Fri May 08 16:07:24 +0000 2026,"The great wait is over.

An epic new documentary film from BAFTA and Oscar-nominated writer, producer and director Steven Knight, directed by Dylan Southern and Will Lovelace, will tell the story of the Oasis reunion the world was waiting for. Featuring unprecedented on stage and backstage footage from the Gallagher brother's sell-out global stadium tour.

Coming to IMAX and cinemas worldwide on September 11 and streaming globally later this year on Disney+ internationally and on Hulu and Disney+ in the U.S.",https://x.com/Disney/status/2052782430315012452,361,4133,18126,1245,true,false,,2026-06-13T05:02:31.611082+00:00,capped browser-based collection of observable public posts,0,data/raw/fortune_x_2025_ranked/044_walt_disney/accounts/01_primary_disney,@Disney,https://x.com/Disney,primary,1
44,Walt Disney,@Disney,2051844401568092591,Wed May 06 02:00:01 +0000 2026,"✨ Big news, Disney fans! ✨

D23 Asia: The Ultimate Disney Fan Event is coming to Singapore!🇸🇬

Fans. Stories. Experiences. All in one place. 

More details coming soon! 💫

#D23Asia #UltimateDisneyFanEvent #DisneyFans https://t.co/m4R4Ay4XBh",https://x.com/Disney/status/2051844401568092591,113,422,1314,107,true,false,,2026-06-13T05:02:31.611082+00:00,capped browser-based collection of observable public posts,0,data/raw/fortune_x_2025_ranked/044_walt_disney/accounts/01_primary_disney,@Disney,https://x.com/Disney,primary,1
44,Walt Disney,@Disney,2051335970767659444,Mon May 04 16:19:42 +0000 2026,"RT @starwars: A new hero. A new hope. A new era.

Don't miss Star Wars: The Mandalorian and Grogu in theaters and IMAX May 22. Get tickets…",https://x.com/Disney/status/2051335970767659444,0,703,0,0,true,false,,2026-06-13T05:02:31.611082+00:00,capped browser-based collection of observable public posts,0,data/raw/fortune_x_2025_ranked/044_walt_disney/accounts/01_primary_disney,@Disney,https://x.com/Disney,primary,1
44,Walt Disney,@Disney,2051335961984848086,Mon May 04 16:19:39 +0000 2026,"RT @starwars: Star Wars returns to the big screen.

Don’t miss Star Wars: The Mandalorian and Grogu only in theaters and IMAX May 22. Get t…",https://x.com/Disney/status/2051335961984848086,0,2223,0,0,true,false,,2026-06-13T05:02:31.611082+00:00,capped browser-based collection of observable public posts,0,data/raw/fortune_x_2025_ranked/044_walt_disney/accounts/01_primary_disney,@Disney,https://x.com/Disney,primary,1
44,Walt Disney,@Disney,2051335913796460999,Mon May 04 16:19:28 +0000 2026,"RT @DisneyParks: Incoming transmission!💫📡 Here’s a first look at your mission briefing, straight from the Razor Crest. A new adventure awai…",https://x.com/Disney/status/2051335913796460999,0,344,0,0,true,false,,2026-06-13T05:02:31.611082+00:00,capped browser-based collection of observable public posts,0,data/raw/fortune_x_2025_ranked/044_walt_disney/accounts/01_primary_disney,@Disney,https://x.com/Disney,primary,1
44,Walt Disney,@Disney,2051331661758099538,Mon May 04 16:02:34 +0000 2026,"A new hero. A new hope. A new era.

Don't miss Star Wars: The Mandalorian and Grogu in theaters and IMAX May 22. Get tickets now. https://t.co/oO5Cz6UMdF https://t.co/sFUFd87WI9",https://x.com/Disney/status/2051331661758099538,163,703,4226,56,true,false,,2026-06-13T05:02:31.611082+00:00,capped browser-based collection of observable public posts,0,data/raw/fortune_x_2025_ranked/044_walt_disney/accounts/01_primary_disney,@Disney,https://x.com/Disney,primary,1
44,Walt Disney,@Disney,2051331150053089525,Mon May 04 16:00:32 +0000 2026,"Star Wars returns to the big screen.

Don’t miss Star Wars: The Mandalorian and Grogu only in theaters and IMAX May 22. Get tickets now. https://t.co/oO5Cz6UMdF https://t.co/WR5CEWrSEA",https://x.com/Disney/status/2051331150053089525,265,2223,12239,126,true,false,,2026-06-13T05:02:31.611082+00:00,capped browser-based collection of observable public posts,0,data/raw/fortune_x_2025_ranked/044_walt_disney/accounts/01_primary_disney,@Disney,https://x.com/Disney,primary,1
44,Walt Disney,@Disney,2051330511985877104,Mon May 04 15:58:00 +0000 2026,"Incoming transmission!💫📡 Here’s a first look at your mission briefing, straight from the Razor Crest. A new adventure awaits on Millennium Falcon: Smugglers Run, debuting May 22, 2026 at Star Wars: Galaxy's Edge. #MayThe4thBeWithYou https://t.co/kmcCmfhCIt",https://x.com/Disney/status/2051330511985877104,43,344,2064,37,true,false,,2026-06-13T05:02:31.611082+00:00,capped browser-based collection of observable public posts,0,data/raw/fortune_x_2025_ranked/044_walt_disney/accounts/01_primary_disney,@Disney,https://x.com/Disney,primary,1
44,Walt Disney,@Disney,2051324532057571515,Mon May 04 15:34:14 +0000 2026,"RT @starwars: celebrating the greatest fans in the galaxy…May the 4th be with you.

Get tickets now to see Star Wars: The Mandalorian and G…",https://x.com/Disney/status/2051324532057571515,0,3623,0,0,true,false,,2026-06-13T05:02:31.611082+00:00,capped browser-based collection of observable public posts,0,data/raw/fortune_x_2025_ranked/044_walt_disney/accounts/01_primary_disney,@Disney,https://x.com/Disney,primary,1
44,Walt Disney,@Disney,2051286110983389237,Mon May 04 13:01:34 +0000 2026,"celebrating the greatest fans in the galaxy…May the 4th be with you.

Get tickets now to see Star Wars: The Mandalorian and Grogu only in theaters and IMAX May 22. https://t.co/oO5Cz6UMdF https://t.co/ErWtte42Ag",https://x.com/Disney/status/2051286110983389237,345,3623,15649,271,true,false,,2026-06-13T05:02:31.611082+00:00,capped browser-based collection of observable public posts,0,data/raw/fortune_x_2025_ranked/044_walt_disney/accounts/01_primary_disney,@Disney,https://x.com/Disney,primary,1
44,Walt Disney,@Disney,2050959917649940498,Sun May 03 15:25:24 +0000 2026,"RT @20thcentury: The Devil Wears Prada 2 is the #1 movie in the world. 

See the film now playing only in theaters. Get tickets: https://t.…",https://x.com/Disney/status/2050959917649940498,0,366,0,0,true,false,,2026-06-13T05:02:31.611082+00:00,capped browser-based collection of observable public posts,0,data/raw/fortune_x_2025_ranked/044_walt_disney/accounts/01_primary_disney,@Disney,https://x.com/Disney,primary,1
44,Walt Disney,@Disney,2050623651163132096,Sat May 02 17:09:11 +0000 2026,"The Devil Wears Prada 2 is the #1 movie in the world. 

See the film now playing only in theaters. Get tickets: https://t.co/BJd5wLTnLS https://t.co/73Qu2TJHiW",https://x.com/Disney/status/2050623651163132096,43,366,2083,24,true,false,,2026-06-13T05:02:31.611082+00:00,capped browser-based collection of observable public posts,0,data/raw/fortune_x_2025_ranked/044_walt_disney/accounts/01_primary_disney,@Disney,https://x.com/Disney,primary,1
44,Walt Disney,@Disney,2050283532782653705,Fri May 01 18:37:41 +0000 2026,"RT @20thcentury: The can't-miss movie event on the big screen is here. 

Experience The Devil Wears Prada 2 now playing only in theaters. G…",https://x.com/Disney/status/2050283532782653705,0,212,0,0,true,false,,2026-06-13T05:02:31.611082+00:00,capped browser-based collection of observable public posts,0,data/raw/fortune_x_2025_ranked/044_walt_disney/accounts/01_primary_disney,@Disney,https://x.com/Disney,primary,1
44,Walt Disney,@Disney,2050283497659506977,Fri May 01 18:37:32 +0000 2026,"RT @20thcentury: The Devil Wears Prada 2 is now playing only in theaters. 

Get tickets: https://t.co/BJd5wLTVBq https://t.co/Dq45THqAk6",https://x.com/Disney/status/2050283497659506977,0,124,0,0,true,false,,2026-06-13T05:02:31.611082+00:00,capped browser-based collection of observable public posts,0,data/raw/fortune_x_2025_ranked/044_walt_disney/accounts/01_primary_disney,@Disney,https://x.com/Disney,primary,1
44,Walt Disney,@Disney,2050279295281512485,Fri May 01 18:20:50 +0000 2026,"RT @localish: Disney grants a wish every hour of every day, working with Make-A-Wish to bring joy to families around the world ✨

Discover…",https://x.com/Disney/status/2050279295281512485,0,20,0,0,true,false,,2026-06-13T05:02:31.611082+00:00,capped browser-based collection of observable public posts,0,data/raw/fortune_x_2025_ranked/044_walt_disney/accounts/01_primary_disney,@Disney,https://x.com/Disney,primary,1
44,Walt Disney,@Disney,2050260613826277527,Fri May 01 17:06:36 +0000 2026,"The can't-miss movie event on the big screen is here. 

Experience The Devil Wears Prada 2 now playing only in theaters. Get tickets: https://t.co/BJd5wLTnLS https://t.co/8Al8YaVyDl",https://x.com/Disney/status/2050260613826277527,36,212,873,8,true,false,,2026-06-13T05:02:31.611082+00:00,capped browser-based collection of observable public posts,0,data/raw/fortune_x_2025_ranked/044_walt_disney/accounts/01_primary_disney,@Disney,https://x.com/Disney,primary,1
44,Walt Disney,@Disney,2050254343937441870,Fri May 01 16:41:42 +0000 2026,RT @DisneyParks: Safe to say Ryland’s wish stuck with all of us 🕷️🕸️❤️ #DisneyWishes #MakeAWish #DisneyWeekofWishes https://t.co/hSxVm9dOc2,https://x.com/Disney/status/2050254343937441870,0,44,0,0,true,false,,2026-06-13T05:02:31.611082+00:00,capped browser-based collection of observable public posts,0,data/raw/fortune_x_2025_ranked/044_walt_disney/accounts/01_primary_disney,@Disney,https://x.com/Disney,primary,1
44,Walt Disney,@Disney,2050250087196971466,Fri May 01 16:24:47 +0000 2026,Safe to say Ryland’s wish stuck with all of us 🕷️🕸️❤️ #DisneyWishes #MakeAWish #DisneyWeekofWishes https://t.co/hSxVm9dOc2,https://x.com/Disney/status/2050250087196971466,11,44,341,1,true,false,,2026-06-13T05:02:31.611082+00:00,capped browser-based collection of observable public posts,0,data/raw/fortune_x_2025_ranked/044_walt_disney/accounts/01_primary_disney,@Disney,https://x.com/Disney,primary,1
44,Walt Disney,@Disney,2050216174709805517,Fri May 01 14:10:01 +0000 2026,"Disney grants a wish every hour of every day, working with Make-A-Wish to bring joy to families around the world ✨

Discover the magic behind each wish on 'Lasting Wishes: A Disney and Make-A-Wish Celebration,' now streaming on Hulu and Hulu on Disney+.

#DisneyWeekofWishes https://t.co/5rm6N04d6U",https://x.com/Disney/status/2050216174709805517,3,20,107,0,true,false,,2026-06-13T05:02:31.611082+00:00,capped browser-based collection of observable public posts,0,data/raw/fortune_x_2025_ranked/044_walt_disney/accounts/01_primary_disney,@Disney,https://x.com/Disney,primary,1
44,Walt Disney,@Disney,2049970611691176072,Thu Apr 30 21:54:15 +0000 2026,"RT @MakeAWish: This #DisneyWeekOfWishes, we’re honored to recognize @RobertIger, Disney’s former longtime CEO, with the inaugural WishMaker…",https://x.com/Disney/status/2049970611691176072,0,34,0,0,true,false,,2026-06-13T05:02:31.611082+00:00,capped browser-based collection of observable public posts,0,data/raw/fortune_x_2025_ranked/044_walt_disney/accounts/01_primary_disney,@Disney,https://x.com/Disney,primary,1
44,Walt Disney,@Disney,2049960535202865222,Thu Apr 30 21:14:12 +0000 2026,"Once upon a time...we met 5-year-old Lilo at a Disney children’s hospital party &amp; learned her wish: to meet Cinderella at @Disneyland. Disney &amp; @MakeAWish America sprang into action, &amp; months later, 150+ Cast Members made her wish a full-circle fairytale. 📖💙 #DisneyWeekOfWishes https://t.co/Hn2hTWaU6e",https://x.com/Disney/status/2049960535202865222,26,80,451,3,true,false,,2026-06-13T05:02:31.611082+00:00,capped browser-based collection of observable public posts,0,data/raw/fortune_x_2025_ranked/044_walt_disney/accounts/01_primary_disney,@Disney,https://x.com/Disney,primary,1
44,Walt Disney,@Disney,2049955686495420649,Thu Apr 30 20:54:56 +0000 2026,"The Devil Wears Prada 2 is now playing only in theaters. 

Get tickets: https://t.co/BJd5wLTVBq https://t.co/Dq45THqAk6",https://x.com/Disney/status/2049955686495420649,14,124,728,5,true,false,,2026-06-13T05:02:31.611082+00:00,capped browser-based collection of observable public posts,0,data/raw/fortune_x_2025_ranked/044_walt_disney/accounts/01_primary_disney,@Disney,https://x.com/Disney,primary,1
44,Walt Disney,@Disney,2049932404484129004,Thu Apr 30 19:22:25 +0000 2026,RT @DisneyParks: POV: You’re the friendly neighborhood hero. 🕷️✨ And today? You’re meeting some truly AMAZING @MakeAWish kids. #DisneyWishe…,https://x.com/Disney/status/2049932404484129004,0,63,0,0,true,false,,2026-06-13T05:02:31.611082+00:00,capped browser-based collection of observable public posts,0,data/raw/fortune_x_2025_ranked/044_walt_disney/accounts/01_primary_disney,@Disney,https://x.com/Disney,primary,1
44,Walt Disney,@Disney,2049926493589917814,Thu Apr 30 18:58:56 +0000 2026,POV: You’re the friendly neighborhood hero. 🕷️✨ And today? You’re meeting some truly AMAZING @MakeAWish kids. #DisneyWishes #DisneyWeekOfWishes https://t.co/qmcKTcjkfr,https://x.com/Disney/status/2049926493589917814,21,63,519,3,true,false,,2026-06-13T05:02:31.611082+00:00,capped browser-based collection of observable public posts,0,data/raw/fortune_x_2025_ranked/044_walt_disney/accounts/01_primary_disney,@Disney,https://x.com/Disney,primary,1
44,Walt Disney,@Disney,2049916943461937508,Thu Apr 30 18:20:59 +0000 2026,"This #DisneyWeekOfWishes, we’re honored to recognize @RobertIger, Disney’s former longtime CEO, with the inaugural WishMaker Lifetime Achievement Award – celebrating his leadership and the extraordinary legacy of @Disney's support of Make-A-Wish. ✨

#WorldWishMonth #DisneyWishes #WishMaker #MakeAWish",https://x.com/Disney/status/2049916943461937508,19,34,191,2,true,false,,2026-06-13T05:02:31.611082+00:00,capped browser-based collection of observable public posts,0,data/raw/fortune_x_2025_ranked/044_walt_disney/accounts/01_primary_disney,@Disney,https://x.com/Disney,primary,1
44,Walt Disney,@Disney,2049821327788282027,Thu Apr 30 12:01:03 +0000 2026,"RT @starwars: Star Wars: Galactic Racer™ launches worldwide on October 6th. Pre-order today for PlayStation 5, Xbox Series X|S, and PC. htt…",https://x.com/Disney/status/2049821327788282027,0,2471,0,0,true,false,,2026-06-13T05:02:31.611082+00:00,capped browser-based collection of observable public posts,0,data/raw/fortune_x_2025_ranked/044_walt_disney/accounts/01_primary_disney,@Disney,https://x.com/Disney,primary,1
44,Walt Disney,@Disney,2049821124650045770,Thu Apr 30 12:00:14 +0000 2026,"Star Wars: Galactic Racer™ launches worldwide on October 6th. Pre-order today for PlayStation 5, Xbox Series X|S, and PC. https://t.co/dkylhdwRhC",https://x.com/Disney/status/2049821124650045770,569,2471,19896,682,true,false,,2026-06-13T05:02:31.611082+00:00,capped browser-based collection of observable public posts,0,data/raw/fortune_x_2025_ranked/044_walt_disney/accounts/01_primary_disney,@Disney,https://x.com/Disney,primary,1
44,Walt Disney,@Disney,2049753834696687740,Thu Apr 30 07:32:51 +0000 2026,"RT @DisneyParks: Make-A-Wish, Disney, and MrBeast welcomed creators and @MakeAWish kids to @Disneyland Resort for an unforgettable Wishes A…",https://x.com/Disney/status/2049753834696687740,0,68,0,0,true,false,,2026-06-13T05:02:31.611082+00:00,capped browser-based collection of observable public posts,0,data/raw/fortune_x_2025_ranked/044_walt_disney/accounts/01_primary_disney,@Disney,https://x.com/Disney,primary,1
44,Walt Disney,@Disney,2049752513272750272,Thu Apr 30 07:27:36 +0000 2026,"Make-A-Wish, Disney, and MrBeast welcomed creators and @MakeAWish kids to @Disneyland Resort for an unforgettable Wishes Assemble event. ⭐ From science experiments to heroic encounters and dream gaming sessions, it was a day these kids will never forget. https://t.co/aNMqx6ii0X ✨💙 #DisneyWishes #DisneyWeekofWishes",https://x.com/Disney/status/2049752513272750272,14,68,533,5,true,false,,2026-06-13T05:02:31.611082+00:00,capped browser-based collection of observable public posts,0,data/raw/fortune_x_2025_ranked/044_walt_disney/accounts/01_primary_disney,@Disney,https://x.com/Disney,primary,1
44,Walt Disney,@Disney,2049655238412357648,Thu Apr 30 01:01:04 +0000 2026,RT @DisneyParks: Cue the slow-mo superhero pose… ⭐ Nearly 40 Make-A-Wish kids are assembling at @Disneyland Resort for a first-of-its-kind…,https://x.com/Disney/status/2049655238412357648,0,47,0,0,true,false,,2026-06-13T05:02:31.611082+00:00,capped browser-based collection of observable public posts,0,data/raw/fortune_x_2025_ranked/044_walt_disney/accounts/01_primary_disney,@Disney,https://x.com/Disney,primary,1
44,Walt Disney,@Disney,2049626799517126994,Wed Apr 29 23:08:03 +0000 2026,"RT @localish: For so many children, a Disney Parks visit is at the top of their wish list ✨

Discover the magic behind each wish on 'Lastin…",https://x.com/Disney/status/2049626799517126994,0,19,0,0,true,false,,2026-06-13T05:02:31.611082+00:00,capped browser-based collection of observable public posts,0,data/raw/fortune_x_2025_ranked/044_walt_disney/accounts/01_primary_disney,@Disney,https://x.com/Disney,primary,1
44,Walt Disney,@Disney,2049580768888852722,Wed Apr 29 20:05:09 +0000 2026,"For so many children, a Disney Parks visit is at the top of their wish list ✨

Discover the magic behind each wish on 'Lasting Wishes: A Disney and Make-A-Wish Celebration.'

Stream on Hulu and Hulu on Disney+ May 1.

#DisneyWeekofWishes https://t.co/gw8lQwnR7H",https://x.com/Disney/status/2049580768888852722,12,19,99,0,true,false,,2026-06-13T05:02:31.611082+00:00,capped browser-based collection of observable public posts,0,data/raw/fortune_x_2025_ranked/044_walt_disney/accounts/01_primary_disney,@Disney,https://x.com/Disney,primary,1
44,Walt Disney,@Disney,2049576377788035313,Wed Apr 29 19:47:42 +0000 2026,"RT @Pixar: From Anaheim to Hong Kong, we’re honored to help your wishes come true — Ka‑Chow! ❤️🚗⚡#DisneyWeekOfWishes https://t.co/g8BX84D0v3",https://x.com/Disney/status/2049576377788035313,0,85,0,0,true,false,,2026-06-13T05:02:31.611082+00:00,capped browser-based collection of observable public posts,0,data/raw/fortune_x_2025_ranked/044_walt_disney/accounts/01_primary_disney,@Disney,https://x.com/Disney,primary,1
44,Walt Disney,@Disney,2049571926985642133,Wed Apr 29 19:30:01 +0000 2026,"From Anaheim to Hong Kong, we’re honored to help your wishes come true — Ka‑Chow! ❤️🚗⚡#DisneyWeekOfWishes https://t.co/g8BX84D0v3",https://x.com/Disney/status/2049571926985642133,27,85,581,1,true,false,,2026-06-13T05:02:31.611082+00:00,capped browser-based collection of observable public posts,0,data/raw/fortune_x_2025_ranked/044_walt_disney/accounts/01_primary_disney,@Disney,https://x.com/Disney,primary,1
44,Walt Disney,@Disney,2049554749079359702,Wed Apr 29 18:21:45 +0000 2026,Cue the slow-mo superhero pose… ⭐ Nearly 40 Make-A-Wish kids are assembling at @Disneyland Resort for a first-of-its-kind @MakeAWish Wishes Assemble event granting Avengers-inspired wishes! 💙 #DisneyWeekofWishes #DisneyWishes https://t.co/kwS4RQF8qF,https://x.com/Disney/status/2049554749079359702,19,47,346,2,true,false,,2026-06-13T05:02:31.611082+00:00,capped browser-based collection of observable public posts,0,data/raw/fortune_x_2025_ranked/044_walt_disney/accounts/01_primary_disney,@Disney,https://x.com/Disney,primary,1
44,Walt Disney,@Disney,2049521204655014150,Wed Apr 29 16:08:28 +0000 2026,"RT @DisneyAnimation: Every lyric beautifully expressed 🤟🎶 

Songs in Sign Language, 3 newly reimagined sequences, are now streaming on @Dis…",https://x.com/Disney/status/2049521204655014150,0,244,0,0,true,false,,2026-06-13T05:02:31.611082+00:00,capped browser-based collection of observable public posts,0,data/raw/fortune_x_2025_ranked/044_walt_disney/accounts/01_primary_disney,@Disney,https://x.com/Disney,primary,1
44,Walt Disney,@Disney,2049519601596223913,Wed Apr 29 16:02:05 +0000 2026,"17 years ago, Chelsea’s wish was to meet Hannah Montana. Disney is proud to grant a wish with @MakeAWishAmerica every hour of every day. Thank you to Miley and all the incredible WishMakers who help make memories that last a lifetime! #DisneyWeekofWishes https://t.co/cTMEri9igJ",https://x.com/Disney/status/2049519601596223913,38,241,1370,11,true,false,,2026-06-13T05:02:31.611082+00:00,capped browser-based collection of observable public posts,0,data/raw/fortune_x_2025_ranked/044_walt_disney/accounts/01_primary_disney,@Disney,https://x.com/Disney,primary,1
44,Walt Disney,@Disney,2049510334046605381,Wed Apr 29 15:25:16 +0000 2026,"RT @ESPNCitizenship: Ahead of Disney Week of Wishes, ESPN hosted Make-A-Wish kids Dylan and Easton for a meet-and-greet with ESPN talent du…",https://x.com/Disney/status/2049510334046605381,0,16,0,0,true,false,,2026-06-13T05:02:31.611082+00:00,capped browser-based collection of observable public posts,0,data/raw/fortune_x_2025_ranked/044_walt_disney/accounts/01_primary_disney,@Disney,https://x.com/Disney,primary,1
44,Walt Disney,@Disney,2049510310810210627,Wed Apr 29 15:25:10 +0000 2026,"RT @ESPNPR: Before they made their #NFLDraft wishes come true, @MakeAWish kids Easton &amp; Dylan caught up with the 'NFL Live' crew

📸 (Al Pow…",https://x.com/Disney/status/2049510310810210627,0,31,0,0,true,false,,2026-06-13T05:02:31.611082+00:00,capped browser-based collection of observable public posts,0,data/raw/fortune_x_2025_ranked/044_walt_disney/accounts/01_primary_disney,@Disney,https://x.com/Disney,primary,1
44,Walt Disney,@Disney,2049510294527889559,Wed Apr 29 15:25:06 +0000 2026,"RT @espn: Dylan’s wish was to announce the first-round pick for the reigning Super Bowl Champs 👏

And with the 32nd pick, the Seahawks sele…",https://x.com/Disney/status/2049510294527889559,0,270,0,0,true,false,,2026-06-13T05:02:31.611082+00:00,capped browser-based collection of observable public posts,0,data/raw/fortune_x_2025_ranked/044_walt_disney/accounts/01_primary_disney,@Disney,https://x.com/Disney,primary,1
44,Walt Disney,@Disney,2049510250793808239,Wed Apr 29 15:24:56 +0000 2026,"RT @espn: Easton got to announce the Lions first-round pick 💙 

Detroit takes Blake Miller at No. 17 overall! 

@makeawishny @makeawish @ES…",https://x.com/Disney/status/2049510250793808239,0,140,0,0,true,false,,2026-06-13T05:02:31.611082+00:00,capped browser-based collection of observable public posts,0,data/raw/fortune_x_2025_ranked/044_walt_disney/accounts/01_primary_disney,@Disney,https://x.com/Disney,primary,1
44,Walt Disney,@Disney,2049498209496531358,Wed Apr 29 14:37:05 +0000 2026,RT @DLPNewsEN: #WorldWishDay is celebrated today! Look at the images of the joyful weekend proposed to 80 children from @MakeAWishIntl @Mak…,https://x.com/Disney/status/2049498209496531358,0,21,0,0,true,false,,2026-06-13T05:02:31.611082+00:00,capped browser-based collection of observable public posts,0,data/raw/fortune_x_2025_ranked/044_walt_disney/accounts/01_primary_disney,@Disney,https://x.com/Disney,primary,1
44,Walt Disney,@Disney,2049414067656311133,Wed Apr 29 09:02:44 +0000 2026,"#WorldWishDay is celebrated today! Look at the images of the joyful weekend proposed to 80 children from @MakeAWishIntl @MakeAWishFrance ✨ from all over Europe with their families at #DisneylandParis 🎶 #DisneyWeekOfWishes

More informations ⬇️ https://t.co/P91dYfNNnl",https://x.com/Disney/status/2049414067656311133,10,21,143,0,true,false,,2026-06-13T05:02:31.611082+00:00,capped browser-based collection of observable public posts,0,data/raw/fortune_x_2025_ranked/044_walt_disney/accounts/01_primary_disney,@Disney,https://x.com/Disney,primary,1
44,Walt Disney,@Disney,2048824631969153221,Mon Apr 27 18:00:32 +0000 2026,"Every lyric beautifully expressed 🤟🎶 

Songs in Sign Language, 3 newly reimagined sequences, are now streaming on @DisneyPlus! https://t.co/EeCoWVY3If",https://x.com/Disney/status/2048824631969153221,67,244,1229,20,true,false,,2026-06-13T05:02:31.611082+00:00,capped browser-based collection of observable public posts,0,data/raw/fortune_x_2025_ranked/044_walt_disney/accounts/01_primary_disney,@Disney,https://x.com/Disney,primary,1
44,Walt Disney,@Disney,2048795223195558388,Mon Apr 27 16:03:40 +0000 2026,"RT @DisneyAnimation: During #DisneyWeekOfWishes, dreams take shape – one sketch at a time. 16‑year‑old EJ is an aspiring Disney animator wh…",https://x.com/Disney/status/2048795223195558388,0,81,0,0,true,false,,2026-06-13T05:02:31.611082+00:00,capped browser-based collection of observable public posts,0,data/raw/fortune_x_2025_ranked/044_walt_disney/accounts/01_primary_disney,@Disney,https://x.com/Disney,primary,1
44,Walt Disney,@Disney,2048794300759109673,Mon Apr 27 16:00:00 +0000 2026,"During #DisneyWeekOfWishes, dreams take shape – one sketch at a time. 16‑year‑old EJ is an aspiring Disney animator whose long-awaited wish to meet legend Eric Goldberg came true at Walt Disney Animation Studios, complete with an unforgettable surprise ✨ https://t.co/WMq0CNUMyd",https://x.com/Disney/status/2048794300759109673,450,81,457,13,true,false,,2026-06-13T05:02:31.611082+00:00,capped browser-based collection of observable public posts,0,data/raw/fortune_x_2025_ranked/044_walt_disney/accounts/01_primary_disney,@Disney,https://x.com/Disney,primary,1
44,Walt Disney,@Disney,2048779200887459842,Mon Apr 27 15:00:00 +0000 2026,"Dedicated to the Make-A-Wish kids who inspire us all. 💙#DisneyWeekOfWishes

In “Drawn to You,” a new Make-A-Wish x Disney brand spot, one child’s everyday drawings reveal her most heartfelt wish. https://t.co/kTQRaEjGyV",https://x.com/Disney/status/2048779200887459842,527,221,933,15,true,false,,2026-06-13T05:02:31.611082+00:00,capped browser-based collection of observable public posts,0,data/raw/fortune_x_2025_ranked/044_walt_disney/accounts/01_primary_disney,@Disney,https://x.com/Disney,primary,1
44,Walt Disney,@Disney,2048772621588673014,Mon Apr 27 14:33:51 +0000 2026,"Ahead of Disney Week of Wishes, ESPN hosted Make-A-Wish kids Dylan and Easton for a meet-and-greet with ESPN talent during the NFL Draft 🏈💫 https://t.co/fhIPaSJVSo",https://x.com/Disney/status/2048772621588673014,12,16,144,0,true,false,,2026-06-13T05:02:31.611082+00:00,capped browser-based collection of observable public posts,0,data/raw/fortune_x_2025_ranked/044_walt_disney/accounts/01_primary_disney,@Disney,https://x.com/Disney,primary,1
44,Walt Disney,@Disney,2047514026809213293,Fri Apr 24 03:12:39 +0000 2026,"Dylan’s wish was to announce the first-round pick for the reigning Super Bowl Champs 👏

And with the 32nd pick, the Seahawks select Notre Dame RB Jadarian Price! 

@MakeAWish @makeawishwny @ESPNCitizenship https://t.co/I6j5d6TQOv",https://x.com/Disney/status/2047514026809213293,139,270,2986,30,true,false,,2026-06-13T05:02:31.611082+00:00,capped browser-based collection of observable public posts,0,data/raw/fortune_x_2025_ranked/044_walt_disney/accounts/01_primary_disney,@Disney,https://x.com/Disney,primary,1
44,Walt Disney,@Disney,2047513408732266970,Fri Apr 24 03:10:12 +0000 2026,"Before they made their #NFLDraft wishes come true, @MakeAWish kids Easton &amp; Dylan caught up with the 'NFL Live' crew

📸 (Al Powers / ESPN Images) https://t.co/GLdBT9kAak",https://x.com/Disney/status/2047513408732266970,18,31,342,0,true,false,,2026-06-13T05:02:31.611082+00:00,capped browser-based collection of observable public posts,0,data/raw/fortune_x_2025_ranked/044_walt_disney/accounts/01_primary_disney,@Disney,https://x.com/Disney,primary,1
44,Walt Disney,@Disney,2047495150478283195,Fri Apr 24 01:57:39 +0000 2026,"Easton got to announce the Lions first-round pick 💙 

Detroit takes Blake Miller at No. 17 overall! 

@makeawishny @makeawish @ESPNCitizenship https://t.co/Jz5vitAFr9",https://x.com/Disney/status/2047495150478283195,43,140,1316,4,true,false,,2026-06-13T05:02:31.611082+00:00,capped browser-based collection of observable public posts,0,data/raw/fortune_x_2025_ranked/044_walt_disney/accounts/01_primary_disney,@Disney,https://x.com/Disney,primary,1
44,Walt Disney,@Disney,2046654371195146498,Tue Apr 21 18:16:41 +0000 2026,"RT @20thcentury: Icons all around. The cast of The Devil Wears Prada 2 stunned the red carpet at the World Premiere in New York City. 

Exp…",https://x.com/Disney/status/2046654371195146498,0,212,0,0,true,false,,2026-06-13T05:02:31.611082+00:00,capped browser-based collection of observable public posts,0,data/raw/fortune_x_2025_ranked/044_walt_disney/accounts/01_primary_disney,@Disney,https://x.com/Disney,primary,1
44,Walt Disney,@Disney,2046627392522002938,Tue Apr 21 16:29:29 +0000 2026,"Icons all around. The cast of The Devil Wears Prada 2 stunned the red carpet at the World Premiere in New York City. 

Experience the film in theaters May 1. Get tickets: https://t.co/BJd5wLTVBq https://t.co/1TpQPPXhoZ",https://x.com/Disney/status/2046627392522002938,206,212,954,12,true,false,,2026-06-13T05:02:31.611082+00:00,capped browser-based collection of observable public posts,0,data/raw/fortune_x_2025_ranked/044_walt_disney/accounts/01_primary_disney,@Disney,https://x.com/Disney,primary,1
44,Walt Disney,@Disney,2046404285605282076,Tue Apr 21 01:42:56 +0000 2026,RT @20thcentury: The cast of The Devil Wears Prada 2 stun on the red carpet at the World Premiere in New York City. https://t.co/U4wl6MPqAO,https://x.com/Disney/status/2046404285605282076,0,119,0,0,true,false,,2026-06-13T05:02:31.611082+00:00,capped browser-based collection of observable public posts,0,data/raw/fortune_x_2025_ranked/044_walt_disney/accounts/01_primary_disney,@Disney,https://x.com/Disney,primary,1
44,Walt Disney,@Disney,2046404256106684613,Tue Apr 21 01:42:49 +0000 2026,RT @20thcentury: The stars of The Devil Wears Prada 2 celebrate the film at the World Premiere. Experience the film in theaters May 1. Get…,https://x.com/Disney/status/2046404256106684613,0,100,0,0,true,false,,2026-06-13T05:02:31.611082+00:00,capped browser-based collection of observable public posts,0,data/raw/fortune_x_2025_ranked/044_walt_disney/accounts/01_primary_disney,@Disney,https://x.com/Disney,primary,1
44,Walt Disney,@Disney,2046393319010283632,Tue Apr 21 00:59:22 +0000 2026,"RT @20thcentury: Actually groundbreaking. 

The Devil Wears Prada 2 arrives in theaters May 1. Get tickets. https://t.co/Cd3HiU04f5",https://x.com/Disney/status/2046393319010283632,0,107,0,0,true,false,,2026-06-13T05:02:31.611082+00:00,capped browser-based collection of observable public posts,0,data/raw/fortune_x_2025_ranked/044_walt_disney/accounts/01_primary_disney,@Disney,https://x.com/Disney,primary,1
44,Walt Disney,@Disney,2046393228073615491,Tue Apr 21 00:59:00 +0000 2026,RT @20thcentury: Anne Hathaway is serving at the World Premiere of The Devil Wears Prada 2. In theaters May 1. https://t.co/0UiUQRZmBj,https://x.com/Disney/status/2046393228073615491,0,276,0,0,true,false,,2026-06-13T05:02:31.611082+00:00,capped browser-based collection of observable public posts,0,data/raw/fortune_x_2025_ranked/044_walt_disney/accounts/01_primary_disney,@Disney,https://x.com/Disney,primary,1
44,Walt Disney,@Disney,2046393214341398564,Tue Apr 21 00:58:57 +0000 2026,RT @20thcentury: Stanley Tucci and the Runway moment he deserves. The Devil Wears Prada 2 arrives in theaters May 1. https://t.co/ErEUQVI7Wj,https://x.com/Disney/status/2046393214341398564,0,63,0,0,true,false,,2026-06-13T05:02:31.611082+00:00,capped browser-based collection of observable public posts,0,data/raw/fortune_x_2025_ranked/044_walt_disney/accounts/01_primary_disney,@Disney,https://x.com/Disney,primary,1
44,Walt Disney,@Disney,2046393205025837267,Tue Apr 21 00:58:54 +0000 2026,RT @20thcentury: Emily Blunt meets Runway. The Devil Wears Prada 2 arrives in theaters May 1. Get tickets. https://t.co/F4xJzuqiXk,https://x.com/Disney/status/2046393205025837267,0,75,0,0,true,false,,2026-06-13T05:02:31.611082+00:00,capped browser-based collection of observable public posts,0,data/raw/fortune_x_2025_ranked/044_walt_disney/accounts/01_primary_disney,@Disney,https://x.com/Disney,primary,1
44,Walt Disney,@Disney,2046393098373157284,Tue Apr 21 00:58:29 +0000 2026,RT @20thcentury: Caleb Hearon shines at The Devil Wears Prada 2 World Premiere. https://t.co/F5vOyY3ZZq,https://x.com/Disney/status/2046393098373157284,0,18,0,0,true,false,,2026-06-13T05:02:31.611082+00:00,capped browser-based collection of observable public posts,0,data/raw/fortune_x_2025_ranked/044_walt_disney/accounts/01_primary_disney,@Disney,https://x.com/Disney,primary,1
44,Walt Disney,@Disney,2046393069256237206,Tue Apr 21 00:58:22 +0000 2026,RT @20thcentury: Streep. Hathaway. Tucci. Blunt. The cast of The Devil Wears Prada 2 has arrived to the World Premiere. Don't miss the film…,https://x.com/Disney/status/2046393069256237206,0,375,0,0,true,false,,2026-06-13T05:02:31.611082+00:00,capped browser-based collection of observable public posts,0,data/raw/fortune_x_2025_ranked/044_walt_disney/accounts/01_primary_disney,@Disney,https://x.com/Disney,primary,1
44,Walt Disney,@Disney,2046387814624010558,Tue Apr 21 00:37:29 +0000 2026,"Actually groundbreaking. 

The Devil Wears Prada 2 arrives in theaters May 1. Get tickets. https://t.co/Cd3HiU04f5",https://x.com/Disney/status/2046387814624010558,34,107,487,4,true,false,,2026-06-13T05:02:31.611082+00:00,capped browser-based collection of observable public posts,0,data/raw/fortune_x_2025_ranked/044_walt_disney/accounts/01_primary_disney,@Disney,https://x.com/Disney,primary,1
44,Walt Disney,@Disney,2046387495785677172,Tue Apr 21 00:36:13 +0000 2026,The stars of The Devil Wears Prada 2 celebrate the film at the World Premiere. Experience the film in theaters May 1. Get tickets. https://t.co/5U0zXiiJl2,https://x.com/Disney/status/2046387495785677172,50,100,542,5,true,false,,2026-06-13T05:02:31.611082+00:00,capped browser-based collection of observable public posts,0,data/raw/fortune_x_2025_ranked/044_walt_disney/accounts/01_primary_disney,@Disney,https://x.com/Disney,primary,1
44,Walt Disney,@Disney,2046382813935747331,Tue Apr 21 00:17:37 +0000 2026,Anne Hathaway is serving at the World Premiere of The Devil Wears Prada 2. In theaters May 1. https://t.co/0UiUQRZmBj,https://x.com/Disney/status/2046382813935747331,34,276,1768,18,true,false,,2026-06-13T05:02:31.611082+00:00,capped browser-based collection of observable public posts,0,data/raw/fortune_x_2025_ranked/044_walt_disney/accounts/01_primary_disney,@Disney,https://x.com/Disney,primary,1
44,Walt Disney,@Disney,2046380624014086314,Tue Apr 21 00:08:55 +0000 2026,Stanley Tucci and the Runway moment he deserves. The Devil Wears Prada 2 arrives in theaters May 1. https://t.co/ErEUQVI7Wj,https://x.com/Disney/status/2046380624014086314,19,63,332,6,true,false,,2026-06-13T05:02:31.611082+00:00,capped browser-based collection of observable public posts,0,data/raw/fortune_x_2025_ranked/044_walt_disney/accounts/01_primary_disney,@Disney,https://x.com/Disney,primary,1
44,Walt Disney,@Disney,2046377985872417133,Mon Apr 20 23:58:26 +0000 2026,Emily Blunt meets Runway. The Devil Wears Prada 2 arrives in theaters May 1. Get tickets. https://t.co/F4xJzuqiXk,https://x.com/Disney/status/2046377985872417133,15,75,416,5,true,false,,2026-06-13T05:02:31.611082+00:00,capped browser-based collection of observable public posts,0,data/raw/fortune_x_2025_ranked/044_walt_disney/accounts/01_primary_disney,@Disney,https://x.com/Disney,primary,1
44,Walt Disney,@Disney,2046377737779302486,Mon Apr 20 23:57:27 +0000 2026,The cast of The Devil Wears Prada 2 stun on the red carpet at the World Premiere in New York City. https://t.co/U4wl6MPqAO,https://x.com/Disney/status/2046377737779302486,63,119,588,6,true,false,,2026-06-13T05:02:31.611082+00:00,capped browser-based collection of observable public posts,0,data/raw/fortune_x_2025_ranked/044_walt_disney/accounts/01_primary_disney,@Disney,https://x.com/Disney,primary,1
44,Walt Disney,@Disney,2046377517351862394,Mon Apr 20 23:56:34 +0000 2026,Caleb Hearon shines at The Devil Wears Prada 2 World Premiere. https://t.co/F5vOyY3ZZq,https://x.com/Disney/status/2046377517351862394,15,18,131,3,true,false,,2026-06-13T05:02:31.611082+00:00,capped browser-based collection of observable public posts,0,data/raw/fortune_x_2025_ranked/044_walt_disney/accounts/01_primary_disney,@Disney,https://x.com/Disney,primary,1
44,Walt Disney,@Disney,2046371964827156842,Mon Apr 20 23:34:30 +0000 2026,RT @20thcentury: Winnie Harlow strikes a pose at The Devil Wears Prada 2 World Premiere. https://t.co/gpsSNnEuwx,https://x.com/Disney/status/2046371964827156842,0,38,0,0,true,false,,2026-06-13T05:02:31.611082+00:00,capped browser-based collection of observable public posts,0,data/raw/fortune_x_2025_ranked/044_walt_disney/accounts/01_primary_disney,@Disney,https://x.com/Disney,primary,1
44,Walt Disney,@Disney,2046371954773336518,Mon Apr 20 23:34:28 +0000 2026,RT @20thcentury: All smiles for Anne Hathaway. https://t.co/Bw4bV27M0K,https://x.com/Disney/status/2046371954773336518,0,348,0,0,true,false,,2026-06-13T05:02:31.611082+00:00,capped browser-based collection of observable public posts,0,data/raw/fortune_x_2025_ranked/044_walt_disney/accounts/01_primary_disney,@Disney,https://x.com/Disney,primary,1
44,Walt Disney,@Disney,2046371945902473445,Mon Apr 20 23:34:26 +0000 2026,RT @20thcentury: Welcome The Devil Wears Prada 2's Rachel Bloom to the World Premiere. https://t.co/u2LGvIgCmE,https://x.com/Disney/status/2046371945902473445,0,29,0,0,true,false,,2026-06-13T05:02:31.611082+00:00,capped browser-based collection of observable public posts,0,data/raw/fortune_x_2025_ranked/044_walt_disney/accounts/01_primary_disney,@Disney,https://x.com/Disney,primary,1
44,Walt Disney,@Disney,2046371919021191577,Mon Apr 20 23:34:19 +0000 2026,RT @20thcentury: Helen J. Shen hits The Devil Wears Prada 2 World Premiere Red Carpet. https://t.co/WuI6Qaz8Fe,https://x.com/Disney/status/2046371919021191577,0,30,0,0,true,false,,2026-06-13T05:02:31.611082+00:00,capped browser-based collection of observable public posts,0,data/raw/fortune_x_2025_ranked/044_walt_disney/accounts/01_primary_disney,@Disney,https://x.com/Disney,primary,1
44,Walt Disney,@Disney,2046371907713282451,Mon Apr 20 23:34:17 +0000 2026,RT @20thcentury: Simone Ashley has arrived to The Devil Wears Prada 2 World Premiere. https://t.co/1SP7f7XKEQ,https://x.com/Disney/status/2046371907713282451,0,298,0,0,true,false,,2026-06-13T05:02:31.611082+00:00,capped browser-based collection of observable public posts,0,data/raw/fortune_x_2025_ranked/044_walt_disney/accounts/01_primary_disney,@Disney,https://x.com/Disney,primary,1
44,Walt Disney,@Disney,2046363024035110945,Mon Apr 20 22:58:59 +0000 2026,Streep. Hathaway. Tucci. Blunt. The cast of The Devil Wears Prada 2 has arrived to the World Premiere. Don't miss the film in theaters May 1. Get your tickets. https://t.co/PAlKoeTh5f,https://x.com/Disney/status/2046363024035110945,27,375,2026,14,true,false,,2026-06-13T05:02:31.611082+00:00,capped browser-based collection of observable public posts,0,data/raw/fortune_x_2025_ranked/044_walt_disney/accounts/01_primary_disney,@Disney,https://x.com/Disney,primary,1
44,Walt Disney,@Disney,2046361753966235915,Mon Apr 20 22:53:56 +0000 2026,Winnie Harlow strikes a pose at The Devil Wears Prada 2 World Premiere. https://t.co/gpsSNnEuwx,https://x.com/Disney/status/2046361753966235915,16,38,314,1,true,false,,2026-06-13T05:02:31.611082+00:00,capped browser-based collection of observable public posts,0,data/raw/fortune_x_2025_ranked/044_walt_disney/accounts/01_primary_disney,@Disney,https://x.com/Disney,primary,1
44,Walt Disney,@Disney,2046359284708241809,Mon Apr 20 22:44:07 +0000 2026,All smiles for Anne Hathaway. https://t.co/Bw4bV27M0K,https://x.com/Disney/status/2046359284708241809,24,348,2803,16,true,false,,2026-06-13T05:02:31.611082+00:00,capped browser-based collection of observable public posts,0,data/raw/fortune_x_2025_ranked/044_walt_disney/accounts/01_primary_disney,@Disney,https://x.com/Disney,primary,1
44,Walt Disney,@Disney,2046355702864912405,Mon Apr 20 22:29:53 +0000 2026,Welcome The Devil Wears Prada 2's Rachel Bloom to the World Premiere. https://t.co/u2LGvIgCmE,https://x.com/Disney/status/2046355702864912405,13,29,180,1,true,false,,2026-06-13T05:02:31.611082+00:00,capped browser-based collection of observable public posts,0,data/raw/fortune_x_2025_ranked/044_walt_disney/accounts/01_primary_disney,@Disney,https://x.com/Disney,primary,1
44,Walt Disney,@Disney,2046350820267163861,Mon Apr 20 22:10:29 +0000 2026,Helen J. Shen hits The Devil Wears Prada 2 World Premiere Red Carpet. https://t.co/WuI6Qaz8Fe,https://x.com/Disney/status/2046350820267163861,15,30,186,6,true,false,,2026-06-13T05:02:31.611082+00:00,capped browser-based collection of observable public posts,0,data/raw/fortune_x_2025_ranked/044_walt_disney/accounts/01_primary_disney,@Disney,https://x.com/Disney,primary,1
44,Walt Disney,@Disney,2046350660694929756,Mon Apr 20 22:09:51 +0000 2026,Simone Ashley has arrived to The Devil Wears Prada 2 World Premiere. https://t.co/1SP7f7XKEQ,https://x.com/Disney/status/2046350660694929756,26,298,1258,33,true,false,,2026-06-13T05:02:31.611082+00:00,capped browser-based collection of observable public posts,0,data/raw/fortune_x_2025_ranked/044_walt_disney/accounts/01_primary_disney,@Disney,https://x.com/Disney,primary,1
44,Walt Disney,@Disney,2045173937512890645,Fri Apr 17 16:13:58 +0000 2026,RT @starwars: grab your snacks and tickets now to experience Star Wars: The Mandalorian and Grogu in theaters and IMAX May 22. Get tickets…,https://x.com/Disney/status/2045173937512890645,0,677,0,0,true,false,,2026-06-13T05:02:31.611082+00:00,capped browser-based collection of observable public posts,0,data/raw/fortune_x_2025_ranked/044_walt_disney/accounts/01_primary_disney,@Disney,https://x.com/Disney,primary,1
44,Walt Disney,@Disney,2045140387933868146,Fri Apr 17 14:00:40 +0000 2026,grab your snacks and tickets now to experience Star Wars: The Mandalorian and Grogu in theaters and IMAX May 22. Get tickets now: https://t.co/oO5Cz6UMdF https://t.co/btEW8x1qkv,https://x.com/Disney/status/2045140387933868146,96,677,3855,63,true,false,,2026-06-13T05:02:31.611082+00:00,capped browser-based collection of observable public posts,0,data/raw/fortune_x_2025_ranked/044_walt_disney/accounts/01_primary_disney,@Disney,https://x.com/Disney,primary,1
44,Walt Disney,@Disney,2044922233940803627,Thu Apr 16 23:33:48 +0000 2026,"Just announced at #CinemaCon:
 
Infinity Vision — A new certification for premium large format theaters designed to signify to audiences the biggest, brightest, and most immersive cinematic experiences.
 
Infinity Vision sets a new benchmark for theatrical presentation, certifying auditoriums that meet rigorous technical standards, including a focus on:

•The largest screens for maximum scale 
•Laser projection for superior brightness and clarity 
•Premium audio formats for fully immersive sound

Beginning with the September 25 re-release of Marvel Studios’ Avengers: Endgame and followed by the December 18 release of Marvel Studios’ Avengers: Doomsday, audiences will be able to seek out Infinity Vision-certified screens and see the film on the grandest possible scale.",https://x.com/Disney/status/2044922233940803627,479,1525,10693,600,true,false,,2026-06-13T05:02:31.611082+00:00,capped browser-based collection of observable public posts,0,data/raw/fortune_x_2025_ranked/044_walt_disney/accounts/01_primary_disney,@Disney,https://x.com/Disney,primary,1
44,Walt Disney,@Disney,2044917997471486461,Thu Apr 16 23:16:57 +0000 2026,"RT @DisneyAnimation: Hailee Steinfeld is Billie and Rashida Jones is Alice in Disney’s #Hexed.
See it only in theaters November 25 https://…",https://x.com/Disney/status/2044917997471486461,0,692,0,0,true,false,,2026-06-13T05:02:31.611082+00:00,capped browser-based collection of observable public posts,0,data/raw/fortune_x_2025_ranked/044_walt_disney/accounts/01_primary_disney,@Disney,https://x.com/Disney,primary,1
44,Walt Disney,@Disney,2044917947085570218,Thu Apr 16 23:16:45 +0000 2026,"Hailee Steinfeld is Billie and Rashida Jones is Alice in Disney’s #Hexed.
See it only in theaters November 25 https://t.co/DrQbLWGsAE",https://x.com/Disney/status/2044917947085570218,93,692,3369,98,true,false,,2026-06-13T05:02:31.611082+00:00,capped browser-based collection of observable public posts,0,data/raw/fortune_x_2025_ranked/044_walt_disney/accounts/01_primary_disney,@Disney,https://x.com/Disney,primary,1
44,Walt Disney,@Disney,2044902228243153052,Thu Apr 16 22:14:18 +0000 2026,"RT @starwars: This is the Way.

Get tickets tomorrow to experience Star Wars: The Mandalorian and Grogu only in theaters and IMAX May 22. h…",https://x.com/Disney/status/2044902228243153052,0,2421,0,0,true,false,,2026-06-13T05:02:31.611082+00:00,capped browser-based collection of observable public posts,0,data/raw/fortune_x_2025_ranked/044_walt_disney/accounts/01_primary_disney,@Disney,https://x.com/Disney,primary,1
44,Walt Disney,@Disney,2044902212388696519,Thu Apr 16 22:14:14 +0000 2026,"RT @starwars: The old protect the young, and then the young protect the old.

Tickets are on sale tomorrow for Star Wars: The Mandalorian a…",https://x.com/Disney/status/2044902212388696519,0,4125,0,0,true,false,,2026-06-13T05:02:31.611082+00:00,capped browser-based collection of observable public posts,0,data/raw/fortune_x_2025_ranked/044_walt_disney/accounts/01_primary_disney,@Disney,https://x.com/Disney,primary,1
44,Walt Disney,@Disney,2044901673144094798,Thu Apr 16 22:12:05 +0000 2026,"This is the Way.

Get tickets tomorrow to experience Star Wars: The Mandalorian and Grogu only in theaters and IMAX May 22. https://t.co/M1vK7rmnYS",https://x.com/Disney/status/2044901673144094798,126,2421,12546,175,true,false,,2026-06-13T05:02:31.611082+00:00,capped browser-based collection of observable public posts,0,data/raw/fortune_x_2025_ranked/044_walt_disney/accounts/01_primary_disney,@Disney,https://x.com/Disney,primary,1
44,Walt Disney,@Disney,2044901380721463717,Thu Apr 16 22:10:56 +0000 2026,"The old protect the young, and then the young protect the old.

Tickets are on sale tomorrow for Star Wars: The Mandalorian and Grogu only in theaters and IMAX May 22. https://t.co/TA60tUMLJO",https://x.com/Disney/status/2044901380721463717,600,4125,16199,901,true,false,,2026-06-13T05:02:31.611082+00:00,capped browser-based collection of observable public posts,0,data/raw/fortune_x_2025_ranked/044_walt_disney/accounts/01_primary_disney,@Disney,https://x.com/Disney,primary,1
44,Walt Disney,@Disney,2042754507936010427,Sat Apr 11 00:00:01 +0000 2026,"To infinity… and beyond 🚀
Get ready to fall in style, Buzz Lightyear and Emperor Zurg from Disney and Pixar’s Toy Story are available now! And don't miss Toy Story 5, coming to theaters June 19! https://t.co/OBXEVflkHh",https://x.com/Disney/status/2042754507936010427,65,191,1132,9,true,false,,2026-06-13T05:02:31.611082+00:00,capped browser-based collection of observable public posts,0,data/raw/fortune_x_2025_ranked/044_walt_disney/accounts/01_primary_disney,@Disney,https://x.com/Disney,primary,1
44,Walt Disney,@Disney,2042033401272655899,Thu Apr 09 00:14:36 +0000 2026,RT @DisneyParks: Incoming transmission from Star Command 💫 We have a first look at Buzz Lightyear's Space Ranger Spin at Magic Kingdom 🧑‍🚀🚀…,https://x.com/Disney/status/2042033401272655899,0,302,0,0,true,false,,2026-06-13T05:02:31.611082+00:00,capped browser-based collection of observable public posts,0,data/raw/fortune_x_2025_ranked/044_walt_disney/accounts/01_primary_disney,@Disney,https://x.com/Disney,primary,1
44,Walt Disney,@Disney,2041942412122046808,Wed Apr 08 18:13:03 +0000 2026,RT @Fortnite: Anybody order pizza? https://t.co/qR3RGqDYDL,https://x.com/Disney/status/2041942412122046808,0,2111,0,0,true,false,,2026-06-13T05:02:31.611082+00:00,capped browser-based collection of observable public posts,0,data/raw/fortune_x_2025_ranked/044_walt_disney/accounts/01_primary_disney,@Disney,https://x.com/Disney,primary,1
44,Walt Disney,@Disney,2041916943545061450,Wed Apr 08 16:31:50 +0000 2026,Anybody order pizza? https://t.co/qR3RGqDYDL,https://x.com/Disney/status/2041916943545061450,550,2111,19666,287,true,false,,2026-06-13T05:02:31.611082+00:00,capped browser-based collection of observable public posts,0,data/raw/fortune_x_2025_ranked/044_walt_disney/accounts/01_primary_disney,@Disney,https://x.com/Disney,primary,1
44,Walt Disney,@Disney,2041191258324951107,Mon Apr 06 16:28:14 +0000 2026,"RT @20thcentury: See Emily Blunt and Stanley Tucci in The Devil Wears Prada 2, arriving only in theaters May 1. Get tickets now: https://t.…",https://x.com/Disney/status/2041191258324951107,0,192,0,0,true,false,,2026-06-13T05:02:31.611082+00:00,capped browser-based collection of observable public posts,0,data/raw/fortune_x_2025_ranked/044_walt_disney/accounts/01_primary_disney,@Disney,https://x.com/Disney,primary,1
44,Walt Disney,@Disney,2041191246945738950,Mon Apr 06 16:28:11 +0000 2026,"RT @20thcentury: See Meryl Streep and Anne Hathaway in The Devil Wears Prada 2, arriving only in theaters May 1. Get tickets now: https://t…",https://x.com/Disney/status/2041191246945738950,0,548,0,0,true,false,,2026-06-13T05:02:31.611082+00:00,capped browser-based collection of observable public posts,0,data/raw/fortune_x_2025_ranked/044_walt_disney/accounts/01_primary_disney,@Disney,https://x.com/Disney,primary,1
44,Walt Disney,@Disney,2041191216243515779,Mon Apr 06 16:28:04 +0000 2026,RT @20thcentury: Watch the new trailer for The Devil Wears Prada 2 with original song “Runway” performed by Lady Gaga and Doechii. Get tick…,https://x.com/Disney/status/2041191216243515779,0,3518,0,0,true,false,,2026-06-13T05:02:31.611082+00:00,capped browser-based collection of observable public posts,0,data/raw/fortune_x_2025_ranked/044_walt_disney/accounts/01_primary_disney,@Disney,https://x.com/Disney,primary,1
44,Walt Disney,@Disney,2041184484524175386,Mon Apr 06 16:01:19 +0000 2026,"See Emily Blunt and Stanley Tucci in The Devil Wears Prada 2, arriving only in theaters May 1. Get tickets now: https://t.co/BJd5wLTVBq https://t.co/Kua8kN82QT",https://x.com/Disney/status/2041184484524175386,15,192,955,14,true,false,,2026-06-13T05:02:31.611082+00:00,capped browser-based collection of observable public posts,0,data/raw/fortune_x_2025_ranked/044_walt_disney/accounts/01_primary_disney,@Disney,https://x.com/Disney,primary,1
44,Walt Disney,@Disney,2041184481135198373,Mon Apr 06 16:01:18 +0000 2026,"See Meryl Streep and Anne Hathaway in The Devil Wears Prada 2, arriving only in theaters May 1. Get tickets now: https://t.co/BJd5wLTVBq https://t.co/WgcOhs2r97",https://x.com/Disney/status/2041184481135198373,25,548,2742,15,true,false,,2026-06-13T05:02:31.611082+00:00,capped browser-based collection of observable public posts,0,data/raw/fortune_x_2025_ranked/044_walt_disney/accounts/01_primary_disney,@Disney,https://x.com/Disney,primary,1
44,Walt Disney,@Disney,2041184204529312135,Mon Apr 06 16:00:12 +0000 2026,Watch the new trailer for The Devil Wears Prada 2 with original song “Runway” performed by Lady Gaga and Doechii. Get tickets now and experience the film only in theaters May 1: https://t.co/BJd5wLTVBq https://t.co/ZCHOgg819i,https://x.com/Disney/status/2041184204529312135,173,3518,10627,753,true,false,,2026-06-13T05:02:31.611082+00:00,capped browser-based collection of observable public posts,0,data/raw/fortune_x_2025_ranked/044_walt_disney/accounts/01_primary_disney,@Disney,https://x.com/Disney,primary,1
44,Walt Disney,@Disney,2039327156531028245,Wed Apr 01 13:00:57 +0000 2026,"RT @NatGeo: This Earth Month, step into wonder with National Geographic as we celebrate everything that makes our planet so extraordinary 🌍…",https://x.com/Disney/status/2039327156531028245,0,54,0,0,true,false,,2026-06-13T05:02:31.611082+00:00,capped browser-based collection of observable public posts,0,data/raw/fortune_x_2025_ranked/044_walt_disney/accounts/01_primary_disney,@Disney,https://x.com/Disney,primary,1
44,Walt Disney,@Disney,2039326919309557901,Wed Apr 01 13:00:01 +0000 2026,"This Earth Month, step into wonder with National Geographic as we celebrate everything that makes our planet so extraordinary 🌍

Stream the National Geographic #EarthMonth collection all April long on @DisneyPlus. #StepIntoWonder https://t.co/zdgSQClXze",https://x.com/Disney/status/2039326919309557901,27,54,261,4,true,false,,2026-06-13T05:02:31.611082+00:00,capped browser-based collection of observable public posts,0,data/raw/fortune_x_2025_ranked/044_walt_disney/accounts/01_primary_disney,@Disney,https://x.com/Disney,primary,1
44,Walt Disney,@Disney,2037232431250509984,Thu Mar 26 18:17:16 +0000 2026,"RT @DisneyD23: Presenting the 2026 class of Disney Legends, who will be honored at the Disney Legends Awards Ceremony hosted by @RyanSeacre…",https://x.com/Disney/status/2037232431250509984,0,672,0,0,true,false,,2026-06-13T05:02:31.611082+00:00,capped browser-based collection of observable public posts,0,data/raw/fortune_x_2025_ranked/044_walt_disney/accounts/01_primary_disney,@Disney,https://x.com/Disney,primary,1
44,Walt Disney,@Disney,2037206746423296213,Thu Mar 26 16:35:12 +0000 2026,RT @DisneyD23: Mark your calendars! Tickets for #D23: The Ultimate Disney Fan Event presented by VISA go on sale exclusively for D23 Gold M…,https://x.com/Disney/status/2037206746423296213,0,193,0,0,true,false,,2026-06-13T05:02:31.611082+00:00,capped browser-based collection of observable public posts,0,data/raw/fortune_x_2025_ranked/044_walt_disney/accounts/01_primary_disney,@Disney,https://x.com/Disney,primary,1
44,Walt Disney,@Disney,2037206592786227526,Thu Mar 26 16:34:35 +0000 2026,"Presenting the 2026 class of Disney Legends, who will be honored at the Disney Legends Awards Ceremony hosted by @RyanSeacrest on Sunday, August 16 at D23: The Ultimate Disney Fan Event presented by VISA. #D23 https://t.co/yQ1nkZc5eH",https://x.com/Disney/status/2037206592786227526,209,672,2512,358,true,false,,2026-06-13T05:02:31.611082+00:00,capped browser-based collection of observable public posts,0,data/raw/fortune_x_2025_ranked/044_walt_disney/accounts/01_primary_disney,@Disney,https://x.com/Disney,primary,1
44,Walt Disney,@Disney,2037205831830356131,Thu Mar 26 16:31:34 +0000 2026,"Mark your calendars! Tickets for #D23: The Ultimate Disney Fan Event presented by VISA go on sale exclusively for D23 Gold Members Thursday, April 2!

Want priority access to tickets for this can’t miss event? Become a D23 Gold Member today at https://t.co/l1vb0ZqxXY! https://t.co/CInOKWcvhW",https://x.com/Disney/status/2037205831830356131,73,193,1173,76,true,false,,2026-06-13T05:02:31.611082+00:00,capped browser-based collection of observable public posts,0,data/raw/fortune_x_2025_ranked/044_walt_disney/accounts/01_primary_disney,@Disney,https://x.com/Disney,primary,1
44,Walt Disney,@Disney,2036520512713621812,Tue Mar 24 19:08:21 +0000 2026,"RT @DisneyPlus: Last night was the moment. 💜 #HannahMontana20

📹: Jonathan Jacobs https://t.co/jq38Fkw5bq",https://x.com/Disney/status/2036520512713621812,0,1151,0,0,true,false,,2026-06-13T05:02:31.611082+00:00,capped browser-based collection of observable public posts,0,data/raw/fortune_x_2025_ranked/044_walt_disney/accounts/01_primary_disney,@Disney,https://x.com/Disney,primary,1
44,Walt Disney,@Disney,2036518888670896588,Tue Mar 24 19:01:54 +0000 2026,"Last night was the moment. 💜 #HannahMontana20

📹: Jonathan Jacobs https://t.co/jq38Fkw5bq",https://x.com/Disney/status/2036518888670896588,62,1151,5934,25,true,false,,2026-06-13T05:02:31.611082+00:00,capped browser-based collection of observable public posts,0,data/raw/fortune_x_2025_ranked/044_walt_disney/accounts/01_primary_disney,@Disney,https://x.com/Disney,primary,1
44,Walt Disney,@Disney,2036484962896003572,Tue Mar 24 16:47:05 +0000 2026,RT @DisneyPlus: Welcome back home. ❤️ The Hannah Montana 20th Anniversary Special is now streaming on Disney+ and Hulu. https://t.co/w76jVz…,https://x.com/Disney/status/2036484962896003572,0,1026,0,0,true,false,,2026-06-13T05:02:31.611082+00:00,capped browser-based collection of observable public posts,0,data/raw/fortune_x_2025_ranked/044_walt_disney/accounts/01_primary_disney,@Disney,https://x.com/Disney,primary,1
44,Walt Disney,@Disney,2036484941446266947,Tue Mar 24 16:47:00 +0000 2026,RT @DisneyPlus: You'll always find your way back home. 🫶 The Hannah Montana 20th Anniversary Special is now streaming on Disney+ and Hulu.…,https://x.com/Disney/status/2036484941446266947,0,879,0,0,true,false,,2026-06-13T05:02:31.611082+00:00,capped browser-based collection of observable public posts,0,data/raw/fortune_x_2025_ranked/044_walt_disney/accounts/01_primary_disney,@Disney,https://x.com/Disney,primary,1
44,Walt Disney,@Disney,2036473187521929362,Tue Mar 24 16:00:18 +0000 2026,Welcome back home. ❤️ The Hannah Montana 20th Anniversary Special is now streaming on Disney+ and Hulu. https://t.co/w76jVzjzHu,https://x.com/Disney/status/2036473187521929362,67,1026,5245,50,true,false,,2026-06-13T05:02:31.611082+00:00,capped browser-based collection of observable public posts,0,data/raw/fortune_x_2025_ranked/044_walt_disney/accounts/01_primary_disney,@Disney,https://x.com/Disney,primary,1
44,Walt Disney,@Disney,2036337490735583242,Tue Mar 24 07:01:05 +0000 2026,You'll always find your way back home. 🫶 The Hannah Montana 20th Anniversary Special is now streaming on Disney+ and Hulu. https://t.co/PINTRRT7yT,https://x.com/Disney/status/2036337490735583242,49,879,3866,54,true,false,,2026-06-13T05:02:31.611082+00:00,capped browser-based collection of observable public posts,0,data/raw/fortune_x_2025_ranked/044_walt_disney/accounts/01_primary_disney,@Disney,https://x.com/Disney,primary,1
44,Walt Disney,@Disney,2036328000548118967,Tue Mar 24 06:23:23 +0000 2026,RT @DisneyPlus: We got the party with us ✨ #HannahMontana20 https://t.co/DoiYadNCw5,https://x.com/Disney/status/2036328000548118967,0,2066,0,0,true,false,,2026-06-13T05:02:31.611082+00:00,capped browser-based collection of observable public posts,0,data/raw/fortune_x_2025_ranked/044_walt_disney/accounts/01_primary_disney,@Disney,https://x.com/Disney,primary,1
44,Walt Disney,@Disney,2036327690903732530,Tue Mar 24 06:22:09 +0000 2026,We got the party with us ✨ #HannahMontana20 https://t.co/DoiYadNCw5,https://x.com/Disney/status/2036327690903732530,56,2066,14122,149,true,false,,2026-06-13T05:02:31.611082+00:00,capped browser-based collection of observable public posts,0,data/raw/fortune_x_2025_ranked/044_walt_disney/accounts/01_primary_disney,@Disney,https://x.com/Disney,primary,1
44,Walt Disney,@Disney,2036129835634905334,Mon Mar 23 17:15:56 +0000 2026,"RT @DisneyStudios: This means everything to us. 💙

Go behind-the-scenes of Disney's #Moana and experience the movie only in theaters July 1…",https://x.com/Disney/status/2036129835634905334,0,425,0,0,true,false,,2026-06-13T05:02:31.611082+00:00,capped browser-based collection of observable public posts,0,data/raw/fortune_x_2025_ranked/044_walt_disney/accounts/01_primary_disney,@Disney,https://x.com/Disney,primary,1
44,Walt Disney,@Disney,2036125825763099001,Mon Mar 23 17:00:00 +0000 2026,"This means everything to us. 💙

Go behind-the-scenes of Disney's #Moana and experience the movie only in theaters July 10 https://t.co/YertqiJ5lA",https://x.com/Disney/status/2036125825763099001,71,425,1745,33,true,false,,2026-06-13T05:02:31.611082+00:00,capped browser-based collection of observable public posts,0,data/raw/fortune_x_2025_ranked/044_walt_disney/accounts/01_primary_disney,@Disney,https://x.com/Disney,primary,1
44,Walt Disney,@Disney,2036112378710962230,Mon Mar 23 16:06:34 +0000 2026,"RT @DisneyStudios: The ocean is calling. Join Moana, Maui, Heihei, and Pua on an unforgettable adventure. 🌊 

Disney's #Moana only in theat…",https://x.com/Disney/status/2036112378710962230,0,2438,0,0,true,false,,2026-06-13T05:02:31.611082+00:00,capped browser-based collection of observable public posts,0,data/raw/fortune_x_2025_ranked/044_walt_disney/accounts/01_primary_disney,@Disney,https://x.com/Disney,primary,1
44,Walt Disney,@Disney,2036111483374072037,Mon Mar 23 16:03:01 +0000 2026,"The ocean is calling. Join Moana, Maui, Heihei, and Pua on an unforgettable adventure. 🌊 

Disney's #Moana only in theaters July 10! https://t.co/vJJB7FZ7lt",https://x.com/Disney/status/2036111483374072037,344,2438,10399,467,true,false,,2026-06-13T05:02:31.611082+00:00,capped browser-based collection of observable public posts,0,data/raw/fortune_x_2025_ranked/044_walt_disney/accounts/01_primary_disney,@Disney,https://x.com/Disney,primary,1
44,Walt Disney,@Disney,2036110987011461612,Mon Mar 23 16:01:03 +0000 2026,"RT @DisneyStudios: The ocean chose her for a reason. 🌊

Experience Disney's #Moana, only in theaters July 10. https://t.co/Rs9Y4dTqfj",https://x.com/Disney/status/2036110987011461612,0,4050,0,0,true,false,,2026-06-13T05:02:31.611082+00:00,capped browser-based collection of observable public posts,0,data/raw/fortune_x_2025_ranked/044_walt_disney/accounts/01_primary_disney,@Disney,https://x.com/Disney,primary,1
44,Walt Disney,@Disney,2036110746501992909,Mon Mar 23 16:00:05 +0000 2026,"The ocean chose her for a reason. 🌊

Experience Disney's #Moana, only in theaters July 10. https://t.co/Rs9Y4dTqfj",https://x.com/Disney/status/2036110746501992909,861,4050,16058,1790,true,false,,2026-06-13T05:02:31.611082+00:00,capped browser-based collection of observable public posts,0,data/raw/fortune_x_2025_ranked/044_walt_disney/accounts/01_primary_disney,@Disney,https://x.com/Disney,primary,1
44,Walt Disney,@Disney,2034646465935552872,Thu Mar 19 15:01:34 +0000 2026,"RT @DisneyAnimation: Thank you to every fan, mammal, and reptile around the world for making Zootopia 2 the #1 movie on Disney+ in its prem…",https://x.com/Disney/status/2034646465935552872,0,529,0,0,true,false,,2026-06-13T05:02:31.611082+00:00,capped browser-based collection of observable public posts,0,data/raw/fortune_x_2025_ranked/044_walt_disney/accounts/01_primary_disney,@Disney,https://x.com/Disney,primary,1
44,Walt Disney,@Disney,2034646394510647792,Thu Mar 19 15:01:17 +0000 2026,"Thank you to every fan, mammal, and reptile around the world for making Zootopia 2 the #1 movie on Disney+ in its premiere week! https://t.co/XVeOOmpix0",https://x.com/Disney/status/2034646394510647792,75,529,2953,30,true,false,,2026-06-13T05:02:31.611082+00:00,capped browser-based collection of observable public posts,0,data/raw/fortune_x_2025_ranked/044_walt_disney/accounts/01_primary_disney,@Disney,https://x.com/Disney,primary,1
44,Walt Disney,@Disney,2034616027800019243,Thu Mar 19 13:00:37 +0000 2026,Incoming transmission from Star Command 💫 We have a first look at Buzz Lightyear's Space Ranger Spin at Magic Kingdom 🧑‍🚀🚀 https://t.co/snoa6eNh02,https://x.com/Disney/status/2034616027800019243,51,302,2184,44,true,false,,2026-06-13T05:02:31.611082+00:00,capped browser-based collection of observable public posts,0,data/raw/fortune_x_2025_ranked/044_walt_disney/accounts/01_primary_disney,@Disney,https://x.com/Disney,primary,1
44,Walt Disney,@Disney,2034382103052517781,Wed Mar 18 21:31:05 +0000 2026,"“Enjoy what you do. Love what you do.” Thank you Bob Iger for over 50 years of unforgettable experiences, storytelling and magic. https://t.co/1uFrEdjHxl",https://x.com/Disney/status/2034382103052517781,639,562,3364,142,true,false,,2026-06-14T02:52:19.446113+00:00,incremental browser-based collection of observable public posts,0,/home/runner/work/x_scrapper/x_scrapper/data/raw/fortune_x_2025_ranked/044_walt_disney,@Disney,https://x.com/Disney,primary,1
44,Walt Disney,@Disney,2034321259274604785,Wed Mar 18 17:29:18 +0000 2026,"RT @DisneyCruise: 🌊 JUST ANNOUNCED! 💙
Introducing the Disney Believe ⚓✨ The next chapter in the Disney Wish class, inspired by promise, pos…",https://x.com/Disney/status/2034321259274604785,0,614,0,0,true,false,,2026-06-14T02:52:19.446113+00:00,incremental browser-based collection of observable public posts,0,/home/runner/work/x_scrapper/x_scrapper/data/raw/fortune_x_2025_ranked/044_walt_disney,@Disney,https://x.com/Disney,primary,1
44,Walt Disney,@Disney,2034321241566331199,Wed Mar 18 17:29:14 +0000 2026,RT @DisneyParks: Introducing the Disney Believe ✨ The next ship in the Disney Wish class and @DisneyCruise Line fleet is expected to arrive…,https://x.com/Disney/status/2034321241566331199,0,157,0,0,true,false,,2026-06-14T02:52:19.446113+00:00,incremental browser-based collection of observable public posts,0,/home/runner/work/x_scrapper/x_scrapper/data/raw/fortune_x_2025_ranked/044_walt_disney,@Disney,https://x.com/Disney,primary,1
44,Walt Disney,@Disney,2034320467629146256,Wed Mar 18 17:26:09 +0000 2026,Introducing the Disney Believe ✨ The next ship in the Disney Wish class and @DisneyCruise Line fleet is expected to arrive in late 2027 🚢 https://t.co/SZplKIh7fz https://t.co/hyIbGa4WNx,https://x.com/Disney/status/2034320467629146256,17,157,846,18,true,false,,2026-06-14T02:52:19.446113+00:00,incremental browser-based collection of observable public posts,0,/home/runner/work/x_scrapper/x_scrapper/data/raw/fortune_x_2025_ranked/044_walt_disney,@Disney,https://x.com/Disney,primary,1
44,Walt Disney,@Disney,2034320452701548936,Wed Mar 18 17:26:06 +0000 2026,"🌊 JUST ANNOUNCED! 💙
Introducing the Disney Believe ⚓✨ The next chapter in the Disney Wish class, inspired by promise, possibility, and what lies beyond the horizon 🚢🌅 https://t.co/d9q4swnmS1",https://x.com/Disney/status/2034320452701548936,68,614,2601,154,true,false,,2026-06-14T02:52:19.446113+00:00,incremental browser-based collection of observable public posts,0,/home/runner/work/x_scrapper/x_scrapper/data/raw/fortune_x_2025_ranked/044_walt_disney,@Disney,https://x.com/Disney,primary,1
44,Walt Disney,@Disney,2034320284837195926,Wed Mar 18 17:25:26 +0000 2026,"RT @Pixar: Showtime❗️
#Incredibles3 is coming to theaters June 16, 2028 https://t.co/vILj120UFX",https://x.com/Disney/status/2034320284837195926,0,25069,0,0,true,false,,2026-06-14T02:52:19.446113+00:00,incremental browser-based collection of observable public posts,0,/home/runner/work/x_scrapper/x_scrapper/data/raw/fortune_x_2025_ranked/044_walt_disney,@Disney,https://x.com/Disney,primary,1
44,Walt Disney,@Disney,2034320195549024746,Wed Mar 18 17:25:05 +0000 2026,"Showtime❗️
#Incredibles3 is coming to theaters June 16, 2028 https://t.co/vILj120UFX",https://x.com/Disney/status/2034320195549024746,2172,25069,205642,4977,true,false,,2026-06-14T02:52:19.446113+00:00,incremental browser-based collection of observable public posts,0,/home/runner/work/x_scrapper/x_scrapper/data/raw/fortune_x_2025_ranked/044_walt_disney,@Disney,https://x.com/Disney,primary,1
44,Walt Disney,@Disney,2034320191924978175,Wed Mar 18 17:25:04 +0000 2026,"RT @Pixar: Meet Lilypad...she's always listening 🐸
#ToyStory5 is only in theaters June 19 https://t.co/sc1rCWvMIU",https://x.com/Disney/status/2034320191924978175,0,1120,0,0,true,false,,2026-06-14T02:52:19.446113+00:00,incremental browser-based collection of observable public posts,0,/home/runner/work/x_scrapper/x_scrapper/data/raw/fortune_x_2025_ranked/044_walt_disney,@Disney,https://x.com/Disney,primary,1
44,Walt Disney,@Disney,2034319441278960126,Wed Mar 18 17:22:05 +0000 2026,"Meet Lilypad...she's always listening 🐸
#ToyStory5 is only in theaters June 19 https://t.co/sc1rCWvMIU",https://x.com/Disney/status/2034319441278960126,55,1120,5357,108,true,false,,2026-06-14T02:52:19.446113+00:00,incremental browser-based collection of observable public posts,0,/home/runner/work/x_scrapper/x_scrapper/data/raw/fortune_x_2025_ranked/044_walt_disney,@Disney,https://x.com/Disney,primary,1
44,Walt Disney,@Disney,2034319324303761458,Wed Mar 18 17:21:37 +0000 2026,"RT @DisneyStudios: Our 'ohana is back 💙
#LiloandStitch2 is coming to theaters May 26, 2028! https://t.co/2CT3jNoofm",https://x.com/Disney/status/2034319324303761458,0,5691,0,0,true,false,,2026-06-14T02:52:19.446113+00:00,incremental browser-based collection of observable public posts,0,/home/runner/work/x_scrapper/x_scrapper/data/raw/fortune_x_2025_ranked/044_walt_disney,@Disney,https://x.com/Disney,primary,1
44,Walt Disney,@Disney,2034319094569169123,Wed Mar 18 17:20:42 +0000 2026,"Our 'ohana is back 💙
#LiloandStitch2 is coming to theaters May 26, 2028! https://t.co/2CT3jNoofm",https://x.com/Disney/status/2034319094569169123,1369,5691,41337,2225,true,false,,2026-06-14T02:52:19.446113+00:00,incremental browser-based collection of observable public posts,0,/home/runner/work/x_scrapper/x_scrapper/data/raw/fortune_x_2025_ranked/044_walt_disney,@Disney,https://x.com/Disney,primary,1
44,Walt Disney,@Disney,2033353400742543396,Mon Mar 16 01:23:23 +0000 2026,"RT @starwars: Grogu, Pedro Pascal, and Sigourney Weaver stun at the Oscars.

Experience The Mandalorian and Grogu May 22 only in theaters a…",https://x.com/Disney/status/2033353400742543396,0,1416,0,0,true,false,,2026-06-14T02:52:19.446113+00:00,incremental browser-based collection of observable public posts,0,/home/runner/work/x_scrapper/x_scrapper/data/raw/fortune_x_2025_ranked/044_walt_disney,@Disney,https://x.com/Disney,primary,1
44,Walt Disney,@Disney,2033352324157235694,Mon Mar 16 01:19:06 +0000 2026,"Grogu, Pedro Pascal, and Sigourney Weaver stun at the Oscars.

Experience The Mandalorian and Grogu May 22 only in theaters and IMAX. https://t.co/GHHxGkJXyP",https://x.com/Disney/status/2033352324157235694,74,1416,9720,69,true,false,,2026-06-14T02:52:19.446113+00:00,incremental browser-based collection of observable public posts,0,/home/runner/work/x_scrapper/x_scrapper/data/raw/fortune_x_2025_ranked/044_walt_disney,@Disney,https://x.com/Disney,primary,1
44,Walt Disney,@Disney,2033334819162145270,Mon Mar 16 00:09:33 +0000 2026,"RT @20thcentury: Two icons, one stage. 👠👠

Experience The Devil Wears Prada 2, only in theaters May 1. https://t.co/2n4THm3QAK",https://x.com/Disney/status/2033334819162145270,0,763,0,0,true,false,,2026-06-14T02:52:19.446113+00:00,incremental browser-based collection of observable public posts,0,/home/runner/work/x_scrapper/x_scrapper/data/raw/fortune_x_2025_ranked/044_walt_disney,@Disney,https://x.com/Disney,primary,1
44,Walt Disney,@Disney,2033333216996651031,Mon Mar 16 00:03:11 +0000 2026,"Two icons, one stage. 👠👠

Experience The Devil Wears Prada 2, only in theaters May 1. https://t.co/2n4THm3QAK",https://x.com/Disney/status/2033333216996651031,38,763,5732,25,true,false,,2026-06-14T02:52:19.446113+00:00,incremental browser-based collection of observable public posts,0,/home/runner/work/x_scrapper/x_scrapper/data/raw/fortune_x_2025_ranked/044_walt_disney,@Disney,https://x.com/Disney,primary,1
44,Walt Disney,@Disney,2033328743473668522,Sun Mar 15 23:45:24 +0000 2026,"RT @DisneyCruise: Make the memories that never leave you, where magic meets the sea. 🚢🌙✨ https://t.co/qARpm1zEjz",https://x.com/Disney/status/2033328743473668522,0,507,0,0,true,false,,2026-06-14T02:52:19.446113+00:00,incremental browser-based collection of observable public posts,0,/home/runner/work/x_scrapper/x_scrapper/data/raw/fortune_x_2025_ranked/044_walt_disney,@Disney,https://x.com/Disney,primary,1
44,Walt Disney,@Disney,2033328504268296232,Sun Mar 15 23:44:27 +0000 2026,"Make the memories that never leave you, where magic meets the sea. 🚢🌙✨ https://t.co/qARpm1zEjz",https://x.com/Disney/status/2033328504268296232,126,507,3556,155,true,false,,2026-06-14T02:52:19.446113+00:00,incremental browser-based collection of observable public posts,0,/home/runner/work/x_scrapper/x_scrapper/data/raw/fortune_x_2025_ranked/044_walt_disney,@Disney,https://x.com/Disney,primary,1
44,Walt Disney,@Disney,2031762592482394476,Wed Mar 11 16:02:05 +0000 2026,RT @DisneyPlus: The secret’s out! Can’t wait to celebrate the Hannah Montana 20th Anniversary special with all of you! March 24 on Disney+…,https://x.com/Disney/status/2031762592482394476,0,2531,0,0,true,false,,2026-06-14T02:52:19.446113+00:00,incremental browser-based collection of observable public posts,0,/home/runner/work/x_scrapper/x_scrapper/data/raw/fortune_x_2025_ranked/044_walt_disney,@Disney,https://x.com/Disney,primary,1
44,Walt Disney,@Disney,2031761921763156225,Wed Mar 11 15:59:25 +0000 2026,The secret’s out! Can’t wait to celebrate the Hannah Montana 20th Anniversary special with all of you! March 24 on Disney+ and Hulu. 🤫 https://t.co/8YG1CZeyby,https://x.com/Disney/status/2031761921763156225,88,2531,12542,268,true,false,,2026-06-14T02:52:19.446113+00:00,incremental browser-based collection of observable public posts,0,/home/runner/work/x_scrapper/x_scrapper/data/raw/fortune_x_2025_ranked/044_walt_disney,@Disney,https://x.com/Disney,primary,1
44,Walt Disney,@Disney,2031758117482938477,Wed Mar 11 15:44:18 +0000 2026,RT @DisneyPlus: Us on our way to watch Zootopia 2 on Disney+ today! https://t.co/dTjY2o9SCy,https://x.com/Disney/status/2031758117482938477,0,321,0,0,true,false,,2026-06-14T02:52:19.446113+00:00,incremental browser-based collection of observable public posts,0,/home/runner/work/x_scrapper/x_scrapper/data/raw/fortune_x_2025_ranked/044_walt_disney,@Disney,https://x.com/Disney,primary,1
44,Walt Disney,@Disney,2031750545695031745,Wed Mar 11 15:14:12 +0000 2026,Us on our way to watch Zootopia 2 on Disney+ today! https://t.co/dTjY2o9SCy,https://x.com/Disney/status/2031750545695031745,34,321,1744,20,true,false,,2026-06-14T02:52:19.446113+00:00,incremental browser-based collection of observable public posts,0,/home/runner/work/x_scrapper/x_scrapper/data/raw/fortune_x_2025_ranked/044_walt_disney,@Disney,https://x.com/Disney,primary,1
44,Walt Disney,@Disney,2031441037390913892,Tue Mar 10 18:44:20 +0000 2026,RT @DisneyStudios: You want her to be the bad guy? FINE. Kathryn Hahn is Mother Gothel in Disney's live-action Tangled. https://t.co/pi47Kb…,https://x.com/Disney/status/2031441037390913892,0,10003,0,0,true,false,,2026-06-14T02:52:19.446113+00:00,incremental browser-based collection of observable public posts,0,/home/runner/work/x_scrapper/x_scrapper/data/raw/fortune_x_2025_ranked/044_walt_disney,@Disney,https://x.com/Disney,primary,1
44,Walt Disney,@Disney,2031412940340121876,Tue Mar 10 16:52:41 +0000 2026,You want her to be the bad guy? FINE. Kathryn Hahn is Mother Gothel in Disney's live-action Tangled. https://t.co/pi47Kbli64,https://x.com/Disney/status/2031412940340121876,584,10003,63604,2813,true,false,,2026-06-14T02:52:19.446113+00:00,incremental browser-based collection of observable public posts,0,/home/runner/work/x_scrapper/x_scrapper/data/raw/fortune_x_2025_ranked/044_walt_disney,@Disney,https://x.com/Disney,primary,1
44,Walt Disney,@Disney,2031407441636712921,Tue Mar 10 16:30:50 +0000 2026,RT @DisneyStudios: 👀 https://t.co/Ek0cHw8zgc,https://x.com/Disney/status/2031407441636712921,0,5481,0,0,true,false,,2026-06-14T02:52:19.446113+00:00,incremental browser-based collection of observable public posts,0,/home/runner/work/x_scrapper/x_scrapper/data/raw/fortune_x_2025_ranked/044_walt_disney,@Disney,https://x.com/Disney,primary,1
44,Walt Disney,@Disney,2031407362624598188,Tue Mar 10 16:30:31 +0000 2026,👀 https://t.co/Ek0cHw8zgc,https://x.com/Disney/status/2031407362624598188,223,5481,57970,925,true,false,,2026-06-14T02:52:19.446113+00:00,incremental browser-based collection of observable public posts,0,/home/runner/work/x_scrapper/x_scrapper/data/raw/fortune_x_2025_ranked/044_walt_disney,@Disney,https://x.com/Disney,primary,1
44,Walt Disney,@Disney,2031404583168491682,Tue Mar 10 16:19:28 +0000 2026,RT @DisneyPlus: Happy Hannah-versary! The Hannah Montana 20th Anniversary special premieres March 24 on Disney+. #HannahMontana20 https://t…,https://x.com/Disney/status/2031404583168491682,0,4429,0,0,true,false,,2026-06-14T02:52:19.446113+00:00,incremental browser-based collection of observable public posts,0,/home/runner/work/x_scrapper/x_scrapper/data/raw/fortune_x_2025_ranked/044_walt_disney,@Disney,https://x.com/Disney,primary,1
44,Walt Disney,@Disney,2031403740889333930,Tue Mar 10 16:16:08 +0000 2026,Happy Hannah-versary! The Hannah Montana 20th Anniversary special premieres March 24 on Disney+. #HannahMontana20 https://t.co/PwPVP8C7hK,https://x.com/Disney/status/2031403740889333930,141,4429,17001,713,true,false,,2026-06-14T02:52:19.446113+00:00,incremental browser-based collection of observable public posts,0,/home/runner/work/x_scrapper/x_scrapper/data/raw/fortune_x_2025_ranked/044_walt_disney,@Disney,https://x.com/Disney,primary,1
44,Walt Disney,@Disney,2030694671937331501,Sun Mar 08 17:18:32 +0000 2026,"RT @Pixar: Now we party! 🦫👑

#Hoppers is the #1 movie in the world and now playing everywhere! https://t.co/ciniXNBMGc",https://x.com/Disney/status/2030694671937331501,0,381,0,0,true,false,,2026-06-14T02:52:19.446113+00:00,incremental browser-based collection of observable public posts,0,/home/runner/work/x_scrapper/x_scrapper/data/raw/fortune_x_2025_ranked/044_walt_disney,@Disney,https://x.com/Disney,primary,1
44,Walt Disney,@Disney,2030683355965263925,Sun Mar 08 16:33:34 +0000 2026,"Now we party! 🦫👑

#Hoppers is the #1 movie in the world and now playing everywhere! https://t.co/ciniXNBMGc",https://x.com/Disney/status/2030683355965263925,38,381,2373,28,true,false,,2026-06-14T02:52:19.446113+00:00,incremental browser-based collection of observable public posts,0,/home/runner/work/x_scrapper/x_scrapper/data/raw/fortune_x_2025_ranked/044_walt_disney,@Disney,https://x.com/Disney,primary,1
44,Walt Disney,@Disney,2029955522867192023,Fri Mar 06 16:21:26 +0000 2026,"RT @Pixar: 🦎NOW PLAYING🦎NOW PLAYING🦎

#Hoppers is now playing only in theaters! https://t.co/whBKlpiUPr",https://x.com/Disney/status/2029955522867192023,0,783,0,0,true,false,,2026-06-14T02:52:19.446113+00:00,incremental browser-based collection of observable public posts,0,/home/runner/work/x_scrapper/x_scrapper/data/raw/fortune_x_2025_ranked/044_walt_disney,@Disney,https://x.com/Disney,primary,1
44,Walt Disney,@Disney,2029950129961156804,Fri Mar 06 16:00:00 +0000 2026,"🦎NOW PLAYING🦎NOW PLAYING🦎

#Hoppers is now playing only in theaters! https://t.co/whBKlpiUPr",https://x.com/Disney/status/2029950129961156804,113,783,4561,54,true,false,,2026-06-14T02:52:19.446113+00:00,incremental browser-based collection of observable public posts,0,/home/runner/work/x_scrapper/x_scrapper/data/raw/fortune_x_2025_ranked/044_walt_disney,@Disney,https://x.com/Disney,primary,1
44,Walt Disney,@Disney,2029708540403655051,Fri Mar 06 00:00:00 +0000 2026,"Rep your favorite reptile, the Tom Lizard Bundle from Disney and Pixar’s Hoppers has dropped in the Shop! https://t.co/synHtyEsoH",https://x.com/Disney/status/2029708540403655051,51,186,1229,15,true,false,,2026-06-14T02:52:19.446113+00:00,incremental browser-based collection of observable public posts,0,/home/runner/work/x_scrapper/x_scrapper/data/raw/fortune_x_2025_ranked/044_walt_disney,@Disney,https://x.com/Disney,primary,1
44,Walt Disney,@Disney,2028885920703819848,Tue Mar 03 17:31:13 +0000 2026,🦎 🦎 🦎 https://t.co/K0Jj9O0nPx,https://x.com/Disney/status/2028885920703819848,287,4292,32444,327,true,false,,2026-06-14T02:52:19.446113+00:00,incremental browser-based collection of observable public posts,0,/home/runner/work/x_scrapper/x_scrapper/data/raw/fortune_x_2025_ranked/044_walt_disney,@Disney,https://x.com/Disney,primary,1
44,Walt Disney,@Disney,2028679520409079903,Tue Mar 03 03:51:03 +0000 2026,Congratulations to all 22 Children's and Family Emmy® wins from across the Walt Disney Company. https://t.co/dJUAmGZWK9,https://x.com/Disney/status/2028679520409079903,17,106,615,1,true,false,,2026-06-14T02:52:19.446113+00:00,incremental browser-based collection of observable public posts,0,/home/runner/work/x_scrapper/x_scrapper/data/raw/fortune_x_2025_ranked/044_walt_disney,@Disney,https://x.com/Disney,primary,1
44,Walt Disney,@Disney,2024530200965603483,Thu Feb 19 17:03:08 +0000 2026,"RT @Pixar: Playtime has a new look

#ToyStory5 is only in theaters June 19 https://t.co/9zT6zjp0YS",https://x.com/Disney/status/2024530200965603483,0,1575,0,0,true,false,,2026-06-14T02:52:19.446113+00:00,incremental browser-based collection of observable public posts,0,/home/runner/work/x_scrapper/x_scrapper/data/raw/fortune_x_2025_ranked/044_walt_disney,@Disney,https://x.com/Disney,primary,1
44,Walt Disney,@Disney,2024530191469727882,Thu Feb 19 17:03:06 +0000 2026,"RT @Pixar: Times may change but friends are forever
#ToyStory5 is only in theaters June 19 https://t.co/WHleG8wSqu",https://x.com/Disney/status/2024530191469727882,0,5876,0,0,true,false,,2026-06-14T02:52:19.446113+00:00,incremental browser-based collection of observable public posts,0,/home/runner/work/x_scrapper/x_scrapper/data/raw/fortune_x_2025_ranked/044_walt_disney,@Disney,https://x.com/Disney,primary,1
44,Walt Disney,@Disney,2024529843237638609,Thu Feb 19 17:01:43 +0000 2026,"Playtime has a new look

#ToyStory5 is only in theaters June 19 https://t.co/9zT6zjp0YS",https://x.com/Disney/status/2024529843237638609,162,1575,8140,119,true,false,,2026-06-14T02:52:19.446113+00:00,incremental browser-based collection of observable public posts,0,/home/runner/work/x_scrapper/x_scrapper/data/raw/fortune_x_2025_ranked/044_walt_disney,@Disney,https://x.com/Disney,primary,1
44,Walt Disney,@Disney,2024529477544661359,Thu Feb 19 17:00:16 +0000 2026,"Times may change but friends are forever
#ToyStory5 is only in theaters June 19 https://t.co/WHleG8wSqu",https://x.com/Disney/status/2024529477544661359,437,5876,22252,2200,true,false,,2026-06-14T02:52:19.446113+00:00,incremental browser-based collection of observable public posts,0,/home/runner/work/x_scrapper/x_scrapper/data/raw/fortune_x_2025_ranked/044_walt_disney,@Disney,https://x.com/Disney,primary,1
44,Walt Disney,@Disney,2023821129941741842,Tue Feb 17 18:05:32 +0000 2026,RT @DisneyPlus: Going back to where it all began. 🖤 The Hannah Montana 20th Anniversary Special premieres March 24 on Disney+. #MileysMemor…,https://x.com/Disney/status/2023821129941741842,0,3937,0,0,true,false,,2026-06-14T02:52:19.446113+00:00,incremental browser-based collection of observable public posts,0,/home/runner/work/x_scrapper/x_scrapper/data/raw/fortune_x_2025_ranked/044_walt_disney,@Disney,https://x.com/Disney,primary,1
44,Walt Disney,@Disney,2023819821264368128,Tue Feb 17 18:00:20 +0000 2026,Going back to where it all began. 🖤 The Hannah Montana 20th Anniversary Special premieres March 24 on Disney+. #MileysMemories https://t.co/hTlcqyBnwv,https://x.com/Disney/status/2023819821264368128,240,3937,16041,932,true,false,,2026-06-14T02:52:19.446113+00:00,incremental browser-based collection of observable public posts,0,/home/runner/work/x_scrapper/x_scrapper/data/raw/fortune_x_2025_ranked/044_walt_disney,@Disney,https://x.com/Disney,primary,1
44,Walt Disney,@Disney,2023764034605244748,Tue Feb 17 14:18:40 +0000 2026,"RT @starwars: Wherever I go, he goes.

Don't miss The Mandalorian and Grogu in theaters and IMAX May 22. https://t.co/eA3vmpRV4L",https://x.com/Disney/status/2023764034605244748,0,4654,0,0,true,false,,2026-06-14T02:52:19.446113+00:00,incremental browser-based collection of observable public posts,0,/home/runner/work/x_scrapper/x_scrapper/data/raw/fortune_x_2025_ranked/044_walt_disney,@Disney,https://x.com/Disney,primary,1
44,Walt Disney,@Disney,2023759440542048463,Tue Feb 17 14:00:24 +0000 2026,"RT @starwars: Star Wars returns to the big screen with The Mandalorian and Grogu.

Watch the trailer now and experience the film, starring…",https://x.com/Disney/status/2023759440542048463,0,9320,0,0,true,false,,2026-06-14T02:52:19.446113+00:00,incremental browser-based collection of observable public posts,0,/home/runner/work/x_scrapper/x_scrapper/data/raw/fortune_x_2025_ranked/044_walt_disney,@Disney,https://x.com/Disney,primary,1
44,Walt Disney,@Disney,2023759437023048026,Tue Feb 17 14:00:24 +0000 2026,"Wherever I go, he goes.

Don't miss The Mandalorian and Grogu in theaters and IMAX May 22. https://t.co/eA3vmpRV4L",https://x.com/Disney/status/2023759437023048026,234,4654,22441,319,true,false,,2026-06-14T02:52:19.446113+00:00,incremental browser-based collection of observable public posts,0,/home/runner/work/x_scrapper/x_scrapper/data/raw/fortune_x_2025_ranked/044_walt_disney,@Disney,https://x.com/Disney,primary,1
44,Walt Disney,@Disney,2023759375014432941,Tue Feb 17 14:00:09 +0000 2026,"Star Wars returns to the big screen with The Mandalorian and Grogu.

Watch the trailer now and experience the film, starring Pedro Pascal, only in theaters and IMAX May 22. https://t.co/0S31W8kRfq",https://x.com/Disney/status/2023759375014432941,1120,9320,33300,3416,true,false,,2026-06-14T02:52:19.446113+00:00,incremental browser-based collection of observable public posts,0,/home/runner/work/x_scrapper/x_scrapper/data/raw/fortune_x_2025_ranked/044_walt_disney,@Disney,https://x.com/Disney,primary,1
44,Walt Disney,@Disney,2023442536640209020,Mon Feb 16 17:01:09 +0000 2026,RT @starwars: The Mandalorian and Grogu trailer arrives tomorrow. https://t.co/MfesliKPCf,https://x.com/Disney/status/2023442536640209020,0,3663,0,0,true,false,,2026-06-14T02:52:19.446113+00:00,incremental browser-based collection of observable public posts,0,/home/runner/work/x_scrapper/x_scrapper/data/raw/fortune_x_2025_ranked/044_walt_disney,@Disney,https://x.com/Disney,primary,1
44,Walt Disney,@Disney,2023442421737288075,Mon Feb 16 17:00:41 +0000 2026,The Mandalorian and Grogu trailer arrives tomorrow. https://t.co/MfesliKPCf,https://x.com/Disney/status/2023442421737288075,520,3663,22051,957,true,false,,2026-06-14T02:52:19.446113+00:00,incremental browser-based collection of observable public posts,0,/home/runner/work/x_scrapper/x_scrapper/data/raw/fortune_x_2025_ranked/044_walt_disney,@Disney,https://x.com/Disney,primary,1
44,Walt Disney,@Disney,2020754140847280359,Mon Feb 09 06:58:25 +0000 2026,"RT @DisneyParks: The @Seahawks stars @Kenneth_Walker9, Sam Darnold and their team just won the Super Bowl! What are they going to do next?…",https://x.com/Disney/status/2020754140847280359,0,150,0,0,false,false,,2026-06-14T02:52:19.446113+00:00,incremental browser-based collection of observable public posts,0,/home/runner/work/x_scrapper/x_scrapper/data/raw/fortune_x_2025_ranked/044_walt_disney,@Disney,https://x.com/Disney,primary,1
44,Walt Disney,@Disney,2020717365160517992,Mon Feb 09 04:32:17 +0000 2026,"The @Seahawks stars @Kenneth_Walker9, Sam Darnold and their team just won the Super Bowl! What are they going to do next? You guessed it – they're going to @Disneyland! #Disneyland70 #SBLX https://t.co/E1YZfyjFIY https://t.co/BBkRcfXbD3",https://x.com/Disney/status/2020717365160517992,23,150,1038,19,true,false,,2026-06-14T02:52:19.446113+00:00,incremental browser-based collection of observable public posts,0,/home/runner/work/x_scrapper/x_scrapper/data/raw/fortune_x_2025_ranked/044_walt_disney,@Disney,https://x.com/Disney,primary,1
44,Walt Disney,@Disney,2020663766640177159,Mon Feb 09 00:59:18 +0000 2026,"RT @toystory: There’s a great story behind every original.👖 
See the full commercial from @Levis. https://t.co/tGtHP0M6wE",https://x.com/Disney/status/2020663766640177159,0,929,0,0,true,false,,2026-06-14T02:52:19.446113+00:00,incremental browser-based collection of observable public posts,0,/home/runner/work/x_scrapper/x_scrapper/data/raw/fortune_x_2025_ranked/044_walt_disney,@Disney,https://x.com/Disney,primary,1
44,Walt Disney,@Disney,2020658069206974537,Mon Feb 09 00:36:40 +0000 2026,"There’s a great story behind every original.👖 
See the full commercial from @Levis. https://t.co/tGtHP0M6wE",https://x.com/Disney/status/2020658069206974537,133,929,8726,207,true,false,,2026-06-14T02:52:19.446113+00:00,incremental browser-based collection of observable public posts,0,/home/runner/work/x_scrapper/x_scrapper/data/raw/fortune_x_2025_ranked/044_walt_disney,@Disney,https://x.com/Disney,primary,1
44,Walt Disney,@Disney,2020648822603669870,Sun Feb 08 23:59:55 +0000 2026,"RT @starwars: A new journey begins.

Watch the big game spot and see The Mandalorian and Grogu only in theaters and IMAX May 22. https://t.…",https://x.com/Disney/status/2020648822603669870,0,5931,0,0,true,false,,2026-06-14T02:52:19.446113+00:00,incremental browser-based collection of observable public posts,0,/home/runner/work/x_scrapper/x_scrapper/data/raw/fortune_x_2025_ranked/044_walt_disney,@Disney,https://x.com/Disney,primary,1
44,Walt Disney,@Disney,2020648059630415896,Sun Feb 08 23:56:53 +0000 2026,"A new journey begins.

Watch the big game spot and see The Mandalorian and Grogu only in theaters and IMAX May 22. https://t.co/5M0MKbJFqr",https://x.com/Disney/status/2020648059630415896,1334,5931,28374,2227,true,false,,2026-06-14T02:52:19.446113+00:00,incremental browser-based collection of observable public posts,0,/home/runner/work/x_scrapper/x_scrapper/data/raw/fortune_x_2025_ranked/044_walt_disney,@Disney,https://x.com/Disney,primary,1
44,Walt Disney,@Disney,2020639993224638507,Sun Feb 08 23:24:50 +0000 2026,"RT @Pixar: Have you ever wanted to put this 🧠 into this 🦫?

See Disney and Pixar's #Hoppers only in theaters March 6 or see it early on Feb…",https://x.com/Disney/status/2020639993224638507,0,546,0,0,true,false,,2026-06-14T02:52:19.446113+00:00,incremental browser-based collection of observable public posts,0,/home/runner/work/x_scrapper/x_scrapper/data/raw/fortune_x_2025_ranked/044_walt_disney,@Disney,https://x.com/Disney,primary,1
44,Walt Disney,@Disney,2020639054954713388,Sun Feb 08 23:21:07 +0000 2026,"Have you ever wanted to put this 🧠 into this 🦫?

See Disney and Pixar's #Hoppers only in theaters March 6 or see it early on February 28! https://t.co/dtO3UofxG5",https://x.com/Disney/status/2020639054954713388,40,546,1986,54,true,false,,2026-06-14T02:52:19.446113+00:00,incremental browser-based collection of observable public posts,0,/home/runner/work/x_scrapper/x_scrapper/data/raw/fortune_x_2025_ranked/044_walt_disney,@Disney,https://x.com/Disney,primary,1
44,Walt Disney,@Disney,2019217385262125505,Thu Feb 05 01:11:54 +0000 2026,"It's time to play the music, it's time to light the lights... again! #TheMuppetShow is now streaming on Disney+ and airs tonight at 8/9c on ABC. https://t.co/BaG1THP6KV",https://x.com/Disney/status/2019217385262125505,197,636,5097,70,true,false,,2026-06-14T02:52:19.446113+00:00,incremental browser-based collection of observable public posts,0,/home/runner/work/x_scrapper/x_scrapper/data/raw/fortune_x_2025_ranked/044_walt_disney,@Disney,https://x.com/Disney,primary,1
44,Walt Disney,@Disney,2019102428604559851,Wed Feb 04 17:35:06 +0000 2026,"RT @20thcentury: 222,000,000 trailer views in 24hrs? Groundbreaking. Literally. 

Thank you for making The Devil Wears Prada 2 the most vie…",https://x.com/Disney/status/2019102428604559851,0,1768,0,0,true,false,,2026-06-14T02:52:19.446113+00:00,incremental browser-based collection of observable public posts,0,/home/runner/work/x_scrapper/x_scrapper/data/raw/fortune_x_2025_ranked/044_walt_disney,@Disney,https://x.com/Disney,primary,1
44,Walt Disney,@Disney,2019078498690961584,Wed Feb 04 16:00:01 +0000 2026,"222,000,000 trailer views in 24hrs? Groundbreaking. Literally. 

Thank you for making The Devil Wears Prada 2 the most viewed 20th Century Studios trailer of all time. https://t.co/aa1n8gPiE8",https://x.com/Disney/status/2019078498690961584,156,1768,16290,247,true,false,,2026-06-14T02:52:19.446113+00:00,incremental browser-based collection of observable public posts,0,/home/runner/work/x_scrapper/x_scrapper/data/raw/fortune_x_2025_ranked/044_walt_disney,@Disney,https://x.com/Disney,primary,1
44,Walt Disney,@Disney,2018129253632561192,Mon Feb 02 01:08:03 +0000 2026,RT @20thcentury: Icons reign forever. The Devil Wears Prada 2 arrives in theaters May 1. https://t.co/Kdif0eRdjE,https://x.com/Disney/status/2018129253632561192,0,1366,0,0,true,false,,2026-06-14T02:52:19.446113+00:00,incremental browser-based collection of observable public posts,0,/home/runner/work/x_scrapper/x_scrapper/data/raw/fortune_x_2025_ranked/044_walt_disney,@Disney,https://x.com/Disney,primary,1
44,Walt Disney,@Disney,2018129240579813429,Mon Feb 02 01:08:00 +0000 2026,"RT @20thcentury: Emily Blunt and Stanley Tucci return in The Devil Wears Prada 2, only in theaters May 1. https://t.co/HL0HohF6TB",https://x.com/Disney/status/2018129240579813429,0,405,0,0,true,false,,2026-06-14T02:52:19.446113+00:00,incremental browser-based collection of observable public posts,0,/home/runner/work/x_scrapper/x_scrapper/data/raw/fortune_x_2025_ranked/044_walt_disney,@Disney,https://x.com/Disney,primary,1
44,Walt Disney,@Disney,2018129233151758383,Mon Feb 02 01:07:58 +0000 2026,"RT @20thcentury: Meryl Streep and Anne Hathaway return in The Devil Wears Prada 2, only in theaters May 1. https://t.co/41MhcSJt7m",https://x.com/Disney/status/2018129233151758383,0,1030,0,0,true,false,,2026-06-14T02:52:19.446113+00:00,incremental browser-based collection of observable public posts,0,/home/runner/work/x_scrapper/x_scrapper/data/raw/fortune_x_2025_ranked/044_walt_disney,@Disney,https://x.com/Disney,primary,1
44,Walt Disney,@Disney,2018129213841092624,Mon Feb 02 01:07:54 +0000 2026,"RT @20thcentury: Everybody wants this. 

Meryl Streep, Anne Hathaway, Emily Blunt, and Stanley Tucci return in The Devil Wears Prada 2, in…",https://x.com/Disney/status/2018129213841092624,0,11467,0,0,true,false,,2026-06-14T02:52:19.446113+00:00,incremental browser-based collection of observable public posts,0,/home/runner/work/x_scrapper/x_scrapper/data/raw/fortune_x_2025_ranked/044_walt_disney,@Disney,https://x.com/Disney,primary,1
44,Walt Disney,@Disney,2018127842022944957,Mon Feb 02 01:02:27 +0000 2026,"Everybody wants this. 

Meryl Streep, Anne Hathaway, Emily Blunt, and Stanley Tucci return in The Devil Wears Prada 2, in theaters May 1. Watch the full trailer now. https://t.co/jPKdpJq0qr",https://x.com/Disney/status/2018127842022944957,382,11467,31979,3363,true,false,,2026-06-14T02:52:19.446113+00:00,incremental browser-based collection of observable public posts,0,/home/runner/work/x_scrapper/x_scrapper/data/raw/fortune_x_2025_ranked/044_walt_disney,@Disney,https://x.com/Disney,primary,1
44,Walt Disney,@Disney,2018127564414628345,Mon Feb 02 01:01:21 +0000 2026,Icons reign forever. The Devil Wears Prada 2 arrives in theaters May 1. https://t.co/Kdif0eRdjE,https://x.com/Disney/status/2018127564414628345,49,1366,5001,114,true,false,,2026-06-14T02:52:19.446113+00:00,incremental browser-based collection of observable public posts,0,/home/runner/work/x_scrapper/x_scrapper/data/raw/fortune_x_2025_ranked/044_walt_disney,@Disney,https://x.com/Disney,primary,1
44,Walt Disney,@Disney,2018127562413948959,Mon Feb 02 01:01:20 +0000 2026,"Emily Blunt and Stanley Tucci return in The Devil Wears Prada 2, only in theaters May 1. https://t.co/HL0HohF6TB",https://x.com/Disney/status/2018127562413948959,9,405,1943,10,true,false,,2026-06-14T02:52:19.446113+00:00,incremental browser-based collection of observable public posts,0,/home/runner/work/x_scrapper/x_scrapper/data/raw/fortune_x_2025_ranked/044_walt_disney,@Disney,https://x.com/Disney,primary,1
44,Walt Disney,@Disney,2018127560404861274,Mon Feb 02 01:01:20 +0000 2026,"Meryl Streep and Anne Hathaway return in The Devil Wears Prada 2, only in theaters May 1. https://t.co/41MhcSJt7m",https://x.com/Disney/status/2018127560404861274,21,1030,5128,69,true,false,,2026-06-14T02:52:19.446113+00:00,incremental browser-based collection of observable public posts,0,/home/runner/work/x_scrapper/x_scrapper/data/raw/fortune_x_2025_ranked/044_walt_disney,@Disney,https://x.com/Disney,primary,1
44,Walt Disney,@Disney,2018006686900879505,Sun Feb 01 17:01:01 +0000 2026,RT @20thcentury: Trailer tonight. That’s all. https://t.co/7RXgR9jwXL,https://x.com/Disney/status/2018006686900879505,0,3427,0,0,false,false,,2026-06-14T02:52:19.446113+00:00,incremental browser-based collection of observable public posts,0,/home/runner/work/x_scrapper/x_scrapper/data/raw/fortune_x_2025_ranked/044_walt_disney,@Disney,https://x.com/Disney,primary,1
44,Walt Disney,@Disney,2018006427760222694,Sun Feb 01 16:59:59 +0000 2026,Trailer tonight. That’s all. https://t.co/7RXgR9jwXL,https://x.com/Disney/status/2018006427760222694,128,3427,11754,848,true,false,,2026-06-14T02:52:19.446113+00:00,incremental browser-based collection of observable public posts,0,/home/runner/work/x_scrapper/x_scrapper/data/raw/fortune_x_2025_ranked/044_walt_disney,@Disney,https://x.com/Disney,primary,1
44,Walt Disney,@Disney,2014367457574785418,Thu Jan 22 16:00:01 +0000 2026,"Discover the dream, the hands and imaginations that shaped The Happiest Place on Earth like you've never seen before 🏰 Disneyland Handcrafted now streaming on @DisneyPlus and @Disney YouTube ✨#DisneylandHandcrafted https://t.co/SEyPrfeNuX",https://x.com/Disney/status/2014367457574785418,138,317,1401,26,true,false,,2026-06-14T02:52:19.446113+00:00,incremental browser-based collection of observable public posts,0,/home/runner/work/x_scrapper/x_scrapper/data/raw/fortune_x_2025_ranked/044_walt_disney,@Disney,https://x.com/Disney,primary,1
44,Walt Disney,@Disney,2013974873966883192,Wed Jan 21 14:00:02 +0000 2026,To the magical memories you’re still making with the people you love. #ThisIsDisney #DisneyCoreMemories https://t.co/DN3Wp07MLj,https://x.com/Disney/status/2013974873966883192,49,199,704,8,true,false,,2026-06-14T02:52:19.446113+00:00,incremental browser-based collection of observable public posts,0,/home/runner/work/x_scrapper/x_scrapper/data/raw/fortune_x_2025_ranked/044_walt_disney,@Disney,https://x.com/Disney,primary,1
44,Walt Disney,@Disney,2012927570543571053,Sun Jan 18 16:38:25 +0000 2026,RT @DisneyAnimation: Hisssstory has been made 🐍 #Zootopia2 is now Disney’s biggest animated movie of all time! https://t.co/a0dZdoQNSk,https://x.com/Disney/status/2012927570543571053,0,3864,0,0,true,false,,2026-06-14T02:52:19.446113+00:00,incremental browser-based collection of observable public posts,0,/home/runner/work/x_scrapper/x_scrapper/data/raw/fortune_x_2025_ranked/044_walt_disney,@Disney,https://x.com/Disney,primary,1
44,Walt Disney,@Disney,2012926053182747084,Sun Jan 18 16:32:24 +0000 2026,Hisssstory has been made 🐍 #Zootopia2 is now Disney’s biggest animated movie of all time! https://t.co/a0dZdoQNSk,https://x.com/Disney/status/2012926053182747084,223,3864,19779,333,true,false,,2026-06-14T02:52:19.446113+00:00,incremental browser-based collection of observable public posts,0,/home/runner/work/x_scrapper/x_scrapper/data/raw/fortune_x_2025_ranked/044_walt_disney,@Disney,https://x.com/Disney,primary,1
44,Walt Disney,@Disney,2009007348447371331,Wed Jan 07 21:00:52 +0000 2026,Teagan Croft and Milo Manheim are Rapunzel and Flynn Rider in the live-action reimagining of Disney's Tangled. Coming only to theaters. https://t.co/YKaK1BM5Sd,https://x.com/Disney/status/2009007348447371331,1176,10481,75640,7184,true,false,,2026-06-14T02:52:19.446113+00:00,incremental browser-based collection of observable public posts,0,/home/runner/work/x_scrapper/x_scrapper/data/raw/fortune_x_2025_ranked/044_walt_disney,@Disney,https://x.com/Disney,primary,1
44,Walt Disney,@Disney,2008983707613368500,Wed Jan 07 19:26:55 +0000 2026,"Innovation, risk, and relentless creativity—values that built Disneyland and continue to inspire generations. 🏰✨ Discover how filmmaker Leslie Iwerks brings this legacy to life in the upcoming documentary, ""Disneyland Handcrafted."" 🎥 https://t.co/YVHbLVyVHV https://t.co/QXjt6UxEVF",https://x.com/Disney/status/2008983707613368500,47,69,364,2,true,false,,2026-06-14T02:52:19.446113+00:00,incremental browser-based collection of observable public posts,0,/home/runner/work/x_scrapper/x_scrapper/data/raw/fortune_x_2025_ranked/044_walt_disney,@Disney,https://x.com/Disney,primary,1
44,Walt Disney,@Disney,2008901438290739328,Wed Jan 07 14:00:01 +0000 2026,You never stop believing. You just start sharing the magic ✨ #ThisIsDisney #DisneyCoreMemories https://t.co/vuQrWCMtTI,https://x.com/Disney/status/2008901438290739328,41,89,479,5,true,false,,2026-06-14T02:52:19.446113+00:00,incremental browser-based collection of observable public posts,0,/home/runner/work/x_scrapper/x_scrapper/data/raw/fortune_x_2025_ranked/044_walt_disney,@Disney,https://x.com/Disney,primary,1
44,Walt Disney,@Disney,2008222004722495831,Mon Jan 05 17:00:11 +0000 2026,"Using only rare archival footage, witness how the DNA of Disneyland was created. Leslie Iwerks’ brand-new documentary debuts January 22 on @Disney YouTube and @DisneyPlus 🏰 ✨ Visit Disney Parks Blog to learn more. #DisneylandHandcrafted 📲 https://t.co/Mi6wxrRJG6 https://t.co/mzsEWmybBD",https://x.com/Disney/status/2008222004722495831,68,363,2865,34,true,false,,2026-06-14T02:52:19.446113+00:00,incremental browser-based collection of observable public posts,0,/home/runner/work/x_scrapper/x_scrapper/data/raw/fortune_x_2025_ranked/044_walt_disney,@Disney,https://x.com/Disney,primary,1
44,Walt Disney,@Disney,2006364731683291202,Wed Dec 31 14:00:03 +0000 2025,Here’s to another year of the moments that become memories and the memories that last a lifetime. Happy New Year from Disney 💙✨ #ThisIsDisney #DisneyCoreMemories https://t.co/0GzU26DaAM,https://x.com/Disney/status/2006364731683291202,53,91,408,6,true,false,,2026-06-14T02:52:19.446113+00:00,incremental browser-based collection of observable public posts,0,/home/runner/work/x_scrapper/x_scrapper/data/raw/fortune_x_2025_ranked/044_walt_disney,@Disney,https://x.com/Disney,primary,1
44,Walt Disney,@Disney,2002843258318364858,Sun Dec 21 20:46:58 +0000 2025,RT @officialavatar: Avatar: Fire and Ash is the #1 movie in the world. Get tickets now to experience the can't-miss movie event only in the…,https://x.com/Disney/status/2002843258318364858,0,1096,0,0,true,false,,2026-06-14T02:52:19.446113+00:00,incremental browser-based collection of observable public posts,0,/home/runner/work/x_scrapper/x_scrapper/data/raw/fortune_x_2025_ranked/044_walt_disney,@Disney,https://x.com/Disney,primary,1
44,Walt Disney,@Disney,2002838988319826412,Sun Dec 21 20:30:00 +0000 2025,Avatar: Fire and Ash is the #1 movie in the world. Get tickets now to experience the can't-miss movie event only in theatres: https://t.co/1ih0J2Ma0D https://t.co/5fqtWUcbOm,https://x.com/Disney/status/2002838988319826412,109,1096,9670,45,true,false,,2026-06-14T02:52:19.446113+00:00,incremental browser-based collection of observable public posts,0,/home/runner/work/x_scrapper/x_scrapper/data/raw/fortune_x_2025_ranked/044_walt_disney,@Disney,https://x.com/Disney,primary,1
44,Walt Disney,@Disney,2002061891733230032,Fri Dec 19 17:02:06 +0000 2025,RT @officialavatar: The day has come. Avatar: Fire and Ash is now playing only in theatres. Get tickets now: https://t.co/gSGJpeDyXY https:…,https://x.com/Disney/status/2002061891733230032,0,374,0,0,true,false,,2026-06-14T02:52:19.446113+00:00,incremental browser-based collection of observable public posts,0,/home/runner/work/x_scrapper/x_scrapper/data/raw/fortune_x_2025_ranked/044_walt_disney,@Disney,https://x.com/Disney,primary,1
44,Walt Disney,@Disney,2002061365989564894,Fri Dec 19 17:00:00 +0000 2025,The day has come. Avatar: Fire and Ash is now playing only in theatres. Get tickets now: https://t.co/gSGJpeDyXY https://t.co/lo0v0uqXP0,https://x.com/Disney/status/2002061365989564894,52,374,2473,20,true,false,,2026-06-14T02:52:19.446113+00:00,incremental browser-based collection of observable public posts,0,/home/runner/work/x_scrapper/x_scrapper/data/raw/fortune_x_2025_ranked/044_walt_disney,@Disney,https://x.com/Disney,primary,1
44,Walt Disney,@Disney,2001404388292673947,Wed Dec 17 21:29:25 +0000 2025,"RT @officialavatar: Jake Sully and Neytiri outfits are back in the Fortnite Item Shop, available through December 21.

Avatar: Fire and Ash…",https://x.com/Disney/status/2001404388292673947,0,239,0,0,true,false,,2026-06-14T02:52:19.446113+00:00,incremental browser-based collection of observable public posts,0,/home/runner/work/x_scrapper/x_scrapper/data/raw/fortune_x_2025_ranked/044_walt_disney,@Disney,https://x.com/Disney,primary,1
44,Walt Disney,@Disney,2001396988688859453,Wed Dec 17 21:00:00 +0000 2025,"Jake Sully and Neytiri outfits are back in the Fortnite Item Shop, available through December 21.

Avatar: Fire and Ash arrives in theatres this Friday. Get tickets now. https://t.co/f80ssIhU4q",https://x.com/Disney/status/2001396988688859453,46,239,3544,50,true,false,,2026-06-14T02:52:19.446113+00:00,incremental browser-based collection of observable public posts,0,/home/runner/work/x_scrapper/x_scrapper/data/raw/fortune_x_2025_ranked/044_walt_disney,@Disney,https://x.com/Disney,primary,1
44,Walt Disney,@Disney,1999529734955307239,Fri Dec 12 17:20:12 +0000 2025,"RT @DisneyAnimation: A paws-itively unbelievable milestone 🐾
Thanks to fans everywhere, #Zootopia2 has crossed $1 Billion worldwide! We are…",https://x.com/Disney/status/1999529734955307239,0,2749,0,0,true,false,,2026-06-14T02:52:19.446113+00:00,incremental browser-based collection of observable public posts,0,/home/runner/work/x_scrapper/x_scrapper/data/raw/fortune_x_2025_ranked/044_walt_disney,@Disney,https://x.com/Disney,primary,1
44,Walt Disney,@Disney,1999528219306000396,Fri Dec 12 17:14:11 +0000 2025,"A paws-itively unbelievable milestone 🐾
Thanks to fans everywhere, #Zootopia2 has crossed $1 Billion worldwide! We are so thankful for every fan who joined the adventure! https://t.co/cvLsqlY9JY",https://x.com/Disney/status/1999528219306000396,265,2749,12872,227,true,false,,2026-06-14T02:52:19.446113+00:00,incremental browser-based collection of observable public posts,0,/home/runner/work/x_scrapper/x_scrapper/data/raw/fortune_x_2025_ranked/044_walt_disney,@Disney,https://x.com/Disney,primary,1
44,Walt Disney,@Disney,1999389757630218310,Fri Dec 12 08:03:59 +0000 2025,"RT @DisneyPlus: It's the end of an era, but the start of an age.
 
The first two episodes of The End of an Era and Taylor Swift | The Eras…",https://x.com/Disney/status/1999389757630218310,0,2346,0,0,true,false,,2026-06-14T02:52:19.446113+00:00,incremental browser-based collection of observable public posts,0,/home/runner/work/x_scrapper/x_scrapper/data/raw/fortune_x_2025_ranked/044_walt_disney,@Disney,https://x.com/Disney,primary,1
44,Walt Disney,@Disney,1999389150399852653,Fri Dec 12 08:01:34 +0000 2025,"It's the end of an era, but the start of an age.
 
The first two episodes of The End of an Era and Taylor Swift | The Eras Tour | The Final Show are now streaming only on Disney+. https://t.co/uZFaal4Y3A",https://x.com/Disney/status/1999389150399852653,135,2346,12039,124,true,false,,2026-06-14T02:52:19.446113+00:00,incremental browser-based collection of observable public posts,0,/home/runner/work/x_scrapper/x_scrapper/data/raw/fortune_x_2025_ranked/044_walt_disney,@Disney,https://x.com/Disney,primary,1
44,Walt Disney,@Disney,1998037551958118726,Mon Dec 08 14:30:48 +0000 2025,Congratulations to all the 27 #GoldenGlobes nominees from across The Walt Disney Company. https://t.co/Zha8vJbyPZ,https://x.com/Disney/status/1998037551958118726,106,239,1538,7,true,false,,2026-06-14T02:52:19.446113+00:00,incremental browser-based collection of observable public posts,0,/home/runner/work/x_scrapper/x_scrapper/data/raw/fortune_x_2025_ranked/044_walt_disney,@Disney,https://x.com/Disney,primary,1
44,Walt Disney,@Disney,1997405913741664669,Sat Dec 06 20:40:54 +0000 2025,RT @DisneyPlus: Your quest awaits. Percy Jackson: Siege of Monsters island is coming to Fortnite on December 9 and stream the two-episode p…,https://x.com/Disney/status/1997405913741664669,0,462,0,0,true,false,,2026-06-14T02:52:19.446113+00:00,incremental browser-based collection of observable public posts,0,/home/runner/work/x_scrapper/x_scrapper/data/raw/fortune_x_2025_ranked/044_walt_disney,@Disney,https://x.com/Disney,primary,1
44,Walt Disney,@Disney,1997404043447255128,Sat Dec 06 20:33:28 +0000 2025,Your quest awaits. Percy Jackson: Siege of Monsters island is coming to Fortnite on December 9 and stream the two-episode premiere of #PercyJackson and the Olympians Season 2 on Disney+ and Hulu December 10. https://t.co/3K277n5Q4n,https://x.com/Disney/status/1997404043447255128,96,462,3802,281,true,false,,2026-06-14T02:52:19.446113+00:00,incremental browser-based collection of observable public posts,0,/home/runner/work/x_scrapper/x_scrapper/data/raw/fortune_x_2025_ranked/044_walt_disney,@Disney,https://x.com/Disney,primary,1
44,Walt Disney,@Disney,1997018417677980008,Fri Dec 05 19:01:08 +0000 2025,"RT @20thcentury: An all-new movie from The Simpsons, now coming to theaters Labor D'OH Weekend, 2027! https://t.co/8JTTMRZiAE",https://x.com/Disney/status/1997018417677980008,0,743,0,0,true,false,,2026-06-14T02:52:19.446113+00:00,incremental browser-based collection of observable public posts,0,/home/runner/work/x_scrapper/x_scrapper/data/raw/fortune_x_2025_ranked/044_walt_disney,@Disney,https://x.com/Disney,primary,1
44,Walt Disney,@Disney,1997018185506443457,Fri Dec 05 19:00:12 +0000 2025,"An all-new movie from The Simpsons, now coming to theaters Labor D'OH Weekend, 2027! https://t.co/8JTTMRZiAE",https://x.com/Disney/status/1997018185506443457,78,743,4046,68,true,false,,2026-06-14T02:52:19.446113+00:00,incremental browser-based collection of observable public posts,0,/home/runner/work/x_scrapper/x_scrapper/data/raw/fortune_x_2025_ranked/044_walt_disney,@Disney,https://x.com/Disney,primary,1
44,Walt Disney,@Disney,1997014177446351323,Fri Dec 05 18:44:17 +0000 2025,Congratulations to all the 29 Critics Choice Awards TV &amp; Film nominations from across The Walt Disney Company. https://t.co/thtqi38tH0,https://x.com/Disney/status/1997014177446351323,43,90,355,2,true,false,,2026-06-14T02:52:19.446113+00:00,incremental browser-based collection of observable public posts,0,/home/runner/work/x_scrapper/x_scrapper/data/raw/fortune_x_2025_ranked/044_walt_disney,@Disney,https://x.com/Disney,primary,1
44,Walt Disney,@Disney,1996399283076313433,Thu Dec 04 02:00:55 +0000 2025,"RT @DisneyPlus: Next week, go beyond the phenomenon. The first two episodes of Taylor Swift’s 6-episode docuseries, The End of an Era, begi…",https://x.com/Disney/status/1996399283076313433,0,2379,0,0,true,false,,2026-06-14T02:52:19.446113+00:00,incremental browser-based collection of observable public posts,0,/home/runner/work/x_scrapper/x_scrapper/data/raw/fortune_x_2025_ranked/044_walt_disney,@Disney,https://x.com/Disney,primary,1
44,Walt Disney,@Disney,1996398605767454939,Thu Dec 04 01:58:13 +0000 2025,"Next week, go beyond the phenomenon. The first two episodes of Taylor Swift’s 6-episode docuseries, The End of an Era, begin streaming exclusively on Disney+ on December 12. https://t.co/YQmaEtCxcF",https://x.com/Disney/status/1996398605767454939,320,2379,12462,373,true,false,,2026-06-14T02:52:19.446113+00:00,incremental browser-based collection of observable public posts,0,/home/runner/work/x_scrapper/x_scrapper/data/raw/fortune_x_2025_ranked/044_walt_disney,@Disney,https://x.com/Disney,primary,1
44,Walt Disney,@Disney,1995902360644718981,Tue Dec 02 17:06:19 +0000 2025,"RT @DisneyAnimation: To all the fans around the world, thank you for making #Zootopia2 the mane event!
Experience it in theaters NOW! https…",https://x.com/Disney/status/1995902360644718981,0,329,0,0,true,false,,2026-06-14T02:52:19.446113+00:00,incremental browser-based collection of observable public posts,0,/home/runner/work/x_scrapper/x_scrapper/data/raw/fortune_x_2025_ranked/044_walt_disney,@Disney,https://x.com/Disney,primary,1
44,Walt Disney,@Disney,1995900765341413875,Tue Dec 02 16:59:59 +0000 2025,"To all the fans around the world, thank you for making #Zootopia2 the mane event!
Experience it in theaters NOW! https://t.co/t6lFWgGAMP",https://x.com/Disney/status/1995900765341413875,62,329,2008,24,true,false,,2026-06-14T02:52:19.446113+00:00,incremental browser-based collection of observable public posts,0,/home/runner/work/x_scrapper/x_scrapper/data/raw/fortune_x_2025_ranked/044_walt_disney,@Disney,https://x.com/Disney,primary,1
44,Walt Disney,@Disney,1995778013166805290,Tue Dec 02 08:52:12 +0000 2025,"RT @officialavatar: That’s a wrap on the world premiere of Avatar: Fire and Ash 🎬

Get tickets now and experience the movie event of the ye…",https://x.com/Disney/status/1995778013166805290,0,150,0,0,true,false,,2026-06-14T02:52:19.446113+00:00,incremental browser-based collection of observable public posts,0,/home/runner/work/x_scrapper/x_scrapper/data/raw/fortune_x_2025_ranked/044_walt_disney,@Disney,https://x.com/Disney,primary,1
44,Walt Disney,@Disney,1995777986893676636,Tue Dec 02 08:52:06 +0000 2025,RT @officialavatar: Billie Eilish celebrates Avatar: Fire and Ash with Director James Cameron and Suzy Amis Cameron at the world premiere i…,https://x.com/Disney/status/1995777986893676636,0,150,0,0,true,false,,2026-06-14T02:52:19.446113+00:00,incremental browser-based collection of observable public posts,0,/home/runner/work/x_scrapper/x_scrapper/data/raw/fortune_x_2025_ranked/044_walt_disney,@Disney,https://x.com/Disney,primary,1
44,Walt Disney,@Disney,1995777964521234751,Tue Dec 02 08:52:01 +0000 2025,RT @officialavatar: Miley Cyrus joins fans at the world premiere. Hear her new song “Dream As One” (From Avatar: Fire and Ash). https://t.c…,https://x.com/Disney/status/1995777964521234751,0,1114,0,0,false,false,,2026-06-14T02:52:19.446113+00:00,incremental browser-based collection of observable public posts,0,/home/runner/work/x_scrapper/x_scrapper/data/raw/fortune_x_2025_ranked/044_walt_disney,@Disney,https://x.com/Disney,primary,1
44,Walt Disney,@Disney,1995762708030128621,Tue Dec 02 07:51:23 +0000 2025,"That’s a wrap on the world premiere of Avatar: Fire and Ash 🎬

Get tickets now and experience the movie event of the year, in theatres December 19: https://t.co/gSGJpeE6Nw https://t.co/BWJXRX8EE4",https://x.com/Disney/status/1995762708030128621,26,150,1063,8,true,false,,2026-06-14T02:52:19.446113+00:00,incremental browser-based collection of observable public posts,0,/home/runner/work/x_scrapper/x_scrapper/data/raw/fortune_x_2025_ranked/044_walt_disney,@Disney,https://x.com/Disney,primary,1
44,Walt Disney,@Disney,1995758624275345637,Tue Dec 02 07:35:10 +0000 2025,Billie Eilish celebrates Avatar: Fire and Ash with Director James Cameron and Suzy Amis Cameron at the world premiere in Hollywood. https://t.co/F0W6eaicrg,https://x.com/Disney/status/1995758624275345637,25,150,1664,23,true,false,,2026-06-14T02:52:19.446113+00:00,incremental browser-based collection of observable public posts,0,/home/runner/work/x_scrapper/x_scrapper/data/raw/fortune_x_2025_ranked/044_walt_disney,@Disney,https://x.com/Disney,primary,1
44,Walt Disney,@Disney,1995756230384779444,Tue Dec 02 07:25:39 +0000 2025,Miley Cyrus joins fans at the world premiere. Hear her new song “Dream As One” (From Avatar: Fire and Ash). https://t.co/iVogFZU2q6,https://x.com/Disney/status/1995756230384779444,66,1114,5860,96,true,false,,2026-06-14T02:52:19.446113+00:00,incremental browser-based collection of observable public posts,0,/home/runner/work/x_scrapper/x_scrapper/data/raw/fortune_x_2025_ranked/044_walt_disney,@Disney,https://x.com/Disney,primary,1
44,Walt Disney,@Disney,1995749942414004693,Tue Dec 02 07:00:40 +0000 2025,"RT @officialavatar: From Pandora to Hollywood. Bailey Bass, Jack Champion, and Trinity Jo-Li Bliss reunite on the red carpet of Avatar: Fir…",https://x.com/Disney/status/1995749942414004693,0,210,0,0,true,false,,2026-06-14T02:52:19.446113+00:00,incremental browser-based collection of observable public posts,0,/home/runner/work/x_scrapper/x_scrapper/data/raw/fortune_x_2025_ranked/044_walt_disney,@Disney,https://x.com/Disney,primary,1
44,Walt Disney,@Disney,1995749218758307870,Tue Dec 02 06:57:47 +0000 2025,"From Pandora to Hollywood. Bailey Bass, Jack Champion, and Trinity Jo-Li Bliss reunite on the red carpet of Avatar: Fire and Ash. https://t.co/cl8HODclck",https://x.com/Disney/status/1995749218758307870,12,210,1725,22,true,false,,2026-06-14T02:52:19.446113+00:00,incremental browser-based collection of observable public posts,0,/home/runner/work/x_scrapper/x_scrapper/data/raw/fortune_x_2025_ranked/044_walt_disney,@Disney,https://x.com/Disney,primary,1
44,Walt Disney,@Disney,1995748222837330242,Tue Dec 02 06:53:50 +0000 2025,RT @officialavatar: Make way for Varang. Oona Chaplin is here at the world premiere of Avatar: Fire and Ash. https://t.co/jSxIEWDNVq,https://x.com/Disney/status/1995748222837330242,0,203,0,0,true,false,,2026-06-14T02:52:19.446113+00:00,incremental browser-based collection of observable public posts,0,/home/runner/work/x_scrapper/x_scrapper/data/raw/fortune_x_2025_ranked/044_walt_disney,@Disney,https://x.com/Disney,primary,1
44,Walt Disney,@Disney,1995748195364667562,Tue Dec 02 06:53:43 +0000 2025,RT @officialavatar: Miles Quaritch 🫡 Stephen Lang is on the red carpet at the Avatar: Fire and Ash world premiere. https://t.co/f70sq2FnG1,https://x.com/Disney/status/1995748195364667562,0,226,0,0,true,false,,2026-06-14T02:52:19.446113+00:00,incremental browser-based collection of observable public posts,0,/home/runner/work/x_scrapper/x_scrapper/data/raw/fortune_x_2025_ranked/044_walt_disney,@Disney,https://x.com/Disney,primary,1
44,Walt Disney,@Disney,1995748172719677499,Tue Dec 02 06:53:38 +0000 2025,RT @officialavatar: The one and only Sigourney Weaver at the Avatar: Fire and Ash world premiere. https://t.co/MmqLdPVkUq,https://x.com/Disney/status/1995748172719677499,0,223,0,0,true,false,,2026-06-14T02:52:19.446113+00:00,incremental browser-based collection of observable public posts,0,/home/runner/work/x_scrapper/x_scrapper/data/raw/fortune_x_2025_ranked/044_walt_disney,@Disney,https://x.com/Disney,primary,1
44,Walt Disney,@Disney,1995748150544367856,Tue Dec 02 06:53:32 +0000 2025,RT @officialavatar: The legend has arrived. James Cameron is here at the world premiere of Avatar: Fire and Ash. https://t.co/CRtO6wUVvs,https://x.com/Disney/status/1995748150544367856,0,656,0,0,true,false,,2026-06-14T02:52:19.446113+00:00,incremental browser-based collection of observable public posts,0,/home/runner/work/x_scrapper/x_scrapper/data/raw/fortune_x_2025_ranked/044_walt_disney,@Disney,https://x.com/Disney,primary,1
44,Walt Disney,@Disney,1995748129614741638,Tue Dec 02 06:53:27 +0000 2025,RT @officialavatar: Jake Sully himself. Sam Worthington steps onto the red carpet at the Avatar: Fire and Ash world premiere. https://t.co/…,https://x.com/Disney/status/1995748129614741638,0,535,0,0,true,false,,2026-06-14T02:52:19.446113+00:00,incremental browser-based collection of observable public posts,0,/home/runner/work/x_scrapper/x_scrapper/data/raw/fortune_x_2025_ranked/044_walt_disney,@Disney,https://x.com/Disney,primary,1
44,Walt Disney,@Disney,1995746116525330888,Tue Dec 02 06:45:28 +0000 2025,Make way for Varang. Oona Chaplin is here at the world premiere of Avatar: Fire and Ash. https://t.co/jSxIEWDNVq,https://x.com/Disney/status/1995746116525330888,17,203,2009,23,true,false,,2026-06-14T02:52:19.446113+00:00,incremental browser-based collection of observable public posts,0,/home/runner/work/x_scrapper/x_scrapper/data/raw/fortune_x_2025_ranked/044_walt_disney,@Disney,https://x.com/Disney,primary,1
44,Walt Disney,@Disney,1995744658010546586,Tue Dec 02 06:39:40 +0000 2025,Miles Quaritch 🫡 Stephen Lang is on the red carpet at the Avatar: Fire and Ash world premiere. https://t.co/f70sq2FnG1,https://x.com/Disney/status/1995744658010546586,33,226,2328,20,true,false,,2026-06-14T02:52:19.446113+00:00,incremental browser-based collection of observable public posts,0,/home/runner/work/x_scrapper/x_scrapper/data/raw/fortune_x_2025_ranked/044_walt_disney,@Disney,https://x.com/Disney,primary,1
44,Walt Disney,@Disney,1995742834490572914,Tue Dec 02 06:32:25 +0000 2025,The one and only Sigourney Weaver at the Avatar: Fire and Ash world premiere. https://t.co/MmqLdPVkUq,https://x.com/Disney/status/1995742834490572914,19,223,2122,20,true,false,,2026-06-14T02:52:19.446113+00:00,incremental browser-based collection of observable public posts,0,/home/runner/work/x_scrapper/x_scrapper/data/raw/fortune_x_2025_ranked/044_walt_disney,@Disney,https://x.com/Disney,primary,1
44,Walt Disney,@Disney,1995738146219164032,Tue Dec 02 06:13:47 +0000 2025,The legend has arrived. James Cameron is here at the world premiere of Avatar: Fire and Ash. https://t.co/CRtO6wUVvs,https://x.com/Disney/status/1995738146219164032,79,656,8182,48,true,false,,2026-06-14T02:52:19.446113+00:00,incremental browser-based collection of observable public posts,0,/home/runner/work/x_scrapper/x_scrapper/data/raw/fortune_x_2025_ranked/044_walt_disney,@Disney,https://x.com/Disney,primary,1
44,Walt Disney,@Disney,1995737439499883002,Tue Dec 02 06:10:59 +0000 2025,Jake Sully himself. Sam Worthington steps onto the red carpet at the Avatar: Fire and Ash world premiere. https://t.co/trfUAj96UW,https://x.com/Disney/status/1995737439499883002,38,535,6900,62,true,false,,2026-06-14T02:52:19.446113+00:00,incremental browser-based collection of observable public posts,0,/home/runner/work/x_scrapper/x_scrapper/data/raw/fortune_x_2025_ranked/044_walt_disney,@Disney,https://x.com/Disney,primary,1
44,Walt Disney,@Disney,1995729943905358290,Tue Dec 02 05:41:12 +0000 2025,"RT @officialavatar: Our Neytiri, Zoe Saldaña is here at the world premiere of Avatar: Fire and Ash. https://t.co/MiNXCEi6qV",https://x.com/Disney/status/1995729943905358290,0,559,0,0,true,false,,2026-06-14T02:52:19.446113+00:00,incremental browser-based collection of observable public posts,0,/home/runner/work/x_scrapper/x_scrapper/data/raw/fortune_x_2025_ranked/044_walt_disney,@Disney,https://x.com/Disney,primary,1
44,Walt Disney,@Disney,1995729102930636896,Tue Dec 02 05:37:51 +0000 2025,"Our Neytiri, Zoe Saldaña is here at the world premiere of Avatar: Fire and Ash. https://t.co/MiNXCEi6qV",https://x.com/Disney/status/1995729102930636896,52,559,6386,51,true,false,,2026-06-14T02:52:19.446113+00:00,incremental browser-based collection of observable public posts,0,/home/runner/work/x_scrapper/x_scrapper/data/raw/fortune_x_2025_ranked/044_walt_disney,@Disney,https://x.com/Disney,primary,1
44,Walt Disney,@Disney,1995723285993029696,Tue Dec 02 05:14:44 +0000 2025,RT @officialavatar: On the red carpet of the Avatar: Fire and Ash world premiere 🌟 https://t.co/1gbWZMdKWG,https://x.com/Disney/status/1995723285993029696,0,385,0,0,true,false,,2026-06-14T02:52:19.446113+00:00,incremental browser-based collection of observable public posts,0,/home/runner/work/x_scrapper/x_scrapper/data/raw/fortune_x_2025_ranked/044_walt_disney,@Disney,https://x.com/Disney,primary,1
44,Walt Disney,@Disney,1995722946984222729,Tue Dec 02 05:13:23 +0000 2025,On the red carpet of the Avatar: Fire and Ash world premiere 🌟 https://t.co/1gbWZMdKWG,https://x.com/Disney/status/1995722946984222729,23,385,2879,15,true,false,,2026-06-14T02:52:19.446113+00:00,incremental browser-based collection of observable public posts,0,/home/runner/work/x_scrapper/x_scrapper/data/raw/fortune_x_2025_ranked/044_walt_disney,@Disney,https://x.com/Disney,primary,1
44,Walt Disney,@Disney,1995715416371401167,Tue Dec 02 04:43:28 +0000 2025,"RT @officialavatar: The world of Avatar takes over Hollywood for the world premiere of Avatar: Fire and Ash.

Experience it in theatres and…",https://x.com/Disney/status/1995715416371401167,0,297,0,0,true,false,,2026-06-14T02:52:19.446113+00:00,incremental browser-based collection of observable public posts,0,/home/runner/work/x_scrapper/x_scrapper/data/raw/fortune_x_2025_ranked/044_walt_disney,@Disney,https://x.com/Disney,primary,1
44,Walt Disney,@Disney,1995708863836729488,Tue Dec 02 04:17:26 +0000 2025,"The world of Avatar takes over Hollywood for the world premiere of Avatar: Fire and Ash.

Experience it in theatres and IMAX December 19. Get tickets now: https://t.co/gSGJpeDyXY https://t.co/jg86fjxOcr",https://x.com/Disney/status/1995708863836729488,13,297,1973,21,true,false,,2026-06-14T02:52:19.446113+00:00,incremental browser-based collection of observable public posts,0,/home/runner/work/x_scrapper/x_scrapper/data/raw/fortune_x_2025_ranked/044_walt_disney,@Disney,https://x.com/Disney,primary,1
44,Walt Disney,@Disney,1995670954446651505,Tue Dec 02 01:46:47 +0000 2025,"RT @DisneyPlus: Get a front row seat to the final show of the record-breaking concert, now featuring THE TORTURED POETS DEPARTMENT. Taylor…",https://x.com/Disney/status/1995670954446651505,0,802,0,0,false,false,,2026-06-14T02:52:19.446113+00:00,incremental browser-based collection of observable public posts,0,/home/runner/work/x_scrapper/x_scrapper/data/raw/fortune_x_2025_ranked/044_walt_disney,@Disney,https://x.com/Disney,primary,1
44,Walt Disney,@Disney,1995670945307263383,Tue Dec 02 01:46:45 +0000 2025,RT @DisneyPlus: Taylor Swift | The Eras Tour | The Final Show streams on Disney+ beginning December 12. https://t.co/XcoIrj7Usr,https://x.com/Disney/status/1995670945307263383,0,3548,0,0,true,false,,2026-06-14T02:52:19.446113+00:00,incremental browser-based collection of observable public posts,0,/home/runner/work/x_scrapper/x_scrapper/data/raw/fortune_x_2025_ranked/044_walt_disney,@Disney,https://x.com/Disney,primary,1
44,Walt Disney,@Disney,1995670798330376511,Tue Dec 02 01:46:10 +0000 2025,"Get a front row seat to the final show of the record-breaking concert, now featuring THE TORTURED POETS DEPARTMENT. Taylor Swift | The Eras Tour | The Final Show streams exclusively on Disney+ beginning December 12. https://t.co/S7ErCTowQV",https://x.com/Disney/status/1995670798330376511,95,802,4383,24,true,false,,2026-06-14T02:52:19.446113+00:00,incremental browser-based collection of observable public posts,0,/home/runner/work/x_scrapper/x_scrapper/data/raw/fortune_x_2025_ranked/044_walt_disney,@Disney,https://x.com/Disney,primary,1
44,Walt Disney,@Disney,1995669317187502497,Tue Dec 02 01:40:17 +0000 2025,Taylor Swift | The Eras Tour | The Final Show streams on Disney+ beginning December 12. https://t.co/XcoIrj7Usr,https://x.com/Disney/status/1995669317187502497,177,3548,19155,246,true,false,,2026-06-14T02:52:19.446113+00:00,incremental browser-based collection of observable public posts,0,/home/runner/work/x_scrapper/x_scrapper/data/raw/fortune_x_2025_ranked/044_walt_disney,@Disney,https://x.com/Disney,primary,1
44,Walt Disney,@Disney,1994600572973125820,Sat Nov 29 02:53:29 +0000 2025,RT @DisneyAnimation: Breathe it in! #Zootopia2 is the #1 movie in the world and now playing everywhere! https://t.co/nNIBAhfynJ,https://x.com/Disney/status/1994600572973125820,0,430,0,0,true,false,,2026-06-14T02:52:19.446113+00:00,incremental browser-based collection of observable public posts,0,/home/runner/work/x_scrapper/x_scrapper/data/raw/fortune_x_2025_ranked/044_walt_disney,@Disney,https://x.com/Disney,primary,1
44,Walt Disney,@Disney,1994478076965917138,Fri Nov 28 18:46:43 +0000 2025,Breathe it in! #Zootopia2 is the #1 movie in the world and now playing everywhere! https://t.co/nNIBAhfynJ,https://x.com/Disney/status/1994478076965917138,49,430,2409,23,true,false,,2026-06-14T02:52:19.446113+00:00,incremental browser-based collection of observable public posts,0,/home/runner/work/x_scrapper/x_scrapper/data/raw/fortune_x_2025_ranked/044_walt_disney,@Disney,https://x.com/Disney,primary,1
44,Walt Disney,@Disney,1993728371533001016,Wed Nov 26 17:07:40 +0000 2025,"RT @DisneyAnimation: TODAY'S THE DAY‼️
#Zootopia2 is now playing in a theater near zoo!

Get your tickets NOW 🎟️: https://t.co/amXgRg1WHA h…",https://x.com/Disney/status/1993728371533001016,0,306,0,0,false,false,,2026-06-14T02:52:19.446113+00:00,incremental browser-based collection of observable public posts,0,/home/runner/work/x_scrapper/x_scrapper/data/raw/fortune_x_2025_ranked/044_walt_disney,@Disney,https://x.com/Disney,primary,1
44,Walt Disney,@Disney,1993726450550321310,Wed Nov 26 17:00:02 +0000 2025,"TODAY'S THE DAY‼️
#Zootopia2 is now playing in a theater near zoo!

Get your tickets NOW 🎟️: https://t.co/amXgRg1WHA https://t.co/4C6u39uiiV",https://x.com/Disney/status/1993726450550321310,86,306,1597,25,true,false,,2026-06-14T02:52:19.446113+00:00,incremental browser-based collection of observable public posts,0,/home/runner/work/x_scrapper/x_scrapper/data/raw/fortune_x_2025_ranked/044_walt_disney,@Disney,https://x.com/Disney,primary,1
44,Walt Disney,@Disney,1993420297689505983,Tue Nov 25 20:43:29 +0000 2025,"RT @RottenTomatoes: The first reviews are in for #Zootopia2 - currently it’s Fresh at 93% on the Tomatometer, with 41 reviews. https://t.co…",https://x.com/Disney/status/1993420297689505983,0,241,0,0,false,false,,2026-06-14T02:52:19.446113+00:00,incremental browser-based collection of observable public posts,0,/home/runner/work/x_scrapper/x_scrapper/data/raw/fortune_x_2025_ranked/044_walt_disney,@Disney,https://x.com/Disney,primary,1
44,Walt Disney,@Disney,1993375421703110779,Tue Nov 25 17:45:10 +0000 2025,RT @DisneyParis_EN: It's official! From 29 March 2026 you'll be able to discover World of Frozen and lots of other experiences at Disney Ad…,https://x.com/Disney/status/1993375421703110779,0,2696,0,0,true,false,,2026-06-14T02:52:19.446113+00:00,incremental browser-based collection of observable public posts,0,/home/runner/work/x_scrapper/x_scrapper/data/raw/fortune_x_2025_ranked/044_walt_disney,@Disney,https://x.com/Disney,primary,1
44,Walt Disney,@Disney,1993375340300058712,Tue Nov 25 17:44:50 +0000 2025,"RT @DisneyParks: Take a whirl on Raiponce Tangled Spin starting March 29, 2026, located in Disney Adventure World at Disneyland Paris! ✨ ht…",https://x.com/Disney/status/1993375340300058712,0,364,0,0,false,false,,2026-06-14T02:52:19.446113+00:00,incremental browser-based collection of observable public posts,0,/home/runner/work/x_scrapper/x_scrapper/data/raw/fortune_x_2025_ranked/044_walt_disney,@Disney,https://x.com/Disney,primary,1
44,Walt Disney,@Disney,1993375303352398086,Tue Nov 25 17:44:42 +0000 2025,"RT @espn: UNREAL 🤩 

Mickey Mouse led the Bellagio Fountain Show 🔥 https://t.co/Fu2nizwoiD",https://x.com/Disney/status/1993375303352398086,0,3034,0,0,true,false,,2026-06-14T02:52:19.446113+00:00,incremental browser-based collection of observable public posts,0,/home/runner/work/x_scrapper/x_scrapper/data/raw/fortune_x_2025_ranked/044_walt_disney,@Disney,https://x.com/Disney,primary,1
44,Walt Disney,@Disney,1993372033862832538,Tue Nov 25 17:31:42 +0000 2025,"The first reviews are in for #Zootopia2 - currently it’s Fresh at 93% on the Tomatometer, with 41 reviews. https://t.co/BwZs5TD7cW https://t.co/1HvONB7w2E",https://x.com/Disney/status/1993372033862832538,38,241,1287,28,true,false,,2026-06-14T02:52:19.446113+00:00,incremental browser-based collection of observable public posts,0,/home/runner/work/x_scrapper/x_scrapper/data/raw/fortune_x_2025_ranked/044_walt_disney,@Disney,https://x.com/Disney,primary,1
44,Walt Disney,@Disney,1993034288963489960,Mon Nov 24 19:09:37 +0000 2025,"Take a whirl on Raiponce Tangled Spin starting March 29, 2026, located in Disney Adventure World at Disneyland Paris! ✨ https://t.co/v6hnAkf5lJ https://t.co/h3pmmpud5O",https://x.com/Disney/status/1993034288963489960,29,364,2753,119,true,false,,2026-06-14T02:52:19.446113+00:00,incremental browser-based collection of observable public posts,0,/home/runner/work/x_scrapper/x_scrapper/data/raw/fortune_x_2025_ranked/044_walt_disney,@Disney,https://x.com/Disney,primary,1
44,Walt Disney,@Disney,1993033272876568982,Mon Nov 24 19:05:35 +0000 2025,It's official! From 29 March 2026 you'll be able to discover World of Frozen and lots of other experiences at Disney Adventure World! 🤩 https://t.co/yDN8g0jLxN,https://x.com/Disney/status/1993033272876568982,46,2696,11639,357,true,false,,2026-06-14T02:52:19.446113+00:00,incremental browser-based collection of observable public posts,0,/home/runner/work/x_scrapper/x_scrapper/data/raw/fortune_x_2025_ranked/044_walt_disney,@Disney,https://x.com/Disney,primary,1
44,Walt Disney,@Disney,1992471091340566564,Sun Nov 23 05:51:41 +0000 2025,"UNREAL 🤩 

Mickey Mouse led the Bellagio Fountain Show 🔥 https://t.co/Fu2nizwoiD",https://x.com/Disney/status/1992471091340566564,245,3034,13484,600,true,false,,2026-06-14T02:52:19.446113+00:00,incremental browser-based collection of observable public posts,0,/home/runner/work/x_scrapper/x_scrapper/data/raw/fortune_x_2025_ranked/044_walt_disney,@Disney,https://x.com/Disney,primary,1
44,Walt Disney,@Disney,1991552862225330251,Thu Nov 20 17:02:58 +0000 2025,"RT @Pixar: Act Natural. 

Disney and Pixar's #Hoppers arrives in theaters March 6, 2026! https://t.co/FMFAPrDi7u",https://x.com/Disney/status/1991552862225330251,0,1094,0,0,true,false,,2026-06-14T02:52:19.446113+00:00,incremental browser-based collection of observable public posts,0,/home/runner/work/x_scrapper/x_scrapper/data/raw/fortune_x_2025_ranked/044_walt_disney,@Disney,https://x.com/Disney,primary,1
44,Walt Disney,@Disney,1991552368689696846,Thu Nov 20 17:01:00 +0000 2025,"Act Natural. 

Disney and Pixar's #Hoppers arrives in theaters March 6, 2026! https://t.co/FMFAPrDi7u",https://x.com/Disney/status/1991552368689696846,83,1094,6841,57,true,false,,2026-06-14T02:52:19.446113+00:00,incremental browser-based collection of observable public posts,0,/home/runner/work/x_scrapper/x_scrapper/data/raw/fortune_x_2025_ranked/044_walt_disney,@Disney,https://x.com/Disney,primary,1
44,Walt Disney,@Disney,1991552331293602146,Thu Nov 20 17:00:51 +0000 2025,"RT @Pixar: but HOW did he get a little crown?? 👑🦫

Disney and Pixar's #Hoppers arrives in theaters March 6, 2026! https://t.co/5ZjnUOpBKL",https://x.com/Disney/status/1991552331293602146,0,2975,0,0,true,false,,2026-06-14T02:52:19.446113+00:00,incremental browser-based collection of observable public posts,0,/home/runner/work/x_scrapper/x_scrapper/data/raw/fortune_x_2025_ranked/044_walt_disney,@Disney,https://x.com/Disney,primary,1
44,Walt Disney,@Disney,1991552115974566348,Thu Nov 20 17:00:00 +0000 2025,"but HOW did he get a little crown?? 👑🦫

Disney and Pixar's #Hoppers arrives in theaters March 6, 2026! https://t.co/5ZjnUOpBKL",https://x.com/Disney/status/1991552115974566348,590,2975,22966,1136,true,false,,2026-06-14T02:52:19.446113+00:00,incremental browser-based collection of observable public posts,0,/home/runner/work/x_scrapper/x_scrapper/data/raw/fortune_x_2025_ranked/044_walt_disney,@Disney,https://x.com/Disney,primary,1
44,Walt Disney,@Disney,1990966030802522199,Wed Nov 19 02:11:06 +0000 2025,Congratulations to all the 103 Children's and Family Emmy® nominations from across The Walt Disney Company. https://t.co/IhAFBPAqnk,https://x.com/Disney/status/1990966030802522199,38,117,574,4,true,false,,2026-06-14T02:52:19.446113+00:00,incremental browser-based collection of observable public posts,0,/home/runner/work/x_scrapper/x_scrapper/data/raw/fortune_x_2025_ranked/044_walt_disney,@Disney,https://x.com/Disney,primary,1
44,Walt Disney,@Disney,1990884336095437250,Tue Nov 18 20:46:29 +0000 2025,"RT @espn: Dunk the Halls returns with Stitch joining the alt cast for Cavaliers-Knicks on Christmas Day!

Watch exclusively on ESPN2, Disne…",https://x.com/Disney/status/1990884336095437250,0,161,0,0,false,false,,2026-06-14T02:52:19.446113+00:00,incremental browser-based collection of observable public posts,0,/home/runner/work/x_scrapper/x_scrapper/data/raw/fortune_x_2025_ranked/044_walt_disney,@Disney,https://x.com/Disney,primary,1
44,Walt Disney,@Disney,1990876744216105332,Tue Nov 18 20:16:19 +0000 2025,"Dunk the Halls returns with Stitch joining the alt cast for Cavaliers-Knicks on Christmas Day!

Watch exclusively on ESPN2, Disney+, Disney XD, Disney Channel, and the ESPN App 🎁 https://t.co/Jiz7Zocuzl",https://x.com/Disney/status/1990876744216105332,89,161,903,24,true,false,,2026-06-14T02:52:19.446113+00:00,incremental browser-based collection of observable public posts,0,/home/runner/work/x_scrapper/x_scrapper/data/raw/fortune_x_2025_ranked/044_walt_disney,@Disney,https://x.com/Disney,primary,1
44,Walt Disney,@Disney,1990465789582061601,Mon Nov 17 17:03:19 +0000 2025,"RT @DisneyStudios: #Moana sails to theaters July 10, 2026. https://t.co/4wFBe4gGEp",https://x.com/Disney/status/1990465789582061601,0,3394,0,0,true,false,,2026-06-14T02:52:19.446113+00:00,incremental browser-based collection of observable public posts,0,/home/runner/work/x_scrapper/x_scrapper/data/raw/fortune_x_2025_ranked/044_walt_disney,@Disney,https://x.com/Disney,primary,1
44,Walt Disney,@Disney,1990465778488049824,Mon Nov 17 17:03:17 +0000 2025,"RT @DisneyStudios: #Moana, arriving only in theaters July 10, 2026 🌊 

Watch the new teaser now! https://t.co/HTOAJwvzcf",https://x.com/Disney/status/1990465778488049824,0,7319,0,0,true,false,,2026-06-14T02:52:19.446113+00:00,incremental browser-based collection of observable public posts,0,/home/runner/work/x_scrapper/x_scrapper/data/raw/fortune_x_2025_ranked/044_walt_disney,@Disney,https://x.com/Disney,primary,1
44,Walt Disney,@Disney,1990465203730067698,Mon Nov 17 17:01:00 +0000 2025,"#Moana sails to theaters July 10, 2026. https://t.co/4wFBe4gGEp",https://x.com/Disney/status/1990465203730067698,366,3394,14159,500,true,false,,2026-06-14T02:52:19.446113+00:00,incremental browser-based collection of observable public posts,0,/home/runner/work/x_scrapper/x_scrapper/data/raw/fortune_x_2025_ranked/044_walt_disney,@Disney,https://x.com/Disney,primary,1
44,Walt Disney,@Disney,1990464959105339687,Mon Nov 17 17:00:01 +0000 2025,"#Moana, arriving only in theaters July 10, 2026 🌊 

Watch the new teaser now! https://t.co/HTOAJwvzcf",https://x.com/Disney/status/1990464959105339687,1514,7319,24566,4895,true,false,,2026-06-14T02:52:19.446113+00:00,incremental browser-based collection of observable public posts,0,/home/runner/work/x_scrapper/x_scrapper/data/raw/fortune_x_2025_ranked/044_walt_disney,@Disney,https://x.com/Disney,primary,1
44,Walt Disney,@Disney,1990417888302231829,Mon Nov 17 13:52:59 +0000 2025,"RT @DisneyPlus: The definitive story of The Beatles... as told by The Beatles themselves.

The Beatles Anthology, a nine-part documentary s…",https://x.com/Disney/status/1990417888302231829,0,832,0,0,false,false,,2026-06-14T02:52:19.446113+00:00,incremental browser-based collection of observable public posts,0,/home/runner/work/x_scrapper/x_scrapper/data/raw/fortune_x_2025_ranked/044_walt_disney,@Disney,https://x.com/Disney,primary,1
44,Walt Disney,@Disney,1990417450522046715,Mon Nov 17 13:51:15 +0000 2025,"The definitive story of The Beatles... as told by The Beatles themselves.

The Beatles Anthology, a nine-part documentary series, begins November 26 with a 3-episode premiere only on Disney+. https://t.co/U8HzpQnbzv",https://x.com/Disney/status/1990417450522046715,57,832,4325,142,true,false,,2026-06-14T02:52:19.446113+00:00,incremental browser-based collection of observable public posts,0,/home/runner/work/x_scrapper/x_scrapper/data/raw/fortune_x_2025_ranked/044_walt_disney,@Disney,https://x.com/Disney,primary,1
44,Walt Disney,@Disney,1990415532781142328,Mon Nov 17 13:43:37 +0000 2025,"RT @DisneyPlus: The most influential band of all time in their own words.

The Beatles Anthology, the definitive story of The Beatles and t…",https://x.com/Disney/status/1990415532781142328,0,724,0,0,false,false,,2026-06-14T02:52:19.446113+00:00,incremental browser-based collection of observable public posts,0,/home/runner/work/x_scrapper/x_scrapper/data/raw/fortune_x_2025_ranked/044_walt_disney,@Disney,https://x.com/Disney,primary,1
44,Walt Disney,@Disney,1990414605592781202,Mon Nov 17 13:39:56 +0000 2025,"The most influential band of all time in their own words.

The Beatles Anthology, the definitive story of The Beatles and their musical legacy, begins November 26 only on Disney+. https://t.co/tKH09q5BqX",https://x.com/Disney/status/1990414605592781202,34,724,3020,114,true,false,,2026-06-14T02:52:19.446113+00:00,incremental browser-based collection of observable public posts,0,/home/runner/work/x_scrapper/x_scrapper/data/raw/fortune_x_2025_ranked/044_walt_disney,@Disney,https://x.com/Disney,primary,1
44,Walt Disney,@Disney,1989431826595668099,Fri Nov 14 20:34:43 +0000 2025,Take a look behind the scenes with director Taika Waititi as he brings to life A Disney Holiday Short: Best Christmas Ever. 🎬✨ #DisneyBestChristmasEver https://t.co/mKlWqBEJq9,https://x.com/Disney/status/1989431826595668099,22,49,402,2,true,false,,2026-06-14T02:52:19.446113+00:00,incremental browser-based collection of observable public posts,0,/home/runner/work/x_scrapper/x_scrapper/data/raw/fortune_x_2025_ranked/044_walt_disney,@Disney,https://x.com/Disney,primary,1
44,Walt Disney,@Disney,1989384430084051100,Fri Nov 14 17:26:23 +0000 2025,"RT @MarvelStudios: The claws are out and the Avengers aren’t kitten around. 

Stream LEGO Marvel Avengers: Strange Tails now on @DisneyPlus…",https://x.com/Disney/status/1989384430084051100,0,239,0,0,false,false,,2026-06-14T02:52:19.446113+00:00,incremental browser-based collection of observable public posts,0,/home/runner/work/x_scrapper/x_scrapper/data/raw/fortune_x_2025_ranked/044_walt_disney,@Disney,https://x.com/Disney,primary,1
44,Walt Disney,@Disney,1989378605894492285,Fri Nov 14 17:03:15 +0000 2025,"RT @DisneyStudios: From the mind of Jeff Kinney, Diary of a Wimpy Kid: The Last Straw available on Disney+ December 5. https://t.co/G8ieyb9…",https://x.com/Disney/status/1989378605894492285,0,165,0,0,true,false,,2026-06-14T02:52:19.446113+00:00,incremental browser-based collection of observable public posts,0,/home/runner/work/x_scrapper/x_scrapper/data/raw/fortune_x_2025_ranked/044_walt_disney,@Disney,https://x.com/Disney,primary,1
44,Walt Disney,@Disney,1989378596008534203,Fri Nov 14 17:03:12 +0000 2025,"RT @DisneyStudios: This holiday season on Disney+, prepare to go where no wimpy kid has gone before. 

Diary of a Wimpy Kid: The Last Straw…",https://x.com/Disney/status/1989378596008534203,0,170,0,0,true,false,,2026-06-14T02:52:19.446113+00:00,incremental browser-based collection of observable public posts,0,/home/runner/work/x_scrapper/x_scrapper/data/raw/fortune_x_2025_ranked/044_walt_disney,@Disney,https://x.com/Disney,primary,1
44,Walt Disney,@Disney,1989378040548221411,Fri Nov 14 17:01:00 +0000 2025,"From the mind of Jeff Kinney, Diary of a Wimpy Kid: The Last Straw available on Disney+ December 5. https://t.co/G8ieyb9wxP",https://x.com/Disney/status/1989378040548221411,32,165,1056,27,true,false,,2026-06-14T02:52:19.446113+00:00,incremental browser-based collection of observable public posts,0,/home/runner/work/x_scrapper/x_scrapper/data/raw/fortune_x_2025_ranked/044_walt_disney,@Disney,https://x.com/Disney,primary,1
44,Walt Disney,@Disney,1989377788642549870,Fri Nov 14 17:00:00 +0000 2025,"This holiday season on Disney+, prepare to go where no wimpy kid has gone before. 

Diary of a Wimpy Kid: The Last Straw available December 5. https://t.co/HhfliHRCYi",https://x.com/Disney/status/1989377788642549870,28,170,765,11,true,false,,2026-06-14T02:52:19.446113+00:00,incremental browser-based collection of observable public posts,0,/home/runner/work/x_scrapper/x_scrapper/data/raw/fortune_x_2025_ranked/044_walt_disney,@Disney,https://x.com/Disney,primary,1
44,Walt Disney,@Disney,1989370242120737048,Fri Nov 14 16:30:01 +0000 2025,"The claws are out and the Avengers aren’t kitten around. 

Stream LEGO Marvel Avengers: Strange Tails now on @DisneyPlus. https://t.co/rQ9obqq1nP",https://x.com/Disney/status/1989370242120737048,25,239,1766,13,true,false,,2026-06-14T02:52:19.446113+00:00,incremental browser-based collection of observable public posts,0,/home/runner/work/x_scrapper/x_scrapper/data/raw/fortune_x_2025_ranked/044_walt_disney,@Disney,https://x.com/Disney,primary,1
44,Walt Disney,@Disney,1989313850886213763,Fri Nov 14 12:45:56 +0000 2025,RT @DisneyAnimation: An un-fur-gettable night at the world premiere of #Zootopia2 https://t.co/kdPRg7pE3x,https://x.com/Disney/status/1989313850886213763,0,203,0,0,false,false,,2026-06-14T02:52:19.446113+00:00,incremental browser-based collection of observable public posts,0,/home/runner/work/x_scrapper/x_scrapper/data/raw/fortune_x_2025_ranked/044_walt_disney,@Disney,https://x.com/Disney,primary,1
44,Walt Disney,@Disney,1989234536341991466,Fri Nov 14 07:30:46 +0000 2025,An un-fur-gettable night at the world premiere of #Zootopia2 https://t.co/kdPRg7pE3x,https://x.com/Disney/status/1989234536341991466,28,203,1194,11,true,false,,2026-06-14T02:52:19.446113+00:00,incremental browser-based collection of observable public posts,0,/home/runner/work/x_scrapper/x_scrapper/data/raw/fortune_x_2025_ranked/044_walt_disney,@Disney,https://x.com/Disney,primary,1
44,Walt Disney,@Disney,1989210322624999494,Fri Nov 14 05:54:33 +0000 2025,RT @DisneyAnimation: That’s a wrap 🎬 https://t.co/PPw5PPQAGW,https://x.com/Disney/status/1989210322624999494,0,56,0,0,false,false,,2026-06-14T02:52:19.446113+00:00,incremental browser-based collection of observable public posts,0,/home/runner/work/x_scrapper/x_scrapper/data/raw/fortune_x_2025_ranked/044_walt_disney,@Disney,https://x.com/Disney,primary,1
44,Walt Disney,@Disney,1989210309714931922,Fri Nov 14 05:54:30 +0000 2025,RT @DisneyAnimation: Time for the Zoo Crew to shine! ✨ https://t.co/tldQvwUxsH,https://x.com/Disney/status/1989210309714931922,0,53,0,0,true,false,,2026-06-14T02:52:19.446113+00:00,incremental browser-based collection of observable public posts,0,/home/runner/work/x_scrapper/x_scrapper/data/raw/fortune_x_2025_ranked/044_walt_disney,@Disney,https://x.com/Disney,primary,1
44,Walt Disney,@Disney,1989210297828348248,Fri Nov 14 05:54:27 +0000 2025,RT @DisneyAnimation: Yvette Nicole Brown 🤝 Amanda Gorman https://t.co/9hySgH2lLH,https://x.com/Disney/status/1989210297828348248,0,32,0,0,false,false,,2026-06-14T02:52:19.446113+00:00,incremental browser-based collection of observable public posts,0,/home/runner/work/x_scrapper/x_scrapper/data/raw/fortune_x_2025_ranked/044_walt_disney,@Disney,https://x.com/Disney,primary,1
44,Walt Disney,@Disney,1989210284914012568,Fri Nov 14 05:54:24 +0000 2025,"RT @DisneyAnimation: Stephanie Beatriz, Wilmer Valderrama, Anika Noni Rose and Jason Bateman STUN on the red carpet ✌️ https://t.co/y7OIXPp…",https://x.com/Disney/status/1989210284914012568,0,43,0,0,true,false,,2026-06-14T02:52:19.446113+00:00,incremental browser-based collection of observable public posts,0,/home/runner/work/x_scrapper/x_scrapper/data/raw/fortune_x_2025_ranked/044_walt_disney,@Disney,https://x.com/Disney,primary,1
44,Walt Disney,@Disney,1989210265569870253,Fri Nov 14 05:54:19 +0000 2025,"RT @DisneyAnimation: Mr. Mayor 👋
Patrick Warburton is Mayor Winddancer 🐴 https://t.co/23wHBO9zZ6",https://x.com/Disney/status/1989210265569870253,0,43,0,0,true,false,,2026-06-14T02:52:19.446113+00:00,incremental browser-based collection of observable public posts,0,/home/runner/work/x_scrapper/x_scrapper/data/raw/fortune_x_2025_ranked/044_walt_disney,@Disney,https://x.com/Disney,primary,1
44,Walt Disney,@Disney,1989210248255844718,Fri Nov 14 05:54:15 +0000 2025,"RT @DisneyAnimation: Shakira!
Gazelle is in the building 🪩 https://t.co/VLzuFJZuri",https://x.com/Disney/status/1989210248255844718,0,409,0,0,true,false,,2026-06-14T02:52:19.446113+00:00,incremental browser-based collection of observable public posts,0,/home/runner/work/x_scrapper/x_scrapper/data/raw/fortune_x_2025_ranked/044_walt_disney,@Disney,https://x.com/Disney,primary,1
44,Walt Disney,@Disney,1989210238139134215,Fri Nov 14 05:54:13 +0000 2025,"RT @DisneyAnimation: Jump scare 🤭
Alan Tudyk is Duke Weaselton https://t.co/NuxAF8wMwz",https://x.com/Disney/status/1989210238139134215,0,47,0,0,false,false,,2026-06-14T02:52:19.446113+00:00,incremental browser-based collection of observable public posts,0,/home/runner/work/x_scrapper/x_scrapper/data/raw/fortune_x_2025_ranked/044_walt_disney,@Disney,https://x.com/Disney,primary,1
44,Walt Disney,@Disney,1989210213355081825,Fri Nov 14 05:54:07 +0000 2025,"RT @DisneyAnimation: 🕺🏻It’s a DWTS reunion🕺🏻
Robert Irwin finds Dylan Efron on the carpet https://t.co/oHAp7KPLDV",https://x.com/Disney/status/1989210213355081825,0,41,0,0,false,false,,2026-06-14T02:52:19.446113+00:00,incremental browser-based collection of observable public posts,0,/home/runner/work/x_scrapper/x_scrapper/data/raw/fortune_x_2025_ranked/044_walt_disney,@Disney,https://x.com/Disney,primary,1
44,Walt Disney,@Disney,1989210186771492920,Fri Nov 14 05:54:00 +0000 2025,"RT @DisneyAnimation: Cattrick &amp; Kitty Lynxley
aka Macaulay Culkin &amp; Brenda Song 😍 https://t.co/EwLziCiR09",https://x.com/Disney/status/1989210186771492920,0,51,0,0,true,false,,2026-06-14T02:52:19.446113+00:00,incremental browser-based collection of observable public posts,0,/home/runner/work/x_scrapper/x_scrapper/data/raw/fortune_x_2025_ranked/044_walt_disney,@Disney,https://x.com/Disney,primary,1
44,Walt Disney,@Disney,1989210169105084821,Fri Nov 14 05:53:56 +0000 2025,"RT @DisneyAnimation: Meet Nibbles Maplestick, Tuffy Cheeksworth &amp; Big Tig!

Fortune Feimster, Mae Martin, Tig Notaro https://t.co/7kAX7GlsZl",https://x.com/Disney/status/1989210169105084821,0,41,0,0,true,false,,2026-06-14T02:52:19.446113+00:00,incremental browser-based collection of observable public posts,0,/home/runner/work/x_scrapper/x_scrapper/data/raw/fortune_x_2025_ranked/044_walt_disney,@Disney,https://x.com/Disney,primary,1
44,Walt Disney,@Disney,1989210154349523189,Fri Nov 14 05:53:53 +0000 2025,"RT @DisneyAnimation: Paging Dr. Fuzzby!
Quinta Brunson https://t.co/PyoQVz7dQa",https://x.com/Disney/status/1989210154349523189,0,44,0,0,false,false,,2026-06-14T02:52:19.446113+00:00,incremental browser-based collection of observable public posts,0,/home/runner/work/x_scrapper/x_scrapper/data/raw/fortune_x_2025_ranked/044_walt_disney,@Disney,https://x.com/Disney,primary,1
44,Walt Disney,@Disney,1989210136234324397,Fri Nov 14 05:53:48 +0000 2025,"RT @DisneyAnimation: Dream Team 🌟
Jason Bateman, Ginnifer Goodwin &amp; Ke Huy Quan https://t.co/GoMOKezoto",https://x.com/Disney/status/1989210136234324397,0,114,0,0,false,false,,2026-06-14T02:52:19.446113+00:00,incremental browser-based collection of observable public posts,0,/home/runner/work/x_scrapper/x_scrapper/data/raw/fortune_x_2025_ranked/044_walt_disney,@Disney,https://x.com/Disney,primary,1
44,Walt Disney,@Disney,1989210114591715749,Fri Nov 14 05:53:43 +0000 2025,"RT @DisneyAnimation: Judy Hopps reporting for duty! 🫡
Ginnifer Goodwin https://t.co/lU7G7Z3r3T",https://x.com/Disney/status/1989210114591715749,0,49,0,0,false,false,,2026-06-14T02:52:19.446113+00:00,incremental browser-based collection of observable public posts,0,/home/runner/work/x_scrapper/x_scrapper/data/raw/fortune_x_2025_ranked/044_walt_disney,@Disney,https://x.com/Disney,primary,1
44,Walt Disney,@Disney,1989210097051201984,Fri Nov 14 05:53:39 +0000 2025,RT @DisneyAnimation: Paws up for Directors Jared Bush and Byron Howard 🐾 https://t.co/8XlW9bJiID,https://x.com/Disney/status/1989210097051201984,0,65,0,0,false,false,,2026-06-14T02:52:19.446113+00:00,incremental browser-based collection of observable public posts,0,/home/runner/work/x_scrapper/x_scrapper/data/raw/fortune_x_2025_ranked/044_walt_disney,@Disney,https://x.com/Disney,primary,1
44,Walt Disney,@Disney,1989189147060556145,Fri Nov 14 04:30:24 +0000 2025,That’s a wrap 🎬 https://t.co/PPw5PPQAGW,https://x.com/Disney/status/1989189147060556145,6,56,295,2,true,false,,2026-06-14T02:52:19.446113+00:00,incremental browser-based collection of observable public posts,0,/home/runner/work/x_scrapper/x_scrapper/data/raw/fortune_x_2025_ranked/044_walt_disney,@Disney,https://x.com/Disney,primary,1
44,Walt Disney,@Disney,1989188619710656988,Fri Nov 14 04:28:18 +0000 2025,Time for the Zoo Crew to shine! ✨ https://t.co/tldQvwUxsH,https://x.com/Disney/status/1989188619710656988,4,53,258,1,true,false,,2026-06-14T02:52:19.446113+00:00,incremental browser-based collection of observable public posts,0,/home/runner/work/x_scrapper/x_scrapper/data/raw/fortune_x_2025_ranked/044_walt_disney,@Disney,https://x.com/Disney,primary,1
44,Walt Disney,@Disney,1989188309919363424,Fri Nov 14 04:27:05 +0000 2025,Yvette Nicole Brown 🤝 Amanda Gorman https://t.co/9hySgH2lLH,https://x.com/Disney/status/1989188309919363424,3,32,137,1,true,false,,2026-06-14T02:52:19.446113+00:00,incremental browser-based collection of observable public posts,0,/home/runner/work/x_scrapper/x_scrapper/data/raw/fortune_x_2025_ranked/044_walt_disney,@Disney,https://x.com/Disney,primary,1
44,Walt Disney,@Disney,1989187827498963083,Fri Nov 14 04:25:10 +0000 2025,"Stephanie Beatriz, Wilmer Valderrama, Anika Noni Rose and Jason Bateman STUN on the red carpet ✌️ https://t.co/y7OIXPp3Pi",https://x.com/Disney/status/1989187827498963083,4,43,176,3,true,false,,2026-06-14T02:52:19.446113+00:00,incremental browser-based collection of observable public posts,0,/home/runner/work/x_scrapper/x_scrapper/data/raw/fortune_x_2025_ranked/044_walt_disney,@Disney,https://x.com/Disney,primary,1
44,Walt Disney,@Disney,1989183888686727501,Fri Nov 14 04:09:30 +0000 2025,"Mr. Mayor 👋
Patrick Warburton is Mayor Winddancer 🐴 https://t.co/23wHBO9zZ6",https://x.com/Disney/status/1989183888686727501,7,43,223,2,true,false,,2026-06-14T02:52:19.446113+00:00,incremental browser-based collection of observable public posts,0,/home/runner/work/x_scrapper/x_scrapper/data/raw/fortune_x_2025_ranked/044_walt_disney,@Disney,https://x.com/Disney,primary,1
44,Walt Disney,@Disney,1989182988924645424,Fri Nov 14 04:05:56 +0000 2025,"Shakira!
Gazelle is in the building 🪩 https://t.co/VLzuFJZuri",https://x.com/Disney/status/1989182988924645424,90,409,2345,23,true,false,,2026-06-14T02:52:19.446113+00:00,incremental browser-based collection of observable public posts,0,/home/runner/work/x_scrapper/x_scrapper/data/raw/fortune_x_2025_ranked/044_walt_disney,@Disney,https://x.com/Disney,primary,1
44,Walt Disney,@Disney,1989181954969973042,Fri Nov 14 04:01:49 +0000 2025,"Jump scare 🤭
Alan Tudyk is Duke Weaselton https://t.co/NuxAF8wMwz",https://x.com/Disney/status/1989181954969973042,7,47,206,5,true,false,,2026-06-14T02:52:19.446113+00:00,incremental browser-based collection of observable public posts,0,/home/runner/work/x_scrapper/x_scrapper/data/raw/fortune_x_2025_ranked/044_walt_disney,@Disney,https://x.com/Disney,primary,1
44,Walt Disney,@Disney,1989179552678203522,Fri Nov 14 03:52:17 +0000 2025,"🕺🏻It’s a DWTS reunion🕺🏻
Robert Irwin finds Dylan Efron on the carpet https://t.co/oHAp7KPLDV",https://x.com/Disney/status/1989179552678203522,5,41,161,1,true,false,,2026-06-14T02:52:19.446113+00:00,incremental browser-based collection of observable public posts,0,/home/runner/work/x_scrapper/x_scrapper/data/raw/fortune_x_2025_ranked/044_walt_disney,@Disney,https://x.com/Disney,primary,1
44,Walt Disney,@Disney,1989174848179105947,Fri Nov 14 03:33:35 +0000 2025,"Cattrick &amp; Kitty Lynxley
aka Macaulay Culkin &amp; Brenda Song 😍 https://t.co/EwLziCiR09",https://x.com/Disney/status/1989174848179105947,5,51,251,2,true,false,,2026-06-14T02:52:19.446113+00:00,incremental browser-based collection of observable public posts,0,/home/runner/work/x_scrapper/x_scrapper/data/raw/fortune_x_2025_ranked/044_walt_disney,@Disney,https://x.com/Disney,primary,1
44,Walt Disney,@Disney,1989173080779071805,Fri Nov 14 03:26:34 +0000 2025,"Meet Nibbles Maplestick, Tuffy Cheeksworth &amp; Big Tig!

Fortune Feimster, Mae Martin, Tig Notaro https://t.co/7kAX7GlsZl",https://x.com/Disney/status/1989173080779071805,6,41,162,2,true,false,,2026-06-14T02:52:19.446113+00:00,incremental browser-based collection of observable public posts,0,/home/runner/work/x_scrapper/x_scrapper/data/raw/fortune_x_2025_ranked/044_walt_disney,@Disney,https://x.com/Disney,primary,1
44,Walt Disney,@Disney,1989170418192949607,Fri Nov 14 03:15:59 +0000 2025,"Paging Dr. Fuzzby!
Quinta Brunson https://t.co/PyoQVz7dQa",https://x.com/Disney/status/1989170418192949607,3,44,183,0,true,false,,2026-06-14T02:52:19.446113+00:00,incremental browser-based collection of observable public posts,0,/home/runner/work/x_scrapper/x_scrapper/data/raw/fortune_x_2025_ranked/044_walt_disney,@Disney,https://x.com/Disney,primary,1
44,Walt Disney,@Disney,1989168821979246976,Fri Nov 14 03:09:38 +0000 2025,"Dream Team 🌟
Jason Bateman, Ginnifer Goodwin &amp; Ke Huy Quan https://t.co/GoMOKezoto",https://x.com/Disney/status/1989168821979246976,11,114,489,22,true,false,,2026-06-14T02:52:19.446113+00:00,incremental browser-based collection of observable public posts,0,/home/runner/work/x_scrapper/x_scrapper/data/raw/fortune_x_2025_ranked/044_walt_disney,@Disney,https://x.com/Disney,primary,1
44,Walt Disney,@Disney,1989165490909114690,Fri Nov 14 02:56:24 +0000 2025,"Judy Hopps reporting for duty! 🫡
Ginnifer Goodwin https://t.co/lU7G7Z3r3T",https://x.com/Disney/status/1989165490909114690,4,49,226,1,true,false,,2026-06-14T02:52:19.446113+00:00,incremental browser-based collection of observable public posts,0,/home/runner/work/x_scrapper/x_scrapper/data/raw/fortune_x_2025_ranked/044_walt_disney,@Disney,https://x.com/Disney,primary,1
44,Walt Disney,@Disney,1989161534795477207,Fri Nov 14 02:40:41 +0000 2025,Paws up for Directors Jared Bush and Byron Howard 🐾 https://t.co/8XlW9bJiID,https://x.com/Disney/status/1989161534795477207,8,65,210,4,true,false,,2026-06-14T02:52:19.446113+00:00,incremental browser-based collection of observable public posts,0,/home/runner/work/x_scrapper/x_scrapper/data/raw/fortune_x_2025_ranked/044_walt_disney,@Disney,https://x.com/Disney,primary,1
44,Walt Disney,@Disney,1989159043487920636,Fri Nov 14 02:30:47 +0000 2025,RT @DisneyAnimation: The Zootennial Gala has begun 🌟 https://t.co/WXoRSGhwJP,https://x.com/Disney/status/1989159043487920636,0,100,0,0,true,false,,2026-06-14T02:52:19.446113+00:00,incremental browser-based collection of observable public posts,0,/home/runner/work/x_scrapper/x_scrapper/data/raw/fortune_x_2025_ranked/044_walt_disney,@Disney,https://x.com/Disney,primary,1
44,Walt Disney,@Disney,1989157552660312369,Fri Nov 14 02:24:51 +0000 2025,RT @DisneyAnimation: ✨Join us for the #Zootopia2 World Premiere!✨ https://t.co/msETjszrYo,https://x.com/Disney/status/1989157552660312369,0,366,0,0,false,false,,2026-06-14T02:52:19.446113+00:00,incremental browser-based collection of observable public posts,0,/home/runner/work/x_scrapper/x_scrapper/data/raw/fortune_x_2025_ranked/044_walt_disney,@Disney,https://x.com/Disney,primary,1
44,Walt Disney,@Disney,1989150409861263427,Fri Nov 14 01:56:28 +0000 2025,The Zootennial Gala has begun 🌟 https://t.co/WXoRSGhwJP,https://x.com/Disney/status/1989150409861263427,11,100,431,6,true,false,,2026-06-14T02:52:19.446113+00:00,incremental browser-based collection of observable public posts,0,/home/runner/work/x_scrapper/x_scrapper/data/raw/fortune_x_2025_ranked/044_walt_disney,@Disney,https://x.com/Disney,primary,1
44,Walt Disney,@Disney,1989146949338153297,Fri Nov 14 01:42:43 +0000 2025,✨Join us for the #Zootopia2 World Premiere!✨ https://t.co/msETjszrYo,https://x.com/Disney/status/1989146949338153297,19,366,2452,30,true,false,,2026-06-14T02:52:19.446113+00:00,incremental browser-based collection of observable public posts,0,/home/runner/work/x_scrapper/x_scrapper/data/raw/fortune_x_2025_ranked/044_walt_disney,@Disney,https://x.com/Disney,primary,1
44,Walt Disney,@Disney,1989088561279430795,Thu Nov 13 21:50:43 +0000 2025,"This holiday, Disney invited fans to help create a little magic. #DisneyBestChristmasEver https://t.co/oeERhwgOvM",https://x.com/Disney/status/1989088561279430795,30,61,609,2,true,false,,2026-06-14T02:52:19.446113+00:00,incremental browser-based collection of observable public posts,0,/home/runner/work/x_scrapper/x_scrapper/data/raw/fortune_x_2025_ranked/044_walt_disney,@Disney,https://x.com/Disney,primary,1
44,Walt Disney,@Disney,1988970109889884385,Thu Nov 13 14:00:02 +0000 2025,"Magic doesn't always come with an explanation. ✨ Featuring the voice of Disney Legend John Goodman as Doodle, A Disney Holiday Short: Best Christmas Ever is now available on @disneyplus and online. 🎁🎄 #DisneyBestChristmasEver https://t.co/zeVrIrsCQH",https://x.com/Disney/status/1988970109889884385,26,83,499,2,true,false,,2026-06-14T02:52:19.446113+00:00,incremental browser-based collection of observable public posts,0,/home/runner/work/x_scrapper/x_scrapper/data/raw/fortune_x_2025_ranked/044_walt_disney,@Disney,https://x.com/Disney,primary,1
44,Walt Disney,@Disney,1988959323540844686,Thu Nov 13 13:17:10 +0000 2025,"RT @DisneyPlus: Experience a streaming event for the eras. Taylor Swift’s 6-episode docuseries, The End of an Era, streams exclusively on D…",https://x.com/Disney/status/1988959323540844686,0,2262,0,0,true,false,,2026-06-14T02:52:19.446113+00:00,incremental browser-based collection of observable public posts,0,/home/runner/work/x_scrapper/x_scrapper/data/raw/fortune_x_2025_ranked/044_walt_disney,@Disney,https://x.com/Disney,primary,1
44,Walt Disney,@Disney,1988959298668622111,Thu Nov 13 13:17:04 +0000 2025,"Experience a streaming event for the eras. Taylor Swift’s 6-episode docuseries, The End of an Era, streams exclusively on Disney+ beginning December 12. https://t.co/oAlwksBAnL",https://x.com/Disney/status/1988959298668622111,143,2262,12674,143,true,false,,2026-06-14T02:52:19.446113+00:00,incremental browser-based collection of observable public posts,0,/home/runner/work/x_scrapper/x_scrapper/data/raw/fortune_x_2025_ranked/044_walt_disney,@Disney,https://x.com/Disney,primary,1
44,Walt Disney,@Disney,1988661036518637905,Wed Nov 12 17:31:53 +0000 2025,"RT @20thcentury: Took you long enough 👠👠 The Devil Wears Prada 2, starring Meryl Streep, Anne Hathaway, Emily Blunt, and Stanley Tucci, in…",https://x.com/Disney/status/1988661036518637905,0,2087,0,0,false,false,,2026-06-14T02:52:19.446113+00:00,incremental browser-based collection of observable public posts,0,/home/runner/work/x_scrapper/x_scrapper/data/raw/fortune_x_2025_ranked/044_walt_disney,@Disney,https://x.com/Disney,primary,1
44,Walt Disney,@Disney,1988653525354901567,Wed Nov 12 17:02:02 +0000 2025,"Took you long enough 👠👠 The Devil Wears Prada 2, starring Meryl Streep, Anne Hathaway, Emily Blunt, and Stanley Tucci, in theaters May 1, 2026. https://t.co/tLuOdwtADO",https://x.com/Disney/status/1988653525354901567,59,2087,8909,114,true,false,,2026-06-14T02:52:19.446113+00:00,incremental browser-based collection of observable public posts,0,/home/runner/work/x_scrapper/x_scrapper/data/raw/fortune_x_2025_ranked/044_walt_disney,@Disney,https://x.com/Disney,primary,1
44,Walt Disney,@Disney,1988653237516546297,Wed Nov 12 17:00:53 +0000 2025,"RT @20thcentury: A sequel? For spring? Groundbreaking. Meryl Streep, Anne Hathaway, Emily Blunt, and Stanley Tucci return in The Devil Wear…",https://x.com/Disney/status/1988653237516546297,0,13599,0,0,false,false,,2026-06-14T02:52:19.446113+00:00,incremental browser-based collection of observable public posts,0,/home/runner/work/x_scrapper/x_scrapper/data/raw/fortune_x_2025_ranked/044_walt_disney,@Disney,https://x.com/Disney,primary,1
44,Walt Disney,@Disney,1988653015172280744,Wed Nov 12 17:00:00 +0000 2025,"A sequel? For spring? Groundbreaking. Meryl Streep, Anne Hathaway, Emily Blunt, and Stanley Tucci return in The Devil Wears Prada 2, in theaters May 1, 2026. Watch the teaser trailer now. https://t.co/QzcIn4f6G0",https://x.com/Disney/status/1988653015172280744,457,13599,36295,5560,true,false,,2026-06-14T02:52:19.446113+00:00,incremental browser-based collection of observable public posts,0,/home/runner/work/x_scrapper/x_scrapper/data/raw/fortune_x_2025_ranked/044_walt_disney,@Disney,https://x.com/Disney,primary,1
44,Walt Disney,@Disney,1988602648963215702,Wed Nov 12 13:39:52 +0000 2025,"RT @DisneyPlus: Tomorrow, tune-in to Good Morning America to see the brand-new trailer for Taylor Swift's 6-part docuseries, The End of an…",https://x.com/Disney/status/1988602648963215702,0,2469,0,0,false,false,,2026-06-14T02:52:19.446113+00:00,incremental browser-based collection of observable public posts,0,/home/runner/work/x_scrapper/x_scrapper/data/raw/fortune_x_2025_ranked/044_walt_disney,@Disney,https://x.com/Disney,primary,1
44,Walt Disney,@Disney,1988602421548036114,Wed Nov 12 13:38:58 +0000 2025,"Tomorrow, tune-in to Good Morning America to see the brand-new trailer for Taylor Swift's 6-part docuseries, The End of an Era, coming to Disney+ beginning December 12. https://t.co/WdVvg6TnNi",https://x.com/Disney/status/1988602421548036114,206,2469,13317,436,true,false,,2026-06-14T02:52:19.446113+00:00,incremental browser-based collection of observable public posts,0,/home/runner/work/x_scrapper/x_scrapper/data/raw/fortune_x_2025_ranked/044_walt_disney,@Disney,https://x.com/Disney,primary,1
44,Walt Disney,@Disney,1988337344513274312,Tue Nov 11 20:05:39 +0000 2025,"RT @Pixar: Playtime meets screentime 

Enter the new era in #ToyStory5 is only in theaters June 19, 2026. https://t.co/BPcaHHW5YR",https://x.com/Disney/status/1988337344513274312,0,4858,0,0,false,false,,2026-06-14T02:52:19.446113+00:00,incremental browser-based collection of observable public posts,0,/home/runner/work/x_scrapper/x_scrapper/data/raw/fortune_x_2025_ranked/044_walt_disney,@Disney,https://x.com/Disney,primary,1
44,Walt Disney,@Disney,1988337181748814115,Tue Nov 11 20:05:00 +0000 2025,"Playtime meets screentime 

Enter the new era in #ToyStory5 is only in theaters June 19, 2026. https://t.co/BPcaHHW5YR",https://x.com/Disney/status/1988337181748814115,472,4858,27616,626,true,false,,2026-06-14T02:52:19.446113+00:00,incremental browser-based collection of observable public posts,0,/home/runner/work/x_scrapper/x_scrapper/data/raw/fortune_x_2025_ranked/044_walt_disney,@Disney,https://x.com/Disney,primary,1
44,Walt Disney,@Disney,1988336123698180567,Tue Nov 11 20:00:48 +0000 2025,"RT @Pixar: The age of toys is over…?

#ToyStory5 is only in theaters June 19, 2026. https://t.co/WPZCidHVWU",https://x.com/Disney/status/1988336123698180567,0,16843,0,0,true,false,,2026-06-14T02:52:19.446113+00:00,incremental browser-based collection of observable public posts,0,/home/runner/work/x_scrapper/x_scrapper/data/raw/fortune_x_2025_ranked/044_walt_disney,@Disney,https://x.com/Disney,primary,1
44,Walt Disney,@Disney,1988335930986377588,Tue Nov 11 20:00:02 +0000 2025,"The age of toys is over…?

#ToyStory5 is only in theaters June 19, 2026. https://t.co/WPZCidHVWU",https://x.com/Disney/status/1988335930986377588,1600,16843,74291,6355,true,false,,2026-06-14T02:52:19.446113+00:00,incremental browser-based collection of observable public posts,0,/home/runner/work/x_scrapper/x_scrapper/data/raw/fortune_x_2025_ranked/044_walt_disney,@Disney,https://x.com/Disney,primary,1
44,Walt Disney,@Disney,1988215133785497626,Tue Nov 11 12:00:01 +0000 2025,"Every day at Disney is Veterans Day – supporting, honoring and celebrating veterans and military families for more than a century. #ThisisDisney #HeroesWorkHere https://t.co/gGeI4KdlPH",https://x.com/Disney/status/1988215133785497626,42,57,298,2,true,false,,2026-06-14T02:52:19.446113+00:00,incremental browser-based collection of observable public posts,0,/home/runner/work/x_scrapper/x_scrapper/data/raw/fortune_x_2025_ranked/044_walt_disney,@Disney,https://x.com/Disney,primary,1
44,Walt Disney,@Disney,1987899526645195199,Mon Nov 10 15:05:55 +0000 2025,Too many toys for Toys for Tots? No such thing! 🎁✨ Director Taika Waititi said it best – help make holiday magic for a child in need by donating a toy to Toys For Tots! 🚂 Visit https://t.co/PGsFs7AT1C or click the link in our bio today! #DisneyHolidayMagic ✨ https://t.co/hcZZsEOrQS,https://x.com/Disney/status/1987899526645195199,34,53,246,1,true,false,,2026-06-14T02:52:19.446113+00:00,incremental browser-based collection of observable public posts,0,/home/runner/work/x_scrapper/x_scrapper/data/raw/fortune_x_2025_ranked/044_walt_disney,@Disney,https://x.com/Disney,primary,1
44,Walt Disney,@Disney,1987867838846005588,Mon Nov 10 13:00:00 +0000 2025,Sometimes the best gifts are the ones we don’t expect. A Disney Holiday Short: Best Christmas Ever directed by Taika Waititi is available now. 🎄✨ #DisneyBestChristmasEver https://t.co/5mULvQKQek,https://x.com/Disney/status/1987867838846005588,43,154,729,20,true,false,,2026-06-14T02:52:19.446113+00:00,incremental browser-based collection of observable public posts,0,/home/runner/work/x_scrapper/x_scrapper/data/raw/fortune_x_2025_ranked/044_walt_disney,@Disney,https://x.com/Disney,primary,1
44,Walt Disney,@Disney,1986810875064299836,Fri Nov 07 15:00:00 +0000 2025,"Now we’re cookin’! Gear up for race weekend. ⚙️ The Disney x Formula 1 collection is available tomorrow November 8 at 12am PT with select items on https://t.co/YdJ93pyJYm, and in the @f1lasvegas Hub at the Venetian Resort.

#FueltheMagic https://t.co/isCSGqwVCs",https://x.com/Disney/status/1986810875064299836,91,79,323,7,true,false,,2026-06-14T02:52:19.446113+00:00,incremental browser-based collection of observable public posts,0,/home/runner/work/x_scrapper/x_scrapper/data/raw/fortune_x_2025_ranked/044_walt_disney,@Disney,https://x.com/Disney,primary,1
44,Walt Disney,@Disney,1986765632785051915,Fri Nov 07 12:00:13 +0000 2025,https://t.co/YFQKWKB9vv,https://x.com/Disney/status/1986765632785051915,5,19,99,0,true,false,,2026-06-14T02:52:19.446113+00:00,incremental browser-based collection of observable public posts,0,/home/runner/work/x_scrapper/x_scrapper/data/raw/fortune_x_2025_ranked/044_walt_disney,@Disney,https://x.com/Disney,primary,1
44,Walt Disney,@Disney,1986765625033719950,Fri Nov 07 12:00:11 +0000 2025,https://t.co/HBAO71gOLk,https://x.com/Disney/status/1986765625033719950,8,20,102,1,true,false,,2026-06-14T02:52:19.446113+00:00,incremental browser-based collection of observable public posts,0,/home/runner/work/x_scrapper/x_scrapper/data/raw/fortune_x_2025_ranked/044_walt_disney,@Disney,https://x.com/Disney,primary,1
44,Walt Disney,@Disney,1986765611809009774,Fri Nov 07 12:00:08 +0000 2025,"Start your engines... 🏁 The Disney x Formula 1 collection drops tomorrow November 8 at 12am PT with select items on https://t.co/YdJ93pyJYm, and in the @f1lasvegas Hub at the Venetian Resort! #FueltheMagic https://t.co/wRMP2rBjCZ",https://x.com/Disney/status/1986765611809009774,35,108,756,36,true,false,,2026-06-14T02:52:19.446113+00:00,incremental browser-based collection of observable public posts,0,/home/runner/work/x_scrapper/x_scrapper/data/raw/fortune_x_2025_ranked/044_walt_disney,@Disney,https://x.com/Disney,primary,1
44,Walt Disney,@Disney,1986530531794714631,Thu Nov 06 20:26:01 +0000 2025,"RT @PercySeries: Sailing into the storm. 
The two-episode premiere of #PercyJackson and the Olympians Season 2 is coming to Disney+ and Hul…",https://x.com/Disney/status/1986530531794714631,0,2348,0,0,true,false,,2026-06-14T02:52:19.446113+00:00,incremental browser-based collection of observable public posts,0,/home/runner/work/x_scrapper/x_scrapper/data/raw/fortune_x_2025_ranked/044_walt_disney,@Disney,https://x.com/Disney,primary,1
44,Walt Disney,@Disney,1986463717576388649,Thu Nov 06 16:00:31 +0000 2025,"Sailing into the storm. 
The two-episode premiere of #PercyJackson and the Olympians Season 2 is coming to Disney+ and Hulu December 10. https://t.co/E7TNBvhkpY",https://x.com/Disney/status/1986463717576388649,80,2348,11668,272,true,false,,2026-06-14T02:52:19.446113+00:00,incremental browser-based collection of observable public posts,0,/home/runner/work/x_scrapper/x_scrapper/data/raw/fortune_x_2025_ranked/044_walt_disney,@Disney,https://x.com/Disney,primary,1
44,Walt Disney,@Disney,1986434645618307078,Thu Nov 06 14:05:00 +0000 2025,You've got a friend in us. 💙 A Disney Holiday Short: Best Christmas Ever is coming November 10. 🎁🎄 #DisneyBestChristmasEver https://t.co/4voe6yD0oh,https://x.com/Disney/status/1986434645618307078,46,121,694,4,true,false,,2026-06-14T02:52:19.446113+00:00,incremental browser-based collection of observable public posts,0,/home/runner/work/x_scrapper/x_scrapper/data/raw/fortune_x_2025_ranked/044_walt_disney,@Disney,https://x.com/Disney,primary,1
44,Walt Disney,@Disney,1986433393467232489,Thu Nov 06 14:00:01 +0000 2025,"A magical new friend under the tree, and a year full of surprises ahead. ✨❤️ Best Christmas Ever, a new holiday short coming November 10. #DisneyBestChristmasEver https://t.co/JXfBEg5iNJ",https://x.com/Disney/status/1986433393467232489,17,69,408,6,true,false,,2026-06-14T02:52:19.446113+00:00,incremental browser-based collection of observable public posts,0,/home/runner/work/x_scrapper/x_scrapper/data/raw/fortune_x_2025_ranked/044_walt_disney,@Disney,https://x.com/Disney,primary,1
44,Walt Disney,@Disney,1983099853178573106,Tue Oct 28 09:13:43 +0000 2025,Off to the races! 🏎️💨🏁 #MickeyandFriendsxF1 #LasVegasGP #F1 https://t.co/P0ceN7GYR1,https://x.com/Disney/status/1983099853178573106,349,235,1333,66,true,false,,2026-06-14T02:52:19.446113+00:00,incremental browser-based collection of observable public posts,0,/home/runner/work/x_scrapper/x_scrapper/data/raw/fortune_x_2025_ranked/044_walt_disney,@Disney,https://x.com/Disney,primary,1
44,Walt Disney,@Disney,1982840067690533135,Mon Oct 27 16:01:26 +0000 2025,"RT @DisneyAnimation: The wildest mystery in Zootopia hisssstory

Experience #Zootopia2 only in theaters November 26!

Get your tickets NOW…",https://x.com/Disney/status/1982840067690533135,0,1742,0,0,false,false,,2026-06-14T02:52:19.446113+00:00,incremental browser-based collection of observable public posts,0,/home/runner/work/x_scrapper/x_scrapper/data/raw/fortune_x_2025_ranked/044_walt_disney,@Disney,https://x.com/Disney,primary,1
44,Walt Disney,@Disney,1982839753008640362,Mon Oct 27 16:00:11 +0000 2025,"The wildest mystery in Zootopia hisssstory

Experience #Zootopia2 only in theaters November 26!

Get your tickets NOW 🎟️: https://t.co/amXgRg1WHA https://t.co/deRmEjhPjv",https://x.com/Disney/status/1982839753008640362,108,1742,5398,207,true,false,,2026-06-14T02:52:19.446113+00:00,incremental browser-based collection of observable public posts,0,/home/runner/work/x_scrapper/x_scrapper/data/raw/fortune_x_2025_ranked/044_walt_disney,@Disney,https://x.com/Disney,primary,1
44,Walt Disney,@Disney,1978855223968837821,Thu Oct 16 16:07:05 +0000 2025,"RT @DisneyAnimation: LEGO Disney Frozen: Operation Puffins, an original special, comes to @DisneyPlus October 24. 🐧❄️ https://t.co/r09AToMm…",https://x.com/Disney/status/1978855223968837821,0,188,0,0,true,false,,2026-06-14T02:52:19.446113+00:00,incremental browser-based collection of observable public posts,0,/home/runner/work/x_scrapper/x_scrapper/data/raw/fortune_x_2025_ranked/044_walt_disney,@Disney,https://x.com/Disney,primary,1
44,Walt Disney,@Disney,1978854700775518570,Thu Oct 16 16:05:00 +0000 2025,"LEGO Disney Frozen: Operation Puffins, an original special, comes to @DisneyPlus October 24. 🐧❄️ https://t.co/r09AToMm4c",https://x.com/Disney/status/1978854700775518570,71,188,954,10,true,false,,2026-06-14T02:52:19.446113+00:00,incremental browser-based collection of observable public posts,0,/home/runner/work/x_scrapper/x_scrapper/data/raw/fortune_x_2025_ranked/044_walt_disney,@Disney,https://x.com/Disney,primary,1
44,Walt Disney,@Disney,1978854565635072124,Thu Oct 16 16:04:28 +0000 2025,"RT @DisneyAnimation: Royal sisters on a mission! ❄️🏰 

Go on an all-new adventure in LEGO Disney Frozen: Operation Puffins, an original spe…",https://x.com/Disney/status/1978854565635072124,0,231,0,0,false,false,,2026-06-14T02:52:19.446113+00:00,incremental browser-based collection of observable public posts,0,/home/runner/work/x_scrapper/x_scrapper/data/raw/fortune_x_2025_ranked/044_walt_disney,@Disney,https://x.com/Disney,primary,1
44,Walt Disney,@Disney,1978853441968681331,Thu Oct 16 16:00:00 +0000 2025,"Royal sisters on a mission! ❄️🏰 

Go on an all-new adventure in LEGO Disney Frozen: Operation Puffins, an original special available October 24 only on @DisneyPlus. https://t.co/Y4RZepExLl",https://x.com/Disney/status/1978853441968681331,26,231,842,32,true,false,,2026-06-14T02:52:19.446113+00:00,incremental browser-based collection of observable public posts,0,/home/runner/work/x_scrapper/x_scrapper/data/raw/fortune_x_2025_ranked/044_walt_disney,@Disney,https://x.com/Disney,primary,1
44,Walt Disney,@Disney,1978492606179836278,Wed Oct 15 16:06:10 +0000 2025,"RT @officialavatar: Experience every behind-the-scenes moment.
 
Fire And Water: Making The Avatar Films, an epic two-part event, is stream…",https://x.com/Disney/status/1978492606179836278,0,467,0,0,false,false,,2026-06-14T02:52:19.446113+00:00,incremental browser-based collection of observable public posts,0,/home/runner/work/x_scrapper/x_scrapper/data/raw/fortune_x_2025_ranked/044_walt_disney,@Disney,https://x.com/Disney,primary,1
44,Walt Disney,@Disney,1978492597011165684,Wed Oct 15 16:06:08 +0000 2025,"RT @officialavatar: Experience Avatar like never before! Go behind the scenes of the global phenomenon with an epic two-part event.
 
Watch…",https://x.com/Disney/status/1978492597011165684,0,652,0,0,false,false,,2026-06-14T02:52:19.446113+00:00,incremental browser-based collection of observable public posts,0,/home/runner/work/x_scrapper/x_scrapper/data/raw/fortune_x_2025_ranked/044_walt_disney,@Disney,https://x.com/Disney,primary,1
44,Walt Disney,@Disney,1978491110881202562,Wed Oct 15 16:00:14 +0000 2025,"Experience every behind-the-scenes moment.
 
Fire And Water: Making The Avatar Films, an epic two-part event, is streaming November 7 on @DisneyPlus. https://t.co/i3yuxKJRpU",https://x.com/Disney/status/1978491110881202562,42,467,3358,71,true,false,,2026-06-14T02:52:19.446113+00:00,incremental browser-based collection of observable public posts,0,/home/runner/work/x_scrapper/x_scrapper/data/raw/fortune_x_2025_ranked/044_walt_disney,@Disney,https://x.com/Disney,primary,1
44,Walt Disney,@Disney,1978491059047985265,Wed Oct 15 16:00:01 +0000 2025,"Experience Avatar like never before! Go behind the scenes of the global phenomenon with an epic two-part event.
 
Watch Fire And Water: Making The Avatar Films, streaming November 7 on @DisneyPlus. https://t.co/s7i7ZLArVJ",https://x.com/Disney/status/1978491059047985265,41,652,3054,128,true,false,,2026-06-14T02:52:19.446113+00:00,incremental browser-based collection of observable public posts,0,/home/runner/work/x_scrapper/x_scrapper/data/raw/fortune_x_2025_ranked/044_walt_disney,@Disney,https://x.com/Disney,primary,1
44,Walt Disney,@Disney,1977711697528807898,Mon Oct 13 12:23:07 +0000 2025,RT @DisneyPlus: The streaming event of an era comes to Disney+ on December 12. https://t.co/0cddqJOKDF,https://x.com/Disney/status/1977711697528807898,0,13671,0,0,true,false,,2026-06-14T02:52:19.446113+00:00,incremental browser-based collection of observable public posts,0,/home/runner/work/x_scrapper/x_scrapper/data/raw/fortune_x_2025_ranked/044_walt_disney,@Disney,https://x.com/Disney,primary,1
44,Walt Disney,@Disney,1977711475574866245,Mon Oct 13 12:22:14 +0000 2025,The streaming event of an era comes to Disney+ on December 12. https://t.co/0cddqJOKDF,https://x.com/Disney/status/1977711475574866245,611,13671,70141,1342,true,false,,2026-06-14T02:52:19.446113+00:00,incremental browser-based collection of observable public posts,0,/home/runner/work/x_scrapper/x_scrapper/data/raw/fortune_x_2025_ranked/044_walt_disney,@Disney,https://x.com/Disney,primary,1
44,Walt Disney,@Disney,1977711409308803079,Mon Oct 13 12:21:58 +0000 2025,"RT @DisneyPlus: On December 12, the streaming event of an era comes to Disney+. Get ready for Taylor Swift | The Eras Tour | The Final Show…",https://x.com/Disney/status/1977711409308803079,0,3049,0,0,true,false,,2026-06-14T02:52:19.446113+00:00,incremental browser-based collection of observable public posts,0,/home/runner/work/x_scrapper/x_scrapper/data/raw/fortune_x_2025_ranked/044_walt_disney,@Disney,https://x.com/Disney,primary,1
44,Walt Disney,@Disney,1977711392510894577,Mon Oct 13 12:21:54 +0000 2025,"On December 12, the streaming event of an era comes to Disney+. Get ready for Taylor Swift | The Eras Tour | The Final Show, featuring The Tortured Poets Department, and The End of an Era, a 6-episode behind-the-scenes docuseries chronicling the record-breaking tour. https://t.co/5C9HMp4RQf",https://x.com/Disney/status/1977711392510894577,250,3049,15122,313,true,false,,2026-06-14T02:52:19.446113+00:00,incremental browser-based collection of observable public posts,0,/home/runner/work/x_scrapper/x_scrapper/data/raw/fortune_x_2025_ranked/044_walt_disney,@Disney,https://x.com/Disney,primary,1
44,Walt Disney,@Disney,1977049233862934981,Sat Oct 11 16:30:43 +0000 2025,RT @DisneyStudios: Tron: Ares is the #1 Movie in the World. Get tickets now and see the film now playing in theaters and IMAX. https://t.co…,https://x.com/Disney/status/1977049233862934981,0,373,0,0,true,false,,2026-06-14T02:52:19.446113+00:00,incremental browser-based collection of observable public posts,0,/home/runner/work/x_scrapper/x_scrapper/data/raw/fortune_x_2025_ranked/044_walt_disney,@Disney,https://x.com/Disney,primary,1
44,Walt Disney,@Disney,1977045099139023055,Sat Oct 11 16:14:18 +0000 2025,Tron: Ares is the #1 Movie in the World. Get tickets now and see the film now playing in theaters and IMAX. https://t.co/yrCn8gGMHs,https://x.com/Disney/status/1977045099139023055,305,373,2364,76,true,false,,2026-06-14T02:52:19.446113+00:00,incremental browser-based collection of observable public posts,0,/home/runner/work/x_scrapper/x_scrapper/data/raw/fortune_x_2025_ranked/044_walt_disney,@Disney,https://x.com/Disney,primary,1
44,Walt Disney,@Disney,1976713817884406224,Fri Oct 10 18:17:54 +0000 2025,"RT @DisneyStudios: From the Grid to the real world, the Tron: Ares | Nine Inch Nails Special Look is live now on Festival Jam Stage! https:…",https://x.com/Disney/status/1976713817884406224,0,90,0,0,true,false,,2026-06-14T02:52:19.446113+00:00,incremental browser-based collection of observable public posts,0,/home/runner/work/x_scrapper/x_scrapper/data/raw/fortune_x_2025_ranked/044_walt_disney,@Disney,https://x.com/Disney,primary,1
44,Walt Disney,@Disney,1976709313193463878,Fri Oct 10 18:00:00 +0000 2025,"From the Grid to the real world, the Tron: Ares | Nine Inch Nails Special Look is live now on Festival Jam Stage! https://t.co/LI3YKON0w8",https://x.com/Disney/status/1976709313193463878,34,90,692,6,true,false,,2026-06-14T02:52:19.446113+00:00,incremental browser-based collection of observable public posts,0,/home/runner/work/x_scrapper/x_scrapper/data/raw/fortune_x_2025_ranked/044_walt_disney,@Disney,https://x.com/Disney,primary,1
44,Walt Disney,@Disney,1976682862461276373,Fri Oct 10 16:14:54 +0000 2025,RT @DisneyStudios: Tron: Ares is NOW PLAYING in theaters and IMAX. Get tickets: https://t.co/Bg03R6mTJk https://t.co/EsNu655dsa,https://x.com/Disney/status/1976682862461276373,0,213,0,0,false,false,,2026-06-14T02:52:19.446113+00:00,incremental browser-based collection of observable public posts,0,/home/runner/work/x_scrapper/x_scrapper/data/raw/fortune_x_2025_ranked/044_walt_disney,@Disney,https://x.com/Disney,primary,1
44,Walt Disney,@Disney,1976679115895058797,Fri Oct 10 16:00:00 +0000 2025,Tron: Ares is NOW PLAYING in theaters and IMAX. Get tickets: https://t.co/Bg03R6mTJk https://t.co/EsNu655dsa,https://x.com/Disney/status/1976679115895058797,49,213,928,13,true,false,,2026-06-14T02:52:19.446113+00:00,incremental browser-based collection of observable public posts,0,/home/runner/work/x_scrapper/x_scrapper/data/raw/fortune_x_2025_ranked/044_walt_disney,@Disney,https://x.com/Disney,primary,1
44,Walt Disney,@Disney,1976460046864449801,Fri Oct 10 01:29:30 +0000 2025,RT @DisneyParks: JUST ANNOUNCED🍌 @BananaBall_ is coming to @WaltDisneyWorld in 2026 with the all-new team Loco Beach Coconuts! 🥥⚾️ https://…,https://x.com/Disney/status/1976460046864449801,0,97,0,0,false,false,,2026-06-14T02:52:19.446113+00:00,incremental browser-based collection of observable public posts,0,/home/runner/work/x_scrapper/x_scrapper/data/raw/fortune_x_2025_ranked/044_walt_disney,@Disney,https://x.com/Disney,primary,1
44,Walt Disney,@Disney,1976433731805061223,Thu Oct 09 23:44:56 +0000 2025,JUST ANNOUNCED🍌 @BananaBall_ is coming to @WaltDisneyWorld in 2026 with the all-new team Loco Beach Coconuts! 🥥⚾️ https://t.co/RfV1h4blzi https://t.co/7Fz3ubiwww,https://x.com/Disney/status/1976433731805061223,80,97,962,26,true,false,,2026-06-14T02:52:19.446113+00:00,incremental browser-based collection of observable public posts,0,/home/runner/work/x_scrapper/x_scrapper/data/raw/fortune_x_2025_ranked/044_walt_disney,@Disney,https://x.com/Disney,primary,1
44,Walt Disney,@Disney,1975713021293965577,Wed Oct 08 00:01:05 +0000 2025,"RT @DisneyStudios: From one grid to another, the Tron: Ares set arrives in the Shop tonight at 8PM ET! https://t.co/g7ye4ia0L8",https://x.com/Disney/status/1975713021293965577,0,184,0,0,false,false,,2026-06-14T02:52:19.446113+00:00,incremental browser-based collection of observable public posts,0,/home/runner/work/x_scrapper/x_scrapper/data/raw/fortune_x_2025_ranked/044_walt_disney,@Disney,https://x.com/Disney,primary,1
44,Walt Disney,@Disney,1975712745640370682,Wed Oct 08 00:00:00 +0000 2025,"From one grid to another, the Tron: Ares set arrives in the Shop tonight at 8PM ET! https://t.co/g7ye4ia0L8",https://x.com/Disney/status/1975712745640370682,43,184,1021,15,true,false,,2026-06-14T02:52:19.446113+00:00,incremental browser-based collection of observable public posts,0,/home/runner/work/x_scrapper/x_scrapper/data/raw/fortune_x_2025_ranked/044_walt_disney,@Disney,https://x.com/Disney,primary,1
44,Walt Disney,@Disney,1975527433576280210,Tue Oct 07 11:43:38 +0000 2025,"RT @DisneyStudios: Nine Inch Nails closes out the #TronAres World Premiere. 

Experience the movie this Friday in theaters. https://t.co/GX…",https://x.com/Disney/status/1975527433576280210,0,300,0,0,false,false,,2026-06-14T02:52:19.446113+00:00,incremental browser-based collection of observable public posts,0,/home/runner/work/x_scrapper/x_scrapper/data/raw/fortune_x_2025_ranked/044_walt_disney,@Disney,https://x.com/Disney,primary,1
44,Walt Disney,@Disney,1975527411849781384,Tue Oct 07 11:43:33 +0000 2025,RT @DisneyStudios: The stars of Tron: Ares attended the World Premiere in Hollywood featuring a performance by Nine Inch Nails. See the fil…,https://x.com/Disney/status/1975527411849781384,0,215,0,0,false,false,,2026-06-14T02:52:19.446113+00:00,incremental browser-based collection of observable public posts,0,/home/runner/work/x_scrapper/x_scrapper/data/raw/fortune_x_2025_ranked/044_walt_disney,@Disney,https://x.com/Disney,primary,1
44,Walt Disney,@Disney,1975453298514870431,Tue Oct 07 06:49:03 +0000 2025,"Nine Inch Nails closes out the #TronAres World Premiere. 

Experience the movie this Friday in theaters. https://t.co/GXxoltKhGB",https://x.com/Disney/status/1975453298514870431,46,300,1488,22,true,false,,2026-06-14T02:52:19.446113+00:00,incremental browser-based collection of observable public posts,0,/home/runner/work/x_scrapper/x_scrapper/data/raw/fortune_x_2025_ranked/044_walt_disney,@Disney,https://x.com/Disney,primary,1
44,Walt Disney,@Disney,1975448316826853438,Tue Oct 07 06:29:15 +0000 2025,The stars of Tron: Ares attended the World Premiere in Hollywood featuring a performance by Nine Inch Nails. See the film only in theaters this Friday. https://t.co/c1jnFXtLHK,https://x.com/Disney/status/1975448316826853438,36,215,1557,15,true,false,,2026-06-14T02:52:19.446113+00:00,incremental browser-based collection of observable public posts,0,/home/runner/work/x_scrapper/x_scrapper/data/raw/fortune_x_2025_ranked/044_walt_disney,@Disney,https://x.com/Disney,primary,1
44,Walt Disney,@Disney,1975417902045274587,Tue Oct 07 04:28:23 +0000 2025,"RT @DisneyStudios: All smiles with Hasan Minhaj and Arturo Castro at the World Premiere of #TronAres 

Experience the film this Friday in I…",https://x.com/Disney/status/1975417902045274587,0,67,0,0,false,false,,2026-06-14T02:52:19.446113+00:00,incremental browser-based collection of observable public posts,0,/home/runner/work/x_scrapper/x_scrapper/data/raw/fortune_x_2025_ranked/044_walt_disney,@Disney,https://x.com/Disney,primary,1
44,Walt Disney,@Disney,1975412360983814534,Tue Oct 07 04:06:22 +0000 2025,"All smiles with Hasan Minhaj and Arturo Castro at the World Premiere of #TronAres 

Experience the film this Friday in IMAX. https://t.co/3NuTmGQFSM",https://x.com/Disney/status/1975412360983814534,24,67,325,3,true,false,,2026-06-14T02:52:19.446113+00:00,incremental browser-based collection of observable public posts,0,/home/runner/work/x_scrapper/x_scrapper/data/raw/fortune_x_2025_ranked/044_walt_disney,@Disney,https://x.com/Disney,primary,1
44,Walt Disney,@Disney,1975411086536200283,Tue Oct 07 04:01:19 +0000 2025,RT @DisneyStudios: Gillian Anderson steps onto the red carpet at the #TronAres World Premiere in Los Angeles. https://t.co/oqOd9J3ThO,https://x.com/Disney/status/1975411086536200283,0,123,0,0,false,false,,2026-06-14T02:52:19.446113+00:00,incremental browser-based collection of observable public posts,0,/home/runner/work/x_scrapper/x_scrapper/data/raw/fortune_x_2025_ranked/044_walt_disney,@Disney,https://x.com/Disney,primary,1
44,Walt Disney,@Disney,1975411048376156591,Tue Oct 07 04:01:09 +0000 2025,"RT @DisneyStudios: Evan Peters on the red carpet of the #TronAres World Premiere.

Experience the film in IMAX this Friday. https://t.co/Fu…",https://x.com/Disney/status/1975411048376156591,0,149,0,0,false,false,,2026-06-14T02:52:19.446113+00:00,incremental browser-based collection of observable public posts,0,/home/runner/work/x_scrapper/x_scrapper/data/raw/fortune_x_2025_ranked/044_walt_disney,@Disney,https://x.com/Disney,primary,1
44,Walt Disney,@Disney,1975410091554902160,Tue Oct 07 03:57:21 +0000 2025,Gillian Anderson steps onto the red carpet at the #TronAres World Premiere in Los Angeles. https://t.co/oqOd9J3ThO,https://x.com/Disney/status/1975410091554902160,13,123,732,9,true,false,,2026-06-14T02:52:19.446113+00:00,incremental browser-based collection of observable public posts,0,/home/runner/work/x_scrapper/x_scrapper/data/raw/fortune_x_2025_ranked/044_walt_disney,@Disney,https://x.com/Disney,primary,1
44,Walt Disney,@Disney,1975409318808985733,Tue Oct 07 03:54:17 +0000 2025,"Evan Peters on the red carpet of the #TronAres World Premiere.

Experience the film in IMAX this Friday. https://t.co/Fuy7lErbOo",https://x.com/Disney/status/1975409318808985733,13,149,689,16,true,false,,2026-06-14T02:52:19.446113+00:00,incremental browser-based collection of observable public posts,0,/home/runner/work/x_scrapper/x_scrapper/data/raw/fortune_x_2025_ranked/044_walt_disney,@Disney,https://x.com/Disney,primary,1
44,Walt Disney,@Disney,1975405057790091346,Tue Oct 07 03:37:21 +0000 2025,"RT @DisneyStudios: Greta Lee is here at the #TronAres World Premiere.

Experience it in IMAX this Friday. https://t.co/eh1dWWnzlS",https://x.com/Disney/status/1975405057790091346,0,91,0,0,false,false,,2026-06-14T02:52:19.446113+00:00,incremental browser-based collection of observable public posts,0,/home/runner/work/x_scrapper/x_scrapper/data/raw/fortune_x_2025_ranked/044_walt_disney,@Disney,https://x.com/Disney,primary,1
44,Walt Disney,@Disney,1975405025816985756,Tue Oct 07 03:37:14 +0000 2025,"RT @DisneyStudios: Jodie Turner-Smith arrives at the #TronAres World Premiere in Los Angeles. 

Experience the film this Friday in IMAX. ht…",https://x.com/Disney/status/1975405025816985756,0,97,0,0,false,false,,2026-06-14T02:52:19.446113+00:00,incremental browser-based collection of observable public posts,0,/home/runner/work/x_scrapper/x_scrapper/data/raw/fortune_x_2025_ranked/044_walt_disney,@Disney,https://x.com/Disney,primary,1
44,Walt Disney,@Disney,1975402461419766114,Tue Oct 07 03:27:02 +0000 2025,"Greta Lee is here at the #TronAres World Premiere.

Experience it in IMAX this Friday. https://t.co/eh1dWWnzlS",https://x.com/Disney/status/1975402461419766114,12,91,458,6,true,false,,2026-06-14T02:52:19.446113+00:00,incremental browser-based collection of observable public posts,0,/home/runner/work/x_scrapper/x_scrapper/data/raw/fortune_x_2025_ranked/044_walt_disney,@Disney,https://x.com/Disney,primary,1
44,Walt Disney,@Disney,1975401380681818535,Tue Oct 07 03:22:44 +0000 2025,"Jodie Turner-Smith arrives at the #TronAres World Premiere in Los Angeles. 

Experience the film this Friday in IMAX. https://t.co/u2B8FY3Wdq",https://x.com/Disney/status/1975401380681818535,13,97,408,10,true,false,,2026-06-14T02:52:19.446113+00:00,incremental browser-based collection of observable public posts,0,/home/runner/work/x_scrapper/x_scrapper/data/raw/fortune_x_2025_ranked/044_walt_disney,@Disney,https://x.com/Disney,primary,1
44,Walt Disney,@Disney,1975401155241930886,Tue Oct 07 03:21:51 +0000 2025,"RT @DisneyStudios: The legacy continues.

Jared Leto and Jeff Bridges reunite at the #TronAres World Premiere. https://t.co/1tTNizGo9J",https://x.com/Disney/status/1975401155241930886,0,142,0,0,true,false,,2026-06-14T02:52:19.446113+00:00,incremental browser-based collection of observable public posts,0,/home/runner/work/x_scrapper/x_scrapper/data/raw/fortune_x_2025_ranked/044_walt_disney,@Disney,https://x.com/Disney,primary,1
44,Walt Disney,@Disney,1975399316056576325,Tue Oct 07 03:14:32 +0000 2025,"The legacy continues.

Jared Leto and Jeff Bridges reunite at the #TronAres World Premiere. https://t.co/1tTNizGo9J",https://x.com/Disney/status/1975399316056576325,21,142,734,2,true,false,,2026-06-14T02:52:19.446113+00:00,incremental browser-based collection of observable public posts,0,/home/runner/work/x_scrapper/x_scrapper/data/raw/fortune_x_2025_ranked/044_walt_disney,@Disney,https://x.com/Disney,primary,1
44,Walt Disney,@Disney,1975396723075006660,Tue Oct 07 03:04:14 +0000 2025,RT @DisneyStudios: Jeff Bridges at the #TronAres World Premiere in Los Angeles. https://t.co/2fA59nnHDH,https://x.com/Disney/status/1975396723075006660,0,283,0,0,false,false,,2026-06-14T02:52:19.446113+00:00,incremental browser-based collection of observable public posts,0,/home/runner/work/x_scrapper/x_scrapper/data/raw/fortune_x_2025_ranked/044_walt_disney,@Disney,https://x.com/Disney,primary,1
44,Walt Disney,@Disney,1975396713172247038,Tue Oct 07 03:04:12 +0000 2025,RT @DisneyStudios: Jared Leto at the #TronAres World Premiere in Los Angeles. https://t.co/7dUseT8Tli,https://x.com/Disney/status/1975396713172247038,0,136,0,0,false,false,,2026-06-14T02:52:19.446113+00:00,incremental browser-based collection of observable public posts,0,/home/runner/work/x_scrapper/x_scrapper/data/raw/fortune_x_2025_ranked/044_walt_disney,@Disney,https://x.com/Disney,primary,1
44,Walt Disney,@Disney,1975396697670099291,Tue Oct 07 03:04:08 +0000 2025,RT @DisneyStudios: Greetings Programs. Welcome to the World Premiere of #TronAres https://t.co/BoNMtI9xHj,https://x.com/Disney/status/1975396697670099291,0,1465,0,0,true,false,,2026-06-14T02:52:19.446113+00:00,incremental browser-based collection of observable public posts,0,/home/runner/work/x_scrapper/x_scrapper/data/raw/fortune_x_2025_ranked/044_walt_disney,@Disney,https://x.com/Disney,primary,1
44,Walt Disney,@Disney,1975391145690865769,Tue Oct 07 02:42:04 +0000 2025,Jeff Bridges at the #TronAres World Premiere in Los Angeles. https://t.co/2fA59nnHDH,https://x.com/Disney/status/1975391145690865769,50,283,2241,22,true,false,,2026-06-14T02:52:19.446113+00:00,incremental browser-based collection of observable public posts,0,/home/runner/work/x_scrapper/x_scrapper/data/raw/fortune_x_2025_ranked/044_walt_disney,@Disney,https://x.com/Disney,primary,1
44,Walt Disney,@Disney,1975390181244243976,Tue Oct 07 02:38:14 +0000 2025,Jared Leto at the #TronAres World Premiere in Los Angeles. https://t.co/7dUseT8Tli,https://x.com/Disney/status/1975390181244243976,17,136,556,11,true,false,,2026-06-14T02:52:19.446113+00:00,incremental browser-based collection of observable public posts,0,/home/runner/work/x_scrapper/x_scrapper/data/raw/fortune_x_2025_ranked/044_walt_disney,@Disney,https://x.com/Disney,primary,1
44,Walt Disney,@Disney,1975387938021409075,Tue Oct 07 02:29:20 +0000 2025,Greetings Programs. Welcome to the World Premiere of #TronAres https://t.co/BoNMtI9xHj,https://x.com/Disney/status/1975387938021409075,343,1465,12493,219,true,false,,2026-06-14T02:52:19.446113+00:00,incremental browser-based collection of observable public posts,0,/home/runner/work/x_scrapper/x_scrapper/data/raw/fortune_x_2025_ranked/044_walt_disney,@Disney,https://x.com/Disney,primary,1
44,Walt Disney,@Disney,1974184604895674845,Fri Oct 03 18:47:43 +0000 2025,RT @officialavatar: Avatar: The Way of Water is back in theatres for one week only. Experience the global phenomenon exclusively in 3D. Get…,https://x.com/Disney/status/1974184604895674845,0,225,0,0,false,false,,2026-06-14T02:52:19.446113+00:00,incremental browser-based collection of observable public posts,0,/home/runner/work/x_scrapper/x_scrapper/data/raw/fortune_x_2025_ranked/044_walt_disney,@Disney,https://x.com/Disney,primary,1
44,Walt Disney,@Disney,1974183980800094711,Fri Oct 03 18:45:14 +0000 2025,Avatar: The Way of Water is back in theatres for one week only. Experience the global phenomenon exclusively in 3D. Get tickets now. https://t.co/Q9MLMWSdom,https://x.com/Disney/status/1974183980800094711,30,225,1875,10,true,false,,2026-06-14T02:52:19.446113+00:00,incremental browser-based collection of observable public posts,0,/home/runner/work/x_scrapper/x_scrapper/data/raw/fortune_x_2025_ranked/044_walt_disney,@Disney,https://x.com/Disney,primary,1
44,Walt Disney,@Disney,1972723267120115735,Mon Sep 29 18:00:52 +0000 2025,"RT @20thcentury: Woohoo! The Simpsons are coming to theaters with an all-new movie on July 23, 2027! https://t.co/wVqxwn8rLc",https://x.com/Disney/status/1972723267120115735,0,12878,0,0,true,false,,2026-06-14T02:52:19.446113+00:00,incremental browser-based collection of observable public posts,0,/home/runner/work/x_scrapper/x_scrapper/data/raw/fortune_x_2025_ranked/044_walt_disney,@Disney,https://x.com/Disney,primary,1
44,Walt Disney,@Disney,1972723057396690948,Mon Sep 29 18:00:02 +0000 2025,"Woohoo! The Simpsons are coming to theaters with an all-new movie on July 23, 2027! https://t.co/wVqxwn8rLc",https://x.com/Disney/status/1972723057396690948,2100,12878,76932,4963,true,false,,2026-06-14T02:52:19.446113+00:00,incremental browser-based collection of observable public posts,0,/home/runner/work/x_scrapper/x_scrapper/data/raw/fortune_x_2025_ranked/044_walt_disney,@Disney,https://x.com/Disney,primary,1
44,Walt Disney,@Disney,1972649163017044157,Mon Sep 29 13:06:25 +0000 2025,RT @DisneyAnimation: Running wild 🦊🐰🐍 #Zootopia2 is coming to theaters November 26! https://t.co/6kyDBTE0sa,https://x.com/Disney/status/1972649163017044157,0,2922,0,0,false,false,,2026-06-14T02:52:19.446113+00:00,incremental browser-based collection of observable public posts,0,/home/runner/work/x_scrapper/x_scrapper/data/raw/fortune_x_2025_ranked/044_walt_disney,@Disney,https://x.com/Disney,primary,1
44,Walt Disney,@Disney,1972648568457716193,Mon Sep 29 13:04:03 +0000 2025,Running wild 🦊🐰🐍 #Zootopia2 is coming to theaters November 26! https://t.co/6kyDBTE0sa,https://x.com/Disney/status/1972648568457716193,1438,2922,14527,176,true,false,,2026-06-14T02:52:19.446113+00:00,incremental browser-based collection of observable public posts,0,/home/runner/work/x_scrapper/x_scrapper/data/raw/fortune_x_2025_ranked/044_walt_disney,@Disney,https://x.com/Disney,primary,1
44,Walt Disney,@Disney,1972647742221762652,Mon Sep 29 13:00:46 +0000 2025,"RT @DisneyAnimation: Zootopia will be changed furrrever...
Get ready for #Zootopia2, only in theaters November 26! https://t.co/UhkDTyN67r",https://x.com/Disney/status/1972647742221762652,0,3128,0,0,false,false,,2026-06-14T02:52:19.446113+00:00,incremental browser-based collection of observable public posts,0,/home/runner/work/x_scrapper/x_scrapper/data/raw/fortune_x_2025_ranked/044_walt_disney,@Disney,https://x.com/Disney,primary,1
44,Walt Disney,@Disney,1972647624743191022,Mon Sep 29 13:00:18 +0000 2025,"Zootopia will be changed furrrever...
Get ready for #Zootopia2, only in theaters November 26! https://t.co/UhkDTyN67r",https://x.com/Disney/status/1972647624743191022,228,3128,8908,576,true,false,,2026-06-14T02:52:19.446113+00:00,incremental browser-based collection of observable public posts,0,/home/runner/work/x_scrapper/x_scrapper/data/raw/fortune_x_2025_ranked/044_walt_disney,@Disney,https://x.com/Disney,primary,1
44,Walt Disney,@Disney,1971657286390288500,Fri Sep 26 19:25:03 +0000 2025,RT @officialavatar: Welcome back to Pandora. Experience Avatar: The Way of Water in theatres in 3D for one week only starting October 3rd.…,https://x.com/Disney/status/1971657286390288500,0,266,0,0,false,false,,2026-06-14T02:52:19.446113+00:00,incremental browser-based collection of observable public posts,0,/home/runner/work/x_scrapper/x_scrapper/data/raw/fortune_x_2025_ranked/044_walt_disney,@Disney,https://x.com/Disney,primary,1
44,Walt Disney,@Disney,1971650983810814351,Fri Sep 26 19:00:00 +0000 2025,Welcome back to Pandora. Experience Avatar: The Way of Water in theatres in 3D for one week only starting October 3rd. Get tickets now. https://t.co/fgEnFEL8Zx,https://x.com/Disney/status/1971650983810814351,270,266,2263,12,true,false,,2026-06-14T02:52:19.446113+00:00,incremental browser-based collection of observable public posts,0,/home/runner/work/x_scrapper/x_scrapper/data/raw/fortune_x_2025_ranked/044_walt_disney,@Disney,https://x.com/Disney,primary,1
44,Walt Disney,@Disney,1971623929870795000,Fri Sep 26 17:12:30 +0000 2025,RT @officialavatar: A special message from James Cameron. Experience Avatar: The Way of Water back in theatres October 3rd. Get tickets now…,https://x.com/Disney/status/1971623929870795000,0,504,0,0,false,false,,2026-06-14T02:52:19.446113+00:00,incremental browser-based collection of observable public posts,0,/home/runner/work/x_scrapper/x_scrapper/data/raw/fortune_x_2025_ranked/044_walt_disney,@Disney,https://x.com/Disney,primary,1
44,Walt Disney,@Disney,1971620793315742142,Fri Sep 26 17:00:02 +0000 2025,A special message from James Cameron. Experience Avatar: The Way of Water back in theatres October 3rd. Get tickets now and experience it in 3D. https://t.co/ITJOQMBOPE,https://x.com/Disney/status/1971620793315742142,280,504,3355,40,true,false,,2026-06-14T02:52:19.446113+00:00,incremental browser-based collection of observable public posts,0,/home/runner/work/x_scrapper/x_scrapper/data/raw/fortune_x_2025_ranked/044_walt_disney,@Disney,https://x.com/Disney,primary,1
44,Walt Disney,@Disney,1971200128276111555,Thu Sep 25 13:08:28 +0000 2025,RT @officialavatar: Check out the brand-new poster for Avatar: Fire and Ash. Only in theatres December 19. https://t.co/jqnsNt2FqR,https://x.com/Disney/status/1971200128276111555,0,5965,0,0,false,false,,2026-06-14T02:52:19.446113+00:00,incremental browser-based collection of observable public posts,0,/home/runner/work/x_scrapper/x_scrapper/data/raw/fortune_x_2025_ranked/044_walt_disney,@Disney,https://x.com/Disney,primary,1
44,Walt Disney,@Disney,1971198295520530917,Thu Sep 25 13:01:11 +0000 2025,Check out the brand-new poster for Avatar: Fire and Ash. Only in theatres December 19. https://t.co/jqnsNt2FqR,https://x.com/Disney/status/1971198295520530917,668,5965,40383,1114,true,false,,2026-06-14T02:52:19.446113+00:00,incremental browser-based collection of observable public posts,0,/home/runner/work/x_scrapper/x_scrapper/data/raw/fortune_x_2025_ranked/044_walt_disney,@Disney,https://x.com/Disney,primary,1
44,Walt Disney,@Disney,1971198115270230150,Thu Sep 25 13:00:28 +0000 2025,RT @officialavatar: This world is much deeper than you imagine. Watch the brand-new trailer for Avatar: Fire and Ash and experience it in t…,https://x.com/Disney/status/1971198115270230150,0,8149,0,0,false,false,,2026-06-14T02:52:19.446113+00:00,incremental browser-based collection of observable public posts,0,/home/runner/work/x_scrapper/x_scrapper/data/raw/fortune_x_2025_ranked/044_walt_disney,@Disney,https://x.com/Disney,primary,1
44,Walt Disney,@Disney,1971198032981954892,Thu Sep 25 13:00:08 +0000 2025,"This world is much deeper than you imagine. Watch the brand-new trailer for Avatar: Fire and Ash and experience it in theatres December 19th.

Also, don’t miss Avatar: The Way of Water back on the big screen in 3D for one week only, starting October 3rd. https://t.co/nB5nOcrQMx",https://x.com/Disney/status/1971198032981954892,912,8149,29988,3147,true,false,,2026-06-14T02:52:19.446113+00:00,incremental browser-based collection of observable public posts,0,/home/runner/work/x_scrapper/x_scrapper/data/raw/fortune_x_2025_ranked/044_walt_disney,@Disney,https://x.com/Disney,primary,1
44,Walt Disney,@Disney,1970265398890164392,Mon Sep 22 23:14:11 +0000 2025,"RT @starwars: A new adventure awaits.

Experience The Mandalorian and Grogu only in theaters May 22, 2026. https://t.co/TB9oOTncij",https://x.com/Disney/status/1970265398890164392,0,9163,0,0,true,false,,2026-06-14T02:52:19.446113+00:00,incremental browser-based collection of observable public posts,0,/home/runner/work/x_scrapper/x_scrapper/data/raw/fortune_x_2025_ranked/044_walt_disney,@Disney,https://x.com/Disney,primary,1
44,Walt Disney,@Disney,1970265378095042848,Mon Sep 22 23:14:06 +0000 2025,"RT @starwars: Watch the brand new trailer for The Mandalorian and Grogu and experience it only in theaters May 22, 2026. https://t.co/ivPOm…",https://x.com/Disney/status/1970265378095042848,0,13694,0,0,false,false,,2026-06-14T02:52:19.446113+00:00,incremental browser-based collection of observable public posts,0,/home/runner/work/x_scrapper/x_scrapper/data/raw/fortune_x_2025_ranked/044_walt_disney,@Disney,https://x.com/Disney,primary,1
44,Walt Disney,@Disney,1970194163581780114,Mon Sep 22 18:31:07 +0000 2025,RT @DisneyStudios: The Tron universe gets taken to the next level in Tron: Ares. Experience the film only in theaters and IMAX October 10.…,https://x.com/Disney/status/1970194163581780114,0,203,0,0,false,false,,2026-06-14T02:52:19.446113+00:00,incremental browser-based collection of observable public posts,0,/home/runner/work/x_scrapper/x_scrapper/data/raw/fortune_x_2025_ranked/044_walt_disney,@Disney,https://x.com/Disney,primary,1
44,Walt Disney,@Disney,1970194118312894681,Mon Sep 22 18:30:56 +0000 2025,"RT @DisneyStudios: The Nine Inch Nails Tron: Ares Soundtrack is 🔥

As Alive As You Need Me To Be drops as a Jam Track TONIGHT! https://t.co…",https://x.com/Disney/status/1970194118312894681,0,264,0,0,false,false,,2026-06-14T02:52:19.446113+00:00,incremental browser-based collection of observable public posts,0,/home/runner/work/x_scrapper/x_scrapper/data/raw/fortune_x_2025_ranked/044_walt_disney,@Disney,https://x.com/Disney,primary,1
44,Walt Disney,@Disney,1970156132703633754,Mon Sep 22 16:00:00 +0000 2025,The Tron universe gets taken to the next level in Tron: Ares. Experience the film only in theaters and IMAX October 10. Get tickets now: https://t.co/Bg03R6mTJk https://t.co/diMAUqHFZt,https://x.com/Disney/status/1970156132703633754,427,203,987,16,true,false,,2026-06-14T02:52:19.446113+00:00,incremental browser-based collection of observable public posts,0,/home/runner/work/x_scrapper/x_scrapper/data/raw/fortune_x_2025_ranked/044_walt_disney,@Disney,https://x.com/Disney,primary,1
44,Walt Disney,@Disney,1970111068480602352,Mon Sep 22 13:00:56 +0000 2025,"A new adventure awaits.

Experience The Mandalorian and Grogu only in theaters May 22, 2026. https://t.co/TB9oOTncij",https://x.com/Disney/status/1970111068480602352,1039,9163,43254,1743,true,false,,2026-06-14T02:52:19.446113+00:00,incremental browser-based collection of observable public posts,0,/home/runner/work/x_scrapper/x_scrapper/data/raw/fortune_x_2025_ranked/044_walt_disney,@Disney,https://x.com/Disney,primary,1
44,Walt Disney,@Disney,1970110961286861243,Mon Sep 22 13:00:30 +0000 2025,"Watch the brand new trailer for The Mandalorian and Grogu and experience it only in theaters May 22, 2026. https://t.co/ivPOmVwd9F",https://x.com/Disney/status/1970110961286861243,2072,13694,49872,7744,true,false,,2026-06-14T02:52:19.446113+00:00,incremental browser-based collection of observable public posts,0,/home/runner/work/x_scrapper/x_scrapper/data/raw/fortune_x_2025_ranked/044_walt_disney,@Disney,https://x.com/Disney,primary,1
44,Walt Disney,@Disney,1969103850314350923,Fri Sep 19 18:18:36 +0000 2025,"The Nine Inch Nails Tron: Ares Soundtrack is 🔥

As Alive As You Need Me To Be drops as a Jam Track TONIGHT! https://t.co/1aeO3dKt70",https://x.com/Disney/status/1969103850314350923,126,264,1924,59,true,false,,2026-06-14T02:52:19.446113+00:00,incremental browser-based collection of observable public posts,0,/home/runner/work/x_scrapper/x_scrapper/data/raw/fortune_x_2025_ranked/044_walt_disney,@Disney,https://x.com/Disney,primary,1
44,Walt Disney,@Disney,1968314884208382283,Wed Sep 17 14:03:32 +0000 2025,"RT @Pixar: Beaming with excitement 🤩

#Elio is NOW on @DisneyPlus! https://t.co/DxfMkEoRfd",https://x.com/Disney/status/1968314884208382283,0,269,0,0,true,false,,2026-06-14T02:52:19.446113+00:00,incremental browser-based collection of observable public posts,0,/home/runner/work/x_scrapper/x_scrapper/data/raw/fortune_x_2025_ranked/044_walt_disney,@Disney,https://x.com/Disney,primary,1
44,Walt Disney,@Disney,1968314003660197999,Wed Sep 17 14:00:02 +0000 2025,"Beaming with excitement 🤩

#Elio is NOW on @DisneyPlus! https://t.co/DxfMkEoRfd",https://x.com/Disney/status/1968314003660197999,1770,269,1892,86,true,false,,2026-06-14T02:52:19.446113+00:00,incremental browser-based collection of observable public posts,0,/home/runner/work/x_scrapper/x_scrapper/data/raw/fortune_x_2025_ranked/044_walt_disney,@Disney,https://x.com/Disney,primary,1
44,Walt Disney,@Disney,1967429965131235377,Mon Sep 15 03:27:11 +0000 2025,Congratulations to all the 13 Emmy® wins from across The Walt Disney Company. https://t.co/o0uwesgOE9,https://x.com/Disney/status/1967429965131235377,1752,225,1928,29,true,false,,2026-06-14T02:52:19.446113+00:00,incremental browser-based collection of observable public posts,0,/home/runner/work/x_scrapper/x_scrapper/data/raw/fortune_x_2025_ranked/044_walt_disney,@Disney,https://x.com/Disney,primary,1
44,Walt Disney,@Disney,1966535959140286550,Fri Sep 12 16:14:43 +0000 2025,"RT @Pixar: The toys that started it all are back on the big screen! ✨
Join Woody, Buzz, and the gang to watch Toy Story in select theaters…",https://x.com/Disney/status/1966535959140286550,0,279,0,0,false,false,,2026-06-14T02:52:19.446113+00:00,incremental browser-based collection of observable public posts,0,/home/runner/work/x_scrapper/x_scrapper/data/raw/fortune_x_2025_ranked/044_walt_disney,@Disney,https://x.com/Disney,primary,1
44,Walt Disney,@Disney,1966532266542485812,Fri Sep 12 16:00:03 +0000 2025,"The toys that started it all are back on the big screen! ✨
Join Woody, Buzz, and the gang to watch Toy Story in select theaters for a limited time. 🍿 

Get tickets to see it now: https://t.co/vUM4f1lbE9

#ToyStory30 https://t.co/J3ojHn3Tg3",https://x.com/Disney/status/1966532266542485812,432,279,1339,34,true,false,,2026-06-14T02:52:19.446113+00:00,incremental browser-based collection of observable public posts,0,/home/runner/work/x_scrapper/x_scrapper/data/raw/fortune_x_2025_ranked/044_walt_disney,@Disney,https://x.com/Disney,primary,1
44,Walt Disney,@Disney,1965778792636621177,Wed Sep 10 14:06:01 +0000 2025,RT @Pixar: #Elio is coming to @DisneyPlus on September 17! 🌟 https://t.co/oAekx1lJod,https://x.com/Disney/status/1965778792636621177,0,592,0,0,true,false,,2026-06-14T02:52:19.446113+00:00,incremental browser-based collection of observable public posts,0,/home/runner/work/x_scrapper/x_scrapper/data/raw/fortune_x_2025_ranked/044_walt_disney,@Disney,https://x.com/Disney,primary,1
44,Walt Disney,@Disney,1965778537740476730,Wed Sep 10 14:05:00 +0000 2025,#Elio is coming to @DisneyPlus on September 17! 🌟 https://t.co/oAekx1lJod,https://x.com/Disney/status/1965778537740476730,366,592,4056,99,true,false,,2026-06-14T02:52:19.446113+00:00,incremental browser-based collection of observable public posts,0,/home/runner/work/x_scrapper/x_scrapper/data/raw/fortune_x_2025_ranked/044_walt_disney,@Disney,https://x.com/Disney,primary,1
44,Walt Disney,@Disney,1963572757989314879,Thu Sep 04 12:00:01 +0000 2025,"Hooray! The all-new feature length Bluey movie is coming only to cinemas on August 6, 2027! https://t.co/YUsh5b7ecj",https://x.com/Disney/status/1963572757989314879,483,1576,14574,537,true,false,,2026-06-14T02:52:19.446113+00:00,incremental browser-based collection of observable public posts,0,/home/runner/work/x_scrapper/x_scrapper/data/raw/fortune_x_2025_ranked/044_walt_disney,@Disney,https://x.com/Disney,primary,1
44,Walt Disney,@Disney,1963558888336240992,Thu Sep 04 11:04:54 +0000 2025,RT @DisneyStudios: The Hamilton cast and creators attends the premiere of the filmed version of Hamilton at the Delacorte Theater in New Yo…,https://x.com/Disney/status/1963558888336240992,0,106,0,0,false,false,,2026-06-14T02:52:19.446113+00:00,incremental browser-based collection of observable public posts,0,/home/runner/work/x_scrapper/x_scrapper/data/raw/fortune_x_2025_ranked/044_walt_disney,@Disney,https://x.com/Disney,primary,1
44,Walt Disney,@Disney,1963466292595409382,Thu Sep 04 04:56:58 +0000 2025,"The Hamilton cast and creators attends the premiere of the filmed version of Hamilton at the Delacorte Theater in New York City 🤩

#Hamilton arrives in movie theaters September 5! #HamilFilm #Hamilten https://t.co/AtaoHJ7OuA",https://x.com/Disney/status/1963466292595409382,79,106,843,15,true,false,,2026-06-14T02:52:19.446113+00:00,incremental browser-based collection of observable public posts,0,/home/runner/work/x_scrapper/x_scrapper/data/raw/fortune_x_2025_ranked/044_walt_disney,@Disney,https://x.com/Disney,primary,1
44,Walt Disney,@Disney,1963259881617551513,Wed Sep 03 15:16:46 +0000 2025,RT @DisneyStudios: #LiloAndStitch is now available on @DisneyPlus! https://t.co/NxHw4sEtyk,https://x.com/Disney/status/1963259881617551513,0,568,0,0,true,false,,2026-06-14T02:52:19.446113+00:00,incremental browser-based collection of observable public posts,0,/home/runner/work/x_scrapper/x_scrapper/data/raw/fortune_x_2025_ranked/044_walt_disney,@Disney,https://x.com/Disney,primary,1
44,Walt Disney,@Disney,1963256924834566162,Wed Sep 03 15:05:01 +0000 2025,#LiloAndStitch is now available on @DisneyPlus! https://t.co/NxHw4sEtyk,https://x.com/Disney/status/1963256924834566162,106,568,3614,39,true,false,,2026-06-14T02:52:19.446113+00:00,incremental browser-based collection of observable public posts,0,/home/runner/work/x_scrapper/x_scrapper/data/raw/fortune_x_2025_ranked/044_walt_disney,@Disney,https://x.com/Disney,primary,1
44,Walt Disney,@Disney,1962422556842926398,Mon Sep 01 07:49:32 +0000 2025,RT @DisneyD23: What an amazing weekend! 🤩 Here's 23 of the most ✨magical✨ things that happened at #DestinationD23... https://t.co/rbQpOktcA8,https://x.com/Disney/status/1962422556842926398,0,83,0,0,true,false,,2026-06-14T02:52:19.446113+00:00,incremental browser-based collection of observable public posts,0,/home/runner/work/x_scrapper/x_scrapper/data/raw/fortune_x_2025_ranked/044_walt_disney,@Disney,https://x.com/Disney,primary,1
44,Walt Disney,@Disney,1962418181143749015,Mon Sep 01 07:32:09 +0000 2025,What an amazing weekend! 🤩 Here's 23 of the most ✨magical✨ things that happened at #DestinationD23... https://t.co/rbQpOktcA8,https://x.com/Disney/status/1962418181143749015,117,83,392,8,true,false,,2026-06-14T02:52:19.446113+00:00,incremental browser-based collection of observable public posts,0,/home/runner/work/x_scrapper/x_scrapper/data/raw/fortune_x_2025_ranked/044_walt_disney,@Disney,https://x.com/Disney,primary,1
44,Walt Disney,@Disney,1962241894286856423,Sun Aug 31 19:51:38 +0000 2025,RT @DisneyParks: New Episode of “We Call It Imagineering” on Sept. 8 ✨ https://t.co/lkfSbqADQa,https://x.com/Disney/status/1962241894286856423,0,140,0,0,true,false,,2026-06-14T02:52:19.446113+00:00,incremental browser-based collection of observable public posts,0,/home/runner/work/x_scrapper/x_scrapper/data/raw/fortune_x_2025_ranked/044_walt_disney,@Disney,https://x.com/Disney,primary,1
44,Walt Disney,@Disney,1962240510166536659,Sun Aug 31 19:46:08 +0000 2025,RT @DisneyParks: ✨JUST ANNOUNCED✨ Cinderella Castle at @WaltDisneyWorld is getting a new color palette inspired by the classic and original…,https://x.com/Disney/status/1962240510166536659,0,853,0,0,false,false,,2026-06-14T02:52:19.446113+00:00,incremental browser-based collection of observable public posts,0,/home/runner/work/x_scrapper/x_scrapper/data/raw/fortune_x_2025_ranked/044_walt_disney,@Disney,https://x.com/Disney,primary,1
44,Walt Disney,@Disney,1962240290040713403,Sun Aug 31 19:45:16 +0000 2025,New Episode of “We Call It Imagineering” on Sept. 8 ✨ https://t.co/lkfSbqADQa,https://x.com/Disney/status/1962240290040713403,81,140,1204,12,true,false,,2026-06-14T02:52:19.446113+00:00,incremental browser-based collection of observable public posts,0,/home/runner/work/x_scrapper/x_scrapper/data/raw/fortune_x_2025_ranked/044_walt_disney,@Disney,https://x.com/Disney,primary,1
44,Walt Disney,@Disney,1962238519855686029,Sun Aug 31 19:38:14 +0000 2025,✨JUST ANNOUNCED✨ Cinderella Castle at @WaltDisneyWorld is getting a new color palette inspired by the classic and original look of the castle https://t.co/cTAfEIuoho https://t.co/z4Z24iCTBX,https://x.com/Disney/status/1962238519855686029,610,853,7810,396,true,false,,2026-06-14T02:52:19.446113+00:00,incremental browser-based collection of observable public posts,0,/home/runner/work/x_scrapper/x_scrapper/data/raw/fortune_x_2025_ranked/044_walt_disney,@Disney,https://x.com/Disney,primary,1
44,Walt Disney,@Disney,1962236032549875820,Sun Aug 31 19:28:21 +0000 2025,"RT @DisneyParks: 🚨 Just announced at Destination @DisneyD23, World of Frozen will open at @DisneylandParis  in Spring 2026! The recent cons…",https://x.com/Disney/status/1962236032549875820,0,299,0,0,false,false,,2026-06-14T02:52:19.446113+00:00,incremental browser-based collection of observable public posts,0,/home/runner/work/x_scrapper/x_scrapper/data/raw/fortune_x_2025_ranked/044_walt_disney,@Disney,https://x.com/Disney,primary,1
44,Walt Disney,@Disney,1962232163144773654,Sun Aug 31 19:12:58 +0000 2025,"🚨 Just announced at Destination @DisneyD23, World of Frozen will open at @DisneylandParis  in Spring 2026! The recent construction of Elsa’s Ice Palace brings another milestone in the development of this new themed area. 🏔️🏰 https://t.co/DxuHXx8aHr",https://x.com/Disney/status/1962232163144773654,40,299,1679,71,true,false,,2026-06-14T02:52:19.446113+00:00,incremental browser-based collection of observable public posts,0,/home/runner/work/x_scrapper/x_scrapper/data/raw/fortune_x_2025_ranked/044_walt_disney,@Disney,https://x.com/Disney,primary,1
44,Walt Disney,@Disney,1962163241246966147,Sun Aug 31 14:39:06 +0000 2025,RT @DisneyParks: It's what we live for: collectibles like these 🫧  A new collectible Ursula doll by Mattel arrives September 8 🖤💜 https://t…,https://x.com/Disney/status/1962163241246966147,0,85,0,0,false,false,,2026-06-14T02:52:19.446113+00:00,incremental browser-based collection of observable public posts,0,/home/runner/work/x_scrapper/x_scrapper/data/raw/fortune_x_2025_ranked/044_walt_disney,@Disney,https://x.com/Disney,primary,1
44,Walt Disney,@Disney,1962163231415570753,Sun Aug 31 14:39:04 +0000 2025,RT @DisneyParks: The villains want in on the Hong Kong Disneyland Resort 20th Anniversary! Get ready for “Uninvited! A Villains Takeover Pa…,https://x.com/Disney/status/1962163231415570753,0,239,0,0,false,false,,2026-06-14T02:52:19.446113+00:00,incremental browser-based collection of observable public posts,0,/home/runner/work/x_scrapper/x_scrapper/data/raw/fortune_x_2025_ranked/044_walt_disney,@Disney,https://x.com/Disney,primary,1
44,Walt Disney,@Disney,1962163220845916527,Sun Aug 31 14:39:01 +0000 2025,"RT @DisneyParks: Looking into the future, we see Dr. Facilier onboard @DisneyCruise Disney Destiny ☠️ https://t.co/XTs6wRwmFw",https://x.com/Disney/status/1962163220845916527,0,224,0,0,true,false,,2026-06-14T02:52:19.446113+00:00,incremental browser-based collection of observable public posts,0,/home/runner/work/x_scrapper/x_scrapper/data/raw/fortune_x_2025_ranked/044_walt_disney,@Disney,https://x.com/Disney,primary,1
44,Walt Disney,@Disney,1962148384476721580,Sun Aug 31 13:40:04 +0000 2025,It's what we live for: collectibles like these 🫧  A new collectible Ursula doll by Mattel arrives September 8 🖤💜 https://t.co/SRywQNZi09 https://t.co/klsHXGgzWN,https://x.com/Disney/status/1962148384476721580,25,85,588,8,true,false,,2026-06-14T02:52:19.446113+00:00,incremental browser-based collection of observable public posts,0,/home/runner/work/x_scrapper/x_scrapper/data/raw/fortune_x_2025_ranked/044_walt_disney,@Disney,https://x.com/Disney,primary,1
44,Walt Disney,@Disney,1962146860958654837,Sun Aug 31 13:34:01 +0000 2025,The villains want in on the Hong Kong Disneyland Resort 20th Anniversary! Get ready for “Uninvited! A Villains Takeover Party” 💚💜 https://t.co/RlhKzzJeXD,https://x.com/Disney/status/1962146860958654837,26,239,1144,38,true,false,,2026-06-14T02:52:19.446113+00:00,incremental browser-based collection of observable public posts,0,/home/runner/work/x_scrapper/x_scrapper/data/raw/fortune_x_2025_ranked/044_walt_disney,@Disney,https://x.com/Disney,primary,1
44,Walt Disney,@Disney,1962146513221566606,Sun Aug 31 13:32:38 +0000 2025,"Looking into the future, we see Dr. Facilier onboard @DisneyCruise Disney Destiny ☠️ https://t.co/XTs6wRwmFw",https://x.com/Disney/status/1962146513221566606,27,224,1166,43,true,false,,2026-06-14T02:52:19.446113+00:00,incremental browser-based collection of observable public posts,0,/home/runner/work/x_scrapper/x_scrapper/data/raw/fortune_x_2025_ranked/044_walt_disney,@Disney,https://x.com/Disney,primary,1
44,Walt Disney,@Disney,1962142655531675777,Sun Aug 31 13:17:18 +0000 2025,RT @DisneyParks: Who better to consult on Villains coming to Magic Kingdom than @DisneyAnimation animator Andreas Deja ✍️🔮 https://t.co/6Aw…,https://x.com/Disney/status/1962142655531675777,0,89,0,0,true,false,,2026-06-14T02:52:19.446113+00:00,incremental browser-based collection of observable public posts,0,/home/runner/work/x_scrapper/x_scrapper/data/raw/fortune_x_2025_ranked/044_walt_disney,@Disney,https://x.com/Disney,primary,1
44,Walt Disney,@Disney,1962140820976312523,Sun Aug 31 13:10:01 +0000 2025,Who better to consult on Villains coming to Magic Kingdom than @DisneyAnimation animator Andreas Deja ✍️🔮 https://t.co/6AwfbzQbuu,https://x.com/Disney/status/1962140820976312523,75,89,565,7,true,false,,2026-06-14T02:52:19.446113+00:00,incremental browser-based collection of observable public posts,0,/home/runner/work/x_scrapper/x_scrapper/data/raw/fortune_x_2025_ranked/044_walt_disney,@Disney,https://x.com/Disney,primary,1
44,Walt Disney,@Disney,1962062151046045852,Sun Aug 31 07:57:24 +0000 2025,"RT @DisneyD23: Start planning your trip to the movie theater... 👀
 
Fans saw exciting sneak peeks from Walt Disney Studios, Pixar Studios,…",https://x.com/Disney/status/1962062151046045852,0,168,0,0,false,false,,2026-06-14T02:52:19.446113+00:00,incremental browser-based collection of observable public posts,0,/home/runner/work/x_scrapper/x_scrapper/data/raw/fortune_x_2025_ranked/044_walt_disney,@Disney,https://x.com/Disney,primary,1
44,Walt Disney,@Disney,1962059253084049762,Sun Aug 31 07:45:53 +0000 2025,"Start planning your trip to the movie theater... 👀
 
Fans saw exciting sneak peeks from Walt Disney Studios, Pixar Studios, Walt Disney Animation Studios, Lucasfilm, Marvel Studios, and 20st Century Studios... and more fun to come from #DestinationD23! https://t.co/s398Ww9GF4",https://x.com/Disney/status/1962059253084049762,34,168,819,10,true,false,,2026-06-14T02:52:19.446113+00:00,incremental browser-based collection of observable public posts,0,/home/runner/work/x_scrapper/x_scrapper/data/raw/fortune_x_2025_ranked/044_walt_disney,@Disney,https://x.com/Disney,primary,1
44,Walt Disney,@Disney,1961936596636172519,Sat Aug 30 23:38:30 +0000 2025,"RT @DisneyParks: Voyaging our way to Hong Kong Disneyland Resort for a first look at the new Moana-inspired restaurant, opening on Sept. 12…",https://x.com/Disney/status/1961936596636172519,0,151,0,0,false,false,,2026-06-14T02:52:19.446113+00:00,incremental browser-based collection of observable public posts,0,/home/runner/work/x_scrapper/x_scrapper/data/raw/fortune_x_2025_ranked/044_walt_disney,@Disney,https://x.com/Disney,primary,1
44,Walt Disney,@Disney,1961936587027009709,Sat Aug 30 23:38:28 +0000 2025,RT @DisneyParks: Serving up a first look at new novelty items coming soon to Disney Experiences 😋👀 https://t.co/izYMHCuedo https://t.co/fT8…,https://x.com/Disney/status/1961936587027009709,0,39,0,0,false,false,,2026-06-14T02:52:19.446113+00:00,incremental browser-based collection of observable public posts,0,/home/runner/work/x_scrapper/x_scrapper/data/raw/fortune_x_2025_ranked/044_walt_disney,@Disney,https://x.com/Disney,primary,1
44,Walt Disney,@Disney,1961892522428408069,Sat Aug 30 20:43:22 +0000 2025,"Voyaging our way to Hong Kong Disneyland Resort for a first look at the new Moana-inspired restaurant, opening on Sept. 12 🌊 https://t.co/d5K8DtN8oO",https://x.com/Disney/status/1961892522428408069,52,151,987,37,true,false,,2026-06-14T02:52:19.446113+00:00,incremental browser-based collection of observable public posts,0,/home/runner/work/x_scrapper/x_scrapper/data/raw/fortune_x_2025_ranked/044_walt_disney,@Disney,https://x.com/Disney,primary,1
44,Walt Disney,@Disney,1961890917389844586,Sat Aug 30 20:36:59 +0000 2025,Serving up a first look at new novelty items coming soon to Disney Experiences 😋👀 https://t.co/izYMHCuedo https://t.co/fT8EPrsRwl,https://x.com/Disney/status/1961890917389844586,15,39,375,2,true,false,,2026-06-14T02:52:19.446113+00:00,incremental browser-based collection of observable public posts,0,/home/runner/work/x_scrapper/x_scrapper/data/raw/fortune_x_2025_ranked/044_walt_disney,@Disney,https://x.com/Disney,primary,1
44,Walt Disney,@Disney,1961877999164252325,Sat Aug 30 19:45:39 +0000 2025,"RT @DisneyParks: A great big, beautiful tomorrow awaits the Carousel of Progress 🌎👀 A look at updates coming to the attraction @WaltDisneyW…",https://x.com/Disney/status/1961877999164252325,0,284,0,0,false,false,,2026-06-14T02:52:19.446113+00:00,incremental browser-based collection of observable public posts,0,/home/runner/work/x_scrapper/x_scrapper/data/raw/fortune_x_2025_ranked/044_walt_disney,@Disney,https://x.com/Disney,primary,1
44,Walt Disney,@Disney,1961877987961327868,Sat Aug 30 19:45:36 +0000 2025,RT @DisneyParks: Disney Handcrafted will showcase handpicked rarely seen footage from the excitement around the construction of Disneyland…,https://x.com/Disney/status/1961877987961327868,0,101,0,0,false,false,,2026-06-14T02:52:19.446113+00:00,incremental browser-based collection of observable public posts,0,/home/runner/work/x_scrapper/x_scrapper/data/raw/fortune_x_2025_ranked/044_walt_disney,@Disney,https://x.com/Disney,primary,1
44,Walt Disney,@Disney,1961876067397906434,Sat Aug 30 19:37:59 +0000 2025,"A great big, beautiful tomorrow awaits the Carousel of Progress 🌎👀 A look at updates coming to the attraction @WaltDisneyWorld 🏰 https://t.co/lrIJ4NzLJr https://t.co/YD8qn0qIaQ",https://x.com/Disney/status/1961876067397906434,77,284,1880,98,true,false,,2026-06-14T02:52:19.446113+00:00,incremental browser-based collection of observable public posts,0,/home/runner/work/x_scrapper/x_scrapper/data/raw/fortune_x_2025_ranked/044_walt_disney,@Disney,https://x.com/Disney,primary,1
44,Walt Disney,@Disney,1961874232096301081,Sat Aug 30 19:30:41 +0000 2025,"From dirt to opening day, Leslie Iwerks’ brand-new documentary debuts this winter on @DisneyPlus and Disney YouTube 🏰✨ https://t.co/HH4Djq2V38",https://x.com/Disney/status/1961874232096301081,53,142,830,24,true,false,,2026-06-14T02:52:19.446113+00:00,incremental browser-based collection of observable public posts,0,/home/runner/work/x_scrapper/x_scrapper/data/raw/fortune_x_2025_ranked/044_walt_disney,@Disney,https://x.com/Disney,primary,1
44,Walt Disney,@Disney,1961873931507302911,Sat Aug 30 19:29:29 +0000 2025,Disney Handcrafted will showcase handpicked rarely seen footage from the excitement around the construction of Disneyland more than 70 years ago 🏰✨ https://t.co/k0K7cXog7g https://t.co/9lN0flJn53,https://x.com/Disney/status/1961873931507302911,11,101,691,15,true,false,,2026-06-14T02:52:19.446113+00:00,incremental browser-based collection of observable public posts,0,/home/runner/work/x_scrapper/x_scrapper/data/raw/fortune_x_2025_ranked/044_walt_disney,@Disney,https://x.com/Disney,primary,1
44,Walt Disney,@Disney,1961864127992779190,Sat Aug 30 18:50:32 +0000 2025,"RT @OnTheRedCarpet: We asked the voice of Ariel herself, @thejodibenson, which princess story she'd love to cross into, and her answer was…",https://x.com/Disney/status/1961864127992779190,0,40,0,0,false,false,,2026-06-14T02:52:19.446113+00:00,incremental browser-based collection of observable public posts,0,/home/runner/work/x_scrapper/x_scrapper/data/raw/fortune_x_2025_ranked/044_walt_disney,@Disney,https://x.com/Disney,primary,1
44,Walt Disney,@Disney,1961864080618102824,Sat Aug 30 18:50:21 +0000 2025,"RT @DisneyD23: The Ultimate Disney Fan Event returns to Anaheim, CA in August 2026! #D23 https://t.co/UjSWiRKIEQ",https://x.com/Disney/status/1961864080618102824,0,445,0,0,false,false,,2026-06-14T02:52:19.446113+00:00,incremental browser-based collection of observable public posts,0,/home/runner/work/x_scrapper/x_scrapper/data/raw/fortune_x_2025_ranked/044_walt_disney,@Disney,https://x.com/Disney,primary,1
44,Walt Disney,@Disney,1961864039413199184,Sat Aug 30 18:50:11 +0000 2025,RT @DisneyAnimation: Just announced at Destination @DisneyD23: Patrick Warburton as Mayor Winddancer and Yvette Nicole Brown as EMT Otter a…,https://x.com/Disney/status/1961864039413199184,0,703,0,0,false,false,,2026-06-14T02:52:19.446113+00:00,incremental browser-based collection of observable public posts,0,/home/runner/work/x_scrapper/x_scrapper/data/raw/fortune_x_2025_ranked/044_walt_disney,@Disney,https://x.com/Disney,primary,1
44,Walt Disney,@Disney,1961844197364728198,Sat Aug 30 17:31:20 +0000 2025,"We asked the voice of Ariel herself, @thejodibenson, which princess story she'd love to cross into, and her answer was absolutely enchanting!

With a dress fit for a ball and the clock striking just in time, this moment was a fairy tale come to life. 

@Disney #WorldPrincessWeek https://t.co/gv1KVDuDa1",https://x.com/Disney/status/1961844197364728198,2,40,152,3,true,false,,2026-06-14T02:52:19.446113+00:00,incremental browser-based collection of observable public posts,0,/home/runner/work/x_scrapper/x_scrapper/data/raw/fortune_x_2025_ranked/044_walt_disney,@Disney,https://x.com/Disney,primary,1
44,Walt Disney,@Disney,1961812048506958272,Sat Aug 30 15:23:35 +0000 2025,"The Ultimate Disney Fan Event returns to Anaheim, CA in August 2026! #D23 https://t.co/UjSWiRKIEQ",https://x.com/Disney/status/1961812048506958272,91,445,2123,62,true,false,,2026-06-14T02:52:19.446113+00:00,incremental browser-based collection of observable public posts,0,/home/runner/work/x_scrapper/x_scrapper/data/raw/fortune_x_2025_ranked/044_walt_disney,@Disney,https://x.com/Disney,primary,1
44,Walt Disney,@Disney,1961799505298460871,Sat Aug 30 14:33:45 +0000 2025,"Just announced at Destination @DisneyD23: Patrick Warburton as Mayor Winddancer and Yvette Nicole Brown as EMT Otter and Bearoness Bear in #Zootopia2, in theaters November 26. #DestinationD23 https://t.co/oa79kOlgKR",https://x.com/Disney/status/1961799505298460871,61,703,3285,98,true,false,,2026-06-14T02:52:19.446113+00:00,incremental browser-based collection of observable public posts,0,/home/runner/work/x_scrapper/x_scrapper/data/raw/fortune_x_2025_ranked/044_walt_disney,@Disney,https://x.com/Disney,primary,1
44,Walt Disney,@Disney,1961796845874593983,Sat Aug 30 14:23:11 +0000 2025,"RT @DisneyStudios: Here's your first look at #DiaryOfAWimpyKid: The Last Straw, coming to @DisneyPlus December 5! #DestinationD23 https://t…",https://x.com/Disney/status/1961796845874593983,0,248,0,0,false,false,,2026-06-14T02:52:19.446113+00:00,incremental browser-based collection of observable public posts,0,/home/runner/work/x_scrapper/x_scrapper/data/raw/fortune_x_2025_ranked/044_walt_disney,@Disney,https://x.com/Disney,primary,1
44,Walt Disney,@Disney,1961796041076040173,Sat Aug 30 14:19:59 +0000 2025,"Here's your first look at #DiaryOfAWimpyKid: The Last Straw, coming to @DisneyPlus December 5! #DestinationD23 https://t.co/MIlk9OSuEU",https://x.com/Disney/status/1961796041076040173,45,248,1579,66,true,false,,2026-06-14T02:52:19.446113+00:00,incremental browser-based collection of observable public posts,0,/home/runner/work/x_scrapper/x_scrapper/data/raw/fortune_x_2025_ranked/044_walt_disney,@Disney,https://x.com/Disney,primary,1
44,Walt Disney,@Disney,1961795417189884354,Sat Aug 30 14:17:30 +0000 2025,"RT @DisneyStudios: Ice Age: Boiling Point was just announced at Destination @DisneyD23! Coming to theaters on February 5, 2027, the newest…",https://x.com/Disney/status/1961795417189884354,0,1203,0,0,false,false,,2026-06-14T02:52:19.446113+00:00,incremental browser-based collection of observable public posts,0,/home/runner/work/x_scrapper/x_scrapper/data/raw/fortune_x_2025_ranked/044_walt_disney,@Disney,https://x.com/Disney,primary,1
44,Walt Disney,@Disney,1961794775084138907,Sat Aug 30 14:14:57 +0000 2025,"Ice Age: Boiling Point was just announced at Destination @DisneyD23! Coming to theaters on February 5, 2027, the newest adventure takes the herd to visit never-before-seen corners of the treacherous Lost World! #DestinationD23 https://t.co/ZfyeUa5if9",https://x.com/Disney/status/1961794775084138907,140,1203,5381,229,true,false,,2026-06-14T02:52:19.446113+00:00,incremental browser-based collection of observable public posts,0,/home/runner/work/x_scrapper/x_scrapper/data/raw/fortune_x_2025_ranked/044_walt_disney,@Disney,https://x.com/Disney,primary,1
44,Walt Disney,@Disney,1961789517964144781,Sat Aug 30 13:54:04 +0000 2025,"RT @DisneyParks: Worlds are colliding.

A red overlay and music from Nine Inch Nails are on the way to Walt Disney World and Shanghai Disne…",https://x.com/Disney/status/1961789517964144781,0,282,0,0,false,false,,2026-06-14T02:52:19.446113+00:00,incremental browser-based collection of observable public posts,0,/home/runner/work/x_scrapper/x_scrapper/data/raw/fortune_x_2025_ranked/044_walt_disney,@Disney,https://x.com/Disney,primary,1
44,Walt Disney,@Disney,1961789404688585055,Sat Aug 30 13:53:37 +0000 2025,RT @Pixar: Just announced at Destination @DisneyD23: Buzz Lightyear will once again fly to infinity and beyond during this year’s @Macys Th…,https://x.com/Disney/status/1961789404688585055,0,445,0,0,false,false,,2026-06-14T02:52:19.446113+00:00,incremental browser-based collection of observable public posts,0,/home/runner/work/x_scrapper/x_scrapper/data/raw/fortune_x_2025_ranked/044_walt_disney,@Disney,https://x.com/Disney,primary,1
44,Walt Disney,@Disney,1961788524522262852,Sat Aug 30 13:50:07 +0000 2025,"Worlds are colliding.

A red overlay and music from Nine Inch Nails are on the way to Walt Disney World and Shanghai Disney Resort to celebrate Tron: Ares coming to theaters October 10. 🎶 https://t.co/PRnCWSKK0w https://t.co/NXQEYHjkOz",https://x.com/Disney/status/1961788524522262852,41,282,1938,66,true,false,,2026-06-14T02:52:19.446113+00:00,incremental browser-based collection of observable public posts,0,/home/runner/work/x_scrapper/x_scrapper/data/raw/fortune_x_2025_ranked/044_walt_disney,@Disney,https://x.com/Disney,primary,1
44,Walt Disney,@Disney,1961782558699765853,Sat Aug 30 13:26:24 +0000 2025,Just announced at Destination @DisneyD23: Buzz Lightyear will once again fly to infinity and beyond during this year’s @Macys Thanksgiving Day Parade. #ToyStory30 #DestinationD23 https://t.co/au7S4yVYlZ,https://x.com/Disney/status/1961782558699765853,56,445,3168,24,true,false,,2026-06-14T02:52:19.446113+00:00,incremental browser-based collection of observable public posts,0,/home/runner/work/x_scrapper/x_scrapper/data/raw/fortune_x_2025_ranked/044_walt_disney,@Disney,https://x.com/Disney,primary,1
44,Walt Disney,@Disney,1960718960808051012,Wed Aug 27 15:00:03 +0000 2025,"The real-life fairytales 👑💫 Disney grants a wish every hour of every day with Make-A-Wish for kids facing critical illnesses, this #WorldPrincessWeek and all year long. #DisneyWishes #ThisIsDisney https://t.co/w47qvFMegs",https://x.com/Disney/status/1960718960808051012,138,66,369,4,true,false,,2026-06-14T02:52:19.446113+00:00,incremental browser-based collection of observable public posts,0,/home/runner/work/x_scrapper/x_scrapper/data/raw/fortune_x_2025_ranked/044_walt_disney,@Disney,https://x.com/Disney,primary,1
44,Walt Disney,@Disney,1958606455487308247,Thu Aug 21 19:05:42 +0000 2025,RT @DisneyParks: Ready to rock with @TheMuppets at Disney's Hollywood Studios🎸 https://t.co/KNKv6YGVFM,https://x.com/Disney/status/1958606455487308247,0,341,0,0,false,false,,2026-06-14T02:52:19.446113+00:00,incremental browser-based collection of observable public posts,0,/home/runner/work/x_scrapper/x_scrapper/data/raw/fortune_x_2025_ranked/044_walt_disney,@Disney,https://x.com/Disney,primary,1
44,Walt Disney,@Disney,1958606442598211997,Thu Aug 21 19:05:39 +0000 2025,"RT @DisneyParks: Howdy, folks 👋 First look at Big Thunder Mountain updates coming to @WaltDisneyWorld in 2026  👀 https://t.co/8Q7yOo5xPh",https://x.com/Disney/status/1958606442598211997,0,177,0,0,false,false,,2026-06-14T02:52:19.446113+00:00,incremental browser-based collection of observable public posts,0,/home/runner/work/x_scrapper/x_scrapper/data/raw/fortune_x_2025_ranked/044_walt_disney,@Disney,https://x.com/Disney,primary,1
44,Walt Disney,@Disney,1958606401418199223,Thu Aug 21 19:05:29 +0000 2025,RT @DisneyParks: Introducing Heidi Howler 👋 This all-new character will make her debut at Zootopia: Better Zoogether! ✨ https://t.co/rWxCDJ…,https://x.com/Disney/status/1958606401418199223,0,259,0,0,false,false,,2026-06-14T02:52:19.446113+00:00,incremental browser-based collection of observable public posts,0,/home/runner/work/x_scrapper/x_scrapper/data/raw/fortune_x_2025_ranked/044_walt_disney,@Disney,https://x.com/Disney,primary,1
44,Walt Disney,@Disney,1958606204093308935,Thu Aug 21 19:04:42 +0000 2025,RT @DisneyParks: Zootopia: Better Zoogether! makes its debut November 7 at Disney's Animal Kingdom 🐰🦊 https://t.co/tRRuPPW07K,https://x.com/Disney/status/1958606204093308935,0,540,0,0,false,false,,2026-06-14T02:52:19.446113+00:00,incremental browser-based collection of observable public posts,0,/home/runner/work/x_scrapper/x_scrapper/data/raw/fortune_x_2025_ranked/044_walt_disney,@Disney,https://x.com/Disney,primary,1
44,Walt Disney,@Disney,1958600865402466738,Thu Aug 21 18:43:30 +0000 2025,Ready to rock with @TheMuppets at Disney's Hollywood Studios🎸 https://t.co/KNKv6YGVFM,https://x.com/Disney/status/1958600865402466738,327,341,3130,131,true,false,,2026-06-14T02:52:19.446113+00:00,incremental browser-based collection of observable public posts,0,/home/runner/work/x_scrapper/x_scrapper/data/raw/fortune_x_2025_ranked/044_walt_disney,@Disney,https://x.com/Disney,primary,1
44,Walt Disney,@Disney,1958599107586523527,Thu Aug 21 18:36:30 +0000 2025,"Howdy, folks 👋 First look at Big Thunder Mountain updates coming to @WaltDisneyWorld in 2026  👀 https://t.co/8Q7yOo5xPh",https://x.com/Disney/status/1958599107586523527,188,177,1575,29,true,false,,2026-06-14T02:52:19.446113+00:00,incremental browser-based collection of observable public posts,0,/home/runner/work/x_scrapper/x_scrapper/data/raw/fortune_x_2025_ranked/044_walt_disney,@Disney,https://x.com/Disney,primary,1
44,Walt Disney,@Disney,1958598228099653633,Thu Aug 21 18:33:01 +0000 2025,Introducing Heidi Howler 👋 This all-new character will make her debut at Zootopia: Better Zoogether! ✨ https://t.co/rWxCDJvW92,https://x.com/Disney/status/1958598228099653633,107,259,1681,52,true,false,,2026-06-14T02:52:19.446113+00:00,incremental browser-based collection of observable public posts,0,/home/runner/work/x_scrapper/x_scrapper/data/raw/fortune_x_2025_ranked/044_walt_disney,@Disney,https://x.com/Disney,primary,1
44,Walt Disney,@Disney,1958596596360200609,Thu Aug 21 18:26:32 +0000 2025,Zootopia: Better Zoogether! makes its debut November 7 at Disney's Animal Kingdom 🐰🦊 https://t.co/tRRuPPW07K,https://x.com/Disney/status/1958596596360200609,39,540,2468,135,true,false,,2026-06-14T02:52:19.446113+00:00,incremental browser-based collection of observable public posts,0,/home/runner/work/x_scrapper/x_scrapper/data/raw/fortune_x_2025_ranked/044_walt_disney,@Disney,https://x.com/Disney,primary,1
44,Walt Disney,@Disney,1958548586163060935,Thu Aug 21 15:15:45 +0000 2025,"RT @DisneyPlus: Three all-stars. One incredible offer. For the first time, you can get all of ESPN, Disney+, and Hulu together. https://t.c…",https://x.com/Disney/status/1958548586163060935,0,69,0,0,false,false,,2026-06-14T02:52:19.446113+00:00,incremental browser-based collection of observable public posts,0,/home/runner/work/x_scrapper/x_scrapper/data/raw/fortune_x_2025_ranked/044_walt_disney,@Disney,https://x.com/Disney,primary,1
44,Walt Disney,@Disney,1958544627193225677,Thu Aug 21 15:00:01 +0000 2025,"Three all-stars. One incredible offer. For the first time, you can get all of ESPN, Disney+, and Hulu together. https://t.co/6Y78dnhoRQ",https://x.com/Disney/status/1958544627193225677,52,69,394,3,true,false,,2026-06-14T02:52:19.446113+00:00,incremental browser-based collection of observable public posts,0,/home/runner/work/x_scrapper/x_scrapper/data/raw/fortune_x_2025_ranked/044_walt_disney,@Disney,https://x.com/Disney,primary,1
44,Walt Disney,@Disney,1955291707190456645,Tue Aug 12 15:34:05 +0000 2025,"RT @Pixar: Be the first to watch #Elio at home! 💫🛸 
Buy it on Digital August 19 &amp; Blu-ray™️ September 9.

Pre-Order now on Digital: https:/…",https://x.com/Disney/status/1955291707190456645,0,195,0,0,true,false,,2026-06-14T02:52:19.446113+00:00,incremental browser-based collection of observable public posts,0,/home/runner/work/x_scrapper/x_scrapper/data/raw/fortune_x_2025_ranked/044_walt_disney,@Disney,https://x.com/Disney,primary,1
44,Walt Disney,@Disney,1955268036526485721,Tue Aug 12 14:00:01 +0000 2025,"Be the first to watch #Elio at home! 💫🛸 
Buy it on Digital August 19 &amp; Blu-ray™️ September 9.

Pre-Order now on Digital: https://t.co/5MvTFV6Ooq https://t.co/FTN21YDquh",https://x.com/Disney/status/1955268036526485721,287,195,1421,24,true,false,,2026-06-14T02:52:19.446113+00:00,incremental browser-based collection of observable public posts,0,/home/runner/work/x_scrapper/x_scrapper/data/raw/fortune_x_2025_ranked/044_walt_disney,@Disney,https://x.com/Disney,primary,1
44,Walt Disney,@Disney,1954643198648971588,Sun Aug 10 20:37:08 +0000 2025,RT @DisneyStudios: Freakier Friday is the #1 Comedy in America! Experience the FREAKquel now playing in theaters. Get tickets now: https://…,https://x.com/Disney/status/1954643198648971588,0,107,0,0,true,false,,2026-06-14T02:52:19.446113+00:00,incremental browser-based collection of observable public posts,0,/home/runner/work/x_scrapper/x_scrapper/data/raw/fortune_x_2025_ranked/044_walt_disney,@Disney,https://x.com/Disney,primary,1
44,Walt Disney,@Disney,1954603654180147293,Sun Aug 10 18:00:00 +0000 2025,Freakier Friday is the #1 Comedy in America! Experience the FREAKquel now playing in theaters. Get tickets now: https://t.co/0ZSjb6sX7b https://t.co/2QTEeeMLvV,https://x.com/Disney/status/1954603654180147293,208,107,518,18,true,false,,2026-06-14T02:52:19.446113+00:00,incremental browser-based collection of observable public posts,0,/home/runner/work/x_scrapper/x_scrapper/data/raw/fortune_x_2025_ranked/044_walt_disney,@Disney,https://x.com/Disney,primary,1
44,Walt Disney,@Disney,1953966524927992114,Fri Aug 08 23:48:17 +0000 2025,Bring the girls and make it a Freakier Friday night out! Get your tickets now and see it only in theaters! https://t.co/caOa8KQccI https://t.co/3P2CqILppW,https://x.com/Disney/status/1953966524927992114,59,71,397,11,true,false,,2026-06-14T02:52:19.446113+00:00,incremental browser-based collection of observable public posts,0,/home/runner/work/x_scrapper/x_scrapper/data/raw/fortune_x_2025_ranked/044_walt_disney,@Disney,https://x.com/Disney,primary,1
44,Walt Disney,@Disney,1953935801404076050,Fri Aug 08 21:46:12 +0000 2025,"RT @DisneyStudios: Freakier Friday is a ""family-friendly fun""! This Friday, experience the FREAKquel only in theaters. Get tickets now: htt…",https://x.com/Disney/status/1953935801404076050,0,70,0,0,true,false,,2026-06-14T02:52:19.446113+00:00,incremental browser-based collection of observable public posts,0,/home/runner/work/x_scrapper/x_scrapper/data/raw/fortune_x_2025_ranked/044_walt_disney,@Disney,https://x.com/Disney,primary,1
44,Walt Disney,@Disney,1953935696827494600,Fri Aug 08 21:45:47 +0000 2025,"RT @DisneyStudios: Funny, freaky, and FRIDAY! Get tickets and experience Freakier Friday in theaters now: https://t.co/0ZSjb6sX7b https://t…",https://x.com/Disney/status/1953935696827494600,0,85,0,0,true,false,,2026-06-14T02:52:19.446113+00:00,incremental browser-based collection of observable public posts,0,/home/runner/work/x_scrapper/x_scrapper/data/raw/fortune_x_2025_ranked/044_walt_disney,@Disney,https://x.com/Disney,primary,1
44,Walt Disney,@Disney,1953935612899373081,Fri Aug 08 21:45:27 +0000 2025,RT @DisneyStudios: A lot of love for the FREAKquel of the summer! Get tickets and see Freakier Friday now playing in theaters: https://t.co…,https://x.com/Disney/status/1953935612899373081,0,178,0,0,false,false,,2026-06-14T02:52:19.446113+00:00,incremental browser-based collection of observable public posts,0,/home/runner/work/x_scrapper/x_scrapper/data/raw/fortune_x_2025_ranked/044_walt_disney,@Disney,https://x.com/Disney,primary,1
44,Walt Disney,@Disney,1953905590855774433,Fri Aug 08 19:46:09 +0000 2025,A lot of love for the FREAKquel of the summer! Get tickets and see Freakier Friday now playing in theaters: https://t.co/0ZSjb6tuWJ https://t.co/MSMsfEoijQ,https://x.com/Disney/status/1953905590855774433,14,178,1147,7,true,false,,2026-06-14T02:52:19.446113+00:00,incremental browser-based collection of observable public posts,0,/home/runner/work/x_scrapper/x_scrapper/data/raw/fortune_x_2025_ranked/044_walt_disney,@Disney,https://x.com/Disney,primary,1
44,Walt Disney,@Disney,1953576895951315405,Thu Aug 07 22:00:02 +0000 2025,"Funny, freaky, and FRIDAY! Get tickets and experience Freakier Friday in theaters now: https://t.co/0ZSjb6sX7b https://t.co/915hNdmScM",https://x.com/Disney/status/1953576895951315405,18,85,422,5,true,false,,2026-06-14T02:52:19.446113+00:00,incremental browser-based collection of observable public posts,0,/home/runner/work/x_scrapper/x_scrapper/data/raw/fortune_x_2025_ranked/044_walt_disney,@Disney,https://x.com/Disney,primary,1
44,Walt Disney,@Disney,1953205686638428187,Wed Aug 06 21:24:59 +0000 2025,"Freakier Friday is a ""family-friendly fun""! This Friday, experience the FREAKquel only in theaters. Get tickets now: https://t.co/0ZSjb6tuWJ https://t.co/OqNyTdafAd",https://x.com/Disney/status/1953205686638428187,18,70,392,4,true,false,,2026-06-14T02:52:19.446113+00:00,incremental browser-based collection of observable public posts,0,/home/runner/work/x_scrapper/x_scrapper/data/raw/fortune_x_2025_ranked/044_walt_disney,@Disney,https://x.com/Disney,primary,1
44,Walt Disney,@Disney,1953127401178685586,Wed Aug 06 16:13:54 +0000 2025,RT @DisneyStudios: #Hamilton is coming to movie theaters everywhere for the first time! ⭐️ Celebrate the 10 year anniversary and see it on…,https://x.com/Disney/status/1953127401178685586,0,621,0,0,false,false,,2026-06-14T02:52:19.446113+00:00,incremental browser-based collection of observable public posts,0,/home/runner/work/x_scrapper/x_scrapper/data/raw/fortune_x_2025_ranked/044_walt_disney,@Disney,https://x.com/Disney,primary,1
44,Walt Disney,@Disney,1953123905318862993,Wed Aug 06 16:00:00 +0000 2025,#Hamilton is coming to movie theaters everywhere for the first time! ⭐️ Celebrate the 10 year anniversary and see it on the big screen September 5—tickets on sale now. #HamilFilm #Hamilten https://t.co/CCVG5YtdIA,https://x.com/Disney/status/1953123905318862993,136,621,2817,330,true,false,,2026-06-14T02:52:19.446113+00:00,incremental browser-based collection of observable public posts,0,/home/runner/work/x_scrapper/x_scrapper/data/raw/fortune_x_2025_ranked/044_walt_disney,@Disney,https://x.com/Disney,primary,1
44,Walt Disney,@Disney,1952943305802825791,Wed Aug 06 04:02:22 +0000 2025,"RT @DisneyStudios: On September 5, experience #Hamilton for the first time on the big screen! Tickets on sale tomorrow. #HamilFilm https://…",https://x.com/Disney/status/1952943305802825791,0,504,0,0,true,false,,2026-06-14T02:52:19.446113+00:00,incremental browser-based collection of observable public posts,0,/home/runner/work/x_scrapper/x_scrapper/data/raw/fortune_x_2025_ranked/044_walt_disney,@Disney,https://x.com/Disney,primary,1
44,Walt Disney,@Disney,1952942921160028338,Wed Aug 06 04:00:50 +0000 2025,"On September 5, experience #Hamilton for the first time on the big screen! Tickets on sale tomorrow. #HamilFilm https://t.co/ZsfXAOsfrj",https://x.com/Disney/status/1952942921160028338,81,504,3666,266,true,false,,2026-06-14T02:52:19.446113+00:00,incremental browser-based collection of observable public posts,0,/home/runner/work/x_scrapper/x_scrapper/data/raw/fortune_x_2025_ranked/044_walt_disney,@Disney,https://x.com/Disney,primary,1
44,Walt Disney,@Disney,1950541394885640235,Wed Jul 30 12:58:02 +0000 2025,RT @DisneyAnimation: It's about to get wild! #Zootopia2 is coming to theaters November 26! https://t.co/XgGvBPUzh5,https://x.com/Disney/status/1950541394885640235,0,3718,0,0,true,false,,2026-06-14T02:52:19.446113+00:00,incremental browser-based collection of observable public posts,0,/home/runner/work/x_scrapper/x_scrapper/data/raw/fortune_x_2025_ranked/044_walt_disney,@Disney,https://x.com/Disney,primary,1
44,Walt Disney,@Disney,1950541379098366286,Wed Jul 30 12:57:58 +0000 2025,"RT @DisneyAnimation: Hopps &amp; Wilde are BACK 🦊🐰

Get ready for #Zootopia2, only in theaters November 26! https://t.co/n85JaHD5XW",https://x.com/Disney/status/1950541379098366286,0,12134,0,0,true,false,,2026-06-14T02:52:19.446113+00:00,incremental browser-based collection of observable public posts,0,/home/runner/work/x_scrapper/x_scrapper/data/raw/fortune_x_2025_ranked/044_walt_disney,@Disney,https://x.com/Disney,primary,1
44,Walt Disney,@Disney,1950539953797996752,Wed Jul 30 12:52:18 +0000 2025,It's about to get wild! #Zootopia2 is coming to theaters November 26! https://t.co/XgGvBPUzh5,https://x.com/Disney/status/1950539953797996752,135,3718,16476,189,true,false,,2026-06-14T02:52:19.446113+00:00,incremental browser-based collection of observable public posts,0,/home/runner/work/x_scrapper/x_scrapper/data/raw/fortune_x_2025_ranked/044_walt_disney,@Disney,https://x.com/Disney,primary,1
44,Walt Disney,@Disney,1950538821671813401,Wed Jul 30 12:47:49 +0000 2025,"Hopps &amp; Wilde are BACK 🦊🐰

Get ready for #Zootopia2, only in theaters November 26! https://t.co/n85JaHD5XW",https://x.com/Disney/status/1950538821671813401,331,12134,34595,2810,true,false,,2026-06-14T02:52:19.446113+00:00,incremental browser-based collection of observable public posts,0,/home/runner/work/x_scrapper/x_scrapper/data/raw/fortune_x_2025_ranked/044_walt_disney,@Disney,https://x.com/Disney,primary,1
44,Walt Disney,@Disney,1949847971589476412,Mon Jul 28 15:02:37 +0000 2025,"RT @officialavatar: From Director James Cameron, watch the trailer for Avatar: Fire and Ash.

Experience the film only in theaters December…",https://x.com/Disney/status/1949847971589476412,0,25352,0,0,true,false,,2026-06-14T02:52:19.446113+00:00,incremental browser-based collection of observable public posts,0,/home/runner/work/x_scrapper/x_scrapper/data/raw/fortune_x_2025_ranked/044_walt_disney,@Disney,https://x.com/Disney,primary,1
44,Walt Disney,@Disney,1949847393853432214,Mon Jul 28 15:00:19 +0000 2025,"From Director James Cameron, watch the trailer for Avatar: Fire and Ash.

Experience the film only in theaters December 19. https://t.co/Y0D4EUGU7x",https://x.com/Disney/status/1949847393853432214,1671,25352,89676,9496,true,false,,2026-06-14T02:52:19.446113+00:00,incremental browser-based collection of observable public posts,0,/home/runner/work/x_scrapper/x_scrapper/data/raw/fortune_x_2025_ranked/044_walt_disney,@Disney,https://x.com/Disney,primary,1
44,Walt Disney,@Disney,1948927319344906338,Sat Jul 26 02:04:16 +0000 2025,RT @DisneyStudios: Hall H just digitized for an exclusive Nine Inch Nails music video experience. #SDCC #TronAres https://t.co/iY49FnV06u,https://x.com/Disney/status/1948927319344906338,0,304,0,0,true,false,,2026-06-14T02:52:19.446113+00:00,incremental browser-based collection of observable public posts,0,/home/runner/work/x_scrapper/x_scrapper/data/raw/fortune_x_2025_ranked/044_walt_disney,@Disney,https://x.com/Disney,primary,1
44,Walt Disney,@Disney,1948927308561355250,Sat Jul 26 02:04:14 +0000 2025,"RT @DisneyStudios: A standing ovation for Jeff Bridges in Hall H.

#SDCC #TronAres https://t.co/MxYG8O6TkO",https://x.com/Disney/status/1948927308561355250,0,293,0,0,true,false,,2026-06-14T02:52:19.446113+00:00,incremental browser-based collection of observable public posts,0,/home/runner/work/x_scrapper/x_scrapper/data/raw/fortune_x_2025_ranked/044_walt_disney,@Disney,https://x.com/Disney,primary,1
44,Walt Disney,@Disney,1948927300101439932,Sat Jul 26 02:04:12 +0000 2025,"RT @DisneyStudios: Programs have breached Hall H. #SDCC 

#TronAres https://t.co/9u4VLxuX5M",https://x.com/Disney/status/1948927300101439932,0,551,0,0,false,false,,2026-06-14T02:52:19.446113+00:00,incremental browser-based collection of observable public posts,0,/home/runner/work/x_scrapper/x_scrapper/data/raw/fortune_x_2025_ranked/044_walt_disney,@Disney,https://x.com/Disney,primary,1
44,Walt Disney,@Disney,1948922095599321498,Sat Jul 26 01:43:31 +0000 2025,Hall H just digitized for an exclusive Nine Inch Nails music video experience. #SDCC #TronAres https://t.co/iY49FnV06u,https://x.com/Disney/status/1948922095599321498,36,304,1659,23,true,false,,2026-06-14T02:52:19.446113+00:00,incremental browser-based collection of observable public posts,0,/home/runner/work/x_scrapper/x_scrapper/data/raw/fortune_x_2025_ranked/044_walt_disney,@Disney,https://x.com/Disney,primary,1
44,Walt Disney,@Disney,1948912575456182309,Sat Jul 26 01:05:41 +0000 2025,"A standing ovation for Jeff Bridges in Hall H.

#SDCC #TronAres https://t.co/MxYG8O6TkO",https://x.com/Disney/status/1948912575456182309,21,293,2245,22,true,false,,2026-06-14T02:52:19.446113+00:00,incremental browser-based collection of observable public posts,0,/home/runner/work/x_scrapper/x_scrapper/data/raw/fortune_x_2025_ranked/044_walt_disney,@Disney,https://x.com/Disney,primary,1
44,Walt Disney,@Disney,1948906507787272626,Sat Jul 26 00:41:35 +0000 2025,"Programs have breached Hall H. #SDCC 

#TronAres https://t.co/9u4VLxuX5M",https://x.com/Disney/status/1948906507787272626,44,551,3291,46,true,false,,2026-06-14T02:52:19.446113+00:00,incremental browser-based collection of observable public posts,0,/home/runner/work/x_scrapper/x_scrapper/data/raw/fortune_x_2025_ranked/044_walt_disney,@Disney,https://x.com/Disney,primary,1
44,Walt Disney,@Disney,1948850422715990349,Fri Jul 25 20:58:43 +0000 2025,RT @Marvel: Marvel’s First Family arrives in @Fortnite! #TheFantasticFour are available in the #Fortnite Shop tonight: https://t.co/snQKdIV…,https://x.com/Disney/status/1948850422715990349,0,144,0,0,false,false,,2026-06-14T02:52:19.446113+00:00,incremental browser-based collection of observable public posts,0,/home/runner/work/x_scrapper/x_scrapper/data/raw/fortune_x_2025_ranked/044_walt_disney,@Disney,https://x.com/Disney,primary,1
44,Walt Disney,@Disney,1948848602274476390,Fri Jul 25 20:51:29 +0000 2025,Marvel’s First Family arrives in @Fortnite! #TheFantasticFour are available in the #Fortnite Shop tonight: https://t.co/snQKdIV847 https://t.co/MeR2Q7O78P,https://x.com/Disney/status/1948848602274476390,26,144,1340,9,true,false,,2026-06-14T02:52:19.446113+00:00,incremental browser-based collection of observable public posts,0,/home/runner/work/x_scrapper/x_scrapper/data/raw/fortune_x_2025_ranked/044_walt_disney,@Disney,https://x.com/Disney,primary,1
44,Walt Disney,@Disney,1948592915762348140,Fri Jul 25 03:55:28 +0000 2025,"RT @DisneyStudios: Rock on, Mexico City! 🤘

That’s a wrap for the Freakier Friday Latin America Premiere! Freakier Friday arrives in theate…",https://x.com/Disney/status/1948592915762348140,0,250,0,0,false,false,,2026-06-14T02:52:19.446113+00:00,incremental browser-based collection of observable public posts,0,/home/runner/work/x_scrapper/x_scrapper/data/raw/fortune_x_2025_ranked/044_walt_disney,@Disney,https://x.com/Disney,primary,1
44,Walt Disney,@Disney,1948592907482792284,Fri Jul 25 03:55:26 +0000 2025,RT @DisneyStudios: Lindsay Lohan at the Freakier Friday Latin America Premiere in Mexico City 💜 https://t.co/cikb3as4II,https://x.com/Disney/status/1948592907482792284,0,122,0,0,false,false,,2026-06-14T02:52:19.446113+00:00,incremental browser-based collection of observable public posts,0,/home/runner/work/x_scrapper/x_scrapper/data/raw/fortune_x_2025_ranked/044_walt_disney,@Disney,https://x.com/Disney,primary,1
44,Walt Disney,@Disney,1948592900130177057,Fri Jul 25 03:55:25 +0000 2025,RT @DisneyStudios: Jamie Lee Curtis at the Freakier Friday Latin America Premiere in Mexico City 💚 https://t.co/c8AE7iHIbx,https://x.com/Disney/status/1948592900130177057,0,63,0,0,false,false,,2026-06-14T02:52:19.446113+00:00,incremental browser-based collection of observable public posts,0,/home/runner/work/x_scrapper/x_scrapper/data/raw/fortune_x_2025_ranked/044_walt_disney,@Disney,https://x.com/Disney,primary,1
44,Walt Disney,@Disney,1948592891846377861,Fri Jul 25 03:55:23 +0000 2025,RT @DisneyStudios: Jamie Lee Curtis makes her grand entrance to the Freakier Friday Latin America Premiere in Mexico City. https://t.co/ShK…,https://x.com/Disney/status/1948592891846377861,0,61,0,0,true,false,,2026-06-14T02:52:19.446113+00:00,incremental browser-based collection of observable public posts,0,/home/runner/work/x_scrapper/x_scrapper/data/raw/fortune_x_2025_ranked/044_walt_disney,@Disney,https://x.com/Disney,primary,1
44,Walt Disney,@Disney,1948592881482309872,Fri Jul 25 03:55:20 +0000 2025,RT @DisneyStudios: Lindsay Lohan makes her grand entrance to the Freakier Friday Latin America Premiere in Mexico City. https://t.co/2Pg5oX…,https://x.com/Disney/status/1948592881482309872,0,108,0,0,false,false,,2026-06-14T02:52:19.446113+00:00,incremental browser-based collection of observable public posts,0,/home/runner/work/x_scrapper/x_scrapper/data/raw/fortune_x_2025_ranked/044_walt_disney,@Disney,https://x.com/Disney,primary,1
44,Walt Disney,@Disney,1948592872900731085,Fri Jul 25 03:55:18 +0000 2025,RT @DisneyStudios: The FREAKquel has arrived in Mexico City! The Freakier Friday Latin America Premiere takes the Cinépolis Parque Toreo! ⚡…,https://x.com/Disney/status/1948592872900731085,0,43,0,0,false,false,,2026-06-14T02:52:19.446113+00:00,incremental browser-based collection of observable public posts,0,/home/runner/work/x_scrapper/x_scrapper/data/raw/fortune_x_2025_ranked/044_walt_disney,@Disney,https://x.com/Disney,primary,1
44,Walt Disney,@Disney,1948591426264252659,Fri Jul 25 03:49:33 +0000 2025,"Rock on, Mexico City! 🤘

That’s a wrap for the Freakier Friday Latin America Premiere! Freakier Friday arrives in theaters August 8. Get your tickets now! 💜💚 https://t.co/0ZSjb6tuWJ https://t.co/jXGr2Pe2DQ",https://x.com/Disney/status/1948591426264252659,28,250,1739,10,true,false,,2026-06-14T02:52:19.446113+00:00,incremental browser-based collection of observable public posts,0,/home/runner/work/x_scrapper/x_scrapper/data/raw/fortune_x_2025_ranked/044_walt_disney,@Disney,https://x.com/Disney,primary,1
44,Walt Disney,@Disney,1948589170995462204,Fri Jul 25 03:40:36 +0000 2025,Lindsay Lohan at the Freakier Friday Latin America Premiere in Mexico City 💜 https://t.co/cikb3as4II,https://x.com/Disney/status/1948589170995462204,14,122,905,5,true,false,,2026-06-14T02:52:19.446113+00:00,incremental browser-based collection of observable public posts,0,/home/runner/work/x_scrapper/x_scrapper/data/raw/fortune_x_2025_ranked/044_walt_disney,@Disney,https://x.com/Disney,primary,1
44,Walt Disney,@Disney,1948588886000894458,Fri Jul 25 03:39:28 +0000 2025,Jamie Lee Curtis at the Freakier Friday Latin America Premiere in Mexico City 💚 https://t.co/c8AE7iHIbx,https://x.com/Disney/status/1948588886000894458,10,63,460,4,true,false,,2026-06-14T02:52:19.446113+00:00,incremental browser-based collection of observable public posts,0,/home/runner/work/x_scrapper/x_scrapper/data/raw/fortune_x_2025_ranked/044_walt_disney,@Disney,https://x.com/Disney,primary,1
44,Walt Disney,@Disney,1948588710112735326,Fri Jul 25 03:38:46 +0000 2025,Jamie Lee Curtis makes her grand entrance to the Freakier Friday Latin America Premiere in Mexico City. https://t.co/ShKFH9ousE,https://x.com/Disney/status/1948588710112735326,5,61,574,2,true,false,,2026-06-14T02:52:19.446113+00:00,incremental browser-based collection of observable public posts,0,/home/runner/work/x_scrapper/x_scrapper/data/raw/fortune_x_2025_ranked/044_walt_disney,@Disney,https://x.com/Disney,primary,1
44,Walt Disney,@Disney,1948588650050322654,Fri Jul 25 03:38:31 +0000 2025,Lindsay Lohan makes her grand entrance to the Freakier Friday Latin America Premiere in Mexico City. https://t.co/2Pg5oXRzq9,https://x.com/Disney/status/1948588650050322654,9,108,764,9,true,false,,2026-06-14T02:52:19.446113+00:00,incremental browser-based collection of observable public posts,0,/home/runner/work/x_scrapper/x_scrapper/data/raw/fortune_x_2025_ranked/044_walt_disney,@Disney,https://x.com/Disney,primary,1
44,Walt Disney,@Disney,1948585713580302540,Fri Jul 25 03:26:51 +0000 2025,The FREAKquel has arrived in Mexico City! The Freakier Friday Latin America Premiere takes the Cinépolis Parque Toreo! ⚡ https://t.co/SdqJLBj9JH,https://x.com/Disney/status/1948585713580302540,4,43,266,3,true,false,,2026-06-14T02:52:19.446113+00:00,incremental browser-based collection of observable public posts,0,/home/runner/work/x_scrapper/x_scrapper/data/raw/fortune_x_2025_ranked/044_walt_disney,@Disney,https://x.com/Disney,primary,1
44,Walt Disney,@Disney,1947851240748290300,Wed Jul 23 02:48:19 +0000 2025,RT @DisneyStudios: The stars of Freakier Friday take the stage at the World Premiere at Hollywood’s El Capitan Theater ✨ https://t.co/CCUjL…,https://x.com/Disney/status/1947851240748290300,0,182,0,0,true,false,,2026-06-14T02:52:19.446113+00:00,incremental browser-based collection of observable public posts,0,/home/runner/work/x_scrapper/x_scrapper/data/raw/fortune_x_2025_ranked/044_walt_disney,@Disney,https://x.com/Disney,primary,1
44,Walt Disney,@Disney,1947851230619046193,Wed Jul 23 02:48:17 +0000 2025,RT @DisneyStudios: Pink Slip kicked off the Freakier Friday World Premiere and surprised guests on the purple and green carpet with a speci…,https://x.com/Disney/status/1947851230619046193,0,111,0,0,true,false,,2026-06-14T02:52:19.446113+00:00,incremental browser-based collection of observable public posts,0,/home/runner/work/x_scrapper/x_scrapper/data/raw/fortune_x_2025_ranked/044_walt_disney,@Disney,https://x.com/Disney,primary,1
44,Walt Disney,@Disney,1947851215678935432,Wed Jul 23 02:48:13 +0000 2025,RT @DisneyStudios: Hollywood is getting even FREAKIER! Jamie Lee Curtis and Lindsay Lohan have arrived at the World Premiere of Freakier Fr…,https://x.com/Disney/status/1947851215678935432,0,96,0,0,true,false,,2026-06-14T02:52:19.446113+00:00,incremental browser-based collection of observable public posts,0,/home/runner/work/x_scrapper/x_scrapper/data/raw/fortune_x_2025_ranked/044_walt_disney,@Disney,https://x.com/Disney,primary,1
44,Walt Disney,@Disney,1947835695051284796,Wed Jul 23 01:46:33 +0000 2025,The stars of Freakier Friday take the stage at the World Premiere at Hollywood’s El Capitan Theater ✨ https://t.co/CCUjLKBKNH,https://x.com/Disney/status/1947835695051284796,20,182,1079,11,true,false,,2026-06-14T02:52:19.446113+00:00,incremental browser-based collection of observable public posts,0,/home/runner/work/x_scrapper/x_scrapper/data/raw/fortune_x_2025_ranked/044_walt_disney,@Disney,https://x.com/Disney,primary,1
44,Walt Disney,@Disney,1947826336690737261,Wed Jul 23 01:09:22 +0000 2025,Pink Slip kicked off the Freakier Friday World Premiere and surprised guests on the purple and green carpet with a special performance of Take Me Away! 🤘 https://t.co/qMEVgTUarh,https://x.com/Disney/status/1947826336690737261,8,111,523,3,true,false,,2026-06-14T02:52:19.446113+00:00,incremental browser-based collection of observable public posts,0,/home/runner/work/x_scrapper/x_scrapper/data/raw/fortune_x_2025_ranked/044_walt_disney,@Disney,https://x.com/Disney,primary,1
44,Walt Disney,@Disney,1947822205305508133,Wed Jul 23 00:52:57 +0000 2025,Hollywood is getting even FREAKIER! Jamie Lee Curtis and Lindsay Lohan have arrived at the World Premiere of Freakier Friday! Follow along! 💚💜 https://t.co/81RnUKkVpN,https://x.com/Disney/status/1947822205305508133,6,96,535,3,true,false,,2026-06-14T02:52:19.446113+00:00,incremental browser-based collection of observable public posts,0,/home/runner/work/x_scrapper/x_scrapper/data/raw/fortune_x_2025_ranked/044_walt_disney,@Disney,https://x.com/Disney,primary,1
44,Walt Disney,@Disney,1947054458015457662,Sun Jul 20 22:02:11 +0000 2025,The Fantastic Four meets the Freakier Friday Four. #TheFantasticFour #FreakierFriday https://t.co/0KMISh4xl5,https://x.com/Disney/status/1947054458015457662,78,654,5569,76,true,false,,2026-06-14T02:52:19.446113+00:00,incremental browser-based collection of observable public posts,0,/home/runner/work/x_scrapper/x_scrapper/data/raw/fortune_x_2025_ranked/044_walt_disney,@Disney,https://x.com/Disney,primary,1
44,Walt Disney,@Disney,1945904584792183123,Thu Jul 17 17:53:00 +0000 2025,RT @DisneyStudios: Mahalo to our 'ohana for helping #LiloAndStitch cross $1 Billion at the global box office 💙 https://t.co/8fW2oXcdzZ,https://x.com/Disney/status/1945904584792183123,0,436,0,0,false,false,,2026-06-14T02:52:19.446113+00:00,incremental browser-based collection of observable public posts,0,/home/runner/work/x_scrapper/x_scrapper/data/raw/fortune_x_2025_ranked/044_walt_disney,@Disney,https://x.com/Disney,primary,1
44,Walt Disney,@Disney,1945892966306042039,Thu Jul 17 17:06:50 +0000 2025,Mahalo to our 'ohana for helping #LiloAndStitch cross $1 Billion at the global box office 💙 https://t.co/8fW2oXcdzZ,https://x.com/Disney/status/1945892966306042039,83,436,2254,34,true,false,,2026-06-14T02:52:19.446113+00:00,incremental browser-based collection of observable public posts,0,/home/runner/work/x_scrapper/x_scrapper/data/raw/fortune_x_2025_ranked/044_walt_disney,@Disney,https://x.com/Disney,primary,1
44,Walt Disney,@Disney,1945880229446045769,Thu Jul 17 16:16:14 +0000 2025,"RT @Pixar: Mark your calendars! Disney &amp; Pixar’s Toy Story returns to the BIG SCREEN September 12.
@strongstufftom https://t.co/bS1rQ3iWie",https://x.com/Disney/status/1945880229446045769,0,1941,0,0,true,false,,2026-06-14T02:52:19.446113+00:00,incremental browser-based collection of observable public posts,0,/home/runner/work/x_scrapper/x_scrapper/data/raw/fortune_x_2025_ranked/044_walt_disney,@Disney,https://x.com/Disney,primary,1
44,Walt Disney,@Disney,1945880184042704961,Thu Jul 17 16:16:03 +0000 2025,"RT @DisneyStudios: Experience Tron: Ares, filmed for IMAX, in theaters October 10. https://t.co/SqAELwjyUG",https://x.com/Disney/status/1945880184042704961,0,1963,0,0,true,false,,2026-06-14T02:52:19.446113+00:00,incremental browser-based collection of observable public posts,0,/home/runner/work/x_scrapper/x_scrapper/data/raw/fortune_x_2025_ranked/044_walt_disney,@Disney,https://x.com/Disney,primary,1
44,Walt Disney,@Disney,1945878459877826875,Thu Jul 17 16:09:12 +0000 2025,"Mark your calendars! Disney &amp; Pixar’s Toy Story returns to the BIG SCREEN September 12.
@strongstufftom https://t.co/bS1rQ3iWie",https://x.com/Disney/status/1945878459877826875,184,1941,14088,278,true,false,,2026-06-14T02:52:19.446113+00:00,incremental browser-based collection of observable public posts,0,/home/runner/work/x_scrapper/x_scrapper/data/raw/fortune_x_2025_ranked/044_walt_disney,@Disney,https://x.com/Disney,primary,1
44,Walt Disney,@Disney,1945876667672691078,Thu Jul 17 16:02:04 +0000 2025,"Experience Tron: Ares, filmed for IMAX, in theaters October 10. https://t.co/SqAELwjyUG",https://x.com/Disney/status/1945876667672691078,131,1963,12862,203,true,false,,2026-06-14T02:52:19.446113+00:00,incremental browser-based collection of observable public posts,0,/home/runner/work/x_scrapper/x_scrapper/data/raw/fortune_x_2025_ranked/044_walt_disney,@Disney,https://x.com/Disney,primary,1
44,Walt Disney,@Disney,1945876410871980166,Thu Jul 17 16:01:03 +0000 2025,"RT @DisneyStudios: This October, they are coming to our world.

Watch the brand-new trailer for Tron: Ares and experience it in theaters, f…",https://x.com/Disney/status/1945876410871980166,0,4318,0,0,false,false,,2026-06-14T02:52:19.446113+00:00,incremental browser-based collection of observable public posts,0,/home/runner/work/x_scrapper/x_scrapper/data/raw/fortune_x_2025_ranked/044_walt_disney,@Disney,https://x.com/Disney,primary,1
44,Walt Disney,@Disney,1945876146446541238,Thu Jul 17 16:00:00 +0000 2025,"This October, they are coming to our world.

Watch the brand-new trailer for Tron: Ares and experience it in theaters, filmed for IMAX, October 10. https://t.co/a2z8Pnn3Ei",https://x.com/Disney/status/1945876146446541238,932,4318,18528,1969,true,false,,2026-06-14T02:52:19.446113+00:00,incremental browser-based collection of observable public posts,0,/home/runner/work/x_scrapper/x_scrapper/data/raw/fortune_x_2025_ranked/044_walt_disney,@Disney,https://x.com/Disney,primary,1
44,Walt Disney,@Disney,1945832248680288683,Thu Jul 17 13:05:34 +0000 2025,"RT @Disneyland: Since July 17, 1955, we have been honored to be your happy place. What's your favorite memory at The Happiest Place on Eart…",https://x.com/Disney/status/1945832248680288683,0,933,0,0,true,false,,2026-06-14T02:52:19.446113+00:00,incremental browser-based collection of observable public posts,0,/home/runner/work/x_scrapper/x_scrapper/data/raw/fortune_x_2025_ranked/044_walt_disney,@Disney,https://x.com/Disney,primary,1
44,Walt Disney,@Disney,1945830899183976651,Thu Jul 17 13:00:12 +0000 2025,"Since July 17, 1955, we have been honored to be your happy place. What's your favorite memory at The Happiest Place on Earth? Share it with us using #Disneyland70 https://t.co/eb60IqgAAT",https://x.com/Disney/status/1945830899183976651,212,933,3651,164,true,false,,2026-06-14T02:52:19.446113+00:00,incremental browser-based collection of observable public posts,0,/home/runner/work/x_scrapper/x_scrapper/data/raw/fortune_x_2025_ranked/044_walt_disney,@Disney,https://x.com/Disney,primary,1
44,Walt Disney,@Disney,1945515371168944284,Wed Jul 16 16:06:25 +0000 2025,"RT @Pixar: Human 🤝 Nature

Check out the new poster for Disney &amp; Pixar's #Hoppers, arriving only in theaters March 6, 2026! https://t.co/Qj…",https://x.com/Disney/status/1945515371168944284,0,1824,0,0,false,false,,2026-06-14T02:52:19.446113+00:00,incremental browser-based collection of observable public posts,0,/home/runner/work/x_scrapper/x_scrapper/data/raw/fortune_x_2025_ranked/044_walt_disney,@Disney,https://x.com/Disney,primary,1
44,Walt Disney,@Disney,1945515016834453958,Wed Jul 16 16:05:00 +0000 2025,"Human 🤝 Nature

Check out the new poster for Disney &amp; Pixar's #Hoppers, arriving only in theaters March 6, 2026! https://t.co/QjNpZ8rk3f",https://x.com/Disney/status/1945515016834453958,127,1824,11951,205,true,false,,2026-06-14T02:52:19.446113+00:00,incremental browser-based collection of observable public posts,0,/home/runner/work/x_scrapper/x_scrapper/data/raw/fortune_x_2025_ranked/044_walt_disney,@Disney,https://x.com/Disney,primary,1
44,Walt Disney,@Disney,1945514053083766789,Wed Jul 16 16:01:10 +0000 2025,"RT @Pixar: We put this 🧠 into this 🦫.

Watch the new teaser for Disney &amp; Pixar's #Hoppers, arriving in theaters March 6, 2026. https://t.co…",https://x.com/Disney/status/1945514053083766789,0,4066,0,0,true,false,,2026-06-14T02:52:19.446113+00:00,incremental browser-based collection of observable public posts,0,/home/runner/work/x_scrapper/x_scrapper/data/raw/fortune_x_2025_ranked/044_walt_disney,@Disney,https://x.com/Disney,primary,1
44,Walt Disney,@Disney,1945513769548816627,Wed Jul 16 16:00:03 +0000 2025,"We put this 🧠 into this 🦫.

Watch the new teaser for Disney &amp; Pixar's #Hoppers, arriving in theaters March 6, 2026. https://t.co/ejkUSTHEpp",https://x.com/Disney/status/1945513769548816627,575,4066,25843,1821,true,false,,2026-06-14T02:52:19.446113+00:00,incremental browser-based collection of observable public posts,0,/home/runner/work/x_scrapper/x_scrapper/data/raw/fortune_x_2025_ranked/044_walt_disney,@Disney,https://x.com/Disney,primary,1
44,Walt Disney,@Disney,1945212132007489859,Tue Jul 15 20:01:27 +0000 2025,Discover all the nominations : https://t.co/A5cCIaII5C,https://x.com/Disney/status/1945212132007489859,15,84,1094,2,true,false,,2026-06-14T02:52:19.446113+00:00,incremental browser-based collection of observable public posts,0,/home/runner/work/x_scrapper/x_scrapper/data/raw/fortune_x_2025_ranked/044_walt_disney,@Disney,https://x.com/Disney,primary,1
44,Walt Disney,@Disney,1945181702424350896,Tue Jul 15 18:00:32 +0000 2025,Congratulations to all the 137 Emmy® nominations from across The Walt Disney Company. https://t.co/aMrT2Lr49J,https://x.com/Disney/status/1945181702424350896,29,105,852,10,true,false,,2026-06-14T02:52:19.446113+00:00,incremental browser-based collection of observable public posts,0,/home/runner/work/x_scrapper/x_scrapper/data/raw/fortune_x_2025_ranked/044_walt_disney,@Disney,https://x.com/Disney,primary,1
44,Walt Disney,@Disney,1942616045463953500,Tue Jul 08 16:05:31 +0000 2025,"RT @DisneyStudios: What? We're ready! 😉

In 1️⃣ month, Freakier Friday arrives only in theaters August 8! https://t.co/pAVtcdlx6e",https://x.com/Disney/status/1942616045463953500,0,189,0,0,false,false,,2026-06-14T02:52:19.446113+00:00,incremental browser-based collection of observable public posts,0,/home/runner/work/x_scrapper/x_scrapper/data/raw/fortune_x_2025_ranked/044_walt_disney,@Disney,https://x.com/Disney,primary,1
44,Walt Disney,@Disney,1942614657266766293,Tue Jul 08 16:00:00 +0000 2025,"What? We're ready! 😉

In 1️⃣ month, Freakier Friday arrives only in theaters August 8! https://t.co/pAVtcdlx6e",https://x.com/Disney/status/1942614657266766293,48,189,832,10,true,false,,2026-06-14T02:52:19.446113+00:00,incremental browser-based collection of observable public posts,0,/home/runner/work/x_scrapper/x_scrapper/data/raw/fortune_x_2025_ranked/044_walt_disney,@Disney,https://x.com/Disney,primary,1
44,Walt Disney,@Disney,1940802721692754424,Thu Jul 03 16:00:01 +0000 2025,70 years of tradition and counting. https://t.co/dI27VqdWDm,https://x.com/Disney/status/1940802721692754424,105,348,1958,23,true,false,,2026-06-14T02:52:19.446113+00:00,incremental browser-based collection of observable public posts,0,/home/runner/work/x_scrapper/x_scrapper/data/raw/fortune_x_2025_ranked/044_walt_disney,@Disney,https://x.com/Disney,primary,1
44,Walt Disney,@Disney,1938267190937186598,Thu Jun 26 16:04:44 +0000 2025,"RT @DisneyStudios: should’ve known he couldn’t keep a secret.

a 626 day surprise: #LiloAndStitch 2 is now in development! https://t.co/1fV…",https://x.com/Disney/status/1938267190937186598,0,1922,0,0,true,false,,2026-06-14T02:52:19.446113+00:00,incremental browser-based collection of observable public posts,0,/home/runner/work/x_scrapper/x_scrapper/data/raw/fortune_x_2025_ranked/044_walt_disney,@Disney,https://x.com/Disney,primary,1
44,Walt Disney,@Disney,1938267101883470108,Thu Jun 26 16:04:23 +0000 2025,"should’ve known he couldn’t keep a secret.

a 626 day surprise: #LiloAndStitch 2 is now in development! https://t.co/1fVCqEhR0W",https://x.com/Disney/status/1938267101883470108,380,1922,9560,950,true,false,,2026-06-14T02:52:19.446113+00:00,incremental browser-based collection of observable public posts,0,/home/runner/work/x_scrapper/x_scrapper/data/raw/fortune_x_2025_ranked/044_walt_disney,@Disney,https://x.com/Disney,primary,1
44,Walt Disney,@Disney,1936540366427025531,Sat Jun 21 21:42:57 +0000 2025,"RT @Pixar: #Elio is certified fresh and “Pixar’s best original since ‘Coco’” 🎉🎉

Get your tickets NOW to see it in theaters! https://t.co/P…",https://x.com/Disney/status/1936540366427025531,0,263,0,0,true,false,,2026-06-14T02:52:19.446113+00:00,incremental browser-based collection of observable public posts,0,/home/runner/work/x_scrapper/x_scrapper/data/raw/fortune_x_2025_ranked/044_walt_disney,@Disney,https://x.com/Disney,primary,1
44,Walt Disney,@Disney,1936118411610014087,Fri Jun 20 17:46:15 +0000 2025,"RT @Pixar: ✅ ""One of Pixar's best"" ✅ Certified Fresh ✅ Now playing only in theaters!
Get tickets for Pixar's #Elio now! https://t.co/PQL9AB…",https://x.com/Disney/status/1936118411610014087,0,109,0,0,true,false,,2026-06-14T02:52:19.446113+00:00,incremental browser-based collection of observable public posts,0,/home/runner/work/x_scrapper/x_scrapper/data/raw/fortune_x_2025_ranked/044_walt_disney,@Disney,https://x.com/Disney,primary,1
44,Walt Disney,@Disney,1936114324239794241,Fri Jun 20 17:30:00 +0000 2025,"✅ ""One of Pixar's best"" ✅ Certified Fresh ✅ Now playing only in theaters!
Get tickets for Pixar's #Elio now! https://t.co/PQL9ABGKQS https://t.co/70oOV3PyW1",https://x.com/Disney/status/1936114324239794241,39,109,505,6,true,false,,2026-06-14T02:52:19.446113+00:00,incremental browser-based collection of observable public posts,0,/home/runner/work/x_scrapper/x_scrapper/data/raw/fortune_x_2025_ranked/044_walt_disney,@Disney,https://x.com/Disney,primary,1
44,Walt Disney,@Disney,1935762197994762417,Thu Jun 19 18:10:47 +0000 2025,"#Elio is certified fresh and “Pixar’s best original since ‘Coco’” 🎉🎉

Get your tickets NOW to see it in theaters! https://t.co/PQL9ABGKQS https://t.co/eVxQpqUGF5",https://x.com/Disney/status/1935762197994762417,252,263,1623,38,true,false,,2026-06-14T02:52:19.446113+00:00,incremental browser-based collection of observable public posts,0,/home/runner/work/x_scrapper/x_scrapper/data/raw/fortune_x_2025_ranked/044_walt_disney,@Disney,https://x.com/Disney,primary,1
44,Walt Disney,@Disney,1933526915660591349,Fri Jun 13 14:08:34 +0000 2025,"RT @Pixar: Check out these all-new looks at Disney and Pixar's #Hoppers and #ToyStory5, coming to theaters in 2026! https://t.co/Jt8lNYX8FV",https://x.com/Disney/status/1933526915660591349,0,1004,0,0,true,false,,2026-06-14T02:52:19.446113+00:00,incremental browser-based collection of observable public posts,0,/home/runner/work/x_scrapper/x_scrapper/data/raw/fortune_x_2025_ranked/044_walt_disney,@Disney,https://x.com/Disney,primary,1
44,Walt Disney,@Disney,1933526587762487432,Fri Jun 13 14:07:16 +0000 2025,"RT @Pixar: JUST ANNOUNCED: Coming to theaters in 2027 is Disney and Pixar’s ""Gatto.” 🐈‍⬛ From “Luca” director Enrico Casarosa, the film ret…",https://x.com/Disney/status/1933526587762487432,0,2220,0,0,true,false,,2026-06-14T02:52:19.446113+00:00,incremental browser-based collection of observable public posts,0,/home/runner/work/x_scrapper/x_scrapper/data/raw/fortune_x_2025_ranked/044_walt_disney,@Disney,https://x.com/Disney,primary,1
44,Walt Disney,@Disney,1933507519516680443,Fri Jun 13 12:51:30 +0000 2025,"Check out these all-new looks at Disney and Pixar's #Hoppers and #ToyStory5, coming to theaters in 2026! https://t.co/Jt8lNYX8FV",https://x.com/Disney/status/1933507519516680443,111,1004,6411,102,true,false,,2026-06-14T02:52:19.446113+00:00,incremental browser-based collection of observable public posts,0,/home/runner/work/x_scrapper/x_scrapper/data/raw/fortune_x_2025_ranked/044_walt_disney,@Disney,https://x.com/Disney,primary,1
44,Walt Disney,@Disney,1933507247855874296,Fri Jun 13 12:50:25 +0000 2025,"JUST ANNOUNCED: Coming to theaters in 2027 is Disney and Pixar’s ""Gatto.” 🐈‍⬛ From “Luca” director Enrico Casarosa, the film returns to Italy, following a black cat named Nero. Indebted to a feline mob boss, Nero finds himself forced to forge an unexpected friendship that may finally lead him to his purpose...",https://x.com/Disney/status/1933507247855874296,256,2220,14982,637,true,false,,2026-06-14T02:52:19.446113+00:00,incremental browser-based collection of observable public posts,0,/home/runner/work/x_scrapper/x_scrapper/data/raw/fortune_x_2025_ranked/044_walt_disney,@Disney,https://x.com/Disney,primary,1
44,Walt Disney,@Disney,1932109859476131935,Mon Jun 09 16:17:42 +0000 2025,"RT @MarvelStudios: Watch the brand new trailer for Marvel Television’s #Ironheart 🤍

Don't miss the 3-episode premiere on June 24 at 6pm PT…",https://x.com/Disney/status/1932109859476131935,0,3318,0,0,true,false,,2026-06-14T02:52:19.446113+00:00,incremental browser-based collection of observable public posts,0,/home/runner/work/x_scrapper/x_scrapper/data/raw/fortune_x_2025_ranked/044_walt_disney,@Disney,https://x.com/Disney,primary,1
44,Walt Disney,@Disney,1932105584649621821,Mon Jun 09 16:00:42 +0000 2025,"Watch the brand new trailer for Marvel Television’s #Ironheart 🤍

Don't miss the 3-episode premiere on June 24 at 6pm PT/ 9pm ET, only on @DisneyPlus. https://t.co/cS1Y60pEAc",https://x.com/Disney/status/1932105584649621821,554,3318,15224,612,true,false,,2026-06-14T02:52:19.446113+00:00,incremental browser-based collection of observable public posts,0,/home/runner/work/x_scrapper/x_scrapper/data/raw/fortune_x_2025_ranked/044_walt_disney,@Disney,https://x.com/Disney,primary,1
44,Walt Disney,@Disney,1931019051058471275,Fri Jun 06 16:03:13 +0000 2025,"RT @DisneyStudios: Here we go again 💜💚

Experience Freakier Friday only in theaters August 8. https://t.co/AO8g7Q7Szg",https://x.com/Disney/status/1931019051058471275,0,767,0,0,true,false,,2026-06-14T02:52:19.446113+00:00,incremental browser-based collection of observable public posts,0,/home/runner/work/x_scrapper/x_scrapper/data/raw/fortune_x_2025_ranked/044_walt_disney,@Disney,https://x.com/Disney,primary,1
44,Walt Disney,@Disney,1931018547440107826,Fri Jun 06 16:01:12 +0000 2025,"Here we go again 💜💚

Experience Freakier Friday only in theaters August 8. https://t.co/AO8g7Q7Szg",https://x.com/Disney/status/1931018547440107826,102,767,4366,53,true,false,,2026-06-14T02:52:19.446113+00:00,incremental browser-based collection of observable public posts,0,/home/runner/work/x_scrapper/x_scrapper/data/raw/fortune_x_2025_ranked/044_walt_disney,@Disney,https://x.com/Disney,primary,1
44,Walt Disney,@Disney,1931018364350247209,Fri Jun 06 16:00:29 +0000 2025,"RT @DisneyStudios: Get FREAKing ready 🤘

Watch the new trailer for Freakier Friday and experience it only in theaters August 8. https://t.c…",https://x.com/Disney/status/1931018364350247209,0,932,0,0,true,false,,2026-06-14T02:52:19.446113+00:00,incremental browser-based collection of observable public posts,0,/home/runner/work/x_scrapper/x_scrapper/data/raw/fortune_x_2025_ranked/044_walt_disney,@Disney,https://x.com/Disney,primary,1
44,Walt Disney,@Disney,1931018255340351850,Fri Jun 06 16:00:03 +0000 2025,"Get FREAKing ready 🤘

Watch the new trailer for Freakier Friday and experience it only in theaters August 8. https://t.co/oboNfFXDaK",https://x.com/Disney/status/1931018255340351850,76,932,2768,246,true,false,,2026-06-14T02:52:19.446113+00:00,incremental browser-based collection of observable public posts,0,/home/runner/work/x_scrapper/x_scrapper/data/raw/fortune_x_2025_ranked/044_walt_disney,@Disney,https://x.com/Disney,primary,1
44,Walt Disney,@Disney,1930801790368600428,Fri Jun 06 01:39:54 +0000 2025,RT @DisneyParks: JUST ANNOUNCED! The new Avatar destination coming to Disney California Adventure park will transform a portion of the curr…,https://x.com/Disney/status/1930801790368600428,0,365,0,0,true,false,,2026-06-14T02:52:19.446113+00:00,incremental browser-based collection of observable public posts,0,/home/runner/work/x_scrapper/x_scrapper/data/raw/fortune_x_2025_ranked/044_walt_disney,@Disney,https://x.com/Disney,primary,1
44,Walt Disney,@Disney,1930801782743261204,Fri Jun 06 01:39:52 +0000 2025,"RT @DisneyParks: LOCATION CONFIRMED! Disneyland Resort reveals that the first-ever attraction themed to Pixar's ""Coco"" will be near Paradis…",https://x.com/Disney/status/1930801782743261204,0,460,0,0,true,false,,2026-06-14T02:52:19.446113+00:00,incremental browser-based collection of observable public posts,0,/home/runner/work/x_scrapper/x_scrapper/data/raw/fortune_x_2025_ranked/044_walt_disney,@Disney,https://x.com/Disney,primary,1
44,Walt Disney,@Disney,1930801773314510945,Fri Jun 06 01:39:49 +0000 2025,RT @DisneyParks: Disneyland Resort announces plans for a new parking structure and transportation hub on the east side of the resort that w…,https://x.com/Disney/status/1930801773314510945,0,313,0,0,true,false,,2026-06-14T02:52:19.446113+00:00,incremental browser-based collection of observable public posts,0,/home/runner/work/x_scrapper/x_scrapper/data/raw/fortune_x_2025_ranked/044_walt_disney,@Disney,https://x.com/Disney,primary,1
44,Walt Disney,@Disney,1930801330383200663,Fri Jun 06 01:38:04 +0000 2025,JUST ANNOUNCED! The new Avatar destination coming to Disney California Adventure park will transform a portion of the current Hollywood Backlot area to make way for this new destination. https://t.co/P1YTwqFcxY https://t.co/GOn8nU7PBo,https://x.com/Disney/status/1930801330383200663,107,365,2404,137,true,false,,2026-06-14T02:52:19.446113+00:00,incremental browser-based collection of observable public posts,0,/home/runner/work/x_scrapper/x_scrapper/data/raw/fortune_x_2025_ranked/044_walt_disney,@Disney,https://x.com/Disney,primary,1
44,Walt Disney,@Disney,1930799864767562020,Fri Jun 06 01:32:14 +0000 2025,"LOCATION CONFIRMED! Disneyland Resort reveals that the first-ever attraction themed to Pixar's ""Coco"" will be near Paradise Gardens Park and Pixar Pier at Disney California Adventure park. https://t.co/P1sZTvxcgd https://t.co/mSXeMmwodV",https://x.com/Disney/status/1930799864767562020,53,460,2837,85,true,false,,2026-06-14T02:52:19.446113+00:00,incremental browser-based collection of observable public posts,0,/home/runner/work/x_scrapper/x_scrapper/data/raw/fortune_x_2025_ranked/044_walt_disney,@Disney,https://x.com/Disney,primary,1
44,Walt Disney,@Disney,1930798597638869015,Fri Jun 06 01:27:12 +0000 2025,"Disneyland Resort announces plans for a new parking structure and transportation hub on the east side of the resort that will provide approx. 6,000 parking spaces and feature a pedestrian bridge with public access to and from Harbor Boulevard and more. https://t.co/LCTtoWmKp6 https://t.co/d4fZaYc5Rj",https://x.com/Disney/status/1930798597638869015,52,313,2559,86,true,false,,2026-06-14T02:52:19.446113+00:00,incremental browser-based collection of observable public posts,0,/home/runner/work/x_scrapper/x_scrapper/data/raw/fortune_x_2025_ranked/044_walt_disney,@Disney,https://x.com/Disney,primary,1
44,Walt Disney,@Disney,1927397946745581942,Tue May 27 16:14:14 +0000 2025,"RT @Pixar: 🚨 Tickets are on sale NOW for Disney and Pixar's #Elio! 🚨 See it in theaters &amp; 3D June 20

🎟️: https://t.co/PQL9ABGd1k https://t…",https://x.com/Disney/status/1927397946745581942,0,615,0,0,true,false,,2026-06-14T02:52:19.446113+00:00,incremental browser-based collection of observable public posts,0,/home/runner/work/x_scrapper/x_scrapper/data/raw/fortune_x_2025_ranked/044_walt_disney,@Disney,https://x.com/Disney,primary,1
44,Walt Disney,@Disney,1927396942906089689,Tue May 27 16:10:15 +0000 2025,"🚨 Tickets are on sale NOW for Disney and Pixar's #Elio! 🚨 See it in theaters &amp; 3D June 20

🎟️: https://t.co/PQL9ABGd1k https://t.co/UcrR0TEp3h",https://x.com/Disney/status/1927396942906089689,137,615,2483,150,true,false,,2026-06-14T02:52:19.446113+00:00,incremental browser-based collection of observable public posts,0,/home/runner/work/x_scrapper/x_scrapper/data/raw/fortune_x_2025_ranked/044_walt_disney,@Disney,https://x.com/Disney,primary,1
44,Walt Disney,@Disney,1925982572049309985,Fri May 23 18:30:02 +0000 2025,RT @WaltDisneyWorld: Caught in the act of almost turning the iconic Cinderella Castle into a roll of chaos 😉🧻 Don’t miss this troublemaker…,https://x.com/Disney/status/1925982572049309985,0,498,0,0,true,false,,2026-06-14T02:52:19.446113+00:00,incremental browser-based collection of observable public posts,0,/home/runner/work/x_scrapper/x_scrapper/data/raw/fortune_x_2025_ranked/044_walt_disney,@Disney,https://x.com/Disney,primary,1
44,Walt Disney,@Disney,1925947808328069527,Fri May 23 16:11:54 +0000 2025,"RT @DisneyStudios: off the leash and into theaters

#LiloAndStitch is NOW PLAYING in theaters! 

https://t.co/ITHCwmg10R https://t.co/cNRHJ…",https://x.com/Disney/status/1925947808328069527,0,259,0,0,true,false,,2026-06-14T02:52:19.446113+00:00,incremental browser-based collection of observable public posts,0,/home/runner/work/x_scrapper/x_scrapper/data/raw/fortune_x_2025_ranked/044_walt_disney,@Disney,https://x.com/Disney,primary,1
44,Walt Disney,@Disney,1925944817424511095,Fri May 23 16:00:01 +0000 2025,"off the leash and into theaters

#LiloAndStitch is NOW PLAYING in theaters! 

https://t.co/ITHCwmg10R https://t.co/cNRHJzq5Ih",https://x.com/Disney/status/1925944817424511095,279,259,1377,52,true,false,,2026-06-14T02:52:19.446113+00:00,incremental browser-based collection of observable public posts,0,/home/runner/work/x_scrapper/x_scrapper/data/raw/fortune_x_2025_ranked/044_walt_disney,@Disney,https://x.com/Disney,primary,1
44,Walt Disney,@Disney,1925899521348739516,Fri May 23 13:00:02 +0000 2025,"Caught in the act of almost turning the iconic Cinderella Castle into a roll of chaos 😉🧻 Don’t miss this troublemaker in #LiloAndStitch, now in theaters! 🌺 https://t.co/Shn5f43TQP",https://x.com/Disney/status/1925899521348739516,131,498,3249,88,true,false,,2026-06-14T02:52:19.446113+00:00,incremental browser-based collection of observable public posts,0,/home/runner/work/x_scrapper/x_scrapper/data/raw/fortune_x_2025_ranked/044_walt_disney,@Disney,https://x.com/Disney,primary,1
44,Walt Disney,@Disney,1924857867984871570,Tue May 20 16:00:52 +0000 2025,RT @DisneyAnimation: Ssssmash that play button for the new #Zootopia2 trailer 🐍 See it only in theaters November 26. https://t.co/P3Ks3N1siO,https://x.com/Disney/status/1924857867984871570,0,11098,0,0,true,false,,2026-06-14T02:52:19.446113+00:00,incremental browser-based collection of observable public posts,0,/home/runner/work/x_scrapper/x_scrapper/data/raw/fortune_x_2025_ranked/044_walt_disney,@Disney,https://x.com/Disney,primary,1
44,Walt Disney,@Disney,1924857655425691659,Tue May 20 16:00:01 +0000 2025,Ssssmash that play button for the new #Zootopia2 trailer 🐍 See it only in theaters November 26. https://t.co/P3Ks3N1siO,https://x.com/Disney/status/1924857655425691659,519,11098,27780,2612,true,false,,2026-06-14T02:52:19.446113+00:00,incremental browser-based collection of observable public posts,0,/home/runner/work/x_scrapper/x_scrapper/data/raw/fortune_x_2025_ranked/044_walt_disney,@Disney,https://x.com/Disney,primary,1
44,Walt Disney,@Disney,1924616813964624150,Tue May 20 00:03:00 +0000 2025,An iconic duo. Mickey Mouse x @F1 https://t.co/6FQzZWWcVK,https://x.com/Disney/status/1924616813964624150,410,4056,24249,1140,true,false,,2026-06-14T02:52:19.446113+00:00,incremental browser-based collection of observable public posts,0,/home/runner/work/x_scrapper/x_scrapper/data/raw/fortune_x_2025_ranked/044_walt_disney,@Disney,https://x.com/Disney,primary,1
44,Walt Disney,@Disney,1924616059270947317,Tue May 20 00:00:00 +0000 2025,"Disney x @f1 🏎️ Coming 2026 

Gear up for a new #MickeyandFriendsxF1 collaboration kicking into high-speed next year. https://t.co/nryDG6FFyE",https://x.com/Disney/status/1924616059270947317,366,2866,14496,1258,true,false,,2026-06-14T02:52:19.446113+00:00,incremental browser-based collection of observable public posts,0,/home/runner/work/x_scrapper/x_scrapper/data/raw/fortune_x_2025_ranked/044_walt_disney,@Disney,https://x.com/Disney,primary,1
44,Walt Disney,@Disney,1924541143569858925,Mon May 19 19:02:19 +0000 2025,"RT @DisneyAnimation: New trailer for #Zootopia2 drops TOMORROW, May 20 at 9am PT 🐰🦊🐍 https://t.co/gTWJuCAgnt",https://x.com/Disney/status/1924541143569858925,0,8503,0,0,true,false,,2026-06-14T02:52:19.446113+00:00,incremental browser-based collection of observable public posts,0,/home/runner/work/x_scrapper/x_scrapper/data/raw/fortune_x_2025_ranked/044_walt_disney,@Disney,https://x.com/Disney,primary,1
44,Walt Disney,@Disney,1924540565602852912,Mon May 19 19:00:01 +0000 2025,"New trailer for #Zootopia2 drops TOMORROW, May 20 at 9am PT 🐰🦊🐍 https://t.co/gTWJuCAgnt",https://x.com/Disney/status/1924540565602852912,436,8503,33682,1385,true,false,,2026-06-14T02:52:19.446113+00:00,incremental browser-based collection of observable public posts,0,/home/runner/work/x_scrapper/x_scrapper/data/raw/fortune_x_2025_ranked/044_walt_disney,@Disney,https://x.com/Disney,primary,1
44,Walt Disney,@Disney,1924536081669878087,Mon May 19 18:42:12 +0000 2025,"RT @Disneyland: He came, he saw, he caused chaos 💙 Check out the unexpected visitor to #Disneyland70 and don’t miss #LiloAndStitch, in thea…",https://x.com/Disney/status/1924536081669878087,0,809,0,0,true,false,,2026-06-14T02:52:19.446113+00:00,incremental browser-based collection of observable public posts,0,/home/runner/work/x_scrapper/x_scrapper/data/raw/fortune_x_2025_ranked/044_walt_disney,@Disney,https://x.com/Disney,primary,1
44,Walt Disney,@Disney,1924455116616114611,Mon May 19 13:20:29 +0000 2025,"He came, he saw, he caused chaos 💙 Check out the unexpected visitor to #Disneyland70 and don’t miss #LiloAndStitch, in theaters this Friday! 🌺 https://t.co/sRj56pL7kS",https://x.com/Disney/status/1924455116616114611,55,809,3531,88,true,false,,2026-06-14T02:52:19.446113+00:00,incremental browser-based collection of observable public posts,0,/home/runner/work/x_scrapper/x_scrapper/data/raw/fortune_x_2025_ranked/044_walt_disney,@Disney,https://x.com/Disney,primary,1
44,Walt Disney,@Disney,1922779793713414449,Wed May 14 22:23:20 +0000 2025,"RT @PercySeries: The sea is calling... 
#PercyJackson and the Olympians returns for Season 2 this December on #DisneyPlus. https://t.co/YWE…",https://x.com/Disney/status/1922779793713414449,0,11058,0,0,true,false,,2026-06-14T02:52:19.446113+00:00,incremental browser-based collection of observable public posts,0,/home/runner/work/x_scrapper/x_scrapper/data/raw/fortune_x_2025_ranked/044_walt_disney,@Disney,https://x.com/Disney,primary,1
44,Walt Disney,@Disney,1922713646146163195,Wed May 14 18:00:30 +0000 2025,"The sea is calling... 
#PercyJackson and the Olympians returns for Season 2 this December on #DisneyPlus. https://t.co/YWEX84oHon",https://x.com/Disney/status/1922713646146163195,389,11058,54359,3516,true,false,,2026-06-14T02:52:19.446113+00:00,incremental browser-based collection of observable public posts,0,/home/runner/work/x_scrapper/x_scrapper/data/raw/fortune_x_2025_ranked/044_walt_disney,@Disney,https://x.com/Disney,primary,1
44,Walt Disney,@Disney,1922687372518367493,Wed May 14 16:16:06 +0000 2025,"RT @MarvelStudios: Marvel Television's all-new series #Ironheart launches with a 3-episode premiere June 24 at 6pm PT/ 9pm ET, only on @Dis…",https://x.com/Disney/status/1922687372518367493,0,6059,0,0,true,false,,2026-06-14T02:52:19.446113+00:00,incremental browser-based collection of observable public posts,0,/home/runner/work/x_scrapper/x_scrapper/data/raw/fortune_x_2025_ranked/044_walt_disney,@Disney,https://x.com/Disney,primary,1
44,Walt Disney,@Disney,1922687356714311771,Wed May 14 16:16:02 +0000 2025,"RT @MarvelStudios: Iconic 🤍

#Ironheart, Marvel Television's all-new series from executive producer Ryan Coogler, launches with a 3-episode…",https://x.com/Disney/status/1922687356714311771,0,11885,0,0,true,false,,2026-06-14T02:52:19.446113+00:00,incremental browser-based collection of observable public posts,0,/home/runner/work/x_scrapper/x_scrapper/data/raw/fortune_x_2025_ranked/044_walt_disney,@Disney,https://x.com/Disney,primary,1
44,Walt Disney,@Disney,1922639288220406170,Wed May 14 13:05:01 +0000 2025,"Marvel Television's all-new series #Ironheart launches with a 3-episode premiere June 24 at 6pm PT/ 9pm ET, only on @DisneyPlus. https://t.co/ZGRhMf33fF",https://x.com/Disney/status/1922639288220406170,1384,6059,37153,669,true,false,,2026-06-14T02:52:19.446113+00:00,incremental browser-based collection of observable public posts,0,/home/runner/work/x_scrapper/x_scrapper/data/raw/fortune_x_2025_ranked/044_walt_disney,@Disney,https://x.com/Disney,primary,1
44,Walt Disney,@Disney,1922638025785250087,Wed May 14 13:00:00 +0000 2025,"Iconic 🤍

#Ironheart, Marvel Television's all-new series from executive producer Ryan Coogler, launches with a 3-episode premiere June 24 at 6pm PT/ 9pm ET, only on @DisneyPlus. https://t.co/u3RRAR0hk2",https://x.com/Disney/status/1922638025785250087,2826,11885,52822,4093,true,false,,2026-06-14T02:52:19.446113+00:00,incremental browser-based collection of observable public posts,0,/home/runner/work/x_scrapper/x_scrapper/data/raw/fortune_x_2025_ranked/044_walt_disney,@Disney,https://x.com/Disney,primary,1
44,Walt Disney,@Disney,1920249440863985995,Wed May 07 22:48:37 +0000 2025,"RT @DisneyParks: There’s Disney magic in the sky. 🌌 Breathtaking views, iconic imagery, and beautiful music come together to celebrate the…",https://x.com/Disney/status/1920249440863985995,0,213,0,0,true,false,,2026-06-14T02:52:19.446113+00:00,incremental browser-based collection of observable public posts,0,/home/runner/work/x_scrapper/x_scrapper/data/raw/fortune_x_2025_ranked/044_walt_disney,@Disney,https://x.com/Disney,primary,1
44,Walt Disney,@Disney,1920248636354461827,Wed May 07 22:45:26 +0000 2025,"There’s Disney magic in the sky. 🌌 Breathtaking views, iconic imagery, and beautiful music come together to celebrate the announcement of the new theme park resort in Abu Dhabi. #YasIsland #InAbuDhabi https://t.co/KB3PPfdeIX",https://x.com/Disney/status/1920248636354461827,109,213,929,39,true,false,,2026-06-14T02:52:19.446113+00:00,incremental browser-based collection of observable public posts,0,/home/runner/work/x_scrapper/x_scrapper/data/raw/fortune_x_2025_ranked/044_walt_disney,@Disney,https://x.com/Disney,primary,1
44,Walt Disney,@Disney,1920148251283751422,Wed May 07 16:06:32 +0000 2025,"RT @DisneyParks: 💫 The new waterfront resort in Abu Dhabi - Disney’s seventh theme park resort - will be located on @YasIsland, a world-cla…",https://x.com/Disney/status/1920148251283751422,0,501,0,0,true,false,,2026-06-14T02:52:19.446113+00:00,incremental browser-based collection of observable public posts,0,/home/runner/work/x_scrapper/x_scrapper/data/raw/fortune_x_2025_ranked/044_walt_disney,@Disney,https://x.com/Disney,primary,1
44,Walt Disney,@Disney,1920145092049870993,Wed May 07 15:53:59 +0000 2025,"💫 The new waterfront resort in Abu Dhabi - Disney’s seventh theme park resort - will be located on @YasIsland, a world-class destination for entertainment and leisure, connecting travelers from the Middle East and Africa, India, Asia, Europe, and beyond. #YasIsland #InAbuDhabi https://t.co/JW4f6dFT79",https://x.com/Disney/status/1920145092049870993,180,501,2544,105,true,false,,2026-06-14T02:52:19.446113+00:00,incremental browser-based collection of observable public posts,0,/home/runner/work/x_scrapper/x_scrapper/data/raw/fortune_x_2025_ranked/044_walt_disney,@Disney,https://x.com/Disney,primary,1
44,Walt Disney,@Disney,1920096363247018008,Wed May 07 12:40:21 +0000 2025,"RT @GMA: Get ready for a ""whole new world!"" A seventh @disney destination is coming to Abu Dhabi. @rebeccajarvis sat down with @robertiger…",https://x.com/Disney/status/1920096363247018008,0,104,0,0,true,false,,2026-06-14T02:52:19.446113+00:00,incremental browser-based collection of observable public posts,0,/home/runner/work/x_scrapper/x_scrapper/data/raw/fortune_x_2025_ranked/044_walt_disney,@Disney,https://x.com/Disney,primary,1
44,Walt Disney,@Disney,1920094736104202621,Wed May 07 12:33:53 +0000 2025,RT @DisneyParks: This new theme park resort in Abu Dhabi will be authentically Disney and distinctly Emirati - combing Disney’s iconic stor…,https://x.com/Disney/status/1920094736104202621,0,1033,0,0,true,false,,2026-06-14T02:52:19.446113+00:00,incremental browser-based collection of observable public posts,0,/home/runner/work/x_scrapper/x_scrapper/data/raw/fortune_x_2025_ranked/044_walt_disney,@Disney,https://x.com/Disney,primary,1
44,Walt Disney,@Disney,1920094616356892673,Wed May 07 12:33:24 +0000 2025,"This new theme park resort in Abu Dhabi will be authentically Disney and distinctly Emirati - combing Disney’s iconic stories, characters and attractions with Abu Dhabi’s vibrant culture, stunning shorelines, and breathtaking architecture. ✨ https://t.co/ao2gIoZUTt #YasIsland #InAbuDhabi",https://x.com/Disney/status/1920094616356892673,223,1033,3171,317,true,false,,2026-06-14T02:52:19.446113+00:00,incremental browser-based collection of observable public posts,0,/home/runner/work/x_scrapper/x_scrapper/data/raw/fortune_x_2025_ranked/044_walt_disney,@Disney,https://x.com/Disney,primary,1
44,Walt Disney,@Disney,1920094585230897299,Wed May 07 12:33:17 +0000 2025,"Get ready for a ""whole new world!"" A seventh @disney destination is coming to Abu Dhabi. @rebeccajarvis sat down with @robertiger to talk about ""the most technologically advanced theme park that we've ever built."" https://t.co/V52zirwGsx https://t.co/bJywClYxDp",https://x.com/Disney/status/1920094585230897299,53,104,354,23,true,false,,2026-06-14T02:52:19.446113+00:00,incremental browser-based collection of observable public posts,0,/home/runner/work/x_scrapper/x_scrapper/data/raw/fortune_x_2025_ranked/044_walt_disney,@Disney,https://x.com/Disney,primary,1
44,Walt Disney,@Disney,1920086474894311882,Wed May 07 12:01:03 +0000 2025,RT @DisneyParks: A whole new world awaits ✨ Disney and Miral have announced an agreement to create the seventh Disney theme park resort in…,https://x.com/Disney/status/1920086474894311882,0,2081,0,0,true,false,,2026-06-14T02:52:19.446113+00:00,incremental browser-based collection of observable public posts,0,/home/runner/work/x_scrapper/x_scrapper/data/raw/fortune_x_2025_ranked/044_walt_disney,@Disney,https://x.com/Disney,primary,1
44,Walt Disney,@Disney,1920086410247197087,Wed May 07 12:00:48 +0000 2025,A whole new world awaits ✨ Disney and Miral have announced an agreement to create the seventh Disney theme park resort in Abu Dhabi. https://t.co/Z3II42opKF #YasIsland #InAbuDhabi https://t.co/7MskZjXuvz,https://x.com/Disney/status/1920086410247197087,491,2081,6655,1430,true,false,,2026-06-14T02:52:19.446113+00:00,incremental browser-based collection of observable public posts,0,/home/runner/work/x_scrapper/x_scrapper/data/raw/fortune_x_2025_ranked/044_walt_disney,@Disney,https://x.com/Disney,primary,1
44,Walt Disney,@Disney,1919972047670657159,Wed May 07 04:26:22 +0000 2025,"RT @DisneyStudios: 😜✌️

Tickets are now on sale for #LiloAndStitch! See it only in theaters May 23.  https://t.co/8swY7tYfBp https://t.co/2…",https://x.com/Disney/status/1919972047670657159,0,1855,0,0,true,false,,2026-06-14T02:52:19.446113+00:00,incremental browser-based collection of observable public posts,0,/home/runner/work/x_scrapper/x_scrapper/data/raw/fortune_x_2025_ranked/044_walt_disney,@Disney,https://x.com/Disney,primary,1
44,Walt Disney,@Disney,1919784226523615417,Tue May 06 16:00:02 +0000 2025,"😜✌️

Tickets are now on sale for #LiloAndStitch! See it only in theaters May 23.  https://t.co/8swY7tYfBp https://t.co/2ljUB9VPBs",https://x.com/Disney/status/1919784226523615417,101,1855,7396,300,true,false,,2026-06-14T02:52:19.446113+00:00,incremental browser-based collection of observable public posts,0,/home/runner/work/x_scrapper/x_scrapper/data/raw/fortune_x_2025_ranked/044_walt_disney,@Disney,https://x.com/Disney,primary,1
44,Walt Disney,@Disney,1919743171598209214,Tue May 06 13:16:53 +0000 2025,"RT @DisneyStudios: chaotic duo 👯‍♀️

Get your tickets for #LiloAndStitch, only in theaters May 23! https://t.co/Nf5kNu0A2C https://t.co/yWk…",https://x.com/Disney/status/1919743171598209214,0,1121,0,0,true,false,,2026-06-14T02:52:19.446113+00:00,incremental browser-based collection of observable public posts,0,/home/runner/work/x_scrapper/x_scrapper/data/raw/fortune_x_2025_ranked/044_walt_disney,@Disney,https://x.com/Disney,primary,1
44,Walt Disney,@Disney,1919738926954107334,Tue May 06 13:00:01 +0000 2025,"chaotic duo 👯‍♀️

Get your tickets for #LiloAndStitch, only in theaters May 23! https://t.co/Nf5kNu0A2C https://t.co/yWkoYgt1sb",https://x.com/Disney/status/1919738926954107334,80,1121,7107,105,true,false,,2026-06-14T02:52:19.446113+00:00,incremental browser-based collection of observable public posts,0,/home/runner/work/x_scrapper/x_scrapper/data/raw/fortune_x_2025_ranked/044_walt_disney,@Disney,https://x.com/Disney,primary,1
44,Walt Disney,@Disney,1919426833587872020,Mon May 05 16:19:53 +0000 2025,"RT @MarvelStudios: Marvel Studios' #̶T̶h̶u̶n̶d̶e̶r̶b̶o̶l̶t̶s̶* #TheNewAvengers is now playing only in theaters. 

Get tickets: https://t.co…",https://x.com/Disney/status/1919426833587872020,0,7047,0,0,true,false,,2026-06-14T02:52:19.446113+00:00,incremental browser-based collection of observable public posts,0,/home/runner/work/x_scrapper/x_scrapper/data/raw/fortune_x_2025_ranked/044_walt_disney,@Disney,https://x.com/Disney,primary,1
44,Walt Disney,@Disney,1919421831402139690,Mon May 05 16:00:00 +0000 2025,"Marvel Studios' #̶T̶h̶u̶n̶d̶e̶r̶b̶o̶l̶t̶s̶* #TheNewAvengers is now playing only in theaters. 

Get tickets: https://t.co/bFq0RNfp6K https://t.co/HWfzmFBANq",https://x.com/Disney/status/1919421831402139690,1128,7047,91014,2582,true,false,,2026-06-14T02:52:19.446113+00:00,incremental browser-based collection of observable public posts,0,/home/runner/work/x_scrapper/x_scrapper/data/raw/fortune_x_2025_ranked/044_walt_disney,@Disney,https://x.com/Disney,primary,1
44,Walt Disney,@Disney,1919295909357105242,Mon May 05 07:39:38 +0000 2025,RT @starwars: May the Force be with you. Diego Luna leads a surprise Star Wars celebration for May the 4th at Disneyland After Dark: Star W…,https://x.com/Disney/status/1919295909357105242,0,504,0,0,true,false,,2026-06-14T02:52:19.446113+00:00,incremental browser-based collection of observable public posts,0,/home/runner/work/x_scrapper/x_scrapper/data/raw/fortune_x_2025_ranked/044_walt_disney,@Disney,https://x.com/Disney,primary,1
44,Walt Disney,@Disney,1919287141453975830,Mon May 05 07:04:47 +0000 2025,"May the Force be with you. Diego Luna leads a surprise Star Wars celebration for May the 4th at Disneyland After Dark: Star Wars Nite @Disneyland Resort.

Don’t miss all-new episodes of Andor Tuesdays only on @DisneyPlus. https://t.co/7eKWzHKvLU",https://x.com/Disney/status/1919287141453975830,57,504,4871,25,true,false,,2026-06-14T02:52:19.446113+00:00,incremental browser-based collection of observable public posts,0,/home/runner/work/x_scrapper/x_scrapper/data/raw/fortune_x_2025_ranked/044_walt_disney,@Disney,https://x.com/Disney,primary,1
44,Walt Disney,@Disney,1919067428606062955,Sun May 04 16:31:44 +0000 2025,RT @starwars: To the greatest fans in the galaxy... May the 4th be with you. https://t.co/RLuOl5BusA,https://x.com/Disney/status/1919067428606062955,0,24305,0,0,true,false,,2026-06-14T02:52:19.446113+00:00,incremental browser-based collection of observable public posts,0,/home/runner/work/x_scrapper/x_scrapper/data/raw/fortune_x_2025_ranked/044_walt_disney,@Disney,https://x.com/Disney,primary,1
44,Walt Disney,@Disney,1919029244874957305,Sun May 04 14:00:00 +0000 2025,To the greatest fans in the galaxy... May the 4th be with you. https://t.co/RLuOl5BusA,https://x.com/Disney/status/1919029244874957305,1109,24305,90172,1547,true,false,,2026-06-14T02:52:19.446113+00:00,incremental browser-based collection of observable public posts,0,/home/runner/work/x_scrapper/x_scrapper/data/raw/fortune_x_2025_ranked/044_walt_disney,@Disney,https://x.com/Disney,primary,1
44,Walt Disney,@Disney,1918413504975126692,Fri May 02 21:13:16 +0000 2025,"RT @GMA: All aboard! Three @MakeAWish kids and their families set off on a magical journey aboard @DisneyCruise's aptly named ship, the Dis…",https://x.com/Disney/status/1918413504975126692,0,39,0,0,true,false,,2026-06-14T02:52:19.446113+00:00,incremental browser-based collection of observable public posts,0,/home/runner/work/x_scrapper/x_scrapper/data/raw/fortune_x_2025_ranked/044_walt_disney,@Disney,https://x.com/Disney,primary,1
44,Walt Disney,@Disney,1918361309290369318,Fri May 02 17:45:52 +0000 2025,RT @MarvelStudios: Marvel Studios’ #Thunderbolts* is NOW PLAYING! Get tickets: https://t.co/bFq0RNfp6K https://t.co/6ylOAW2Z3Z,https://x.com/Disney/status/1918361309290369318,0,386,0,0,true,false,,2026-06-14T02:52:19.446113+00:00,incremental browser-based collection of observable public posts,0,/home/runner/work/x_scrapper/x_scrapper/data/raw/fortune_x_2025_ranked/044_walt_disney,@Disney,https://x.com/Disney,primary,1
44,Walt Disney,@Disney,1918344879559852168,Fri May 02 16:40:35 +0000 2025,Marvel Studios’ #Thunderbolts* is NOW PLAYING! Get tickets: https://t.co/bFq0RNfp6K https://t.co/6ylOAW2Z3Z,https://x.com/Disney/status/1918344879559852168,64,386,3359,17,true,false,,2026-06-14T02:52:19.446113+00:00,incremental browser-based collection of observable public posts,0,/home/runner/work/x_scrapper/x_scrapper/data/raw/fortune_x_2025_ranked/044_walt_disney,@Disney,https://x.com/Disney,primary,1
44,Walt Disney,@Disney,1918295287325470989,Fri May 02 13:23:31 +0000 2025,"All aboard! Three @MakeAWish kids and their families set off on a magical journey aboard @DisneyCruise's aptly named ship, the Disney Wish. 🛳️

@ginger_zee has more as we wrap up @Disney's Week of Wishes! https://t.co/hddKcmrQaX",https://x.com/Disney/status/1918295287325470989,17,39,152,2,true,false,,2026-06-14T02:52:19.446113+00:00,incremental browser-based collection of observable public posts,0,/home/runner/work/x_scrapper/x_scrapper/data/raw/fortune_x_2025_ranked/044_walt_disney,@Disney,https://x.com/Disney,primary,1
44,Walt Disney,@Disney,1918113661404815681,Fri May 02 01:21:48 +0000 2025,"RT @GMA: These kids had the most magical celebration ever! ✨

@Disney teamed up with @MakeAWish to throw a magical “Once Upon A Wish” party…",https://x.com/Disney/status/1918113661404815681,0,45,0,0,true,false,,2026-06-14T02:52:19.446113+00:00,incremental browser-based collection of observable public posts,0,/home/runner/work/x_scrapper/x_scrapper/data/raw/fortune_x_2025_ranked/044_walt_disney,@Disney,https://x.com/Disney,primary,1
44,Walt Disney,@Disney,1918044387155780012,Thu May 01 20:46:32 +0000 2025,RT @NatGeoTV: ✨ Witness the magic as @MakeAWish kid and @natgeotv fan Lavender fulfills her wish to create a historical documentary for her…,https://x.com/Disney/status/1918044387155780012,0,24,0,0,true,false,,2026-06-14T02:52:19.446113+00:00,incremental browser-based collection of observable public posts,0,/home/runner/work/x_scrapper/x_scrapper/data/raw/fortune_x_2025_ranked/044_walt_disney,@Disney,https://x.com/Disney,primary,1
44,Walt Disney,@Disney,1917993536886091905,Thu May 01 17:24:28 +0000 2025,✨ Witness the magic as @MakeAWish kid and @natgeotv fan Lavender fulfills her wish to create a historical documentary for her favorite teacher! 🎥📚 https://t.co/mtXn8a17xU,https://x.com/Disney/status/1917993536886091905,6,24,96,0,true,false,,2026-06-14T02:52:19.446113+00:00,incremental browser-based collection of observable public posts,0,/home/runner/work/x_scrapper/x_scrapper/data/raw/fortune_x_2025_ranked/044_walt_disney,@Disney,https://x.com/Disney,primary,1
44,Walt Disney,@Disney,1917967082513371499,Thu May 01 15:39:21 +0000 2025,RT @starwars: Get your blasters ready because Fortnite Galactic Battle launches TOMORROW! https://t.co/8ru708X62h,https://x.com/Disney/status/1917967082513371499,0,1016,0,0,true,false,,2026-06-14T02:52:19.446113+00:00,incremental browser-based collection of observable public posts,0,/home/runner/work/x_scrapper/x_scrapper/data/raw/fortune_x_2025_ranked/044_walt_disney,@Disney,https://x.com/Disney,primary,1
44,Walt Disney,@Disney,1917942088223916257,Thu May 01 14:00:02 +0000 2025,Get your blasters ready because Fortnite Galactic Battle launches TOMORROW! https://t.co/8ru708X62h,https://x.com/Disney/status/1917942088223916257,150,1016,8214,157,true,false,,2026-06-14T02:52:19.446113+00:00,incremental browser-based collection of observable public posts,0,/home/runner/work/x_scrapper/x_scrapper/data/raw/fortune_x_2025_ranked/044_walt_disney,@Disney,https://x.com/Disney,primary,1
44,Walt Disney,@Disney,1917931643441926184,Thu May 01 13:18:31 +0000 2025,"These kids had the most magical celebration ever! ✨

@Disney teamed up with @MakeAWish to throw a magical “Once Upon A Wish” party at @WaltDisneyWorld, where 48 children from across North America were transformed into princesses! 👸

@DisneyParks https://t.co/IxAb0HS5hY",https://x.com/Disney/status/1917931643441926184,13,45,145,3,true,false,,2026-06-14T02:52:19.446113+00:00,incremental browser-based collection of observable public posts,0,/home/runner/work/x_scrapper/x_scrapper/data/raw/fortune_x_2025_ranked/044_walt_disney,@Disney,https://x.com/Disney,primary,1
44,Walt Disney,@Disney,1917609115553259689,Wed Apr 30 15:56:55 +0000 2025,RT @DisneyParks: Bailey's wish: To dress like Rapunzel 🪄 Her wish came true at Once Upon A Wish Party ✨ #DisneyWeekOfWishes https://t.co/Dc…,https://x.com/Disney/status/1917609115553259689,0,42,0,0,true,false,,2026-06-14T02:52:19.446113+00:00,incremental browser-based collection of observable public posts,0,/home/runner/work/x_scrapper/x_scrapper/data/raw/fortune_x_2025_ranked/044_walt_disney,@Disney,https://x.com/Disney,primary,1
44,Walt Disney,@Disney,1917605957535949054,Wed Apr 30 15:44:22 +0000 2025,"RT @GMA: #Thunderbolts* star Sebastian Stan makes one @MarvelStudios fan's dream come true, turning her birthday into an unforgettable expe…",https://x.com/Disney/status/1917605957535949054,0,190,0,0,true,false,,2026-06-14T02:52:19.446113+00:00,incremental browser-based collection of observable public posts,0,/home/runner/work/x_scrapper/x_scrapper/data/raw/fortune_x_2025_ranked/044_walt_disney,@Disney,https://x.com/Disney,primary,1
44,Walt Disney,@Disney,1917586630531035305,Wed Apr 30 14:27:34 +0000 2025,Bailey's wish: To dress like Rapunzel 🪄 Her wish came true at Once Upon A Wish Party ✨ #DisneyWeekOfWishes https://t.co/DcO4sMV7OD,https://x.com/Disney/status/1917586630531035305,17,42,264,4,true,false,,2026-06-14T02:52:19.446113+00:00,incremental browser-based collection of observable public posts,0,/home/runner/work/x_scrapper/x_scrapper/data/raw/fortune_x_2025_ranked/044_walt_disney,@Disney,https://x.com/Disney,primary,1
44,Walt Disney,@Disney,1917565988683309502,Wed Apr 30 13:05:33 +0000 2025,"#Thunderbolts* star Sebastian Stan makes one @MarvelStudios fan's dream come true, turning her birthday into an unforgettable experience in honor of @Disney's Week of Wishes, celebrating 45 years of partnering with @MakeAWish. ✨ 

@Marvel https://t.co/MDyp4oHQQg",https://x.com/Disney/status/1917565988683309502,12,190,747,12,true,false,,2026-06-14T02:52:19.446113+00:00,incremental browser-based collection of observable public posts,0,/home/runner/work/x_scrapper/x_scrapper/data/raw/fortune_x_2025_ranked/044_walt_disney,@Disney,https://x.com/Disney,primary,1
44,Walt Disney,@Disney,1917370098354118924,Wed Apr 30 00:07:09 +0000 2025,RT @Pixar: Disney and Pixar partnered with Make-A-Wish® to grant wishes and bring joy to children and families when they need it most—like…,https://x.com/Disney/status/1917370098354118924,0,139,0,0,true,false,,2026-06-14T02:52:19.446113+00:00,incremental browser-based collection of observable public posts,0,/home/runner/work/x_scrapper/x_scrapper/data/raw/fortune_x_2025_ranked/044_walt_disney,@Disney,https://x.com/Disney,primary,1
44,Walt Disney,@Disney,1917324327038640622,Tue Apr 29 21:05:16 +0000 2025,"RT @RottenTomatoes: #Thunderbolts* is Certified Fresh at 88% on the Tomatometer, with 89 reviews: https://t.co/k5OPO8cZWd https://t.co/64j4…",https://x.com/Disney/status/1917324327038640622,0,560,0,0,true,false,,2026-06-14T02:52:19.446113+00:00,incremental browser-based collection of observable public posts,0,/home/runner/work/x_scrapper/x_scrapper/data/raw/fortune_x_2025_ranked/044_walt_disney,@Disney,https://x.com/Disney,primary,1
44,Walt Disney,@Disney,1917292738648891436,Tue Apr 29 18:59:45 +0000 2025,"RT @starwars: Mark your calendars. On May 2, experience the first two episodes of Star Wars: Tales of the Underworld on the all-new Star Wa…",https://x.com/Disney/status/1917292738648891436,0,547,0,0,true,false,,2026-06-14T02:52:19.446113+00:00,incremental browser-based collection of observable public posts,0,/home/runner/work/x_scrapper/x_scrapper/data/raw/fortune_x_2025_ranked/044_walt_disney,@Disney,https://x.com/Disney,primary,1
44,Walt Disney,@Disney,1917279847451353221,Tue Apr 29 18:08:31 +0000 2025,"#Thunderbolts* is Certified Fresh at 88% on the Tomatometer, with 89 reviews: https://t.co/k5OPO8cZWd https://t.co/64j4xXM95a",https://x.com/Disney/status/1917279847451353221,75,560,3949,96,true,false,,2026-06-14T02:52:19.446113+00:00,incremental browser-based collection of observable public posts,0,/home/runner/work/x_scrapper/x_scrapper/data/raw/fortune_x_2025_ranked/044_walt_disney,@Disney,https://x.com/Disney,primary,1
44,Walt Disney,@Disney,1917277705378357707,Tue Apr 29 18:00:00 +0000 2025,"Mark your calendars. On May 2, experience the first two episodes of Star Wars: Tales of the Underworld on the all-new Star Wars Watch Party island in @Fortnite.  

Watch all the episodes on May 4, only on @DisneyPlus. https://t.co/Pdg1rmU4V0",https://x.com/Disney/status/1917277705378357707,84,547,3870,120,true,false,,2026-06-14T02:52:19.446113+00:00,incremental browser-based collection of observable public posts,0,/home/runner/work/x_scrapper/x_scrapper/data/raw/fortune_x_2025_ranked/044_walt_disney,@Disney,https://x.com/Disney,primary,1
44,Walt Disney,@Disney,1917255057709359299,Tue Apr 29 16:30:01 +0000 2025,"Disney and Pixar partnered with Make-A-Wish® to grant wishes and bring joy to children and families when they need it most—like Ella, who visited our studio, learned about animation, and even recorded her very own voice session. 💙 #DisneyWeekOfWishes https://t.co/akMThKY0JN",https://x.com/Disney/status/1917255057709359299,17,139,936,7,true,false,,2026-06-14T02:52:19.446113+00:00,incremental browser-based collection of observable public posts,0,/home/runner/work/x_scrapper/x_scrapper/data/raw/fortune_x_2025_ranked/044_walt_disney,@Disney,https://x.com/Disney,primary,1
44,Walt Disney,@Disney,1917254395676540969,Tue Apr 29 16:27:23 +0000 2025,RT @DisneyParks: A full circle moment for Mady 🫶 #DisneyWeekOfWishes https://t.co/LbQmRAqX3e,https://x.com/Disney/status/1917254395676540969,0,40,0,0,true,false,,2026-06-14T02:52:19.446113+00:00,incremental browser-based collection of observable public posts,0,/home/runner/work/x_scrapper/x_scrapper/data/raw/fortune_x_2025_ranked/044_walt_disney,@Disney,https://x.com/Disney,primary,1
44,Walt Disney,@Disney,1917253067436859837,Tue Apr 29 16:22:06 +0000 2025,"RT @GMA: Nine-year-old Adira and 10-year-old Brantley had their @AmericanIdol dreams come true, thanks to @lukebryan and @MakeAWish! 🎶👏

Th…",https://x.com/Disney/status/1917253067436859837,0,43,0,0,true,false,,2026-06-14T02:52:19.446113+00:00,incremental browser-based collection of observable public posts,0,/home/runner/work/x_scrapper/x_scrapper/data/raw/fortune_x_2025_ranked/044_walt_disney,@Disney,https://x.com/Disney,primary,1
44,Walt Disney,@Disney,1917232418068574559,Tue Apr 29 15:00:03 +0000 2025,A full circle moment for Mady 🫶 #DisneyWeekOfWishes https://t.co/LbQmRAqX3e,https://x.com/Disney/status/1917232418068574559,9,40,288,3,true,false,,2026-06-14T02:52:19.446113+00:00,incremental browser-based collection of observable public posts,0,/home/runner/work/x_scrapper/x_scrapper/data/raw/fortune_x_2025_ranked/044_walt_disney,@Disney,https://x.com/Disney,primary,1
44,Walt Disney,@Disney,1917201756188004413,Tue Apr 29 12:58:13 +0000 2025,"Nine-year-old Adira and 10-year-old Brantley had their @AmericanIdol dreams come true, thanks to @lukebryan and @MakeAWish! 🎶👏

The country superstar and American Idol judge teamed up with Make-A-Wish to help celebrate World Wish Day as part of @Disney's Week of Wishes. https://t.co/RZMeSPwbta",https://x.com/Disney/status/1917201756188004413,4,43,127,1,true,false,,2026-06-14T02:52:19.446113+00:00,incremental browser-based collection of observable public posts,0,/home/runner/work/x_scrapper/x_scrapper/data/raw/fortune_x_2025_ranked/044_walt_disney,@Disney,https://x.com/Disney,primary,1
44,Walt Disney,@Disney,1916882339277471913,Mon Apr 28 15:48:58 +0000 2025,"RT @GMA: Cast members at @Disneyland help six-year-old Justice Brown’s wish of becoming a Disney princess come true! 💫💕

@Disney has grante…",https://x.com/Disney/status/1916882339277471913,0,44,0,0,true,false,,2026-06-14T02:52:19.446113+00:00,incremental browser-based collection of observable public posts,0,/home/runner/work/x_scrapper/x_scrapper/data/raw/fortune_x_2025_ranked/044_walt_disney,@Disney,https://x.com/Disney,primary,1
44,Walt Disney,@Disney,1916836221315154034,Mon Apr 28 12:45:42 +0000 2025,"Cast members at @Disneyland help six-year-old Justice Brown’s wish of becoming a Disney princess come true! 💫💕

@Disney has granted over 165,000 wishes since 1980. Now, it’s launching its first “Week of Wishes” to celebrate 45 years of @MakeAWish.

@DisneyParks https://t.co/Dfpn6jvTha",https://x.com/Disney/status/1916836221315154034,6,44,166,1,true,false,,2026-06-14T02:52:19.446113+00:00,incremental browser-based collection of observable public posts,0,/home/runner/work/x_scrapper/x_scrapper/data/raw/fortune_x_2025_ranked/044_walt_disney,@Disney,https://x.com/Disney,primary,1
44,Walt Disney,@Disney,1916545918465200457,Sun Apr 27 17:32:09 +0000 2025,RT @DisneyParks: Your wish is granted ✨ Make-A-Wish kids find out they've been invited to the Once Upon A Wish Party at @WaltDisneyWorld 🏰…,https://x.com/Disney/status/1916545918465200457,0,43,0,0,true,false,,2026-06-14T02:52:19.446113+00:00,incremental browser-based collection of observable public posts,0,/home/runner/work/x_scrapper/x_scrapper/data/raw/fortune_x_2025_ranked/044_walt_disney,@Disney,https://x.com/Disney,primary,1
44,Walt Disney,@Disney,1916539372654248053,Sun Apr 27 17:06:08 +0000 2025,"Wishes come true in Disney’s timeless stories, &amp; it doesn’t end there! As the world’s largest wish granter for Make-A-Wish, A Disney wish is granted every hour of every day. Follow along during #DisneyWeekOfWishes &amp; learn how you can become a WishMaker at https://t.co/F7pdWUSOIY https://t.co/0BvX7fVU3m",https://x.com/Disney/status/1916539372654248053,90,141,1046,14,true,false,,2026-06-14T02:52:19.446113+00:00,incremental browser-based collection of observable public posts,0,/home/runner/work/x_scrapper/x_scrapper/data/raw/fortune_x_2025_ranked/044_walt_disney,@Disney,https://x.com/Disney,primary,1
44,Walt Disney,@Disney,1915495446044123456,Thu Apr 24 19:57:57 +0000 2025,Your wish is granted ✨ Make-A-Wish kids find out they've been invited to the Once Upon A Wish Party at @WaltDisneyWorld 🏰 https://t.co/8BDSsBtD7w,https://x.com/Disney/status/1915495446044123456,16,43,316,1,true,false,,2026-06-14T02:52:19.446113+00:00,incremental browser-based collection of observable public posts,0,/home/runner/work/x_scrapper/x_scrapper/data/raw/fortune_x_2025_ranked/044_walt_disney,@Disney,https://x.com/Disney,primary,1
44,Walt Disney,@Disney,1913942412843774092,Sun Apr 20 13:06:45 +0000 2025,RT @starwars: Thank you to the best fans in the galaxy. https://t.co/mq0gTcBPEq,https://x.com/Disney/status/1913942412843774092,0,1724,0,0,true,false,,2026-06-14T02:52:19.446113+00:00,incremental browser-based collection of observable public posts,0,/home/runner/work/x_scrapper/x_scrapper/data/raw/fortune_x_2025_ranked/044_walt_disney,@Disney,https://x.com/Disney,primary,1
44,Walt Disney,@Disney,1913942383219314724,Sun Apr 20 13:06:38 +0000 2025,RT @starwars: The Force is strong at #StarWarsCelebration. https://t.co/83w6h2ZqV9,https://x.com/Disney/status/1913942383219314724,0,959,0,0,true,false,,2026-06-14T02:52:19.446113+00:00,incremental browser-based collection of observable public posts,0,/home/runner/work/x_scrapper/x_scrapper/data/raw/fortune_x_2025_ranked/044_walt_disney,@Disney,https://x.com/Disney,primary,1
44,Walt Disney,@Disney,1913942170651987992,Sun Apr 20 13:05:47 +0000 2025,RT @starwars: Here's to Day 3 of Star Wars Celebration. https://t.co/XKOe2iPj77,https://x.com/Disney/status/1913942170651987992,0,124,0,0,true,false,,2026-06-14T02:52:19.446113+00:00,incremental browser-based collection of observable public posts,0,/home/runner/work/x_scrapper/x_scrapper/data/raw/fortune_x_2025_ranked/044_walt_disney,@Disney,https://x.com/Disney,primary,1
44,Walt Disney,@Disney,1913864501805436993,Sun Apr 20 07:57:09 +0000 2025,The Force is strong at #StarWarsCelebration. https://t.co/83w6h2ZqV9,https://x.com/Disney/status/1913864501805436993,89,959,8446,50,true,false,,2026-06-14T02:52:19.446113+00:00,incremental browser-based collection of observable public posts,0,/home/runner/work/x_scrapper/x_scrapper/data/raw/fortune_x_2025_ranked/044_walt_disney,@Disney,https://x.com/Disney,primary,1
44,Walt Disney,@Disney,1913844012798169550,Sun Apr 20 06:35:44 +0000 2025,Thank you to the best fans in the galaxy. https://t.co/mq0gTcBPEq,https://x.com/Disney/status/1913844012798169550,132,1724,10591,152,true,false,,2026-06-14T02:52:19.446113+00:00,incremental browser-based collection of observable public posts,0,/home/runner/work/x_scrapper/x_scrapper/data/raw/fortune_x_2025_ranked/044_walt_disney,@Disney,https://x.com/Disney,primary,1
44,Walt Disney,@Disney,1913805182498124212,Sun Apr 20 04:01:26 +0000 2025,Here's to Day 3 of Star Wars Celebration. https://t.co/XKOe2iPj77,https://x.com/Disney/status/1913805182498124212,26,124,1415,3,true,false,,2026-06-14T02:52:19.446113+00:00,incremental browser-based collection of observable public posts,0,/home/runner/work/x_scrapper/x_scrapper/data/raw/fortune_x_2025_ranked/044_walt_disney,@Disney,https://x.com/Disney,primary,1
44,Walt Disney,@Disney,1913795537842979137,Sun Apr 20 03:23:07 +0000 2025,"RT @DisneyParks: New location revealed! ✨ First look at Coruscant and new artwork of Tatooine, Bespin, and the second Death Star at Endor c…",https://x.com/Disney/status/1913795537842979137,0,162,0,0,true,false,,2026-06-14T02:52:19.446113+00:00,incremental browser-based collection of observable public posts,0,/home/runner/work/x_scrapper/x_scrapper/data/raw/fortune_x_2025_ranked/044_walt_disney,@Disney,https://x.com/Disney,primary,1
44,Walt Disney,@Disney,1913792745161855433,Sun Apr 20 03:12:01 +0000 2025,"New location revealed! ✨ First look at Coruscant and new artwork of Tatooine, Bespin, and the second Death Star at Endor coming to Millennium Falcon: Smugglers Run! https://t.co/5TK7koGGQK #StarWarsCelebration https://t.co/vWfzD4c232",https://x.com/Disney/status/1913792745161855433,18,162,944,26,true,false,,2026-06-14T02:52:19.446113+00:00,incremental browser-based collection of observable public posts,0,/home/runner/work/x_scrapper/x_scrapper/data/raw/fortune_x_2025_ranked/044_walt_disney,@Disney,https://x.com/Disney,primary,1
44,Walt Disney,@Disney,1913785250708373718,Sun Apr 20 02:42:14 +0000 2025,"RT @starwars: ✔️ Star Wars Themed Battle Pass
✔️ Weekly Gameplay Content
✔️ Culminating in a Live End of Season Narrative Event
 ➡️ Fortnit…",https://x.com/Disney/status/1913785250708373718,0,2008,0,0,true,false,,2026-06-14T02:52:19.446113+00:00,incremental browser-based collection of observable public posts,0,/home/runner/work/x_scrapper/x_scrapper/data/raw/fortune_x_2025_ranked/044_walt_disney,@Disney,https://x.com/Disney,primary,1
44,Walt Disney,@Disney,1913784597055488170,Sun Apr 20 02:39:38 +0000 2025,"✔️ Star Wars Themed Battle Pass
✔️ Weekly Gameplay Content
✔️ Culminating in a Live End of Season Narrative Event
 ➡️ Fortnite Galactic Battle arrives May 2, 2025 https://t.co/JmRStRA2Um",https://x.com/Disney/status/1913784597055488170,359,2008,13168,517,true,false,,2026-06-14T02:52:19.446113+00:00,incremental browser-based collection of observable public posts,0,/home/runner/work/x_scrapper/x_scrapper/data/raw/fortune_x_2025_ranked/044_walt_disney,@Disney,https://x.com/Disney,primary,1
44,Walt Disney,@Disney,1913775083224703092,Sun Apr 20 02:01:50 +0000 2025,"RT @starwars: The Ninth Jedi, a new Star Wars: Visions Presents limited series, coming to @DisneyPlus in 2026. #StarWarsCelebration https:/…",https://x.com/Disney/status/1913775083224703092,0,1135,0,0,true,false,,2026-06-14T02:52:19.446113+00:00,incremental browser-based collection of observable public posts,0,/home/runner/work/x_scrapper/x_scrapper/data/raw/fortune_x_2025_ranked/044_walt_disney,@Disney,https://x.com/Disney,primary,1
44,Walt Disney,@Disney,1913773866184556894,Sun Apr 20 01:57:00 +0000 2025,"The Ninth Jedi, a new Star Wars: Visions Presents limited series, coming to @DisneyPlus in 2026. #StarWarsCelebration https://t.co/aB55norE1g",https://x.com/Disney/status/1913773866184556894,129,1135,8170,361,true,false,,2026-06-14T02:52:19.446113+00:00,incremental browser-based collection of observable public posts,0,/home/runner/work/x_scrapper/x_scrapper/data/raw/fortune_x_2025_ranked/044_walt_disney,@Disney,https://x.com/Disney,primary,1
44,Walt Disney,@Disney,1913772998928318580,Sun Apr 20 01:53:33 +0000 2025,"RT @starwars: Star Wars: Visions Volume 3 arrives October 29, 2025 only on @DisneyPlus. #StarWarsCelebration https://t.co/9bGEu1DQZS",https://x.com/Disney/status/1913772998928318580,0,1153,0,0,true,false,,2026-06-14T02:52:19.446113+00:00,incremental browser-based collection of observable public posts,0,/home/runner/work/x_scrapper/x_scrapper/data/raw/fortune_x_2025_ranked/044_walt_disney,@Disney,https://x.com/Disney,primary,1
44,Walt Disney,@Disney,1913772975415021760,Sun Apr 20 01:53:28 +0000 2025,RT @starwars: The Star Wars: Visions panel has begun on the Star Wars Celebration stage! https://t.co/s9VYDJhTh2,https://x.com/Disney/status/1913772975415021760,0,124,0,0,true,false,,2026-06-14T02:52:19.446113+00:00,incremental browser-based collection of observable public posts,0,/home/runner/work/x_scrapper/x_scrapper/data/raw/fortune_x_2025_ranked/044_walt_disney,@Disney,https://x.com/Disney,primary,1
44,Walt Disney,@Disney,1913771830026080458,Sun Apr 20 01:48:55 +0000 2025,"Star Wars: Visions Volume 3 arrives October 29, 2025 only on @DisneyPlus. #StarWarsCelebration https://t.co/9bGEu1DQZS",https://x.com/Disney/status/1913771830026080458,70,1153,5157,177,true,false,,2026-06-14T02:52:19.446113+00:00,incremental browser-based collection of observable public posts,0,/home/runner/work/x_scrapper/x_scrapper/data/raw/fortune_x_2025_ranked/044_walt_disney,@Disney,https://x.com/Disney,primary,1
44,Walt Disney,@Disney,1913763237461455284,Sun Apr 20 01:14:46 +0000 2025,The Star Wars: Visions panel has begun on the Star Wars Celebration stage! https://t.co/s9VYDJhTh2,https://x.com/Disney/status/1913763237461455284,24,124,1247,4,true,false,,2026-06-14T02:52:19.446113+00:00,incremental browser-based collection of observable public posts,0,/home/runner/work/x_scrapper/x_scrapper/data/raw/fortune_x_2025_ranked/044_walt_disney,@Disney,https://x.com/Disney,primary,1
44,Walt Disney,@Disney,1913626069183434777,Sat Apr 19 16:09:43 +0000 2025,"RT @starwars: Lead a squad of the most cunning operatives in the Clone Wars - welcome to Zero Company.

Experience turn-based tactics from…",https://x.com/Disney/status/1913626069183434777,0,876,0,0,true,false,,2026-06-14T02:52:19.446113+00:00,incremental browser-based collection of observable public posts,0,/home/runner/work/x_scrapper/x_scrapper/data/raw/fortune_x_2025_ranked/044_walt_disney,@Disney,https://x.com/Disney,primary,1
44,Walt Disney,@Disney,1913626025881395642,Sat Apr 19 16:09:32 +0000 2025,RT @starwars: Snips and Skyguy forever. Rosario Dawson and Hayden Christensen reunite during Star Wars Celebration. https://t.co/YiBCHaRk0K,https://x.com/Disney/status/1913626025881395642,0,1520,0,0,true,false,,2026-06-14T02:52:19.446113+00:00,incremental browser-based collection of observable public posts,0,/home/runner/work/x_scrapper/x_scrapper/data/raw/fortune_x_2025_ranked/044_walt_disney,@Disney,https://x.com/Disney,primary,1
44,Walt Disney,@Disney,1913626013319528825,Sat Apr 19 16:09:29 +0000 2025,"RT @starwars: See you in Ahsoka Season 2, Skyguy. https://t.co/Kn7XfywFGg",https://x.com/Disney/status/1913626013319528825,0,3998,0,0,true,false,,2026-06-14T02:52:19.446113+00:00,incremental browser-based collection of observable public posts,0,/home/runner/work/x_scrapper/x_scrapper/data/raw/fortune_x_2025_ranked/044_walt_disney,@Disney,https://x.com/Disney,primary,1
44,Walt Disney,@Disney,1913625952774721792,Sat Apr 19 16:09:15 +0000 2025,RT @starwars: The Chosen One has arrived. Hayden Christensen has surprised fans at the Ahsoka Star Wars Celebration panel. https://t.co/bDL…,https://x.com/Disney/status/1913625952774721792,0,733,0,0,true,false,,2026-06-14T02:52:19.446113+00:00,incremental browser-based collection of observable public posts,0,/home/runner/work/x_scrapper/x_scrapper/data/raw/fortune_x_2025_ranked/044_walt_disney,@Disney,https://x.com/Disney,primary,1
44,Walt Disney,@Disney,1913501014914707517,Sat Apr 19 07:52:47 +0000 2025,"Lead a squad of the most cunning operatives in the Clone Wars - welcome to Zero Company.

Experience turn-based tactics from the pioneers of the genre Bit Reactor Studios, made in collaboration with ReSpawn, and Lucasfilm Games. Star Wars Zero Company - Coming in 2026. #SWZeroC https://t.co/91xS0YiQc3",https://x.com/Disney/status/1913501014914707517,122,876,6139,223,true,false,,2026-06-14T02:52:19.446113+00:00,incremental browser-based collection of observable public posts,0,/home/runner/work/x_scrapper/x_scrapper/data/raw/fortune_x_2025_ranked/044_walt_disney,@Disney,https://x.com/Disney,primary,1
44,Walt Disney,@Disney,1913467380791222668,Sat Apr 19 05:39:08 +0000 2025,Snips and Skyguy forever. Rosario Dawson and Hayden Christensen reunite during Star Wars Celebration. https://t.co/YiBCHaRk0K,https://x.com/Disney/status/1913467380791222668,112,1520,21717,183,true,false,,2026-06-14T02:52:19.446113+00:00,incremental browser-based collection of observable public posts,0,/home/runner/work/x_scrapper/x_scrapper/data/raw/fortune_x_2025_ranked/044_walt_disney,@Disney,https://x.com/Disney,primary,1
44,Walt Disney,@Disney,1913465717380534342,Sat Apr 19 05:32:32 +0000 2025,"See you in Ahsoka Season 2, Skyguy. https://t.co/Kn7XfywFGg",https://x.com/Disney/status/1913465717380534342,199,3998,48237,551,true,false,,2026-06-14T02:52:19.446113+00:00,incremental browser-based collection of observable public posts,0,/home/runner/work/x_scrapper/x_scrapper/data/raw/fortune_x_2025_ranked/044_walt_disney,@Disney,https://x.com/Disney,primary,1
44,Walt Disney,@Disney,1913449853805273569,Sat Apr 19 04:29:29 +0000 2025,The Chosen One has arrived. Hayden Christensen has surprised fans at the Ahsoka Star Wars Celebration panel. https://t.co/bDLW34dByT,https://x.com/Disney/status/1913449853805273569,62,733,7172,99,true,false,,2026-06-14T02:52:19.446113+00:00,incremental browser-based collection of observable public posts,0,/home/runner/work/x_scrapper/x_scrapper/data/raw/fortune_x_2025_ranked/044_walt_disney,@Disney,https://x.com/Disney,primary,1
44,Walt Disney,@Disney,1913417894672712024,Sat Apr 19 02:22:30 +0000 2025,"RT @starwars: Join Diego Luna and the cast of Andor, as they dive deeper behind the scenes of the final season.

The three-episode premiere…",https://x.com/Disney/status/1913417894672712024,0,431,0,0,true,false,,2026-06-14T02:52:19.446113+00:00,incremental browser-based collection of observable public posts,0,/home/runner/work/x_scrapper/x_scrapper/data/raw/fortune_x_2025_ranked/044_walt_disney,@Disney,https://x.com/Disney,primary,1
44,Walt Disney,@Disney,1913417451423015065,Sat Apr 19 02:20:44 +0000 2025,"Join Diego Luna and the cast of Andor, as they dive deeper behind the scenes of the final season.

The three-episode premiere streams Tuesday, only on @DisneyPlus. #StarWarsCelebration https://t.co/dVj7WPZmAn",https://x.com/Disney/status/1913417451423015065,35,431,2400,54,true,false,,2026-06-14T02:52:19.446113+00:00,incremental browser-based collection of observable public posts,0,/home/runner/work/x_scrapper/x_scrapper/data/raw/fortune_x_2025_ranked/044_walt_disney,@Disney,https://x.com/Disney,primary,1
44,Walt Disney,@Disney,1913415628272337201,Sat Apr 19 02:13:29 +0000 2025,RT @starwars: The cast of Andor Season 2 have taken the Star Wars Celebration Stage! https://t.co/UTY6H4VNv5,https://x.com/Disney/status/1913415628272337201,0,245,0,0,true,false,,2026-06-14T02:52:19.446113+00:00,incremental browser-based collection of observable public posts,0,/home/runner/work/x_scrapper/x_scrapper/data/raw/fortune_x_2025_ranked/044_walt_disney,@Disney,https://x.com/Disney,primary,1
44,Walt Disney,@Disney,1913415608227807447,Sat Apr 19 02:13:25 +0000 2025,"RT @starwars: Missing #StarWarsCelebration? Get caught up on all the news from a galaxy far, far away in one place: https://t.co/oeqDXW9wJz…",https://x.com/Disney/status/1913415608227807447,0,97,0,0,true,false,,2026-06-14T02:52:19.446113+00:00,incremental browser-based collection of observable public posts,0,/home/runner/work/x_scrapper/x_scrapper/data/raw/fortune_x_2025_ranked/044_walt_disney,@Disney,https://x.com/Disney,primary,1
44,Walt Disney,@Disney,1913399813938528502,Sat Apr 19 01:10:39 +0000 2025,The cast of Andor Season 2 have taken the Star Wars Celebration Stage! https://t.co/UTY6H4VNv5,https://x.com/Disney/status/1913399813938528502,24,245,1604,29,true,false,,2026-06-14T02:52:19.446113+00:00,incremental browser-based collection of observable public posts,0,/home/runner/work/x_scrapper/x_scrapper/data/raw/fortune_x_2025_ranked/044_walt_disney,@Disney,https://x.com/Disney,primary,1
44,Walt Disney,@Disney,1913355817757376794,Fri Apr 18 22:15:50 +0000 2025,"Missing #StarWarsCelebration? Get caught up on all the news from a galaxy far, far away in one place: https://t.co/oeqDXW9wJz https://t.co/QfcLmV4lhh",https://x.com/Disney/status/1913355817757376794,20,97,752,0,true,false,,2026-06-14T02:52:19.446113+00:00,incremental browser-based collection of observable public posts,0,/home/runner/work/x_scrapper/x_scrapper/data/raw/fortune_x_2025_ranked/044_walt_disney,@Disney,https://x.com/Disney,primary,1
44,Walt Disney,@Disney,1913249492318437487,Fri Apr 18 15:13:20 +0000 2025,"RT @starwars: The stars have aligned at Star Wars Celebration.

Kathleen Kennedy, Dave Filoni, Jon Favreau, Pedro Pascal, Sigourney Weaver,…",https://x.com/Disney/status/1913249492318437487,0,933,0,0,true,false,,2026-06-14T02:52:19.446113+00:00,incremental browser-based collection of observable public posts,0,/home/runner/work/x_scrapper/x_scrapper/data/raw/fortune_x_2025_ranked/044_walt_disney,@Disney,https://x.com/Disney,primary,1
44,Walt Disney,@Disney,1913246987719447027,Fri Apr 18 15:03:22 +0000 2025,RT @starwars: Picture perfect at Tokyo’s Zojoji Temple with the cast and filmmakers of Star Wars. #StarWarsCelebration https://t.co/jczphfc…,https://x.com/Disney/status/1913246987719447027,0,1567,0,0,true,false,,2026-06-14T02:52:19.446113+00:00,incremental browser-based collection of observable public posts,0,/home/runner/work/x_scrapper/x_scrapper/data/raw/fortune_x_2025_ranked/044_walt_disney,@Disney,https://x.com/Disney,primary,1
44,Walt Disney,@Disney,1913246952105672814,Fri Apr 18 15:03:14 +0000 2025,"The stars have aligned at Star Wars Celebration.

Kathleen Kennedy, Dave Filoni, Jon Favreau, Pedro Pascal, Sigourney Weaver, Tony Gilroy, Diego Luna, Rosario Dawson, Hayden Christensen, Shawn Levy &amp; Ryan Gosling came together to celebrate storytelling in a galaxy far, far away. https://t.co/dfQamt6hoP",https://x.com/Disney/status/1913246952105672814,99,933,6249,119,true,false,,2026-06-14T02:52:19.446113+00:00,incremental browser-based collection of observable public posts,0,/home/runner/work/x_scrapper/x_scrapper/data/raw/fortune_x_2025_ranked/044_walt_disney,@Disney,https://x.com/Disney,primary,1
44,Walt Disney,@Disney,1913242402284032050,Fri Apr 18 14:45:09 +0000 2025,Picture perfect at Tokyo’s Zojoji Temple with the cast and filmmakers of Star Wars. #StarWarsCelebration https://t.co/jczphfcBTb,https://x.com/Disney/status/1913242402284032050,38,1567,8043,172,true,false,,2026-06-14T02:52:19.446113+00:00,incremental browser-based collection of observable public posts,0,/home/runner/work/x_scrapper/x_scrapper/data/raw/fortune_x_2025_ranked/044_walt_disney,@Disney,https://x.com/Disney,primary,1
44,Walt Disney,@Disney,1913175286532964580,Fri Apr 18 10:18:28 +0000 2025,RT @starwars: Sam Witwer has surprised fans at the Lucasfilm Animation 20th anniversary #StarWarsCelebration panel. https://t.co/l7Y4C7Zr3M…,https://x.com/Disney/status/1913175286532964580,0,1004,0,0,true,false,,2026-06-14T02:52:19.446113+00:00,incremental browser-based collection of observable public posts,0,/home/runner/work/x_scrapper/x_scrapper/data/raw/fortune_x_2025_ranked/044_walt_disney,@Disney,https://x.com/Disney,primary,1
44,Walt Disney,@Disney,1913175273333526572,Fri Apr 18 10:18:24 +0000 2025,RT @starwars: Cheers to 20 years of Lucasfilm Animation. #StarWarsCelebration https://t.co/v2gop2lckH,https://x.com/Disney/status/1913175273333526572,0,11910,0,0,true,false,,2026-06-14T02:52:19.446113+00:00,incremental browser-based collection of observable public posts,0,/home/runner/work/x_scrapper/x_scrapper/data/raw/fortune_x_2025_ranked/044_walt_disney,@Disney,https://x.com/Disney,primary,1
44,Walt Disney,@Disney,1913175263133016491,Fri Apr 18 10:18:22 +0000 2025,"RT @starwars: Celebrating 20 years of Lucasfilm Animation. Maul - Shadow Lord, an all-new Star Wars animated series, just announced at #Sta…",https://x.com/Disney/status/1913175263133016491,0,1276,0,0,true,false,,2026-06-14T02:52:19.446113+00:00,incremental browser-based collection of observable public posts,0,/home/runner/work/x_scrapper/x_scrapper/data/raw/fortune_x_2025_ranked/044_walt_disney,@Disney,https://x.com/Disney,primary,1
44,Walt Disney,@Disney,1913175225073594574,Fri Apr 18 10:18:13 +0000 2025,"RT @starwars: Maul - Shadow Lord, a Star Wars Original series, arrives on @DisneyPlus in 2026. #StarWarsCelebration https://t.co/yW2YDxGj3J",https://x.com/Disney/status/1913175225073594574,0,6649,0,0,true,false,,2026-06-14T02:52:19.446113+00:00,incremental browser-based collection of observable public posts,0,/home/runner/work/x_scrapper/x_scrapper/data/raw/fortune_x_2025_ranked/044_walt_disney,@Disney,https://x.com/Disney,primary,1
44,Walt Disney,@Disney,1913134955040735668,Fri Apr 18 07:38:12 +0000 2025,Sam Witwer has surprised fans at the Lucasfilm Animation 20th anniversary #StarWarsCelebration panel. https://t.co/l7Y4C7Zr3M https://t.co/M76x28yJFS,https://x.com/Disney/status/1913134955040735668,111,1004,9638,164,true,false,,2026-06-14T02:52:19.446113+00:00,incremental browser-based collection of observable public posts,0,/home/runner/work/x_scrapper/x_scrapper/data/raw/fortune_x_2025_ranked/044_walt_disney,@Disney,https://x.com/Disney,primary,1
44,Walt Disney,@Disney,1913133734150512647,Fri Apr 18 07:33:21 +0000 2025,Cheers to 20 years of Lucasfilm Animation. #StarWarsCelebration https://t.co/v2gop2lckH,https://x.com/Disney/status/1913133734150512647,726,11910,73705,1937,true,false,,2026-06-14T02:52:19.446113+00:00,incremental browser-based collection of observable public posts,0,/home/runner/work/x_scrapper/x_scrapper/data/raw/fortune_x_2025_ranked/044_walt_disney,@Disney,https://x.com/Disney,primary,1
44,Walt Disney,@Disney,1913133510724141064,Fri Apr 18 07:32:27 +0000 2025,"Celebrating 20 years of Lucasfilm Animation. Maul - Shadow Lord, an all-new Star Wars animated series, just announced at #StarWarsCelebration. https://t.co/5DuQ5E2lye",https://x.com/Disney/status/1913133510724141064,53,1276,8111,106,true,false,,2026-06-14T02:52:19.446113+00:00,incremental browser-based collection of observable public posts,0,/home/runner/work/x_scrapper/x_scrapper/data/raw/fortune_x_2025_ranked/044_walt_disney,@Disney,https://x.com/Disney,primary,1
44,Walt Disney,@Disney,1913133212349726755,Fri Apr 18 07:31:16 +0000 2025,"Maul - Shadow Lord, a Star Wars Original series, arrives on @DisneyPlus in 2026. #StarWarsCelebration https://t.co/yW2YDxGj3J",https://x.com/Disney/status/1913133212349726755,1059,6649,57150,2659,true,false,,2026-06-14T02:52:19.446113+00:00,incremental browser-based collection of observable public posts,0,/home/runner/work/x_scrapper/x_scrapper/data/raw/fortune_x_2025_ranked/044_walt_disney,@Disney,https://x.com/Disney,primary,1
44,Walt Disney,@Disney,1913100704782434642,Fri Apr 18 05:22:06 +0000 2025,"RT @starwars: Watch Light and Magic Season 2, now streaming on @DisneyPlus. #StarWarsCelebration https://t.co/jNSnAyU73X",https://x.com/Disney/status/1913100704782434642,0,415,0,0,true,false,,2026-06-14T02:52:19.446113+00:00,incremental browser-based collection of observable public posts,0,/home/runner/work/x_scrapper/x_scrapper/data/raw/fortune_x_2025_ranked/044_walt_disney,@Disney,https://x.com/Disney,primary,1
44,Walt Disney,@Disney,1913100693508100353,Fri Apr 18 05:22:03 +0000 2025,"RT @starwars: The rebels that redefined cinema are back. 

Light and Magic Season 2 is now streaming on @DisneyPlus. #StarWarsCelebration h…",https://x.com/Disney/status/1913100693508100353,0,564,0,0,true,false,,2026-06-14T02:52:19.446113+00:00,incremental browser-based collection of observable public posts,0,/home/runner/work/x_scrapper/x_scrapper/data/raw/fortune_x_2025_ranked/044_walt_disney,@Disney,https://x.com/Disney,primary,1
44,Walt Disney,@Disney,1913095202413445348,Fri Apr 18 05:00:14 +0000 2025,"Watch Light and Magic Season 2, now streaming on @DisneyPlus. #StarWarsCelebration https://t.co/jNSnAyU73X",https://x.com/Disney/status/1913095202413445348,23,415,3606,36,true,false,,2026-06-14T02:52:19.446113+00:00,incremental browser-based collection of observable public posts,0,/home/runner/work/x_scrapper/x_scrapper/data/raw/fortune_x_2025_ranked/044_walt_disney,@Disney,https://x.com/Disney,primary,1
44,Walt Disney,@Disney,1913095140413215010,Fri Apr 18 04:59:59 +0000 2025,"The rebels that redefined cinema are back. 

Light and Magic Season 2 is now streaming on @DisneyPlus. #StarWarsCelebration https://t.co/aqnp5fvrai",https://x.com/Disney/status/1913095140413215010,29,564,4528,36,true,false,,2026-06-14T02:52:19.446113+00:00,incremental browser-based collection of observable public posts,0,/home/runner/work/x_scrapper/x_scrapper/data/raw/fortune_x_2025_ranked/044_walt_disney,@Disney,https://x.com/Disney,primary,1
44,Walt Disney,@Disney,1913072468433977350,Fri Apr 18 03:29:54 +0000 2025,"RT @starwars: Star Wars is coming to MONOPOLY GO! on May 1! Get ready to immerse yourself in Tatooine treasures, the thrills of pod racing,…",https://x.com/Disney/status/1913072468433977350,0,162,0,0,true,false,,2026-06-14T02:52:19.446113+00:00,incremental browser-based collection of observable public posts,0,/home/runner/work/x_scrapper/x_scrapper/data/raw/fortune_x_2025_ranked/044_walt_disney,@Disney,https://x.com/Disney,primary,1
44,Walt Disney,@Disney,1913072451258663225,Fri Apr 18 03:29:50 +0000 2025,"RT @starwars: The Chosen One, Hayden Christensen thanks the fans and kicks off #StarWarsCelebration weekend. https://t.co/7ZPwSgWeiC",https://x.com/Disney/status/1913072451258663225,0,1879,0,0,true,false,,2026-06-14T02:52:19.446113+00:00,incremental browser-based collection of observable public posts,0,/home/runner/work/x_scrapper/x_scrapper/data/raw/fortune_x_2025_ranked/044_walt_disney,@Disney,https://x.com/Disney,primary,1
44,Walt Disney,@Disney,1913072090917576728,Fri Apr 18 03:28:24 +0000 2025,"The Chosen One, Hayden Christensen thanks the fans and kicks off #StarWarsCelebration weekend. https://t.co/7ZPwSgWeiC",https://x.com/Disney/status/1913072090917576728,183,1879,14668,227,true,false,,2026-06-14T02:52:19.446113+00:00,incremental browser-based collection of observable public posts,0,/home/runner/work/x_scrapper/x_scrapper/data/raw/fortune_x_2025_ranked/044_walt_disney,@Disney,https://x.com/Disney,primary,1
44,Walt Disney,@Disney,1913072049897218152,Fri Apr 18 03:28:14 +0000 2025,"Star Wars is coming to MONOPOLY GO! on May 1! Get ready to immerse yourself in Tatooine treasures, the thrills of pod racing, and relive your favorite galactic moments in an all new crossover event! https://t.co/0dArRyuqEx",https://x.com/Disney/status/1913072049897218152,26,162,1386,28,true,false,,2026-06-14T02:52:19.446113+00:00,incremental browser-based collection of observable public posts,0,/home/runner/work/x_scrapper/x_scrapper/data/raw/fortune_x_2025_ranked/044_walt_disney,@Disney,https://x.com/Disney,primary,1
44,Walt Disney,@Disney,1913046689566560660,Fri Apr 18 01:47:28 +0000 2025,RT @starwars: The Mandalorian and Grogu's Pedro Pascal reunites with Grogu during Star Wars Celebration. https://t.co/e95BWne3M4,https://x.com/Disney/status/1913046689566560660,0,4445,0,0,true,false,,2026-06-14T02:52:19.446113+00:00,incremental browser-based collection of observable public posts,0,/home/runner/work/x_scrapper/x_scrapper/data/raw/fortune_x_2025_ranked/044_walt_disney,@Disney,https://x.com/Disney,primary,1
44,Walt Disney,@Disney,1913044891246203145,Fri Apr 18 01:40:19 +0000 2025,The Mandalorian and Grogu's Pedro Pascal reunites with Grogu during Star Wars Celebration. https://t.co/e95BWne3M4,https://x.com/Disney/status/1913044891246203145,285,4445,20701,1043,true,false,,2026-06-14T02:52:19.446113+00:00,incremental browser-based collection of observable public posts,0,/home/runner/work/x_scrapper/x_scrapper/data/raw/fortune_x_2025_ranked/044_walt_disney,@Disney,https://x.com/Disney,primary,1
44,Walt Disney,@Disney,1913042728767893560,Fri Apr 18 01:31:43 +0000 2025,"RT @starwars: Ryan Gosling, star of the upcoming Star Wars: Starfighter, makes his Star Wars Celebration debut. https://t.co/CeZtI36QhO",https://x.com/Disney/status/1913042728767893560,0,2628,0,0,true,false,,2026-06-14T02:52:19.446113+00:00,incremental browser-based collection of observable public posts,0,/home/runner/work/x_scrapper/x_scrapper/data/raw/fortune_x_2025_ranked/044_walt_disney,@Disney,https://x.com/Disney,primary,1
44,Walt Disney,@Disney,1913042634047967677,Fri Apr 18 01:31:21 +0000 2025,RT @starwars: Star Wars: Starfighter is a standalone film that takes place five years after the events of Star Wars: Episode IX - The Rise…,https://x.com/Disney/status/1913042634047967677,0,1287,0,0,true,false,,2026-06-14T02:52:19.446113+00:00,incremental browser-based collection of observable public posts,0,/home/runner/work/x_scrapper/x_scrapper/data/raw/fortune_x_2025_ranked/044_walt_disney,@Disney,https://x.com/Disney,primary,1
44,Walt Disney,@Disney,1913041742129234016,Fri Apr 18 01:27:48 +0000 2025,"RT @starwars: The Mandalorian and Grogu comes to theaters May 22, 2026. #StarWarsCelebration https://t.co/Z7DRuvkG7M",https://x.com/Disney/status/1913041742129234016,0,6178,0,0,true,false,,2026-06-14T02:52:19.446113+00:00,incremental browser-based collection of observable public posts,0,/home/runner/work/x_scrapper/x_scrapper/data/raw/fortune_x_2025_ranked/044_walt_disney,@Disney,https://x.com/Disney,primary,1
44,Walt Disney,@Disney,1913041683828322697,Fri Apr 18 01:27:34 +0000 2025,"The Mandalorian and Grogu comes to theaters May 22, 2026. #StarWarsCelebration https://t.co/Z7DRuvkG7M",https://x.com/Disney/status/1913041683828322697,392,6178,36538,980,true,false,,2026-06-14T02:52:19.446113+00:00,incremental browser-based collection of observable public posts,0,/home/runner/work/x_scrapper/x_scrapper/data/raw/fortune_x_2025_ranked/044_walt_disney,@Disney,https://x.com/Disney,primary,1
44,Walt Disney,@Disney,1913041166972625098,Fri Apr 18 01:25:31 +0000 2025,Star Wars: Starfighter is a standalone film that takes place five years after the events of Star Wars: Episode IX - The Rise of Skywalker and begins production this fall. https://t.co/A3xgUDE1G0 https://t.co/Kkazz9tyvH,https://x.com/Disney/status/1913041166972625098,464,1287,10247,452,true,false,,2026-06-14T02:52:19.446113+00:00,incremental browser-based collection of observable public posts,0,/home/runner/work/x_scrapper/x_scrapper/data/raw/fortune_x_2025_ranked/044_walt_disney,@Disney,https://x.com/Disney,primary,1
44,Walt Disney,@Disney,1913040926664270303,Fri Apr 18 01:24:34 +0000 2025,"RT @starwars: Star Wars: Starfighter comes to theaters on May 28, 2027. #StarWarsCelebration https://t.co/dsbVb3VdBY",https://x.com/Disney/status/1913040926664270303,0,5203,0,0,true,false,,2026-06-14T02:52:19.446113+00:00,incremental browser-based collection of observable public posts,0,/home/runner/work/x_scrapper/x_scrapper/data/raw/fortune_x_2025_ranked/044_walt_disney,@Disney,https://x.com/Disney,primary,1
44,Walt Disney,@Disney,1913040662628618670,Fri Apr 18 01:23:31 +0000 2025,"Star Wars: Starfighter comes to theaters on May 28, 2027. #StarWarsCelebration https://t.co/dsbVb3VdBY",https://x.com/Disney/status/1913040662628618670,648,5203,29435,1433,true,false,,2026-06-14T02:52:19.446113+00:00,incremental browser-based collection of observable public posts,0,/home/runner/work/x_scrapper/x_scrapper/data/raw/fortune_x_2025_ranked/044_walt_disney,@Disney,https://x.com/Disney,primary,1
44,Walt Disney,@Disney,1913040614276628673,Fri Apr 18 01:23:19 +0000 2025,"RT @starwars: Star Wars films by James Mangold, Sharmeen Obaid-Chinoy, Taika Waititi and a new trilogy by Simon Kinberg are in ongoing deve…",https://x.com/Disney/status/1913040614276628673,0,644,0,0,true,false,,2026-06-14T02:52:19.446113+00:00,incremental browser-based collection of observable public posts,0,/home/runner/work/x_scrapper/x_scrapper/data/raw/fortune_x_2025_ranked/044_walt_disney,@Disney,https://x.com/Disney,primary,1
44,Walt Disney,@Disney,1913040413671510297,Fri Apr 18 01:22:31 +0000 2025,"Ryan Gosling, star of the upcoming Star Wars: Starfighter, makes his Star Wars Celebration debut. https://t.co/CeZtI36QhO",https://x.com/Disney/status/1913040413671510297,453,2628,27558,1028,true,false,,2026-06-14T02:52:19.446113+00:00,incremental browser-based collection of observable public posts,0,/home/runner/work/x_scrapper/x_scrapper/data/raw/fortune_x_2025_ranked/044_walt_disney,@Disney,https://x.com/Disney,primary,1
44,Walt Disney,@Disney,1913039663708979618,Fri Apr 18 01:19:33 +0000 2025,"RT @starwars: It’s time!

#StarWarsCelebration LIVE! begins now! https://t.co/lIHnmSrCBE https://t.co/s5t9LB3fDz",https://x.com/Disney/status/1913039663708979618,0,208,0,0,true,false,,2026-06-14T02:52:19.446113+00:00,incremental browser-based collection of observable public posts,0,/home/runner/work/x_scrapper/x_scrapper/data/raw/fortune_x_2025_ranked/044_walt_disney,@Disney,https://x.com/Disney,primary,1
44,Walt Disney,@Disney,1913038691402125629,Fri Apr 18 01:15:41 +0000 2025,"Star Wars films by James Mangold, Sharmeen Obaid-Chinoy, Taika Waititi and a new trilogy by Simon Kinberg are in ongoing development. https://t.co/Qr45RElP7u",https://x.com/Disney/status/1913038691402125629,250,644,5189,372,true,false,,2026-06-14T02:52:19.446113+00:00,incremental browser-based collection of observable public posts,0,/home/runner/work/x_scrapper/x_scrapper/data/raw/fortune_x_2025_ranked/044_walt_disney,@Disney,https://x.com/Disney,primary,1
44,Walt Disney,@Disney,1913038290078302514,Fri Apr 18 01:14:05 +0000 2025,"It’s time!

#StarWarsCelebration LIVE! begins now! https://t.co/lIHnmSrCBE https://t.co/s5t9LB3fDz",https://x.com/Disney/status/1913038290078302514,37,208,1185,24,true,false,,2026-06-14T02:52:19.446113+00:00,incremental browser-based collection of observable public posts,0,/home/runner/work/x_scrapper/x_scrapper/data/raw/fortune_x_2025_ranked/044_walt_disney,@Disney,https://x.com/Disney,primary,1
44,Walt Disney,@Disney,1912926876869505075,Thu Apr 17 17:51:22 +0000 2025,"RT @FantasticFour: #TheFantasticFour: First Steps

Only in theaters July 25. https://t.co/7ILkowM1ev",https://x.com/Disney/status/1912926876869505075,0,6122,0,0,false,false,,2026-06-14T02:52:19.446113+00:00,incremental browser-based collection of observable public posts,0,/home/runner/work/x_scrapper/x_scrapper/data/raw/fortune_x_2025_ranked/044_walt_disney,@Disney,https://x.com/Disney,primary,1
44,Walt Disney,@Disney,1912926860088094802,Thu Apr 17 17:51:18 +0000 2025,"RT @FantasticFour: Together. As a family.

Marvel Studios’ #TheFantasticFour: First Steps arrives in theaters July 25. 
https://t.co/2hTa3a…",https://x.com/Disney/status/1912926860088094802,0,6196,0,0,true,false,,2026-06-14T02:52:19.446113+00:00,incremental browser-based collection of observable public posts,0,/home/runner/work/x_scrapper/x_scrapper/data/raw/fortune_x_2025_ranked/044_walt_disney,@Disney,https://x.com/Disney,primary,1
44,Walt Disney,@Disney,1912870008348426296,Thu Apr 17 14:05:24 +0000 2025,"#TheFantasticFour: First Steps

Only in theaters July 25. https://t.co/7ILkowM1ev",https://x.com/Disney/status/1912870008348426296,194,6122,44145,544,true,false,,2026-06-14T02:52:19.446113+00:00,incremental browser-based collection of observable public posts,0,/home/runner/work/x_scrapper/x_scrapper/data/raw/fortune_x_2025_ranked/044_walt_disney,@Disney,https://x.com/Disney,primary,1
44,Walt Disney,@Disney,1912868792004464824,Thu Apr 17 14:00:34 +0000 2025,"Together. As a family.

Marvel Studios’ #TheFantasticFour: First Steps arrives in theaters July 25. 
https://t.co/2hTa3aH4vd",https://x.com/Disney/status/1912868792004464824,495,6196,32046,2809,true,false,,2026-06-14T02:52:19.446113+00:00,incremental browser-based collection of observable public posts,0,/home/runner/work/x_scrapper/x_scrapper/data/raw/fortune_x_2025_ranked/044_walt_disney,@Disney,https://x.com/Disney,primary,1
44,Walt Disney,@Disney,1910822218273337661,Fri Apr 11 22:28:12 +0000 2025,RT @RottenTomatoes: Audiences say #TheAmateur is Hot at 88% on the Popcornmeter: https://t.co/dY7VSoVang https://t.co/ceCzX5FJDr,https://x.com/Disney/status/1910822218273337661,0,92,0,0,true,false,,2026-06-14T02:52:19.446113+00:00,incremental browser-based collection of observable public posts,0,/home/runner/work/x_scrapper/x_scrapper/data/raw/fortune_x_2025_ranked/044_walt_disney,@Disney,https://x.com/Disney,primary,1
44,Walt Disney,@Disney,1910782640564666433,Fri Apr 11 19:50:56 +0000 2025,Audiences say #TheAmateur is Hot at 88% on the Popcornmeter: https://t.co/dY7VSoVang https://t.co/ceCzX5FJDr,https://x.com/Disney/status/1910782640564666433,30,92,635,6,true,false,,2026-06-14T02:52:19.446113+00:00,incremental browser-based collection of observable public posts,0,/home/runner/work/x_scrapper/x_scrapper/data/raw/fortune_x_2025_ranked/044_walt_disney,@Disney,https://x.com/Disney,primary,1
44,Walt Disney,@Disney,1908551262276387149,Sat Apr 05 16:04:14 +0000 2025,"RT @DisneyStudios: No going back.

#TronAres arrives only in theaters October 10. https://t.co/LPZBU68cVP",https://x.com/Disney/status/1908551262276387149,0,4892,0,0,true,false,,2026-06-14T02:52:19.446113+00:00,incremental browser-based collection of observable public posts,0,/home/runner/work/x_scrapper/x_scrapper/data/raw/fortune_x_2025_ranked/044_walt_disney,@Disney,https://x.com/Disney,primary,1
44,Walt Disney,@Disney,1908550429010756094,Sat Apr 05 16:00:56 +0000 2025,"No going back.

#TronAres arrives only in theaters October 10. https://t.co/LPZBU68cVP",https://x.com/Disney/status/1908550429010756094,503,4892,30038,669,true,false,,2026-06-14T02:52:19.446113+00:00,incremental browser-based collection of observable public posts,0,/home/runner/work/x_scrapper/x_scrapper/data/raw/fortune_x_2025_ranked/044_walt_disney,@Disney,https://x.com/Disney,primary,1
44,Walt Disney,@Disney,1908550401122582684,Sat Apr 05 16:00:49 +0000 2025,"RT @DisneyStudios: This October, worlds will collide. 

#TronAres. Only in theaters 10.10.25 https://t.co/9Q1RAUBHBU",https://x.com/Disney/status/1908550401122582684,0,6794,0,0,true,false,,2026-06-14T02:52:19.446113+00:00,incremental browser-based collection of observable public posts,0,/home/runner/work/x_scrapper/x_scrapper/data/raw/fortune_x_2025_ranked/044_walt_disney,@Disney,https://x.com/Disney,primary,1
44,Walt Disney,@Disney,1908550197057409026,Sat Apr 05 16:00:00 +0000 2025,"This October, worlds will collide. 

#TronAres. Only in theaters 10.10.25 https://t.co/9Q1RAUBHBU",https://x.com/Disney/status/1908550197057409026,975,6794,30065,4214,true,false,,2026-06-14T02:52:19.446113+00:00,incremental browser-based collection of observable public posts,0,/home/runner/work/x_scrapper/x_scrapper/data/raw/fortune_x_2025_ranked/044_walt_disney,@Disney,https://x.com/Disney,primary,1
44,Walt Disney,@Disney,1907934781209456975,Thu Apr 03 23:14:34 +0000 2025,RT @DisneyAnimation: 🚨NEW ANIMAL JUST DROPPED🚨 Meet the newest addition to Zootopia 2 with Quinta Brunson as the quokka therapist Dr. Fuzzb…,https://x.com/Disney/status/1907934781209456975,0,978,0,0,true,false,,2026-06-14T02:52:19.446113+00:00,incremental browser-based collection of observable public posts,0,/home/runner/work/x_scrapper/x_scrapper/data/raw/fortune_x_2025_ranked/044_walt_disney,@Disney,https://x.com/Disney,primary,1
44,Walt Disney,@Disney,1907934759428465150,Thu Apr 03 23:14:29 +0000 2025,"RT @DisneyAnimation: Ke Huy Quan, Zootopia 2's Gary De'Snake 🐍, arrives on the #CinemaCon ssstage https://t.co/oj43YHzdPX",https://x.com/Disney/status/1907934759428465150,0,204,0,0,true,false,,2026-06-14T02:52:19.446113+00:00,incremental browser-based collection of observable public posts,0,/home/runner/work/x_scrapper/x_scrapper/data/raw/fortune_x_2025_ranked/044_walt_disney,@Disney,https://x.com/Disney,primary,1
44,Walt Disney,@Disney,1907933892759396854,Thu Apr 03 23:11:02 +0000 2025,RT @MarvelStudios: The cast of #Thunderbolts* arrives at @CaesarsPalace in a certified Red Guardian’s Limo Service limo ahead of #CinemaCon…,https://x.com/Disney/status/1907933892759396854,0,934,0,0,true,false,,2026-06-14T02:52:19.446113+00:00,incremental browser-based collection of observable public posts,0,/home/runner/work/x_scrapper/x_scrapper/data/raw/fortune_x_2025_ranked/044_walt_disney,@Disney,https://x.com/Disney,primary,1
44,Walt Disney,@Disney,1907932925401677841,Thu Apr 03 23:07:11 +0000 2025,"Ke Huy Quan, Zootopia 2's Gary De'Snake 🐍, arrives on the #CinemaCon ssstage https://t.co/oj43YHzdPX",https://x.com/Disney/status/1907932925401677841,33,204,942,17,true,false,,2026-06-14T02:52:19.446113+00:00,incremental browser-based collection of observable public posts,0,/home/runner/work/x_scrapper/x_scrapper/data/raw/fortune_x_2025_ranked/044_walt_disney,@Disney,https://x.com/Disney,primary,1
44,Walt Disney,@Disney,1907932218456158683,Thu Apr 03 23:04:23 +0000 2025,🚨NEW ANIMAL JUST DROPPED🚨 Meet the newest addition to Zootopia 2 with Quinta Brunson as the quokka therapist Dr. Fuzzby! https://t.co/0iIk8hEvET,https://x.com/Disney/status/1907932218456158683,133,978,4819,199,true,false,,2026-06-14T02:52:19.446113+00:00,incremental browser-based collection of observable public posts,0,/home/runner/work/x_scrapper/x_scrapper/data/raw/fortune_x_2025_ranked/044_walt_disney,@Disney,https://x.com/Disney,primary,1
44,Walt Disney,@Disney,1907924296284123607,Thu Apr 03 22:32:54 +0000 2025,The cast of #Thunderbolts* arrives at @CaesarsPalace in a certified Red Guardian’s Limo Service limo ahead of #CinemaCon! https://t.co/spdOuTwKL4,https://x.com/Disney/status/1907924296284123607,42,934,6965,68,true,false,,2026-06-14T02:52:19.446113+00:00,incremental browser-based collection of observable public posts,0,/home/runner/work/x_scrapper/x_scrapper/data/raw/fortune_x_2025_ranked/044_walt_disney,@Disney,https://x.com/Disney,primary,1
44,Walt Disney,@Disney,1907922290416955491,Thu Apr 03 22:24:56 +0000 2025,RT @DisneyStudios: Jeff Bridges &amp; Jared Leto light up the #CinemaCon stage for Tron: Ares. https://t.co/vxHL7kbrt5,https://x.com/Disney/status/1907922290416955491,0,531,0,0,true,false,,2026-06-14T02:52:19.446113+00:00,incremental browser-based collection of observable public posts,0,/home/runner/work/x_scrapper/x_scrapper/data/raw/fortune_x_2025_ranked/044_walt_disney,@Disney,https://x.com/Disney,primary,1
44,Walt Disney,@Disney,1907922277574021316,Thu Apr 03 22:24:53 +0000 2025,RT @DisneyStudios: Program initiated. #CinemaCon https://t.co/QUan8n66ma,https://x.com/Disney/status/1907922277574021316,0,390,0,0,true,false,,2026-06-14T02:52:19.446113+00:00,incremental browser-based collection of observable public posts,0,/home/runner/work/x_scrapper/x_scrapper/data/raw/fortune_x_2025_ranked/044_walt_disney,@Disney,https://x.com/Disney,primary,1
44,Walt Disney,@Disney,1907922267335725478,Thu Apr 03 22:24:50 +0000 2025,RT @DisneyStudios: Did you feel that? Lindsay Lohan and Jamie Lee Curtis reunite at #CinemaCon to celebrate Freakier Friday coming to theat…,https://x.com/Disney/status/1907922267335725478,0,285,0,0,true,false,,2026-06-14T02:52:19.446113+00:00,incremental browser-based collection of observable public posts,0,/home/runner/work/x_scrapper/x_scrapper/data/raw/fortune_x_2025_ranked/044_walt_disney,@Disney,https://x.com/Disney,primary,1
44,Walt Disney,@Disney,1907918898550419546,Thu Apr 03 22:11:27 +0000 2025,Jeff Bridges &amp; Jared Leto light up the #CinemaCon stage for Tron: Ares. https://t.co/vxHL7kbrt5,https://x.com/Disney/status/1907918898550419546,94,531,4589,65,true,false,,2026-06-14T02:52:19.446113+00:00,incremental browser-based collection of observable public posts,0,/home/runner/work/x_scrapper/x_scrapper/data/raw/fortune_x_2025_ranked/044_walt_disney,@Disney,https://x.com/Disney,primary,1
44,Walt Disney,@Disney,1907918298785964058,Thu Apr 03 22:09:04 +0000 2025,Program initiated. #CinemaCon https://t.co/QUan8n66ma,https://x.com/Disney/status/1907918298785964058,36,390,2643,41,true,false,,2026-06-14T02:52:19.446113+00:00,incremental browser-based collection of observable public posts,0,/home/runner/work/x_scrapper/x_scrapper/data/raw/fortune_x_2025_ranked/044_walt_disney,@Disney,https://x.com/Disney,primary,1
44,Walt Disney,@Disney,1907916694145872216,Thu Apr 03 22:02:41 +0000 2025,Did you feel that? Lindsay Lohan and Jamie Lee Curtis reunite at #CinemaCon to celebrate Freakier Friday coming to theaters August 8. https://t.co/3Hv3djwG5G,https://x.com/Disney/status/1907916694145872216,66,285,1777,33,true,false,,2026-06-14T02:52:19.446113+00:00,incremental browser-based collection of observable public posts,0,/home/runner/work/x_scrapper/x_scrapper/data/raw/fortune_x_2025_ranked/044_walt_disney,@Disney,https://x.com/Disney,primary,1
44,Walt Disney,@Disney,1907915963485622555,Thu Apr 03 21:59:47 +0000 2025,"RT @DisneyStudios: Ruff. 🐶

Check out this clip from #LiloAndStitch and see the movie only in theaters May 23! https://t.co/Go99eOKZik",https://x.com/Disney/status/1907915963485622555,0,1737,0,0,true,false,,2026-06-14T02:52:19.446113+00:00,incremental browser-based collection of observable public posts,0,/home/runner/work/x_scrapper/x_scrapper/data/raw/fortune_x_2025_ranked/044_walt_disney,@Disney,https://x.com/Disney,primary,1
44,Walt Disney,@Disney,1907915952899109204,Thu Apr 03 21:59:45 +0000 2025,"RT @DisneyStudios: There's one in every family ¯\_(ツ)_/¯

#LiloAndStitch arrives only in theaters May 23! https://t.co/hehrSsR935",https://x.com/Disney/status/1907915952899109204,0,3575,0,0,true,false,,2026-06-14T02:52:19.446113+00:00,incremental browser-based collection of observable public posts,0,/home/runner/work/x_scrapper/x_scrapper/data/raw/fortune_x_2025_ranked/044_walt_disney,@Disney,https://x.com/Disney,primary,1
44,Walt Disney,@Disney,1907915527365730326,Thu Apr 03 21:58:03 +0000 2025,"Ruff. 🐶

Check out this clip from #LiloAndStitch and see the movie only in theaters May 23! https://t.co/Go99eOKZik",https://x.com/Disney/status/1907915527365730326,99,1737,7578,172,true,false,,2026-06-14T02:52:19.446113+00:00,incremental browser-based collection of observable public posts,0,/home/runner/work/x_scrapper/x_scrapper/data/raw/fortune_x_2025_ranked/044_walt_disney,@Disney,https://x.com/Disney,primary,1
44,Walt Disney,@Disney,1907915439440802084,Thu Apr 03 21:57:42 +0000 2025,"There's one in every family ¯\_(ツ)_/¯

#LiloAndStitch arrives only in theaters May 23! https://t.co/hehrSsR935",https://x.com/Disney/status/1907915439440802084,134,3575,21845,255,true,false,,2026-06-14T02:52:19.446113+00:00,incremental browser-based collection of observable public posts,0,/home/runner/work/x_scrapper/x_scrapper/data/raw/fortune_x_2025_ranked/044_walt_disney,@Disney,https://x.com/Disney,primary,1
44,Walt Disney,@Disney,1907822972213305460,Thu Apr 03 15:50:16 +0000 2025,"RT @DisneyTVA: The band is back together and coming to a screen near! New Season premieres June 5 on @DisneyChannel, and next day on @Disne…",https://x.com/Disney/status/1907822972213305460,0,1068,0,0,true,false,,2026-06-14T02:52:19.446113+00:00,incremental browser-based collection of observable public posts,0,/home/runner/work/x_scrapper/x_scrapper/data/raw/fortune_x_2025_ranked/044_walt_disney,@Disney,https://x.com/Disney,primary,1
44,Walt Disney,@Disney,1907818526964068672,Thu Apr 03 15:32:37 +0000 2025,"RT @DisneyTVA: PHINALLY! Summer belongs to you (again!) New Season premieres June 5 on @DisneyChannel, and next day on @DisneyPlus! https:/…",https://x.com/Disney/status/1907818526964068672,0,1050,0,0,true,false,,2026-06-14T02:52:19.446113+00:00,incremental browser-based collection of observable public posts,0,/home/runner/work/x_scrapper/x_scrapper/data/raw/fortune_x_2025_ranked/044_walt_disney,@Disney,https://x.com/Disney,primary,1
44,Walt Disney,@Disney,1907802773820784825,Thu Apr 03 14:30:01 +0000 2025,"The band is back together and coming to a screen near! New Season premieres June 5 on @DisneyChannel, and next day on @DisneyPlus! https://t.co/W5ov5ITtcc",https://x.com/Disney/status/1907802773820784825,56,1068,4316,137,true,false,,2026-06-14T02:52:19.446113+00:00,incremental browser-based collection of observable public posts,0,/home/runner/work/x_scrapper/x_scrapper/data/raw/fortune_x_2025_ranked/044_walt_disney,@Disney,https://x.com/Disney,primary,1
44,Walt Disney,@Disney,1907795222173519899,Thu Apr 03 14:00:00 +0000 2025,"PHINALLY! Summer belongs to you (again!) New Season premieres June 5 on @DisneyChannel, and next day on @DisneyPlus! https://t.co/CLKgYKxcTw",https://x.com/Disney/status/1907795222173519899,71,1050,4404,396,true,false,,2026-06-14T02:52:19.446113+00:00,incremental browser-based collection of observable public posts,0,/home/runner/work/x_scrapper/x_scrapper/data/raw/fortune_x_2025_ranked/044_walt_disney,@Disney,https://x.com/Disney,primary,1
44,Walt Disney,@Disney,1907062984486101329,Tue Apr 01 13:30:21 +0000 2025,"RT @NatGeo: Beautiful. Breathtaking. Home. 🌍 Celebrate Earth Month with the premiere of #SecretsOfThePenguins on Sunday April 20, and strea…",https://x.com/Disney/status/1907062984486101329,0,169,0,0,true,false,,2026-06-14T02:52:19.446113+00:00,incremental browser-based collection of observable public posts,0,/home/runner/work/x_scrapper/x_scrapper/data/raw/fortune_x_2025_ranked/044_walt_disney,@Disney,https://x.com/Disney,primary,1
44,Walt Disney,@Disney,1907055433027608831,Tue Apr 01 13:00:21 +0000 2025,"Beautiful. Breathtaking. Home. 🌍 Celebrate Earth Month with the premiere of #SecretsOfThePenguins on Sunday April 20, and stream the rest of the #ourHOME collection all month long on @DisneyPlus. https://t.co/QUlWfdOD3q",https://x.com/Disney/status/1907055433027608831,46,169,648,9,true,false,,2026-06-14T02:52:19.446113+00:00,incremental browser-based collection of observable public posts,0,/home/runner/work/x_scrapper/x_scrapper/data/raw/fortune_x_2025_ranked/044_walt_disney,@Disney,https://x.com/Disney,primary,1
44,Walt Disney,@Disney,1905000569166803362,Wed Mar 26 20:55:03 +0000 2025,RT @MarvelStudios: #AvengersDoomsday. Now in production. https://t.co/G84UVU8HOc,https://x.com/Disney/status/1905000569166803362,0,26215,0,0,true,false,,2026-06-14T02:52:19.446113+00:00,incremental browser-based collection of observable public posts,0,/home/runner/work/x_scrapper/x_scrapper/data/raw/fortune_x_2025_ranked/044_walt_disney,@Disney,https://x.com/Disney,primary,1
44,Walt Disney,@Disney,1905000515311997183,Wed Mar 26 20:54:50 +0000 2025,"RT @MarvelStudios: It all leads to Doom.

#AvengersDoomsday is now in production. https://t.co/rood4csf38",https://x.com/Disney/status/1905000515311997183,0,16559,0,0,true,false,,2026-06-14T02:52:19.446113+00:00,incremental browser-based collection of observable public posts,0,/home/runner/work/x_scrapper/x_scrapper/data/raw/fortune_x_2025_ranked/044_walt_disney,@Disney,https://x.com/Disney,primary,1
44,Walt Disney,@Disney,1904997933617217669,Wed Mar 26 20:44:35 +0000 2025,#AvengersDoomsday. Now in production. https://t.co/G84UVU8HOc,https://x.com/Disney/status/1904997933617217669,2211,26215,114219,7084,true,false,,2026-06-14T02:52:19.446113+00:00,incremental browser-based collection of observable public posts,0,/home/runner/work/x_scrapper/x_scrapper/data/raw/fortune_x_2025_ranked/044_walt_disney,@Disney,https://x.com/Disney,primary,1
44,Walt Disney,@Disney,1904996638088896976,Wed Mar 26 20:39:26 +0000 2025,"RT @DisneyStudios: Run to @DisneyPlus  to experience the magic of #Mufasa: The Lion King. 

#Mufasa: The Lion King is now available on @Dis…",https://x.com/Disney/status/1904996638088896976,0,249,0,0,true,false,,2026-06-14T02:52:19.446113+00:00,incremental browser-based collection of observable public posts,0,/home/runner/work/x_scrapper/x_scrapper/data/raw/fortune_x_2025_ranked/044_walt_disney,@Disney,https://x.com/Disney,primary,1
44,Walt Disney,@Disney,1904994176665588171,Wed Mar 26 20:29:39 +0000 2025,"It all leads to Doom.

#AvengersDoomsday is now in production. https://t.co/rood4csf38",https://x.com/Disney/status/1904994176665588171,1564,16559,100319,3110,true,false,,2026-06-14T02:52:19.446113+00:00,incremental browser-based collection of observable public posts,0,/home/runner/work/x_scrapper/x_scrapper/data/raw/fortune_x_2025_ranked/044_walt_disney,@Disney,https://x.com/Disney,primary,1
44,Walt Disney,@Disney,1904912478707851621,Wed Mar 26 15:05:01 +0000 2025,"Run to @DisneyPlus  to experience the magic of #Mufasa: The Lion King. 

#Mufasa: The Lion King is now available on @DisneyPlus! https://t.co/DLcirBcVwY",https://x.com/Disney/status/1904912478707851621,158,249,1483,29,true,false,,2026-06-14T02:52:19.446113+00:00,incremental browser-based collection of observable public posts,0,/home/runner/work/x_scrapper/x_scrapper/data/raw/fortune_x_2025_ranked/044_walt_disney,@Disney,https://x.com/Disney,primary,1
44,Walt Disney,@Disney,1904201707091034259,Mon Mar 24 16:00:39 +0000 2025,"RT @Pixar: 30 years of friendship &amp; beyond!🚀
This year, join us in celebrating the iconic legacy of Toy Story.❤️
#ToyStory30 https://t.co/M…",https://x.com/Disney/status/1904201707091034259,0,2582,0,0,true,false,,2026-06-14T02:52:19.446113+00:00,incremental browser-based collection of observable public posts,0,/home/runner/work/x_scrapper/x_scrapper/data/raw/fortune_x_2025_ranked/044_walt_disney,@Disney,https://x.com/Disney,primary,1
44,Walt Disney,@Disney,1904201546059149740,Mon Mar 24 16:00:01 +0000 2025,"30 years of friendship &amp; beyond!🚀
This year, join us in celebrating the iconic legacy of Toy Story.❤️
#ToyStory30 https://t.co/MKbiJv1Zrv",https://x.com/Disney/status/1904201546059149740,299,2582,9442,335,true,false,,2026-06-14T02:52:19.446113+00:00,incremental browser-based collection of observable public posts,0,/home/runner/work/x_scrapper/x_scrapper/data/raw/fortune_x_2025_ranked/044_walt_disney,@Disney,https://x.com/Disney,primary,1
44,Walt Disney,@Disney,1904191559563940113,Mon Mar 24 15:20:20 +0000 2025,"RT @starwars: Welcome to the rebellion.

Watch the new trailer for the critically acclaimed series, Andor. The final season streams April 2…",https://x.com/Disney/status/1904191559563940113,0,4125,0,0,true,false,,2026-06-14T02:52:19.446113+00:00,incremental browser-based collection of observable public posts,0,/home/runner/work/x_scrapper/x_scrapper/data/raw/fortune_x_2025_ranked/044_walt_disney,@Disney,https://x.com/Disney,primary,1
44,Walt Disney,@Disney,1904186448896790958,Mon Mar 24 15:00:02 +0000 2025,"Welcome to the rebellion.

Watch the new trailer for the critically acclaimed series, Andor. The final season streams April 22, only on @DisneyPlus. https://t.co/b1K16Kvoqo",https://x.com/Disney/status/1904186448896790958,846,4125,19853,1367,true,false,,2026-06-14T02:52:19.446113+00:00,incremental browser-based collection of observable public posts,0,/home/runner/work/x_scrapper/x_scrapper/data/raw/fortune_x_2025_ranked/044_walt_disney,@Disney,https://x.com/Disney,primary,1
44,Walt Disney,@Disney,1903123033344315608,Fri Mar 21 16:34:24 +0000 2025,"RT @DisneyStudios: The most talked about movie of the year arrives 🗣️

Disney’s #SnowWhite is now playing in theaters. Get tickets: https:/…",https://x.com/Disney/status/1903123033344315608,0,231,0,0,true,false,,2026-06-14T02:52:19.446113+00:00,incremental browser-based collection of observable public posts,0,/home/runner/work/x_scrapper/x_scrapper/data/raw/fortune_x_2025_ranked/044_walt_disney,@Disney,https://x.com/Disney,primary,1
44,Walt Disney,@Disney,1903099775211254234,Fri Mar 21 15:01:58 +0000 2025,"The most talked about movie of the year arrives 🗣️

Disney’s #SnowWhite is now playing in theaters. Get tickets: https://t.co/rh2nMCjQM6 https://t.co/QRFtmKrtE3",https://x.com/Disney/status/1903099775211254234,4155,231,1344,259,true,false,,2026-06-14T02:52:19.446113+00:00,incremental browser-based collection of observable public posts,0,/home/runner/work/x_scrapper/x_scrapper/data/raw/fortune_x_2025_ranked/044_walt_disney,@Disney,https://x.com/Disney,primary,1
44,Walt Disney,@Disney,1902776926613410283,Thu Mar 20 17:39:05 +0000 2025,RT @Pixar: Disney and Pixar’s Coco 2 is officially in the works! https://t.co/BtLzn2oIFP,https://x.com/Disney/status/1902776926613410283,0,12470,0,0,true,false,,2026-06-14T02:52:19.446113+00:00,incremental browser-based collection of observable public posts,0,/home/runner/work/x_scrapper/x_scrapper/data/raw/fortune_x_2025_ranked/044_walt_disney,@Disney,https://x.com/Disney,primary,1
44,Walt Disney,@Disney,1902773878558167114,Thu Mar 20 17:26:59 +0000 2025,Disney and Pixar’s Coco 2 is officially in the works! https://t.co/BtLzn2oIFP,https://x.com/Disney/status/1902773878558167114,1685,12470,63906,6629,true,false,,2026-06-14T02:52:19.446113+00:00,incremental browser-based collection of observable public posts,0,/home/runner/work/x_scrapper/x_scrapper/data/raw/fortune_x_2025_ranked/044_walt_disney,@Disney,https://x.com/Disney,primary,1
44,Walt Disney,@Disney,1902419981280932224,Wed Mar 19 18:00:43 +0000 2025,RT @DisneyStudios: You ain’t never had a friend like Stitch 🧞‍♂️ #LiloAndStitch https://t.co/OPaVADm8Kp,https://x.com/Disney/status/1902419981280932224,0,7121,0,0,true,false,,2026-06-14T02:52:19.446113+00:00,incremental browser-based collection of observable public posts,0,/home/runner/work/x_scrapper/x_scrapper/data/raw/fortune_x_2025_ranked/044_walt_disney,@Disney,https://x.com/Disney,primary,1
44,Walt Disney,@Disney,1902419801387286942,Wed Mar 19 18:00:00 +0000 2025,You ain’t never had a friend like Stitch 🧞‍♂️ #LiloAndStitch https://t.co/OPaVADm8Kp,https://x.com/Disney/status/1902419801387286942,629,7121,50940,1102,true,false,,2026-06-14T02:52:19.446113+00:00,incremental browser-based collection of observable public posts,0,/home/runner/work/x_scrapper/x_scrapper/data/raw/fortune_x_2025_ranked/044_walt_disney,@Disney,https://x.com/Disney,primary,1
44,Walt Disney,@Disney,1902412276705173787,Wed Mar 19 17:30:06 +0000 2025,"RT @DisneyStudios: He is Beauty, he is Beast 🥀 #LiloAndStitch https://t.co/UXsw93BL4d",https://x.com/Disney/status/1902412276705173787,0,10095,0,0,true,false,,2026-06-14T02:52:19.446113+00:00,incremental browser-based collection of observable public posts,0,/home/runner/work/x_scrapper/x_scrapper/data/raw/fortune_x_2025_ranked/044_walt_disney,@Disney,https://x.com/Disney,primary,1
44,Walt Disney,@Disney,1902412254873780594,Wed Mar 19 17:30:01 +0000 2025,"He is Beauty, he is Beast 🥀 #LiloAndStitch https://t.co/UXsw93BL4d",https://x.com/Disney/status/1902412254873780594,185,10095,62023,581,true,false,,2026-06-14T02:52:19.446113+00:00,incremental browser-based collection of observable public posts,0,/home/runner/work/x_scrapper/x_scrapper/data/raw/fortune_x_2025_ranked/044_walt_disney,@Disney,https://x.com/Disney,primary,1
44,Walt Disney,@Disney,1902405210779316384,Wed Mar 19 17:02:01 +0000 2025,RT @DisneyStudios: Bibbidi-Bobbidi-BOOP ✨ #LiloAndStitch https://t.co/JjmfOfJOsv,https://x.com/Disney/status/1902405210779316384,0,10323,0,0,true,false,,2026-06-14T02:52:19.446113+00:00,incremental browser-based collection of observable public posts,0,/home/runner/work/x_scrapper/x_scrapper/data/raw/fortune_x_2025_ranked/044_walt_disney,@Disney,https://x.com/Disney,primary,1
44,Walt Disney,@Disney,1902404707282247883,Wed Mar 19 17:00:01 +0000 2025,Bibbidi-Bobbidi-BOOP ✨ #LiloAndStitch https://t.co/JjmfOfJOsv,https://x.com/Disney/status/1902404707282247883,211,10323,86159,747,true,false,,2026-06-14T02:52:19.446113+00:00,incremental browser-based collection of observable public posts,0,/home/runner/work/x_scrapper/x_scrapper/data/raw/fortune_x_2025_ranked/044_walt_disney,@Disney,https://x.com/Disney,primary,1
44,Walt Disney,@Disney,1902396270217719893,Wed Mar 19 16:26:30 +0000 2025,"RT @DisneyStudios: Magic Mirror on the wall, who is the fairest ~experiment~ of all? 🍎 #LiloAndStitch https://t.co/zUQ9BsiqXw",https://x.com/Disney/status/1902396270217719893,0,5544,0,0,true,false,,2026-06-14T02:52:19.446113+00:00,incremental browser-based collection of observable public posts,0,/home/runner/work/x_scrapper/x_scrapper/data/raw/fortune_x_2025_ranked/044_walt_disney,@Disney,https://x.com/Disney,primary,1
44,Walt Disney,@Disney,1902396144237338734,Wed Mar 19 16:26:00 +0000 2025,"Magic Mirror on the wall, who is the fairest ~experiment~ of all? 🍎 #LiloAndStitch https://t.co/zUQ9BsiqXw",https://x.com/Disney/status/1902396144237338734,149,5544,33780,248,true,false,,2026-06-14T02:52:19.446113+00:00,incremental browser-based collection of observable public posts,0,/home/runner/work/x_scrapper/x_scrapper/data/raw/fortune_x_2025_ranked/044_walt_disney,@Disney,https://x.com/Disney,primary,1
44,Walt Disney,@Disney,1902391247844864388,Wed Mar 19 16:06:32 +0000 2025,RT @Pixar: Check out the brand-new poster for #Elio and see the movie only in theaters June 20 💫👽 https://t.co/M3dGVFS779,https://x.com/Disney/status/1902391247844864388,0,895,0,0,true,false,,2026-06-14T02:52:19.446113+00:00,incremental browser-based collection of observable public posts,0,/home/runner/work/x_scrapper/x_scrapper/data/raw/fortune_x_2025_ranked/044_walt_disney,@Disney,https://x.com/Disney,primary,1
44,Walt Disney,@Disney,1902390387635057146,Wed Mar 19 16:03:07 +0000 2025,Check out the brand-new poster for #Elio and see the movie only in theaters June 20 💫👽 https://t.co/M3dGVFS779,https://x.com/Disney/status/1902390387635057146,77,895,5390,85,true,false,,2026-06-14T02:52:19.446113+00:00,incremental browser-based collection of observable public posts,0,/home/runner/work/x_scrapper/x_scrapper/data/raw/fortune_x_2025_ranked/044_walt_disney,@Disney,https://x.com/Disney,primary,1
44,Walt Disney,@Disney,1902389747181642124,Wed Mar 19 16:00:35 +0000 2025,"RT @Pixar: if any aliens are listening... the new trailer for Disney and Pixar's #Elio is here! 

See the movie, only in theaters, June 20!…",https://x.com/Disney/status/1902389747181642124,0,1642,0,0,true,false,,2026-06-14T02:52:19.446113+00:00,incremental browser-based collection of observable public posts,0,/home/runner/work/x_scrapper/x_scrapper/data/raw/fortune_x_2025_ranked/044_walt_disney,@Disney,https://x.com/Disney,primary,1
44,Walt Disney,@Disney,1902389635793478134,Wed Mar 19 16:00:08 +0000 2025,"if any aliens are listening... the new trailer for Disney and Pixar's #Elio is here! 

See the movie, only in theaters, June 20! 🌎🛸 https://t.co/ABKUp0QVhh",https://x.com/Disney/status/1902389635793478134,169,1642,7112,503,true,false,,2026-06-14T02:52:19.446113+00:00,incremental browser-based collection of observable public posts,0,/home/runner/work/x_scrapper/x_scrapper/data/raw/fortune_x_2025_ranked/044_walt_disney,@Disney,https://x.com/Disney,primary,1
44,Walt Disney,@Disney,1901700590717329508,Mon Mar 17 18:22:07 +0000 2025,"RT @DisneyStudios: A surprise princess appearance at a special fan screening on the legendary Walt Disney Studios Lot 👑✨ 

Disney’s #SnowWh…",https://x.com/Disney/status/1901700590717329508,0,150,0,0,true,false,,2026-06-14T02:52:19.446113+00:00,incremental browser-based collection of observable public posts,0,/home/runner/work/x_scrapper/x_scrapper/data/raw/fortune_x_2025_ranked/044_walt_disney,@Disney,https://x.com/Disney,primary,1
44,Walt Disney,@Disney,1901700569070555307,Mon Mar 17 18:22:02 +0000 2025,"RT @DisneyStudios: The iconic @GalGadot thrilled fans at the Disneyland Resort this afternoon, taking her place among Disney’s classic vill…",https://x.com/Disney/status/1901700569070555307,0,302,0,0,true,false,,2026-06-14T02:52:19.446113+00:00,incremental browser-based collection of observable public posts,0,/home/runner/work/x_scrapper/x_scrapper/data/raw/fortune_x_2025_ranked/044_walt_disney,@Disney,https://x.com/Disney,primary,1
44,Walt Disney,@Disney,1901529334235689438,Mon Mar 17 07:01:36 +0000 2025,"A surprise princess appearance at a special fan screening on the legendary Walt Disney Studios Lot 👑✨ 

Disney’s #SnowWhite in theaters Friday! Get tickets now: https://t.co/SWksDu7sSe https://t.co/V6wZoi9Gqa",https://x.com/Disney/status/1901529334235689438,193,150,985,8,true,false,,2026-06-14T02:52:19.446113+00:00,incremental browser-based collection of observable public posts,0,/home/runner/work/x_scrapper/x_scrapper/data/raw/fortune_x_2025_ranked/044_walt_disney,@Disney,https://x.com/Disney,primary,1
44,Walt Disney,@Disney,1901417362492215495,Sun Mar 16 23:36:40 +0000 2025,"The iconic @GalGadot thrilled fans at the Disneyland Resort this afternoon, taking her place among Disney’s classic villains 🏰

Gal also got to meet Mickey Mouse and Minnie Mouse previewing their new outfits for @Disneyland’s 70th Celebration, kicking off on May 16, 2025

See the Evil Queen in Disney’s #SnowWhite, in theaters this Friday! Get tickets now: https://t.co/50qGIKPmXb",https://x.com/Disney/status/1901417362492215495,138,302,2067,60,true,false,,2026-06-14T02:52:19.446113+00:00,incremental browser-based collection of observable public posts,0,/home/runner/work/x_scrapper/x_scrapper/data/raw/fortune_x_2025_ranked/044_walt_disney,@Disney,https://x.com/Disney,primary,1
44,Walt Disney,@Disney,1901227280070009157,Sun Mar 16 11:01:21 +0000 2025,"RT @DisneyStudios: Experience the magic of Disney’s #SnowWhite, only in theaters Friday! Get tickets now: https://t.co/SWksDu7sSe https://t…",https://x.com/Disney/status/1901227280070009157,0,66,0,0,true,false,,2026-06-14T02:52:19.446113+00:00,incremental browser-based collection of observable public posts,0,/home/runner/work/x_scrapper/x_scrapper/data/raw/fortune_x_2025_ranked/044_walt_disney,@Disney,https://x.com/Disney,primary,1
44,Walt Disney,@Disney,1901227266241331514,Sun Mar 16 11:01:18 +0000 2025,RT @DisneyStudios: #SnowWhite World Premiere in LA https://t.co/4amqM4oXil,https://x.com/Disney/status/1901227266241331514,0,51,0,0,true,false,,2026-06-14T02:52:19.446113+00:00,incremental browser-based collection of observable public posts,0,/home/runner/work/x_scrapper/x_scrapper/data/raw/fortune_x_2025_ranked/044_walt_disney,@Disney,https://x.com/Disney,primary,1
44,Walt Disney,@Disney,1901227250961248430,Sun Mar 16 11:01:14 +0000 2025,RT @DisneyStudios: #SnowWhite World Premiere in LA https://t.co/NQ3cmM7SW4,https://x.com/Disney/status/1901227250961248430,0,54,0,0,true,false,,2026-06-14T02:52:19.446113+00:00,incremental browser-based collection of observable public posts,0,/home/runner/work/x_scrapper/x_scrapper/data/raw/fortune_x_2025_ranked/044_walt_disney,@Disney,https://x.com/Disney,primary,1
44,Walt Disney,@Disney,1901227229926834377,Sun Mar 16 11:01:09 +0000 2025,"RT @DisneyStudios: The fairest night of all 🍎✨ 

#SnowWhite World Premiere in LA https://t.co/4yIbnFO3tc",https://x.com/Disney/status/1901227229926834377,0,257,0,0,true,false,,2026-06-14T02:52:19.446113+00:00,incremental browser-based collection of observable public posts,0,/home/runner/work/x_scrapper/x_scrapper/data/raw/fortune_x_2025_ranked/044_walt_disney,@Disney,https://x.com/Disney,primary,1
44,Walt Disney,@Disney,1901227101472375233,Sun Mar 16 11:00:38 +0000 2025,RT @DisneyStudios: https://t.co/7e3F3B17ka,https://x.com/Disney/status/1901227101472375233,0,4897,0,0,true,false,,2026-06-14T02:52:19.446113+00:00,incremental browser-based collection of observable public posts,0,/home/runner/work/x_scrapper/x_scrapper/data/raw/fortune_x_2025_ranked/044_walt_disney,@Disney,https://x.com/Disney,primary,1
44,Walt Disney,@Disney,1901146827816419719,Sun Mar 16 05:41:40 +0000 2025,"Experience the magic of Disney’s #SnowWhite, only in theaters Friday! Get tickets now: https://t.co/SWksDu7sSe https://t.co/hJtps44yqV",https://x.com/Disney/status/1901146827816419719,132,66,375,4,true,false,,2026-06-14T02:52:19.446113+00:00,incremental browser-based collection of observable public posts,0,/home/runner/work/x_scrapper/x_scrapper/data/raw/fortune_x_2025_ranked/044_walt_disney,@Disney,https://x.com/Disney,primary,1
44,Walt Disney,@Disney,1901146812523954669,Sun Mar 16 05:41:36 +0000 2025,#SnowWhite World Premiere in LA https://t.co/4amqM4oXil,https://x.com/Disney/status/1901146812523954669,86,51,333,2,true,false,,2026-06-14T02:52:19.446113+00:00,incremental browser-based collection of observable public posts,0,/home/runner/work/x_scrapper/x_scrapper/data/raw/fortune_x_2025_ranked/044_walt_disney,@Disney,https://x.com/Disney,primary,1
44,Walt Disney,@Disney,1901146796979876141,Sun Mar 16 05:41:32 +0000 2025,#SnowWhite World Premiere in LA https://t.co/NQ3cmM7SW4,https://x.com/Disney/status/1901146796979876141,46,54,283,2,true,false,,2026-06-14T02:52:19.446113+00:00,incremental browser-based collection of observable public posts,0,/home/runner/work/x_scrapper/x_scrapper/data/raw/fortune_x_2025_ranked/044_walt_disney,@Disney,https://x.com/Disney,primary,1
44,Walt Disney,@Disney,1901146784115921358,Sun Mar 16 05:41:29 +0000 2025,"The fairest night of all 🍎✨ 

#SnowWhite World Premiere in LA https://t.co/4yIbnFO3tc",https://x.com/Disney/status/1901146784115921358,193,257,2371,71,true,false,,2026-06-14T02:52:19.446113+00:00,incremental browser-based collection of observable public posts,0,/home/runner/work/x_scrapper/x_scrapper/data/raw/fortune_x_2025_ranked/044_walt_disney,@Disney,https://x.com/Disney,primary,1
44,Walt Disney,@Disney,1901141148460347520,Sun Mar 16 05:19:05 +0000 2025,RT @DisneyStudios: Royalty on the red carpet 👑 #SnowWhite https://t.co/XeKaTG5Ez7,https://x.com/Disney/status/1901141148460347520,0,123,0,0,true,false,,2026-06-14T02:52:19.446113+00:00,incremental browser-based collection of observable public posts,0,/home/runner/work/x_scrapper/x_scrapper/data/raw/fortune_x_2025_ranked/044_walt_disney,@Disney,https://x.com/Disney,primary,1
44,Walt Disney,@Disney,1901133627326689461,Sun Mar 16 04:49:12 +0000 2025,Royalty on the red carpet 👑 #SnowWhite https://t.co/XeKaTG5Ez7,https://x.com/Disney/status/1901133627326689461,63,123,895,16,true,false,,2026-06-14T02:52:19.446113+00:00,incremental browser-based collection of observable public posts,0,/home/runner/work/x_scrapper/x_scrapper/data/raw/fortune_x_2025_ranked/044_walt_disney,@Disney,https://x.com/Disney,primary,1
44,Walt Disney,@Disney,1901115985710526484,Sun Mar 16 03:39:06 +0000 2025,https://t.co/7e3F3B17ka,https://x.com/Disney/status/1901115985710526484,152,4897,13677,363,true,false,,2026-06-14T02:52:19.446113+00:00,incremental browser-based collection of observable public posts,0,/home/runner/work/x_scrapper/x_scrapper/data/raw/fortune_x_2025_ranked/044_walt_disney,@Disney,https://x.com/Disney,primary,1
44,Walt Disney,@Disney,1901110361623064848,Sun Mar 16 03:16:45 +0000 2025,"RT @DisneyStudios: No words, just Rachel Zegler 🍎✨#SnowWhite https://t.co/dO7fs7HQ3F",https://x.com/Disney/status/1901110361623064848,0,276,0,0,true,false,,2026-06-14T02:52:19.446113+00:00,incremental browser-based collection of observable public posts,0,/home/runner/work/x_scrapper/x_scrapper/data/raw/fortune_x_2025_ranked/044_walt_disney,@Disney,https://x.com/Disney,primary,1
44,Walt Disney,@Disney,1901109919404655032,Sun Mar 16 03:15:00 +0000 2025,"Movie《 #SnowWhite 》
World Premiere in LA

From JO1
#JUNKI #KEIGO #SHO
had a wonderful time at the event!

The movie is on the screen from March 20(Thu.)🎥
Please enjoy it in theaters!

#JO1 #KONOJUNKI
#SATOKEIGO
#YONASHIROSHO https://t.co/VvJY9asha1",https://x.com/Disney/status/1901109919404655032,97,5874,23863,549,true,false,,2026-06-14T02:52:19.446113+00:00,incremental browser-based collection of observable public posts,0,/home/runner/work/x_scrapper/x_scrapper/data/raw/fortune_x_2025_ranked/044_walt_disney,@Disney,https://x.com/Disney,primary,1
44,Walt Disney,@Disney,1901097725078499613,Sun Mar 16 02:26:33 +0000 2025,"No words, just Rachel Zegler 🍎✨#SnowWhite https://t.co/dO7fs7HQ3F",https://x.com/Disney/status/1901097725078499613,417,276,2173,63,true,false,,2026-06-14T02:52:19.446113+00:00,incremental browser-based collection of observable public posts,0,/home/runner/work/x_scrapper/x_scrapper/data/raw/fortune_x_2025_ranked/044_walt_disney,@Disney,https://x.com/Disney,primary,1
44,Walt Disney,@Disney,1901088370241270174,Sun Mar 16 01:49:22 +0000 2025,RT @DisneyStudios: Magic mirror on the wall… these little Snow Whites might just be the cutest of them all! ✨🪞#SnowWhite https://t.co/snM3I…,https://x.com/Disney/status/1901088370241270174,0,177,0,0,true,false,,2026-06-14T02:52:19.446113+00:00,incremental browser-based collection of observable public posts,0,/home/runner/work/x_scrapper/x_scrapper/data/raw/fortune_x_2025_ranked/044_walt_disney,@Disney,https://x.com/Disney,primary,1
44,Walt Disney,@Disney,1901088331829768440,Sun Mar 16 01:49:13 +0000 2025,RT @DisneyStudios: Gal Gadot meets some special guests at the World Premiere of Disney’s #SnowWhite 🍎 https://t.co/OnwdHcuWoq,https://x.com/Disney/status/1901088331829768440,0,144,0,0,true,false,,2026-06-14T02:52:19.446113+00:00,incremental browser-based collection of observable public posts,0,/home/runner/work/x_scrapper/x_scrapper/data/raw/fortune_x_2025_ranked/044_walt_disney,@Disney,https://x.com/Disney,primary,1
44,Walt Disney,@Disney,1901081822102253700,Sun Mar 16 01:23:21 +0000 2025,Magic mirror on the wall… these little Snow Whites might just be the cutest of them all! ✨🪞#SnowWhite https://t.co/snM3I5Dge3,https://x.com/Disney/status/1901081822102253700,79,177,1175,11,true,false,,2026-06-14T02:52:19.446113+00:00,incremental browser-based collection of observable public posts,0,/home/runner/work/x_scrapper/x_scrapper/data/raw/fortune_x_2025_ranked/044_walt_disney,@Disney,https://x.com/Disney,primary,1
44,Walt Disney,@Disney,1901074846668423610,Sun Mar 16 00:55:38 +0000 2025,Gal Gadot meets some special guests at the World Premiere of Disney’s #SnowWhite 🍎 https://t.co/OnwdHcuWoq,https://x.com/Disney/status/1901074846668423610,99,144,1258,17,true,false,,2026-06-14T02:52:19.446113+00:00,incremental browser-based collection of observable public posts,0,/home/runner/work/x_scrapper/x_scrapper/data/raw/fortune_x_2025_ranked/044_walt_disney,@Disney,https://x.com/Disney,primary,1
44,Walt Disney,@Disney,1901062145363898457,Sun Mar 16 00:05:10 +0000 2025,RT @DisneyStudios: A fairytale moment on the red carpet! 🍎✨ Rachel Zegler greets some special guests at the LA premiere. #SnowWhite https:/…,https://x.com/Disney/status/1901062145363898457,0,441,0,0,true,false,,2026-06-14T02:52:19.446113+00:00,incremental browser-based collection of observable public posts,0,/home/runner/work/x_scrapper/x_scrapper/data/raw/fortune_x_2025_ranked/044_walt_disney,@Disney,https://x.com/Disney,primary,1
44,Walt Disney,@Disney,1901062133624037708,Sun Mar 16 00:05:07 +0000 2025,RT @DisneyStudios: Gal Gadot and Rachel Zegler with #SnowWhite director Marc Webb at this evening’s world premiere in Los Angeles 🍎 https:/…,https://x.com/Disney/status/1901062133624037708,0,185,0,0,true,false,,2026-06-14T02:52:19.446113+00:00,incremental browser-based collection of observable public posts,0,/home/runner/work/x_scrapper/x_scrapper/data/raw/fortune_x_2025_ranked/044_walt_disney,@Disney,https://x.com/Disney,primary,1
44,Walt Disney,@Disney,1901062122488164422,Sun Mar 16 00:05:04 +0000 2025,RT @DisneyStudios: Snow White &amp; the Evil Queen make a royal entrance at the World Premiere of #SnowWhite in Los Angeles.👑 https://t.co/NYpo…,https://x.com/Disney/status/1901062122488164422,0,155,0,0,true,false,,2026-06-14T02:52:19.446113+00:00,incremental browser-based collection of observable public posts,0,/home/runner/work/x_scrapper/x_scrapper/data/raw/fortune_x_2025_ranked/044_walt_disney,@Disney,https://x.com/Disney,primary,1
44,Walt Disney,@Disney,1901062095816585530,Sun Mar 16 00:04:58 +0000 2025,RT @DisneyStudios: A magical night begins 🍎✨ Rachel Zegler and Gal Gadot arrive at the World Premiere of Disney’s #SnowWhite in Los Angeles…,https://x.com/Disney/status/1901062095816585530,0,183,0,0,true,false,,2026-06-14T02:52:19.446113+00:00,incremental browser-based collection of observable public posts,0,/home/runner/work/x_scrapper/x_scrapper/data/raw/fortune_x_2025_ranked/044_walt_disney,@Disney,https://x.com/Disney,primary,1
44,Walt Disney,@Disney,1901062083233673364,Sun Mar 16 00:04:55 +0000 2025,"RT @DisneyStudios: Well wishes from Spain 🇪🇸✨❤️

Disney’s #SnowWhite in theaters Friday! Get tickets now: https://t.co/SWksDu7sSe

📷: Diego…",https://x.com/Disney/status/1901062083233673364,0,240,0,0,true,false,,2026-06-14T02:52:19.446113+00:00,incremental browser-based collection of observable public posts,0,/home/runner/work/x_scrapper/x_scrapper/data/raw/fortune_x_2025_ranked/044_walt_disney,@Disney,https://x.com/Disney,primary,1
44,Walt Disney,@Disney,1901060841006657926,Sat Mar 15 23:59:59 +0000 2025,A fairytale moment on the red carpet! 🍎✨ Rachel Zegler greets some special guests at the LA premiere. #SnowWhite https://t.co/16Qz6eY0s3,https://x.com/Disney/status/1901060841006657926,204,441,4063,90,true,false,,2026-06-14T02:52:19.446113+00:00,incremental browser-based collection of observable public posts,0,/home/runner/work/x_scrapper/x_scrapper/data/raw/fortune_x_2025_ranked/044_walt_disney,@Disney,https://x.com/Disney,primary,1
44,Walt Disney,@Disney,1901059345850527917,Sat Mar 15 23:54:02 +0000 2025,Gal Gadot and Rachel Zegler with #SnowWhite director Marc Webb at this evening’s world premiere in Los Angeles 🍎 https://t.co/QSCUnxqYbW,https://x.com/Disney/status/1901059345850527917,104,185,1629,38,true,false,,2026-06-14T02:52:19.446113+00:00,incremental browser-based collection of observable public posts,0,/home/runner/work/x_scrapper/x_scrapper/data/raw/fortune_x_2025_ranked/044_walt_disney,@Disney,https://x.com/Disney,primary,1
44,Walt Disney,@Disney,1901059284743712783,Sat Mar 15 23:53:48 +0000 2025,Snow White &amp; the Evil Queen make a royal entrance at the World Premiere of #SnowWhite in Los Angeles.👑 https://t.co/NYpo8kbprb,https://x.com/Disney/status/1901059284743712783,78,155,1292,9,true,false,,2026-06-14T02:52:19.446113+00:00,incremental browser-based collection of observable public posts,0,/home/runner/work/x_scrapper/x_scrapper/data/raw/fortune_x_2025_ranked/044_walt_disney,@Disney,https://x.com/Disney,primary,1
44,Walt Disney,@Disney,1901052891504537643,Sat Mar 15 23:28:23 +0000 2025,"A magical night begins 🍎✨ Rachel Zegler and Gal Gadot arrive at the World Premiere of Disney’s #SnowWhite in Los Angeles. 

In theaters Friday! Get tickets now: https://t.co/SWksDu7sSe https://t.co/hUfridBKlJ",https://x.com/Disney/status/1901052891504537643,60,183,1126,15,true,false,,2026-06-14T02:52:19.446113+00:00,incremental browser-based collection of observable public posts,0,/home/runner/work/x_scrapper/x_scrapper/data/raw/fortune_x_2025_ranked/044_walt_disney,@Disney,https://x.com/Disney,primary,1
44,Walt Disney,@Disney,1900994526753517951,Sat Mar 15 19:36:28 +0000 2025,"RT @DisneyStudios: A princess in her castle🪞

Disney’s #SnowWhite in theaters Friday! Get tickets now: https://t.co/SWksDu7sSe

📷: Diego La…",https://x.com/Disney/status/1900994526753517951,0,339,0,0,false,false,,2026-06-14T02:52:19.446113+00:00,incremental browser-based collection of observable public posts,0,/home/runner/work/x_scrapper/x_scrapper/data/raw/fortune_x_2025_ranked/044_walt_disney,@Disney,https://x.com/Disney,primary,1
44,Walt Disney,@Disney,1900994461267882485,Sat Mar 15 19:36:12 +0000 2025,"RT @DisneyStudios: Rachel Zegler finishes her magical visit in Spain with a stop at Alcázar de Segovia Castle ✨🏰

Disney’s #SnowWhite, in t…",https://x.com/Disney/status/1900994461267882485,0,336,0,0,false,false,,2026-06-14T02:52:19.446113+00:00,incremental browser-based collection of observable public posts,0,/home/runner/work/x_scrapper/x_scrapper/data/raw/fortune_x_2025_ranked/044_walt_disney,@Disney,https://x.com/Disney,primary,1
44,Walt Disney,@Disney,1900990384937070982,Sat Mar 15 19:20:01 +0000 2025,"Well wishes from Spain 🇪🇸✨❤️

Disney’s #SnowWhite in theaters Friday! Get tickets now: https://t.co/SWksDu7sSe

📷: Diego Lafuente for @DisneySpain https://t.co/ycO7D94nlu",https://x.com/Disney/status/1900990384937070982,53,240,1834,9,true,false,,2026-06-14T02:52:19.446113+00:00,incremental browser-based collection of observable public posts,0,/home/runner/work/x_scrapper/x_scrapper/data/raw/fortune_x_2025_ranked/044_walt_disney,@Disney,https://x.com/Disney,primary,1
44,Walt Disney,@Disney,1900986974913392838,Sat Mar 15 19:06:28 +0000 2025,"A princess in her castle🪞

Disney’s #SnowWhite in theaters Friday! Get tickets now: https://t.co/SWksDu7sSe

📷: Diego Lafuente for @DisneySpain https://t.co/FOrMmD66WE",https://x.com/Disney/status/1900986974913392838,135,339,2475,31,true,false,,2026-06-14T02:52:19.446113+00:00,incremental browser-based collection of observable public posts,0,/home/runner/work/x_scrapper/x_scrapper/data/raw/fortune_x_2025_ranked/044_walt_disney,@Disney,https://x.com/Disney,primary,1
44,Walt Disney,@Disney,1900970709129765195,Sat Mar 15 18:01:50 +0000 2025,"Rachel Zegler finishes her magical visit in Spain with a stop at Alcázar de Segovia Castle ✨🏰

Disney’s #SnowWhite, in theaters Friday! Get tickets now: https://t.co/SWksDu7sSe https://t.co/aPxNbKkJfw",https://x.com/Disney/status/1900970709129765195,118,336,1992,25,true,false,,2026-06-14T02:52:19.446113+00:00,incremental browser-based collection of observable public posts,0,/home/runner/work/x_scrapper/x_scrapper/data/raw/fortune_x_2025_ranked/044_walt_disney,@Disney,https://x.com/Disney,primary,1
44,Walt Disney,@Disney,1900726069059350694,Sat Mar 15 01:49:43 +0000 2025,"RT @DisneyStudios: Listen to reimagined classics and all new songs like ""Waiting on a Wish"" by @PasekAndPaul on the #SnowWhite soundtrack,…",https://x.com/Disney/status/1900726069059350694,0,159,0,0,true,false,,2026-06-14T02:52:19.446113+00:00,incremental browser-based collection of observable public posts,0,/home/runner/work/x_scrapper/x_scrapper/data/raw/fortune_x_2025_ranked/044_walt_disney,@Disney,https://x.com/Disney,primary,1
44,Walt Disney,@Disney,1900726035362255229,Sat Mar 15 01:49:35 +0000 2025,"RT @DisneyStudios: ✨🎶 The music of Snow White 🎶✨

Listen to reimagined classics and all new songs by @PasekAndPaul on Disney's #SnowWhite s…",https://x.com/Disney/status/1900726035362255229,0,147,0,0,true,false,,2026-06-14T02:52:19.446113+00:00,incremental browser-based collection of observable public posts,0,/home/runner/work/x_scrapper/x_scrapper/data/raw/fortune_x_2025_ranked/044_walt_disney,@Disney,https://x.com/Disney,primary,1
44,Walt Disney,@Disney,1900726011303784634,Sat Mar 15 01:49:29 +0000 2025,"RT @DisneyStudios: Watch @PasekAndPaul and Rachel Zegler reminisce about bringing Disney’s #SnowWhite soundtrack to life ✨

See the film in…",https://x.com/Disney/status/1900726011303784634,0,105,0,0,false,false,,2026-06-14T02:52:19.446113+00:00,incremental browser-based collection of observable public posts,0,/home/runner/work/x_scrapper/x_scrapper/data/raw/fortune_x_2025_ranked/044_walt_disney,@Disney,https://x.com/Disney,primary,1
44,Walt Disney,@Disney,1900653160752181725,Fri Mar 14 21:00:00 +0000 2025,"Listen to reimagined classics and all new songs like ""Waiting on a Wish"" by @PasekAndPaul on the #SnowWhite soundtrack, out now ✨🎶

Disney's Snow White in theaters March 21! Get tickets now: https://t.co/SWksDu7sSe https://t.co/3SYKbKXsdS",https://x.com/Disney/status/1900653160752181725,118,159,871,10,true,false,,2026-06-14T02:52:19.446113+00:00,incremental browser-based collection of observable public posts,0,/home/runner/work/x_scrapper/x_scrapper/data/raw/fortune_x_2025_ranked/044_walt_disney,@Disney,https://x.com/Disney,primary,1
44,Walt Disney,@Disney,1900622966653620538,Fri Mar 14 19:00:01 +0000 2025,"✨🎶 The music of Snow White 🎶✨

Listen to reimagined classics and all new songs by @PasekAndPaul on Disney's #SnowWhite soundtrack, out now. In theaters March 21! Get tickets: https://t.co/SWksDu6V2G https://t.co/HjDdnWOtl2",https://x.com/Disney/status/1900622966653620538,48,147,704,10,true,false,,2026-06-14T02:52:19.446113+00:00,incremental browser-based collection of observable public posts,0,/home/runner/work/x_scrapper/x_scrapper/data/raw/fortune_x_2025_ranked/044_walt_disney,@Disney,https://x.com/Disney,primary,1
44,Walt Disney,@Disney,1900615410703094003,Fri Mar 14 18:30:00 +0000 2025,"Watch @PasekAndPaul and Rachel Zegler reminisce about bringing Disney’s #SnowWhite soundtrack to life ✨

See the film in theaters March 21, and listen to the soundtrack now. Get tickets: https://t.co/SWksDu6V2G https://t.co/nUFobTUKQh",https://x.com/Disney/status/1900615410703094003,70,105,582,4,true,false,,2026-06-14T02:52:19.446113+00:00,incremental browser-based collection of observable public posts,0,/home/runner/work/x_scrapper/x_scrapper/data/raw/fortune_x_2025_ranked/044_walt_disney,@Disney,https://x.com/Disney,primary,1
44,Walt Disney,@Disney,1900579399407472684,Fri Mar 14 16:06:54 +0000 2025,"RT @DisneyStudios: We are so back.

Freakier Friday is only in theaters August 8. https://t.co/uGao1kYzru",https://x.com/Disney/status/1900579399407472684,0,2099,0,0,true,false,,2026-06-14T02:52:19.446113+00:00,incremental browser-based collection of observable public posts,0,/home/runner/work/x_scrapper/x_scrapper/data/raw/fortune_x_2025_ranked/044_walt_disney,@Disney,https://x.com/Disney,primary,1
44,Walt Disney,@Disney,1900579385360687478,Fri Mar 14 16:06:51 +0000 2025,"RT @DisneyStudios: This summer is about to get F̶r̶e̶a̶k̶y̶ FREAKIER. 💜💚

Watch the trailer for Freakier Friday and experience it only in t…",https://x.com/Disney/status/1900579385360687478,0,3890,0,0,true,false,,2026-06-14T02:52:19.446113+00:00,incremental browser-based collection of observable public posts,0,/home/runner/work/x_scrapper/x_scrapper/data/raw/fortune_x_2025_ranked/044_walt_disney,@Disney,https://x.com/Disney,primary,1
44,Walt Disney,@Disney,1900579029503398323,Fri Mar 14 16:05:26 +0000 2025,"We are so back.

Freakier Friday is only in theaters August 8. https://t.co/uGao1kYzru",https://x.com/Disney/status/1900579029503398323,142,2099,10682,269,true,false,,2026-06-14T02:52:19.446113+00:00,incremental browser-based collection of observable public posts,0,/home/runner/work/x_scrapper/x_scrapper/data/raw/fortune_x_2025_ranked/044_walt_disney,@Disney,https://x.com/Disney,primary,1
44,Walt Disney,@Disney,1900578920573083725,Fri Mar 14 16:05:00 +0000 2025,"This summer is about to get F̶r̶e̶a̶k̶y̶ FREAKIER. 💜💚

Watch the trailer for Freakier Friday and experience it only in theaters August 8. https://t.co/4K6dSGybRw",https://x.com/Disney/status/1900578920573083725,275,3890,15538,2390,true,false,,2026-06-14T02:52:19.446113+00:00,incremental browser-based collection of observable public posts,0,/home/runner/work/x_scrapper/x_scrapper/data/raw/fortune_x_2025_ranked/044_walt_disney,@Disney,https://x.com/Disney,primary,1
44,Walt Disney,@Disney,1900577776643846213,Fri Mar 14 16:00:27 +0000 2025,"RT @DisneyStudios: In one week, return to the s̶t̶o̶r̶y̶ apple that started it all 🍎

Disney's #SnowWhite in theaters March 21! Get tickets…",https://x.com/Disney/status/1900577776643846213,0,175,0,0,true,false,,2026-06-14T02:52:19.446113+00:00,incremental browser-based collection of observable public posts,0,/home/runner/work/x_scrapper/x_scrapper/data/raw/fortune_x_2025_ranked/044_walt_disney,@Disney,https://x.com/Disney,primary,1
44,Walt Disney,@Disney,1900562574388740272,Fri Mar 14 15:00:03 +0000 2025,"In one week, return to the s̶t̶o̶r̶y̶ apple that started it all 🍎

Disney's #SnowWhite in theaters March 21! Get tickets now: https://t.co/SWksDu6V2G https://t.co/E8SB3dMdbH",https://x.com/Disney/status/1900562574388740272,178,175,1054,20,true,false,,2026-06-14T02:52:19.446113+00:00,incremental browser-based collection of observable public posts,0,/home/runner/work/x_scrapper/x_scrapper/data/raw/fortune_x_2025_ranked/044_walt_disney,@Disney,https://x.com/Disney,primary,1
44,Walt Disney,@Disney,1900027980669419719,Thu Mar 13 03:35:46 +0000 2025,"RT @DisneyStudios: Rachel Zegler and Snow White director Marc Webb pose at the @Alcazar_Segovia Castle in Spain, which inspired the castle…",https://x.com/Disney/status/1900027980669419719,0,294,0,0,false,false,,2026-06-14T02:52:19.446113+00:00,incremental browser-based collection of observable public posts,0,/home/runner/work/x_scrapper/x_scrapper/data/raw/fortune_x_2025_ranked/044_walt_disney,@Disney,https://x.com/Disney,primary,1
44,Walt Disney,@Disney,1899983755089240087,Thu Mar 13 00:40:01 +0000 2025,"Rachel Zegler and Snow White director Marc Webb pose at the @Alcazar_Segovia Castle in Spain, which inspired the castle in the 1937 animated film.

Disney’s #SnowWhite only in theaters next Friday! Get tickets now: https://t.co/SWksDu7sSe https://t.co/SuAg11PeF6",https://x.com/Disney/status/1899983755089240087,236,294,1695,34,true,false,,2026-06-14T02:52:19.446113+00:00,incremental browser-based collection of observable public posts,0,/home/runner/work/x_scrapper/x_scrapper/data/raw/fortune_x_2025_ranked/044_walt_disney,@Disney,https://x.com/Disney,primary,1
44,Walt Disney,@Disney,1899976160412602640,Thu Mar 13 00:09:51 +0000 2025,"Check out a sneak peek of Rachel Zegler performing “Waiting on a Wish” in front of @alcazar_segovia Castle in Spain, the same castle that inspired the 1937 animated film 🏰✨

Disney’s #SnowWhite, in theaters next Friday! Get tickets now: https://t.co/MaK8O1TTZL https://t.co/Q6Wg3mrniJ",https://x.com/Disney/status/1899976160412602640,192,193,916,19,true,false,,2026-06-14T02:52:19.446113+00:00,incremental browser-based collection of observable public posts,0,/home/runner/work/x_scrapper/x_scrapper/data/raw/fortune_x_2025_ranked/044_walt_disney,@Disney,https://x.com/Disney,primary,1
44,Walt Disney,@Disney,1899853086413439419,Wed Mar 12 16:00:48 +0000 2025,"RT @DisneyStudios: Ohana means family. Family means nobody gets left behind or forgotten. 💙

Watch the new trailer for #LiloAndStitch and s…",https://x.com/Disney/status/1899853086413439419,0,10974,0,0,true,false,,2026-06-14T02:52:19.446113+00:00,incremental browser-based collection of observable public posts,0,/home/runner/work/x_scrapper/x_scrapper/data/raw/fortune_x_2025_ranked/044_walt_disney,@Disney,https://x.com/Disney,primary,1
44,Walt Disney,@Disney,1899852889356751164,Wed Mar 12 16:00:01 +0000 2025,"Ohana means family. Family means nobody gets left behind or forgotten. 💙

Watch the new trailer for #LiloAndStitch and see the movie, only in theaters May 23! https://t.co/WJIMOpDInM",https://x.com/Disney/status/1899852889356751164,1032,10974,34385,5944,true,false,,2026-06-14T02:52:19.446113+00:00,incremental browser-based collection of observable public posts,0,/home/runner/work/x_scrapper/x_scrapper/data/raw/fortune_x_2025_ranked/044_walt_disney,@Disney,https://x.com/Disney,primary,1
44,Walt Disney,@Disney,1899839385719504997,Wed Mar 12 15:06:21 +0000 2025,RT @DisneyAnimation: The adventure continues 🌊⛵️ #Moana2 is NOW available on @DisneyPlus! https://t.co/DYUQ4YGPmJ,https://x.com/Disney/status/1899839385719504997,0,142,0,0,false,false,,2026-06-14T02:52:19.446113+00:00,incremental browser-based collection of observable public posts,0,/home/runner/work/x_scrapper/x_scrapper/data/raw/fortune_x_2025_ranked/044_walt_disney,@Disney,https://x.com/Disney,primary,1
44,Walt Disney,@Disney,1899839046094139455,Wed Mar 12 15:05:00 +0000 2025,The adventure continues 🌊⛵️ #Moana2 is NOW available on @DisneyPlus! https://t.co/DYUQ4YGPmJ,https://x.com/Disney/status/1899839046094139455,33,142,742,17,true,false,,2026-06-14T02:52:19.446113+00:00,incremental browser-based collection of observable public posts,0,/home/runner/work/x_scrapper/x_scrapper/data/raw/fortune_x_2025_ranked/044_walt_disney,@Disney,https://x.com/Disney,primary,1
44,Walt Disney,@Disney,1899838397252030670,Wed Mar 12 15:02:25 +0000 2025,RT @DisneyAnimation: Moana and Maui are back for a new journey 🌺🪝 #Moana2 is NOW available on @DisneyPlus! https://t.co/AaggUwC7Qk,https://x.com/Disney/status/1899838397252030670,0,243,0,0,false,false,,2026-06-14T02:52:19.446113+00:00,incremental browser-based collection of observable public posts,0,/home/runner/work/x_scrapper/x_scrapper/data/raw/fortune_x_2025_ranked/044_walt_disney,@Disney,https://x.com/Disney,primary,1
44,Walt Disney,@Disney,1899837796107330042,Wed Mar 12 15:00:02 +0000 2025,Moana and Maui are back for a new journey 🌺🪝 #Moana2 is NOW available on @DisneyPlus! https://t.co/AaggUwC7Qk,https://x.com/Disney/status/1899837796107330042,21,243,1118,21,true,false,,2026-06-14T02:52:19.446113+00:00,incremental browser-based collection of observable public posts,0,/home/runner/work/x_scrapper/x_scrapper/data/raw/fortune_x_2025_ranked/044_walt_disney,@Disney,https://x.com/Disney,primary,1
44,Walt Disney,@Disney,1899467853558079694,Tue Mar 11 14:30:01 +0000 2025,"RT @DisneyStudios: It’s time to experience the legend of Mufasa. #Mufasa: The Lion King, coming to @DisneyPlus on March 26! https://t.co/ZM…",https://x.com/Disney/status/1899467853558079694,0,386,0,0,true,false,,2026-06-14T02:52:19.446113+00:00,incremental browser-based collection of observable public posts,0,/home/runner/work/x_scrapper/x_scrapper/data/raw/fortune_x_2025_ranked/044_walt_disney,@Disney,https://x.com/Disney,primary,1
44,Walt Disney,@Disney,1899467839939223702,Tue Mar 11 14:29:58 +0000 2025,RT @DisneyStudios: Let’s bring it home! #Mufasa: The Lion King is coming to @DisneyPlus on March 26! https://t.co/JlaCAo8EGy,https://x.com/Disney/status/1899467839939223702,0,267,0,0,true,false,,2026-06-14T02:52:19.446113+00:00,incremental browser-based collection of observable public posts,0,/home/runner/work/x_scrapper/x_scrapper/data/raw/fortune_x_2025_ranked/044_walt_disney,@Disney,https://x.com/Disney,primary,1
44,Walt Disney,@Disney,1899461557337125335,Tue Mar 11 14:05:00 +0000 2025,"It’s time to experience the legend of Mufasa. #Mufasa: The Lion King, coming to @DisneyPlus on March 26! https://t.co/ZMjiLmgY8F",https://x.com/Disney/status/1899461557337125335,82,386,2041,51,true,false,,2026-06-14T02:52:19.446113+00:00,incremental browser-based collection of observable public posts,0,/home/runner/work/x_scrapper/x_scrapper/data/raw/fortune_x_2025_ranked/044_walt_disney,@Disney,https://x.com/Disney,primary,1
44,Walt Disney,@Disney,1899460307413618809,Tue Mar 11 14:00:02 +0000 2025,Let’s bring it home! #Mufasa: The Lion King is coming to @DisneyPlus on March 26! https://t.co/JlaCAo8EGy,https://x.com/Disney/status/1899460307413618809,52,267,1179,31,true,false,,2026-06-14T02:52:19.446113+00:00,incremental browser-based collection of observable public posts,0,/home/runner/work/x_scrapper/x_scrapper/data/raw/fortune_x_2025_ranked/044_walt_disney,@Disney,https://x.com/Disney,primary,1
44,Walt Disney,@Disney,1899122376237052253,Mon Mar 10 15:37:13 +0000 2025,RT @DisneyParks: Watch the full episode of We Call It Imagineering here: https://t.co/HOavgdqPXM,https://x.com/Disney/status/1899122376237052253,0,25,0,0,true,false,,2026-06-14T02:52:19.446113+00:00,incremental browser-based collection of observable public posts,0,/home/runner/work/x_scrapper/x_scrapper/data/raw/fortune_x_2025_ranked/044_walt_disney,@Disney,https://x.com/Disney,primary,1
44,Walt Disney,@Disney,1899122365411520811,Mon Mar 10 15:37:10 +0000 2025,RT @DisneyParks: The sweetest memory ❤️✨Join the Walt Disney Imagineering Ride team as they take you inside some of your favorite attractio…,https://x.com/Disney/status/1899122365411520811,0,92,0,0,true,false,,2026-06-14T02:52:19.446113+00:00,incremental browser-based collection of observable public posts,0,/home/runner/work/x_scrapper/x_scrapper/data/raw/fortune_x_2025_ranked/044_walt_disney,@Disney,https://x.com/Disney,primary,1
44,Walt Disney,@Disney,1899113313906065526,Mon Mar 10 15:01:12 +0000 2025,Watch the full episode of We Call It Imagineering here: https://t.co/HOavgdqPXM,https://x.com/Disney/status/1899113313906065526,3,25,125,0,true,false,,2026-06-14T02:52:19.446113+00:00,incremental browser-based collection of observable public posts,0,/home/runner/work/x_scrapper/x_scrapper/data/raw/fortune_x_2025_ranked/044_walt_disney,@Disney,https://x.com/Disney,primary,1
44,Walt Disney,@Disney,1899113152299606420,Mon Mar 10 15:00:33 +0000 2025,The sweetest memory ❤️✨Join the Walt Disney Imagineering Ride team as they take you inside some of your favorite attractions with sneak peeks of what’s to come in the latest episode of We Call It Imagineering 📺 https://t.co/JCbCXiV02A,https://x.com/Disney/status/1899113152299606420,31,92,671,1,true,false,,2026-06-14T02:52:19.446113+00:00,incremental browser-based collection of observable public posts,0,/home/runner/work/x_scrapper/x_scrapper/data/raw/fortune_x_2025_ranked/044_walt_disney,@Disney,https://x.com/Disney,primary,1
44,Walt Disney,@Disney,1899098042562928987,Mon Mar 10 14:00:31 +0000 2025,"RT @DisneyStudios: Get tickets now for the magical, musical movie event ✨🎶

Disney’s #SnowWhite only in theaters March 21. https://t.co/SWk…",https://x.com/Disney/status/1899098042562928987,0,397,0,0,true,false,,2026-06-14T02:52:19.446113+00:00,incremental browser-based collection of observable public posts,0,/home/runner/work/x_scrapper/x_scrapper/data/raw/fortune_x_2025_ranked/044_walt_disney,@Disney,https://x.com/Disney,primary,1
44,Walt Disney,@Disney,1899082820779212872,Mon Mar 10 13:00:02 +0000 2025,"Get tickets now for the magical, musical movie event ✨🎶

Disney’s #SnowWhite only in theaters March 21. https://t.co/SWksDu6V2G https://t.co/8ZKgmrDduj",https://x.com/Disney/status/1899082820779212872,1092,397,2017,232,true,false,,2026-06-14T02:52:19.446113+00:00,incremental browser-based collection of observable public posts,0,/home/runner/work/x_scrapper/x_scrapper/data/raw/fortune_x_2025_ranked/044_walt_disney,@Disney,https://x.com/Disney,primary,1
44,Walt Disney,@Disney,1898857893530841090,Sun Mar 09 22:06:15 +0000 2025,"RT @DisneyParks: Who to trust when your droid’s a bust? An Anzellan, of course. 🤖🛠️ #SXSW https://t.co/AVpRX8zuoE",https://x.com/Disney/status/1898857893530841090,0,435,0,0,true,false,,2026-06-14T02:52:19.446113+00:00,incremental browser-based collection of observable public posts,0,/home/runner/work/x_scrapper/x_scrapper/data/raw/fortune_x_2025_ranked/044_walt_disney,@Disney,https://x.com/Disney,primary,1
44,Walt Disney,@Disney,1898830570240475245,Sun Mar 09 20:17:41 +0000 2025,"Who to trust when your droid’s a bust? An Anzellan, of course. 🤖🛠️ #SXSW https://t.co/AVpRX8zuoE",https://x.com/Disney/status/1898830570240475245,50,435,2796,52,true,false,,2026-06-14T02:52:19.446113+00:00,incremental browser-based collection of observable public posts,0,/home/runner/work/x_scrapper/x_scrapper/data/raw/fortune_x_2025_ranked/044_walt_disney,@Disney,https://x.com/Disney,primary,1
44,Walt Disney,@Disney,1898488266946662529,Sat Mar 08 21:37:29 +0000 2025,"RT @DisneyParks: That's a wrap from @SXSW! 👏 Catch up on the biggest moments, surprise guest appearances and behind-the-scenes footage from…",https://x.com/Disney/status/1898488266946662529,0,67,0,0,true,false,,2026-06-14T02:52:19.446113+00:00,incremental browser-based collection of observable public posts,0,/home/runner/work/x_scrapper/x_scrapper/data/raw/fortune_x_2025_ranked/044_walt_disney,@Disney,https://x.com/Disney,primary,1
44,Walt Disney,@Disney,1898488259304673714,Sat Mar 08 21:37:27 +0000 2025,"RT @DisneyParks: We love this 3,000 ❤️💛 @RobertDowneyJr crashes Disney Experiences #SXSW panel with @Avengers Campus updates! https://t.co/…",https://x.com/Disney/status/1898488259304673714,0,290,0,0,true,false,,2026-06-14T02:52:19.446113+00:00,incremental browser-based collection of observable public posts,0,/home/runner/work/x_scrapper/x_scrapper/data/raw/fortune_x_2025_ranked/044_walt_disney,@Disney,https://x.com/Disney,primary,1
44,Walt Disney,@Disney,1898488246621057441,Sat Mar 08 21:37:24 +0000 2025,RT @DisneyParks: A closer look at early concept sketches and new race car personalities designed by @Pixar for the brand-new Cars attractio…,https://x.com/Disney/status/1898488246621057441,0,113,0,0,true,false,,2026-06-14T02:52:19.446113+00:00,incremental browser-based collection of observable public posts,0,/home/runner/work/x_scrapper/x_scrapper/data/raw/fortune_x_2025_ranked/044_walt_disney,@Disney,https://x.com/Disney,primary,1
44,Walt Disney,@Disney,1898470789453586768,Sat Mar 08 20:28:02 +0000 2025,"That's a wrap from @SXSW! 👏 Catch up on the biggest moments, surprise guest appearances and behind-the-scenes footage from the newest Pixar, Star Wars and Avengers attractions coming to Disneyland and Walt Disney World. https://t.co/Jr67jaY75b",https://x.com/Disney/status/1898470789453586768,19,67,345,5,true,false,,2026-06-14T02:52:19.446113+00:00,incremental browser-based collection of observable public posts,0,/home/runner/work/x_scrapper/x_scrapper/data/raw/fortune_x_2025_ranked/044_walt_disney,@Disney,https://x.com/Disney,primary,1
44,Walt Disney,@Disney,1898461784169705776,Sat Mar 08 19:52:15 +0000 2025,"We love this 3,000 ❤️💛 @RobertDowneyJr crashes Disney Experiences #SXSW panel with @Avengers Campus updates! https://t.co/rDftsEd5Mu",https://x.com/Disney/status/1898461784169705776,19,290,2166,13,true,false,,2026-06-14T02:52:19.446113+00:00,incremental browser-based collection of observable public posts,0,/home/runner/work/x_scrapper/x_scrapper/data/raw/fortune_x_2025_ranked/044_walt_disney,@Disney,https://x.com/Disney,primary,1
44,Walt Disney,@Disney,1898448103650300234,Sat Mar 08 18:57:54 +0000 2025,A closer look at early concept sketches and new race car personalities designed by @Pixar for the brand-new Cars attraction coming to Frontierland at @WaltDisneyWorld. https://t.co/RXOT36XOod #SXSW https://t.co/2hGdhQXJBp,https://x.com/Disney/status/1898448103650300234,346,113,1017,27,true,false,,2026-06-14T02:52:19.446113+00:00,incremental browser-based collection of observable public posts,0,/home/runner/work/x_scrapper/x_scrapper/data/raw/fortune_x_2025_ranked/044_walt_disney,@Disney,https://x.com/Disney,primary,1
44,Walt Disney,@Disney,1898446278373355628,Sat Mar 08 18:50:38 +0000 2025,RT @DisneyParks: Behind-the-scenes photos of Robert Downey Jr. visiting Walt Disney Imagineering to view the progress on Avengers Campus. 🤩…,https://x.com/Disney/status/1898446278373355628,0,163,0,0,true,false,,2026-06-14T02:52:19.446113+00:00,incremental browser-based collection of observable public posts,0,/home/runner/work/x_scrapper/x_scrapper/data/raw/fortune_x_2025_ranked/044_walt_disney,@Disney,https://x.com/Disney,primary,1
44,Walt Disney,@Disney,1898445754189926877,Sat Mar 08 18:48:33 +0000 2025,Behind-the-scenes photos of Robert Downey Jr. visiting Walt Disney Imagineering to view the progress on Avengers Campus. 🤩 https://t.co/xVVHOI2yZz #SXSW https://t.co/6ZlGeOfQ7q,https://x.com/Disney/status/1898445754189926877,14,163,1022,14,true,false,,2026-06-14T02:52:19.446113+00:00,incremental browser-based collection of observable public posts,0,/home/runner/work/x_scrapper/x_scrapper/data/raw/fortune_x_2025_ranked/044_walt_disney,@Disney,https://x.com/Disney,primary,1
44,Walt Disney,@Disney,1898444877421322714,Sat Mar 08 18:45:04 +0000 2025,"RT @DisneyParks: Walt Disney Imagineering reveals newly unclassified details for the new Stark Flight Lab attraction, inspired by Tony Star…",https://x.com/Disney/status/1898444877421322714,0,212,0,0,true,false,,2026-06-14T02:52:19.446113+00:00,incremental browser-based collection of observable public posts,0,/home/runner/work/x_scrapper/x_scrapper/data/raw/fortune_x_2025_ranked/044_walt_disney,@Disney,https://x.com/Disney,primary,1
44,Walt Disney,@Disney,1898443888290865527,Sat Mar 08 18:41:09 +0000 2025,"Walt Disney Imagineering reveals newly unclassified details for the new Stark Flight Lab attraction, inspired by Tony Stark's beloved robotic friend DUM-E, setting up shop in Avengers Campus at Disney California Adventure. 🦾 https://t.co/Wkvnq0C01X https://t.co/lvrz1qDnJO",https://x.com/Disney/status/1898443888290865527,25,212,1200,26,true,false,,2026-06-14T02:52:19.446113+00:00,incremental browser-based collection of observable public posts,0,/home/runner/work/x_scrapper/x_scrapper/data/raw/fortune_x_2025_ranked/044_walt_disney,@Disney,https://x.com/Disney,primary,1
44,Walt Disney,@Disney,1898441908621615238,Sat Mar 08 18:33:17 +0000 2025,RT @DisneyParks: Real-world engineering meets Disney magic. 🚙✨ Walt Disney Imagineering shares a behind-the-scenes look at off-road testing…,https://x.com/Disney/status/1898441908621615238,0,180,0,0,false,false,,2026-06-14T02:52:19.446113+00:00,incremental browser-based collection of observable public posts,0,/home/runner/work/x_scrapper/x_scrapper/data/raw/fortune_x_2025_ranked/044_walt_disney,@Disney,https://x.com/Disney,primary,1
44,Walt Disney,@Disney,1898441710310490271,Sat Mar 08 18:32:29 +0000 2025,Real-world engineering meets Disney magic. 🚙✨ Walt Disney Imagineering shares a behind-the-scenes look at off-road testing for the new Cars attraction coming to the Magic Kingdom at @WaltDisneyWorld. https://t.co/oBkKleOwz8 #SXSW https://t.co/jfpSYdsz59,https://x.com/Disney/status/1898441710310490271,704,180,1450,158,true,false,,2026-06-14T02:52:19.446113+00:00,incremental browser-based collection of observable public posts,0,/home/runner/work/x_scrapper/x_scrapper/data/raw/fortune_x_2025_ranked/044_walt_disney,@Disney,https://x.com/Disney,primary,1
44,Walt Disney,@Disney,1898438019889365061,Sat Mar 08 18:17:49 +0000 2025,"RT @DisneyParks: Walt Disney Imagineering shares a new look at the Monsters, Inc. coaster loading area and first-ever vertical lift that wi…",https://x.com/Disney/status/1898438019889365061,0,941,0,0,false,false,,2026-06-14T02:52:19.446113+00:00,incremental browser-based collection of observable public posts,0,/home/runner/work/x_scrapper/x_scrapper/data/raw/fortune_x_2025_ranked/044_walt_disney,@Disney,https://x.com/Disney,primary,1
44,Walt Disney,@Disney,1898437993805041773,Sat Mar 08 18:17:43 +0000 2025,RT @DisneyParks: FIRST LOOK from the set of The Mandalorian and Grogu film featuring BDX Droids built by Walt Disney Imagineering. 🤖 See th…,https://x.com/Disney/status/1898437993805041773,0,411,0,0,true,false,,2026-06-14T02:52:19.446113+00:00,incremental browser-based collection of observable public posts,0,/home/runner/work/x_scrapper/x_scrapper/data/raw/fortune_x_2025_ranked/044_walt_disney,@Disney,https://x.com/Disney,primary,1
44,Walt Disney,@Disney,1898437297885823429,Sat Mar 08 18:14:57 +0000 2025,"Walt Disney Imagineering shares a new look at the Monsters, Inc. coaster loading area and first-ever vertical lift that will hoist riders in the air like never before as they zoom into the door vault! https://t.co/9Rwf0YtRGX 🚪🎢 #SXSW https://t.co/fnTaDIA6AR",https://x.com/Disney/status/1898437297885823429,84,941,6800,301,true,false,,2026-06-14T02:52:19.446113+00:00,incremental browser-based collection of observable public posts,0,/home/runner/work/x_scrapper/x_scrapper/data/raw/fortune_x_2025_ranked/044_walt_disney,@Disney,https://x.com/Disney,primary,1
44,Walt Disney,@Disney,1898435089005998544,Sat Mar 08 18:06:11 +0000 2025,"FIRST LOOK from the set of The Mandalorian and Grogu film featuring BDX Droids built by Walt Disney Imagineering. 🤖 See the film only in theaters May 22, 2026. 🎥 https://t.co/RnB5LT58EY",https://x.com/Disney/status/1898435089005998544,23,411,2633,101,true,false,,2026-06-14T02:52:19.446113+00:00,incremental browser-based collection of observable public posts,0,/home/runner/work/x_scrapper/x_scrapper/data/raw/fortune_x_2025_ranked/044_walt_disney,@Disney,https://x.com/Disney,primary,1
44,Walt Disney,@Disney,1898433975758282817,Sat Mar 08 18:01:45 +0000 2025,"RT @DisneyParks: JUST ANNOUNCED! The new Millennium Falcon: Smugglers Run adventure featuring Mando and Grogu will debut May 22, 2026 at St…",https://x.com/Disney/status/1898433975758282817,0,477,0,0,true,false,,2026-06-14T02:52:19.446113+00:00,incremental browser-based collection of observable public posts,0,/home/runner/work/x_scrapper/x_scrapper/data/raw/fortune_x_2025_ranked/044_walt_disney,@Disney,https://x.com/Disney,primary,1
44,Walt Disney,@Disney,1898433089551859856,Sat Mar 08 17:58:14 +0000 2025,"JUST ANNOUNCED! The new Millennium Falcon: Smugglers Run adventure featuring Mando and Grogu will debut May 22, 2026 at Star Wars: Galaxy’s Edge at Disney Parks! https://t.co/RRNZ9lsYBm  💫 #SXSW https://t.co/SYY9aO23pE",https://x.com/Disney/status/1898433089551859856,63,477,3491,146,true,false,,2026-06-14T02:52:19.446113+00:00,incremental browser-based collection of observable public posts,0,/home/runner/work/x_scrapper/x_scrapper/data/raw/fortune_x_2025_ranked/044_walt_disney,@Disney,https://x.com/Disney,primary,1
44,Walt Disney,@Disney,1898079243298652423,Fri Mar 07 18:32:10 +0000 2025,"RT @DisneyParks: Join us tomorrow LIVE from #SXSW as Josh D'Amaro, Alan Bergman and several special guests showcase the convergence of imag…",https://x.com/Disney/status/1898079243298652423,0,56,0,0,true,false,,2026-06-14T02:52:19.446113+00:00,incremental browser-based collection of observable public posts,0,/home/runner/work/x_scrapper/x_scrapper/data/raw/fortune_x_2025_ranked/044_walt_disney,@Disney,https://x.com/Disney,primary,1
44,Walt Disney,@Disney,1898078821762429195,Fri Mar 07 18:30:30 +0000 2025,"Join us tomorrow LIVE from #SXSW as Josh D'Amaro, Alan Bergman and several special guests showcase the convergence of imagination, innovation and the future of experiential storytelling that only Disney can deliver. ✨ https://t.co/MYp1Qw1ugJ https://t.co/qVBHqy51Pl",https://x.com/Disney/status/1898078821762429195,46,56,374,11,true,false,,2026-06-14T02:52:19.446113+00:00,incremental browser-based collection of observable public posts,0,/home/runner/work/x_scrapper/x_scrapper/data/raw/fortune_x_2025_ranked/044_walt_disney,@Disney,https://x.com/Disney,primary,1
44,Walt Disney,@Disney,1895156952021508563,Thu Feb 27 17:00:02 +0000 2025,"Celebrating 75 enchanting years of Cinderella's timeless tale, whose dreams, grace, and magic continue to inspire generations.🩵 #Cinderella75th https://t.co/Zt3sqGxE51",https://x.com/Disney/status/1895156952021508563,113,766,3290,103,true,false,,2026-06-14T02:52:19.446113+00:00,incremental browser-based collection of observable public posts,0,/home/runner/work/x_scrapper/x_scrapper/data/raw/fortune_x_2025_ranked/044_walt_disney,@Disney,https://x.com/Disney,primary,1
44,Walt Disney,@Disney,1894439466607239453,Tue Feb 25 17:29:00 +0000 2025,RT @starwars: Celebrate the 20th anniversary of Star Wars: Episode III - Revenge of the Sith with the theatrical re-release. Experience it…,https://x.com/Disney/status/1894439466607239453,0,15918,0,0,true,false,,2026-06-14T02:52:19.446113+00:00,incremental browser-based collection of observable public posts,0,/home/runner/work/x_scrapper/x_scrapper/data/raw/fortune_x_2025_ranked/044_walt_disney,@Disney,https://x.com/Disney,primary,1
44,Walt Disney,@Disney,1894417095724863576,Tue Feb 25 16:00:06 +0000 2025,"Celebrate the 20th anniversary of Star Wars: Episode III - Revenge of the Sith with the theatrical re-release. Experience it in theaters beginning April 25. 

Art by Matt Ferguson.

Learn more: https://t.co/WlFKKrmUIm https://t.co/VmaGavzGDM",https://x.com/Disney/status/1894417095724863576,1415,15918,96617,6089,true,false,,2026-06-14T02:52:19.446113+00:00,incremental browser-based collection of observable public posts,0,/home/runner/work/x_scrapper/x_scrapper/data/raw/fortune_x_2025_ranked/044_walt_disney,@Disney,https://x.com/Disney,primary,1
44,Walt Disney,@Disney,1894070346447216855,Mon Feb 24 17:02:15 +0000 2025,"RT @DisneyStudios: 🍎🐰👑🪞🎶 Experience the magic of Disney’s #SnowWhite, only in theaters March 21. https://t.co/oRVmPDcG4U",https://x.com/Disney/status/1894070346447216855,0,223,0,0,true,false,,2026-06-14T02:52:19.446113+00:00,incremental browser-based collection of observable public posts,0,/home/runner/work/x_scrapper/x_scrapper/data/raw/fortune_x_2025_ranked/044_walt_disney,@Disney,https://x.com/Disney,primary,1
44,Walt Disney,@Disney,1894069788437328124,Mon Feb 24 17:00:02 +0000 2025,"🍎🐰👑🪞🎶 Experience the magic of Disney’s #SnowWhite, only in theaters March 21. https://t.co/oRVmPDcG4U",https://x.com/Disney/status/1894069788437328124,278,223,1259,54,true,false,,2026-06-14T02:52:19.446113+00:00,incremental browser-based collection of observable public posts,0,/home/runner/work/x_scrapper/x_scrapper/data/raw/fortune_x_2025_ranked/044_walt_disney,@Disney,https://x.com/Disney,primary,1
44,Walt Disney,@Disney,1892994738913190286,Fri Feb 21 17:48:10 +0000 2025,"RT @DisneyStudios: In ONE MONTH, return to the magical story that started it all 🍎✨

Experience Disney’s #SnowWhite only in theaters March…",https://x.com/Disney/status/1892994738913190286,0,318,0,0,true,false,,2026-06-14T02:52:19.446113+00:00,incremental browser-based collection of observable public posts,0,/home/runner/work/x_scrapper/x_scrapper/data/raw/fortune_x_2025_ranked/044_walt_disney,@Disney,https://x.com/Disney,primary,1
44,Walt Disney,@Disney,1892982628833485011,Fri Feb 21 17:00:03 +0000 2025,"In ONE MONTH, return to the magical story that started it all 🍎✨

Experience Disney’s #SnowWhite only in theaters March 21. https://t.co/RAyPgDwFm4",https://x.com/Disney/status/1892982628833485011,277,318,1554,59,true,false,,2026-06-14T02:52:19.446113+00:00,incremental browser-based collection of observable public posts,0,/home/runner/work/x_scrapper/x_scrapper/data/raw/fortune_x_2025_ranked/044_walt_disney,@Disney,https://x.com/Disney,primary,1
44,Walt Disney,@Disney,1892605302672961900,Thu Feb 20 16:00:41 +0000 2025,"RT @DisneyStudios: Magic Mirror on the wall… 🪞

See Disney’s #SnowWhite only in theaters March 21. https://t.co/ZYE6NOzr2o",https://x.com/Disney/status/1892605302672961900,0,395,0,0,true,false,,2026-06-14T02:52:19.446113+00:00,incremental browser-based collection of observable public posts,0,/home/runner/work/x_scrapper/x_scrapper/data/raw/fortune_x_2025_ranked/044_walt_disney,@Disney,https://x.com/Disney,primary,1
44,Walt Disney,@Disney,1892605134380642527,Thu Feb 20 16:00:01 +0000 2025,"Magic Mirror on the wall… 🪞

See Disney’s #SnowWhite only in theaters March 21. https://t.co/ZYE6NOzr2o",https://x.com/Disney/status/1892605134380642527,278,395,1954,60,true,false,,2026-06-14T02:52:19.446113+00:00,incremental browser-based collection of observable public posts,0,/home/runner/work/x_scrapper/x_scrapper/data/raw/fortune_x_2025_ranked/044_walt_disney,@Disney,https://x.com/Disney,primary,1
44,Walt Disney,@Disney,1892249327223046509,Wed Feb 19 16:26:10 +0000 2025,"RT @DisneyStudios: This March, the Garcias are going on a terrible, horrible, no good, very bad road trip.

Watch the trailer for Alexander…",https://x.com/Disney/status/1892249327223046509,0,128,0,0,true,false,,2026-06-14T02:52:19.446113+00:00,incremental browser-based collection of observable public posts,0,/home/runner/work/x_scrapper/x_scrapper/data/raw/fortune_x_2025_ranked/044_walt_disney,@Disney,https://x.com/Disney,primary,1
44,Walt Disney,@Disney,1892242759580270793,Wed Feb 19 16:00:04 +0000 2025,"This March, the Garcias are going on a terrible, horrible, no good, very bad road trip.

Watch the trailer for Alexander and the Terrible, Horrible, No Good, Very Bad Road Trip, streaming March 28, only on @DisneyPlus. https://t.co/uJBzZpR0K9",https://x.com/Disney/status/1892242759580270793,37,128,592,20,true,false,,2026-06-14T02:52:19.446113+00:00,incremental browser-based collection of observable public posts,0,/home/runner/work/x_scrapper/x_scrapper/data/raw/fortune_x_2025_ranked/044_walt_disney,@Disney,https://x.com/Disney,primary,1
44,Walt Disney,@Disney,1891880515969393150,Tue Feb 18 16:00:39 +0000 2025,"RT @DisneyStudios: The classic story comes to life ✨

See Disney’s #SnowWhite only in theaters March 21. https://t.co/Gxi0yywHF4",https://x.com/Disney/status/1891880515969393150,0,462,0,0,true,false,,2026-06-14T02:52:19.446113+00:00,incremental browser-based collection of observable public posts,0,/home/runner/work/x_scrapper/x_scrapper/data/raw/fortune_x_2025_ranked/044_walt_disney,@Disney,https://x.com/Disney,primary,1
44,Walt Disney,@Disney,1891880357290725857,Tue Feb 18 16:00:01 +0000 2025,"The classic story comes to life ✨

See Disney’s #SnowWhite only in theaters March 21. https://t.co/Gxi0yywHF4",https://x.com/Disney/status/1891880357290725857,351,462,2257,169,true,false,,2026-06-14T02:52:19.446113+00:00,incremental browser-based collection of observable public posts,0,/home/runner/work/x_scrapper/x_scrapper/data/raw/fortune_x_2025_ranked/044_walt_disney,@Disney,https://x.com/Disney,primary,1
44,Walt Disney,@Disney,1890553803528978480,Sat Feb 15 00:08:46 +0000 2025,"No more running, this is where they make their stand. Jake Sully and Neytiri outfits have arrived in the Fortnite Shop: https://t.co/ZLzGa17VFH https://t.co/QzIstiuDyU",https://x.com/Disney/status/1890553803528978480,68,107,536,6,true,false,,2026-06-14T02:52:19.446113+00:00,incremental browser-based collection of observable public posts,0,/home/runner/work/x_scrapper/x_scrapper/data/raw/fortune_x_2025_ranked/044_walt_disney,@Disney,https://x.com/Disney,primary,1
44,Walt Disney,@Disney,1888736213290668262,Sun Feb 09 23:46:18 +0000 2025,"RT @DisneyStudios: ̶F̶l̶a̶g̶ Stitch on the play 🏈

#LiloAndStitch arrives exclusively in movie theaters May 23! https://t.co/0pd9VnTjmY",https://x.com/Disney/status/1888736213290668262,0,1948,0,0,true,false,,2026-06-14T02:52:19.446113+00:00,incremental browser-based collection of observable public posts,0,/home/runner/work/x_scrapper/x_scrapper/data/raw/fortune_x_2025_ranked/044_walt_disney,@Disney,https://x.com/Disney,primary,1
44,Walt Disney,@Disney,1888734682227077393,Sun Feb 09 23:40:13 +0000 2025,"̶F̶l̶a̶g̶ Stitch on the play 🏈

#LiloAndStitch arrives exclusively in movie theaters May 23! https://t.co/0pd9VnTjmY",https://x.com/Disney/status/1888734682227077393,124,1948,11890,141,true,false,,2026-06-14T02:52:19.446113+00:00,incremental browser-based collection of observable public posts,0,/home/runner/work/x_scrapper/x_scrapper/data/raw/fortune_x_2025_ranked/044_walt_disney,@Disney,https://x.com/Disney,primary,1
44,Walt Disney,@Disney,1882438046274228623,Thu Jan 23 14:39:38 +0000 2025,Congratulations to all the 15 #Oscars nominations from across The Walt Disney Company. Discover all of the nominees: https://t.co/2VC5f2HIZe https://t.co/a0w3XnN0UI,https://x.com/Disney/status/1882438046274228623,228,222,1180,12,true,false,,2026-06-14T02:52:19.446113+00:00,incremental browser-based collection of observable public posts,0,/home/runner/work/x_scrapper/x_scrapper/data/raw/fortune_x_2025_ranked/044_walt_disney,@Disney,https://x.com/Disney,primary,1
44,Walt Disney,@Disney,1879951945026400452,Thu Jan 16 18:00:46 +0000 2025,"RT @Pixar: It's all how you look at it...

#WinOrLose, Pixar's first original series, is available February 19 only on @DisneyPlus. https:/…",https://x.com/Disney/status/1879951945026400452,0,308,0,0,true,false,,2026-06-14T02:52:19.446113+00:00,incremental browser-based collection of observable public posts,0,/home/runner/work/x_scrapper/x_scrapper/data/raw/fortune_x_2025_ranked/044_walt_disney,@Disney,https://x.com/Disney,primary,1
44,Walt Disney,@Disney,1879951756651843789,Thu Jan 16 18:00:01 +0000 2025,"It's all how you look at it...

#WinOrLose, Pixar's first original series, is available February 19 only on @DisneyPlus. https://t.co/ZlRKEbBLL6",https://x.com/Disney/status/1879951756651843789,128,308,1746,33,true,false,,2026-06-14T02:52:19.446113+00:00,incremental browser-based collection of observable public posts,0,/home/runner/work/x_scrapper/x_scrapper/data/raw/fortune_x_2025_ranked/044_walt_disney,@Disney,https://x.com/Disney,primary,1
44,Walt Disney,@Disney,1879937839057735986,Thu Jan 16 17:04:43 +0000 2025,"RT @Pixar: One story, told from eight sides.

#WinOrLose, Pixar's first original series, is available February 19 only on @DisneyPlus. http…",https://x.com/Disney/status/1879937839057735986,0,683,0,0,true,false,,2026-06-14T02:52:19.446113+00:00,incremental browser-based collection of observable public posts,0,/home/runner/work/x_scrapper/x_scrapper/data/raw/fortune_x_2025_ranked/044_walt_disney,@Disney,https://x.com/Disney,primary,1
44,Walt Disney,@Disney,1879936653860700333,Thu Jan 16 17:00:00 +0000 2025,"One story, told from eight sides.

#WinOrLose, Pixar's first original series, is available February 19 only on @DisneyPlus. https://t.co/muGZi6Um2K",https://x.com/Disney/status/1879936653860700333,683,683,4572,582,true,false,,2026-06-14T02:52:19.446113+00:00,incremental browser-based collection of observable public posts,0,/home/runner/work/x_scrapper/x_scrapper/data/raw/fortune_x_2025_ranked/044_walt_disney,@Disney,https://x.com/Disney,primary,1
44,Walt Disney,@Disney,1877865202810806620,Fri Jan 10 23:48:48 +0000 2025,"The history of The Walt Disney Company is inextricably linked to the greater Los Angeles region, and the destruction from the devastating fires affecting thousands in our area is truly heartbreaking. Today we are committing $15 million for initial and immediate response and rebuilding efforts. Learn more: https://t.co/EA0428QGPs",https://x.com/Disney/status/1877865202810806620,205,560,3021,51,true,false,,2026-06-14T02:52:19.446113+00:00,incremental browser-based collection of observable public posts,0,/home/runner/work/x_scrapper/x_scrapper/data/raw/fortune_x_2025_ranked/044_walt_disney,@Disney,https://x.com/Disney,primary,1
44,Walt Disney,@Disney,1876719424968802777,Tue Jan 07 19:55:53 +0000 2025,"RT @DisneyStudios: #Mufasa: The Lion King is the #1 movie in America two weeks in a row, and the #1 movie in the world 3 weeks in a row! 🦁…",https://x.com/Disney/status/1876719424968802777,0,279,0,0,true,false,,2026-06-14T02:52:19.446113+00:00,incremental browser-based collection of observable public posts,0,/home/runner/work/x_scrapper/x_scrapper/data/raw/fortune_x_2025_ranked/044_walt_disney,@Disney,https://x.com/Disney,primary,1
44,Walt Disney,@Disney,1875996873225277534,Sun Jan 05 20:04:43 +0000 2025,"#Mufasa: The Lion King is the #1 movie in America two weeks in a row, and the #1 movie in the world 3 weeks in a row! 🦁 Don't miss the global phenomenon, see it now only in theaters. https://t.co/Kz3dFWqEJh",https://x.com/Disney/status/1875996873225277534,1123,279,1582,187,true,false,,2026-06-14T02:52:19.446113+00:00,incremental browser-based collection of observable public posts,0,/home/runner/work/x_scrapper/x_scrapper/data/raw/fortune_x_2025_ranked/044_walt_disney,@Disney,https://x.com/Disney,primary,1
44,Walt Disney,@Disney,1873470254053294160,Sun Dec 29 20:44:50 +0000 2024,"RT @DisneyStudios: #Mufasa: The Lion King is now the #1 movie in America, and the #1 movie in the world, two weeks in a row! 🦁 See it now,…",https://x.com/Disney/status/1873470254053294160,0,737,0,0,true,false,,2026-06-14T02:52:19.446113+00:00,incremental browser-based collection of observable public posts,0,/home/runner/work/x_scrapper/x_scrapper/data/raw/fortune_x_2025_ranked/044_walt_disney,@Disney,https://x.com/Disney,primary,1
44,Walt Disney,@Disney,1873469638614651020,Sun Dec 29 20:42:23 +0000 2024,"#Mufasa: The Lion King is now the #1 movie in America, and the #1 movie in the world, two weeks in a row! 🦁 See it now, only in theaters! https://t.co/bPIi9DBQWP",https://x.com/Disney/status/1873469638614651020,6599,737,6290,3153,true,false,,2026-06-14T02:52:19.446113+00:00,incremental browser-based collection of observable public posts,0,/home/runner/work/x_scrapper/x_scrapper/data/raw/fortune_x_2025_ranked/044_walt_disney,@Disney,https://x.com/Disney,primary,1
44,Walt Disney,@Disney,1872086378470908290,Thu Dec 26 01:05:48 +0000 2024,"RT @DisneyStudios: #Mufasa: The Lion King is the #1 Christmas Day Movie! 🦁 See it now, only in theaters! https://t.co/VVkVyEBzaw",https://x.com/Disney/status/1872086378470908290,0,386,0,0,true,false,,2026-06-14T02:52:19.446113+00:00,incremental browser-based collection of observable public posts,0,/home/runner/work/x_scrapper/x_scrapper/data/raw/fortune_x_2025_ranked/044_walt_disney,@Disney,https://x.com/Disney,primary,1
44,Walt Disney,@Disney,1872086029311643900,Thu Dec 26 01:04:25 +0000 2024,"#Mufasa: The Lion King is the #1 Christmas Day Movie! 🦁 See it now, only in theaters! https://t.co/VVkVyEBzaw",https://x.com/Disney/status/1872086029311643900,1006,386,1985,185,true,false,,2026-06-14T02:52:19.446113+00:00,incremental browser-based collection of observable public posts,0,/home/runner/work/x_scrapper/x_scrapper/data/raw/fortune_x_2025_ranked/044_walt_disney,@Disney,https://x.com/Disney,primary,1
44,Walt Disney,@Disney,1871964121194709334,Wed Dec 25 17:00:00 +0000 2024,"🎶 Waiting on a wish 🎶 
 
Merry Christmas! Here’s a special look of @pasekandpaul’s new song from Disney’s #SnowWhite, only in theaters March 21, 2025. https://t.co/lXAu05MAOK",https://x.com/Disney/status/1871964121194709334,401,342,1588,125,true,false,,2026-06-14T02:52:19.446113+00:00,incremental browser-based collection of observable public posts,0,/home/runner/work/x_scrapper/x_scrapper/data/raw/fortune_x_2025_ranked/044_walt_disney,@Disney,https://x.com/Disney,primary,1
44,Walt Disney,@Disney,1870913644680348017,Sun Dec 22 19:25:47 +0000 2024,"RT @DisneyStudios: The #1 movie in the world is ""hilarious"" and will take you on an ""epic adventure.""

Get tickets for #Mufasa: The Lion Ki…",https://x.com/Disney/status/1870913644680348017,0,725,0,0,true,false,,2026-06-14T02:52:19.446113+00:00,incremental browser-based collection of observable public posts,0,/home/runner/work/x_scrapper/x_scrapper/data/raw/fortune_x_2025_ranked/044_walt_disney,@Disney,https://x.com/Disney,primary,1
44,Walt Disney,@Disney,1870890154602229964,Sun Dec 22 17:52:26 +0000 2024,"The #1 movie in the world is ""hilarious"" and will take you on an ""epic adventure.""

Get tickets for #Mufasa: The Lion King, now playing only in theaters! https://t.co/xiHaQjo2E4",https://x.com/Disney/status/1870890154602229964,5926,725,4620,3751,true,false,,2026-06-14T02:52:19.446113+00:00,incremental browser-based collection of observable public posts,0,/home/runner/work/x_scrapper/x_scrapper/data/raw/fortune_x_2025_ranked/044_walt_disney,@Disney,https://x.com/Disney,primary,1
44,Walt Disney,@Disney,1870133134903144641,Fri Dec 20 15:44:19 +0000 2024,"RT @DisneyStudios: ""This is our moment!"" #Mufasa: The Lion King is NOW PLAYING only in theaters! 🦁 Get your tickets now! https://t.co/n03ZC…",https://x.com/Disney/status/1870133134903144641,0,174,0,0,true,false,,2026-06-14T02:52:19.446113+00:00,incremental browser-based collection of observable public posts,0,/home/runner/work/x_scrapper/x_scrapper/data/raw/fortune_x_2025_ranked/044_walt_disney,@Disney,https://x.com/Disney,primary,1
44,Walt Disney,@Disney,1870121992034103719,Fri Dec 20 15:00:02 +0000 2024,"""This is our moment!"" #Mufasa: The Lion King is NOW PLAYING only in theaters! 🦁 Get your tickets now! https://t.co/n03ZCrrYNP",https://x.com/Disney/status/1870121992034103719,590,174,896,71,true,false,,2026-06-14T02:52:19.446113+00:00,incremental browser-based collection of observable public posts,0,/home/runner/work/x_scrapper/x_scrapper/data/raw/fortune_x_2025_ranked/044_walt_disney,@Disney,https://x.com/Disney,primary,1
44,Walt Disney,@Disney,1869429485873049660,Wed Dec 18 17:08:16 +0000 2024,"RT @DisneyStudios: *clears throat* RAWR

#LiloAndStitch, coming to theaters May 23, 2025. https://t.co/ZstsKHUsmb",https://x.com/Disney/status/1869429485873049660,0,2792,0,0,true,false,,2026-06-14T02:52:19.446113+00:00,incremental browser-based collection of observable public posts,0,/home/runner/work/x_scrapper/x_scrapper/data/raw/fortune_x_2025_ranked/044_walt_disney,@Disney,https://x.com/Disney,primary,1
44,Walt Disney,@Disney,1869429473034285132,Wed Dec 18 17:08:13 +0000 2024,"RT @DisneyStudios: Long live the...King? 👑

#LiloAndStitch, coming to theaters May 23, 2025. https://t.co/4QWeClJkHw",https://x.com/Disney/status/1869429473034285132,0,2888,0,0,true,false,,2026-06-14T02:52:19.446113+00:00,incremental browser-based collection of observable public posts,0,/home/runner/work/x_scrapper/x_scrapper/data/raw/fortune_x_2025_ranked/044_walt_disney,@Disney,https://x.com/Disney,primary,1
44,Walt Disney,@Disney,1869428664267341886,Wed Dec 18 17:05:00 +0000 2024,"*clears throat* RAWR

#LiloAndStitch, coming to theaters May 23, 2025. https://t.co/ZstsKHUsmb",https://x.com/Disney/status/1869428664267341886,188,2792,16838,281,true,false,,2026-06-14T02:52:19.446113+00:00,incremental browser-based collection of observable public posts,0,/home/runner/work/x_scrapper/x_scrapper/data/raw/fortune_x_2025_ranked/044_walt_disney,@Disney,https://x.com/Disney,primary,1
44,Walt Disney,@Disney,1869427408904040637,Wed Dec 18 17:00:01 +0000 2024,"Long live the...King? 👑

#LiloAndStitch, coming to theaters May 23, 2025. https://t.co/4QWeClJkHw",https://x.com/Disney/status/1869427408904040637,125,2888,9742,488,true,false,,2026-06-14T02:52:19.446113+00:00,incremental browser-based collection of observable public posts,0,/home/runner/work/x_scrapper/x_scrapper/data/raw/fortune_x_2025_ranked/044_walt_disney,@Disney,https://x.com/Disney,primary,1
44,Walt Disney,@Disney,1867212559763304594,Thu Dec 12 14:19:00 +0000 2024,Congratulations to all the 53 #CriticsChoice nominations from across The Walt Disney Company. https://t.co/eqX9Sktl4D,https://x.com/Disney/status/1867212559763304594,148,176,842,2,true,false,,2026-06-14T02:52:19.446113+00:00,incremental browser-based collection of observable public posts,0,/home/runner/work/x_scrapper/x_scrapper/data/raw/fortune_x_2025_ranked/044_walt_disney,@Disney,https://x.com/Disney,primary,1
44,Walt Disney,@Disney,1866311612405105080,Tue Dec 10 02:38:57 +0000 2024,RT @DisneyStudios: We are live from the #Mufasa: The Lion King World Premiere at the Dolby Theater in Hollywood https://t.co/H9zoq0C21g,https://x.com/Disney/status/1866311612405105080,0,342,0,0,true,false,,2026-06-14T02:52:19.446113+00:00,incremental browser-based collection of observable public posts,0,/home/runner/work/x_scrapper/x_scrapper/data/raw/fortune_x_2025_ranked/044_walt_disney,@Disney,https://x.com/Disney,primary,1
44,Walt Disney,@Disney,1866276787673833822,Tue Dec 10 00:20:34 +0000 2024,We are live from the #Mufasa: The Lion King World Premiere at the Dolby Theater in Hollywood https://t.co/H9zoq0C21g,https://x.com/Disney/status/1866276787673833822,99,342,1662,23,true,false,,2026-06-14T02:52:19.446113+00:00,incremental browser-based collection of observable public posts,0,/home/runner/work/x_scrapper/x_scrapper/data/raw/fortune_x_2025_ranked/044_walt_disney,@Disney,https://x.com/Disney,primary,1
44,Walt Disney,@Disney,1866162895765328365,Mon Dec 09 16:48:00 +0000 2024,Congratulations to all the 35 #GoldenGlobes  nominees from across The Walt Disney Company. Discover all of the nominees: https://t.co/D44hMsLqSQ https://t.co/tOSJMnYqnw,https://x.com/Disney/status/1866162895765328365,46,135,649,3,true,false,,2026-06-14T02:52:19.446113+00:00,incremental browser-based collection of observable public posts,0,/home/runner/work/x_scrapper/x_scrapper/data/raw/fortune_x_2025_ranked/044_walt_disney,@Disney,https://x.com/Disney,primary,1
44,Walt Disney,@Disney,1864725057601241229,Thu Dec 05 17:34:33 +0000 2024,"RT @DisneyStudios: In celebration of #Mufasa: The Lion King, Disney is supporting the Lion Recovery Fund to help double the wild lion popul…",https://x.com/Disney/status/1864725057601241229,0,142,0,0,true,false,,2026-06-14T02:52:19.446113+00:00,incremental browser-based collection of observable public posts,0,/home/runner/work/x_scrapper/x_scrapper/data/raw/fortune_x_2025_ranked/044_walt_disney,@Disney,https://x.com/Disney,primary,1
44,Walt Disney,@Disney,1864716421563060421,Thu Dec 05 17:00:14 +0000 2024,"In celebration of #Mufasa: The Lion King, Disney is supporting the Lion Recovery Fund to help double the wild lion population by 2050. Discover all of the ways you can #ProtectThePride at https://t.co/J81JtmA4Co

#Mufasa: The Lion King, only in theaters December 20. https://t.co/gGs4u3jTQw",https://x.com/Disney/status/1864716421563060421,67,142,489,22,true,false,,2026-06-14T02:52:19.446113+00:00,incremental browser-based collection of observable public posts,0,/home/runner/work/x_scrapper/x_scrapper/data/raw/fortune_x_2025_ranked/044_walt_disney,@Disney,https://x.com/Disney,primary,1
44,Walt Disney,@Disney,1864010189051207895,Tue Dec 03 18:13:55 +0000 2024,"Go behind the scenes with director Taika Waititi as he tells a story about joy, wonder, and the power of friendship. A Disney Holiday Short: The Boy &amp; The Octopus is available now on @disneyplus and YouTube. https://t.co/O1j0Yw0rYT",https://x.com/Disney/status/1864010189051207895,51,67,384,8,true,false,,2026-06-14T02:52:19.446113+00:00,incremental browser-based collection of observable public posts,0,/home/runner/work/x_scrapper/x_scrapper/data/raw/fortune_x_2025_ranked/044_walt_disney,@Disney,https://x.com/Disney,primary,1
44,Walt Disney,@Disney,1863963004628259031,Tue Dec 03 15:06:25 +0000 2024,"The classic story comes to life 🍎 Experience Disney's #SnowWhite, only in theaters March 21, 2025. https://t.co/Ry6vMk7OfW",https://x.com/Disney/status/1863963004628259031,1717,819,5850,318,true,false,,2026-06-14T02:52:19.446113+00:00,incremental browser-based collection of observable public posts,0,/home/runner/work/x_scrapper/x_scrapper/data/raw/fortune_x_2025_ranked/044_walt_disney,@Disney,https://x.com/Disney,primary,1
44,Walt Disney,@Disney,1863961833582862828,Tue Dec 03 15:01:46 +0000 2024,"Magic mirror on the wall, show us the story that started it all 🪞 Disney’s #SnowWhite is only in theaters March 21, 2025. https://t.co/kTGGWL1TGc",https://x.com/Disney/status/1863961833582862828,787,626,2797,345,true,false,,2026-06-14T02:52:19.446113+00:00,incremental browser-based collection of observable public posts,0,/home/runner/work/x_scrapper/x_scrapper/data/raw/fortune_x_2025_ranked/044_walt_disney,@Disney,https://x.com/Disney,primary,1
44,Walt Disney,@Disney,1863686063245693079,Mon Dec 02 20:45:57 +0000 2024,"Bring a little taste of San Fransokyo to your gameplay.

Disney’s Baymax Outfit is now available in the Fortnite 鬼HUNTERS Battle Pass. https://t.co/GqEWecND0z",https://x.com/Disney/status/1863686063245693079,21,54,359,2,true,false,,2026-06-14T02:52:19.446113+00:00,incremental browser-based collection of observable public posts,0,/home/runner/work/x_scrapper/x_scrapper/data/raw/fortune_x_2025_ranked/044_walt_disney,@Disney,https://x.com/Disney,primary,1
44,Walt Disney,@Disney,1863684226614431846,Mon Dec 02 20:38:39 +0000 2024,"RT @DisneyStudios: What are you waiting for?! 🦁 Get your tickets for #Mufasa: The Lion King, only in theaters December 20. https://t.co/9Oi…",https://x.com/Disney/status/1863684226614431846,0,183,0,0,true,false,,2026-06-14T02:52:19.446113+00:00,incremental browser-based collection of observable public posts,0,/home/runner/work/x_scrapper/x_scrapper/data/raw/fortune_x_2025_ranked/044_walt_disney,@Disney,https://x.com/Disney,primary,1
44,Walt Disney,@Disney,1863674500987994605,Mon Dec 02 20:00:01 +0000 2024,"What are you waiting for?! 🦁 Get your tickets for #Mufasa: The Lion King, only in theaters December 20. https://t.co/9OiVzeWRwc",https://x.com/Disney/status/1863674500987994605,31,183,782,24,true,false,,2026-06-14T02:52:19.446113+00:00,incremental browser-based collection of observable public posts,0,/home/runner/work/x_scrapper/x_scrapper/data/raw/fortune_x_2025_ranked/044_walt_disney,@Disney,https://x.com/Disney,primary,1
44,Walt Disney,@Disney,1863252921376182388,Sun Dec 01 16:04:48 +0000 2024,"RT @DisneyAnimation: The record-breaking phenomenon is now the #1 movie in the world!

Get your tickets for #Moana2, now playing only in th…",https://x.com/Disney/status/1863252921376182388,0,159,0,0,true,false,,2026-06-14T02:52:19.446113+00:00,incremental browser-based collection of observable public posts,0,/home/runner/work/x_scrapper/x_scrapper/data/raw/fortune_x_2025_ranked/044_walt_disney,@Disney,https://x.com/Disney,primary,1
44,Walt Disney,@Disney,1863251714562015648,Sun Dec 01 16:00:00 +0000 2024,"The record-breaking phenomenon is now the #1 movie in the world!

Get your tickets for #Moana2, now playing only in theaters! https://t.co/T2du3caB5u",https://x.com/Disney/status/1863251714562015648,55,159,690,21,true,false,,2026-06-14T02:52:19.446113+00:00,incremental browser-based collection of observable public posts,0,/home/runner/work/x_scrapper/x_scrapper/data/raw/fortune_x_2025_ranked/044_walt_disney,@Disney,https://x.com/Disney,primary,1
44,Walt Disney,@Disney,1862573420736921656,Fri Nov 29 19:04:43 +0000 2024,"RT @DisneyAnimation: 🎶 Can I get a, let me hear a, can I get a Chee Hoo? 🎶
Get your tickets for #Moana2, now playing only in theaters: http…",https://x.com/Disney/status/1862573420736921656,0,92,0,0,false,false,,2026-06-14T02:52:19.446113+00:00,incremental browser-based collection of observable public posts,0,/home/runner/work/x_scrapper/x_scrapper/data/raw/fortune_x_2025_ranked/044_walt_disney,@Disney,https://x.com/Disney,primary,1
44,Walt Disney,@Disney,1862572235434946879,Fri Nov 29 19:00:00 +0000 2024,"🎶 Can I get a, let me hear a, can I get a Chee Hoo? 🎶
Get your tickets for #Moana2, now playing only in theaters: https://t.co/rj4OogpCq8 https://t.co/YxOaqKXiGr",https://x.com/Disney/status/1862572235434946879,23,92,434,3,true,false,,2026-06-14T02:52:19.446113+00:00,incremental browser-based collection of observable public posts,0,/home/runner/work/x_scrapper/x_scrapper/data/raw/fortune_x_2025_ranked/044_walt_disney,@Disney,https://x.com/Disney,primary,1
44,Walt Disney,@Disney,1862175775425798279,Thu Nov 28 16:44:37 +0000 2024,"Thank you to the Sherman Brothers for making a big world feel smaller ✨

Watch ‘The Last Verse’, a 60th anniversary tribute to “It’s A Small World” now. https://t.co/k94avx7gjl",https://x.com/Disney/status/1862175775425798279,45,372,1533,41,true,false,,2026-06-14T02:52:19.446113+00:00,incremental browser-based collection of observable public posts,0,/home/runner/work/x_scrapper/x_scrapper/data/raw/fortune_x_2025_ranked/044_walt_disney,@Disney,https://x.com/Disney,primary,1
44,Walt Disney,@Disney,1862168138546102363,Thu Nov 28 16:14:16 +0000 2024,RT @DisneyStudios: A new program with a new sound soundscape. Experience #TronAres in theaters in 2025 with music by Nine Inch Nails. https…,https://x.com/Disney/status/1862168138546102363,0,652,0,0,true,false,,2026-06-14T02:52:19.446113+00:00,incremental browser-based collection of observable public posts,0,/home/runner/work/x_scrapper/x_scrapper/data/raw/fortune_x_2025_ranked/044_walt_disney,@Disney,https://x.com/Disney,primary,1
44,Walt Disney,@Disney,1862164551271411904,Thu Nov 28 16:00:01 +0000 2024,A new program with a new sound soundscape. Experience #TronAres in theaters in 2025 with music by Nine Inch Nails. https://t.co/PZOBZJ4ND5,https://x.com/Disney/status/1862164551271411904,79,652,4351,109,true,false,,2026-06-14T02:52:19.446113+00:00,incremental browser-based collection of observable public posts,0,/home/runner/work/x_scrapper/x_scrapper/data/raw/fortune_x_2025_ranked/044_walt_disney,@Disney,https://x.com/Disney,primary,1
44,Walt Disney,@Disney,1861832137705488847,Wed Nov 27 17:59:07 +0000 2024,"TODAY’S THE DAY!

#Moana2 is NOW PLAYING only in theaters ⛵️🌊 https://t.co/hk37FW28Pg",https://x.com/Disney/status/1861832137705488847,59,127,608,12,true,false,,2026-06-14T02:52:19.446113+00:00,incremental browser-based collection of observable public posts,0,/home/runner/work/x_scrapper/x_scrapper/data/raw/fortune_x_2025_ranked/044_walt_disney,@Disney,https://x.com/Disney,primary,1
44,Walt Disney,@Disney,1861817266918273056,Wed Nov 27 17:00:01 +0000 2024,"You never know how far Stitch will go 🥥 
#LiloAndStitch, coming to theaters May 23, 2025. https://t.co/GdWhPYrjCU",https://x.com/Disney/status/1861817266918273056,120,1283,9427,159,true,false,,2026-06-14T02:52:19.446113+00:00,incremental browser-based collection of observable public posts,0,/home/runner/work/x_scrapper/x_scrapper/data/raw/fortune_x_2025_ranked/044_walt_disney,@Disney,https://x.com/Disney,primary,1
44,Walt Disney,@Disney,1861162787256574427,Mon Nov 25 21:39:21 +0000 2024,RT @DisneyD23: Get ready for an expanded slate of #D23Events announced for 2025! https://t.co/Z1WWRztEjz,https://x.com/Disney/status/1861162787256574427,0,83,0,0,false,false,,2026-06-14T02:52:19.446113+00:00,incremental browser-based collection of observable public posts,0,/home/runner/work/x_scrapper/x_scrapper/data/raw/fortune_x_2025_ranked/044_walt_disney,@Disney,https://x.com/Disney,primary,1
44,Walt Disney,@Disney,1861162735272370280,Mon Nov 25 21:39:09 +0000 2024,"RT @DisneyD23: Save the Date - Destination D23, the biggest Disney fan event of 2025 is coming to Walt Disney World Resort, August 29-31, 2…",https://x.com/Disney/status/1861162735272370280,0,164,0,0,false,false,,2026-06-14T02:52:19.446113+00:00,incremental browser-based collection of observable public posts,0,/home/runner/work/x_scrapper/x_scrapper/data/raw/fortune_x_2025_ranked/044_walt_disney,@Disney,https://x.com/Disney,primary,1
44,Walt Disney,@Disney,1861117461514592594,Mon Nov 25 18:39:15 +0000 2024,Get ready for an expanded slate of #D23Events announced for 2025! https://t.co/Z1WWRztEjz,https://x.com/Disney/status/1861117461514592594,29,83,494,4,true,false,,2026-06-14T02:52:19.446113+00:00,incremental browser-based collection of observable public posts,0,/home/runner/work/x_scrapper/x_scrapper/data/raw/fortune_x_2025_ranked/044_walt_disney,@Disney,https://x.com/Disney,primary,1
44,Walt Disney,@Disney,1861116957879341122,Mon Nov 25 18:37:15 +0000 2024,"Save the Date - Destination D23, the biggest Disney fan event of 2025 is coming to Walt Disney World Resort, August 29-31, 2025: https://t.co/1lkl0J7zYT #D23 https://t.co/peEUCu6OQ7",https://x.com/Disney/status/1861116957879341122,46,164,832,19,true,false,,2026-06-14T02:52:19.446113+00:00,incremental browser-based collection of observable public posts,0,/home/runner/work/x_scrapper/x_scrapper/data/raw/fortune_x_2025_ranked/044_walt_disney,@Disney,https://x.com/Disney,primary,1
44,Walt Disney,@Disney,1861116156242993627,Mon Nov 25 18:34:04 +0000 2024,"RT @TheRock: I do my best to never get emotional in these moments, but I do get very emo 🥹 watching this stuff back.

Had the honor, once a…",https://x.com/Disney/status/1861116156242993627,0,825,0,0,false,false,,2026-06-14T02:52:19.446113+00:00,incremental browser-based collection of observable public posts,0,/home/runner/work/x_scrapper/x_scrapper/data/raw/fortune_x_2025_ranked/044_walt_disney,@Disney,https://x.com/Disney,primary,1
44,Walt Disney,@Disney,1861113658719568006,Mon Nov 25 18:24:08 +0000 2024,RT @DisneyAnimation: Moana is built to be a voyager! Get ready to experience the elements in #Moana2. In theaters this Wednesday! #LEGO #Di…,https://x.com/Disney/status/1861113658719568006,0,94,0,0,true,false,,2026-06-14T02:52:19.446113+00:00,incremental browser-based collection of observable public posts,0,/home/runner/work/x_scrapper/x_scrapper/data/raw/fortune_x_2025_ranked/044_walt_disney,@Disney,https://x.com/Disney,primary,1
44,Walt Disney,@Disney,1861111358676431313,Mon Nov 25 18:15:00 +0000 2024,Moana is built to be a voyager! Get ready to experience the elements in #Moana2. In theaters this Wednesday! #LEGO #Disney https://t.co/Mw8F2wREVK,https://x.com/Disney/status/1861111358676431313,17,94,507,2,true,false,,2026-06-14T02:52:19.446113+00:00,incremental browser-based collection of observable public posts,0,/home/runner/work/x_scrapper/x_scrapper/data/raw/fortune_x_2025_ranked/044_walt_disney,@Disney,https://x.com/Disney,primary,1
44,Walt Disney,@Disney,1861094026709205410,Mon Nov 25 17:06:08 +0000 2024,"RT @DisneyStudios: Stitch CRASHES into theaters May 23, 2025! 🤪 #LiloAndStitch https://t.co/H8JcbZmqKi",https://x.com/Disney/status/1861094026709205410,0,6393,0,0,false,false,,2026-06-14T02:52:19.446113+00:00,incremental browser-based collection of observable public posts,0,/home/runner/work/x_scrapper/x_scrapper/data/raw/fortune_x_2025_ranked/044_walt_disney,@Disney,https://x.com/Disney,primary,1
44,Walt Disney,@Disney,1861092485759443006,Mon Nov 25 17:00:00 +0000 2024,"Stitch CRASHES into theaters May 23, 2025! 🤪 #LiloAndStitch https://t.co/H8JcbZmqKi",https://x.com/Disney/status/1861092485759443006,268,6393,21531,1825,true,false,,2026-06-14T02:52:19.446113+00:00,incremental browser-based collection of observable public posts,0,/home/runner/work/x_scrapper/x_scrapper/data/raw/fortune_x_2025_ranked/044_walt_disney,@Disney,https://x.com/Disney,primary,1
44,Walt Disney,@Disney,1860781556778107381,Sun Nov 24 20:24:29 +0000 2024,"I do my best to never get emotional in these moments, but I do get very emo 🥹 watching this stuff back.

Had the honor, once again to grant wishes from @MakeAWish - and this time was extra special in that my two little tornados, Jazzy & Tia wanted to join me in meeting these special kids.

We flew these kids & the families out to Hawaii as my special guests to our MOANA 2 world premiere.

What a beautiful day meeting these kids. Their strength and resilience inspires EVERYONE around them - including me.

To all their moms, dads & siblings who I met - I feel it in every hug and handshake. I know. Stay strong.

Shout to my amazing partners at
Make-A-Wish ⭐️

Best part of fame and God bless you all.

dj ❤️

#makeAwish #specialguests #moana2 #worldpremiere

@jonbrandoncruz 🎥",https://x.com/Disney/status/1860781556778107381,294,825,8116,68,true,false,,2026-06-14T02:52:19.446113+00:00,incremental browser-based collection of observable public posts,0,/home/runner/work/x_scrapper/x_scrapper/data/raw/fortune_x_2025_ranked/044_walt_disney,@Disney,https://x.com/Disney,primary,1
44,Walt Disney,@Disney,1860752196607857049,Sun Nov 24 18:27:49 +0000 2024,"RT @DisneyAnimation: Moana and Maui will have to click together with a whole new crew for their latest adventure!
#Moana2 is only in theate…",https://x.com/Disney/status/1860752196607857049,0,140,0,0,false,false,,2026-06-14T02:52:19.446113+00:00,incremental browser-based collection of observable public posts,0,/home/runner/work/x_scrapper/x_scrapper/data/raw/fortune_x_2025_ranked/044_walt_disney,@Disney,https://x.com/Disney,primary,1
44,Walt Disney,@Disney,1860748970743435635,Sun Nov 24 18:15:00 +0000 2024,"Moana and Maui will have to click together with a whole new crew for their latest adventure!
#Moana2 is only in theaters November 27!  #LEGO #Disney https://t.co/aCWc3Xvckk",https://x.com/Disney/status/1860748970743435635,58,140,980,9,true,false,,2026-06-14T02:52:19.446113+00:00,incremental browser-based collection of observable public posts,0,/home/runner/work/x_scrapper/x_scrapper/data/raw/fortune_x_2025_ranked/044_walt_disney,@Disney,https://x.com/Disney,primary,1
44,Walt Disney,@Disney,1860411033610776763,Sat Nov 23 19:52:09 +0000 2024,"RT @DisneyAnimation: Dwayne Johnson joins Captain “Smokey” White, Joint Base Commander at Joint Base Pearl Harbor-Hickam for a special scre…",https://x.com/Disney/status/1860411033610776763,0,83,0,0,false,false,,2026-06-14T02:52:19.446113+00:00,incremental browser-based collection of observable public posts,0,/home/runner/work/x_scrapper/x_scrapper/data/raw/fortune_x_2025_ranked/044_walt_disney,@Disney,https://x.com/Disney,primary,1
44,Walt Disney,@Disney,1860398051715874830,Sat Nov 23 19:00:34 +0000 2024,"Dwayne Johnson joins Captain “Smokey” White, Joint Base Commander at Joint Base Pearl Harbor-Hickam for a special screening of #Moana2 for service members and their families. https://t.co/1QzoJNk0Zu",https://x.com/Disney/status/1860398051715874830,18,83,499,1,true,false,,2026-06-14T02:52:19.446113+00:00,incremental browser-based collection of observable public posts,0,/home/runner/work/x_scrapper/x_scrapper/data/raw/fortune_x_2025_ranked/044_walt_disney,@Disney,https://x.com/Disney,primary,1
44,Walt Disney,@Disney,1860006579413668025,Fri Nov 22 17:05:00 +0000 2024,"*boop*

Check out the new poster for #LiloAndStitch, only in theaters May 23, 2025! https://t.co/G2ISQKoysk",https://x.com/Disney/status/1860006579413668025,118,743,5547,139,true,false,,2026-06-14T02:52:19.446113+00:00,incremental browser-based collection of observable public posts,0,/home/runner/work/x_scrapper/x_scrapper/data/raw/fortune_x_2025_ranked/044_walt_disney,@Disney,https://x.com/Disney,primary,1
44,Walt Disney,@Disney,1859960391197188117,Fri Nov 22 14:01:28 +0000 2024,"RT @DisneyAnimation: The stars, filmmakers, and some of the biggest fans of #Moana2 celebrated going beyond the reef at the world premiere…",https://x.com/Disney/status/1859960391197188117,0,65,0,0,true,false,,2026-06-14T02:52:19.446113+00:00,incremental browser-based collection of observable public posts,0,/home/runner/work/x_scrapper/x_scrapper/data/raw/fortune_x_2025_ranked/044_walt_disney,@Disney,https://x.com/Disney,primary,1
44,Walt Disney,@Disney,1859960380887535848,Fri Nov 22 14:01:25 +0000 2024,"RT @DisneyAnimation: The stars, filmmakers, and some of the biggest fans of #Moana2 celebrated going beyond the reef at the world premiere…",https://x.com/Disney/status/1859960380887535848,0,47,0,0,true,false,,2026-06-14T02:52:19.446113+00:00,incremental browser-based collection of observable public posts,0,/home/runner/work/x_scrapper/x_scrapper/data/raw/fortune_x_2025_ranked/044_walt_disney,@Disney,https://x.com/Disney,primary,1
44,Walt Disney,@Disney,1859960372855542207,Fri Nov 22 14:01:23 +0000 2024,"RT @DisneyAnimation: The stars, filmmakers, and some of the biggest fans of #Moana2 celebrated going beyond the reef at the world premiere…",https://x.com/Disney/status/1859960372855542207,0,30,0,0,true,false,,2026-06-14T02:52:19.446113+00:00,incremental browser-based collection of observable public posts,0,/home/runner/work/x_scrapper/x_scrapper/data/raw/fortune_x_2025_ranked/044_walt_disney,@Disney,https://x.com/Disney,primary,1
44,Walt Disney,@Disney,1859960364076781642,Fri Nov 22 14:01:21 +0000 2024,"RT @DisneyAnimation: The stars, filmmakers, and some of the biggest fans of #Moana2 celebrated going beyond the reef at the world premiere…",https://x.com/Disney/status/1859960364076781642,0,30,0,0,true,false,,2026-06-14T02:52:19.446113+00:00,incremental browser-based collection of observable public posts,0,/home/runner/work/x_scrapper/x_scrapper/data/raw/fortune_x_2025_ranked/044_walt_disney,@Disney,https://x.com/Disney,primary,1
44,Walt Disney,@Disney,1859960348398457243,Fri Nov 22 14:01:18 +0000 2024,"RT @DisneyAnimation: The stars, filmmakers, and some of the biggest fans of #Moana2 celebrated going beyond the reef at the world premiere…",https://x.com/Disney/status/1859960348398457243,0,52,0,0,true,false,,2026-06-14T02:52:19.446113+00:00,incremental browser-based collection of observable public posts,0,/home/runner/work/x_scrapper/x_scrapper/data/raw/fortune_x_2025_ranked/044_walt_disney,@Disney,https://x.com/Disney,primary,1
44,Walt Disney,@Disney,1859960340668461129,Fri Nov 22 14:01:16 +0000 2024,"RT @DisneyAnimation: The stars, filmmakers, and some of the biggest fans of #Moana2 celebrated going beyond the reef at the world premiere…",https://x.com/Disney/status/1859960340668461129,0,29,0,0,true,false,,2026-06-14T02:52:19.446113+00:00,incremental browser-based collection of observable public posts,0,/home/runner/work/x_scrapper/x_scrapper/data/raw/fortune_x_2025_ranked/044_walt_disney,@Disney,https://x.com/Disney,primary,1
44,Walt Disney,@Disney,1859959719005454348,Fri Nov 22 13:58:48 +0000 2024,"RT @DisneyAnimation: The stars, filmmakers, and some of the biggest fans of #Moana2 celebrated going beyond the reef at the world premiere…",https://x.com/Disney/status/1859959719005454348,0,99,0,0,true,false,,2026-06-14T02:52:19.446113+00:00,incremental browser-based collection of observable public posts,0,/home/runner/work/x_scrapper/x_scrapper/data/raw/fortune_x_2025_ranked/044_walt_disney,@Disney,https://x.com/Disney,primary,1
44,Walt Disney,@Disney,1859883796637810888,Fri Nov 22 08:57:06 +0000 2024,"The stars, filmmakers, and some of the biggest fans of #Moana2 celebrated going beyond the reef at the world premiere in O'ahu! 🌺🪝🌊 https://t.co/JMgqOHptl9",https://x.com/Disney/status/1859883796637810888,18,65,346,1,true,false,,2026-06-14T02:52:19.446113+00:00,incremental browser-based collection of observable public posts,0,/home/runner/work/x_scrapper/x_scrapper/data/raw/fortune_x_2025_ranked/044_walt_disney,@Disney,https://x.com/Disney,primary,1
44,Walt Disney,@Disney,1859883789335609760,Fri Nov 22 08:57:05 +0000 2024,"The stars, filmmakers, and some of the biggest fans of #Moana2 celebrated going beyond the reef at the world premiere in O'ahu! 🌺🪝🌊 https://t.co/nr65ZnSTXO",https://x.com/Disney/status/1859883789335609760,11,47,312,2,true,false,,2026-06-14T02:52:19.446113+00:00,incremental browser-based collection of observable public posts,0,/home/runner/work/x_scrapper/x_scrapper/data/raw/fortune_x_2025_ranked/044_walt_disney,@Disney,https://x.com/Disney,primary,1
44,Walt Disney,@Disney,1859883780967899554,Fri Nov 22 08:57:03 +0000 2024,"The stars, filmmakers, and some of the biggest fans of #Moana2 celebrated going beyond the reef at the world premiere in O'ahu! 🌺🪝🌊 https://t.co/8QybcZPMDg",https://x.com/Disney/status/1859883780967899554,4,30,174,0,true,false,,2026-06-14T02:52:19.446113+00:00,incremental browser-based collection of observable public posts,0,/home/runner/work/x_scrapper/x_scrapper/data/raw/fortune_x_2025_ranked/044_walt_disney,@Disney,https://x.com/Disney,primary,1
44,Walt Disney,@Disney,1859883772910702696,Fri Nov 22 08:57:01 +0000 2024,"The stars, filmmakers, and some of the biggest fans of #Moana2 celebrated going beyond the reef at the world premiere in O'ahu! 🌺🪝🌊 https://t.co/mErd4YbA5M",https://x.com/Disney/status/1859883772910702696,4,30,163,0,true,false,,2026-06-14T02:52:19.446113+00:00,incremental browser-based collection of observable public posts,0,/home/runner/work/x_scrapper/x_scrapper/data/raw/fortune_x_2025_ranked/044_walt_disney,@Disney,https://x.com/Disney,primary,1
44,Walt Disney,@Disney,1859883769664266533,Fri Nov 22 08:57:00 +0000 2024,"The stars, filmmakers, and some of the biggest fans of #Moana2 celebrated going beyond the reef at the world premiere in O'ahu! 🌺🪝🌊",https://x.com/Disney/status/1859883769664266533,7,52,265,2,true,false,,2026-06-14T02:52:19.446113+00:00,incremental browser-based collection of observable public posts,0,/home/runner/work/x_scrapper/x_scrapper/data/raw/fortune_x_2025_ranked/044_walt_disney,@Disney,https://x.com/Disney,primary,1
44,Walt Disney,@Disney,1859883765167968604,Fri Nov 22 08:56:59 +0000 2024,"The stars, filmmakers, and some of the biggest fans of #Moana2 celebrated going beyond the reef at the world premiere in O'ahu! 🌺🪝🌊 https://t.co/DK1H2r2cm2",https://x.com/Disney/status/1859883765167968604,3,29,135,0,true,false,,2026-06-14T02:52:19.446113+00:00,incremental browser-based collection of observable public posts,0,/home/runner/work/x_scrapper/x_scrapper/data/raw/fortune_x_2025_ranked/044_walt_disney,@Disney,https://x.com/Disney,primary,1
44,Walt Disney,@Disney,1859883757425291747,Fri Nov 22 08:56:57 +0000 2024,"The stars, filmmakers, and some of the biggest fans of #Moana2 celebrated going beyond the reef at the world premiere in O'ahu! 🌺🪝🌊",https://x.com/Disney/status/1859883757425291747,6,99,646,3,true,false,,2026-06-14T02:52:19.446113+00:00,incremental browser-based collection of observable public posts,0,/home/runner/work/x_scrapper/x_scrapper/data/raw/fortune_x_2025_ranked/044_walt_disney,@Disney,https://x.com/Disney,primary,1
44,Walt Disney,@Disney,1859869811406406021,Fri Nov 22 08:01:32 +0000 2024,RT @DisneyAnimation: The sun sets on the #Moana2 World Premiere 🌊🪝🌺 https://t.co/3Q3hnCcGSM,https://x.com/Disney/status/1859869811406406021,0,38,0,0,true,false,,2026-06-14T02:52:19.446113+00:00,incremental browser-based collection of observable public posts,0,/home/runner/work/x_scrapper/x_scrapper/data/raw/fortune_x_2025_ranked/044_walt_disney,@Disney,https://x.com/Disney,primary,1
44,Walt Disney,@Disney,1859869798626361704,Fri Nov 22 08:01:29 +0000 2024,RT @DisneyAnimation: 👏👏👏 https://t.co/E8frjUVamE,https://x.com/Disney/status/1859869798626361704,0,41,0,0,true,false,,2026-06-14T02:52:19.446113+00:00,incremental browser-based collection of observable public posts,0,/home/runner/work/x_scrapper/x_scrapper/data/raw/fortune_x_2025_ranked/044_walt_disney,@Disney,https://x.com/Disney,primary,1
44,Walt Disney,@Disney,1859869785695322363,Fri Nov 22 08:01:26 +0000 2024,RT @DisneyAnimation: 🎶🩵 https://t.co/WgWEU7J3ok,https://x.com/Disney/status/1859869785695322363,0,43,0,0,true,false,,2026-06-14T02:52:19.446113+00:00,incremental browser-based collection of observable public posts,0,/home/runner/work/x_scrapper/x_scrapper/data/raw/fortune_x_2025_ranked/044_walt_disney,@Disney,https://x.com/Disney,primary,1
44,Walt Disney,@Disney,1859869774056198369,Fri Nov 22 08:01:23 +0000 2024,"RT @DisneyAnimation: @TheRock The new live action Lilo is here!
Maia Kealoha 🌺 https://t.co/q7SDWBTbTU",https://x.com/Disney/status/1859869774056198369,0,65,0,0,true,false,,2026-06-14T02:52:19.446113+00:00,incremental browser-based collection of observable public posts,0,/home/runner/work/x_scrapper/x_scrapper/data/raw/fortune_x_2025_ranked/044_walt_disney,@Disney,https://x.com/Disney,primary,1
44,Walt Disney,@Disney,1859868771848159384,Fri Nov 22 07:57:24 +0000 2024,The sun sets on the #Moana2 World Premiere 🌊🪝🌺 https://t.co/3Q3hnCcGSM,https://x.com/Disney/status/1859868771848159384,4,38,309,2,true,false,,2026-06-14T02:52:19.446113+00:00,incremental browser-based collection of observable public posts,0,/home/runner/work/x_scrapper/x_scrapper/data/raw/fortune_x_2025_ranked/044_walt_disney,@Disney,https://x.com/Disney,primary,1
44,Walt Disney,@Disney,1859868098507178325,Fri Nov 22 07:54:44 +0000 2024,👏👏👏 https://t.co/E8frjUVamE,https://x.com/Disney/status/1859868098507178325,2,41,329,2,true,false,,2026-06-14T02:52:19.446113+00:00,incremental browser-based collection of observable public posts,0,/home/runner/work/x_scrapper/x_scrapper/data/raw/fortune_x_2025_ranked/044_walt_disney,@Disney,https://x.com/Disney,primary,1
44,Walt Disney,@Disney,1859864580970906093,Fri Nov 22 07:40:45 +0000 2024,🎶🩵 https://t.co/WgWEU7J3ok,https://x.com/Disney/status/1859864580970906093,1,43,253,3,true,false,,2026-06-14T02:52:19.446113+00:00,incremental browser-based collection of observable public posts,0,/home/runner/work/x_scrapper/x_scrapper/data/raw/fortune_x_2025_ranked/044_walt_disney,@Disney,https://x.com/Disney,primary,1
44,Walt Disney,@Disney,1859862292181156179,Fri Nov 22 07:31:39 +0000 2024,RT @DisneyAnimation: @TheRock 🫨 https://t.co/3wKENwrMTj,https://x.com/Disney/status/1859862292181156179,0,29,0,0,true,false,,2026-06-14T02:52:19.446113+00:00,incremental browser-based collection of observable public posts,0,/home/runner/work/x_scrapper/x_scrapper/data/raw/fortune_x_2025_ranked/044_walt_disney,@Disney,https://x.com/Disney,primary,1
44,Walt Disney,@Disney,1859862258891075909,Fri Nov 22 07:31:31 +0000 2024,RT @DisneyAnimation: @TheRock 🥹🌺🥹 https://t.co/OSq17yOhJI,https://x.com/Disney/status/1859862258891075909,0,34,0,0,true,false,,2026-06-14T02:52:19.446113+00:00,incremental browser-based collection of observable public posts,0,/home/runner/work/x_scrapper/x_scrapper/data/raw/fortune_x_2025_ranked/044_walt_disney,@Disney,https://x.com/Disney,primary,1
44,Walt Disney,@Disney,1859862245183979699,Fri Nov 22 07:31:28 +0000 2024,RT @DisneyAnimation: @TheRock CHEE HOO with Common Kings! https://t.co/hI7kpepFfz,https://x.com/Disney/status/1859862245183979699,0,29,0,0,true,false,,2026-06-14T02:52:19.446113+00:00,incremental browser-based collection of observable public posts,0,/home/runner/work/x_scrapper/x_scrapper/data/raw/fortune_x_2025_ranked/044_walt_disney,@Disney,https://x.com/Disney,primary,1
44,Walt Disney,@Disney,1859862140758413739,Fri Nov 22 07:31:03 +0000 2024,"@TheRock The new live action Lilo is here!
Maia Kealoha 🌺 https://t.co/q7SDWBTbTU",https://x.com/Disney/status/1859862140758413739,10,65,419,3,true,false,,2026-06-14T02:52:19.446113+00:00,incremental browser-based collection of observable public posts,0,/home/runner/work/x_scrapper/x_scrapper/data/raw/fortune_x_2025_ranked/044_walt_disney,@Disney,https://x.com/Disney,primary,1
44,Walt Disney,@Disney,1859861117465657798,Fri Nov 22 07:26:59 +0000 2024,RT @DisneyAnimation: @TheRock 🪝🌊 https://t.co/1R4EHnm4cm,https://x.com/Disney/status/1859861117465657798,0,42,0,0,true,false,,2026-06-14T02:52:19.446113+00:00,incremental browser-based collection of observable public posts,0,/home/runner/work/x_scrapper/x_scrapper/data/raw/fortune_x_2025_ranked/044_walt_disney,@Disney,https://x.com/Disney,primary,1
44,Walt Disney,@Disney,1859856128026476824,Fri Nov 22 07:07:10 +0000 2024,@TheRock 🫨 https://t.co/3wKENwrMTj,https://x.com/Disney/status/1859856128026476824,5,29,183,0,true,false,,2026-06-14T02:52:19.446113+00:00,incremental browser-based collection of observable public posts,0,/home/runner/work/x_scrapper/x_scrapper/data/raw/fortune_x_2025_ranked/044_walt_disney,@Disney,https://x.com/Disney,primary,1
44,Walt Disney,@Disney,1859855834467139919,Fri Nov 22 07:06:00 +0000 2024,@TheRock 🥹🌺🥹 https://t.co/OSq17yOhJI,https://x.com/Disney/status/1859855834467139919,1,34,209,0,true,false,,2026-06-14T02:52:19.446113+00:00,incremental browser-based collection of observable public posts,0,/home/runner/work/x_scrapper/x_scrapper/data/raw/fortune_x_2025_ranked/044_walt_disney,@Disney,https://x.com/Disney,primary,1
44,Walt Disney,@Disney,1859855478391701820,Fri Nov 22 07:04:35 +0000 2024,@TheRock CHEE HOO with Common Kings! https://t.co/hI7kpepFfz,https://x.com/Disney/status/1859855478391701820,1,29,155,1,true,false,,2026-06-14T02:52:19.446113+00:00,incremental browser-based collection of observable public posts,0,/home/runner/work/x_scrapper/x_scrapper/data/raw/fortune_x_2025_ranked/044_walt_disney,@Disney,https://x.com/Disney,primary,1
44,Walt Disney,@Disney,1859854902039806085,Fri Nov 22 07:02:17 +0000 2024,@TheRock 🪝🌊 https://t.co/1R4EHnm4cm,https://x.com/Disney/status/1859854902039806085,4,42,229,1,true,false,,2026-06-14T02:52:19.446113+00:00,incremental browser-based collection of observable public posts,0,/home/runner/work/x_scrapper/x_scrapper/data/raw/fortune_x_2025_ranked/044_walt_disney,@Disney,https://x.com/Disney,primary,1
44,Walt Disney,@Disney,1859853239858167889,Fri Nov 22 06:55:41 +0000 2024,"RT @DisneyAnimation: According @therock: Maui is bigger, better… and more thoughtful in #Moana2! 🥹🪝 https://t.co/jR1EDfZA6o",https://x.com/Disney/status/1859853239858167889,0,45,0,0,true,false,,2026-06-14T02:52:19.446113+00:00,incremental browser-based collection of observable public posts,0,/home/runner/work/x_scrapper/x_scrapper/data/raw/fortune_x_2025_ranked/044_walt_disney,@Disney,https://x.com/Disney,primary,1
44,Walt Disney,@Disney,1859853211395555750,Fri Nov 22 06:55:34 +0000 2024,RT @DisneyAnimation: Dwayne Johnson and his mother share a dance with Nonosina! https://t.co/i3ucyjt4xA,https://x.com/Disney/status/1859853211395555750,0,52,0,0,true,false,,2026-06-14T02:52:19.446113+00:00,incremental browser-based collection of observable public posts,0,/home/runner/work/x_scrapper/x_scrapper/data/raw/fortune_x_2025_ranked/044_walt_disney,@Disney,https://x.com/Disney,primary,1
44,Walt Disney,@Disney,1859853196845514993,Fri Nov 22 06:55:31 +0000 2024,"RT @DisneyAnimation: even holding the hook of a demigod, you can’t help but wave at Mickey and Minnie at the #Moana2 premiere https://t.co/…",https://x.com/Disney/status/1859853196845514993,0,44,0,0,true,false,,2026-06-14T02:52:19.446113+00:00,incremental browser-based collection of observable public posts,0,/home/runner/work/x_scrapper/x_scrapper/data/raw/fortune_x_2025_ranked/044_walt_disney,@Disney,https://x.com/Disney,primary,1
44,Walt Disney,@Disney,1859853182744264958,Fri Nov 22 06:55:27 +0000 2024,RT @DisneyAnimation: CHEE HOO 🪝 Dwayne Johnson is here! https://t.co/O8YpUZRM5X,https://x.com/Disney/status/1859853182744264958,0,41,0,0,true,false,,2026-06-14T02:52:19.446113+00:00,incremental browser-based collection of observable public posts,0,/home/runner/work/x_scrapper/x_scrapper/data/raw/fortune_x_2025_ranked/044_walt_disney,@Disney,https://x.com/Disney,primary,1
44,Walt Disney,@Disney,1859853157020598412,Fri Nov 22 06:55:21 +0000 2024,"RT @DisneyAnimation: President of Disney Animation, Clark Spencer joins Jared Bush https://t.co/iDjjO0jAdK",https://x.com/Disney/status/1859853157020598412,0,25,0,0,true,false,,2026-06-14T02:52:19.446113+00:00,incremental browser-based collection of observable public posts,0,/home/runner/work/x_scrapper/x_scrapper/data/raw/fortune_x_2025_ranked/044_walt_disney,@Disney,https://x.com/Disney,primary,1
44,Walt Disney,@Disney,1859853144718729517,Fri Nov 22 06:55:18 +0000 2024,RT @DisneyAnimation: Hualālai Chung  is Moni https://t.co/MfKDT9zJru,https://x.com/Disney/status/1859853144718729517,0,27,0,0,true,false,,2026-06-14T02:52:19.446113+00:00,incremental browser-based collection of observable public posts,0,/home/runner/work/x_scrapper/x_scrapper/data/raw/fortune_x_2025_ranked/044_walt_disney,@Disney,https://x.com/Disney,primary,1
44,Walt Disney,@Disney,1859852958852354186,Fri Nov 22 06:54:34 +0000 2024,"According @therock: Maui is bigger, better… and more thoughtful in #Moana2! 🥹🪝 https://t.co/jR1EDfZA6o",https://x.com/Disney/status/1859852958852354186,4,45,219,0,true,false,,2026-06-14T02:52:19.446113+00:00,incremental browser-based collection of observable public posts,0,/home/runner/work/x_scrapper/x_scrapper/data/raw/fortune_x_2025_ranked/044_walt_disney,@Disney,https://x.com/Disney,primary,1
44,Walt Disney,@Disney,1859852594224693530,Fri Nov 22 06:53:07 +0000 2024,Dwayne Johnson and his mother share a dance with Nonosina! https://t.co/i3ucyjt4xA,https://x.com/Disney/status/1859852594224693530,3,52,261,4,true,false,,2026-06-14T02:52:19.446113+00:00,incremental browser-based collection of observable public posts,0,/home/runner/work/x_scrapper/x_scrapper/data/raw/fortune_x_2025_ranked/044_walt_disney,@Disney,https://x.com/Disney,primary,1
44,Walt Disney,@Disney,1859850707618365832,Fri Nov 22 06:45:37 +0000 2024,"even holding the hook of a demigod, you can’t help but wave at Mickey and Minnie at the #Moana2 premiere https://t.co/HFS5EpP4ZY",https://x.com/Disney/status/1859850707618365832,1,44,231,1,true,false,,2026-06-14T02:52:19.446113+00:00,incremental browser-based collection of observable public posts,0,/home/runner/work/x_scrapper/x_scrapper/data/raw/fortune_x_2025_ranked/044_walt_disney,@Disney,https://x.com/Disney,primary,1
44,Walt Disney,@Disney,1859850169673711811,Fri Nov 22 06:43:29 +0000 2024,CHEE HOO 🪝 Dwayne Johnson is here! https://t.co/O8YpUZRM5X,https://x.com/Disney/status/1859850169673711811,3,41,258,1,true,false,,2026-06-14T02:52:19.446113+00:00,incremental browser-based collection of observable public posts,0,/home/runner/work/x_scrapper/x_scrapper/data/raw/fortune_x_2025_ranked/044_walt_disney,@Disney,https://x.com/Disney,primary,1
44,Walt Disney,@Disney,1859838813784387787,Fri Nov 22 05:58:21 +0000 2024,"President of Disney Animation, Clark Spencer joins Jared Bush https://t.co/iDjjO0jAdK",https://x.com/Disney/status/1859838813784387787,1,25,168,0,true,false,,2026-06-14T02:52:19.446113+00:00,incremental browser-based collection of observable public posts,0,/home/runner/work/x_scrapper/x_scrapper/data/raw/fortune_x_2025_ranked/044_walt_disney,@Disney,https://x.com/Disney,primary,1
44,Walt Disney,@Disney,1859837655888122137,Fri Nov 22 05:53:45 +0000 2024,Hualālai Chung  is Moni https://t.co/MfKDT9zJru,https://x.com/Disney/status/1859837655888122137,2,27,153,0,true,false,,2026-06-14T02:52:19.446113+00:00,incremental browser-based collection of observable public posts,0,/home/runner/work/x_scrapper/x_scrapper/data/raw/fortune_x_2025_ranked/044_walt_disney,@Disney,https://x.com/Disney,primary,1
44,Walt Disney,@Disney,1859836992063930623,Fri Nov 22 05:51:07 +0000 2024,RT @DisneyAnimation: Khaleesi Lambert-Tsuda is little sis Simea🥹 https://t.co/0GPY761njd,https://x.com/Disney/status/1859836992063930623,0,28,0,0,true,false,,2026-06-14T02:52:19.446113+00:00,incremental browser-based collection of observable public posts,0,/home/runner/work/x_scrapper/x_scrapper/data/raw/fortune_x_2025_ranked/044_walt_disney,@Disney,https://x.com/Disney,primary,1
44,Walt Disney,@Disney,1859836978885542152,Fri Nov 22 05:51:04 +0000 2024,RT @DisneyAnimation: Gerald Ramsey is Tautai Vasa https://t.co/TOb7xpGQV2,https://x.com/Disney/status/1859836978885542152,0,20,0,0,true,false,,2026-06-14T02:52:19.446113+00:00,incremental browser-based collection of observable public posts,0,/home/runner/work/x_scrapper/x_scrapper/data/raw/fortune_x_2025_ranked/044_walt_disney,@Disney,https://x.com/Disney,primary,1
44,Walt Disney,@Disney,1859836967405686926,Fri Nov 22 05:51:01 +0000 2024,RT @DisneyAnimation: Writer Jared Bush 📝 https://t.co/ZJkkxUvjTE,https://x.com/Disney/status/1859836967405686926,0,24,0,0,true,false,,2026-06-14T02:52:19.446113+00:00,incremental browser-based collection of observable public posts,0,/home/runner/work/x_scrapper/x_scrapper/data/raw/fortune_x_2025_ranked/044_walt_disney,@Disney,https://x.com/Disney,primary,1
44,Walt Disney,@Disney,1859836946530660389,Fri Nov 22 05:50:56 +0000 2024,RT @DisneyAnimation: Our Producers Yvett Merino &amp; Christina Chen 🎬 https://t.co/2W0jtCxfAl,https://x.com/Disney/status/1859836946530660389,0,21,0,0,true,false,,2026-06-14T02:52:19.446113+00:00,incremental browser-based collection of observable public posts,0,/home/runner/work/x_scrapper/x_scrapper/data/raw/fortune_x_2025_ranked/044_walt_disney,@Disney,https://x.com/Disney,primary,1
44,Walt Disney,@Disney,1859836936674066442,Fri Nov 22 05:50:54 +0000 2024,RT @DisneyAnimation: Our songwriters BARLOW AND BEAR TOGETHER 🎶 https://t.co/N1CdvrhXwh,https://x.com/Disney/status/1859836936674066442,0,30,0,0,true,false,,2026-06-14T02:52:19.446113+00:00,incremental browser-based collection of observable public posts,0,/home/runner/work/x_scrapper/x_scrapper/data/raw/fortune_x_2025_ranked/044_walt_disney,@Disney,https://x.com/Disney,primary,1
44,Walt Disney,@Disney,1859836924242034876,Fri Nov 22 05:50:51 +0000 2024,RT @DisneyAnimation: Composers Opetaia Foa'i &amp; Mark Mancina 🎶 https://t.co/crHMVzCuk4,https://x.com/Disney/status/1859836924242034876,0,24,0,0,true,false,,2026-06-14T02:52:19.446113+00:00,incremental browser-based collection of observable public posts,0,/home/runner/work/x_scrapper/x_scrapper/data/raw/fortune_x_2025_ranked/044_walt_disney,@Disney,https://x.com/Disney,primary,1
44,Walt Disney,@Disney,1859836913248825368,Fri Nov 22 05:50:48 +0000 2024,RT @DisneyAnimation: Warm welcome from the Nonosina dancers https://t.co/0TsEE2SGWn,https://x.com/Disney/status/1859836913248825368,0,30,0,0,true,false,,2026-06-14T02:52:19.446113+00:00,incremental browser-based collection of observable public posts,0,/home/runner/work/x_scrapper/x_scrapper/data/raw/fortune_x_2025_ranked/044_walt_disney,@Disney,https://x.com/Disney,primary,1
44,Walt Disney,@Disney,1859836900858790322,Fri Nov 22 05:50:45 +0000 2024,RT @DisneyAnimation: Moana is here 🌺🌊 https://t.co/awNKzMLr59,https://x.com/Disney/status/1859836900858790322,0,42,0,0,true,false,,2026-06-14T02:52:19.446113+00:00,incremental browser-based collection of observable public posts,0,/home/runner/work/x_scrapper/x_scrapper/data/raw/fortune_x_2025_ranked/044_walt_disney,@Disney,https://x.com/Disney,primary,1
44,Walt Disney,@Disney,1859836886556213433,Fri Nov 22 05:50:42 +0000 2024,RT @DisneyAnimation: Join us for the WORLD PREMIERE of #Moana2 in O’ahu! https://t.co/RRVhMVieg3,https://x.com/Disney/status/1859836886556213433,0,135,0,0,true,false,,2026-06-14T02:52:19.446113+00:00,incremental browser-based collection of observable public posts,0,/home/runner/work/x_scrapper/x_scrapper/data/raw/fortune_x_2025_ranked/044_walt_disney,@Disney,https://x.com/Disney,primary,1
44,Walt Disney,@Disney,1859836619232248230,Fri Nov 22 05:49:38 +0000 2024,Khaleesi Lambert-Tsuda is little sis Simea🥹 https://t.co/0GPY761njd,https://x.com/Disney/status/1859836619232248230,2,28,168,0,true,false,,2026-06-14T02:52:19.446113+00:00,incremental browser-based collection of observable public posts,0,/home/runner/work/x_scrapper/x_scrapper/data/raw/fortune_x_2025_ranked/044_walt_disney,@Disney,https://x.com/Disney,primary,1
44,Walt Disney,@Disney,1859836135922598001,Fri Nov 22 05:47:43 +0000 2024,Gerald Ramsey is Tautai Vasa https://t.co/TOb7xpGQV2,https://x.com/Disney/status/1859836135922598001,4,20,138,0,true,false,,2026-06-14T02:52:19.446113+00:00,incremental browser-based collection of observable public posts,0,/home/runner/work/x_scrapper/x_scrapper/data/raw/fortune_x_2025_ranked/044_walt_disney,@Disney,https://x.com/Disney,primary,1
44,Walt Disney,@Disney,1859835708342702103,Fri Nov 22 05:46:01 +0000 2024,Writer Jared Bush 📝 https://t.co/ZJkkxUvjTE,https://x.com/Disney/status/1859835708342702103,4,24,142,0,true,false,,2026-06-14T02:52:19.446113+00:00,incremental browser-based collection of observable public posts,0,/home/runner/work/x_scrapper/x_scrapper/data/raw/fortune_x_2025_ranked/044_walt_disney,@Disney,https://x.com/Disney,primary,1
44,Walt Disney,@Disney,1859834297743704266,Fri Nov 22 05:40:25 +0000 2024,Our Producers Yvett Merino &amp; Christina Chen 🎬 https://t.co/2W0jtCxfAl,https://x.com/Disney/status/1859834297743704266,2,21,129,1,true,false,,2026-06-14T02:52:19.446113+00:00,incremental browser-based collection of observable public posts,0,/home/runner/work/x_scrapper/x_scrapper/data/raw/fortune_x_2025_ranked/044_walt_disney,@Disney,https://x.com/Disney,primary,1
44,Walt Disney,@Disney,1859833708016173521,Fri Nov 22 05:38:04 +0000 2024,Our songwriters BARLOW AND BEAR TOGETHER 🎶 https://t.co/N1CdvrhXwh,https://x.com/Disney/status/1859833708016173521,1,30,154,1,true,false,,2026-06-14T02:52:19.446113+00:00,incremental browser-based collection of observable public posts,0,/home/runner/work/x_scrapper/x_scrapper/data/raw/fortune_x_2025_ranked/044_walt_disney,@Disney,https://x.com/Disney,primary,1
44,Walt Disney,@Disney,1859831923528564830,Fri Nov 22 05:30:59 +0000 2024,Composers Opetaia Foa'i &amp; Mark Mancina 🎶 https://t.co/crHMVzCuk4,https://x.com/Disney/status/1859831923528564830,3,24,138,0,true,false,,2026-06-14T02:52:19.446113+00:00,incremental browser-based collection of observable public posts,0,/home/runner/work/x_scrapper/x_scrapper/data/raw/fortune_x_2025_ranked/044_walt_disney,@Disney,https://x.com/Disney,primary,1
44,Walt Disney,@Disney,1859826300841754926,Fri Nov 22 05:08:38 +0000 2024,Warm welcome from the Nonosina dancers https://t.co/0TsEE2SGWn,https://x.com/Disney/status/1859826300841754926,2,30,173,0,true,false,,2026-06-14T02:52:19.446113+00:00,incremental browser-based collection of observable public posts,0,/home/runner/work/x_scrapper/x_scrapper/data/raw/fortune_x_2025_ranked/044_walt_disney,@Disney,https://x.com/Disney,primary,1
44,Walt Disney,@Disney,1859823967349186564,Fri Nov 22 04:59:22 +0000 2024,Moana is here 🌺🌊 https://t.co/awNKzMLr59,https://x.com/Disney/status/1859823967349186564,9,42,237,6,true,false,,2026-06-14T02:52:19.446113+00:00,incremental browser-based collection of observable public posts,0,/home/runner/work/x_scrapper/x_scrapper/data/raw/fortune_x_2025_ranked/044_walt_disney,@Disney,https://x.com/Disney,primary,1
44,Walt Disney,@Disney,1859807485701554606,Fri Nov 22 03:53:52 +0000 2024,Join us for the WORLD PREMIERE of #Moana2 in O’ahu! https://t.co/RRVhMVieg3,https://x.com/Disney/status/1859807485701554606,9,135,730,6,true,false,,2026-06-14T02:52:19.446113+00:00,incremental browser-based collection of observable public posts,0,/home/runner/work/x_scrapper/x_scrapper/data/raw/fortune_x_2025_ranked/044_walt_disney,@Disney,https://x.com/Disney,primary,1
44,Walt Disney,@Disney,1859644458767376703,Thu Nov 21 17:06:04 +0000 2024,"RT @Pixar: They asked for our leader. They got…him.👽

Check out the brand-new poster for Disney and Pixar’s #Elio! https://t.co/evw1gmb0Yz",https://x.com/Disney/status/1859644458767376703,0,1005,0,0,false,false,,2026-06-14T02:52:19.446113+00:00,incremental browser-based collection of observable public posts,0,/home/runner/work/x_scrapper/x_scrapper/data/raw/fortune_x_2025_ranked/044_walt_disney,@Disney,https://x.com/Disney,primary,1
44,Walt Disney,@Disney,1859644029774037069,Thu Nov 21 17:04:21 +0000 2024,"They asked for our leader. They got…him.👽

Check out the brand-new poster for Disney and Pixar’s #Elio! https://t.co/evw1gmb0Yz",https://x.com/Disney/status/1859644029774037069,78,1005,5993,98,true,false,,2026-06-14T02:52:19.446113+00:00,incremental browser-based collection of observable public posts,0,/home/runner/work/x_scrapper/x_scrapper/data/raw/fortune_x_2025_ranked/044_walt_disney,@Disney,https://x.com/Disney,primary,1
44,Walt Disney,@Disney,1859643412082983210,Thu Nov 21 17:01:54 +0000 2024,"RT @Pixar: What if the thing you were searching for…found you first? 🛸

Watch the new trailer for Disney &amp; Pixar’s #Elio and see it only in…",https://x.com/Disney/status/1859643412082983210,0,1067,0,0,false,false,,2026-06-14T02:52:19.446113+00:00,incremental browser-based collection of observable public posts,0,/home/runner/work/x_scrapper/x_scrapper/data/raw/fortune_x_2025_ranked/044_walt_disney,@Disney,https://x.com/Disney,primary,1
44,Walt Disney,@Disney,1859642984524022057,Thu Nov 21 17:00:12 +0000 2024,"What if the thing you were searching for…found you first? 🛸

Watch the new trailer for Disney &amp; Pixar’s #Elio and see it only in theaters June 13, 2025! https://t.co/KE22OVhlQp",https://x.com/Disney/status/1859642984524022057,86,1067,3395,288,true,false,,2026-06-14T02:52:19.446113+00:00,incremental browser-based collection of observable public posts,0,/home/runner/work/x_scrapper/x_scrapper/data/raw/fortune_x_2025_ranked/044_walt_disney,@Disney,https://x.com/Disney,primary,1
44,Walt Disney,@Disney,1859282737191944291,Wed Nov 20 17:08:43 +0000 2024,"RT @Pixar: Annnnnd ACTION! Check out the all-new poster for #DreamProductions!

The all-new, four-episode limited series is available Decem…",https://x.com/Disney/status/1859282737191944291,0,1011,0,0,true,false,,2026-06-14T02:52:19.446113+00:00,incremental browser-based collection of observable public posts,0,/home/runner/work/x_scrapper/x_scrapper/data/raw/fortune_x_2025_ranked/044_walt_disney,@Disney,https://x.com/Disney,primary,1
44,Walt Disney,@Disney,1859282660717158469,Wed Nov 20 17:08:24 +0000 2024,"RT @Pixar: Welcome to Dream Productions, where Riley's dreams really do come true... on time and on budget! 💤🎬

From the world of Inside Ou…",https://x.com/Disney/status/1859282660717158469,0,820,0,0,true,false,,2026-06-14T02:52:19.446113+00:00,incremental browser-based collection of observable public posts,0,/home/runner/work/x_scrapper/x_scrapper/data/raw/fortune_x_2025_ranked/044_walt_disney,@Disney,https://x.com/Disney,primary,1
44,Walt Disney,@Disney,1859281803871150390,Wed Nov 20 17:05:00 +0000 2024,"Annnnnd ACTION! Check out the all-new poster for #DreamProductions!

The all-new, four-episode limited series is available December 11 only on @DisneyPlus. https://t.co/qGngFDcXdi",https://x.com/Disney/status/1859281803871150390,105,1011,5898,85,true,false,,2026-06-14T02:52:19.446113+00:00,incremental browser-based collection of observable public posts,0,/home/runner/work/x_scrapper/x_scrapper/data/raw/fortune_x_2025_ranked/044_walt_disney,@Disney,https://x.com/Disney,primary,1
44,Walt Disney,@Disney,1859280553545216386,Wed Nov 20 17:00:02 +0000 2024,"Welcome to Dream Productions, where Riley's dreams really do come true... on time and on budget! 💤🎬

From the world of Inside Out comes #DreamProductions, Disney and Pixar’s all-new, four-episode limited series. Available December 11 only on @DisneyPlus. https://t.co/q90YoYPj7U",https://x.com/Disney/status/1859280553545216386,91,820,3147,126,true,false,,2026-06-14T02:52:19.446113+00:00,incremental browser-based collection of observable public posts,0,/home/runner/work/x_scrapper/x_scrapper/data/raw/fortune_x_2025_ranked/044_walt_disney,@Disney,https://x.com/Disney,primary,1
44,Walt Disney,@Disney,1855365194513588502,Sat Nov 09 21:41:48 +0000 2024,RT @MarvelStudios: It’s time to enter a brave new world. Anthony Mackie and Danny Ramirez hit the stage at #D23Brasil! #CaptainAmericaBrave…,https://x.com/Disney/status/1855365194513588502,0,754,0,0,true,false,,2026-06-14T02:52:19.446113+00:00,incremental browser-based collection of observable public posts,0,/home/runner/work/x_scrapper/x_scrapper/data/raw/fortune_x_2025_ranked/044_walt_disney,@Disney,https://x.com/Disney,primary,1
44,Walt Disney,@Disney,1855365177828356501,Sat Nov 09 21:41:44 +0000 2024,RT @MarvelStudios: A dream team-up come true! @DavidKHarbour hits the stage to talk #Thunderbolts* ⚡️#D23Brasil https://t.co/unVlorhSS7,https://x.com/Disney/status/1855365177828356501,0,305,0,0,true,false,,2026-06-14T02:52:19.446113+00:00,incremental browser-based collection of observable public posts,0,/home/runner/work/x_scrapper/x_scrapper/data/raw/fortune_x_2025_ranked/044_walt_disney,@Disney,https://x.com/Disney,primary,1
44,Walt Disney,@Disney,1855364386334114097,Sat Nov 09 21:38:35 +0000 2024,It’s time to enter a brave new world. Anthony Mackie and Danny Ramirez hit the stage at #D23Brasil! #CaptainAmericaBraveNewWorld https://t.co/TPiRLmpePZ,https://x.com/Disney/status/1855364386334114097,149,754,6705,46,true,false,,2026-06-14T02:52:19.446113+00:00,incremental browser-based collection of observable public posts,0,/home/runner/work/x_scrapper/x_scrapper/data/raw/fortune_x_2025_ranked/044_walt_disney,@Disney,https://x.com/Disney,primary,1
44,Walt Disney,@Disney,1855362961230991640,Sat Nov 09 21:32:55 +0000 2024,A dream team-up come true! @DavidKHarbour hits the stage to talk #Thunderbolts* ⚡️#D23Brasil https://t.co/unVlorhSS7,https://x.com/Disney/status/1855362961230991640,53,305,3941,14,true,false,,2026-06-14T02:52:19.446113+00:00,incremental browser-based collection of observable public posts,0,/home/runner/work/x_scrapper/x_scrapper/data/raw/fortune_x_2025_ranked/044_walt_disney,@Disney,https://x.com/Disney,primary,1
44,Walt Disney,@Disney,1855359788114124939,Sat Nov 09 21:20:19 +0000 2024,RT @MarvelStudios: Marvel Studios’ #CaptainAmericaBraveNewWorld arrives in theaters February 14. https://t.co/PkB3yCgPD6,https://x.com/Disney/status/1855359788114124939,0,9526,0,0,true,false,,2026-06-14T02:52:19.446113+00:00,incremental browser-based collection of observable public posts,0,/home/runner/work/x_scrapper/x_scrapper/data/raw/fortune_x_2025_ranked/044_walt_disney,@Disney,https://x.com/Disney,primary,1
44,Walt Disney,@Disney,1855358871269003614,Sat Nov 09 21:16:40 +0000 2024,Marvel Studios’ #CaptainAmericaBraveNewWorld arrives in theaters February 14. https://t.co/PkB3yCgPD6,https://x.com/Disney/status/1855358871269003614,719,9526,62880,869,true,false,,2026-06-14T02:52:19.446113+00:00,incremental browser-based collection of observable public posts,0,/home/runner/work/x_scrapper/x_scrapper/data/raw/fortune_x_2025_ranked/044_walt_disney,@Disney,https://x.com/Disney,primary,1
44,Walt Disney,@Disney,1855355629352665415,Sat Nov 09 21:03:47 +0000 2024,RT @MarvelStudios: The Kingpin and Devil of Hell’s Kitchen are here at #D23Brasil! Charlie Cox and Vincent D'Onofrio surprise the crowd wit…,https://x.com/Disney/status/1855355629352665415,0,835,0,0,true,false,,2026-06-14T02:52:19.446113+00:00,incremental browser-based collection of observable public posts,0,/home/runner/work/x_scrapper/x_scrapper/data/raw/fortune_x_2025_ranked/044_walt_disney,@Disney,https://x.com/Disney,primary,1
44,Walt Disney,@Disney,1855354411683307552,Sat Nov 09 20:58:57 +0000 2024,The Kingpin and Devil of Hell’s Kitchen are here at #D23Brasil! Charlie Cox and Vincent D'Onofrio surprise the crowd with a sneak peek of #DaredevilBornAgain. Streaming March 4 only on @DisneyPlus. https://t.co/kgo6H4IEXQ,https://x.com/Disney/status/1855354411683307552,108,835,7317,134,true,false,,2026-06-14T02:52:19.446113+00:00,incremental browser-based collection of observable public posts,0,/home/runner/work/x_scrapper/x_scrapper/data/raw/fortune_x_2025_ranked/044_walt_disney,@Disney,https://x.com/Disney,primary,1
44,Walt Disney,@Disney,1855353995470029285,Sat Nov 09 20:57:17 +0000 2024,RT @MarvelStudios: Brad Winderbaum gives #D23Brasil a sneak peek at the future of Marvel Television — from #WhatIf Season 3 to #DaredevilBo…,https://x.com/Disney/status/1855353995470029285,0,484,0,0,true,false,,2026-06-14T02:52:19.446113+00:00,incremental browser-based collection of observable public posts,0,/home/runner/work/x_scrapper/x_scrapper/data/raw/fortune_x_2025_ranked/044_walt_disney,@Disney,https://x.com/Disney,primary,1
44,Walt Disney,@Disney,1855353321415905368,Sat Nov 09 20:54:37 +0000 2024,Brad Winderbaum gives #D23Brasil a sneak peek at the future of Marvel Television — from #WhatIf Season 3 to #DaredevilBornAgain. https://t.co/UPUl7GQrJX,https://x.com/Disney/status/1855353321415905368,45,484,3770,34,true,false,,2026-06-14T02:52:19.446113+00:00,incremental browser-based collection of observable public posts,0,/home/runner/work/x_scrapper/x_scrapper/data/raw/fortune_x_2025_ranked/044_walt_disney,@Disney,https://x.com/Disney,primary,1
44,Walt Disney,@Disney,1855346088397733944,Sat Nov 09 20:25:52 +0000 2024,"RT @officialavatar: Just revealed at #D23Brasil. New concept art for Avatar: Fire &amp; Ash.

See Pandora like never before, in theaters Decemb…",https://x.com/Disney/status/1855346088397733944,0,285,0,0,true,false,,2026-06-14T02:52:19.446113+00:00,incremental browser-based collection of observable public posts,0,/home/runner/work/x_scrapper/x_scrapper/data/raw/fortune_x_2025_ranked/044_walt_disney,@Disney,https://x.com/Disney,primary,1
44,Walt Disney,@Disney,1855346067229102482,Sat Nov 09 20:25:47 +0000 2024,"RT @officialavatar: Just revealed at #D23Brasil. New concept art for Avatar: Fire &amp; Ash.

See Pandora like never before, in theaters Decemb…",https://x.com/Disney/status/1855346067229102482,0,354,0,0,true,false,,2026-06-14T02:52:19.446113+00:00,incremental browser-based collection of observable public posts,0,/home/runner/work/x_scrapper/x_scrapper/data/raw/fortune_x_2025_ranked/044_walt_disney,@Disney,https://x.com/Disney,primary,1
44,Walt Disney,@Disney,1855345802429825238,Sat Nov 09 20:24:44 +0000 2024,"RT @officialavatar: Just revealed at #D23Brasil. New concept art for Avatar: Fire &amp; Ash.

See Pandora like never before, in theaters Decemb…",https://x.com/Disney/status/1855345802429825238,0,308,0,0,true,false,,2026-06-14T02:52:19.446113+00:00,incremental browser-based collection of observable public posts,0,/home/runner/work/x_scrapper/x_scrapper/data/raw/fortune_x_2025_ranked/044_walt_disney,@Disney,https://x.com/Disney,primary,1
44,Walt Disney,@Disney,1855345597433426091,Sat Nov 09 20:23:55 +0000 2024,"RT @officialavatar: Just revealed at #D23Brasil. New concept art for Avatar: Fire &amp; Ash.

See Pandora like never before, in theaters Decemb…",https://x.com/Disney/status/1855345597433426091,0,1238,0,0,true,false,,2026-06-14T02:52:19.446113+00:00,incremental browser-based collection of observable public posts,0,/home/runner/work/x_scrapper/x_scrapper/data/raw/fortune_x_2025_ranked/044_walt_disney,@Disney,https://x.com/Disney,primary,1
44,Walt Disney,@Disney,1855345190875083066,Sat Nov 09 20:22:18 +0000 2024,"RT @officialavatar: Just revealed at #D23Brasil. New concept art for Avatar: Fire &amp; Ash.

See Pandora like never before, in theaters Decemb…",https://x.com/Disney/status/1855345190875083066,0,380,0,0,true,false,,2026-06-14T02:52:19.446113+00:00,incremental browser-based collection of observable public posts,0,/home/runner/work/x_scrapper/x_scrapper/data/raw/fortune_x_2025_ranked/044_walt_disney,@Disney,https://x.com/Disney,primary,1
44,Walt Disney,@Disney,1855344628637278506,Sat Nov 09 20:20:04 +0000 2024,"Just revealed at #D23Brasil. New concept art for Avatar: Fire &amp; Ash.

See Pandora like never before, in theaters December 19, 2025.

Illustrated by Dylan Cole https://t.co/EZmS2DOE8s",https://x.com/Disney/status/1855344628637278506,19,380,2255,68,true,false,,2026-06-14T02:52:19.446113+00:00,incremental browser-based collection of observable public posts,0,/home/runner/work/x_scrapper/x_scrapper/data/raw/fortune_x_2025_ranked/044_walt_disney,@Disney,https://x.com/Disney,primary,1
44,Walt Disney,@Disney,1855344623801209234,Sat Nov 09 20:20:03 +0000 2024,"Just revealed at #D23Brasil. New concept art for Avatar: Fire &amp; Ash.

See Pandora like never before, in theaters December 19, 2025.

Illustrated by Steve Messing https://t.co/KLe1aCZ92T",https://x.com/Disney/status/1855344623801209234,18,308,1617,62,true,false,,2026-06-14T02:52:19.446113+00:00,incremental browser-based collection of observable public posts,0,/home/runner/work/x_scrapper/x_scrapper/data/raw/fortune_x_2025_ranked/044_walt_disney,@Disney,https://x.com/Disney,primary,1
44,Walt Disney,@Disney,1855344620831486081,Sat Nov 09 20:20:02 +0000 2024,"Just revealed at #D23Brasil. New concept art for Avatar: Fire &amp; Ash.

See Pandora like never before, in theaters December 19, 2025.

Illustrated by Zachary Berger https://t.co/Bi6DEzH9hu",https://x.com/Disney/status/1855344620831486081,23,285,1620,71,true,false,,2026-06-14T02:52:19.446113+00:00,incremental browser-based collection of observable public posts,0,/home/runner/work/x_scrapper/x_scrapper/data/raw/fortune_x_2025_ranked/044_walt_disney,@Disney,https://x.com/Disney,primary,1
44,Walt Disney,@Disney,1855344618088300686,Sat Nov 09 20:20:02 +0000 2024,"Just revealed at #D23Brasil. New concept art for Avatar: Fire &amp; Ash.

See Pandora like never before, in theaters December 19, 2025.

Illustrated by Dylan Cole https://t.co/gheUjWRqqp",https://x.com/Disney/status/1855344618088300686,23,354,1889,96,true,false,,2026-06-14T02:52:19.446113+00:00,incremental browser-based collection of observable public posts,0,/home/runner/work/x_scrapper/x_scrapper/data/raw/fortune_x_2025_ranked/044_walt_disney,@Disney,https://x.com/Disney,primary,1
44,Walt Disney,@Disney,1855344614984777729,Sat Nov 09 20:20:01 +0000 2024,"Just revealed at #D23Brasil. New concept art for Avatar: Fire &amp; Ash.

See Pandora like never before, in theaters December 19, 2025.

Illustrated by Steve Messing https://t.co/WGF0vZ1BuJ",https://x.com/Disney/status/1855344614984777729,103,1238,8174,220,true,false,,2026-06-14T02:52:19.446113+00:00,incremental browser-based collection of observable public posts,0,/home/runner/work/x_scrapper/x_scrapper/data/raw/fortune_x_2025_ranked/044_walt_disney,@Disney,https://x.com/Disney,primary,1
44,Walt Disney,@Disney,1855337440883486791,Sat Nov 09 19:51:31 +0000 2024,RT @starwars: #Andor's B2EMO has arrived on the #D23Brasil stage. https://t.co/XSU7ye7ghi,https://x.com/Disney/status/1855337440883486791,0,750,0,0,true,false,,2026-06-14T02:52:19.446113+00:00,incremental browser-based collection of observable public posts,0,/home/runner/work/x_scrapper/x_scrapper/data/raw/fortune_x_2025_ranked/044_walt_disney,@Disney,https://x.com/Disney,primary,1
44,Walt Disney,@Disney,1855337427163844801,Sat Nov 09 19:51:27 +0000 2024,"RT @starwars: On April 22, 2025, #Andor returns to @DisneyPlus. https://t.co/c6P3pdNBi6",https://x.com/Disney/status/1855337427163844801,0,5300,0,0,true,false,,2026-06-14T02:52:19.446113+00:00,incremental browser-based collection of observable public posts,0,/home/runner/work/x_scrapper/x_scrapper/data/raw/fortune_x_2025_ranked/044_walt_disney,@Disney,https://x.com/Disney,primary,1
44,Walt Disney,@Disney,1855336897721348479,Sat Nov 09 19:49:21 +0000 2024,#Andor's B2EMO has arrived on the #D23Brasil stage. https://t.co/XSU7ye7ghi,https://x.com/Disney/status/1855336897721348479,81,750,8509,134,true,false,,2026-06-14T02:52:19.446113+00:00,incremental browser-based collection of observable public posts,0,/home/runner/work/x_scrapper/x_scrapper/data/raw/fortune_x_2025_ranked/044_walt_disney,@Disney,https://x.com/Disney,primary,1
44,Walt Disney,@Disney,1855336841605759237,Sat Nov 09 19:49:08 +0000 2024,"On April 22, 2025, #Andor returns to @DisneyPlus. https://t.co/c6P3pdNBi6",https://x.com/Disney/status/1855336841605759237,526,5300,37027,1900,true,false,,2026-06-14T02:52:19.446113+00:00,incremental browser-based collection of observable public posts,0,/home/runner/work/x_scrapper/x_scrapper/data/raw/fortune_x_2025_ranked/044_walt_disney,@Disney,https://x.com/Disney,primary,1
44,Walt Disney,@Disney,1854990031766929702,Fri Nov 08 20:51:02 +0000 2024,"RT @DisneyAnimation: Any Gabrielly, voice of Moana in Brazil, with a special performance of ""Beyond"" from #Moana2 🎶 https://t.co/yMuY8w9xsm",https://x.com/Disney/status/1854990031766929702,0,356,0,0,true,false,,2026-06-14T02:52:19.446113+00:00,incremental browser-based collection of observable public posts,0,/home/runner/work/x_scrapper/x_scrapper/data/raw/fortune_x_2025_ranked/044_walt_disney,@Disney,https://x.com/Disney,primary,1
44,Walt Disney,@Disney,1854989402721615945,Fri Nov 08 20:48:32 +0000 2024,"Any Gabrielly, voice of Moana in Brazil, with a special performance of ""Beyond"" from #Moana2 🎶 https://t.co/yMuY8w9xsm",https://x.com/Disney/status/1854989402721615945,82,356,2004,9,true,false,,2026-06-14T02:52:19.446113+00:00,incremental browser-based collection of observable public posts,0,/home/runner/work/x_scrapper/x_scrapper/data/raw/fortune_x_2025_ranked/044_walt_disney,@Disney,https://x.com/Disney,primary,1
44,Walt Disney,@Disney,1854987308086263826,Fri Nov 08 20:40:12 +0000 2024,RT @DisneyAnimation: Jared Bush is here at #D23Brasil to talk #Moana2 and #Zootopia2! https://t.co/xVUgS9UjXK,https://x.com/Disney/status/1854987308086263826,0,199,0,0,true,false,,2026-06-14T02:52:19.446113+00:00,incremental browser-based collection of observable public posts,0,/home/runner/work/x_scrapper/x_scrapper/data/raw/fortune_x_2025_ranked/044_walt_disney,@Disney,https://x.com/Disney,primary,1
44,Walt Disney,@Disney,1854986616005353602,Fri Nov 08 20:37:27 +0000 2024,Jared Bush is here at #D23Brasil to talk #Moana2 and #Zootopia2! https://t.co/xVUgS9UjXK,https://x.com/Disney/status/1854986616005353602,24,199,1128,15,true,false,,2026-06-14T02:52:19.446113+00:00,incremental browser-based collection of observable public posts,0,/home/runner/work/x_scrapper/x_scrapper/data/raw/fortune_x_2025_ranked/044_walt_disney,@Disney,https://x.com/Disney,primary,1
44,Walt Disney,@Disney,1854984024185286682,Fri Nov 08 20:27:09 +0000 2024,"RT @DisneyAnimation: Just announced at #D23Brasil: Shakira is back as Gazelle in Disney’s #Zootopia2, arriving in theaters November 2025! h…",https://x.com/Disney/status/1854984024185286682,0,1162,0,0,true,false,,2026-06-14T02:52:19.446113+00:00,incremental browser-based collection of observable public posts,0,/home/runner/work/x_scrapper/x_scrapper/data/raw/fortune_x_2025_ranked/044_walt_disney,@Disney,https://x.com/Disney,primary,1
44,Walt Disney,@Disney,1854983160624255424,Fri Nov 08 20:23:44 +0000 2024,"Just announced at #D23Brasil: Shakira is back as Gazelle in Disney’s #Zootopia2, arriving in theaters November 2025! https://t.co/ZA5giBmbkF",https://x.com/Disney/status/1854983160624255424,167,1162,5017,235,true,false,,2026-06-14T02:52:19.446113+00:00,incremental browser-based collection of observable public posts,0,/home/runner/work/x_scrapper/x_scrapper/data/raw/fortune_x_2025_ranked/044_walt_disney,@Disney,https://x.com/Disney,primary,1
44,Walt Disney,@Disney,1854981044094845304,Fri Nov 08 20:15:19 +0000 2024,"RT @Pixar: Pixar is wowing fans at #D23Brasil with special looks at #DreamProductions and #WinOrLose, two all-new series coming to @DisneyP…",https://x.com/Disney/status/1854981044094845304,0,172,0,0,false,false,,2026-06-14T02:52:19.446113+00:00,incremental browser-based collection of observable public posts,0,/home/runner/work/x_scrapper/x_scrapper/data/raw/fortune_x_2025_ranked/044_walt_disney,@Disney,https://x.com/Disney,primary,1
44,Walt Disney,@Disney,1854977462549053736,Fri Nov 08 20:01:05 +0000 2024,"Pixar is wowing fans at #D23Brasil with special looks at #DreamProductions and #WinOrLose, two all-new series coming to @DisneyPlus. https://t.co/bfCzMqnJ9P",https://x.com/Disney/status/1854977462549053736,15,172,1103,6,true,false,,2026-06-14T02:52:19.446113+00:00,incremental browser-based collection of observable public posts,0,/home/runner/work/x_scrapper/x_scrapper/data/raw/fortune_x_2025_ranked/044_walt_disney,@Disney,https://x.com/Disney,primary,1
44,Walt Disney,@Disney,1854972443158270272,Fri Nov 08 19:41:08 +0000 2024,"Just announced at #D23Brasil: Ice Age 6 is now in production! ❄️ Ray Romano, John Leguizamo, Queen Latifah, Denis Leary, and Simon Pegg are returning for an all-new big screen adventure. https://t.co/b0lCN3tew5",https://x.com/Disney/status/1854972443158270272,211,976,4872,376,true,false,,2026-06-14T02:52:19.446113+00:00,incremental browser-based collection of observable public posts,0,/home/runner/work/x_scrapper/x_scrapper/data/raw/fortune_x_2025_ranked/044_walt_disney,@Disney,https://x.com/Disney,primary,1
44,Walt Disney,@Disney,1854969596715086049,Fri Nov 08 19:29:50 +0000 2024,"RT @DisneyStudios: cute and fluffy 🥹

#LiloAndStitch arrives only in theaters May 23, 2025! https://t.co/u7Jxx6Nrzl",https://x.com/Disney/status/1854969596715086049,0,2658,0,0,true,false,,2026-06-14T02:52:19.446113+00:00,incremental browser-based collection of observable public posts,0,/home/runner/work/x_scrapper/x_scrapper/data/raw/fortune_x_2025_ranked/044_walt_disney,@Disney,https://x.com/Disney,primary,1
44,Walt Disney,@Disney,1854969580285833642,Fri Nov 08 19:29:46 +0000 2024,RT @DisneyStudios: Director Barry Jenkins takes the stage at #D23Brasil to introduce the new trailer for #Mufasa: The Lion King 🦁 https://t…,https://x.com/Disney/status/1854969580285833642,0,180,0,0,true,false,,2026-06-14T02:52:19.446113+00:00,incremental browser-based collection of observable public posts,0,/home/runner/work/x_scrapper/x_scrapper/data/raw/fortune_x_2025_ranked/044_walt_disney,@Disney,https://x.com/Disney,primary,1
44,Walt Disney,@Disney,1854969480226783397,Fri Nov 08 19:29:22 +0000 2024,"RT @DisneyStudios: It's time to tell you a story...

#Mufasa: The Lion King arrives only in theaters December 20. https://t.co/jpyy2uTDnv",https://x.com/Disney/status/1854969480226783397,0,1326,0,0,true,false,,2026-06-14T02:52:19.446113+00:00,incremental browser-based collection of observable public posts,0,/home/runner/work/x_scrapper/x_scrapper/data/raw/fortune_x_2025_ranked/044_walt_disney,@Disney,https://x.com/Disney,primary,1
44,Walt Disney,@Disney,1854968360397640011,Fri Nov 08 19:24:55 +0000 2024,"cute and fluffy 🥹

#LiloAndStitch arrives only in theaters May 23, 2025! https://t.co/u7Jxx6Nrzl",https://x.com/Disney/status/1854968360397640011,278,2658,16245,518,true,false,,2026-06-14T02:52:19.446113+00:00,incremental browser-based collection of observable public posts,0,/home/runner/work/x_scrapper/x_scrapper/data/raw/fortune_x_2025_ranked/044_walt_disney,@Disney,https://x.com/Disney,primary,1
44,Walt Disney,@Disney,1854967909467951520,Fri Nov 08 19:23:07 +0000 2024,"RT @DisneyStudios: Discover the journey that forged a kingdom. 

Watch the new trailer for #Mufasa: The Lion King and see the movie only in…",https://x.com/Disney/status/1854967909467951520,0,1649,0,0,true,false,,2026-06-14T02:52:19.446113+00:00,incremental browser-based collection of observable public posts,0,/home/runner/work/x_scrapper/x_scrapper/data/raw/fortune_x_2025_ranked/044_walt_disney,@Disney,https://x.com/Disney,primary,1
44,Walt Disney,@Disney,1854967661379371123,Fri Nov 08 19:22:08 +0000 2024,Director Barry Jenkins takes the stage at #D23Brasil to introduce the new trailer for #Mufasa: The Lion King 🦁 https://t.co/xW5s7hceOL,https://x.com/Disney/status/1854967661379371123,21,180,1083,3,true,false,,2026-06-14T02:52:19.446113+00:00,incremental browser-based collection of observable public posts,0,/home/runner/work/x_scrapper/x_scrapper/data/raw/fortune_x_2025_ranked/044_walt_disney,@Disney,https://x.com/Disney,primary,1
44,Walt Disney,@Disney,1854967531104096656,Fri Nov 08 19:21:37 +0000 2024,"It's time to tell you a story...

#Mufasa: The Lion King arrives only in theaters December 20. https://t.co/jpyy2uTDnv",https://x.com/Disney/status/1854967531104096656,141,1326,6346,126,true,false,,2026-06-14T02:52:19.446113+00:00,incremental browser-based collection of observable public posts,0,/home/runner/work/x_scrapper/x_scrapper/data/raw/fortune_x_2025_ranked/044_walt_disney,@Disney,https://x.com/Disney,primary,1
44,Walt Disney,@Disney,1854967259048837472,Fri Nov 08 19:20:32 +0000 2024,"Discover the journey that forged a kingdom. 

Watch the new trailer for #Mufasa: The Lion King and see the movie only in theaters December 20. https://t.co/uYtPle9g2u",https://x.com/Disney/status/1854967259048837472,408,1649,5170,510,true,false,,2026-06-14T02:52:19.446113+00:00,incremental browser-based collection of observable public posts,0,/home/runner/work/x_scrapper/x_scrapper/data/raw/fortune_x_2025_ranked/044_walt_disney,@Disney,https://x.com/Disney,primary,1
44,Walt Disney,@Disney,1852361020469043668,Fri Nov 01 14:44:17 +0000 2024,"RT @starwars: On December 3, a new Star Wars adventure awaits.

Watch the new trailer for #SkeletonCrew and don't miss the two-episode seri…",https://x.com/Disney/status/1852361020469043668,0,2537,0,0,true,false,,2026-06-14T02:52:19.446113+00:00,incremental browser-based collection of observable public posts,0,/home/runner/work/x_scrapper/x_scrapper/data/raw/fortune_x_2025_ranked/044_walt_disney,@Disney,https://x.com/Disney,primary,1
44,Walt Disney,@Disney,1852360753795260799,Fri Nov 01 14:43:13 +0000 2024,"RT @starwars: #SkeletonCrew is streaming December 3, with a two-episode series premiere, only on @DisneyPlus. https://t.co/Cvwjbg5tiX",https://x.com/Disney/status/1852360753795260799,0,1825,0,0,false,false,,2026-06-14T02:52:19.446113+00:00,incremental browser-based collection of observable public posts,0,/home/runner/work/x_scrapper/x_scrapper/data/raw/fortune_x_2025_ranked/044_walt_disney,@Disney,https://x.com/Disney,primary,1
44,Walt Disney,@Disney,1852349971988963510,Fri Nov 01 14:00:22 +0000 2024,"#SkeletonCrew is streaming December 3, with a two-episode series premiere, only on @DisneyPlus. https://t.co/Cvwjbg5tiX",https://x.com/Disney/status/1852349971988963510,316,1825,10748,349,true,false,,2026-06-14T02:52:19.446113+00:00,incremental browser-based collection of observable public posts,0,/home/runner/work/x_scrapper/x_scrapper/data/raw/fortune_x_2025_ranked/044_walt_disney,@Disney,https://x.com/Disney,primary,1
44,Walt Disney,@Disney,1852349879877583204,Fri Nov 01 14:00:01 +0000 2024,"On December 3, a new Star Wars adventure awaits.

Watch the new trailer for #SkeletonCrew and don't miss the two-episode series premiere, streaming December 3, only on @DisneyPlus. https://t.co/ruvzZxAcYL",https://x.com/Disney/status/1852349879877583204,825,2537,11319,1741,true,false,,2026-06-14T02:52:19.446113+00:00,incremental browser-based collection of observable public posts,0,/home/runner/work/x_scrapper/x_scrapper/data/raw/fortune_x_2025_ranked/044_walt_disney,@Disney,https://x.com/Disney,primary,1
44,Walt Disney,@Disney,1850930837610434809,Mon Oct 28 16:01:14 +0000 2024,"HEY YOU 🫵 Get your tickets NOW for #Moana2, only in theaters November 27! 🎟️: https://t.co/TO3MMM66WC https://t.co/ZHvJQMyBNj",https://x.com/Disney/status/1850930837610434809,88,150,950,15,true,false,,2026-06-14T02:52:19.446113+00:00,incremental browser-based collection of observable public posts,0,/home/runner/work/x_scrapper/x_scrapper/data/raw/fortune_x_2025_ranked/044_walt_disney,@Disney,https://x.com/Disney,primary,1
44,Walt Disney,@Disney,1849189982147383587,Wed Oct 23 20:43:42 +0000 2024,"RT @Cohen_Childrens: 🎃 Halloween came early for our #CohenHeroes! Thanks to @Disney &amp; @StarlightUS, our little ones got brand-new costumes…",https://x.com/Disney/status/1849189982147383587,0,36,0,0,true,false,,2026-06-14T02:52:19.446113+00:00,incremental browser-based collection of observable public posts,0,/home/runner/work/x_scrapper/x_scrapper/data/raw/fortune_x_2025_ranked/044_walt_disney,@Disney,https://x.com/Disney,primary,1
44,Walt Disney,@Disney,1849164050745200815,Wed Oct 23 19:00:40 +0000 2024,"🎃 Halloween came early for our #CohenHeroes! Thanks to @Disney &amp; @StarlightUS, our little ones got brand-new costumes &amp; a special visit from Auliʻi Cravalho to celebrate #Moana2! 🌊

A huge thank you to Disney, Starlight, &amp; Auliʻi for making today so magical. #PowerofHappiness https://t.co/MjsA4gLXOP",https://x.com/Disney/status/1849164050745200815,71,36,232,2,true,false,,2026-06-14T02:52:19.446113+00:00,incremental browser-based collection of observable public posts,0,/home/runner/work/x_scrapper/x_scrapper/data/raw/fortune_x_2025_ranked/044_walt_disney,@Disney,https://x.com/Disney,primary,1
44,Walt Disney,@Disney,1844787544413577527,Fri Oct 11 17:09:59 +0000 2024,"RT @DisneyStudios: #LiloAndStitch, coming to theaters on May 23, 2025! https://t.co/bJ2e5fQzAt",https://x.com/Disney/status/1844787544413577527,0,1661,0,0,true,false,,2026-06-14T02:52:19.446113+00:00,incremental browser-based collection of observable public posts,0,/home/runner/work/x_scrapper/x_scrapper/data/raw/fortune_x_2025_ranked/044_walt_disney,@Disney,https://x.com/Disney,primary,1
44,Walt Disney,@Disney,1844785743861776424,Fri Oct 11 17:02:50 +0000 2024,"#LiloAndStitch, coming to theaters on May 23, 2025! https://t.co/bJ2e5fQzAt",https://x.com/Disney/status/1844785743861776424,222,1661,7172,272,true,false,,2026-06-14T02:52:19.446113+00:00,incremental browser-based collection of observable public posts,0,/home/runner/work/x_scrapper/x_scrapper/data/raw/fortune_x_2025_ranked/044_walt_disney,@Disney,https://x.com/Disney,primary,1
44,Walt Disney,@Disney,1844785064376258654,Fri Oct 11 17:00:08 +0000 2024,"TGIF. 😱 😱
 
#FreakierFriday arrives in theaters August 8, 2025! https://t.co/a7m0itR9Jv",https://x.com/Disney/status/1844785064376258654,120,965,8256,121,true,false,,2026-06-14T02:52:19.446113+00:00,incremental browser-based collection of observable public posts,0,/home/runner/work/x_scrapper/x_scrapper/data/raw/fortune_x_2025_ranked/044_walt_disney,@Disney,https://x.com/Disney,primary,1
44,Walt Disney,@Disney,1840900797112205394,Mon Sep 30 23:45:26 +0000 2024,RT @Pixar: Feeling EVERYTHING 🥹🫶 Thank you to all the fans around the world who made Disney and Pixar’s #InsideOut2 the #1 film premiere on…,https://x.com/Disney/status/1840900797112205394,0,410,0,0,false,false,,2026-06-14T02:52:19.446113+00:00,incremental browser-based collection of observable public posts,0,/home/runner/work/x_scrapper/x_scrapper/data/raw/fortune_x_2025_ranked/044_walt_disney,@Disney,https://x.com/Disney,primary,1
44,Walt Disney,@Disney,1840889133733924875,Mon Sep 30 22:59:06 +0000 2024,Feeling EVERYTHING 🥹🫶 Thank you to all the fans around the world who made Disney and Pixar’s #InsideOut2 the #1 film premiere on @DisneyPlus in 2024! https://t.co/X3QyUavd2A,https://x.com/Disney/status/1840889133733924875,106,410,2297,27,true,false,,2026-06-14T02:52:19.446113+00:00,incremental browser-based collection of observable public posts,0,/home/runner/work/x_scrapper/x_scrapper/data/raw/fortune_x_2025_ranked/044_walt_disney,@Disney,https://x.com/Disney,primary,1
44,Walt Disney,@Disney,1839819030577729589,Sat Sep 28 00:06:53 +0000 2024,"RT @Pixar: The Incredibles are now available in Fortnite!💥 
Mr. Incredible, Mrs. Incredible, and Frozone outfits are in the Shop! You can a…",https://x.com/Disney/status/1839819030577729589,0,1549,0,0,true,false,,2026-06-14T02:52:19.446113+00:00,incremental browser-based collection of observable public posts,0,/home/runner/work/x_scrapper/x_scrapper/data/raw/fortune_x_2025_ranked/044_walt_disney,@Disney,https://x.com/Disney,primary,1
44,Walt Disney,@Disney,1839817297004786107,Sat Sep 28 00:00:00 +0000 2024,"The Incredibles are now available in Fortnite!💥 
Mr. Incredible, Mrs. Incredible, and Frozone outfits are in the Shop! You can also get your hands on the Lil’ Battle Robot and Frozone’s Stunt emotes. https://t.co/Sb6Dl29tZV",https://x.com/Disney/status/1839817297004786107,252,1549,14567,282,true,false,,2026-06-14T02:52:19.446113+00:00,incremental browser-based collection of observable public posts,0,/home/runner/work/x_scrapper/x_scrapper/data/raw/fortune_x_2025_ranked/044_walt_disney,@Disney,https://x.com/Disney,primary,1
44,Walt Disney,@Disney,1838987126165368911,Wed Sep 25 17:01:12 +0000 2024,"Look out 👀 

#InsideOut2 is NOW on @DisneyPlus! https://t.co/Kw36vECL5u",https://x.com/Disney/status/1838987126165368911,76,98,503,9,true,false,,2026-06-14T02:52:19.446113+00:00,incremental browser-based collection of observable public posts,0,/home/runner/work/x_scrapper/x_scrapper/data/raw/fortune_x_2025_ranked/044_walt_disney,@Disney,https://x.com/Disney,primary,1
44,Walt Disney,@Disney,1838655373731074505,Tue Sep 24 19:02:56 +0000 2024,RT @Pixar: From the world of Inside Out comes #DreamProductions 🎥 available December 11 and in 2025 comes #WinOrLose 🥎 available February 1…,https://x.com/Disney/status/1838655373731074505,0,1009,0,0,false,false,,2026-06-14T02:52:19.446113+00:00,incremental browser-based collection of observable public posts,0,/home/runner/work/x_scrapper/x_scrapper/data/raw/fortune_x_2025_ranked/044_walt_disney,@Disney,https://x.com/Disney,primary,1
44,Walt Disney,@Disney,1838654636686798891,Tue Sep 24 19:00:00 +0000 2024,"From the world of Inside Out comes #DreamProductions 🎥 available December 11 and in 2025 comes #WinOrLose 🥎 available February 19, only on @DisneyPlus. https://t.co/mmqgnBDByl",https://x.com/Disney/status/1838654636686798891,109,1009,4653,172,true,false,,2026-06-14T02:52:19.446113+00:00,incremental browser-based collection of observable public posts,0,/home/runner/work/x_scrapper/x_scrapper/data/raw/fortune_x_2025_ranked/044_walt_disney,@Disney,https://x.com/Disney,primary,1
44,Walt Disney,@Disney,1835531581425066249,Mon Sep 16 04:10:06 +0000 2024,Congratulations to all the #Emmy Award winners from across The Walt Disney Company: https://t.co/UjQDsvNmqT https://t.co/IhjSt4NnBb,https://x.com/Disney/status/1835531581425066249,162,123,649,9,true,false,,2026-06-14T02:52:19.446113+00:00,incremental browser-based collection of observable public posts,0,/home/runner/work/x_scrapper/x_scrapper/data/raw/fortune_x_2025_ranked/044_walt_disney,@Disney,https://x.com/Disney,primary,1
44,Walt Disney,@Disney,1834293790427021334,Thu Sep 12 18:11:33 +0000 2024,"RT @Pixar: 🚨 Contain your emotions, because #InsideOut2 is coming to @DisneyPlus September 25! https://t.co/1XE5gJ8MgJ",https://x.com/Disney/status/1834293790427021334,0,1196,0,0,true,false,,2026-06-14T02:52:19.446113+00:00,incremental browser-based collection of observable public posts,0,/home/runner/work/x_scrapper/x_scrapper/data/raw/fortune_x_2025_ranked/044_walt_disney,@Disney,https://x.com/Disney,primary,1
44,Walt Disney,@Disney,1834293778699747449,Thu Sep 12 18:11:31 +0000 2024,"RT @Pixar: 🥳 GET EXCITED 🥳

#InsideOut2 is coming to @DisneyPlus on September 25! https://t.co/Lemov8FvgA",https://x.com/Disney/status/1834293778699747449,0,690,0,0,true,false,,2026-06-14T02:52:19.446113+00:00,incremental browser-based collection of observable public posts,0,/home/runner/work/x_scrapper/x_scrapper/data/raw/fortune_x_2025_ranked/044_walt_disney,@Disney,https://x.com/Disney,primary,1
44,Walt Disney,@Disney,1834292140190712229,Thu Sep 12 18:05:00 +0000 2024,"🚨 Contain your emotions, because #InsideOut2 is coming to @DisneyPlus September 25! https://t.co/1XE5gJ8MgJ",https://x.com/Disney/status/1834292140190712229,174,1196,8226,182,true,false,,2026-06-14T02:52:19.446113+00:00,incremental browser-based collection of observable public posts,0,/home/runner/work/x_scrapper/x_scrapper/data/raw/fortune_x_2025_ranked/044_walt_disney,@Disney,https://x.com/Disney,primary,1
44,Walt Disney,@Disney,1834290884789387766,Thu Sep 12 18:00:01 +0000 2024,"🥳 GET EXCITED 🥳

#InsideOut2 is coming to @DisneyPlus on September 25! https://t.co/Lemov8FvgA",https://x.com/Disney/status/1834290884789387766,79,690,4014,63,true,false,,2026-06-14T02:52:19.446113+00:00,incremental browser-based collection of observable public posts,0,/home/runner/work/x_scrapper/x_scrapper/data/raw/fortune_x_2025_ranked/044_walt_disney,@Disney,https://x.com/Disney,primary,1
44,Walt Disney,@Disney,1834278566919635176,Thu Sep 12 17:11:04 +0000 2024,"Come, we fly! 🧹 Hocus Pocus returns to theaters October 18. https://t.co/AYuPd2JzgK",https://x.com/Disney/status/1834278566919635176,74,95,509,18,true,false,,2026-06-14T02:52:19.446113+00:00,incremental browser-based collection of observable public posts,0,/home/runner/work/x_scrapper/x_scrapper/data/raw/fortune_x_2025_ranked/044_walt_disney,@Disney,https://x.com/Disney,primary,1
44,Walt Disney,@Disney,1834275894942466215,Thu Sep 12 17:00:27 +0000 2024,"Well, well, well. What have we here? 🎃 Tim Burton’s The Nightmare Before Christmas returns to theaters October 11. https://t.co/RwX2ZQf0ch",https://x.com/Disney/status/1834275894942466215,41,160,713,46,true,false,,2026-06-14T02:52:19.446113+00:00,incremental browser-based collection of observable public posts,0,/home/runner/work/x_scrapper/x_scrapper/data/raw/fortune_x_2025_ranked/044_walt_disney,@Disney,https://x.com/Disney,primary,1
44,Walt Disney,@Disney,1833282799920656735,Mon Sep 09 23:14:14 +0000 2024,"On behalf of all of us at The Walt Disney Company, we extend our deepest condolences to Disney Legend James Earl Jones' family and loved ones. Rest in Peace. https://t.co/If0bwtElEc https://t.co/R4Kj6rFHKx",https://x.com/Disney/status/1833282799920656735,142,1013,4812,132,true,false,,2026-06-14T02:52:19.446113+00:00,incremental browser-based collection of observable public posts,0,/home/runner/work/x_scrapper/x_scrapper/data/raw/fortune_x_2025_ranked/044_walt_disney,@Disney,https://x.com/Disney,primary,1
44,Walt Disney,@Disney,1822831549248864418,Mon Aug 12 03:04:42 +0000 2024,@MarvelStudios @starwars @IndianaJones @Lucasfilm And that’s a wrap on #D23! Thanks for making so much magic with us this year. See ya real soon! https://t.co/qWNB4fiQA9,https://x.com/Disney/status/1822831549248864418,122,69,411,6,true,false,,2026-06-14T02:52:19.446113+00:00,incremental browser-based collection of observable public posts,0,/home/runner/work/x_scrapper/x_scrapper/data/raw/fortune_x_2025_ranked/044_walt_disney,@Disney,https://x.com/Disney,primary,1
44,Walt Disney,@Disney,1822831404776116496,Mon Aug 12 03:04:08 +0000 2024,@MarvelStudios @starwars @IndianaJones @Lucasfilm Presenting your 2024 class of Disney Legends! Congratulations once again one and all! 🌟🌟🌟 #D23 https://t.co/K5mx1l4v8a,https://x.com/Disney/status/1822831404776116496,171,148,828,10,true,false,,2026-06-14T02:52:19.446113+00:00,incremental browser-based collection of observable public posts,0,/home/runner/work/x_scrapper/x_scrapper/data/raw/fortune_x_2025_ranked/044_walt_disney,@Disney,https://x.com/Disney,primary,1
44,Walt Disney,@Disney,1822820239173919059,Mon Aug 12 02:19:46 +0000 2024,Congratulations to Walt Disney Imagineering's Joe Rohde on becoming a Disney Legend at #D23! https://t.co/eYzrMMSKdI,https://x.com/Disney/status/1822820239173919059,420,89,670,14,true,false,,2026-06-14T02:52:19.446113+00:00,incremental browser-based collection of observable public posts,0,/home/runner/work/x_scrapper/x_scrapper/data/raw/fortune_x_2025_ranked/044_walt_disney,@Disney,https://x.com/Disney,primary,1
44,Walt Disney,@Disney,1822818348113260650,Mon Aug 12 02:12:15 +0000 2024,Congratulations to @DisneyAnimation's Mark Henn on becoming a Disney Legend at #D23! https://t.co/LzFiIJ8SYh,https://x.com/Disney/status/1822818348113260650,25,45,274,1,true,false,,2026-06-14T02:52:19.446113+00:00,incremental browser-based collection of observable public posts,0,/home/runner/work/x_scrapper/x_scrapper/data/raw/fortune_x_2025_ranked/044_walt_disney,@Disney,https://x.com/Disney,primary,1
44,Walt Disney,@Disney,1822816135290765331,Mon Aug 12 02:03:27 +0000 2024,"Jodi Benson, voice of Ariel, Paige O'Hara, voice of Belle, Anika Noni Rose, voice of Tiana, Linda Larkin, voice of Jasmine, and Ming-Na Wen, voice of Mulan (all Disney Legends themselves) are here to introduce @DisneyAnimation's Mark Henn. https://t.co/cuisEi7Z8C",https://x.com/Disney/status/1822816135290765331,28,74,457,4,true,false,,2026-06-14T02:52:19.446113+00:00,incremental browser-based collection of observable public posts,0,/home/runner/work/x_scrapper/x_scrapper/data/raw/fortune_x_2025_ranked/044_walt_disney,@Disney,https://x.com/Disney,primary,1
44,Walt Disney,@Disney,1822814863804285163,Mon Aug 12 01:58:24 +0000 2024,Kevin Feige from @MarvelStudios introduces the newest Disney Legend: @Marvel Comics visionary Steve Ditko! Steve's nephew Mark Ditko accepted the award on his uncle's behalf. #D23 https://t.co/tzbrN1yvgG,https://x.com/Disney/status/1822814863804285163,13,33,149,5,true,false,,2026-06-14T02:52:19.446113+00:00,incremental browser-based collection of observable public posts,0,/home/runner/work/x_scrapper/x_scrapper/data/raw/fortune_x_2025_ranked/044_walt_disney,@Disney,https://x.com/Disney,primary,1
44,Walt Disney,@Disney,1822812684158734541,Mon Aug 12 01:49:44 +0000 2024,Congratulations to Miley Cyrus on becoming a Disney Legend – the youngest ever – at #D23! https://t.co/GsswJncwGb,https://x.com/Disney/status/1822812684158734541,21,498,1532,58,true,false,,2026-06-14T02:52:19.446113+00:00,incremental browser-based collection of observable public posts,0,/home/runner/work/x_scrapper/x_scrapper/data/raw/fortune_x_2025_ranked/044_walt_disney,@Disney,https://x.com/Disney,primary,1
44,Walt Disney,@Disney,1822808577326919801,Mon Aug 12 01:33:25 +0000 2024,Congratulations to Frank Oz on becoming a Disney Legend at #D23! https://t.co/7SbrVwbSrk,https://x.com/Disney/status/1822808577326919801,16,95,635,8,true,false,,2026-06-14T02:52:19.446113+00:00,incremental browser-based collection of observable public posts,0,/home/runner/work/x_scrapper/x_scrapper/data/raw/fortune_x_2025_ranked/044_walt_disney,@Disney,https://x.com/Disney,primary,1
44,Walt Disney,@Disney,1822807443912437803,Mon Aug 12 01:28:55 +0000 2024,Congratulations to Colleen Atwood on becoming a Disney Legend at #D23! https://t.co/S9lA5w8eP2,https://x.com/Disney/status/1822807443912437803,9,25,143,1,true,false,,2026-06-14T02:52:19.446113+00:00,incremental browser-based collection of observable public posts,0,/home/runner/work/x_scrapper/x_scrapper/data/raw/fortune_x_2025_ranked/044_walt_disney,@Disney,https://x.com/Disney,primary,1
44,Walt Disney,@Disney,1822806126934757600,Mon Aug 12 01:23:41 +0000 2024,Congratulations to James L. Brooks on becoming a Disney Legend at #D23! https://t.co/6ntkZLrG6l,https://x.com/Disney/status/1822806126934757600,7,16,65,0,true,false,,2026-06-14T02:52:19.446113+00:00,incremental browser-based collection of observable public posts,0,/home/runner/work/x_scrapper/x_scrapper/data/raw/fortune_x_2025_ranked/044_walt_disney,@Disney,https://x.com/Disney,primary,1
44,Walt Disney,@Disney,1822805109069504695,Mon Aug 12 01:19:38 +0000 2024,Congratulations to Martha Blanding on becoming a Disney Legend at #D23! @DisneyParks @Disneyland https://t.co/ToeZVZLnLj,https://x.com/Disney/status/1822805109069504695,7,21,92,1,true,false,,2026-06-14T02:52:19.446113+00:00,incremental browser-based collection of observable public posts,0,/home/runner/work/x_scrapper/x_scrapper/data/raw/fortune_x_2025_ranked/044_walt_disney,@Disney,https://x.com/Disney,primary,1
44,Walt Disney,@Disney,1822803667340423504,Mon Aug 12 01:13:55 +0000 2024,The Dapper Dans stopped by from @Disneyland to surprise #D23 and celebrate Disney Legend Martha Blanding! https://t.co/gTEnVyJAF1,https://x.com/Disney/status/1822803667340423504,7,18,117,0,true,false,,2026-06-14T02:52:19.446113+00:00,incremental browser-based collection of observable public posts,0,/home/runner/work/x_scrapper/x_scrapper/data/raw/fortune_x_2025_ranked/044_walt_disney,@Disney,https://x.com/Disney,primary,1
44,Walt Disney,@Disney,1822802166664638965,Mon Aug 12 01:07:57 +0000 2024,Congratulations to Kelly Ripa on becoming a Disney Legend at #D23! https://t.co/xZbhJ9JXUQ,https://x.com/Disney/status/1822802166664638965,9,15,101,1,true,false,,2026-06-14T02:52:19.446113+00:00,incremental browser-based collection of observable public posts,0,/home/runner/work/x_scrapper/x_scrapper/data/raw/fortune_x_2025_ranked/044_walt_disney,@Disney,https://x.com/Disney,primary,1
44,Walt Disney,@Disney,1822801164263714982,Mon Aug 12 01:03:58 +0000 2024,Congratulations to Jamie Lee Curtis on becoming a Disney Legend at #D23! https://t.co/3fz8Gk16XG,https://x.com/Disney/status/1822801164263714982,3,26,134,0,true,false,,2026-06-14T02:52:19.446113+00:00,incremental browser-based collection of observable public posts,0,/home/runner/work/x_scrapper/x_scrapper/data/raw/fortune_x_2025_ranked/044_walt_disney,@Disney,https://x.com/Disney,primary,1
44,Walt Disney,@Disney,1822785632051270095,Mon Aug 12 00:02:15 +0000 2024,The 2024 Disney Legends Ceremony is about to begin at #D23! https://t.co/fJRAuDVGPf,https://x.com/Disney/status/1822785632051270095,104,128,982,14,true,false,,2026-06-14T02:52:19.446113+00:00,incremental browser-based collection of observable public posts,0,/home/runner/work/x_scrapper/x_scrapper/data/raw/fortune_x_2025_ranked/044_walt_disney,@Disney,https://x.com/Disney,primary,1
44,Walt Disney,@Disney,1822708548612337904,Sun Aug 11 18:55:56 +0000 2024,"From epic reveals to amazing cosplay, Disney magic is everywhere at #D23! ✨ https://t.co/J5f6jbPlEs",https://x.com/Disney/status/1822708548612337904,38,43,297,2,true,false,,2026-06-14T02:52:19.446113+00:00,incremental browser-based collection of observable public posts,0,/home/runner/work/x_scrapper/x_scrapper/data/raw/fortune_x_2025_ranked/044_walt_disney,@Disney,https://x.com/Disney,primary,1
44,Walt Disney,@Disney,1822498163380679053,Sun Aug 11 04:59:57 +0000 2024,And that’s a wrap on the #Horizons: Disney Experiences Showcase at #D23! Thanks for following along. See ya real soon! 🏰👋 https://t.co/HRCRLh8NbU,https://x.com/Disney/status/1822498163380679053,20,45,299,4,true,false,,2026-06-14T02:52:19.446113+00:00,incremental browser-based collection of observable public posts,0,/home/runner/work/x_scrapper/x_scrapper/data/raw/fortune_x_2025_ranked/044_walt_disney,@Disney,https://x.com/Disney,primary,1
44,Walt Disney,@Disney,1822495076691702132,Sun Aug 11 04:47:41 +0000 2024,https://t.co/V2udwfGzlx,https://x.com/Disney/status/1822495076691702132,12,46,346,6,true,false,,2026-06-14T02:52:19.446113+00:00,incremental browser-based collection of observable public posts,0,/home/runner/work/x_scrapper/x_scrapper/data/raw/fortune_x_2025_ranked/044_walt_disney,@Disney,https://x.com/Disney,primary,1
44,Walt Disney,@Disney,1822494957111844994,Sun Aug 11 04:47:12 +0000 2024,"😈 BREAKING 😈 Villains Land is coming to Magic Kingdom with two major attractions, dining at @WaltDisneyWorld! https://t.co/DEyiwSBMLb 👀🖤 #D23 #Horizons https://t.co/4DxPCaaFzv",https://x.com/Disney/status/1822494957111844994,135,1388,4237,710,true,false,,2026-06-14T02:52:19.446113+00:00,incremental browser-based collection of observable public posts,0,/home/runner/work/x_scrapper/x_scrapper/data/raw/fortune_x_2025_ranked/044_walt_disney,@Disney,https://x.com/Disney,primary,1
44,Walt Disney,@Disney,1822486046606786611,Sun Aug 11 04:11:48 +0000 2024,"@Disneyland @Pixar @DisneyAnimation Game on! 🎮@DisneyAnimation’s Jennifer Lee, @Pixar’s Pete Docter, @StarWars’ Dave Filoni, and @MarvelStudios’ Kevin Feige join Josh D’Amaro to preview some of the incredible things coming to Fortnite! https://t.co/J1il9X6SH6",https://x.com/Disney/status/1822486046606786611,3,44,186,9,true,false,,2026-06-14T02:52:19.446113+00:00,incremental browser-based collection of observable public posts,0,/home/runner/work/x_scrapper/x_scrapper/data/raw/fortune_x_2025_ranked/044_walt_disney,@Disney,https://x.com/Disney,primary,1
44,Walt Disney,@Disney,1822485031644025212,Sun Aug 11 04:07:46 +0000 2024,@Disneyland @Pixar @DisneyAnimation https://t.co/RLbxpBErGH,https://x.com/Disney/status/1822485031644025212,4,14,85,0,true,false,,2026-06-14T02:52:19.446113+00:00,incremental browser-based collection of observable public posts,0,/home/runner/work/x_scrapper/x_scrapper/data/raw/fortune_x_2025_ranked/044_walt_disney,@Disney,https://x.com/Disney,primary,1
44,Walt Disney,@Disney,1822484462023610670,Sun Aug 11 04:05:30 +0000 2024,🚢 BREAKING 🚢 Disney Cruise Line will add 4 NEW CRUISE SHIPS to its fleet between 2027 and 2031! https://t.co/1GD2SapY6C 🤯 https://t.co/1GD2SapY6C #D23 #Horizons https://t.co/XsMR3OkLY4,https://x.com/Disney/status/1822484462023610670,34,261,713,87,true,false,,2026-06-14T02:52:19.446113+00:00,incremental browser-based collection of observable public posts,0,/home/runner/work/x_scrapper/x_scrapper/data/raw/fortune_x_2025_ranked/044_walt_disney,@Disney,https://x.com/Disney,primary,1
44,Walt Disney,@Disney,1822482805336719855,Sun Aug 11 03:58:55 +0000 2024,@Disneyland @Pixar @DisneyAnimation https://t.co/CtAnIoe4GT,https://x.com/Disney/status/1822482805336719855,3,24,159,1,true,false,,2026-06-14T02:52:19.446113+00:00,incremental browser-based collection of observable public posts,0,/home/runner/work/x_scrapper/x_scrapper/data/raw/fortune_x_2025_ranked/044_walt_disney,@Disney,https://x.com/Disney,primary,1
44,Walt Disney,@Disney,1822482721836564793,Sun Aug 11 03:58:35 +0000 2024,"@Disneyland @Pixar @DisneyAnimation Your eye does not deceive you! 👁️The voice of Mike Wazowski himself, Disney Legend Billy Crystal, takes the stage to perform a Disney Parks-themed rendition of “If I Didn’t Have You” from Monsters, Inc. #D23 https://t.co/rwHzQVgi2o",https://x.com/Disney/status/1822482721836564793,10,36,229,0,true,false,,2026-06-14T02:52:19.446113+00:00,incremental browser-based collection of observable public posts,0,/home/runner/work/x_scrapper/x_scrapper/data/raw/fortune_x_2025_ranked/044_walt_disney,@Disney,https://x.com/Disney,primary,1
44,Walt Disney,@Disney,1822481225417629992,Sun Aug 11 03:52:38 +0000 2024,"💙 BREAKING 💚 A Monsters, Inc. land is coming to Disney’s Hollywood Studios including the first-ever suspended coaster in a Disney park! https://t.co/IpvxqMMuRX 🚪🧦 #D23 #Horizons https://t.co/aGqWpXBUaP",https://x.com/Disney/status/1822481225417629992,110,1063,3965,460,true,false,,2026-06-14T02:52:19.446113+00:00,incremental browser-based collection of observable public posts,0,/home/runner/work/x_scrapper/x_scrapper/data/raw/fortune_x_2025_ranked/044_walt_disney,@Disney,https://x.com/Disney,primary,1
44,Walt Disney,@Disney,1822467514737258924,Sun Aug 11 02:58:09 +0000 2024,@Disneyland Ernesto De La Cruz seizes his moment and takes over the #D23 stage to perform “Remember Me” from @Pixar’s Coco! 💀 https://t.co/DJBMGQG450,https://x.com/Disney/status/1822467514737258924,2,33,185,5,true,false,,2026-06-14T02:52:19.446113+00:00,incremental browser-based collection of observable public posts,0,/home/runner/work/x_scrapper/x_scrapper/data/raw/fortune_x_2025_ranked/044_walt_disney,@Disney,https://x.com/Disney,primary,1
44,Walt Disney,@Disney,1822466055094333487,Sun Aug 11 02:52:21 +0000 2024,@Disneyland https://t.co/zrR2mapLk2,https://x.com/Disney/status/1822466055094333487,2,17,158,0,true,false,,2026-06-14T02:52:19.446113+00:00,incremental browser-based collection of observable public posts,0,/home/runner/work/x_scrapper/x_scrapper/data/raw/fortune_x_2025_ranked/044_walt_disney,@Disney,https://x.com/Disney,primary,1
44,Walt Disney,@Disney,1822465954523107629,Sun Aug 11 02:51:57 +0000 2024,"Journey further in the world of Pandora at Disney California Adventure! 🌿 This destination will draw inspiration from ""Avatar: The Way of Water” and future Avatar films bringing Pandora to life in a brand-new way. https://t.co/BscqQ59TMM 🌊 #D23 #Horizons https://t.co/mdVc7iWhTE",https://x.com/Disney/status/1822465954523107629,39,429,1881,101,true,false,,2026-06-14T02:52:19.446113+00:00,incremental browser-based collection of observable public posts,0,/home/runner/work/x_scrapper/x_scrapper/data/raw/fortune_x_2025_ranked/044_walt_disney,@Disney,https://x.com/Disney,primary,1
44,Walt Disney,@Disney,1822459411224547835,Sun Aug 11 02:25:57 +0000 2024,"Tonight at #D23: Major @DisneyParks news and updates in the magical, musical spectacular Horizons: Disney Experiences Showcase. Follow along for live updates!",https://x.com/Disney/status/1822459411224547835,23,55,455,7,true,false,,2026-06-14T02:52:19.446113+00:00,incremental browser-based collection of observable public posts,0,/home/runner/work/x_scrapper/x_scrapper/data/raw/fortune_x_2025_ranked/044_walt_disney,@Disney,https://x.com/Disney,primary,1
44,Walt Disney,@Disney,1822438056781336995,Sun Aug 11 01:01:06 +0000 2024,"@DisneyAnimation Unbelievable sights, indescribable feelings at Disney Princess – The Concert at #D23! 👑 https://t.co/Ei7Xrml1WY",https://x.com/Disney/status/1822438056781336995,10,56,332,3,true,false,,2026-06-14T02:52:19.446113+00:00,incremental browser-based collection of observable public posts,0,/home/runner/work/x_scrapper/x_scrapper/data/raw/fortune_x_2025_ranked/044_walt_disney,@Disney,https://x.com/Disney,primary,1
44,Walt Disney,@Disney,1822432004258046252,Sun Aug 11 00:37:03 +0000 2024,@DisneyAnimation #D23 in a snap! 🫰 https://t.co/eRijolAOro,https://x.com/Disney/status/1822432004258046252,6,30,251,1,true,false,,2026-06-14T02:52:19.446113+00:00,incremental browser-based collection of observable public posts,0,/home/runner/work/x_scrapper/x_scrapper/data/raw/fortune_x_2025_ranked/044_walt_disney,@Disney,https://x.com/Disney,primary,1
44,Walt Disney,@Disney,1822313910441214254,Sat Aug 10 16:47:47 +0000 2024,"✨It's a magical day at #D23!✨ 

Follow along for dazzling cosplay, exciting updates, and unforgettable moments! https://t.co/m06E56HmFt",https://x.com/Disney/status/1822313910441214254,28,60,578,4,true,false,,2026-06-14T02:52:19.446113+00:00,incremental browser-based collection of observable public posts,0,/home/runner/work/x_scrapper/x_scrapper/data/raw/fortune_x_2025_ranked/044_walt_disney,@Disney,https://x.com/Disney,primary,1
44,Walt Disney,@Disney,1822143545244819583,Sat Aug 10 05:30:49 +0000 2024,That's a wrap on the Disney Entertainment Showcase at #D23! Thanks for following along!,https://x.com/Disney/status/1822143545244819583,2,20,117,2,true,false,,2026-06-14T02:52:19.446113+00:00,incremental browser-based collection of observable public posts,0,/home/runner/work/x_scrapper/x_scrapper/data/raw/fortune_x_2025_ranked/044_walt_disney,@Disney,https://x.com/Disney,primary,1
44,Walt Disney,@Disney,1822142509159424360,Sat Aug 10 05:26:42 +0000 2024,https://t.co/RbRtBmL9PP,https://x.com/Disney/status/1822142509159424360,1,16,53,1,true,false,,2026-06-14T02:52:19.446113+00:00,incremental browser-based collection of observable public posts,0,/home/runner/work/x_scrapper/x_scrapper/data/raw/fortune_x_2025_ranked/044_walt_disney,@Disney,https://x.com/Disney,primary,1
44,Walt Disney,@Disney,1822136903526658366,Sat Aug 10 05:04:26 +0000 2024,"RT @DisneyStudios: Long before they became legends, Mufasa and the Prince who would come to be known as Scar, became brothers.

#Mufasa: Th…",https://x.com/Disney/status/1822136903526658366,0,634,0,0,true,false,,2026-06-14T02:52:19.446113+00:00,incremental browser-based collection of observable public posts,0,/home/runner/work/x_scrapper/x_scrapper/data/raw/fortune_x_2025_ranked/044_walt_disney,@Disney,https://x.com/Disney,primary,1
44,Walt Disney,@Disney,1822136886011232516,Sat Aug 10 05:04:21 +0000 2024,"Experience the epic story of how an orphan became a King. #Mufasa: The Lion King, only in theaters December 20.

https://t.co/UrwWC99sF1",https://x.com/Disney/status/1822136886011232516,29,269,876,101,true,false,,2026-06-14T02:52:19.446113+00:00,incremental browser-based collection of observable public posts,0,/home/runner/work/x_scrapper/x_scrapper/data/raw/fortune_x_2025_ranked/044_walt_disney,@Disney,https://x.com/Disney,primary,1
44,Walt Disney,@Disney,1822136510990151986,Sat Aug 10 05:02:52 +0000 2024,"Long before they became legends, Mufasa and the Prince who would come to be known as Scar, became brothers.

#Mufasa: The Lion King, only in theaters December 20. https://t.co/9wcPRelZws",https://x.com/Disney/status/1822136510990151986,55,634,2236,65,true,false,,2026-06-14T02:52:19.446113+00:00,incremental browser-based collection of observable public posts,0,/home/runner/work/x_scrapper/x_scrapper/data/raw/fortune_x_2025_ranked/044_walt_disney,@Disney,https://x.com/Disney,primary,1
44,Walt Disney,@Disney,1822133762714722621,Sat Aug 10 04:51:57 +0000 2024,RT @DisneyStudios: You’re going to get what you deserve 10.10.25. https://t.co/UalPjjnvY4,https://x.com/Disney/status/1822133762714722621,0,113,0,0,true,false,,2026-06-14T02:52:19.446113+00:00,incremental browser-based collection of observable public posts,0,/home/runner/work/x_scrapper/x_scrapper/data/raw/fortune_x_2025_ranked/044_walt_disney,@Disney,https://x.com/Disney,primary,1
44,Walt Disney,@Disney,1822131713872728076,Sat Aug 10 04:43:48 +0000 2024,https://t.co/GYVyZ5dYhZ,https://x.com/Disney/status/1822131713872728076,2,12,95,0,true,false,,2026-06-14T02:52:19.446113+00:00,incremental browser-based collection of observable public posts,0,/home/runner/work/x_scrapper/x_scrapper/data/raw/fortune_x_2025_ranked/044_walt_disney,@Disney,https://x.com/Disney,primary,1
44,Walt Disney,@Disney,1822131334510415907,Sat Aug 10 04:42:18 +0000 2024,"RT @DisneyStudios: Experience Disney's #SnowWhite, only in theaters March 21, 2025 🍎🪞 https://t.co/nnemeFGZl0",https://x.com/Disney/status/1822131334510415907,0,903,0,0,true,false,,2026-06-14T02:52:19.446113+00:00,incremental browser-based collection of observable public posts,0,/home/runner/work/x_scrapper/x_scrapper/data/raw/fortune_x_2025_ranked/044_walt_disney,@Disney,https://x.com/Disney,primary,1
44,Walt Disney,@Disney,1822131320144957577,Sat Aug 10 04:42:14 +0000 2024,"Disney invites you to return to the story that started it all 🍎 Experience #SnowWhite, only in theaters March 21, 2025.

https://t.co/xypk4O4iMf",https://x.com/Disney/status/1822131320144957577,87,292,955,145,true,false,,2026-06-14T02:52:19.446113+00:00,incremental browser-based collection of observable public posts,0,/home/runner/work/x_scrapper/x_scrapper/data/raw/fortune_x_2025_ranked/044_walt_disney,@Disney,https://x.com/Disney,primary,1
44,Walt Disney,@Disney,1822131191140782298,Sat Aug 10 04:41:44 +0000 2024,Everyone's favorite experiment 626 just broke the stage at #D23! The live-action #LiloAndStitch is coming to theaters in Summer 2025! https://t.co/jrPv4kKLHg,https://x.com/Disney/status/1822131191140782298,3,67,308,14,true,false,,2026-06-14T02:52:19.446113+00:00,incremental browser-based collection of observable public posts,0,/home/runner/work/x_scrapper/x_scrapper/data/raw/fortune_x_2025_ranked/044_walt_disney,@Disney,https://x.com/Disney,primary,1
44,Walt Disney,@Disney,1822130722053783912,Sat Aug 10 04:39:52 +0000 2024,"Experience Disney's #SnowWhite, only in theaters March 21, 2025 🍎🪞 https://t.co/nnemeFGZl0",https://x.com/Disney/status/1822130722053783912,219,903,2711,136,true,false,,2026-06-14T02:52:19.446113+00:00,incremental browser-based collection of observable public posts,0,/home/runner/work/x_scrapper/x_scrapper/data/raw/fortune_x_2025_ranked/044_walt_disney,@Disney,https://x.com/Disney,primary,1
44,Walt Disney,@Disney,1822129261085602196,Sat Aug 10 04:34:04 +0000 2024,https://t.co/O836Q18RbL,https://x.com/Disney/status/1822129261085602196,4,23,129,1,true,false,,2026-06-14T02:52:19.446113+00:00,incremental browser-based collection of observable public posts,0,/home/runner/work/x_scrapper/x_scrapper/data/raw/fortune_x_2025_ranked/044_walt_disney,@Disney,https://x.com/Disney,primary,1
44,Walt Disney,@Disney,1822129179879678213,Sat Aug 10 04:33:44 +0000 2024,"Experiment 626 has entered the chat! The live-action #LiloAndStitch is coming only to theaters in Summer 2025!

https://t.co/2fhRGW7GC5",https://x.com/Disney/status/1822129179879678213,63,438,1566,243,true,false,,2026-06-14T02:52:19.446113+00:00,incremental browser-based collection of observable public posts,0,/home/runner/work/x_scrapper/x_scrapper/data/raw/fortune_x_2025_ranked/044_walt_disney,@Disney,https://x.com/Disney,primary,1
44,Walt Disney,@Disney,1822128805961732497,Sat Aug 10 04:32:15 +0000 2024,Experiment 626 has entered the chat! The live-action #LiloAndStitch is coming only to theaters in Summer 2025! https://t.co/82KFLEFL5E,https://x.com/Disney/status/1822128805961732497,503,4195,12137,2781,true,false,,2026-06-14T02:52:19.446113+00:00,incremental browser-based collection of observable public posts,0,/home/runner/work/x_scrapper/x_scrapper/data/raw/fortune_x_2025_ranked/044_walt_disney,@Disney,https://x.com/Disney,primary,1
44,Walt Disney,@Disney,1822128255966793855,Sat Aug 10 04:30:04 +0000 2024,"Things just got freakier. #FreakierFriday, starring Jamie Lee Curtis and Lindsay Lohan, is coming to theaters in 2025.

https://t.co/E3IA8RaaZy",https://x.com/Disney/status/1822128255966793855,6,101,475,23,true,false,,2026-06-14T02:52:19.446113+00:00,incremental browser-based collection of observable public posts,0,/home/runner/work/x_scrapper/x_scrapper/data/raw/fortune_x_2025_ranked/044_walt_disney,@Disney,https://x.com/Disney,primary,1
44,Walt Disney,@Disney,1822127398516888063,Sat Aug 10 04:26:39 +0000 2024,#PercyJackson and the Olympians Season 2 is coming to @DisneyPlus in 2025! 🌊,https://x.com/Disney/status/1822127398516888063,0,23,176,0,true,false,,2026-06-14T02:52:19.446113+00:00,incremental browser-based collection of observable public posts,0,/home/runner/work/x_scrapper/x_scrapper/data/raw/fortune_x_2025_ranked/044_walt_disney,@Disney,https://x.com/Disney,primary,1
44,Walt Disney,@Disney,1822127305889829226,Sat Aug 10 04:26:17 +0000 2024,"Off to the races. 🔱 #PercyJackson and the Olympians Season 2 is officially in production.

https://t.co/smIG8b3iBE",https://x.com/Disney/status/1822127305889829226,3,97,480,15,true,false,,2026-06-14T02:52:19.446113+00:00,incremental browser-based collection of observable public posts,0,/home/runner/work/x_scrapper/x_scrapper/data/raw/fortune_x_2025_ranked/044_walt_disney,@Disney,https://x.com/Disney,primary,1
44,Walt Disney,@Disney,1822127236822319199,Sat Aug 10 04:26:01 +0000 2024,RT @DisneyPlus: The tide is turning. #PercyJackson and the Olympians Season 2 is streaming on @DisneyPlus in 2025. https://t.co/fWlcCvmYGY,https://x.com/Disney/status/1822127236822319199,0,296,0,0,true,false,,2026-06-14T02:52:19.446113+00:00,incremental browser-based collection of observable public posts,0,/home/runner/work/x_scrapper/x_scrapper/data/raw/fortune_x_2025_ranked/044_walt_disney,@Disney,https://x.com/Disney,primary,1
44,Walt Disney,@Disney,1822125373645365361,Sat Aug 10 04:18:37 +0000 2024,The tide is turning. #PercyJackson and the Olympians Season 2 is streaming on @DisneyPlus in 2025. https://t.co/fWlcCvmYGY,https://x.com/Disney/status/1822125373645365361,20,296,1173,63,true,false,,2026-06-14T02:52:19.446113+00:00,incremental browser-based collection of observable public posts,0,/home/runner/work/x_scrapper/x_scrapper/data/raw/fortune_x_2025_ranked/044_walt_disney,@Disney,https://x.com/Disney,primary,1
44,Walt Disney,@Disney,1822113544076435799,Sat Aug 10 03:31:36 +0000 2024,"RT @starwars: Adventure is calling.

On December 3, Skeleton Crew is streaming, with a two-episode series premiere, only on Disney+. https:…",https://x.com/Disney/status/1822113544076435799,0,1577,0,0,true,false,,2026-06-14T02:52:19.446113+00:00,incremental browser-based collection of observable public posts,0,/home/runner/work/x_scrapper/x_scrapper/data/raw/fortune_x_2025_ranked/044_walt_disney,@Disney,https://x.com/Disney,primary,1
44,Walt Disney,@Disney,1822112888846454909,Sat Aug 10 03:29:00 +0000 2024,"Adventure is calling.

On December 3, Skeleton Crew is streaming, with a two-episode series premiere, only on Disney+. https://t.co/1knQkRnN1n",https://x.com/Disney/status/1822112888846454909,100,1577,8432,119,true,false,,2026-06-14T02:52:19.446113+00:00,incremental browser-based collection of observable public posts,0,/home/runner/work/x_scrapper/x_scrapper/data/raw/fortune_x_2025_ranked/044_walt_disney,@Disney,https://x.com/Disney,primary,1
44,Walt Disney,@Disney,1822112668037374379,Sat Aug 10 03:28:07 +0000 2024,"Get ready for a brand new Star Wars adventure.  

Watch the trailer for Skeleton Crew, streaming with a two-episode series premiere December 3 on @DisneyPlus.

https://t.co/uICLsyjlZb",https://x.com/Disney/status/1822112668037374379,10,91,417,22,true,false,,2026-06-14T02:52:19.446113+00:00,incremental browser-based collection of observable public posts,0,/home/runner/work/x_scrapper/x_scrapper/data/raw/fortune_x_2025_ranked/044_walt_disney,@Disney,https://x.com/Disney,primary,1
44,Walt Disney,@Disney,1822111854279450971,Sat Aug 10 03:24:53 +0000 2024,https://t.co/Ez27ZtjX29,https://x.com/Disney/status/1822111854279450971,2,12,123,1,true,false,,2026-06-14T02:52:19.446113+00:00,incremental browser-based collection of observable public posts,0,/home/runner/work/x_scrapper/x_scrapper/data/raw/fortune_x_2025_ranked/044_walt_disney,@Disney,https://x.com/Disney,primary,1
44,Walt Disney,@Disney,1822111157924352457,Sat Aug 10 03:22:07 +0000 2024,RT @disneybroadway: This is the moment you’ve waited for. 🎩✨ A stage adaptation of THE GREATEST SHOWMAN is currently in development by Disn…,https://x.com/Disney/status/1822111157924352457,0,625,0,0,true,false,,2026-06-14T02:52:19.446113+00:00,incremental browser-based collection of observable public posts,0,/home/runner/work/x_scrapper/x_scrapper/data/raw/fortune_x_2025_ranked/044_walt_disney,@Disney,https://x.com/Disney,primary,1
44,Walt Disney,@Disney,1822111150353621396,Sat Aug 10 03:22:06 +0000 2024,RT @disneybroadway: Bless my soul! 🙌🏺 HERCULES to electrify London's West End in summer 2025. ⚡️ #D23 https://t.co/4qO23bdVnc,https://x.com/Disney/status/1822111150353621396,0,497,0,0,true,false,,2026-06-14T02:52:19.446113+00:00,incremental browser-based collection of observable public posts,0,/home/runner/work/x_scrapper/x_scrapper/data/raw/fortune_x_2025_ranked/044_walt_disney,@Disney,https://x.com/Disney,primary,1
44,Walt Disney,@Disney,1822111044808192290,Sat Aug 10 03:21:40 +0000 2024,This is the moment you’ve waited for. 🎩✨ A stage adaptation of THE GREATEST SHOWMAN is currently in development by Disney Theatrical Group. #D23 https://t.co/e5NZnb1BDL,https://x.com/Disney/status/1822111044808192290,35,625,2071,370,true,false,,2026-06-14T02:52:19.446113+00:00,incremental browser-based collection of observable public posts,0,/home/runner/work/x_scrapper/x_scrapper/data/raw/fortune_x_2025_ranked/044_walt_disney,@Disney,https://x.com/Disney,primary,1
44,Walt Disney,@Disney,1822110672563663000,Sat Aug 10 03:20:12 +0000 2024,https://t.co/EfmmG4gMMX,https://x.com/Disney/status/1822110672563663000,2,19,140,0,true,false,,2026-06-14T02:52:19.446113+00:00,incremental browser-based collection of observable public posts,0,/home/runner/work/x_scrapper/x_scrapper/data/raw/fortune_x_2025_ranked/044_walt_disney,@Disney,https://x.com/Disney,primary,1
44,Walt Disney,@Disney,1822109261603983794,Sat Aug 10 03:14:35 +0000 2024,"RT @disneybroadway: For the first time in forever… the hit musical Frozen, filmed LIVE onstage featuring Samantha Barks as Elsa, is coming…",https://x.com/Disney/status/1822109261603983794,0,418,0,0,true,false,,2026-06-14T02:52:19.446113+00:00,incremental browser-based collection of observable public posts,0,/home/runner/work/x_scrapper/x_scrapper/data/raw/fortune_x_2025_ranked/044_walt_disney,@Disney,https://x.com/Disney,primary,1
44,Walt Disney,@Disney,1822108388488306942,Sat Aug 10 03:11:07 +0000 2024,Bless my soul! 🙌🏺 HERCULES to electrify London's West End in summer 2025. ⚡️ #D23 https://t.co/4qO23bdVnc,https://x.com/Disney/status/1822108388488306942,20,497,2487,165,true,false,,2026-06-14T02:52:19.446113+00:00,incremental browser-based collection of observable public posts,0,/home/runner/work/x_scrapper/x_scrapper/data/raw/fortune_x_2025_ranked/044_walt_disney,@Disney,https://x.com/Disney,primary,1
44,Walt Disney,@Disney,1822108309199245722,Sat Aug 10 03:10:48 +0000 2024,"For the first time in forever… the hit musical Frozen, filmed LIVE onstage featuring Samantha Barks as Elsa, is coming to #DisneyPlus in 2025! ❄️ https://t.co/ANbAsol9Em",https://x.com/Disney/status/1822108309199245722,23,418,1357,229,true,false,,2026-06-14T02:52:19.446113+00:00,incremental browser-based collection of observable public posts,0,/home/runner/work/x_scrapper/x_scrapper/data/raw/fortune_x_2025_ranked/044_walt_disney,@Disney,https://x.com/Disney,primary,1
44,Walt Disney,@Disney,1822107080251338768,Sat Aug 10 03:05:55 +0000 2024,"RT @DisneyAnimation: Hang on! We’re heading back to the animal kingdom in this #D23 FIRST LOOK at Disney’s #Zootopia2, coming to theaters N…",https://x.com/Disney/status/1822107080251338768,0,948,0,0,true,false,,2026-06-14T02:52:19.446113+00:00,incremental browser-based collection of observable public posts,0,/home/runner/work/x_scrapper/x_scrapper/data/raw/fortune_x_2025_ranked/044_walt_disney,@Disney,https://x.com/Disney,primary,1
44,Walt Disney,@Disney,1822106980091056284,Sat Aug 10 03:05:31 +0000 2024,"Hang on! We’re heading back to the animal kingdom in this #D23 FIRST LOOK at Disney’s #Zootopia2, coming to theaters November 2025! 🚗🐰🦊 https://t.co/KNtbTFRE2D",https://x.com/Disney/status/1822106980091056284,28,948,2896,158,true,false,,2026-06-14T02:52:19.446113+00:00,incremental browser-based collection of observable public posts,0,/home/runner/work/x_scrapper/x_scrapper/data/raw/fortune_x_2025_ranked/044_walt_disney,@Disney,https://x.com/Disney,primary,1
44,Walt Disney,@Disney,1822105948116418964,Sat Aug 10 03:01:25 +0000 2024,RT @Pixar: Just announced at #D23: #Incredibles3 is officially in the works at Pixar! https://t.co/IZCEBFJwXs,https://x.com/Disney/status/1822105948116418964,0,6499,0,0,true,false,,2026-06-14T02:52:19.446113+00:00,incremental browser-based collection of observable public posts,0,/home/runner/work/x_scrapper/x_scrapper/data/raw/fortune_x_2025_ranked/044_walt_disney,@Disney,https://x.com/Disney,primary,1
44,Walt Disney,@Disney,1822105898279739616,Sat Aug 10 03:01:13 +0000 2024,Just announced at #D23: #Incredibles3 is officially in the works at Pixar! https://t.co/IZCEBFJwXs,https://x.com/Disney/status/1822105898279739616,562,6499,37145,2314,true,false,,2026-06-14T02:52:19.446113+00:00,incremental browser-based collection of observable public posts,0,/home/runner/work/x_scrapper/x_scrapper/data/raw/fortune_x_2025_ranked/044_walt_disney,@Disney,https://x.com/Disney,primary,1
44,Walt Disney,@Disney,1822105472327180374,Sat Aug 10 02:59:32 +0000 2024,"RT @Pixar: 🛸 Pixar is taking you out of this world with #Elio, arriving in theaters Summer 2025! #D23 https://t.co/Mhxkbw8MJz",https://x.com/Disney/status/1822105472327180374,0,715,0,0,true,false,,2026-06-14T02:52:19.446113+00:00,incremental browser-based collection of observable public posts,0,/home/runner/work/x_scrapper/x_scrapper/data/raw/fortune_x_2025_ranked/044_walt_disney,@Disney,https://x.com/Disney,primary,1
44,Walt Disney,@Disney,1822104901079695483,Sat Aug 10 02:57:16 +0000 2024,"RT @Pixar: Just Announced at #D23: Disney and Pixar’s newest original film #Hoppers stars Jon Hamm, Bobby Moynihan, and Piper Curda and is…",https://x.com/Disney/status/1822104901079695483,0,666,0,0,true,false,,2026-06-14T02:52:19.446113+00:00,incremental browser-based collection of observable public posts,0,/home/runner/work/x_scrapper/x_scrapper/data/raw/fortune_x_2025_ranked/044_walt_disney,@Disney,https://x.com/Disney,primary,1
44,Walt Disney,@Disney,1822104887691239910,Sat Aug 10 02:57:12 +0000 2024,"🛸 Pixar is taking you out of this world with #Elio, arriving in theaters Summer 2025! #D23 https://t.co/Mhxkbw8MJz",https://x.com/Disney/status/1822104887691239910,30,715,4195,105,true,false,,2026-06-14T02:52:19.446113+00:00,incremental browser-based collection of observable public posts,0,/home/runner/work/x_scrapper/x_scrapper/data/raw/fortune_x_2025_ranked/044_walt_disney,@Disney,https://x.com/Disney,primary,1
44,Walt Disney,@Disney,1822104351638184074,Sat Aug 10 02:55:05 +0000 2024,"Just Announced at #D23: Disney and Pixar’s newest original film #Hoppers stars Jon Hamm, Bobby Moynihan, and Piper Curda and is coming to theaters in Spring 2026! https://t.co/rla8oQPvB9",https://x.com/Disney/status/1822104351638184074,43,666,3369,141,true,false,,2026-06-14T02:52:19.446113+00:00,incremental browser-based collection of observable public posts,0,/home/runner/work/x_scrapper/x_scrapper/data/raw/fortune_x_2025_ranked/044_walt_disney,@Disney,https://x.com/Disney,primary,1
44,Walt Disney,@Disney,1822104060096598473,Sat Aug 10 02:53:55 +0000 2024,https://t.co/Mys9okLab9,https://x.com/Disney/status/1822104060096598473,9,41,285,3,true,false,,2026-06-14T02:52:19.446113+00:00,incremental browser-based collection of observable public posts,0,/home/runner/work/x_scrapper/x_scrapper/data/raw/fortune_x_2025_ranked/044_walt_disney,@Disney,https://x.com/Disney,primary,1
44,Walt Disney,@Disney,1822104017390141636,Sat Aug 10 02:53:45 +0000 2024,"Get excited for their next chapter as Woody, Buzz, Jessie and the gang all return for #ToyStory5, coming to theaters Summer 2026! #D23

https://t.co/lpqFojI5In",https://x.com/Disney/status/1822104017390141636,30,312,1068,65,true,false,,2026-06-14T02:52:19.446113+00:00,incremental browser-based collection of observable public posts,0,/home/runner/work/x_scrapper/x_scrapper/data/raw/fortune_x_2025_ranked/044_walt_disney,@Disney,https://x.com/Disney,primary,1
44,Walt Disney,@Disney,1822103812146180373,Sat Aug 10 02:52:56 +0000 2024,"RT @Pixar: Check out the new poster for #WinOrLose, Pixar’s all-new original series, coming to @DisneyPlus on December 6! https://t.co/gfCl…",https://x.com/Disney/status/1822103812146180373,0,387,0,0,true,false,,2026-06-14T02:52:19.446113+00:00,incremental browser-based collection of observable public posts,0,/home/runner/work/x_scrapper/x_scrapper/data/raw/fortune_x_2025_ranked/044_walt_disney,@Disney,https://x.com/Disney,primary,1
44,Walt Disney,@Disney,1822103796736266745,Sat Aug 10 02:52:52 +0000 2024,"Pickles, huddle up! #WinOrLose, Pixar’s first ever original series, is available on December 6 on @DisneyPlus.

https://t.co/wJQwAkVP7l",https://x.com/Disney/status/1822103796736266745,2,69,342,8,true,false,,2026-06-14T02:52:19.446113+00:00,incremental browser-based collection of observable public posts,0,/home/runner/work/x_scrapper/x_scrapper/data/raw/fortune_x_2025_ranked/044_walt_disney,@Disney,https://x.com/Disney,primary,1
44,Walt Disney,@Disney,1822103578221355322,Sat Aug 10 02:52:00 +0000 2024,https://t.co/PXHBMOol8j,https://x.com/Disney/status/1822103578221355322,234,1706,13944,1911,true,false,,2026-06-14T02:52:19.446113+00:00,incremental browser-based collection of observable public posts,0,/home/runner/work/x_scrapper/x_scrapper/data/raw/fortune_x_2025_ranked/044_walt_disney,@Disney,https://x.com/Disney,primary,1
44,Walt Disney,@Disney,1822103453851844955,Sat Aug 10 02:51:31 +0000 2024,https://t.co/vOxwNqglgM,https://x.com/Disney/status/1822103453851844955,1,12,68,0,true,false,,2026-06-14T02:52:19.446113+00:00,incremental browser-based collection of observable public posts,0,/home/runner/work/x_scrapper/x_scrapper/data/raw/fortune_x_2025_ranked/044_walt_disney,@Disney,https://x.com/Disney,primary,1
44,Walt Disney,@Disney,1822103229825753266,Sat Aug 10 02:50:37 +0000 2024,"...and officially announces the brand-new @DisneyPlus series inspired by the world of Inside Out called #DreamProductions, coming in 2025! 💭🎥 #D23 https://t.co/beF1vF3Bsm",https://x.com/Disney/status/1822103229825753266,10,94,474,10,true,false,,2026-06-14T02:52:19.446113+00:00,incremental browser-based collection of observable public posts,0,/home/runner/work/x_scrapper/x_scrapper/data/raw/fortune_x_2025_ranked/044_walt_disney,@Disney,https://x.com/Disney,primary,1
44,Walt Disney,@Disney,1822103142487765153,Sat Aug 10 02:50:16 +0000 2024,"Check out the new poster for #WinOrLose, Pixar’s all-new original series, coming to @DisneyPlus on December 6! https://t.co/gfCl7Zuml9",https://x.com/Disney/status/1822103142487765153,12,387,2161,16,true,false,,2026-06-14T02:52:19.446113+00:00,incremental browser-based collection of observable public posts,0,/home/runner/work/x_scrapper/x_scrapper/data/raw/fortune_x_2025_ranked/044_walt_disney,@Disney,https://x.com/Disney,primary,1
44,Walt Disney,@Disney,1822102896831541576,Sat Aug 10 02:49:18 +0000 2024,https://t.co/WUurEAjCns,https://x.com/Disney/status/1822102896831541576,1,12,75,0,true,false,,2026-06-14T02:52:19.446113+00:00,incremental browser-based collection of observable public posts,0,/home/runner/work/x_scrapper/x_scrapper/data/raw/fortune_x_2025_ranked/044_walt_disney,@Disney,https://x.com/Disney,primary,1
44,Walt Disney,@Disney,1822102604098551994,Sat Aug 10 02:48:08 +0000 2024,"RT @Pixar: Just announced at #D23: Inspired by the world of Inside Out, #DreamProductions is a brand-new @DisneyPlus series focused on the…",https://x.com/Disney/status/1822102604098551994,0,761,0,0,true,false,,2026-06-14T02:52:19.446113+00:00,incremental browser-based collection of observable public posts,0,/home/runner/work/x_scrapper/x_scrapper/data/raw/fortune_x_2025_ranked/044_walt_disney,@Disney,https://x.com/Disney,primary,1
44,Walt Disney,@Disney,1822102168146473467,Sat Aug 10 02:46:24 +0000 2024,"Just announced at #D23: Inspired by the world of Inside Out, #DreamProductions is a brand-new @DisneyPlus series focused on the movie studio where Riley’s dreams are made. Coming in 2025! https://t.co/DmBx7Jcc9o",https://x.com/Disney/status/1822102168146473467,39,761,3321,104,true,false,,2026-06-14T02:52:19.446113+00:00,incremental browser-based collection of observable public posts,0,/home/runner/work/x_scrapper/x_scrapper/data/raw/fortune_x_2025_ranked/044_walt_disney,@Disney,https://x.com/Disney,primary,1
44,Walt Disney,@Disney,1822102059937866000,Sat Aug 10 02:45:58 +0000 2024,Pete Docter takes the stage at #D23 to kick-off all things Pixar and thanks fans for all their love of #InsideOut2... https://t.co/CLEzbANNcW,https://x.com/Disney/status/1822102059937866000,26,252,2037,16,true,false,,2026-06-14T02:52:19.446113+00:00,incremental browser-based collection of observable public posts,0,/home/runner/work/x_scrapper/x_scrapper/data/raw/fortune_x_2025_ranked/044_walt_disney,@Disney,https://x.com/Disney,primary,1
44,Walt Disney,@Disney,1822101924789067966,Sat Aug 10 02:45:26 +0000 2024,"RT @officialavatar: Just announced at #D23, our title for the next Avatar film:

Avatar: Fire and Ash. Get ready to journey back to Pandora…",https://x.com/Disney/status/1822101924789067966,0,9079,0,0,true,false,,2026-06-14T02:52:19.446113+00:00,incremental browser-based collection of observable public posts,0,/home/runner/work/x_scrapper/x_scrapper/data/raw/fortune_x_2025_ranked/044_walt_disney,@Disney,https://x.com/Disney,primary,1
44,Walt Disney,@Disney,1822101210666795332,Sat Aug 10 02:42:36 +0000 2024,"Just announced at #D23, our title for the next Avatar film:

Avatar: Fire and Ash. Get ready to journey back to Pandora, in theaters December 19, 2025. https://t.co/gZkCCsTl9x",https://x.com/Disney/status/1822101210666795332,620,9079,43606,2682,true,false,,2026-06-14T02:52:19.446113+00:00,incremental browser-based collection of observable public posts,0,/home/runner/work/x_scrapper/x_scrapper/data/raw/fortune_x_2025_ranked/044_walt_disney,@Disney,https://x.com/Disney,primary,1
44,Walt Disney,@Disney,1822099414342861104,Sat Aug 10 02:35:28 +0000 2024,"RT @DisneyAnimation: Go on an epic, all-new adventure with Disney’s #Moana2, coming to theaters November 27! https://t.co/XWcyWh1wGT",https://x.com/Disney/status/1822099414342861104,0,560,0,0,true,false,,2026-06-14T02:52:19.446113+00:00,incremental browser-based collection of observable public posts,0,/home/runner/work/x_scrapper/x_scrapper/data/raw/fortune_x_2025_ranked/044_walt_disney,@Disney,https://x.com/Disney,primary,1
44,Walt Disney,@Disney,1822099148063011038,Sat Aug 10 02:34:24 +0000 2024,"Go on an epic, all-new adventure with Disney’s #Moana2, coming to theaters November 27! https://t.co/XWcyWh1wGT",https://x.com/Disney/status/1822099148063011038,22,560,1665,32,true,false,,2026-06-14T02:52:19.446113+00:00,incremental browser-based collection of observable public posts,0,/home/runner/work/x_scrapper/x_scrapper/data/raw/fortune_x_2025_ranked/044_walt_disney,@Disney,https://x.com/Disney,primary,1
44,Walt Disney,@Disney,1822098170165498257,Sat Aug 10 02:30:31 +0000 2024,"It’s a call from the ancestors 🌊Watch the new trailer for Disney’s #Moana2, only in theaters November 27!

https://t.co/WXbIaU6q8q",https://x.com/Disney/status/1822098170165498257,17,361,988,76,true,false,,2026-06-14T02:52:19.446113+00:00,incremental browser-based collection of observable public posts,0,/home/runner/work/x_scrapper/x_scrapper/data/raw/fortune_x_2025_ranked/044_walt_disney,@Disney,https://x.com/Disney,primary,1
44,Walt Disney,@Disney,1822093532741648554,Sat Aug 10 02:12:05 +0000 2024,"Get ready, Disney fans! The Disney Entertainment Showcase at #D23: The Ultimate Disney Fan Event is about to begin. Follow along for live updates! https://t.co/cowfthQ6Fg",https://x.com/Disney/status/1822093532741648554,36,161,1044,17,true,false,,2026-06-14T02:52:19.446113+00:00,incremental browser-based collection of observable public posts,0,/home/runner/work/x_scrapper/x_scrapper/data/raw/fortune_x_2025_ranked/044_walt_disney,@Disney,https://x.com/Disney,primary,1
44,Walt Disney,@Disney,1822085091813986406,Sat Aug 10 01:38:33 +0000 2024,"What's that word again? ICONS! 🤩

Disney Legends Jodi Benson and Paige O'Hara are backstage preparing for Disney Princess – The Concert at #D23! https://t.co/SovfNjm6VG",https://x.com/Disney/status/1822085091813986406,10,78,502,9,true,false,,2026-06-14T02:52:19.446113+00:00,incremental browser-based collection of observable public posts,0,/home/runner/work/x_scrapper/x_scrapper/data/raw/fortune_x_2025_ranked/044_walt_disney,@Disney,https://x.com/Disney,primary,1
44,Walt Disney,@Disney,1822051107595809152,Fri Aug 09 23:23:30 +0000 2024,"Take a look inside the World of Disney: The Product Experience at #D23! The immersive retail destination to shop and explore products from your favorite Disney brands and franchises. 

Come visit this weekend if you’re here, shop on https://t.co/0Rf0XhMrcz on Monday if you’re not!",https://x.com/Disney/status/1822051107595809152,3,42,205,0,true,false,,2026-06-14T02:52:19.446113+00:00,incremental browser-based collection of observable public posts,0,/home/runner/work/x_scrapper/x_scrapper/data/raw/fortune_x_2025_ranked/044_walt_disney,@Disney,https://x.com/Disney,primary,1
44,Walt Disney,@Disney,1822028777343619393,Fri Aug 09 21:54:46 +0000 2024,"And that's not all! 🤩 At #D23 you can visit booths and experiences from @StarWars, @Pixar, @OfficialAvatar, and so much more. https://t.co/5rAh59loGR",https://x.com/Disney/status/1822028777343619393,7,34,236,1,true,false,,2026-06-14T02:52:19.446113+00:00,incremental browser-based collection of observable public posts,0,/home/runner/work/x_scrapper/x_scrapper/data/raw/fortune_x_2025_ranked/044_walt_disney,@Disney,https://x.com/Disney,primary,1
44,Walt Disney,@Disney,1822001422621442547,Fri Aug 09 20:06:04 +0000 2024,Get excited! 🎊 #D23: The Ultimate Disney Fan Event has officially begun! https://t.co/V7CZgcktbU,https://x.com/Disney/status/1822001422621442547,20,119,790,11,true,false,,2026-06-14T02:52:19.446113+00:00,incremental browser-based collection of observable public posts,0,/home/runner/work/x_scrapper/x_scrapper/data/raw/fortune_x_2025_ranked/044_walt_disney,@Disney,https://x.com/Disney,primary,1
44,Walt Disney,@Disney,1819454843704287687,Fri Aug 02 19:26:53 +0000 2024,"RT @DisneyD23: We're just one week away until the magic at #D23: The Ultimate Disney Fan Event on August 9, 10, and 11! 💫 https://t.co/sVM5…",https://x.com/Disney/status/1819454843704287687,0,264,0,0,true,false,,2026-06-14T02:52:19.446113+00:00,incremental browser-based collection of observable public posts,0,/home/runner/work/x_scrapper/x_scrapper/data/raw/fortune_x_2025_ranked/044_walt_disney,@Disney,https://x.com/Disney,primary,1
44,Walt Disney,@Disney,1819417885636477233,Fri Aug 02 17:00:01 +0000 2024,"We're just one week away until the magic at #D23: The Ultimate Disney Fan Event on August 9, 10, and 11! 💫 https://t.co/sVM54TMtjT",https://x.com/Disney/status/1819417885636477233,96,264,1226,54,true,false,,2026-06-14T02:52:19.446113+00:00,incremental browser-based collection of observable public posts,0,/home/runner/work/x_scrapper/x_scrapper/data/raw/fortune_x_2025_ranked/044_walt_disney,@Disney,https://x.com/Disney,primary,1
44,Walt Disney,@Disney,1818678014093541410,Wed Jul 31 16:00:02 +0000 2024,There’s no limit to the magic you can create. Let your power shine! ✨ #DisneyPrincessCreateYourWorld https://t.co/wg3brUGCLl,https://x.com/Disney/status/1818678014093541410,36,95,462,5,true,false,,2026-06-14T02:52:19.446113+00:00,incremental browser-based collection of observable public posts,0,/home/runner/work/x_scrapper/x_scrapper/data/raw/fortune_x_2025_ranked/044_walt_disney,@Disney,https://x.com/Disney,primary,1
44,Walt Disney,@Disney,1817995567542476935,Mon Jul 29 18:48:14 +0000 2024,"RT @Marvel: Records are made to be smashed 👊
#DeadpoolAndWolverine 

Get tickets now: https://t.co/xAxXGfjs1G https://t.co/JtSbtCdZzb",https://x.com/Disney/status/1817995567542476935,0,751,0,0,true,false,,2026-06-14T02:52:19.446113+00:00,incremental browser-based collection of observable public posts,0,/home/runner/work/x_scrapper/x_scrapper/data/raw/fortune_x_2025_ranked/044_walt_disney,@Disney,https://x.com/Disney,primary,1
44,Walt Disney,@Disney,1817968921670295755,Mon Jul 29 17:02:21 +0000 2024,"Records are made to be smashed 👊
#DeadpoolAndWolverine 

Get tickets now: https://t.co/xAxXGfjs1G https://t.co/JtSbtCdZzb",https://x.com/Disney/status/1817968921670295755,87,751,6333,25,true,false,,2026-06-14T02:52:19.446113+00:00,incremental browser-based collection of observable public posts,0,/home/runner/work/x_scrapper/x_scrapper/data/raw/fortune_x_2025_ranked/044_walt_disney,@Disney,https://x.com/Disney,primary,1
44,Walt Disney,@Disney,1816150900534280631,Wed Jul 24 16:38:11 +0000 2024,RT @DisneyAnimation: Everyone from Arendelle and Walt Disney Animation Studios is sending warm hugs to all of @Pixar on their incredible ac…,https://x.com/Disney/status/1816150900534280631,0,537,0,0,true,false,,2026-06-14T02:52:19.446113+00:00,incremental browser-based collection of observable public posts,0,/home/runner/work/x_scrapper/x_scrapper/data/raw/fortune_x_2025_ranked/044_walt_disney,@Disney,https://x.com/Disney,primary,1
44,Walt Disney,@Disney,1816150819739414735,Wed Jul 24 16:37:52 +0000 2024,RT @Pixar: We’re filled with Joy! Thanks to every fan around the world for making Inside Out 2 the biggest animated movie of all time. 💛🧡 h…,https://x.com/Disney/status/1816150819739414735,0,2393,0,0,true,false,,2026-06-14T02:52:19.446113+00:00,incremental browser-based collection of observable public posts,0,/home/runner/work/x_scrapper/x_scrapper/data/raw/fortune_x_2025_ranked/044_walt_disney,@Disney,https://x.com/Disney,primary,1
44,Walt Disney,@Disney,1816142026922156399,Wed Jul 24 16:02:56 +0000 2024,Everyone from Arendelle and Walt Disney Animation Studios is sending warm hugs to all of @Pixar on their incredible achievement as Inside Out 2 becomes animation’s biggest movie ever. https://t.co/XpFjr7hPjk,https://x.com/Disney/status/1816142026922156399,104,537,2128,79,true,false,,2026-06-14T02:52:19.446113+00:00,incremental browser-based collection of observable public posts,0,/home/runner/work/x_scrapper/x_scrapper/data/raw/fortune_x_2025_ranked/044_walt_disney,@Disney,https://x.com/Disney,primary,1
44,Walt Disney,@Disney,1816141421986078945,Wed Jul 24 16:00:31 +0000 2024,We’re filled with Joy! Thanks to every fan around the world for making Inside Out 2 the biggest animated movie of all time. 💛🧡 https://t.co/HQYtxtHnYG,https://x.com/Disney/status/1816141421986078945,309,2393,13194,350,true,false,,2026-06-14T02:52:19.446113+00:00,incremental browser-based collection of observable public posts,0,/home/runner/work/x_scrapper/x_scrapper/data/raw/fortune_x_2025_ranked/044_walt_disney,@Disney,https://x.com/Disney,primary,1
44,Walt Disney,@Disney,1811840069075873999,Fri Jul 12 19:08:29 +0000 2024,"Marvel Studios’ #CaptainAmericaBraveNewWorld. Only in theaters February 14, 2025. https://t.co/0DAsBNQpYj",https://x.com/Disney/status/1811840069075873999,287,142,865,27,true,false,,2026-06-14T02:52:19.446113+00:00,incremental browser-based collection of observable public posts,0,/home/runner/work/x_scrapper/x_scrapper/data/raw/fortune_x_2025_ranked/044_walt_disney,@Disney,https://x.com/Disney,primary,1
44,Walt Disney,@Disney,1805269675376603189,Mon Jun 24 16:00:05 +0000 2024,"30 years ago, we met The Lion King. This December, experience an all-new story with Mufasa: The Lion King, only in theaters. https://t.co/vWmOQJB4Y0",https://x.com/Disney/status/1805269675376603189,486,390,1399,65,true,false,,2026-06-14T02:52:19.446113+00:00,incremental browser-based collection of observable public posts,0,/home/runner/work/x_scrapper/x_scrapper/data/raw/fortune_x_2025_ranked/044_walt_disney,@Disney,https://x.com/Disney,primary,1
44,Walt Disney,@Disney,1802011040944959585,Sat Jun 15 16:11:26 +0000 2024,"#InsideOut2 is a global phenomenon and now the #1 movie in the world! 🥳

Don't miss it on the big screen and get tickets now! https://t.co/hfYnl4wj4Z https://t.co/NXmeo5zFmH",https://x.com/Disney/status/1802011040944959585,826,121,799,33,true,false,,2026-06-14T02:52:19.446113+00:00,incremental browser-based collection of observable public posts,0,/home/runner/work/x_scrapper/x_scrapper/data/raw/fortune_x_2025_ranked/044_walt_disney,@Disney,https://x.com/Disney,primary,1
44,Walt Disney,@Disney,1799818742047678897,Sun Jun 09 15:00:01 +0000 2024,"Oh boy, oh boy, oh boy! Happy birthday to our fantastic feathered friend Donald Duck! #DonaldDuck90th https://t.co/XP77LCXNOh",https://x.com/Disney/status/1799818742047678897,342,516,1855,75,true,false,,2026-06-14T02:52:19.446113+00:00,incremental browser-based collection of observable public posts,0,/home/runner/work/x_scrapper/x_scrapper/data/raw/fortune_x_2025_ranked/044_walt_disney,@Disney,https://x.com/Disney,primary,1
44,Walt Disney,@Disney,1798746786154360938,Thu Jun 06 16:00:27 +0000 2024,Return to Pride Rock this summer. Celebrate the 30th anniversary of The Lion King and experience it in theaters beginning July 12. https://t.co/JhKKFWvlOD,https://x.com/Disney/status/1798746786154360938,208,245,1189,53,true,false,,2026-06-14T02:52:19.446113+00:00,incremental browser-based collection of observable public posts,0,/home/runner/work/x_scrapper/x_scrapper/data/raw/fortune_x_2025_ranked/044_walt_disney,@Disney,https://x.com/Disney,primary,1
44,Walt Disney,@Disney,1798385230585417811,Wed Jun 05 16:03:46 +0000 2024,"She's making waves 💙 Follow 8-year-old Ariel on her adventures across Atlantica in #DisneyJrAriel, the new animated musical series for preschoolers. Premiering Thursday June 27 on @DisneyJr. Available next day on @DisneyPlus. https://t.co/4mji8zmG6p",https://x.com/Disney/status/1798385230585417811,269,101,497,33,true,false,,2026-06-14T02:52:19.446113+00:00,incremental browser-based collection of observable public posts,0,/home/runner/work/x_scrapper/x_scrapper/data/raw/fortune_x_2025_ranked/044_walt_disney,@Disney,https://x.com/Disney,primary,1
44,Walt Disney,@Disney,1796243193123717234,Thu May 30 18:12:04 +0000 2024,"Thank you to fans around the world for coming with us on this new voyage, making the trailer for Moana 2 the most viewed animated Disney trailer of all time! November 27th can’t come soon enough… https://t.co/D0gbLfvv7v",https://x.com/Disney/status/1796243193123717234,181,129,955,16,true,false,,2026-06-14T02:52:19.446113+00:00,incremental browser-based collection of observable public posts,0,/home/runner/work/x_scrapper/x_scrapper/data/raw/fortune_x_2025_ranked/044_walt_disney,@Disney,https://x.com/Disney,primary,1
44,Walt Disney,@Disney,1795792076812272116,Wed May 29 12:19:29 +0000 2024,"It's time to set sail ⛵️🌊 Check out the new poster for Disney’s #Moana2, coming to theaters November 27, 2024! https://t.co/cY8D4OU83V",https://x.com/Disney/status/1795792076812272116,87,418,1620,32,true,false,,2026-06-14T02:52:19.446113+00:00,incremental browser-based collection of observable public posts,0,/home/runner/work/x_scrapper/x_scrapper/data/raw/fortune_x_2025_ranked/044_walt_disney,@Disney,https://x.com/Disney,primary,1
44,Walt Disney,@Disney,1795791493694963934,Wed May 29 12:17:10 +0000 2024,"Moana and Maui are back 🐚🌊🪝 

Watch the new trailer for Disney’s #Moana2 now and see the movie only in theaters November 27, 2024! https://t.co/ZdXuSNJjv6",https://x.com/Disney/status/1795791493694963934,108,831,2236,274,true,false,,2026-06-14T02:52:19.446113+00:00,incremental browser-based collection of observable public posts,0,/home/runner/work/x_scrapper/x_scrapper/data/raw/fortune_x_2025_ranked/044_walt_disney,@Disney,https://x.com/Disney,primary,1
44,Walt Disney,@Disney,1795532994205356384,Tue May 28 19:09:59 +0000 2024,"The ocean is calling them back 🌊🌺 Experience the new trailer for Disney’s #Moana2 tomorrow and see the movie only in theaters November 27, 2024! https://t.co/pgFGwn4qhY",https://x.com/Disney/status/1795532994205356384,63,320,1564,63,true,false,,2026-06-14T02:52:19.446113+00:00,incremental browser-based collection of observable public posts,0,/home/runner/work/x_scrapper/x_scrapper/data/raw/fortune_x_2025_ranked/044_walt_disney,@Disney,https://x.com/Disney,primary,1
44,Walt Disney,@Disney,1794517730366005609,Sat May 25 23:55:42 +0000 2024,RT @DisneyAnimation: We are deeply saddened by the passing of Disney Legend Richard Sherman. Your songs are the soundtrack to so many of ou…,https://x.com/Disney/status/1794517730366005609,0,1947,0,0,true,false,,2026-06-14T02:52:19.446113+00:00,incremental browser-based collection of observable public posts,0,/home/runner/work/x_scrapper/x_scrapper/data/raw/fortune_x_2025_ranked/044_walt_disney,@Disney,https://x.com/Disney,primary,1
44,Walt Disney,@Disney,1794517537251856524,Sat May 25 23:54:56 +0000 2024,"We are deeply saddened by the passing of Disney Legend Richard Sherman. Your songs are the soundtrack to so many of our memories, including the iconic “Feed the Birds.” Thank you for filling the world with your joy and for the incredible legacy of music you created. https://t.co/PN3DuJUyEY",https://x.com/Disney/status/1794517537251856524,125,1947,4864,486,true,false,,2026-06-14T02:52:19.446113+00:00,incremental browser-based collection of observable public posts,0,/home/runner/work/x_scrapper/x_scrapper/data/raw/fortune_x_2025_ranked/044_walt_disney,@Disney,https://x.com/Disney,primary,1
44,Walt Disney,@Disney,1793632608116699517,Thu May 23 13:18:32 +0000 2024,"Don't mind us, just heading down the rabbit hole 🐇 Watch the trailer for Descendants: #TheRiseOfRed, a Disney Original Movie available July 12 on @DisneyPlus. https://t.co/0FyfsSLAXw",https://x.com/Disney/status/1793632608116699517,118,147,571,46,true,false,,2026-06-14T02:52:19.446113+00:00,incremental browser-based collection of observable public posts,0,/home/runner/work/x_scrapper/x_scrapper/data/raw/fortune_x_2025_ranked/044_walt_disney,@Disney,https://x.com/Disney,primary,1
44,Walt Disney,@Disney,1790431779989729305,Tue May 14 17:19:35 +0000 2024,🤭 Smile! Tickets are on sale now for #InsideOut2 https://t.co/Fx5kV3itGN,https://x.com/Disney/status/1790431779989729305,198,148,856,43,true,false,,2026-06-14T02:52:19.446113+00:00,incremental browser-based collection of observable public posts,0,/home/runner/work/x_scrapper/x_scrapper/data/raw/fortune_x_2025_ranked/044_walt_disney,@Disney,https://x.com/Disney,primary,1
44,Walt Disney,@Disney,1789666412342006152,Sun May 12 14:38:17 +0000 2024,RT @DisneyParks: Tune-in TONIGHT to Disney Night on @AmericanIdol on @ABCNetwork at 8PM ET/5PM PT for a special Walt Disney World announcem…,https://x.com/Disney/status/1789666412342006152,0,148,0,0,true,false,,2026-06-14T02:52:19.446113+00:00,incremental browser-based collection of observable public posts,0,/home/runner/work/x_scrapper/x_scrapper/data/raw/fortune_x_2025_ranked/044_walt_disney,@Disney,https://x.com/Disney,primary,1
44,Walt Disney,@Disney,1789627142143131977,Sun May 12 12:02:15 +0000 2024,Tune-in TONIGHT to Disney Night on @AmericanIdol on @ABCNetwork at 8PM ET/5PM PT for a special Walt Disney World announcement! 🎺🎶💚 https://t.co/H19QmMPodV https://t.co/ggFTO288fo,https://x.com/Disney/status/1789627142143131977,95,148,798,45,true,false,,2026-06-14T02:52:19.446113+00:00,incremental browser-based collection of observable public posts,0,/home/runner/work/x_scrapper/x_scrapper/data/raw/fortune_x_2025_ranked/044_walt_disney,@Disney,https://x.com/Disney,primary,1
44,Walt Disney,@Disney,1786781718596436077,Sat May 04 15:35:33 +0000 2024,"In one month, the two-episode premiere of #TheAcolyte, a Star Wars Original series, arrives on @DisneyPlus. https://t.co/HFRhxclNQ0",https://x.com/Disney/status/1786781718596436077,507,83,493,12,true,false,,2026-06-14T02:52:19.446113+00:00,incremental browser-based collection of observable public posts,0,/home/runner/work/x_scrapper/x_scrapper/data/raw/fortune_x_2025_ranked/044_walt_disney,@Disney,https://x.com/Disney,primary,1
44,Walt Disney,@Disney,1786781499448344607,Sat May 04 15:34:40 +0000 2024,"RT @starwars: No one is safe from the truth.

The two-episode premiere of @OfficialAcolyte, a Star Wars Original series, arrives June 4 on…",https://x.com/Disney/status/1786781499448344607,0,5341,0,0,true,false,,2026-06-14T02:52:19.446113+00:00,incremental browser-based collection of observable public posts,0,/home/runner/work/x_scrapper/x_scrapper/data/raw/fortune_x_2025_ranked/044_walt_disney,@Disney,https://x.com/Disney,primary,1
44,Walt Disney,@Disney,1786770691934798256,Sat May 04 14:51:44 +0000 2024,"No one is safe from the truth.

The two-episode premiere of @OfficialAcolyte, a Star Wars Original series, arrives June 4 on @DisneyPlus. https://t.co/cStoPS8oLr",https://x.com/Disney/status/1786770691934798256,741,5341,25350,1761,true,false,,2026-06-14T02:52:19.446113+00:00,incremental browser-based collection of observable public posts,0,/home/runner/work/x_scrapper/x_scrapper/data/raw/fortune_x_2025_ranked/044_walt_disney,@Disney,https://x.com/Disney,primary,1
44,Walt Disney,@Disney,1785788452086439996,Wed May 01 21:48:39 +0000 2024,The unbelievable true story. Tickets for #YoungWomanAndTheSea are now available: https://t.co/ddzyUml7UO https://t.co/fTl1iQzOQ1,https://x.com/Disney/status/1785788452086439996,61,44,194,9,true,false,,2026-06-14T02:52:19.446113+00:00,incremental browser-based collection of observable public posts,0,/home/runner/work/x_scrapper/x_scrapper/data/raw/fortune_x_2025_ranked/044_walt_disney,@Disney,https://x.com/Disney,primary,1
44,Walt Disney,@Disney,1785466591683186922,Wed May 01 00:29:42 +0000 2024,"In 10 days, experience #KingdomOfThePlanetOfTheApes.

Watch the brand new trailer and be one of the first to see it at an Early Access Screening on May 8. Get tickets now, in theaters everywhere May 10: https://t.co/Ab1v6HyzKW https://t.co/Ewn53r5Shb",https://x.com/Disney/status/1785466591683186922,51,42,267,8,true,false,,2026-06-14T02:52:19.446113+00:00,incremental browser-based collection of observable public posts,0,/home/runner/work/x_scrapper/x_scrapper/data/raw/fortune_x_2025_ranked/044_walt_disney,@Disney,https://x.com/Disney,primary,1
44,Walt Disney,@Disney,1785115304588398700,Tue Apr 30 01:13:49 +0000 2024,"See The Beatles like never before.

Let It Be, fully restored for the first time, is streaming May 8 only on @Disneyplus. https://t.co/8g8t8iuPsv",https://x.com/Disney/status/1785115304588398700,38,97,342,31,true,false,,2026-06-14T02:52:19.446113+00:00,incremental browser-based collection of observable public posts,0,/home/runner/work/x_scrapper/x_scrapper/data/raw/fortune_x_2025_ranked/044_walt_disney,@Disney,https://x.com/Disney,primary,1
44,Walt Disney,@Disney,1784924882733871226,Mon Apr 29 12:37:09 +0000 2024,"Orphan, outsider, king.

#Mufasa: The Lion King, in theaters December 20. https://t.co/ItsqbjrYPp",https://x.com/Disney/status/1784924882733871226,116,656,2125,218,true,false,,2026-06-14T02:52:19.446113+00:00,incremental browser-based collection of observable public posts,0,/home/runner/work/x_scrapper/x_scrapper/data/raw/fortune_x_2025_ranked/044_walt_disney,@Disney,https://x.com/Disney,primary,1
44,Walt Disney,@Disney,1784924441828528281,Mon Apr 29 12:35:23 +0000 2024,"A lion who would change our lives forever.

#Mufasa: The Lion King, in theaters December 20. https://t.co/QHDo1FRHcO",https://x.com/Disney/status/1784924441828528281,262,1953,4329,1243,true,false,,2026-06-14T02:52:19.446113+00:00,incremental browser-based collection of observable public posts,0,/home/runner/work/x_scrapper/x_scrapper/data/raw/fortune_x_2025_ranked/044_walt_disney,@Disney,https://x.com/Disney,primary,1
44,Walt Disney,@Disney,1783166075599016139,Wed Apr 24 16:08:16 +0000 2024,"Timeless creativity. Jim Henson #IdeaMan, a @disneyplus Original Documentary from Academy Award-winning filmmaker Ron Howard, is streaming May 31. https://t.co/cBkOTaXe6h",https://x.com/Disney/status/1783166075599016139,55,169,595,61,true,false,,2026-06-14T02:52:19.446113+00:00,incremental browser-based collection of observable public posts,0,/home/runner/work/x_scrapper/x_scrapper/data/raw/fortune_x_2025_ranked/044_walt_disney,@Disney,https://x.com/Disney,primary,1
44,Walt Disney,@Disney,1780245208174911701,Tue Apr 16 14:41:47 +0000 2024,"RT @DisneyStudios: See The Beatles in the 1970 film, Let it Be, fully restored for the first time, streaming May 8 only on @DisneyPlus. htt…",https://x.com/Disney/status/1780245208174911701,0,170,0,0,true,false,,2026-06-14T02:52:19.446113+00:00,incremental browser-based collection of observable public posts,0,/home/runner/work/x_scrapper/x_scrapper/data/raw/fortune_x_2025_ranked/044_walt_disney,@Disney,https://x.com/Disney,primary,1
44,Walt Disney,@Disney,1780219618717770184,Tue Apr 16 13:00:06 +0000 2024,"See The Beatles in the 1970 film, Let it Be, fully restored for the first time, streaming May 8 only on @DisneyPlus. https://t.co/1QyfAXAPZJ",https://x.com/Disney/status/1780219618717770184,97,170,605,51,true,false,,2026-06-14T02:52:19.446113+00:00,incremental browser-based collection of observable public posts,0,/home/runner/work/x_scrapper/x_scrapper/data/raw/fortune_x_2025_ranked/044_walt_disney,@Disney,https://x.com/Disney,primary,1
44,Walt Disney,@Disney,1778550743836024998,Thu Apr 11 22:28:35 +0000 2024,"RT @DisneyStudios: Make history. Daisy Ridley stars in #YoungWomanAndTheSea, in select theaters May 31. https://t.co/78YmGljroa",https://x.com/Disney/status/1778550743836024998,0,135,0,0,true,false,,2026-06-14T02:52:19.446113+00:00,incremental browser-based collection of observable public posts,0,/home/runner/work/x_scrapper/x_scrapper/data/raw/fortune_x_2025_ranked/044_walt_disney,@Disney,https://x.com/Disney,primary,1
44,Walt Disney,@Disney,1778545956147048848,Thu Apr 11 22:09:34 +0000 2024,"21 miles and a nice day for a swim. Experience the incredible true story of #YoungWomanAndTheSea, in select theaters May 31. https://t.co/SH7zSFi9MA",https://x.com/Disney/status/1778545956147048848,71,81,316,15,true,false,,2026-06-14T02:52:19.446113+00:00,incremental browser-based collection of observable public posts,0,/home/runner/work/x_scrapper/x_scrapper/data/raw/fortune_x_2025_ranked/044_walt_disney,@Disney,https://x.com/Disney,primary,1
44,Walt Disney,@Disney,1778545250702868975,Thu Apr 11 22:06:46 +0000 2024,"Make history. Daisy Ridley stars in #YoungWomanAndTheSea, in select theaters May 31. https://t.co/78YmGljroa",https://x.com/Disney/status/1778545250702868975,109,135,566,28,true,false,,2026-06-14T02:52:19.446113+00:00,incremental browser-based collection of observable public posts,0,/home/runner/work/x_scrapper/x_scrapper/data/raw/fortune_x_2025_ranked/044_walt_disney,@Disney,https://x.com/Disney,primary,1
44,Walt Disney,@Disney,1777735115701190909,Tue Apr 09 16:27:34 +0000 2024,RT @DisneyPlus: The Definitive Look at America's Band 🎶 Check out this brand-new poster for “The Beach Boys” streaming exclusively on #Disn…,https://x.com/Disney/status/1777735115701190909,0,81,0,0,true,false,,2026-06-14T02:52:19.446113+00:00,incremental browser-based collection of observable public posts,0,/home/runner/work/x_scrapper/x_scrapper/data/raw/fortune_x_2025_ranked/044_walt_disney,@Disney,https://x.com/Disney,primary,1
44,Walt Disney,@Disney,1777735031701786686,Tue Apr 09 16:27:14 +0000 2024,"RT @DisneyPlus: Let the Endless Summer begin 😎 “The Beach Boys,” an all-new documentary, streaming exclusively on #DisneyPlus beginning May…",https://x.com/Disney/status/1777735031701786686,0,152,0,0,true,false,,2026-06-14T02:52:19.446113+00:00,incremental browser-based collection of observable public posts,0,/home/runner/work/x_scrapper/x_scrapper/data/raw/fortune_x_2025_ranked/044_walt_disney,@Disney,https://x.com/Disney,primary,1
44,Walt Disney,@Disney,1777734790575501743,Tue Apr 09 16:26:17 +0000 2024,"The Definitive Look at America's Band 🎶 Check out this brand-new poster for “The Beach Boys” streaming exclusively on #DisneyPlus May 24, 2024. https://t.co/dIwGoJcmoY",https://x.com/Disney/status/1777734790575501743,66,81,398,16,true,false,,2026-06-14T02:52:19.446113+00:00,incremental browser-based collection of observable public posts,0,/home/runner/work/x_scrapper/x_scrapper/data/raw/fortune_x_2025_ranked/044_walt_disney,@Disney,https://x.com/Disney,primary,1
44,Walt Disney,@Disney,1777734767129329770,Tue Apr 09 16:26:11 +0000 2024,"Let the Endless Summer begin 😎 “The Beach Boys,” an all-new documentary, streaming exclusively on #DisneyPlus beginning May 24, 2024. https://t.co/TXDzpPuVAv",https://x.com/Disney/status/1777734767129329770,41,152,515,57,true,false,,2026-06-14T02:52:19.446113+00:00,incremental browser-based collection of observable public posts,0,/home/runner/work/x_scrapper/x_scrapper/data/raw/fortune_x_2025_ranked/044_walt_disney,@Disney,https://x.com/Disney,primary,1
44,Walt Disney,@Disney,1776346183377862694,Fri Apr 05 20:28:27 +0000 2024,"RT @starwars: We're ready. Sabine Wren is now appearing for a limited time in Star Wars: Galaxy’s Edge at Disneyland Park. 

Stream episode…",https://x.com/Disney/status/1776346183377862694,0,482,0,0,true,false,,2026-06-14T02:52:19.446113+00:00,incremental browser-based collection of observable public posts,0,/home/runner/work/x_scrapper/x_scrapper/data/raw/fortune_x_2025_ranked/044_walt_disney,@Disney,https://x.com/Disney,primary,1
44,Walt Disney,@Disney,1776253499577426047,Fri Apr 05 14:20:10 +0000 2024,"We're ready. Sabine Wren is now appearing for a limited time in Star Wars: Galaxy’s Edge at Disneyland Park. 

Stream episodes of #Ahsoka streaming on @Disneyplus. https://t.co/9uUiJbax5S",https://x.com/Disney/status/1776253499577426047,290,482,5818,196,true,false,,2026-06-14T02:52:19.446113+00:00,incremental browser-based collection of observable public posts,0,/home/runner/work/x_scrapper/x_scrapper/data/raw/fortune_x_2025_ranked/044_walt_disney,@Disney,https://x.com/Disney,primary,1
44,Walt Disney,@Disney,1775599633395237063,Wed Apr 03 19:01:56 +0000 2024,Disney CEO Bob Iger made some exciting announcements at the company's Annual Meeting of Shareholders on Wednesday. Here's what he had to say:  https://t.co/0avBJIhA2H,https://x.com/Disney/status/1775599633395237063,206,47,268,13,true,false,,2026-06-14T02:52:19.446113+00:00,incremental browser-based collection of observable public posts,0,/home/runner/work/x_scrapper/x_scrapper/data/raw/fortune_x_2025_ranked/044_walt_disney,@Disney,https://x.com/Disney,primary,1
44,Walt Disney,@Disney,1775576917644615843,Wed Apr 03 17:31:40 +0000 2024,"Check out this brand-new still from #Moana2, only in theaters this November! 🌊 https://t.co/aAAvO14d0d",https://x.com/Disney/status/1775576917644615843,109,328,1451,81,true,false,,2026-06-14T02:52:19.446113+00:00,incremental browser-based collection of observable public posts,0,/home/runner/work/x_scrapper/x_scrapper/data/raw/fortune_x_2025_ranked/044_walt_disney,@Disney,https://x.com/Disney,primary,1
44,Walt Disney,@Disney,1775555637335744945,Wed Apr 03 16:07:06 +0000 2024,"RT @DisneyPlus: Wishing for adventure? 🌟

Experience the magic of Disney's #Wish, now available on #DisneyPlus. https://t.co/lGR7KVz6jy",https://x.com/Disney/status/1775555637335744945,0,137,0,0,true,false,,2026-06-14T02:52:19.446113+00:00,incremental browser-based collection of observable public posts,0,/home/runner/work/x_scrapper/x_scrapper/data/raw/fortune_x_2025_ranked/044_walt_disney,@Disney,https://x.com/Disney,primary,1
44,Walt Disney,@Disney,1775553937107722600,Wed Apr 03 16:00:21 +0000 2024,"Wishing for adventure? 🌟

Experience the magic of Disney's #Wish, now available on #DisneyPlus. https://t.co/lGR7KVz6jy",https://x.com/Disney/status/1775553937107722600,90,137,775,39,true,false,,2026-06-14T02:52:19.446113+00:00,incremental browser-based collection of observable public posts,0,/home/runner/work/x_scrapper/x_scrapper/data/raw/fortune_x_2025_ranked/044_walt_disney,@Disney,https://x.com/Disney,primary,1
44,Walt Disney,@Disney,1773385431520014388,Thu Mar 28 16:23:29 +0000 2024,RT @DisneyD23: Attention all D23 Members. Get your tickets to D23: The Ultimate Disney Fan Event TODAY! Select ticket types are still avail…,https://x.com/Disney/status/1773385431520014388,0,62,0,0,true,false,,2026-06-14T02:52:19.446113+00:00,incremental browser-based collection of observable public posts,0,/home/runner/work/x_scrapper/x_scrapper/data/raw/fortune_x_2025_ranked/044_walt_disney,@Disney,https://x.com/Disney,primary,1
44,Walt Disney,@Disney,1773379622379700489,Thu Mar 28 16:00:24 +0000 2024,Attention all D23 Members. Get your tickets to D23: The Ultimate Disney Fan Event TODAY! Select ticket types are still available.  Join the queue starting at 12PM PT: https://t.co/6mZd59zppX #D23 https://t.co/HQmzIONPdy,https://x.com/Disney/status/1773379622379700489,147,62,566,3,true,false,,2026-06-14T02:52:19.446113+00:00,incremental browser-based collection of observable public posts,0,/home/runner/work/x_scrapper/x_scrapper/data/raw/fortune_x_2025_ranked/044_walt_disney,@Disney,https://x.com/Disney,primary,1
44,Walt Disney,@Disney,1773029989954326716,Wed Mar 27 16:51:05 +0000 2024,"RT @DisneyPlus: Disney+ 🤝 Hulu. Your favorites, together like never before, with #HuluOnDisneyPlus for Disney Bundle subscribers. https://t…",https://x.com/Disney/status/1773029989954326716,0,176,0,0,true,false,,2026-06-14T02:52:19.446113+00:00,incremental browser-based collection of observable public posts,0,/home/runner/work/x_scrapper/x_scrapper/data/raw/fortune_x_2025_ranked/044_walt_disney,@Disney,https://x.com/Disney,primary,1
44,Walt Disney,@Disney,1772971839356321949,Wed Mar 27 13:00:01 +0000 2024,"Disney+ 🤝 Hulu. Your favorites, together like never before, with #HuluOnDisneyPlus for Disney Bundle subscribers. https://t.co/C9tzmGNp6B",https://x.com/Disney/status/1772971839356321949,189,176,913,37,true,false,,2026-06-14T02:52:19.446113+00:00,incremental browser-based collection of observable public posts,0,/home/runner/work/x_scrapper/x_scrapper/data/raw/fortune_x_2025_ranked/044_walt_disney,@Disney,https://x.com/Disney,primary,1
44,Walt Disney,@Disney,1771223006880120911,Fri Mar 22 17:10:47 +0000 2024,"RT @DisneyPlus: Everything is possible. #DoctorWho begins streaming Friday, May 10 on #DisneyPlus. https://t.co/9oLhMZdiv8",https://x.com/Disney/status/1771223006880120911,0,632,0,0,true,false,,2026-06-14T02:52:19.446113+00:00,incremental browser-based collection of observable public posts,0,/home/runner/work/x_scrapper/x_scrapper/data/raw/fortune_x_2025_ranked/044_walt_disney,@Disney,https://x.com/Disney,primary,1
44,Walt Disney,@Disney,1771220301029781609,Fri Mar 22 17:00:02 +0000 2024,"Everything is possible. #DoctorWho begins streaming Friday, May 10 on #DisneyPlus. https://t.co/9oLhMZdiv8",https://x.com/Disney/status/1771220301029781609,183,632,1988,518,true,false,,2026-06-14T02:52:19.446113+00:00,incremental browser-based collection of observable public posts,0,/home/runner/work/x_scrapper/x_scrapper/data/raw/fortune_x_2025_ranked/044_walt_disney,@Disney,https://x.com/Disney,primary,1
44,Walt Disney,@Disney,1770850371503620483,Thu Mar 21 16:30:04 +0000 2024,"""Welcome to my kingdom.""

Experience #KingdomOfThePlanetOfTheApes in theaters May 10. https://t.co/DBbf0HgZLf",https://x.com/Disney/status/1770850371503620483,110,60,287,6,true,false,,2026-06-14T02:52:19.446113+00:00,incremental browser-based collection of observable public posts,0,/home/runner/work/x_scrapper/x_scrapper/data/raw/fortune_x_2025_ranked/044_walt_disney,@Disney,https://x.com/Disney,primary,1
44,Walt Disney,@Disney,1770217093893390547,Tue Mar 19 22:33:38 +0000 2024,"Thank you for an ✨enchanting✨ weekend. 
Taylor Swift | The Eras Tour (Taylor’s Version) is the #1 music film ever on Disney+ based on views in its first 3 days. https://t.co/E0Ydti3x1Q",https://x.com/Disney/status/1770217093893390547,64,60,427,5,true,false,,2026-06-14T02:52:19.446113+00:00,incremental browser-based collection of observable public posts,0,/home/runner/work/x_scrapper/x_scrapper/data/raw/fortune_x_2025_ranked/044_walt_disney,@Disney,https://x.com/Disney,primary,1
44,Walt Disney,@Disney,1770131886397927914,Tue Mar 19 16:55:03 +0000 2024,"Disney Legends announced! Ticket details revealed! So, so many cool cars! #D23

Keep up with all the D23: The Ultimate Disney Fan Event news announced today: https://t.co/jrDvBroqmn https://t.co/PlSELNtaLM",https://x.com/Disney/status/1770131886397927914,42,65,344,8,true,false,,2026-06-14T02:52:19.446113+00:00,incremental browser-based collection of observable public posts,0,/home/runner/work/x_scrapper/x_scrapper/data/raw/fortune_x_2025_ranked/044_walt_disney,@Disney,https://x.com/Disney,primary,1
44,Walt Disney,@Disney,1770122995110973714,Tue Mar 19 16:19:43 +0000 2024,"Congratulations to John Williams, who will be honored as a Disney Legend on Sunday, August 11 at D23: The Ultimate Disney Fan Event. #D23 https://t.co/81rSABgJnx",https://x.com/Disney/status/1770122995110973714,28,80,508,10,true,false,,2026-06-14T02:52:19.446113+00:00,incremental browser-based collection of observable public posts,0,/home/runner/work/x_scrapper/x_scrapper/data/raw/fortune_x_2025_ranked/044_walt_disney,@Disney,https://x.com/Disney,primary,1
44,Walt Disney,@Disney,1770122992732807513,Tue Mar 19 16:19:43 +0000 2024,"Congratulations to Joe Rohde, who will be honored as a Disney Legend on Sunday, August 11 at D23: The Ultimate Disney Fan Event. #D23 https://t.co/3GcoiZnIp9",https://x.com/Disney/status/1770122992732807513,13,83,449,31,true,false,,2026-06-14T02:52:19.446113+00:00,incremental browser-based collection of observable public posts,0,/home/runner/work/x_scrapper/x_scrapper/data/raw/fortune_x_2025_ranked/044_walt_disney,@Disney,https://x.com/Disney,primary,1
44,Walt Disney,@Disney,1770122958855360773,Tue Mar 19 16:19:35 +0000 2024,"Presenting the 2024 class of Disney Legends! 🎉 See the Disney Legends Awards Ceremony hosted by @RyanSeacrest on Sunday, August 11 at D23: The Ultimate Disney Fan Event. #D23 https://t.co/JmCvb0wT2d",https://x.com/Disney/status/1770122958855360773,68,255,1014,97,true,false,,2026-06-14T02:52:19.446113+00:00,incremental browser-based collection of observable public posts,0,/home/runner/work/x_scrapper/x_scrapper/data/raw/fortune_x_2025_ranked/044_walt_disney,@Disney,https://x.com/Disney,primary,1
44,Walt Disney,@Disney,1770121356803272904,Tue Mar 19 16:13:13 +0000 2024,Tickets for D23: The Ultimate Disney Fan Event 2024 go on sale starting March 26 at 12 PM PT. Are you ready? #D23 Here's everything you need to know: https://t.co/HyWKFKcyqF https://t.co/TVICLC8Gsg,https://x.com/Disney/status/1770121356803272904,14,38,161,7,true,false,,2026-06-14T02:52:19.446113+00:00,incremental browser-based collection of observable public posts,0,/home/runner/work/x_scrapper/x_scrapper/data/raw/fortune_x_2025_ranked/044_walt_disney,@Disney,https://x.com/Disney,primary,1
44,Walt Disney,@Disney,1770120395422642297,Tue Mar 19 16:09:24 +0000 2024,The biggest Disney fan event. The most incredible Disney moments. Don't miss a moment of the magic this year. #D23 https://t.co/J10srH2aHB https://t.co/6rNNFqa4xG,https://x.com/Disney/status/1770120395422642297,25,64,410,8,true,false,,2026-06-14T02:52:19.446113+00:00,incremental browser-based collection of observable public posts,0,/home/runner/work/x_scrapper/x_scrapper/data/raw/fortune_x_2025_ranked/044_walt_disney,@Disney,https://x.com/Disney,primary,1
44,Walt Disney,@Disney,1770106718833217904,Tue Mar 19 15:15:03 +0000 2024,"The two-episode premiere of @OfficialAcolyte, a @StarWars Original series, arrives June 4 on @DisneyPlus. https://t.co/i5slANYmHQ",https://x.com/Disney/status/1770106718833217904,43,35,241,5,true,false,,2026-06-14T02:52:19.446113+00:00,incremental browser-based collection of observable public posts,0,/home/runner/work/x_scrapper/x_scrapper/data/raw/fortune_x_2025_ranked/044_walt_disney,@Disney,https://x.com/Disney,primary,1
44,Walt Disney,@Disney,1770103744782270504,Tue Mar 19 15:03:14 +0000 2024,"In an age of light, a darkness rises.

On June 4, don’t miss the two-episode premiere of @OfficialAcolyte, a @StarWars Original series, only on @DisneyPlus. https://t.co/Dd3acKeTx2",https://x.com/Disney/status/1770103744782270504,64,115,513,30,true,false,,2026-06-14T02:52:19.446113+00:00,incremental browser-based collection of observable public posts,0,/home/runner/work/x_scrapper/x_scrapper/data/raw/fortune_x_2025_ranked/044_walt_disney,@Disney,https://x.com/Disney,primary,1
44,Walt Disney,@Disney,1768442183567491132,Fri Mar 15 01:00:47 +0000 2024,"RT @DisneyPlus: It's here 💗

Taylor Swift | The Eras Tour (Taylor’s Version), available to stream now only on #DisneyPlus. https://t.co/78L…",https://x.com/Disney/status/1768442183567491132,0,1016,0,0,true,false,,2026-06-14T02:52:19.446113+00:00,incremental browser-based collection of observable public posts,0,/home/runner/work/x_scrapper/x_scrapper/data/raw/fortune_x_2025_ranked/044_walt_disney,@Disney,https://x.com/Disney,primary,1
44,Walt Disney,@Disney,1768441990738301196,Fri Mar 15 01:00:01 +0000 2024,"It's here 💗

Taylor Swift | The Eras Tour (Taylor’s Version), available to stream now only on #DisneyPlus. https://t.co/78LNhbwZ3q",https://x.com/Disney/status/1768441990738301196,124,1016,3852,163,true,false,,2026-06-14T02:52:19.446113+00:00,incremental browser-based collection of observable public posts,0,/home/runner/work/x_scrapper/x_scrapper/data/raw/fortune_x_2025_ranked/044_walt_disney,@Disney,https://x.com/Disney,primary,1
44,Walt Disney,@Disney,1765787058692399516,Thu Mar 07 17:10:16 +0000 2024,"Make room for Joy, Fear, Disgust, Sadness, Anger, Anxiety, and Ennui, AND Envy, and don't forget Embarrassment 🌪️ Check out the new poster for Disney &amp; Pixar's #InsideOut2, only in theaters June 14! https://t.co/EzYVNi67y6",https://x.com/Disney/status/1765787058692399516,60,143,752,23,true,false,,2026-06-14T02:52:19.446113+00:00,incremental browser-based collection of observable public posts,0,/home/runner/work/x_scrapper/x_scrapper/data/raw/fortune_x_2025_ranked/044_walt_disney,@Disney,https://x.com/Disney,primary,1
44,Walt Disney,@Disney,1765785020008964559,Thu Mar 07 17:02:10 +0000 2024,"🚨make room for new emotions🚨

Watch the new trailer for Disney &amp; @Pixar's #InsideOut2, only in theaters June 14! https://t.co/Prmo1l3YQm",https://x.com/Disney/status/1765785020008964559,125,361,1285,138,true,false,,2026-06-14T02:52:19.446113+00:00,incremental browser-based collection of observable public posts,0,/home/runner/work/x_scrapper/x_scrapper/data/raw/fortune_x_2025_ranked/044_walt_disney,@Disney,https://x.com/Disney,primary,1
44,Walt Disney,@Disney,1765120553390899401,Tue Mar 05 21:01:48 +0000 2024,"Knock, knock. Who's there? It's #MonstersAtWork season 2 — premiering Friday, April 5 at 8p on @disneychannel. Available May 5 on @DisneyPlus! https://t.co/y3L0Uo44Fi",https://x.com/Disney/status/1765120553390899401,59,120,510,27,true,false,,2026-06-14T02:52:19.446113+00:00,incremental browser-based collection of observable public posts,0,/home/runner/work/x_scrapper/x_scrapper/data/raw/fortune_x_2025_ranked/044_walt_disney,@Disney,https://x.com/Disney,primary,1
44,Walt Disney,@Disney,1765063436810285171,Tue Mar 05 17:14:51 +0000 2024,"RT @DisneyPlus: There's a new principal in town. 🏴‍☠️ Descendants: #TheRiseofRed, a Disney Original Movie streaming soon on #DisneyPlus! #D…",https://x.com/Disney/status/1765063436810285171,0,326,0,0,true,false,,2026-06-14T02:52:19.446113+00:00,incremental browser-based collection of observable public posts,0,/home/runner/work/x_scrapper/x_scrapper/data/raw/fortune_x_2025_ranked/044_walt_disney,@Disney,https://x.com/Disney,primary,1
44,Walt Disney,@Disney,1765059918934192258,Tue Mar 05 17:00:52 +0000 2024,"There's a new principal in town. 🏴‍☠️ Descendants: #TheRiseofRed, a Disney Original Movie streaming soon on #DisneyPlus! #DisneyDescendants https://t.co/6trObcaVyn",https://x.com/Disney/status/1765059918934192258,58,326,931,113,true,false,,2026-06-14T02:52:19.446113+00:00,incremental browser-based collection of observable public posts,0,/home/runner/work/x_scrapper/x_scrapper/data/raw/fortune_x_2025_ranked/044_walt_disney,@Disney,https://x.com/Disney,primary,1
44,Walt Disney,@Disney,1764645267331002432,Mon Mar 04 13:33:11 +0000 2024,"Iconic.

Taylor Swift | The Eras Tour (Taylor’s Version), in its entirety for the first time with the song “cardigan” and four additional acoustic songs, arrives March 14 at 6PM PT only on @DisneyPlus. https://t.co/1vkfDzhktP",https://x.com/Disney/status/1764645267331002432,25,65,366,11,true,false,,2026-06-14T02:52:19.446113+00:00,incremental browser-based collection of observable public posts,0,/home/runner/work/x_scrapper/x_scrapper/data/raw/fortune_x_2025_ranked/044_walt_disney,@Disney,https://x.com/Disney,primary,1
44,Walt Disney,@Disney,1764644806959980840,Mon Mar 04 13:31:22 +0000 2024,"Are You Ready For It?
 
Taylor Swift | The Eras Tour (Taylor’s Version), in its entirety for the first time with the song “cardigan” and four additional acoustic songs, arrives March 14 at 6PM PT only on @DisneyPlus. https://t.co/mg7a1EgDOE",https://x.com/Disney/status/1764644806959980840,39,114,547,22,true,false,,2026-06-14T02:52:19.446113+00:00,incremental browser-based collection of observable public posts,0,/home/runner/work/x_scrapper/x_scrapper/data/raw/fortune_x_2025_ranked/044_walt_disney,@Disney,https://x.com/Disney,primary,1
44,Walt Disney,@Disney,1762984172682129758,Wed Feb 28 23:32:36 +0000 2024,"Two worlds, one future. All episodes of Disney Animation and @KugaliMedia's #Iwájú are now available on @DisneyPlus! https://t.co/YUyGt8VJ7U",https://x.com/Disney/status/1762984172682129758,72,65,329,15,true,false,,2026-06-14T02:52:19.446113+00:00,incremental browser-based collection of observable public posts,0,/home/runner/work/x_scrapper/x_scrapper/data/raw/fortune_x_2025_ranked/044_walt_disney,@Disney,https://x.com/Disney,primary,1
44,Walt Disney,@Disney,1762855178099925304,Wed Feb 28 15:00:01 +0000 2024,All episodes of Disney Animation and @KugaliMedia's #Iwájú are now available on @DisneyPlus! 🦾🦎 🏙️ https://t.co/UHOhgFG4Ha,https://x.com/Disney/status/1762855178099925304,35,57,200,12,true,false,,2026-06-14T02:52:19.446113+00:00,incremental browser-based collection of observable public posts,0,/home/runner/work/x_scrapper/x_scrapper/data/raw/fortune_x_2025_ranked/044_walt_disney,@Disney,https://x.com/Disney,primary,1
44,Walt Disney,@Disney,1758197741866664261,Thu Feb 15 18:33:02 +0000 2024,"RT @MarvelStudios: To me, my X-Men.

Marvel Animation’s #XMen97, an all-new series, arrives March 20 on @DisneyPlus. https://t.co/dymKMrncTp",https://x.com/Disney/status/1758197741866664261,0,7667,0,0,true,false,,2026-06-14T02:52:19.446113+00:00,incremental browser-based collection of observable public posts,0,/home/runner/work/x_scrapper/x_scrapper/data/raw/fortune_x_2025_ranked/044_walt_disney,@Disney,https://x.com/Disney,primary,1
44,Walt Disney,@Disney,1758197701945229441,Thu Feb 15 18:32:52 +0000 2024,"RT @MarvelStudios: New episodes, new era.

Marvel Animation’s #XMen97, streaming March 20 on @DisneyPlus. https://t.co/LEAMjKDBfT",https://x.com/Disney/status/1758197701945229441,0,1684,0,0,true,false,,2026-06-14T02:52:19.446113+00:00,incremental browser-based collection of observable public posts,0,/home/runner/work/x_scrapper/x_scrapper/data/raw/fortune_x_2025_ranked/044_walt_disney,@Disney,https://x.com/Disney,primary,1
44,Walt Disney,@Disney,1758130321936220620,Thu Feb 15 14:05:07 +0000 2024,"New episodes, new era.

Marvel Animation’s #XMen97, streaming March 20 on @DisneyPlus. https://t.co/LEAMjKDBfT",https://x.com/Disney/status/1758130321936220620,123,1684,5943,234,true,false,,2026-06-14T02:52:19.446113+00:00,incremental browser-based collection of observable public posts,0,/home/runner/work/x_scrapper/x_scrapper/data/raw/fortune_x_2025_ranked/044_walt_disney,@Disney,https://x.com/Disney,primary,1
44,Walt Disney,@Disney,1758129074625773839,Thu Feb 15 14:00:10 +0000 2024,"To me, my X-Men.

Marvel Animation’s #XMen97, an all-new series, arrives March 20 on @DisneyPlus. https://t.co/dymKMrncTp",https://x.com/Disney/status/1758129074625773839,1001,7667,21757,5490,true,false,,2026-06-14T02:52:19.446113+00:00,incremental browser-based collection of observable public posts,0,/home/runner/work/x_scrapper/x_scrapper/data/raw/fortune_x_2025_ranked/044_walt_disney,@Disney,https://x.com/Disney,primary,1
44,Walt Disney,@Disney,1757842320152801401,Wed Feb 14 19:00:42 +0000 2024,"Happy Valentine’s Day from Marvel’s First Family! Pedro Pascal, Vanessa Kirby, Ebon Moss-Bachrach, and Joseph Quinn are The Fantastic Four.

@MarvelStudios ' #TheFantasticFour, in theaters July 25, 2025. https://t.co/Ge7YeurNhs",https://x.com/Disney/status/1757842320152801401,92,102,629,12,true,false,,2026-06-14T02:52:19.446113+00:00,incremental browser-based collection of observable public posts,0,/home/runner/work/x_scrapper/x_scrapper/data/raw/fortune_x_2025_ranked/044_walt_disney,@Disney,https://x.com/Disney,primary,1
44,Walt Disney,@Disney,1757450215190143411,Tue Feb 13 17:02:37 +0000 2024,"Journey to a world where nothing is as it seems with #Iwájú, an all-new limited series from Disney Animation and @KugaliMedia. All episodes are available February 28 on @DisneyPlus. https://t.co/KeMLZUNpxX",https://x.com/Disney/status/1757450215190143411,55,92,368,29,true,false,,2026-06-14T02:52:19.446113+00:00,incremental browser-based collection of observable public posts,0,/home/runner/work/x_scrapper/x_scrapper/data/raw/fortune_x_2025_ranked/044_walt_disney,@Disney,https://x.com/Disney,primary,1
44,Walt Disney,@Disney,1757128837815480638,Mon Feb 12 19:45:35 +0000 2024,"RT @ApesMovies: No one can stop the reign.

Watch the brand-new trailer for #KingdomOfThePlanetOfTheApes. Experience it in theaters May 10.…",https://x.com/Disney/status/1757128837815480638,0,1576,0,0,true,false,,2026-06-14T02:52:19.446113+00:00,incremental browser-based collection of observable public posts,0,/home/runner/work/x_scrapper/x_scrapper/data/raw/fortune_x_2025_ranked/044_walt_disney,@Disney,https://x.com/Disney,primary,1
44,Walt Disney,@Disney,1756874817985282082,Mon Feb 12 02:56:12 +0000 2024,RT @DisneyPlus: Where great stories live forever. #DisneyPlus https://t.co/vZmQwipD07,https://x.com/Disney/status/1756874817985282082,0,543,0,0,true,false,,2026-06-14T02:52:19.446113+00:00,incremental browser-based collection of observable public posts,0,/home/runner/work/x_scrapper/x_scrapper/data/raw/fortune_x_2025_ranked/044_walt_disney,@Disney,https://x.com/Disney,primary,1
44,Walt Disney,@Disney,1756874379764601057,Mon Feb 12 02:54:27 +0000 2024,Where great stories live forever. #DisneyPlus https://t.co/vZmQwipD07,https://x.com/Disney/status/1756874379764601057,155,543,2211,421,true,false,,2026-06-14T02:52:19.446113+00:00,incremental browser-based collection of observable public posts,0,/home/runner/work/x_scrapper/x_scrapper/data/raw/fortune_x_2025_ranked/044_walt_disney,@Disney,https://x.com/Disney,primary,1
44,Walt Disney,@Disney,1756844529510932612,Mon Feb 12 00:55:51 +0000 2024,"On May 10, a kingdom rises. #KingdomOfThePlanetOfTheApes https://t.co/5T0i17c8S5",https://x.com/Disney/status/1756844529510932612,34,83,522,4,true,false,,2026-06-14T02:52:19.446113+00:00,incremental browser-based collection of observable public posts,0,/home/runner/work/x_scrapper/x_scrapper/data/raw/fortune_x_2025_ranked/044_walt_disney,@Disney,https://x.com/Disney,primary,1
44,Walt Disney,@Disney,1756828131896520738,Sun Feb 11 23:50:41 +0000 2024,"No one can stop the reign.

Watch the brand-new trailer for #KingdomOfThePlanetOfTheApes. Experience it in theaters May 10. https://t.co/8YEjFRQ6WF",https://x.com/Disney/status/1756828131896520738,128,1576,3088,738,true,false,,2026-06-14T02:52:19.446113+00:00,incremental browser-based collection of observable public posts,0,/home/runner/work/x_scrapper/x_scrapper/data/raw/fortune_x_2025_ranked/044_walt_disney,@Disney,https://x.com/Disney,primary,1
44,Walt Disney,@Disney,1756386384120791510,Sat Feb 10 18:35:20 +0000 2024,RT @DisneyPlus: Season 2 of #GoosebumpsSeries is coming. https://t.co/6efrSTPqob,https://x.com/Disney/status/1756386384120791510,0,138,0,0,true,false,,2026-06-14T02:52:19.446113+00:00,incremental browser-based collection of observable public posts,0,/home/runner/work/x_scrapper/x_scrapper/data/raw/fortune_x_2025_ranked/044_walt_disney,@Disney,https://x.com/Disney,primary,1
44,Walt Disney,@Disney,1756385996390981871,Sat Feb 10 18:33:48 +0000 2024,Season 2 of #GoosebumpsSeries is coming. https://t.co/6efrSTPqob,https://x.com/Disney/status/1756385996390981871,49,138,678,32,true,false,,2026-06-14T02:52:19.446113+00:00,incremental browser-based collection of observable public posts,0,/home/runner/work/x_scrapper/x_scrapper/data/raw/fortune_x_2025_ranked/044_walt_disney,@Disney,https://x.com/Disney,primary,1
44,Walt Disney,@Disney,1755735901119156681,Thu Feb 08 23:30:33 +0000 2024,"RT @DisneyPlus: Experience the fun at home. 💫

#TheMarvels is now streaming on #DisneyPlus. https://t.co/n7zQzEOEXj",https://x.com/Disney/status/1755735901119156681,0,99,0,0,true,false,,2026-06-14T02:52:19.446113+00:00,incremental browser-based collection of observable public posts,0,/home/runner/work/x_scrapper/x_scrapper/data/raw/fortune_x_2025_ranked/044_walt_disney,@Disney,https://x.com/Disney,primary,1
44,Walt Disney,@Disney,1755639974832337293,Thu Feb 08 17:09:22 +0000 2024,"RT @Pixar: 🎉Make some noise🎉

Disney &amp; Pixar's #InsideOut2 is coming to theaters on June 14th with all-new emotions! https://t.co/sEIBomAnts",https://x.com/Disney/status/1755639974832337293,0,813,0,0,true,false,,2026-06-14T02:52:19.446113+00:00,incremental browser-based collection of observable public posts,0,/home/runner/work/x_scrapper/x_scrapper/data/raw/fortune_x_2025_ranked/044_walt_disney,@Disney,https://x.com/Disney,primary,1
44,Walt Disney,@Disney,1755637615846432935,Thu Feb 08 17:00:00 +0000 2024,"🎉Make some noise🎉

Disney &amp; Pixar's #InsideOut2 is coming to theaters on June 14th with all-new emotions! https://t.co/sEIBomAnts",https://x.com/Disney/status/1755637615846432935,138,813,2665,229,true,false,,2026-06-14T02:52:19.446113+00:00,incremental browser-based collection of observable public posts,0,/home/runner/work/x_scrapper/x_scrapper/data/raw/fortune_x_2025_ranked/044_walt_disney,@Disney,https://x.com/Disney,primary,1
44,Walt Disney,@Disney,1755348051693031673,Wed Feb 07 21:49:22 +0000 2024,RT @DisneyPlus: “I can’t wait to bring the next season of Percy Jackson to #DisneyPlus! Raise anchors. Hoist the mainsail. All hands on dec…,https://x.com/Disney/status/1755348051693031673,0,1403,0,0,true,false,,2026-06-14T02:52:19.446113+00:00,incremental browser-based collection of observable public posts,0,/home/runner/work/x_scrapper/x_scrapper/data/raw/fortune_x_2025_ranked/044_walt_disney,@Disney,https://x.com/Disney,primary,1
44,Walt Disney,@Disney,1755347386137010201,Wed Feb 07 21:46:44 +0000 2024,"“I can’t wait to bring the next season of Percy Jackson to #DisneyPlus! Raise anchors. Hoist the mainsail. All hands on deck, demigods. We’re heading for the Sea of Monsters!”
- Rick Riordan https://t.co/l8Uq04uNYl",https://x.com/Disney/status/1755347386137010201,191,1403,4952,833,true,false,,2026-06-14T02:52:19.446113+00:00,incremental browser-based collection of observable public posts,0,/home/runner/work/x_scrapper/x_scrapper/data/raw/fortune_x_2025_ranked/044_walt_disney,@Disney,https://x.com/Disney,primary,1
44,Walt Disney,@Disney,1755345409898066256,Wed Feb 07 21:38:53 +0000 2024,RT @DisneyPlus: Just Announced (Taylor’s Version) https://t.co/bfmS5s2Y1w,https://x.com/Disney/status/1755345409898066256,0,1693,0,0,true,false,,2026-06-14T02:52:19.446113+00:00,incremental browser-based collection of observable public posts,0,/home/runner/work/x_scrapper/x_scrapper/data/raw/fortune_x_2025_ranked/044_walt_disney,@Disney,https://x.com/Disney,primary,1
44,Walt Disney,@Disney,1755345342848008384,Wed Feb 07 21:38:37 +0000 2024,"Here’s your first look at #Moana2, only in theaters this November https://t.co/cUPm0qoq9Z",https://x.com/Disney/status/1755345342848008384,38,367,1731,89,true,false,,2026-06-14T02:52:19.446113+00:00,incremental browser-based collection of observable public posts,0,/home/runner/work/x_scrapper/x_scrapper/data/raw/fortune_x_2025_ranked/044_walt_disney,@Disney,https://x.com/Disney,primary,1
44,Walt Disney,@Disney,1755345272723447935,Wed Feb 07 21:38:20 +0000 2024,"#Moana2, only in theaters Nov. 27, 2024 🌊 https://t.co/yvJPj3Cf7j",https://x.com/Disney/status/1755345272723447935,153,1615,4188,760,true,false,,2026-06-14T02:52:19.446113+00:00,incremental browser-based collection of observable public posts,0,/home/runner/work/x_scrapper/x_scrapper/data/raw/fortune_x_2025_ranked/044_walt_disney,@Disney,https://x.com/Disney,primary,1
44,Walt Disney,@Disney,1755344924063785212,Wed Feb 07 21:36:57 +0000 2024,Just Announced (Taylor’s Version) https://t.co/bfmS5s2Y1w,https://x.com/Disney/status/1755344924063785212,184,1693,5837,792,true,false,,2026-06-14T02:52:19.446113+00:00,incremental browser-based collection of observable public posts,0,/home/runner/work/x_scrapper/x_scrapper/data/raw/fortune_x_2025_ranked/044_walt_disney,@Disney,https://x.com/Disney,primary,1
44,Walt Disney,@Disney,1755340480412365154,Wed Feb 07 21:19:17 +0000 2024,"This is going to be... Epic! ✨ The Walt Disney Company and Epic Games are collaborating on an all-new games and entertainment universe featuring characters and stories from Disney, Pixar, Marvel, Star Wars, Avatar, and more. 

Learn more: https://t.co/vrMJft64o9 https://t.co/HTs8asNBSm",https://x.com/Disney/status/1755340480412365154,130,560,2321,257,true,false,,2026-06-14T02:52:19.446113+00:00,incremental browser-based collection of observable public posts,0,/home/runner/work/x_scrapper/x_scrapper/data/raw/fortune_x_2025_ranked/044_walt_disney,@Disney,https://x.com/Disney,primary,1
44,Walt Disney,@Disney,1755276556572987884,Wed Feb 07 17:05:17 +0000 2024,"Experience the fun at home. 💫

#TheMarvels is now streaming on #DisneyPlus. https://t.co/n7zQzEOEXj",https://x.com/Disney/status/1755276556572987884,124,99,604,39,true,false,,2026-06-14T02:52:19.446113+00:00,incremental browser-based collection of observable public posts,0,/home/runner/work/x_scrapper/x_scrapper/data/raw/fortune_x_2025_ranked/044_walt_disney,@Disney,https://x.com/Disney,primary,1
44,Walt Disney,@Disney,1754638161144426667,Mon Feb 05 22:48:31 +0000 2024,"RT @Pixar: Check out the poster for Pixar’s all-new SparkShort and first hybrid stop-motion animation, “SELF"", now streaming on @DisneyPlus…",https://x.com/Disney/status/1754638161144426667,0,130,0,0,true,false,,2026-06-14T02:52:19.446113+00:00,incremental browser-based collection of observable public posts,0,/home/runner/work/x_scrapper/x_scrapper/data/raw/fortune_x_2025_ranked/044_walt_disney,@Disney,https://x.com/Disney,primary,1
44,Walt Disney,@Disney,1753463293778264389,Fri Feb 02 17:00:01 +0000 2024,"Check out the poster for Pixar’s all-new SparkShort and first hybrid stop-motion animation, “SELF"", now streaming on @DisneyPlus. ✨ https://t.co/Sg8OknDqGm",https://x.com/Disney/status/1753463293778264389,102,130,755,25,true,false,,2026-06-14T02:52:19.446113+00:00,incremental browser-based collection of observable public posts,0,/home/runner/work/x_scrapper/x_scrapper/data/raw/fortune_x_2025_ranked/044_walt_disney,@Disney,https://x.com/Disney,primary,1
44,Walt Disney,@Disney,1752844298448412996,Thu Feb 01 00:00:21 +0000 2024,Don’t mess with these demigods 💪⚡️ All episodes of #PercyJackson and the Olympians are now streaming on @DisneyPlus. https://t.co/M7CC9tfYIK,https://x.com/Disney/status/1752844298448412996,142,41,302,6,true,false,,2026-06-14T02:52:19.446113+00:00,incremental browser-based collection of observable public posts,0,/home/runner/work/x_scrapper/x_scrapper/data/raw/fortune_x_2025_ranked/044_walt_disney,@Disney,https://x.com/Disney,primary,1
44,Walt Disney,@Disney,1752512267755889072,Wed Jan 31 02:00:59 +0000 2024,"RT @DisneyPlus: All will be revealed.

The season finale of #PercyJackson and the Olympians is now streaming on #DisneyPlus. https://t.co/G…",https://x.com/Disney/status/1752512267755889072,0,105,0,0,true,false,,2026-06-14T02:52:19.446113+00:00,incremental browser-based collection of observable public posts,0,/home/runner/work/x_scrapper/x_scrapper/data/raw/fortune_x_2025_ranked/044_walt_disney,@Disney,https://x.com/Disney,primary,1
44,Walt Disney,@Disney,1752512024779604033,Wed Jan 31 02:00:01 +0000 2024,"All will be revealed.

The season finale of #PercyJackson and the Olympians is now streaming on #DisneyPlus. https://t.co/GAjW2B6zvg",https://x.com/Disney/status/1752512024779604033,90,105,672,31,true,false,,2026-06-14T02:52:19.446113+00:00,incremental browser-based collection of observable public posts,0,/home/runner/work/x_scrapper/x_scrapper/data/raw/fortune_x_2025_ranked/044_walt_disney,@Disney,https://x.com/Disney,primary,1
44,Walt Disney,@Disney,1752091919184769133,Mon Jan 29 22:10:40 +0000 2024,Make it pink? 💗 Make it blue? 💙 Make it out of paper! ✂️📃 Happy 65th Anniversary to Walt Disney’s Sleeping Beauty. Stream the film now on @DisneyPlus. https://t.co/akkEYxebdn,https://x.com/Disney/status/1752091919184769133,58,84,411,8,true,false,,2026-06-14T02:52:19.446113+00:00,incremental browser-based collection of observable public posts,0,/home/runner/work/x_scrapper/x_scrapper/data/raw/fortune_x_2025_ranked/044_walt_disney,@Disney,https://x.com/Disney,primary,1
44,Walt Disney,@Disney,1750993690355737022,Fri Jan 26 21:26:42 +0000 2024,RT @DisneyPlus: Stick around after Tuesday's season finale for “A Hero’s Journey: The Making of #PercyJackson and the Olympians” on #Disney…,https://x.com/Disney/status/1750993690355737022,0,187,0,0,true,false,,2026-06-14T02:52:19.446113+00:00,incremental browser-based collection of observable public posts,0,/home/runner/work/x_scrapper/x_scrapper/data/raw/fortune_x_2025_ranked/044_walt_disney,@Disney,https://x.com/Disney,primary,1
44,Walt Disney,@Disney,1750941672907939971,Fri Jan 26 18:00:00 +0000 2024,Stick around after Tuesday's season finale for “A Hero’s Journey: The Making of #PercyJackson and the Olympians” on #DisneyPlus. https://t.co/gYyR43zAp1,https://x.com/Disney/status/1750941672907939971,52,187,813,91,true,false,,2026-06-14T02:52:19.446113+00:00,incremental browser-based collection of observable public posts,0,/home/runner/work/x_scrapper/x_scrapper/data/raw/fortune_x_2025_ranked/044_walt_disney,@Disney,https://x.com/Disney,primary,1
