fortune_rank,company_name,official_x_handle,tweet_id,created_at,text,tweet_url,reply_count,repost_count,like_count,quote_count,view_count_available,media_present,media_type,collected_at,collection_method,max_posts_cap,source_folder,source_x_handle,source_x_url,account_role,account_index
10,Cencora,@CencoraGlobal,2062912607019843724,Fri Jun 05 15:01:07 +0000 2026,"At @AsembiaRX #ASX26, Cencora leaders Jessica Lovett, Tommy Bramley, and Ryan Telford spoke with @PharmExec @Drug_Topics @AJMC_Journal on some the most important topics in specialty pharmacy today. 

From impact of real-world evidence and market access strategy to technology's role in specialty care, explore their thoughts: https://t.co/bNo1WyuAxM",https://x.com/CencoraGlobal/status/2062912607019843724,0,0,0,0,true,false,,2026-06-12T19:12:47.708607+00:00,capped browser-based collection of observable public posts,0,data/raw/fortune_x_2025_ranked/010_cencora/accounts/01_primary_cencoraglobal,@CencoraGlobal,https://x.com/CencoraGlobal,primary,1
10,Cencora,@CencoraGlobal,2057161502432338414,Wed May 20 18:08:17 +0000 2026,"For high-stakes industries like pharmaceutical logistics, moonshot automation offers new ways to identify opportunities, challenges, and solutions that traditional methods might miss. Cencora's Kyle Pudenz, SVP and Head of Data and AI Product, explains why in Pharma's Almanac. 

Read more here: https://t.co/8BST82YYyU",https://x.com/CencoraGlobal/status/2057161502432338414,0,0,0,0,true,false,,2026-06-12T19:12:47.708607+00:00,capped browser-based collection of observable public posts,0,data/raw/fortune_x_2025_ranked/010_cencora/accounts/01_primary_cencoraglobal,@CencoraGlobal,https://x.com/CencoraGlobal,primary,1
10,Cencora,@CencoraGlobal,2054604866878677174,Wed May 13 16:49:07 +0000 2026,"For @PharmaCommerce, Cencora's Matt Sample and American Health Packaging's Neal Cooper explore the operational hurdles and strategies the industry will need to navigate as the FDA transitions to a standardized 12-digit National Drug Code (NDC) format over the next seven years: https://t.co/xdviJGMEjH",https://x.com/CencoraGlobal/status/2054604866878677174,0,0,1,0,true,false,,2026-06-12T19:12:47.708607+00:00,capped browser-based collection of observable public posts,0,data/raw/fortune_x_2025_ranked/010_cencora/accounts/01_primary_cencoraglobal,@CencoraGlobal,https://x.com/CencoraGlobal,primary,1
10,Cencora,@CencoraGlobal,2049887275702517986,Thu Apr 30 16:23:06 +0000 2026,"In a new episode of Drug Topics' Over the Counter podcast, Cencora's Matt Sample and Neal Cooper break down the FDA's transition to a standardized 12-digit National Drug Code (NDC) format — a shift they're calling a ""Y2K-level"" event for the pharmaceutical supply chain.

Listen now: https://t.co/xdviJGMEjH",https://x.com/CencoraGlobal/status/2049887275702517986,0,1,2,0,true,false,,2026-06-12T19:12:47.708607+00:00,capped browser-based collection of observable public posts,0,data/raw/fortune_x_2025_ranked/010_cencora/accounts/01_primary_cencoraglobal,@CencoraGlobal,https://x.com/CencoraGlobal,primary,1
10,Cencora,@CencoraGlobal,2049153709511245999,Tue Apr 28 15:48:10 +0000 2026,"In a new feature with Chain Drug Review, Tim Cernohous and Tim Weber share how Good Neighbor Pharmacy and Cencora are using data-driven insights to help independent community pharmacies identify gaps in care, diversify revenue, and meet the evolving needs of the patients and communities they serve — from expanded clinical services and front-end merchandising to the growing Cencora Marketplace platform: https://t.co/BJXF0e417C",https://x.com/CencoraGlobal/status/2049153709511245999,0,1,4,0,true,false,,2026-06-12T19:12:47.708607+00:00,capped browser-based collection of observable public posts,0,data/raw/fortune_x_2025_ranked/010_cencora/accounts/01_primary_cencoraglobal,@CencoraGlobal,https://x.com/CencoraGlobal,primary,1
10,Cencora,@CencoraGlobal,2044420320346484888,Wed Apr 15 14:19:22 +0000 2026,"Cencora SVP Matt Sample sat down with @DrugTopics to unpack the DSCSA developments pharmacies can't afford to miss in 2026, including the upcoming independent pharmacy exemption deadline and the shift to 12-digit NDCs. https://t.co/YgGAdTbssw https://t.co/TyNPiJZjQ5",https://x.com/CencoraGlobal/status/2044420320346484888,0,1,1,0,true,false,,2026-06-12T19:12:47.708607+00:00,capped browser-based collection of observable public posts,0,data/raw/fortune_x_2025_ranked/010_cencora/accounts/01_primary_cencoraglobal,@CencoraGlobal,https://x.com/CencoraGlobal,primary,1
10,Cencora,@CencoraGlobal,2039372507224920505,Wed Apr 01 16:01:10 +0000 2026,"Cencora's LeeAnn Miller shares findings from a new Cencora survey of 100+ health system pharmacy leaders – revealing challenges and opportunities like specialty pharmacy, home infusion, and cell &amp; gene therapy via @HCInnovationGrp: https://t.co/Js0SOtFCl3 https://t.co/39t3o0qXE0",https://x.com/CencoraGlobal/status/2039372507224920505,0,1,2,0,true,false,,2026-06-12T19:12:47.708607+00:00,capped browser-based collection of observable public posts,0,data/raw/fortune_x_2025_ranked/010_cencora/accounts/01_primary_cencoraglobal,@CencoraGlobal,https://x.com/CencoraGlobal,primary,1
10,Cencora,@CencoraGlobal,2036501088451334443,Tue Mar 24 17:51:10 +0000 2026,"As Matt Glucksmann writes in @MedCityNews: by embracing innovation, optimizing operations and advocating for change, pharmacy leaders can ensure their organizations are not only prepared for the future but are actively shaping it. Read: https://t.co/dx9DANJvMK https://t.co/e4iLKR0j6o",https://x.com/CencoraGlobal/status/2036501088451334443,0,1,1,0,true,false,,2026-06-12T19:12:47.708607+00:00,capped browser-based collection of observable public posts,0,data/raw/fortune_x_2025_ranked/010_cencora/accounts/01_primary_cencoraglobal,@CencoraGlobal,https://x.com/CencoraGlobal,primary,1
10,Cencora,@CencoraGlobal,2033555514517270723,Mon Mar 16 14:46:30 +0000 2026,"In today's complex supply chain landscape, compliance with the DSCSA is more critical than ever. Matt Sample spoke with @Drug_Topics to share how Cencora is helping pharmacies verify, document, and prepare for what's next: https://t.co/0oR71zv6Ap https://t.co/JmBhZUvg8U",https://x.com/CencoraGlobal/status/2033555514517270723,0,1,2,0,true,false,,2026-06-12T19:12:47.708607+00:00,capped browser-based collection of observable public posts,0,data/raw/fortune_x_2025_ranked/010_cencora/accounts/01_primary_cencoraglobal,@CencoraGlobal,https://x.com/CencoraGlobal,primary,1
10,Cencora,@CencoraGlobal,2028512009445077327,Mon Mar 02 16:45:25 +0000 2026,"Cencora’s Tim Cernohous talks preparing the Rx supply chain for the future, DSCSA implementation, and support for community pharmacies facing cost pressures in this @ChainDrugReview Video Forum: https://t.co/cWaDCpIWDu https://t.co/cTv5ayTAkU",https://x.com/CencoraGlobal/status/2028512009445077327,0,0,1,0,true,false,,2026-06-12T19:12:47.708607+00:00,capped browser-based collection of observable public posts,0,data/raw/fortune_x_2025_ranked/010_cencora/accounts/01_primary_cencoraglobal,@CencoraGlobal,https://x.com/CencoraGlobal,primary,1
10,Cencora,@CencoraGlobal,2024893161231814895,Fri Feb 20 17:05:24 +0000 2026,"Cencora is investing $1 billion over five years to expand capacity, strengthen cold chain capabilities, and build greater resiliency across our distribution network. Tim Cernohous joins @Chaindrugreview to share more: https://t.co/cWaDCpIWDu https://t.co/J6NoR3RCkX",https://x.com/CencoraGlobal/status/2024893161231814895,0,0,1,0,true,false,,2026-06-12T19:12:47.708607+00:00,capped browser-based collection of observable public posts,0,data/raw/fortune_x_2025_ranked/010_cencora/accounts/01_primary_cencoraglobal,@CencoraGlobal,https://x.com/CencoraGlobal,primary,1
10,Cencora,@CencoraGlobal,2023837879596638656,Tue Feb 17 19:12:06 +0000 2026,"Resilience is a supply chain requirement. For @SCBrain, Kyle Pudenz outlines how AI is supporting stronger planning and response capabilities across the global pharma supply chain: https://t.co/I0abKpsNy8 https://t.co/ii2tMDFmvO",https://x.com/CencoraGlobal/status/2023837879596638656,0,1,2,0,true,false,,2026-06-12T19:12:47.708607+00:00,capped browser-based collection of observable public posts,0,data/raw/fortune_x_2025_ranked/010_cencora/accounts/01_primary_cencoraglobal,@CencoraGlobal,https://x.com/CencoraGlobal,primary,1
10,Cencora,@CencoraGlobal,2016961318838812807,Thu Jan 29 19:47:06 +0000 2026,"For @PharmaCommerce, Tina Martinez shares how Global Products & Solutions partners with customers to streamline clinical trial supply and pilot new adherence technologies across international markets, translating global scale into measurable results. Watch:  https://t.co/l9hbOgtZ4s",https://x.com/CencoraGlobal/status/2016961318838812807,0,1,3,0,true,false,,2026-06-12T19:12:47.708607+00:00,capped browser-based collection of observable public posts,0,data/raw/fortune_x_2025_ranked/010_cencora/accounts/01_primary_cencoraglobal,@CencoraGlobal,https://x.com/CencoraGlobal,primary,1
10,Cencora,@CencoraGlobal,2013671168704762022,Tue Jan 20 17:53:13 +0000 2026,"For @PharmaCommerce, Cencora’s Tina Martinez shares how active listening, early validation, and iterative piloting help bring co-developed solutions with our customers, from clinical to commercial, to life. Watch: https://t.co/C0zg8OcPSW https://t.co/hHyilDzLL5",https://x.com/CencoraGlobal/status/2013671168704762022,0,1,2,0,true,false,,2026-06-12T19:12:47.708607+00:00,capped browser-based collection of observable public posts,0,data/raw/fortune_x_2025_ranked/010_cencora/accounts/01_primary_cencoraglobal,@CencoraGlobal,https://x.com/CencoraGlobal,primary,1
10,Cencora,@CencoraGlobal,2003524800694644807,Tue Dec 23 17:55:10 +0000 2025,"For @PharmExec, Cencora leaders Kevin Chinn and Louis Cicchini share five steps for a successful transition from clinical development to commercial launch for CGTs – with insights from leaders across health systems who see this impact first-hand. Read: https://t.co/RDw6mzjxqc https://t.co/8LB5vCWRZp",https://x.com/CencoraGlobal/status/2003524800694644807,1,1,2,0,true,false,,2026-06-12T19:12:47.708607+00:00,capped browser-based collection of observable public posts,0,data/raw/fortune_x_2025_ranked/010_cencora/accounts/01_primary_cencoraglobal,@CencoraGlobal,https://x.com/CencoraGlobal,primary,1
10,Cencora,@CencoraGlobal,2002103676991676603,Fri Dec 19 19:48:08 +0000 2025,"Serialized, item-level traceability is now live across the U.S. pharmaceutical supply chain as required by the DSCSA. For @Medicine_Maker, SVP Matt Sample shares what made the transition work for Cencora - from data quality to cross-partner coordination. Read on: https://t.co/mdPbREUS4w",https://x.com/CencoraGlobal/status/2002103676991676603,0,1,2,0,true,false,,2026-06-12T19:12:47.708607+00:00,capped browser-based collection of observable public posts,0,data/raw/fortune_x_2025_ranked/010_cencora/accounts/01_primary_cencoraglobal,@CencoraGlobal,https://x.com/CencoraGlobal,primary,1
10,Cencora,@CencoraGlobal,1998088213093621865,Mon Dec 08 17:52:07 +0000 2025,"“In the world of CGT products, change is the only constant.” Cencora’s Melissa Lattanzi breaks down how a flexible distribution model drives faster access to cell &amp; gene therapies, and why choosing the right partner matters for @PharmExec: https://t.co/XXkmBAqKLe https://t.co/FBRWTmSSLJ",https://x.com/CencoraGlobal/status/1998088213093621865,0,1,2,0,true,false,,2026-06-12T19:12:47.708607+00:00,capped browser-based collection of observable public posts,0,data/raw/fortune_x_2025_ranked/010_cencora/accounts/01_primary_cencoraglobal,@CencoraGlobal,https://x.com/CencoraGlobal,primary,1
10,Cencora,@CencoraGlobal,1989406050613703019,Fri Nov 14 18:52:18 +0000 2025,"Dennis Nelson, Director of Biosimilar Commercialization, spoke with @Citeline about how the biosimilars market is evolving, highlighting new launch strategies, private-label activity, and regulatory developments that may accelerate access. Read more: https://t.co/XqeElUa9lk https://t.co/NKzzEudIGT",https://x.com/CencoraGlobal/status/1989406050613703019,0,1,2,0,true,false,,2026-06-12T19:12:47.708607+00:00,capped browser-based collection of observable public posts,0,data/raw/fortune_x_2025_ranked/010_cencora/accounts/01_primary_cencoraglobal,@CencoraGlobal,https://x.com/CencoraGlobal,primary,1
10,Cencora,@CencoraGlobal,1986461115702821357,Thu Nov 06 15:50:11 +0000 2025,"For @PharmaCommerce, Heather Zenk, President of U.S. Supply Chain at Cencora, shares how technology, collaboration, and smarter sourcing are just a few ways we’re defining Cencora’s role in more resilient, sustainable pharma supply chains. 

Read more: https://t.co/XH8c9EjEEt https://t.co/fj19skOd2t",https://x.com/CencoraGlobal/status/1986461115702821357,0,3,5,0,true,false,,2026-06-12T19:12:47.708607+00:00,capped browser-based collection of observable public posts,0,data/raw/fortune_x_2025_ranked/010_cencora/accounts/01_primary_cencoraglobal,@CencoraGlobal,https://x.com/CencoraGlobal,primary,1
10,Cencora,@CencoraGlobal,1983923657282830718,Thu Oct 30 15:47:14 +0000 2025,"Proactive CMC strategies are critical for CGT developers to avoid regulatory delays and bring therapies to patients faster. In @PharmaExec, Cencora experts Louis Cicchini, and Michael Day, share how developers can reduce the risk of FDA complete response letters: https://t.co/LksdAK9W9h",https://x.com/CencoraGlobal/status/1983923657282830718,0,2,2,0,true,false,,2026-06-12T19:12:47.708607+00:00,capped browser-based collection of observable public posts,0,data/raw/fortune_x_2025_ranked/010_cencora/accounts/01_primary_cencoraglobal,@CencoraGlobal,https://x.com/CencoraGlobal,primary,1
10,Cencora,@CencoraGlobal,1978896527549452365,Thu Oct 16 18:51:12 +0000 2025,"IntrinsiQ Specialty Solutions is expanding its data and insights to support precision medicine, providing manufacturers with real-world visibility into therapy use. See how this strengthens connections across the healthcare ecosystem: https://t.co/ICJJjxWl5y https://t.co/KPvRjv6qPg",https://x.com/CencoraGlobal/status/1978896527549452365,0,2,3,0,true,false,,2026-06-12T19:12:47.708607+00:00,capped browser-based collection of observable public posts,0,data/raw/fortune_x_2025_ranked/010_cencora/accounts/01_primary_cencoraglobal,@CencoraGlobal,https://x.com/CencoraGlobal,primary,1
10,Cencora,@CencoraGlobal,1973104358091870474,Tue Sep 30 19:15:12 +0000 2025,"As of August 27, most distributors successfully met the enhanced tracing requirements under the Drug Supply Chain Security Act (DSCSA)—a major step forward in securing the pharmaceutical supply chain.

Read more on Regulatory Focus: https://t.co/AkXrnuR1wu https://t.co/y97sqzdLX1",https://x.com/CencoraGlobal/status/1973104358091870474,1,2,2,0,true,false,,2026-06-12T19:12:47.708607+00:00,capped browser-based collection of observable public posts,0,data/raw/fortune_x_2025_ranked/010_cencora/accounts/01_primary_cencoraglobal,@CencoraGlobal,https://x.com/CencoraGlobal,primary,1
10,Cencora,@CencoraGlobal,1970561084416311670,Tue Sep 23 18:49:08 +0000 2025,"Expanding access to healthcare starts with reducing barriers to treatment – especially for specialty medications. In @SpecialtyPharm, Chara Reid and Christie Smith point to approaches like medically integrated dispensing to improve coordination and patient access: https://t.co/52Am9xfNFu",https://x.com/CencoraGlobal/status/1970561084416311670,0,2,2,0,true,false,,2026-06-12T19:12:47.708607+00:00,capped browser-based collection of observable public posts,0,data/raw/fortune_x_2025_ranked/010_cencora/accounts/01_primary_cencoraglobal,@CencoraGlobal,https://x.com/CencoraGlobal,primary,1
10,Cencora,@CencoraGlobal,1960754240592232684,Wed Aug 27 17:20:14 +0000 2025,"In her @PharmaCommerce video interview series, Heather Zenk, President of U.S. Supply Chain at Cencora, shares insights on building a more resilient and efficient pharmaceutical supply chain. 

Watch the full series here: https://t.co/VeYdC8p5fn https://t.co/T3lUzd0510",https://x.com/CencoraGlobal/status/1960754240592232684,1,3,3,0,true,false,,2026-06-12T19:12:47.708607+00:00,capped browser-based collection of observable public posts,0,data/raw/fortune_x_2025_ranked/010_cencora/accounts/01_primary_cencoraglobal,@CencoraGlobal,https://x.com/CencoraGlobal,primary,1
10,Cencora,@CencoraGlobal,1958602892669042770,Thu Aug 21 18:51:33 +0000 2025,"John Arena, President of Global Pharma Services, shares why accelerated regulatory pathways demand accelerated readiness—plus insights on payer engagement, global planning, and commercialization strategy on In Vivo Citeline.

Learn more: https://t.co/1ygo5xEalB https://t.co/PeroPdEia9",https://x.com/CencoraGlobal/status/1958602892669042770,1,1,2,0,true,false,,2026-06-12T19:12:47.708607+00:00,capped browser-based collection of observable public posts,0,data/raw/fortune_x_2025_ranked/010_cencora/accounts/01_primary_cencoraglobal,@CencoraGlobal,https://x.com/CencoraGlobal,primary,1
10,Cencora,@CencoraGlobal,1955294507144007939,Tue Aug 12 15:45:12 +0000 2025,"Cell and gene therapy breakthroughs require a well-planned path to market. Cencora VP Kevin Chinn shares why early and integrated planning is key to avoiding regulatory, access, and logistics hurdles in @PharmaCommerce: https://t.co/Xv9U3XlW1g https://t.co/Qvf7rachwm",https://x.com/CencoraGlobal/status/1955294507144007939,3,2,4,0,true,false,,2026-06-12T19:12:47.708607+00:00,capped browser-based collection of observable public posts,0,data/raw/fortune_x_2025_ranked/010_cencora/accounts/01_primary_cencoraglobal,@CencoraGlobal,https://x.com/CencoraGlobal,primary,1
10,Cencora,@CencoraGlobal,1944754766099235139,Mon Jul 14 13:44:02 +0000 2025,"Since the first approved gene therapy in the field six years ago, cell and gene therapy studies in ophthalmology may offer hope for untreatable conditions. Cencora’s Louis Cicchini, PhD, breaks down the progress, promise, and potential for @ModernRetina: https://t.co/bdtGYPbaDi https://t.co/kSMZfEuHMJ",https://x.com/CencoraGlobal/status/1944754766099235139,0,2,7,0,true,false,,2026-06-12T19:12:47.708607+00:00,capped browser-based collection of observable public posts,0,data/raw/fortune_x_2025_ranked/010_cencora/accounts/01_primary_cencoraglobal,@CencoraGlobal,https://x.com/CencoraGlobal,primary,1
10,Cencora,@CencoraGlobal,1935699741741912210,Thu Jun 19 14:02:36 +0000 2025,"MWI Animal Health is investing in the leaders of tomorrow, today. 

See how initiatives like the Future Leaders program are cultivating confident, cross-functional leaders who help the entire organization thrive in @Vet_Advantage: https://t.co/xLfoAHRH9i https://t.co/zjJoL4wiU7",https://x.com/CencoraGlobal/status/1935699741741912210,0,2,4,0,true,false,,2026-06-12T19:12:47.708607+00:00,capped browser-based collection of observable public posts,0,data/raw/fortune_x_2025_ranked/010_cencora/accounts/01_primary_cencoraglobal,@CencoraGlobal,https://x.com/CencoraGlobal,primary,1
10,Cencora,@CencoraGlobal,1933525447641289070,Fri Jun 13 14:02:44 +0000 2025,"In @ChainDrugReview, Cencora leaders Heather Zenk and Rich Tremonte share how we're using innovation to help prevent supply disruptions while enabling our customers to deliver essential therapies with greater speed and reliability: https://t.co/PvKoG91SLM https://t.co/Z9WRUnPEag",https://x.com/CencoraGlobal/status/1933525447641289070,2,2,3,0,true,false,,2026-06-12T19:12:47.708607+00:00,capped browser-based collection of observable public posts,0,data/raw/fortune_x_2025_ranked/010_cencora/accounts/01_primary_cencoraglobal,@CencoraGlobal,https://x.com/CencoraGlobal,primary,1
10,Cencora,@CencoraGlobal,1925571104422101305,Thu May 22 15:15:01 +0000 2025,"Our best solutions start by listening to our customers’ most pressing challenges. For @ChainDrugReview, Jay Dombi &amp; @GoodNeighborRx’s Jenni Zilka share how Cencora Marketplace was built collaboratively to help pharmacies meet evolving community needs: https://t.co/locSzEVK1O https://t.co/Y6Yy3hDtck",https://x.com/CencoraGlobal/status/1925571104422101305,1,2,2,0,true,false,,2026-06-12T19:12:47.708607+00:00,capped browser-based collection of observable public posts,0,data/raw/fortune_x_2025_ranked/010_cencora/accounts/01_primary_cencoraglobal,@CencoraGlobal,https://x.com/CencoraGlobal,primary,1
10,Cencora,@CencoraGlobal,1924450386535997506,Mon May 19 13:01:41 +0000 2025,What’s needed to bring innovative pharmaceuticals to market?  Cencora SVP Sandra Anderson joins Alloga and ICS SVP Chris Williams on @pharmaphorum to discuss what smaller biotech companies need to ensure a successful go-to-market strategy: https://t.co/Nc0fSZ8RqO https://t.co/k4hcLb8Hi9,https://x.com/CencoraGlobal/status/1924450386535997506,1,2,2,0,true,false,,2026-06-12T19:12:47.708607+00:00,capped browser-based collection of observable public posts,0,data/raw/fortune_x_2025_ranked/010_cencora/accounts/01_primary_cencoraglobal,@CencoraGlobal,https://x.com/CencoraGlobal,primary,1
10,Cencora,@CencoraGlobal,1922653826907037972,Wed May 14 14:02:48 +0000 2025,"Good Neighbor Pharmacy is harnessing data to help independent pharmacies uncover and close care gaps. 📊 Jenni Zilka and Cencora’s Tim Cernohous break it down in Chain Drug Review. 

Flip for the full story: https://t.co/uCHQssqGf7 https://t.co/vR9t2YoOCC",https://x.com/CencoraGlobal/status/1922653826907037972,0,2,2,0,true,false,,2026-06-12T19:12:47.708607+00:00,capped browser-based collection of observable public posts,0,data/raw/fortune_x_2025_ranked/010_cencora/accounts/01_primary_cencoraglobal,@CencoraGlobal,https://x.com/CencoraGlobal,primary,1
10,Cencora,@CencoraGlobal,1920496470144241816,Thu May 08 15:10:14 +0000 2025,"At Cencora’s TMF Leadership Summit, the balance of oversight in outsourced trials took center stage. Watch why Rob Jones, product manager, Pharmalex says “trust but verify” is key for collaborative and compliant outcomes for @Clin_Trials: https://t.co/FxS4BgmejV https://t.co/pCiQZKDRzo",https://x.com/CencoraGlobal/status/1920496470144241816,1,3,4,0,true,false,,2026-06-12T19:12:47.708607+00:00,capped browser-based collection of observable public posts,0,data/raw/fortune_x_2025_ranked/010_cencora/accounts/01_primary_cencoraglobal,@CencoraGlobal,https://x.com/CencoraGlobal,primary,1
10,Cencora,@CencoraGlobal,1915074056430248268,Wed Apr 23 16:03:30 +0000 2025,"Brent Wilhelm, SVP of Supply Chain Planning &amp; Optimization, spoke with Pharmaceutical Executive about the critical role of a resilient supply chain and the benefits of a centralized entry model, smart monitoring tech, and steps to mitigate disruptions: https://t.co/lnqIbq5RUV https://t.co/t4MTHFL1Dt",https://x.com/CencoraGlobal/status/1915074056430248268,0,2,3,0,true,false,,2026-06-12T19:12:47.708607+00:00,capped browser-based collection of observable public posts,0,data/raw/fortune_x_2025_ranked/010_cencora/accounts/01_primary_cencoraglobal,@CencoraGlobal,https://x.com/CencoraGlobal,primary,1
10,Cencora,@CencoraGlobal,1914319999121899605,Mon Apr 21 14:07:08 +0000 2025,"Claire Biermaas recently shared insights with Drug Store News on the retail pharmacy industry's shift towards value-based, patient-centered care models and how technology can streamline processes to enhance experiences for both patients and pharmacists. 
 https://t.co/0FsNLpdCve https://t.co/VPC2Ddh1OV",https://x.com/CencoraGlobal/status/1914319999121899605,0,2,2,0,true,false,,2026-06-12T19:12:47.708607+00:00,capped browser-based collection of observable public posts,0,data/raw/fortune_x_2025_ranked/010_cencora/accounts/01_primary_cencoraglobal,@CencoraGlobal,https://x.com/CencoraGlobal,primary,1
10,Cencora,@CencoraGlobal,1911776471913209858,Mon Apr 14 13:40:04 +0000 2025,"Michael Culme-Seymour, Regional Vice President for Asia Pacific (APAC) for World Courier sits down with BioSpectrum Asia to discuss the latest trends in pharma logistics and how Cencora is positioned to address these emerging challenges. 

Read it here: https://t.co/u2w0vrB11w https://t.co/3KQzrOpHev",https://x.com/CencoraGlobal/status/1911776471913209858,0,2,3,0,true,false,,2026-06-12T19:12:47.708607+00:00,capped browser-based collection of observable public posts,0,data/raw/fortune_x_2025_ranked/010_cencora/accounts/01_primary_cencoraglobal,@CencoraGlobal,https://x.com/CencoraGlobal,primary,1
10,Cencora,@CencoraGlobal,1909636149271842895,Tue Apr 08 15:55:11 +0000 2025,"Healthcare providers and pharmaceutical companies alike rely on our work as distributors to provide patients with access to the medication they need.  

Read more to find out what might happen in a world without distributors:  https://t.co/udIBc0taUX https://t.co/ay9G4lXu4m",https://x.com/CencoraGlobal/status/1909636149271842895,0,2,3,0,true,false,,2026-06-12T19:12:47.708607+00:00,capped browser-based collection of observable public posts,0,data/raw/fortune_x_2025_ranked/010_cencora/accounts/01_primary_cencoraglobal,@CencoraGlobal,https://x.com/CencoraGlobal,primary,1
10,Cencora,@CencoraGlobal,1905262176853516672,Thu Mar 27 14:14:35 +0000 2025,"Good Neighbor Pharmacy President Jenni Zilka &amp; Cencora SVP Kyle Pudenz join Drug Topics to discuss the emergence of pharmacy deserts and how new data from Cencora is helping pharmacists uncover and fill gaps in care. 

Learn more: https://t.co/NrxsBnEq9f https://t.co/1lqVug8Giq",https://x.com/CencoraGlobal/status/1905262176853516672,0,2,3,0,true,false,,2026-06-12T19:12:47.708607+00:00,capped browser-based collection of observable public posts,0,data/raw/fortune_x_2025_ranked/010_cencora/accounts/01_primary_cencoraglobal,@CencoraGlobal,https://x.com/CencoraGlobal,primary,1
10,Cencora,@CencoraGlobal,1902023510576304342,Tue Mar 18 15:45:17 +0000 2025,"Distributors aren’t only important to the pharmaceutical supply chain—we are essential to the entire healthcare industry.  

Explore a world without distributors here:  https://t.co/9z2KAlc0zi 

#medicalsupplychain #pharmadistributors https://t.co/fenWZfRRJd",https://x.com/CencoraGlobal/status/1902023510576304342,0,2,4,0,true,false,,2026-06-12T19:12:47.708607+00:00,capped browser-based collection of observable public posts,0,data/raw/fortune_x_2025_ranked/010_cencora/accounts/01_primary_cencoraglobal,@CencoraGlobal,https://x.com/CencoraGlobal,primary,1
10,Cencora,@CencoraGlobal,1899134183680729198,Mon Mar 10 16:24:08 +0000 2025,"Cencora's 2024 Corporate Responsibility report is now live. See how Cencora prioritizes purpose-driven team members, resilient and sustainable operations, and healthy customers and communities in 2024: https://t.co/huZNj8lLHV https://t.co/qBvHLxCMzG",https://x.com/CencoraGlobal/status/1899134183680729198,1,2,3,0,true,false,,2026-06-12T19:12:47.708607+00:00,capped browser-based collection of observable public posts,0,data/raw/fortune_x_2025_ranked/010_cencora/accounts/01_primary_cencoraglobal,@CencoraGlobal,https://x.com/CencoraGlobal,primary,1
10,Cencora,@CencoraGlobal,1894417407789183137,Tue Feb 25 16:01:21 +0000 2025,"Distributors like us are a vital link connecting healthcare providers and manufacturers.  

But what would happen if distributors didn’t exist? Find out here: 
https://t.co/lSFXV8E9cz 

#patientaccess #drugdistribution https://t.co/d1UAF2IxzI",https://x.com/CencoraGlobal/status/1894417407789183137,0,2,4,1,true,false,,2026-06-12T19:12:47.708607+00:00,capped browser-based collection of observable public posts,0,data/raw/fortune_x_2025_ranked/010_cencora/accounts/01_primary_cencoraglobal,@CencoraGlobal,https://x.com/CencoraGlobal,primary,1
10,Cencora,@CencoraGlobal,1894025088460005456,Mon Feb 24 14:02:25 +0000 2025,"At Cencora, we’re driven by our purpose to create healthier futures, and that purpose begins with our team members.    

Explore our current job openings: https://t.co/Cz4bPpkXWd https://t.co/P3OyDP0fPx",https://x.com/CencoraGlobal/status/1894025088460005456,0,2,3,0,true,false,,2026-06-12T19:12:47.708607+00:00,capped browser-based collection of observable public posts,0,data/raw/fortune_x_2025_ranked/010_cencora/accounts/01_primary_cencoraglobal,@CencoraGlobal,https://x.com/CencoraGlobal,primary,1
10,Cencora,@CencoraGlobal,1892605578960101458,Thu Feb 20 16:01:47 +0000 2025,"In the United States, approximately 30 million people reside in pharmacy deserts, where there's no retail pharmacy within 1 mile in urban areas, 2 miles in suburban areas, or 10 miles in rural areas from an individual’s home. 

Learn more:  https://t.co/NPdEvuZYtk https://t.co/CmeOml4nhM",https://x.com/CencoraGlobal/status/1892605578960101458,0,3,4,0,true,false,,2026-06-12T19:12:47.708607+00:00,capped browser-based collection of observable public posts,0,data/raw/fortune_x_2025_ranked/010_cencora/accounts/01_primary_cencoraglobal,@CencoraGlobal,https://x.com/CencoraGlobal,primary,1
10,Cencora,@CencoraGlobal,1891895940572741720,Tue Feb 18 17:01:56 +0000 2025,"Jenna Dale, Director of Client Relations at Cencora, explains how pharmaceutical manufacturers utilize robust continuity plans to navigate supply chain disruptions and other challenges in a video interview with Pharmaceutical Commerce. 

Watch the video: https://t.co/7veAfsJfyI https://t.co/OwafJ3g55d",https://x.com/CencoraGlobal/status/1891895940572741720,0,3,3,0,true,false,,2026-06-12T19:12:47.708607+00:00,capped browser-based collection of observable public posts,0,data/raw/fortune_x_2025_ranked/010_cencora/accounts/01_primary_cencoraglobal,@CencoraGlobal,https://x.com/CencoraGlobal,primary,1
10,Cencora,@CencoraGlobal,1890070685533266300,Thu Feb 13 16:09:01 +0000 2025,"Heather Zenk and Claire Biermaas share predictions on the upcoming opportunities and challenges in pharmacy and distribution for the year ahead in a recent Chain Drug Review article.  

Read more: https://t.co/fxaRVaSWuD https://t.co/GbjQCJuhJV",https://x.com/CencoraGlobal/status/1890070685533266300,0,2,3,0,true,false,,2026-06-12T19:12:47.708607+00:00,capped browser-based collection of observable public posts,0,data/raw/fortune_x_2025_ranked/010_cencora/accounts/01_primary_cencoraglobal,@CencoraGlobal,https://x.com/CencoraGlobal,primary,1
10,Cencora,@CencoraGlobal,1888951690906194254,Mon Feb 10 14:02:32 +0000 2025,"Cencora expands sure supply program to help hospital and health system customers mitigate shortages. 

Nearly 200 medications – including several oncology treatments – are now available through the program. 

Read more: https://t.co/alwWL8wmoj https://t.co/v2vSZsYMDB",https://x.com/CencoraGlobal/status/1888951690906194254,1,2,3,0,true,false,,2026-06-12T19:12:47.708607+00:00,capped browser-based collection of observable public posts,0,data/raw/fortune_x_2025_ranked/010_cencora/accounts/01_primary_cencoraglobal,@CencoraGlobal,https://x.com/CencoraGlobal,primary,1
10,Cencora,@CencoraGlobal,1886414827809116450,Mon Feb 03 14:01:57 +0000 2025,"Jenni Zilka, President of Good Neighbor Pharmacy, spoke with PYMNTS about the network’s mission to equip independent pharmacies with the tools and resources they need to deliver exceptional care while growing their businesses.  

Learn more: https://t.co/vKG0uSvtH2 https://t.co/seYPTGtped",https://x.com/CencoraGlobal/status/1886414827809116450,0,2,3,0,true,false,,2026-06-12T19:12:47.708607+00:00,capped browser-based collection of observable public posts,0,data/raw/fortune_x_2025_ranked/010_cencora/accounts/01_primary_cencoraglobal,@CencoraGlobal,https://x.com/CencoraGlobal,primary,1
10,Cencora,@CencoraGlobal,1882825743064797409,Fri Jan 24 16:20:13 +0000 2025,Learn more about our efforts and the importance of DSCSA compliance in a recent article by @Suppyl Chain Dive.  https://t.co/QoEiBMSIYO https://t.co/WkbCSVM4Bf,https://x.com/CencoraGlobal/status/1882825743064797409,0,2,3,0,true,false,,2026-06-12T19:12:47.708607+00:00,capped browser-based collection of observable public posts,0,data/raw/fortune_x_2025_ranked/010_cencora/accounts/01_primary_cencoraglobal,@CencoraGlobal,https://x.com/CencoraGlobal,primary,1
10,Cencora,@CencoraGlobal,1882156591744520276,Wed Jan 22 20:01:14 +0000 2025,"With nearly 700 charitable organizations benefiting, team members from eight countries joined forces, resulting in more than double the number of participants from previous years during our Season of Giving event! https://t.co/3VJ3h8qE02",https://x.com/CencoraGlobal/status/1882156591744520276,0,2,3,0,true,false,,2026-06-12T19:12:47.708607+00:00,capped browser-based collection of observable public posts,0,data/raw/fortune_x_2025_ranked/010_cencora/accounts/01_primary_cencoraglobal,@CencoraGlobal,https://x.com/CencoraGlobal,primary,1
10,Cencora,@CencoraGlobal,1881366123427369276,Mon Jan 20 15:40:12 +0000 2025,"Learn more about Cencora’s projected cold chain growth, including Cell and Gene Therapy (CGT) products, over the next five years. https://t.co/53rokAos4k https://t.co/ffm8JfJsUS",https://x.com/CencoraGlobal/status/1881366123427369276,0,2,2,0,true,false,,2026-06-12T19:12:47.708607+00:00,capped browser-based collection of observable public posts,0,data/raw/fortune_x_2025_ranked/010_cencora/accounts/01_primary_cencoraglobal,@CencoraGlobal,https://x.com/CencoraGlobal,primary,1
10,Cencora,@CencoraGlobal,1879619671613116606,Wed Jan 15 20:00:26 +0000 2025,"Learn more about  Cencora’s virtual solution for emergency drug management, Essential Med Reserve. 
Our platform transforms how U.S. State governments manage and deploy essential medications during crisis and emergencies.
https://t.co/HdGDP8pts6 https://t.co/qasijkdvXu",https://x.com/CencoraGlobal/status/1879619671613116606,0,2,3,0,true,false,,2026-06-12T19:12:47.708607+00:00,capped browser-based collection of observable public posts,0,data/raw/fortune_x_2025_ranked/010_cencora/accounts/01_primary_cencoraglobal,@CencoraGlobal,https://x.com/CencoraGlobal,primary,1
10,Cencora,@CencoraGlobal,1878894859345359325,Mon Jan 13 20:00:17 +0000 2025,"The FDA recently released a draft guidance offering best practices for common questions received by the Office of Therapeutic Products (OTP). 

Read the summary by Cencora's Louis Cicchini and Cori Gorman in @DrugDiscoveryDev here: https://t.co/Oy2oJBYNsx https://t.co/JO6upXmOXk",https://x.com/CencoraGlobal/status/1878894859345359325,0,2,2,0,true,false,,2026-06-12T19:12:47.708607+00:00,capped browser-based collection of observable public posts,0,data/raw/fortune_x_2025_ranked/010_cencora/accounts/01_primary_cencoraglobal,@CencoraGlobal,https://x.com/CencoraGlobal,primary,1
10,Cencora,@CencoraGlobal,1877017471854493842,Wed Jan 08 15:40:13 +0000 2025,"We're committed to meeting customers' evolving needs. That's why we're launching Accelerate Pharmacy Solutions, a portfolio of pharmacy and supply chain solutions designed to support hospital and health system customers. 
 
Read more: https://t.co/T6EGWkqhyp https://t.co/zpe404qm8Z",https://x.com/CencoraGlobal/status/1877017471854493842,0,2,3,0,true,false,,2026-06-12T19:12:47.708607+00:00,capped browser-based collection of observable public posts,0,data/raw/fortune_x_2025_ranked/010_cencora/accounts/01_primary_cencoraglobal,@CencoraGlobal,https://x.com/CencoraGlobal,primary,1
10,Cencora,@CencoraGlobal,1876290184167207326,Mon Jan 06 15:30:14 +0000 2025,"Lara Knudsen, VP of Program Operations at @MyGNP, examined pharmacy accessibility on a panel at @ChainDrugReview and @Kearney’s recent Health Equity Summit.   
  
Read more and watch the conversation here: https://t.co/X1mgVdH3oz https://t.co/fEtTwEhB1u",https://x.com/CencoraGlobal/status/1876290184167207326,0,2,2,0,true,false,,2026-06-12T19:12:47.708607+00:00,capped browser-based collection of observable public posts,0,data/raw/fortune_x_2025_ranked/010_cencora/accounts/01_primary_cencoraglobal,@CencoraGlobal,https://x.com/CencoraGlobal,primary,1
10,Cencora,@CencoraGlobal,1871279659993698662,Mon Dec 23 19:40:12 +0000 2024,"As the winter holidays approach, many of us reflect on our cherished traditions and the special moments we share with loved ones. Michael Roundtree, Operations Supervisor, shares how his family shows gratitude for one another, all while embracing the spirit of the season. https://t.co/H8x4p9bKUO",https://x.com/CencoraGlobal/status/1871279659993698662,0,2,2,0,true,false,,2026-06-12T19:12:47.708607+00:00,capped browser-based collection of observable public posts,0,data/raw/fortune_x_2025_ranked/010_cencora/accounts/01_primary_cencoraglobal,@CencoraGlobal,https://x.com/CencoraGlobal,primary,1
10,Cencora,@CencoraGlobal,1870107838464373096,Fri Dec 20 14:03:48 +0000 2024,"Missing this critical liaison among patient, provider, and pharmacy? It could hinder your product’s success. Watch the video to learn how Cencora Field Reimbursement Managers can help.

Watch full video: https://t.co/Iupueo8TKv https://t.co/vYWNl5gx2D",https://x.com/CencoraGlobal/status/1870107838464373096,0,2,2,0,true,false,,2026-06-12T19:12:47.708607+00:00,capped browser-based collection of observable public posts,0,data/raw/fortune_x_2025_ranked/010_cencora/accounts/01_primary_cencoraglobal,@CencoraGlobal,https://x.com/CencoraGlobal,primary,1
10,Cencora,@CencoraGlobal,1869104082935250974,Tue Dec 17 19:35:14 +0000 2024,"This time of the year means different things to everyone. Shawn Lockett, Analyst II, remembers a Christmas when she and her son crafted decorations from construction paper and popcorn. Years later, those handmade ornaments still bring life to their tree. https://t.co/2Ia7rRSJyK",https://x.com/CencoraGlobal/status/1869104082935250974,0,2,3,0,true,false,,2026-06-12T19:12:47.708607+00:00,capped browser-based collection of observable public posts,0,data/raw/fortune_x_2025_ranked/010_cencora/accounts/01_primary_cencoraglobal,@CencoraGlobal,https://x.com/CencoraGlobal,primary,1
10,Cencora,@CencoraGlobal,1868745467762221284,Mon Dec 16 19:50:13 +0000 2024,"""Pending legislation may redefine pharmacies as healthcare providers to ultimately improve patient access, @MyGNP President Jenni Zilka explained in her interview with @PharmaCommerce. 

Learn more: https://t.co/BJ2HFEEv1w 

#Pharma #HealthcareAccess"" https://t.co/2pyy3Je3WF",https://x.com/CencoraGlobal/status/1868745467762221284,0,3,4,0,true,false,,2026-06-12T19:12:47.708607+00:00,capped browser-based collection of observable public posts,0,data/raw/fortune_x_2025_ranked/010_cencora/accounts/01_primary_cencoraglobal,@CencoraGlobal,https://x.com/CencoraGlobal,primary,1
10,Cencora,@CencoraGlobal,1867667110282809692,Fri Dec 13 20:25:13 +0000 2024,"The recent collaboration between @MyGNP and @EnlivenHealthCo will enhance patient care and improve independent pharmacy profitability. Watch @MyGNP President Jenni Zilka explain more in @DrugStoreNews: 
https://t.co/EoUIks9Pzk https://t.co/UrY7JSi94R",https://x.com/CencoraGlobal/status/1867667110282809692,0,3,2,0,true,false,,2026-06-12T19:12:47.708607+00:00,capped browser-based collection of observable public posts,0,data/raw/fortune_x_2025_ranked/010_cencora/accounts/01_primary_cencoraglobal,@CencoraGlobal,https://x.com/CencoraGlobal,primary,1
10,Cencora,@CencoraGlobal,1866942332362223684,Wed Dec 11 20:25:12 +0000 2024,"We asked our 46,000+ team members to share some of their favorite traditions and memories from this time of the year. Melissa Carey, Director, Intelligence and Insights, shared how her family chooses to celebrate. https://t.co/Q05Fw3BMJv",https://x.com/CencoraGlobal/status/1866942332362223684,0,2,4,0,true,false,,2026-06-12T19:12:47.708607+00:00,capped browser-based collection of observable public posts,0,data/raw/fortune_x_2025_ranked/010_cencora/accounts/01_primary_cencoraglobal,@CencoraGlobal,https://x.com/CencoraGlobal,primary,1
10,Cencora,@CencoraGlobal,1866120731257417793,Mon Dec 09 14:00:27 +0000 2024,"Changes to Medicare Part D in 2025 will impact patient coverage in low-income regions. Read VP of Reimbursement and Policy Insights Corey Ford’s strategies for addressing coverage gaps in a recent @PharmaCommerce article: 
 
https://t.co/EJmPVzXiOd 
 
#Medicare #Coverage https://t.co/rQlrXiLsSQ",https://x.com/CencoraGlobal/status/1866120731257417793,0,3,3,0,true,false,,2026-06-12T19:12:47.708607+00:00,capped browser-based collection of observable public posts,0,data/raw/fortune_x_2025_ranked/010_cencora/accounts/01_primary_cencoraglobal,@CencoraGlobal,https://x.com/CencoraGlobal,primary,1
10,Cencora,@CencoraGlobal,1865033624074006780,Fri Dec 06 14:00:41 +0000 2024,"What exactly are pharmacy deserts? 

Read the first part of @MyGNP President Jenni Zilka’s interview with @PharmaCommerce to discover what pharmacy deserts look like in local communities and learn about the factors driving their rise: https://t.co/umAbDqwutW 
#PharmacyDesert https://t.co/0RCm4IiefB",https://x.com/CencoraGlobal/status/1865033624074006780,0,2,4,0,true,false,,2026-06-12T19:12:47.708607+00:00,capped browser-based collection of observable public posts,0,data/raw/fortune_x_2025_ranked/010_cencora/accounts/01_primary_cencoraglobal,@CencoraGlobal,https://x.com/CencoraGlobal,primary,1
10,Cencora,@CencoraGlobal,1863981586053570970,Tue Dec 03 16:20:15 +0000 2024,We are proud to participate in the NYSE Global Giving Campaign to highlight our collaboration with DKMS.  Our ornament can be seen at the NYSE for its 101st Tree Lighting on December 5 and through the holiday season. #NYSETreeLighting https://t.co/vfIbGbkpDe,https://x.com/CencoraGlobal/status/1863981586053570970,0,1,2,0,true,false,,2026-06-12T19:12:47.708607+00:00,capped browser-based collection of observable public posts,0,data/raw/fortune_x_2025_ranked/010_cencora/accounts/01_primary_cencoraglobal,@CencoraGlobal,https://x.com/CencoraGlobal,primary,1
10,Cencora,@CencoraGlobal,1863584055423340572,Mon Dec 02 14:00:37 +0000 2024,The FDA’s recent exemption for eligible trading partners extends the deadlines for #DSCSA compliance. Learn more about Cencora’s commitment to supporting supply chain partners: https://t.co/8J4L0KGo2z https://t.co/YBIonvFS2C,https://x.com/CencoraGlobal/status/1863584055423340572,0,1,2,0,true,false,,2026-06-12T19:12:47.708607+00:00,capped browser-based collection of observable public posts,0,data/raw/fortune_x_2025_ranked/010_cencora/accounts/01_primary_cencoraglobal,@CencoraGlobal,https://x.com/CencoraGlobal,primary,1
10,Cencora,@CencoraGlobal,1862501829327647027,Fri Nov 29 14:20:14 +0000 2024,"Jon and Lori Altman at Bayboro Pharmacy, part of the @MyGNP network, are making a difference in their community’s healthcare.
 
Read about their diabetes management and education program that’s changing lives on @DrugStoreNews: https://t.co/ux7lksRNPF https://t.co/yVLmORVzxF",https://x.com/CencoraGlobal/status/1862501829327647027,0,2,3,0,true,false,,2026-06-12T19:12:47.708607+00:00,capped browser-based collection of observable public posts,0,data/raw/fortune_x_2025_ranked/010_cencora/accounts/01_primary_cencoraglobal,@CencoraGlobal,https://x.com/CencoraGlobal,primary,1
10,Cencora,@CencoraGlobal,1861787299266117904,Wed Nov 27 15:00:57 +0000 2024,"Julia Loew, Senior Vice President, Commercialization, MWI Animal Health, recently sat down with @Veterinary Advantage Magazine to discuss efforts to create a more sustainable supply chain and distribution process: https://t.co/FnewFf7nN2 https://t.co/orO0iBBPEP",https://x.com/CencoraGlobal/status/1861787299266117904,0,1,2,0,true,false,,2026-06-12T19:12:47.708607+00:00,capped browser-based collection of observable public posts,0,data/raw/fortune_x_2025_ranked/010_cencora/accounts/01_primary_cencoraglobal,@CencoraGlobal,https://x.com/CencoraGlobal,primary,1
10,Cencora,@CencoraGlobal,1860082127162736688,Fri Nov 22 22:05:12 +0000 2024,"Healthcare providers and pharmaceutical companies alike rely on our work as distributors to provide patients with access to the medication they need. 
Read more to find out what might happen in a world without distributors:  

https://t.co/4BJTAMtueJ https://t.co/axIlOMUaCp",https://x.com/CencoraGlobal/status/1860082127162736688,0,1,1,0,true,false,,2026-06-12T19:12:47.708607+00:00,capped browser-based collection of observable public posts,0,data/raw/fortune_x_2025_ranked/010_cencora/accounts/01_primary_cencoraglobal,@CencoraGlobal,https://x.com/CencoraGlobal,primary,1
10,Cencora,@CencoraGlobal,1859643650428305818,Thu Nov 21 17:02:51 +0000 2024,"Join us for an insightful event featuring industry leaders discussing Cencora's market strategies, international transition, and the importance of partnerships in pharma!  https://t.co/DiD79QPH6K https://t.co/8zMkNxNEo5",https://x.com/CencoraGlobal/status/1859643650428305818,0,1,2,0,true,false,,2026-06-12T19:12:47.708607+00:00,capped browser-based collection of observable public posts,0,data/raw/fortune_x_2025_ranked/010_cencora/accounts/01_primary_cencoraglobal,@CencoraGlobal,https://x.com/CencoraGlobal,primary,1
10,Cencora,@CencoraGlobal,1858918325243293983,Tue Nov 19 17:00:40 +0000 2024,"""Chain Drug Review recently highlighted @MyGNP’s Sullivan Pharmacy owner Joe Sullivan, who offers extraordinary, personalized care to his local Texas residents – child, adult, and pet alike. Read more about Joe’s work: 
 
https://t.co/AfaiU3A8Qk 
 
#LocalPharmacy #HCAccess"" https://t.co/Php29lVQWN",https://x.com/CencoraGlobal/status/1858918325243293983,0,1,2,0,true,false,,2026-06-12T19:12:47.708607+00:00,capped browser-based collection of observable public posts,0,data/raw/fortune_x_2025_ranked/010_cencora/accounts/01_primary_cencoraglobal,@CencoraGlobal,https://x.com/CencoraGlobal,primary,1
10,Cencora,@CencoraGlobal,1858495517849682290,Mon Nov 18 13:00:35 +0000 2024,"VP of Innovation, Product, &amp; Development Dustin Roller highlighted how our partnership with @Intelliguardrf will simplify RFID technology deployment throughout the healthcare system in a recent @RFIDJournal article. Learn more:
https://t.co/7V1GGWN0Gl 
#RFID #PharmaDistribution https://t.co/Gzsa48weHF",https://x.com/CencoraGlobal/status/1858495517849682290,0,2,4,0,true,false,,2026-06-12T19:12:47.708607+00:00,capped browser-based collection of observable public posts,0,data/raw/fortune_x_2025_ranked/010_cencora/accounts/01_primary_cencoraglobal,@CencoraGlobal,https://x.com/CencoraGlobal,primary,1
10,Cencora,@CencoraGlobal,1856714985738829958,Wed Nov 13 15:05:23 +0000 2024,"Cencora is committed to helping trading partners meet DSCSA requirements. The FDA’s exemption allows additional time to establish necessary data connections, preventing delays in medication delivery. https://t.co/uJLFYROtM0 https://t.co/Ph4lTCTYjT",https://x.com/CencoraGlobal/status/1856714985738829958,0,2,1,0,true,false,,2026-06-12T19:12:47.708607+00:00,capped browser-based collection of observable public posts,0,data/raw/fortune_x_2025_ranked/010_cencora/accounts/01_primary_cencoraglobal,@CencoraGlobal,https://x.com/CencoraGlobal,primary,1
10,Cencora,@CencoraGlobal,1853465550971687309,Mon Nov 04 15:53:17 +0000 2024,"Today, we announced the appointment of Francois Mandeville as Executive Vice President, Strategy and M&amp;A, and Pawan Verma as Executive Vice President, Chief Data and Information Officer.  https://t.co/aaLoyNzGfP https://t.co/wnCWDDoRYb",https://x.com/CencoraGlobal/status/1853465550971687309,0,2,5,0,true,false,,2026-06-12T19:12:47.708607+00:00,capped browser-based collection of observable public posts,0,data/raw/fortune_x_2025_ranked/010_cencora/accounts/01_primary_cencoraglobal,@CencoraGlobal,https://x.com/CencoraGlobal,primary,1
10,Cencora,@CencoraGlobal,1852376355708551300,Fri Nov 01 15:45:13 +0000 2024,"Tim Cernohous reflects on his first time attending ThoughtSpot, highlighting the invigorating experience of engaging with customers and understanding their evolving needs and challenges. 

Read his thoughts:https://t.co/xSACZ8jiZt https://t.co/0xi8Ijn41G",https://x.com/CencoraGlobal/status/1852376355708551300,0,2,2,0,true,false,,2026-06-12T19:12:47.708607+00:00,capped browser-based collection of observable public posts,0,data/raw/fortune_x_2025_ranked/010_cencora/accounts/01_primary_cencoraglobal,@CencoraGlobal,https://x.com/CencoraGlobal,primary,1
10,Cencora,@CencoraGlobal,1851363429065343464,Tue Oct 29 20:40:12 +0000 2024,VP of Analytics John Stefankiewicz and @MyGNP President Jenni Zilka described how pharmacies can address gaps in patient and community care via local partnerships in a recent @Pharmacy_Times interview. Read more: https://t.co/FxDStSt1Gq https://t.co/g9CzdvqC5G,https://x.com/CencoraGlobal/status/1851363429065343464,0,1,2,0,true,false,,2026-06-12T19:12:47.708607+00:00,capped browser-based collection of observable public posts,0,data/raw/fortune_x_2025_ranked/010_cencora/accounts/01_primary_cencoraglobal,@CencoraGlobal,https://x.com/CencoraGlobal,primary,1
10,Cencora,@CencoraGlobal,1850894097860399515,Mon Oct 28 13:35:15 +0000 2024,".@Innomar_AB Senior Director of Pharmacy Services, Renée St-Jean, explained the vital role specialty pharmacies play in improving treatment adherence and ensuring medication affordability in a recent @PharmaCommerce article:
https://t.co/5ojhUqNErq 

#SpecialtyPharmacy #HCPs https://t.co/sTkN0OOD9F",https://x.com/CencoraGlobal/status/1850894097860399515,0,2,3,0,true,false,,2026-06-12T19:12:47.708607+00:00,capped browser-based collection of observable public posts,0,data/raw/fortune_x_2025_ranked/010_cencora/accounts/01_primary_cencoraglobal,@CencoraGlobal,https://x.com/CencoraGlobal,primary,1
10,Cencora,@CencoraGlobal,1849165204367499589,Wed Oct 23 19:05:15 +0000 2024,"It’s important to stay engaged and up-to-speed on policy developments related to equitable physician reimbursement. 

Read our latest Q&amp;A with the Cencora Office U.S. Public Policy and Advocacy on the CMS' release of the calendar year 2025 MPFS. https://t.co/ntVHOe0Rz2 https://t.co/qm942Ly7Sn",https://x.com/CencoraGlobal/status/1849165204367499589,0,2,2,0,true,false,,2026-06-12T19:12:47.708607+00:00,capped browser-based collection of observable public posts,0,data/raw/fortune_x_2025_ranked/010_cencora/accounts/01_primary_cencoraglobal,@CencoraGlobal,https://x.com/CencoraGlobal,primary,1
10,Cencora,@CencoraGlobal,1846953133383049428,Thu Oct 17 16:35:16 +0000 2024,"Pharmacies face numerous barriers when addressing patient access. Learn how biopharma companies can leverage @CencoraGlobal Pharmacy Account Managers to navigate these complex insurance coverage and patient affordability challenges:
https://t.co/FF2eU1BjwN https://t.co/Q24U7qSIju",https://x.com/CencoraGlobal/status/1846953133383049428,0,2,2,0,true,false,,2026-06-12T19:12:47.708607+00:00,capped browser-based collection of observable public posts,0,data/raw/fortune_x_2025_ranked/010_cencora/accounts/01_primary_cencoraglobal,@CencoraGlobal,https://x.com/CencoraGlobal,primary,1
10,Cencora,@CencoraGlobal,1844000327147667799,Wed Oct 09 13:01:52 +0000 2024,"The nearing EU HTA Regulation will force manufacturers to answer unpredictable questions, but Cencora experts Herbert Altmann and Ruairi O’Donnell explain how companies can best prepare with PICO simulation exercises in a recent @Citeline article: https://t.co/PxI0MX81SO https://t.co/MINfkRMhvQ",https://x.com/CencoraGlobal/status/1844000327147667799,0,2,3,0,true,false,,2026-06-12T19:12:47.708607+00:00,capped browser-based collection of observable public posts,0,data/raw/fortune_x_2025_ranked/010_cencora/accounts/01_primary_cencoraglobal,@CencoraGlobal,https://x.com/CencoraGlobal,primary,1
10,Cencora,@CencoraGlobal,1842208108833013994,Fri Oct 04 14:20:14 +0000 2024,"Director of Cell and Gene Therapy Solutions Dale Hanna emphasized the importance of patient education, trust, and support for treatment success at the ThinkLive Cell and Gene Therapy Summit 2024. Watch the recording: https://t.co/sJiS4NFrDX

#TreatmentSuccess #PatientAccess https://t.co/DFPfI2rLRd",https://x.com/CencoraGlobal/status/1842208108833013994,0,2,2,0,true,false,,2026-06-12T19:12:47.708607+00:00,capped browser-based collection of observable public posts,0,data/raw/fortune_x_2025_ranked/010_cencora/accounts/01_primary_cencoraglobal,@CencoraGlobal,https://x.com/CencoraGlobal,primary,1
10,Cencora,@CencoraGlobal,1839660062647705701,Fri Sep 27 13:35:12 +0000 2024,"Vice President of Manufacturer Operations &amp; Data Services Gregg Gorniak highlighted the challenges pharmacies and manufacturers face in preparing for the November DSCSA deadline in a recent @PharmPracNews article: https://t.co/qiUmahmxZm

#DSCSADeadline #PharmaManufacturing https://t.co/zm69ijTgmE",https://x.com/CencoraGlobal/status/1839660062647705701,0,2,4,0,true,false,,2026-06-12T19:12:47.708607+00:00,capped browser-based collection of observable public posts,0,data/raw/fortune_x_2025_ranked/010_cencora/accounts/01_primary_cencoraglobal,@CencoraGlobal,https://x.com/CencoraGlobal,primary,1
10,Cencora,@CencoraGlobal,1838580007720849604,Tue Sep 24 14:03:27 +0000 2024,"In FY23, the Cencora Impact Foundation launched the Cencora Healthier Futures Grant Program to identify opportunities to support those on the frontlines of healthcare in underserved populations. 

Learn more about the fund: https://t.co/w1Vl3vk53L https://t.co/JkJqC1bEs4",https://x.com/CencoraGlobal/status/1838580007720849604,0,2,3,0,true,false,,2026-06-12T19:12:47.708607+00:00,capped browser-based collection of observable public posts,0,data/raw/fortune_x_2025_ranked/010_cencora/accounts/01_primary_cencoraglobal,@CencoraGlobal,https://x.com/CencoraGlobal,primary,1
10,Cencora,@CencoraGlobal,1838221848875520056,Mon Sep 23 14:20:15 +0000 2024,"Serving our customers is one of our highest priorities.

Recently, team members from our Consumer Products team stepped up in an urgent situation to support a mother and her child in delivering a device they desperately needed. Read the story: https://t.co/7bxGoRhTeK https://t.co/zoQZWnRP6B",https://x.com/CencoraGlobal/status/1838221848875520056,0,1,2,0,true,false,,2026-06-12T19:12:47.708607+00:00,capped browser-based collection of observable public posts,0,data/raw/fortune_x_2025_ranked/010_cencora/accounts/01_primary_cencoraglobal,@CencoraGlobal,https://x.com/CencoraGlobal,primary,1
10,Cencora,@CencoraGlobal,1834284643970912453,Thu Sep 12 17:35:13 +0000 2024,"Recent public health emergencies and drug shortages have prompted a renewed exploration of solutions.  

Are state-managed medication stockpiles the answer? Read the recent @HC_Ready landscape review we supported to find out #drugsolutions: https://t.co/y2MrrwwQJe https://t.co/4qIboerF4h",https://x.com/CencoraGlobal/status/1834284643970912453,0,3,3,0,true,false,,2026-06-12T19:12:47.708607+00:00,capped browser-based collection of observable public posts,0,data/raw/fortune_x_2025_ranked/010_cencora/accounts/01_primary_cencoraglobal,@CencoraGlobal,https://x.com/CencoraGlobal,primary,1
10,Cencora,@CencoraGlobal,1833506099418341728,Tue Sep 10 14:01:33 +0000 2024,"We are proud to announce our two latest investments in pharmacy education initiatives, designed to equip health system pharmacy residents with knowledge of the pharmacy supply chain and wholesale distribution and its connectivity to patient care services. https://t.co/jIfNZD0HjT https://t.co/qd9a9niwIF",https://x.com/CencoraGlobal/status/1833506099418341728,0,2,2,0,true,false,,2026-06-12T19:12:47.708607+00:00,capped browser-based collection of observable public posts,0,data/raw/fortune_x_2025_ranked/010_cencora/accounts/01_primary_cencoraglobal,@CencoraGlobal,https://x.com/CencoraGlobal,primary,1
10,Cencora,@CencoraGlobal,1833133319455715498,Mon Sep 09 13:20:15 +0000 2024,"Inspiring the next generation of healthcare leaders. 

For the last 10 years, we have hosted students from Cristo Rey to provide them with college preparatory education &amp; the opportunity to gain meaningful work experience alongside their classroom studies. https://t.co/l6Lq8YaNHl https://t.co/QYucfblswz",https://x.com/CencoraGlobal/status/1833133319455715498,0,1,4,0,true,false,,2026-06-12T19:12:47.708607+00:00,capped browser-based collection of observable public posts,0,data/raw/fortune_x_2025_ranked/010_cencora/accounts/01_primary_cencoraglobal,@CencoraGlobal,https://x.com/CencoraGlobal,primary,1
10,Cencora,@CencoraGlobal,1832053697246826573,Fri Sep 06 13:50:13 +0000 2024,"Jennifer Zilka, @MyGNP President, was recognized as one of the top 50 most influential people in retail healthcare in a recent @DrugStoreNews article!  

Read on to see how we are improving pharmacy operations and patient care: https://t.co/HUGelaRAC4

#independentpharmacy https://t.co/797CqeXIbJ",https://x.com/CencoraGlobal/status/1832053697246826573,0,3,6,0,true,false,,2026-06-12T19:12:47.708607+00:00,capped browser-based collection of observable public posts,0,data/raw/fortune_x_2025_ranked/010_cencora/accounts/01_primary_cencoraglobal,@CencoraGlobal,https://x.com/CencoraGlobal,primary,1
10,Cencora,@CencoraGlobal,1831701468736278985,Thu Sep 05 14:30:36 +0000 2024,"We’ve successfully worked with 100% of approved #cellandgene therapies, as well as multiple products still in development. 

We’re helping manufacturers to identify and overcome barriers. Learn what we can do for you: https://t.co/5YF7PhW2R4 https://t.co/4uJIBC1EmN",https://x.com/CencoraGlobal/status/1831701468736278985,0,1,3,0,true,false,,2026-06-12T19:12:47.708607+00:00,capped browser-based collection of observable public posts,0,data/raw/fortune_x_2025_ranked/010_cencora/accounts/01_primary_cencoraglobal,@CencoraGlobal,https://x.com/CencoraGlobal,primary,1
10,Cencora,@CencoraGlobal,1831323951529636259,Wed Sep 04 13:30:29 +0000 2024,"What would happen in a world without distributors like us?

Soaring costs, decreased innovation, and unreliable access to medication are just a few of the possible negative effects. https://t.co/IFrXk8BJja

 #pharmaaccess #drugdistribution https://t.co/Ycb07BYkeC",https://x.com/CencoraGlobal/status/1831323951529636259,0,2,1,0,true,false,,2026-06-12T19:12:47.708607+00:00,capped browser-based collection of observable public posts,0,data/raw/fortune_x_2025_ranked/010_cencora/accounts/01_primary_cencoraglobal,@CencoraGlobal,https://x.com/CencoraGlobal,primary,1
10,Cencora,@CencoraGlobal,1831028490067411434,Tue Sep 03 17:56:25 +0000 2024,"We’re ready for November and beyond.

VP of Manufacturer Operations and Data Services Gregg Gorniak highlighted our preparedness for the upcoming November 27 DSCSA deadline in a recent @PharmaCommerce article. #DSCSA #pharmacompliance https://t.co/o7HpWPyr1U https://t.co/6pxnGzzPzF",https://x.com/CencoraGlobal/status/1831028490067411434,0,2,3,0,true,false,,2026-06-12T19:12:47.708607+00:00,capped browser-based collection of observable public posts,0,data/raw/fortune_x_2025_ranked/010_cencora/accounts/01_primary_cencoraglobal,@CencoraGlobal,https://x.com/CencoraGlobal,primary,1
10,Cencora,@CencoraGlobal,1829459474278388103,Fri Aug 30 10:01:43 +0000 2024,"One year ago today, the companies of AmerisourceBergen united under our new name, Cencora—meant to better represent 46,000 team members around the world and amplify the role we play at the center of the global pharmaceutical supply chain. https://t.co/v2kuoDCLHb",https://x.com/CencoraGlobal/status/1829459474278388103,0,2,1,0,true,false,,2026-06-12T19:12:47.708607+00:00,capped browser-based collection of observable public posts,0,data/raw/fortune_x_2025_ranked/010_cencora/accounts/01_primary_cencoraglobal,@CencoraGlobal,https://x.com/CencoraGlobal,primary,1
10,Cencora,@CencoraGlobal,1829172574313418894,Thu Aug 29 15:01:40 +0000 2024,"Our partnership with @Intelliguardrf enhances the healthcare supply chain.

SVP of Global Products and Solutions Portfolio Leader Matt Wright explains how this effort will improve patient safety in a recent @OutsourcPharma article : https://t.co/XqCFdwIR6Y  #patientsafety https://t.co/zwKBaVrqIn",https://x.com/CencoraGlobal/status/1829172574313418894,0,1,2,0,true,false,,2026-06-12T19:12:47.708607+00:00,capped browser-based collection of observable public posts,0,data/raw/fortune_x_2025_ranked/010_cencora/accounts/01_primary_cencoraglobal,@CencoraGlobal,https://x.com/CencoraGlobal,primary,1
10,Cencora,@CencoraGlobal,1828500308277784740,Tue Aug 27 18:30:20 +0000 2024,"In support of a healthier planet, we have committed to advancing environmental sustainability initiatives across our operations and supply chain. 
 
Some of these initiatives include sustainable and reusable packaging and alternative fuel. Learn more: https://t.co/bFFXvrmZFN https://t.co/PfcJaonZzS",https://x.com/CencoraGlobal/status/1828500308277784740,0,3,2,0,true,false,,2026-06-12T19:12:47.708607+00:00,capped browser-based collection of observable public posts,0,data/raw/fortune_x_2025_ranked/010_cencora/accounts/01_primary_cencoraglobal,@CencoraGlobal,https://x.com/CencoraGlobal,primary,1
10,Cencora,@CencoraGlobal,1826319021043556784,Wed Aug 21 18:02:40 +0000 2024,"Recent public health emergencies &amp; drug shortages have prompted a renewed exploration of solutions.  

Are state-managed medication stockpiles the answer? Read the recent @HC_Ready Landscape Review we supported to find out: https://t.co/7QNqvADvLz   #statestockpiles https://t.co/I4ZZKdJo8a",https://x.com/CencoraGlobal/status/1826319021043556784,0,2,3,0,true,false,,2026-06-12T19:12:47.708607+00:00,capped browser-based collection of observable public posts,0,data/raw/fortune_x_2025_ranked/010_cencora/accounts/01_primary_cencoraglobal,@CencoraGlobal,https://x.com/CencoraGlobal,primary,1
10,Cencora,@CencoraGlobal,1825956351589175591,Tue Aug 20 18:01:33 +0000 2024,"Biosimilars increase savings for seniors.

Read more about our new issue brief on the biosimilar market’s cost reduction benefits for beneficiaries of Medicare Part B in a recent @PhRMA article #biosimilars #medicare https://t.co/JsLMKcnQkF https://t.co/AUwMk9PDQy",https://x.com/CencoraGlobal/status/1825956351589175591,0,1,1,0,true,false,,2026-06-12T19:12:47.708607+00:00,capped browser-based collection of observable public posts,0,data/raw/fortune_x_2025_ranked/010_cencora/accounts/01_primary_cencoraglobal,@CencoraGlobal,https://x.com/CencoraGlobal,primary,1
10,Cencora,@CencoraGlobal,1824448618515837439,Fri Aug 16 14:10:21 +0000 2024,Good Neighbor Pharmacy announced that it has been ranked “#1 in Customer Satisfaction with Chain Drug Store Pharmacies” in the J.D. Power 2024 U.S. Pharmacy StudySM. https://t.co/3yaQI6YMTN https://t.co/DSI1SQvkye,https://x.com/CencoraGlobal/status/1824448618515837439,0,1,1,0,true,false,,2026-06-12T19:12:47.708607+00:00,capped browser-based collection of observable public posts,0,data/raw/fortune_x_2025_ranked/010_cencora/accounts/01_primary_cencoraglobal,@CencoraGlobal,https://x.com/CencoraGlobal,primary,1
10,Cencora,@CencoraGlobal,1824103825558442316,Thu Aug 15 15:20:16 +0000 2024,"The rapid growth of the CGT sector is revolutionizing disease treatment, but patients often face unique challenges in accessing these transformative therapies. 

How should pharma brands address this? Watch: https://t.co/U55ptFUbrz https://t.co/W5DVi87ZFi",https://x.com/CencoraGlobal/status/1824103825558442316,0,1,2,0,true,false,,2026-06-12T19:12:47.708607+00:00,capped browser-based collection of observable public posts,0,data/raw/fortune_x_2025_ranked/010_cencora/accounts/01_primary_cencoraglobal,@CencoraGlobal,https://x.com/CencoraGlobal,primary,1
10,Cencora,@CencoraGlobal,1823072272896110756,Mon Aug 12 19:01:15 +0000 2024,"Is your supply chain ready for the #DSCSA?  

Vice President of Manufacturer Operations &amp; Data Services Gregg Gorniak discusses the urgency necessary in implementing the law’s federal standard in a recent @SCBrain podcast. Listen now: https://t.co/i702a29Vcj https://t.co/19ynHXXFJa",https://x.com/CencoraGlobal/status/1823072272896110756,0,2,2,0,true,false,,2026-06-12T19:12:47.708607+00:00,capped browser-based collection of observable public posts,0,data/raw/fortune_x_2025_ranked/010_cencora/accounts/01_primary_cencoraglobal,@CencoraGlobal,https://x.com/CencoraGlobal,primary,1
10,Cencora,@CencoraGlobal,1821935789355192522,Fri Aug 09 15:45:16 +0000 2024,"With 84.7% of seniors using prescription drugs monthly, the aging U.S. population fuels pharmacy growth. 

President of Good Neighbor Pharmacy Jennifer Zilka discusses the importance of pharmacy regulatory stability in a recent @DrugStoreNews article: https://t.co/5BtntRQQ2d https://t.co/sNF6dnDFtn",https://x.com/CencoraGlobal/status/1821935789355192522,0,2,2,0,true,false,,2026-06-12T19:12:47.708607+00:00,capped browser-based collection of observable public posts,0,data/raw/fortune_x_2025_ranked/010_cencora/accounts/01_primary_cencoraglobal,@CencoraGlobal,https://x.com/CencoraGlobal,primary,1
10,Cencora,@CencoraGlobal,1821193398864183647,Wed Aug 07 14:35:17 +0000 2024,"Our Animal Health business offers advanced technology solutions for livestock operations, helping producers optimize animal production and reduce the resources needed in that production process. 

Learn more in our ESG Report: https://t.co/QuX7qmGkfT https://t.co/gtXvrrvVsT",https://x.com/CencoraGlobal/status/1821193398864183647,0,1,1,0,true,false,,2026-06-12T19:12:47.708607+00:00,capped browser-based collection of observable public posts,0,data/raw/fortune_x_2025_ranked/010_cencora/accounts/01_primary_cencoraglobal,@CencoraGlobal,https://x.com/CencoraGlobal,primary,1
10,Cencora,@CencoraGlobal,1819439336598732935,Fri Aug 02 18:25:16 +0000 2024,"Our member pharmacies strive for patient satisfaction, every time.

Listen to President of Good Neighbor Pharmacy Jennifer Zilka discuss how independent pharmacies serve as pillars of their communities on a recent @Chaindrugreview podcast episode: https://t.co/BsSpa6b4Ly https://t.co/tdSIeYmsJJ",https://x.com/CencoraGlobal/status/1819439336598732935,0,1,1,0,true,false,,2026-06-12T19:12:47.708607+00:00,capped browser-based collection of observable public posts,0,data/raw/fortune_x_2025_ranked/010_cencora/accounts/01_primary_cencoraglobal,@CencoraGlobal,https://x.com/CencoraGlobal,primary,1
10,Cencora,@CencoraGlobal,1818744943990497325,Wed Jul 31 20:25:59 +0000 2024,"What can the #cellandgene industry do during planning stages to reduce industry pain points?  

In a recent @PharmaCommerce interview, VP of Cell and Gene Therapy Lung-I Cheng speaks about industry challenges and potential: https://t.co/avJPsW6FS7 https://t.co/y2twAHITKU",https://x.com/CencoraGlobal/status/1818744943990497325,0,2,2,0,true,false,,2026-06-12T19:12:47.708607+00:00,capped browser-based collection of observable public posts,0,data/raw/fortune_x_2025_ranked/010_cencora/accounts/01_primary_cencoraglobal,@CencoraGlobal,https://x.com/CencoraGlobal,primary,1
10,Cencora,@CencoraGlobal,1816957386113859681,Fri Jul 26 22:02:52 +0000 2024,"Our annual ThoughtSpot conference and trade show, hosted by Good Neighbor Pharmacy and Cencora, for independent community pharmacies and long-term care pharmacies has kicked off in Orlando. https://t.co/gmvtI1Xthi https://t.co/9j0o6dKSdf",https://x.com/CencoraGlobal/status/1816957386113859681,0,1,2,0,true,false,,2026-06-12T19:12:47.708607+00:00,capped browser-based collection of observable public posts,0,data/raw/fortune_x_2025_ranked/010_cencora/accounts/01_primary_cencoraglobal,@CencoraGlobal,https://x.com/CencoraGlobal,primary,1
10,Cencora,@CencoraGlobal,1816552816267133025,Thu Jul 25 19:15:15 +0000 2024,"HDA recently partnered with The Hill to facilitate a dialogue between government leaders and policy experts on the causes of drug shortages and potential solutions.

Our Heather Zenk joined the event. Read about it: https://t.co/nbOrCou8NF https://t.co/pdlyY6rLMV",https://x.com/CencoraGlobal/status/1816552816267133025,0,1,2,0,true,false,,2026-06-12T19:12:47.708607+00:00,capped browser-based collection of observable public posts,0,data/raw/fortune_x_2025_ranked/010_cencora/accounts/01_primary_cencoraglobal,@CencoraGlobal,https://x.com/CencoraGlobal,primary,1
10,Cencora,@CencoraGlobal,1815463160540774435,Mon Jul 22 19:05:21 +0000 2024,"Striking a balance between safety standards, cost-effectiveness, and environmental impact is a complex task in pharma logistics. 

Learn from our expert's insights on how greener solutions are not inherently more expensive: https://t.co/PRVXV4QUO2 https://t.co/So48sGhsca",https://x.com/CencoraGlobal/status/1815463160540774435,0,1,2,0,true,false,,2026-06-12T19:12:47.708607+00:00,capped browser-based collection of observable public posts,0,data/raw/fortune_x_2025_ranked/010_cencora/accounts/01_primary_cencoraglobal,@CencoraGlobal,https://x.com/CencoraGlobal,primary,1
10,Cencora,@CencoraGlobal,1814039996799598596,Thu Jul 18 20:50:13 +0000 2024,"The November DSCSA deadline is rapidly approaching.  

Vice President of Manufacturer Operations &amp; Data Services Gregg Gorniak discusses the steps necessary for compliance and the importance of acting with urgency in a recent @SCBrain podcast: https://t.co/qWV0m3BJOg https://t.co/LRjOCC4oNf",https://x.com/CencoraGlobal/status/1814039996799598596,1,1,2,0,true,false,,2026-06-12T19:12:47.708607+00:00,capped browser-based collection of observable public posts,0,data/raw/fortune_x_2025_ranked/010_cencora/accounts/01_primary_cencoraglobal,@CencoraGlobal,https://x.com/CencoraGlobal,primary,1
10,Cencora,@CencoraGlobal,1813234766918869193,Tue Jul 16 15:30:31 +0000 2024,"We believe in the potential and power of cell and gene therapy. 
 
Listen to VP of Cell and Gene Therapy Lung-I Cheng speak about the inaugural ThinkLive Summit in a recent @PharmaCommerce interview: https://t.co/neA9VCIKcM https://t.co/2Fs2CCBTyR",https://x.com/CencoraGlobal/status/1813234766918869193,0,2,2,0,true,false,,2026-06-12T19:12:47.708607+00:00,capped browser-based collection of observable public posts,0,data/raw/fortune_x_2025_ranked/010_cencora/accounts/01_primary_cencoraglobal,@CencoraGlobal,https://x.com/CencoraGlobal,primary,1
10,Cencora,@CencoraGlobal,1811790175845953537,Fri Jul 12 15:50:14 +0000 2024,"Diabetes and prediabetes need consistent, accessible care, and pharmacists can be a great resource for support, education and encouraging medication adherence.

Great Neighbor Pharmacy’s Phyllis Houston joined a panel hosted by @Chaindrugreview to discuss: https://t.co/KcxGaPophe https://t.co/k5SYbJU9DG",https://x.com/CencoraGlobal/status/1811790175845953537,0,1,2,0,true,false,,2026-06-12T19:12:47.708607+00:00,capped browser-based collection of observable public posts,0,data/raw/fortune_x_2025_ranked/010_cencora/accounts/01_primary_cencoraglobal,@CencoraGlobal,https://x.com/CencoraGlobal,primary,1
10,Cencora,@CencoraGlobal,1811430914078953897,Thu Jul 11 16:02:39 +0000 2024,"The Drug Supply Chain Security Act (DSCSA) is rapidly approaching in November. Cencora’s Gregg Gorniak recently spoke with @RegulatoryFocus, highlighting how Cencora assists manufacturers to ensure they are prepared for its implementation.
 
Read more: https://t.co/ZGEBCWWGmx https://t.co/vroDRy7YJb",https://x.com/CencoraGlobal/status/1811430914078953897,0,1,2,0,true,false,,2026-06-12T19:12:47.708607+00:00,capped browser-based collection of observable public posts,0,data/raw/fortune_x_2025_ranked/010_cencora/accounts/01_primary_cencoraglobal,@CencoraGlobal,https://x.com/CencoraGlobal,primary,1
10,Cencora,@CencoraGlobal,1811098781284266090,Wed Jul 10 18:02:52 +0000 2024,"How do we help long-term care pharmacy customers achieve business objectives? 

Two of our Strategic Account Specialists highlight their role in improving operational efficiencies to support our LTC customers. https://t.co/jTScTWONri https://t.co/MQkOgY78sy",https://x.com/CencoraGlobal/status/1811098781284266090,0,1,1,0,true,false,,2026-06-12T19:12:47.708607+00:00,capped browser-based collection of observable public posts,0,data/raw/fortune_x_2025_ranked/010_cencora/accounts/01_primary_cencoraglobal,@CencoraGlobal,https://x.com/CencoraGlobal,primary,1
10,Cencora,@CencoraGlobal,1811061641854832901,Wed Jul 10 15:35:17 +0000 2024,"We rely on our “fair share” allocation program when resources are constrained. 

When products are in short supply, these products are placed on allocation. We use historical data to ensure all sites of care can maintain a level of access to the product. https://t.co/BgdgJ9MEWa https://t.co/fT7r0wGm3F",https://x.com/CencoraGlobal/status/1811061641854832901,0,1,1,0,true,false,,2026-06-12T19:12:47.708607+00:00,capped browser-based collection of observable public posts,0,data/raw/fortune_x_2025_ranked/010_cencora/accounts/01_primary_cencoraglobal,@CencoraGlobal,https://x.com/CencoraGlobal,primary,1
10,Cencora,@CencoraGlobal,1809239618660774182,Fri Jul 05 14:55:13 +0000 2024,"We support manufacturers and suppliers as they navigate the Drug Supply Chain Security Act stabilization period.  
 
Vice President of Manufacturer Operations &amp; Data Services Gregg Gorniak speaks about the Act’s impact in a recent @RAPSorg interview: https://t.co/XCPfDNEFMg https://t.co/aMMlWL6c9R",https://x.com/CencoraGlobal/status/1809239618660774182,0,1,2,0,true,false,,2026-06-12T19:12:47.708607+00:00,capped browser-based collection of observable public posts,0,data/raw/fortune_x_2025_ranked/010_cencora/accounts/01_primary_cencoraglobal,@CencoraGlobal,https://x.com/CencoraGlobal,primary,1
10,Cencora,@CencoraGlobal,1808512348295983551,Wed Jul 03 14:45:19 +0000 2024,"How can distributors ensure urgent drug recalls are handled as efficiently as possible? 
 
Beth Riggio, VP of Product Management, tells @PharmExec how our Medication Trays used with RFID technology solve data management issues in the drug recall process: https://t.co/GysMv4YvW6 https://t.co/JpQAKV9LZk",https://x.com/CencoraGlobal/status/1808512348295983551,0,3,5,0,true,false,,2026-06-12T19:12:47.708607+00:00,capped browser-based collection of observable public posts,0,data/raw/fortune_x_2025_ranked/010_cencora/accounts/01_primary_cencoraglobal,@CencoraGlobal,https://x.com/CencoraGlobal,primary,1
10,Cencora,@CencoraGlobal,1808160007847813523,Tue Jul 02 15:25:14 +0000 2024,"Our Heather Zenk participated in a special discussion led by The Hill on drug shortages, which covered potential solutions to address the complex issue and mitigate their impact on patients. 

Watch: https://t.co/n8dNYh2F0k
Photo Credit: Kristopher Tripplaar Photography https://t.co/ybYknIk5Zb",https://x.com/CencoraGlobal/status/1808160007847813523,0,2,1,0,true,false,,2026-06-12T19:12:47.708607+00:00,capped browser-based collection of observable public posts,0,data/raw/fortune_x_2025_ranked/010_cencora/accounts/01_primary_cencoraglobal,@CencoraGlobal,https://x.com/CencoraGlobal,primary,1
10,Cencora,@CencoraGlobal,1806691523406311819,Fri Jun 28 14:10:00 +0000 2024,"Progress starts with every one of our team members, our community, and beyond. Our support for ongoing progress is not limited to one month; throughout the year, we are committed to fostering a more inclusive culture for our team members everywhere. https://t.co/hVIjYUvO8u",https://x.com/CencoraGlobal/status/1806691523406311819,0,1,2,0,true,false,,2026-06-12T19:12:47.708607+00:00,capped browser-based collection of observable public posts,0,data/raw/fortune_x_2025_ranked/010_cencora/accounts/01_primary_cencoraglobal,@CencoraGlobal,https://x.com/CencoraGlobal,primary,1
10,Cencora,@CencoraGlobal,1806025963194528121,Wed Jun 26 18:05:18 +0000 2024,"Balancing patient relevancy with payers’ expectations is a critical industry challenge. 
 
Listen to VP of Cell and Gene Therapy Lung-I Cheng speak about the industry’s issues and future in a recent @PharmaCommerce interview: https://t.co/46knHXF7V6 https://t.co/qICEgRqQOE",https://x.com/CencoraGlobal/status/1806025963194528121,0,1,1,0,true,false,,2026-06-12T19:12:47.708607+00:00,capped browser-based collection of observable public posts,0,data/raw/fortune_x_2025_ranked/010_cencora/accounts/01_primary_cencoraglobal,@CencoraGlobal,https://x.com/CencoraGlobal,primary,1
10,Cencora,@CencoraGlobal,1803857032031690787,Thu Jun 20 18:26:45 +0000 2024,"We’re investing in innovation by supporting #cellandgenetherapy for therapy developers, providers, and patients who may benefit from this promising field. Watch our free webinar about our wrap-around services for #CGT patient support. https://t.co/MPQj9VK82R https://t.co/1ZaqxiWGVh",https://x.com/CencoraGlobal/status/1803857032031690787,0,1,1,0,true,false,,2026-06-12T19:12:47.708607+00:00,capped browser-based collection of observable public posts,0,data/raw/fortune_x_2025_ranked/010_cencora/accounts/01_primary_cencoraglobal,@CencoraGlobal,https://x.com/CencoraGlobal,primary,1
10,Cencora,@CencoraGlobal,1803420066102366453,Wed Jun 19 13:30:24 +0000 2024,"The inaugural ThinkLive Summit brought together industry leaders to collaborate on cell and gene therapy best practices. 
 
VP of Cell and Gene Therapy Lung-I Cheng speaks about the event in a recent @PharmaCommerce interview: https://t.co/JK0U939Jze https://t.co/JfNff0xHVq",https://x.com/CencoraGlobal/status/1803420066102366453,0,2,2,0,true,false,,2026-06-12T19:12:47.708607+00:00,capped browser-based collection of observable public posts,0,data/raw/fortune_x_2025_ranked/010_cencora/accounts/01_primary_cencoraglobal,@CencoraGlobal,https://x.com/CencoraGlobal,primary,1
10,Cencora,@CencoraGlobal,1803110822366851531,Tue Jun 18 17:01:34 +0000 2024,"What can the pharmaceutical industry expect from recent Medicare drug pricing legislation?

Corey Ford talked to @Pharmacy_Times about how the industry should anticipate changes to drug limitations, support programs for patients and innovation. https://t.co/HI8S46B92k https://t.co/bHIQT44VFr",https://x.com/CencoraGlobal/status/1803110822366851531,0,1,1,0,true,false,,2026-06-12T19:12:47.708607+00:00,capped browser-based collection of observable public posts,0,data/raw/fortune_x_2025_ranked/010_cencora/accounts/01_primary_cencoraglobal,@CencoraGlobal,https://x.com/CencoraGlobal,primary,1
10,Cencora,@CencoraGlobal,1800936548931665972,Wed Jun 12 17:01:47 +0000 2024,"Strategic planning is the answer to evolving IRA questions. 
 
Corey Ford, VP of Reimbursement &amp; Policy Insights, discusses how companies should communicate value to prepare for IRA negotiations in a @PharmExec article: https://t.co/vxAhVOf8Sx https://t.co/QZC4Q49yz2",https://x.com/CencoraGlobal/status/1800936548931665972,0,1,1,0,true,false,,2026-06-12T19:12:47.708607+00:00,capped browser-based collection of observable public posts,0,data/raw/fortune_x_2025_ranked/010_cencora/accounts/01_primary_cencoraglobal,@CencoraGlobal,https://x.com/CencoraGlobal,primary,1
10,Cencora,@CencoraGlobal,1798777662116385272,Thu Jun 06 18:03:08 +0000 2024,"Our World Courier team doesn't just deliver medicines; they help deliver hope. 

Their recent case study tells the story of Carlos and his life-saving bone marrow transplant's journey from Chile. Discover how they made this delivery possible. https://t.co/m0gKuTjHbM https://t.co/90uWUZZzXH",https://x.com/CencoraGlobal/status/1798777662116385272,0,1,3,0,true,false,,2026-06-12T19:12:47.708607+00:00,capped browser-based collection of observable public posts,0,data/raw/fortune_x_2025_ranked/010_cencora/accounts/01_primary_cencoraglobal,@CencoraGlobal,https://x.com/CencoraGlobal,primary,1
10,Cencora,@CencoraGlobal,1798417071245553863,Wed Jun 05 18:10:17 +0000 2024,"Our Animal Health business offers advanced technology solutions for livestock operations, helping producers optimize animal production and reduce the resources needed in that production process. 

Learn more: https://t.co/qnalgh8FNn https://t.co/6M2mkDounx",https://x.com/CencoraGlobal/status/1798417071245553863,0,1,1,0,true,false,,2026-06-12T19:12:47.708607+00:00,capped browser-based collection of observable public posts,0,data/raw/fortune_x_2025_ranked/010_cencora/accounts/01_primary_cencoraglobal,@CencoraGlobal,https://x.com/CencoraGlobal,primary,1
10,Cencora,@CencoraGlobal,1798068516354220415,Tue Jun 04 19:05:15 +0000 2024,"Recent drug legislation is placing strains on pricing and innovation. 
 
VP of Reimbursement &amp; Policy Insights Corey Ford speaks about the challenges posed by the Inflation Reduction Act and drug price negotiations in a recent @Pharmacy_Times interview: https://t.co/OcvWqWFujQ https://t.co/dv7d5wMkmb",https://x.com/CencoraGlobal/status/1798068516354220415,0,1,1,0,true,false,,2026-06-12T19:12:47.708607+00:00,capped browser-based collection of observable public posts,0,data/raw/fortune_x_2025_ranked/010_cencora/accounts/01_primary_cencoraglobal,@CencoraGlobal,https://x.com/CencoraGlobal,primary,1
10,Cencora,@CencoraGlobal,1796576210811531725,Fri May 31 16:15:22 +0000 2024,"The uptake of HUMIRA biosimilars has been slow. 
 
Tasmina Hydery, Associate Director in Digital Solutions, recently spoke to @MHExecutive about how a multi-stakeholder investment in time and energy is necessary to boost implementation: https://t.co/Gocicv8GP2 https://t.co/rq34NPBPWa",https://x.com/CencoraGlobal/status/1796576210811531725,0,2,1,0,true,false,,2026-06-12T19:12:47.708607+00:00,capped browser-based collection of observable public posts,0,data/raw/fortune_x_2025_ranked/010_cencora/accounts/01_primary_cencoraglobal,@CencoraGlobal,https://x.com/CencoraGlobal,primary,1
10,Cencora,@CencoraGlobal,1796233926022717767,Thu May 30 17:35:15 +0000 2024,"At the Asembia Specialty Pharmacy Summit, Corey Ford presented on the impact of the IRA’s out-of-pocket cap, which could go into effect next year. He talked to @MHExecutive about the impact &amp; why pharma companies could face a more competitive environment. https://t.co/bNEu8RsC5T https://t.co/DQ6jd07YB3",https://x.com/CencoraGlobal/status/1796233926022717767,4,1,1,0,true,false,,2026-06-12T19:12:47.708607+00:00,capped browser-based collection of observable public posts,0,data/raw/fortune_x_2025_ranked/010_cencora/accounts/01_primary_cencoraglobal,@CencoraGlobal,https://x.com/CencoraGlobal,primary,1
10,Cencora,@CencoraGlobal,1795863247133831397,Wed May 29 17:02:18 +0000 2024,"Handling drug recalls can be expensive and labor intensive for hospital pharmacies.
 
Our VP of Product Management Beth Riggio discusses the solutions we’re presenting to improve the efficiency of the drug recall process with @PharmExec: https://t.co/wsZovEKJEx https://t.co/veOi0Yomef",https://x.com/CencoraGlobal/status/1795863247133831397,0,1,1,0,true,false,,2026-06-12T19:12:47.708607+00:00,capped browser-based collection of observable public posts,0,data/raw/fortune_x_2025_ranked/010_cencora/accounts/01_primary_cencoraglobal,@CencoraGlobal,https://x.com/CencoraGlobal,primary,1
10,Cencora,@CencoraGlobal,1793699721019584932,Thu May 23 17:45:13 +0000 2024,"The Cencora Impact Foundation supports charitable organizations year-round through a robust grantmaking process that includes proactive disaster response support to our strategic partners. 

Read our ESG Report: https://t.co/ALIr3uJL36 https://t.co/9D0VB7RADM",https://x.com/CencoraGlobal/status/1793699721019584932,0,2,1,0,true,false,,2026-06-12T19:12:47.708607+00:00,capped browser-based collection of observable public posts,0,data/raw/fortune_x_2025_ranked/010_cencora/accounts/01_primary_cencoraglobal,@CencoraGlobal,https://x.com/CencoraGlobal,primary,1
10,Cencora,@CencoraGlobal,1793639336467956213,Thu May 23 13:45:16 +0000 2024,"Leveraging effective legislation is important for pharmaceutical success. 
 
In a recent @pharmaphorum podcast, Tommy Bramley, SVP of Market Access and Healthcare Consulting, speaks about the importance of education and understanding legislative shifts: https://t.co/ECHUpwnQlO https://t.co/SZUa74EPjP",https://x.com/CencoraGlobal/status/1793639336467956213,0,1,1,0,true,false,,2026-06-12T19:12:47.708607+00:00,capped browser-based collection of observable public posts,0,data/raw/fortune_x_2025_ranked/010_cencora/accounts/01_primary_cencoraglobal,@CencoraGlobal,https://x.com/CencoraGlobal,primary,1
10,Cencora,@CencoraGlobal,1793341817104093651,Wed May 22 18:03:02 +0000 2024,"Working in #CellAndGeneTherapy? We can provide ongoing patient support with the flexibility to design unique programs incorporating a full array of access, adherence, and affordability solutions that meet patient needs. Ask us how: https://t.co/dHKZW5EQ7S https://t.co/18sQ0l0hs0",https://x.com/CencoraGlobal/status/1793341817104093651,0,1,1,0,true,false,,2026-06-12T19:12:47.708607+00:00,capped browser-based collection of observable public posts,0,data/raw/fortune_x_2025_ranked/010_cencora/accounts/01_primary_cencoraglobal,@CencoraGlobal,https://x.com/CencoraGlobal,primary,1
10,Cencora,@CencoraGlobal,1792919089423307085,Tue May 21 14:03:16 +0000 2024,"Biosimilar cost savings hinges on patient access. 

That’s why we work closely with biosimilar manufacturers to gain access to every biosimilar currently on the market in the United States, said Lakesha Farmer in an interview with @Drug_Topics at #AXS24 https://t.co/C4grlVMm52 https://t.co/dRSHg8sjbh",https://x.com/CencoraGlobal/status/1792919089423307085,0,3,2,0,true,false,,2026-06-12T19:12:47.708607+00:00,capped browser-based collection of observable public posts,0,data/raw/fortune_x_2025_ranked/010_cencora/accounts/01_primary_cencoraglobal,@CencoraGlobal,https://x.com/CencoraGlobal,primary,1
10,Cencora,@CencoraGlobal,1791152030033056226,Thu May 16 17:01:36 +0000 2024,"Digital twins are essentially a virtual replica of a physical system, designed to mirror the real-world processes and interactions within that system as closely as possible.

 We  unpacked how it works for our World Courier teams. https://t.co/tnkq0gznKo https://t.co/cGJ5mpUWic",https://x.com/CencoraGlobal/status/1791152030033056226,0,1,2,0,true,false,,2026-06-12T19:12:47.708607+00:00,capped browser-based collection of observable public posts,0,data/raw/fortune_x_2025_ranked/010_cencora/accounts/01_primary_cencoraglobal,@CencoraGlobal,https://x.com/CencoraGlobal,primary,1
10,Cencora,@CencoraGlobal,1790427182222791028,Tue May 14 17:01:19 +0000 2024,"We are a pioneer in our work with medically integrated dispensing models. 
 
Christie Smith, Vice President of Pharmacy &amp; Payer Strategy, speaks with @Pharmacy_Times about how our @Prime_PBM partnership improves patient care: https://t.co/kpSfamiH2R https://t.co/eWTXVsikjw",https://x.com/CencoraGlobal/status/1790427182222791028,0,1,2,0,true,false,,2026-06-12T19:12:47.708607+00:00,capped browser-based collection of observable public posts,0,data/raw/fortune_x_2025_ranked/010_cencora/accounts/01_primary_cencoraglobal,@CencoraGlobal,https://x.com/CencoraGlobal,primary,1
10,Cencora,@CencoraGlobal,1790050266147938319,Mon May 13 16:03:35 +0000 2024,"With many new products in development, #CellAndGeneTherapy has enormous potential to improve lives. Our secure online FormularyDecisions platform provides centralized access to valuable evidence-based #CGT resources. Learn how we can help: https://t.co/YTvVmZhxpM https://t.co/Bnm9oBNX8r",https://x.com/CencoraGlobal/status/1790050266147938319,0,1,2,0,true,false,,2026-06-12T19:12:47.708607+00:00,capped browser-based collection of observable public posts,0,data/raw/fortune_x_2025_ranked/010_cencora/accounts/01_primary_cencoraglobal,@CencoraGlobal,https://x.com/CencoraGlobal,primary,1
10,Cencora,@CencoraGlobal,1788932576926736781,Fri May 10 14:02:17 +0000 2024,"We champion the success of small-, minority-, women-, disabled-, LGBTQ+, and veteran-owned businesses as they play a critical role in the economy. 

Read about our supplier diversity efforts in our ESG Report: https://t.co/rCwmzs3wme https://t.co/22E2vIkvfP",https://x.com/CencoraGlobal/status/1788932576926736781,0,1,1,1,true,false,,2026-06-12T19:12:47.708607+00:00,capped browser-based collection of observable public posts,0,data/raw/fortune_x_2025_ranked/010_cencora/accounts/01_primary_cencoraglobal,@CencoraGlobal,https://x.com/CencoraGlobal,primary,1
10,Cencora,@CencoraGlobal,1788568433157640692,Thu May 09 13:55:19 +0000 2024,"Heather Zenk chatted with @ChainDrugReview to talk about the destabilizing forces at play in the drug supply chain, their potential impact on retail pharmacies and how distributors like Cencora are working with these customers to navigate challenges: https://t.co/oaYrLEyYw1 https://t.co/QBR6Uvk0Ud",https://x.com/CencoraGlobal/status/1788568433157640692,0,2,2,0,true,false,,2026-06-12T19:12:47.708607+00:00,capped browser-based collection of observable public posts,0,data/raw/fortune_x_2025_ranked/010_cencora/accounts/01_primary_cencoraglobal,@CencoraGlobal,https://x.com/CencoraGlobal,primary,1
10,Cencora,@CencoraGlobal,1788311714364018992,Wed May 08 20:55:12 +0000 2024,"Balance is key when thinking about revitalizing Europe’s pharmaceutical landscape. 
 
Tommy Bramley, SVP of Market Access and Healthcare Consulting, speaks about the importance of both innovation and affordability in a recent @pharmaphorum podcast: https://t.co/JCAFmjYg6D https://t.co/WUVN6aziog",https://x.com/CencoraGlobal/status/1788311714364018992,0,1,2,0,true,false,,2026-06-12T19:12:47.708607+00:00,capped browser-based collection of observable public posts,0,data/raw/fortune_x_2025_ranked/010_cencora/accounts/01_primary_cencoraglobal,@CencoraGlobal,https://x.com/CencoraGlobal,primary,1
10,Cencora,@CencoraGlobal,1788253013846438010,Wed May 08 17:01:57 +0000 2024,"At Cencora's inaugural ThinkLive Cell and Gene (CGT) Summit, we will explore strategies and challenges across the product lifecycle.
Learn more: https://t.co/3pJqdNOxLb https://t.co/zmGUN4SKNi",https://x.com/CencoraGlobal/status/1788253013846438010,0,1,2,0,true,false,,2026-06-12T19:12:47.708607+00:00,capped browser-based collection of observable public posts,0,data/raw/fortune_x_2025_ranked/010_cencora/accounts/01_primary_cencoraglobal,@CencoraGlobal,https://x.com/CencoraGlobal,primary,1
10,Cencora,@CencoraGlobal,1787529174040625406,Mon May 06 17:05:40 +0000 2024,"Our virtual ThinkLive Cell and Gene Therapy Summit will welcome global company leaders, providers and field experts shaping the future of healthcare on May 14-15th.  

Learn about the event: https://t.co/XCgTVZtpBl https://t.co/I6mZhzITQe",https://x.com/CencoraGlobal/status/1787529174040625406,0,1,1,0,true,false,,2026-06-12T19:12:47.708607+00:00,capped browser-based collection of observable public posts,0,data/raw/fortune_x_2025_ranked/010_cencora/accounts/01_primary_cencoraglobal,@CencoraGlobal,https://x.com/CencoraGlobal,primary,1
10,Cencora,@CencoraGlobal,1785395732175782080,Tue Apr 30 19:48:08 +0000 2024,"During the recent Reuters Pharma USA conference, Lung I-Cheng, VP of cell and gene therapy, had a chance to talk to @pharmaphorum about the evolution of CGT, current momentum, and standardization across the industry. 

Watch the discussion: https://t.co/4tDhEgbKx9 https://t.co/0ODt7YAlip",https://x.com/CencoraGlobal/status/1785395732175782080,0,1,1,0,true,false,,2026-06-12T19:12:47.708607+00:00,capped browser-based collection of observable public posts,0,data/raw/fortune_x_2025_ranked/010_cencora/accounts/01_primary_cencoraglobal,@CencoraGlobal,https://x.com/CencoraGlobal,primary,1
10,Cencora,@CencoraGlobal,1785022554719056371,Mon Apr 29 19:05:15 +0000 2024,"The IRA allows the federal government to negotiate U.S drug prices for the first time.
Our experts consider how the U.S system may evolve based on comparison with established price-negotiation processes in other countries. 

Read: https://t.co/hhH3Xqaz3a https://t.co/wkOcjj8vas",https://x.com/CencoraGlobal/status/1785022554719056371,0,1,1,0,true,false,,2026-06-12T19:12:47.708607+00:00,capped browser-based collection of observable public posts,0,data/raw/fortune_x_2025_ranked/010_cencora/accounts/01_primary_cencoraglobal,@CencoraGlobal,https://x.com/CencoraGlobal,primary,1
10,Cencora,@CencoraGlobal,1783871216769524209,Fri Apr 26 14:50:15 +0000 2024,"As they prepare for unknowns, companies should prioritize strategic IRA planning.
 
In a recent article in @PharmExec, VP of Reimbursement &amp; Policy Insights Corey Ford explains how biopharma companies can plan to navigate the implications of the IRA: https://t.co/jGtJNhFxPD https://t.co/UkeIfiEJDN",https://x.com/CencoraGlobal/status/1783871216769524209,0,1,1,0,true,false,,2026-06-12T19:12:47.708607+00:00,capped browser-based collection of observable public posts,0,data/raw/fortune_x_2025_ranked/010_cencora/accounts/01_primary_cencoraglobal,@CencoraGlobal,https://x.com/CencoraGlobal,primary,1
10,Cencora,@CencoraGlobal,1783594395859578907,Thu Apr 25 20:30:16 +0000 2024,"We are proud to share our inaugural biopharma event dedicated to exploring the future of cell and gene therapy: Cencora ThinkLive CGT Summit.

Learn more: https://t.co/P70yKptqHf https://t.co/uvLfEpV0zW",https://x.com/CencoraGlobal/status/1783594395859578907,0,1,1,0,true,false,,2026-06-12T19:12:47.708607+00:00,capped browser-based collection of observable public posts,0,data/raw/fortune_x_2025_ranked/010_cencora/accounts/01_primary_cencoraglobal,@CencoraGlobal,https://x.com/CencoraGlobal,primary,1
10,Cencora,@CencoraGlobal,1782816765854060610,Tue Apr 23 17:00:14 +0000 2024,"We are always looking forward at new innovations. While we have already started to capitalize on AI integrations, we will continue to do so to improve our customer experience. 

Listen to CEO Steve Collis speak about how we seek tools to improve our customer experience: https://t.co/UccSmrfYbU",https://x.com/CencoraGlobal/status/1782816765854060610,0,1,5,0,true,false,,2026-06-12T19:12:47.708607+00:00,capped browser-based collection of observable public posts,0,data/raw/fortune_x_2025_ranked/010_cencora/accounts/01_primary_cencoraglobal,@CencoraGlobal,https://x.com/CencoraGlobal,primary,1
10,Cencora,@CencoraGlobal,1781443964039499962,Fri Apr 19 22:05:13 +0000 2024,"The journey to commercialization success for a biopharma product is filled with challenges, with each step presenting unique hurdles. 

One way to eliminate different hurdles is team communication, called “enterprise thinking”. Read about this approach: https://t.co/GJpwGvnAMo https://t.co/ZMzYe6Q0BE",https://x.com/CencoraGlobal/status/1781443964039499962,0,1,1,0,true,false,,2026-06-12T19:12:47.708607+00:00,capped browser-based collection of observable public posts,0,data/raw/fortune_x_2025_ranked/010_cencora/accounts/01_primary_cencoraglobal,@CencoraGlobal,https://x.com/CencoraGlobal,primary,1
10,Cencora,@CencoraGlobal,1780719153663340756,Wed Apr 17 22:05:05 +0000 2024,"We pride ourselves on being allies to our network of @WeAreGNP members. By providing the benefits like marketing, financial support, and staffing assistance,  we cultivate reliable and personalized healthcare. 
 
Listen to CEO Steve Collis on a recent @CNBC Mad Money segment: https://t.co/1UIR3nGqsq",https://x.com/CencoraGlobal/status/1780719153663340756,1,1,1,0,true,false,,2026-06-12T19:12:47.708607+00:00,capped browser-based collection of observable public posts,0,data/raw/fortune_x_2025_ranked/010_cencora/accounts/01_primary_cencoraglobal,@CencoraGlobal,https://x.com/CencoraGlobal,primary,1
10,Cencora,@CencoraGlobal,1780235288381444161,Tue Apr 16 14:02:22 +0000 2024,"April is #EarthMonth. We’re investing in the earth’s future by working to reduce our emissions with renewable energy, alternate fuel vehicles, optimization programs, and more. Our science-based targets will help fight global warming. Learn how: https://t.co/8MiAXX4Aq8 https://t.co/WDkrqgptCV",https://x.com/CencoraGlobal/status/1780235288381444161,0,2,1,0,true,false,,2026-06-12T19:12:47.708607+00:00,capped browser-based collection of observable public posts,0,data/raw/fortune_x_2025_ranked/010_cencora/accounts/01_primary_cencoraglobal,@CencoraGlobal,https://x.com/CencoraGlobal,primary,1
10,Cencora,@CencoraGlobal,1779918037900034338,Mon Apr 15 17:01:44 +0000 2024,"Artificial intelligence is a promising technology to reduce time and workload burden. At the same time, questions about accuracy and transparency arise when considering AI. 

Our experts assessed seven different AI platforms. Read their findings: https://t.co/I52KwravvU https://t.co/drz38yamJ1",https://x.com/CencoraGlobal/status/1779918037900034338,0,1,1,0,true,false,,2026-06-12T19:12:47.708607+00:00,capped browser-based collection of observable public posts,0,data/raw/fortune_x_2025_ranked/010_cencora/accounts/01_primary_cencoraglobal,@CencoraGlobal,https://x.com/CencoraGlobal,primary,1
10,Cencora,@CencoraGlobal,1778800519483453940,Fri Apr 12 15:01:07 +0000 2024,"We are steadfast in our belief in the importance of biosimilars, keeping costs low and innovation high.
 
On a recent @MadMoneyOnCNBC segment, CEO Steve Collis explains why biosimilars are important to us at Cencora: https://t.co/ayZIKVs4Yr",https://x.com/CencoraGlobal/status/1778800519483453940,0,1,1,0,true,false,,2026-06-12T19:12:47.708607+00:00,capped browser-based collection of observable public posts,0,data/raw/fortune_x_2025_ranked/010_cencora/accounts/01_primary_cencoraglobal,@CencoraGlobal,https://x.com/CencoraGlobal,primary,1
10,Cencora,@CencoraGlobal,1778480721817895288,Thu Apr 11 17:50:21 +0000 2024,"Our ERGs celebrate the shared backgrounds &amp; experiences that our team members have in common and work together to strengthen our intersecting communities inside and outside of Cencora. In FY23, our eight ERGs saw a 20% increase over their total membership. https://t.co/29OCSjHrHe https://t.co/tvbOqr7q4l",https://x.com/CencoraGlobal/status/1778480721817895288,0,1,1,1,true,false,,2026-06-12T19:12:47.708607+00:00,capped browser-based collection of observable public posts,0,data/raw/fortune_x_2025_ranked/010_cencora/accounts/01_primary_cencoraglobal,@CencoraGlobal,https://x.com/CencoraGlobal,primary,1
10,Cencora,@CencoraGlobal,1778091917793690063,Wed Apr 10 16:05:23 +0000 2024,"The rapid growth of the CGT sector is revolutionizing disease treatment, but patients often face unique challenges in accessing these transformative therapies. How should pharma brands address this? 

Watch: https://t.co/iQfz1ONDaK https://t.co/1hUpJLgS6G",https://x.com/CencoraGlobal/status/1778091917793690063,0,1,1,0,true,false,,2026-06-12T19:12:47.708607+00:00,capped browser-based collection of observable public posts,0,data/raw/fortune_x_2025_ranked/010_cencora/accounts/01_primary_cencoraglobal,@CencoraGlobal,https://x.com/CencoraGlobal,primary,1
10,Cencora,@CencoraGlobal,1776257256968929512,Fri Apr 05 14:35:05 +0000 2024,"Cencora is at the center of healthcare, united under a strong global brand. 
 
Listen to CEO Steve Collis speak about what our new name means to him on a recent @MadMoneyOnCNBC appearance. https://t.co/Gh75wqFJzt",https://x.com/CencoraGlobal/status/1776257256968929512,0,1,3,0,true,false,,2026-06-12T19:12:47.708607+00:00,capped browser-based collection of observable public posts,0,data/raw/fortune_x_2025_ranked/010_cencora/accounts/01_primary_cencoraglobal,@CencoraGlobal,https://x.com/CencoraGlobal,primary,1
10,Cencora,@CencoraGlobal,1775566484703490158,Wed Apr 03 16:50:13 +0000 2024,"Our transportation operations have a global impact, so we collaborate with our fleet management and courier partners to identify opportunities to optimize the efficient transportation of our goods. #EarthMonth

Explore our earth-friendly initiatives: https://t.co/8wuWr6VLBy https://t.co/Y51wbq55Lm",https://x.com/CencoraGlobal/status/1775566484703490158,0,2,2,0,true,false,,2026-06-12T19:12:47.708607+00:00,capped browser-based collection of observable public posts,0,data/raw/fortune_x_2025_ranked/010_cencora/accounts/01_primary_cencoraglobal,@CencoraGlobal,https://x.com/CencoraGlobal,primary,1
10,Cencora,@CencoraGlobal,1775521209347613054,Wed Apr 03 13:50:18 +0000 2024,"While there is optimism around cell &amp;  gene therapies in 2024, experts are exercising caution over how to address industry pain points in the evolving landscape. 

Learn how industry efforts are expanding patient access to CGTs by addressing pain points.
https://t.co/QKCI7pkF0Z https://t.co/ncR9hM3f1A",https://x.com/CencoraGlobal/status/1775521209347613054,0,1,1,0,true,false,,2026-06-12T19:12:47.708607+00:00,capped browser-based collection of observable public posts,0,data/raw/fortune_x_2025_ranked/010_cencora/accounts/01_primary_cencoraglobal,@CencoraGlobal,https://x.com/CencoraGlobal,primary,1
10,Cencora,@CencoraGlobal,1773356890539307247,Thu Mar 28 14:30:04 +0000 2024,"In the pharma value chain, we are the distributors for your go-to providers and prescriptions and the consultants for upstream customers. 
 
Steve Collis shares how we support the product life cycle and value-based care on @MadMoneyOnCNBC: https://t.co/Gy8BKNaET2",https://x.com/CencoraGlobal/status/1773356890539307247,0,2,3,0,true,false,,2026-06-12T19:12:47.708607+00:00,capped browser-based collection of observable public posts,0,data/raw/fortune_x_2025_ranked/010_cencora/accounts/01_primary_cencoraglobal,@CencoraGlobal,https://x.com/CencoraGlobal,primary,1
10,Cencora,@CencoraGlobal,1773038582409654682,Wed Mar 27 17:25:14 +0000 2024,"We play a critical role at the center of the global pharmaceutical value chain, which allows us to make an impact on the communities where we live and work.  
 
While we have many strong initiatives in our FY23 ESG Report, our work is never done. https://t.co/fiCDBB8qNK https://t.co/8BwV2JJcnh",https://x.com/CencoraGlobal/status/1773038582409654682,0,1,0,0,true,false,,2026-06-12T19:12:47.708607+00:00,capped browser-based collection of observable public posts,0,data/raw/fortune_x_2025_ranked/010_cencora/accounts/01_primary_cencoraglobal,@CencoraGlobal,https://x.com/CencoraGlobal,primary,1
10,Cencora,@CencoraGlobal,1772671155381391854,Tue Mar 26 17:05:12 +0000 2024,"Technology informs and influences the healthcare purchasing process for young consumers. 
 
In a recent interview with @DrugStoreNews, Phyllis Houston, VP of Pharmacy Enablement and Performance, speaks about developing trust with Gen Z online: https://t.co/LyEz2aZGu4 https://t.co/q0zZXqgY2T",https://x.com/CencoraGlobal/status/1772671155381391854,0,1,1,0,true,false,,2026-06-12T19:12:47.708607+00:00,capped browser-based collection of observable public posts,0,data/raw/fortune_x_2025_ranked/010_cencora/accounts/01_primary_cencoraglobal,@CencoraGlobal,https://x.com/CencoraGlobal,primary,1
10,Cencora,@CencoraGlobal,1771221608088105186,Fri Mar 22 17:05:13 +0000 2024,"While our work to foster a culture of global inclusion advanced in FY23, we recognize that the work is never done.  

As we progress as a company, so will our DEI initiatives. Learn about our goals for the future: https://t.co/1q0j5nt1ru https://t.co/XDyHcb2Q9U",https://x.com/CencoraGlobal/status/1771221608088105186,0,0,1,0,true,false,,2026-06-12T19:12:47.708607+00:00,capped browser-based collection of observable public posts,0,data/raw/fortune_x_2025_ranked/010_cencora/accounts/01_primary_cencoraglobal,@CencoraGlobal,https://x.com/CencoraGlobal,primary,1
10,Cencora,@CencoraGlobal,1770133227421802922,Tue Mar 19 17:00:23 +0000 2024,"Our RFID-enabled Medication Tray solution works to make the healthcare industry more efficient. 
 
In a recent interview with @RFIDJournal, Beth Riggio, VP of Global Products and Solutions, speaks about how our solution helps pharmacies maximize resources: https://t.co/mdxsZRL0h3 https://t.co/15zMvCuDaz",https://x.com/CencoraGlobal/status/1770133227421802922,0,0,0,0,true,false,,2026-06-12T19:12:47.708607+00:00,capped browser-based collection of observable public posts,0,data/raw/fortune_x_2025_ranked/010_cencora/accounts/01_primary_cencoraglobal,@CencoraGlobal,https://x.com/CencoraGlobal,primary,1
10,Cencora,@CencoraGlobal,1769777086938366093,Mon Mar 18 17:25:13 +0000 2024,"How does single-use packaging in pharma logistics impact the environment? Are greener solutions always more expensive?

Our experts discuss the importance of green practices and cleanliness in reusable packaging: https://t.co/OBNha2QV5H https://t.co/JQgrDWEzsW",https://x.com/CencoraGlobal/status/1769777086938366093,0,0,2,0,true,false,,2026-06-12T19:12:47.708607+00:00,capped browser-based collection of observable public posts,0,data/raw/fortune_x_2025_ranked/010_cencora/accounts/01_primary_cencoraglobal,@CencoraGlobal,https://x.com/CencoraGlobal,primary,1
10,Cencora,@CencoraGlobal,1768653494750253116,Fri Mar 15 15:00:27 +0000 2024,"Our team members can bring their authentic selves to work every day if we create an environment where they feel comfortable, valued, and supported.  

We are constantly evolving through our variety of initiatives to foster a healthy, supportive workplace. https://t.co/hHPYnbnsMK https://t.co/XBn1Xx1g2U",https://x.com/CencoraGlobal/status/1768653494750253116,2,0,1,1,true,false,,2026-06-12T19:12:47.708607+00:00,capped browser-based collection of observable public posts,0,data/raw/fortune_x_2025_ranked/010_cencora/accounts/01_primary_cencoraglobal,@CencoraGlobal,https://x.com/CencoraGlobal,primary,1
10,Cencora,@CencoraGlobal,1768306177157255334,Thu Mar 14 16:00:20 +0000 2024,"We are committed to helping our clients navigate the challenges brought on by the Inflation Reduction Act. 
 
In a recent interview, VP of Reimbursement &amp; Policy Insights Corey Ford speaks to @PharmaCommerce about the Act and its consequences: https://t.co/dz7qQwfHW5 https://t.co/shBMlhPEG1",https://x.com/CencoraGlobal/status/1768306177157255334,0,0,0,0,true,false,,2026-06-12T19:12:47.708607+00:00,capped browser-based collection of observable public posts,0,data/raw/fortune_x_2025_ranked/010_cencora/accounts/01_primary_cencoraglobal,@CencoraGlobal,https://x.com/CencoraGlobal,primary,1
10,Cencora,@CencoraGlobal,1767531593973780940,Tue Mar 12 12:42:25 +0000 2024,"Today, we announced COO Robert Mauch will succeed Steve Collis as Cencora’s next President and CEO, effective October 1, 2024.

Bob will continue to advance Cencora’s purpose-driven, pharmaceutical-centric strategy. Steve will transition to Executive Chair of the Board.

Read more: https://t.co/CfwSCbwLt7",https://x.com/CencoraGlobal/status/1767531593973780940,0,1,8,0,true,false,,2026-06-12T19:12:47.708607+00:00,capped browser-based collection of observable public posts,0,data/raw/fortune_x_2025_ranked/010_cencora/accounts/01_primary_cencoraglobal,@CencoraGlobal,https://x.com/CencoraGlobal,primary,1
10,Cencora,@CencoraGlobal,1767188898550075884,Mon Mar 11 14:00:40 +0000 2024,"RFID helps ensure inventory visibility for all parts of the supply chain and minimizes disruptions for patients in need. 
 
In a recent interview with @FreseniusKabi, Beth Riggio explains why we consider RFID an enabler of supply chain stability: https://t.co/Ykqnxk1Z6b https://t.co/3FkhkCWpNw",https://x.com/CencoraGlobal/status/1767188898550075884,0,0,0,0,true,false,,2026-06-12T19:12:47.708607+00:00,capped browser-based collection of observable public posts,0,data/raw/fortune_x_2025_ranked/010_cencora/accounts/01_primary_cencoraglobal,@CencoraGlobal,https://x.com/CencoraGlobal,primary,1
10,Cencora,@CencoraGlobal,1766101825776648543,Fri Mar 08 14:01:02 +0000 2024,"Celebrating #IWD gives us the opportunity to appreciate and acknowledge the incredible contributions of the women in our lives, both within Cencora and beyond, while recognizing the work ahead to achieve gender equality. https://t.co/k2aQBcOvVc",https://x.com/CencoraGlobal/status/1766101825776648543,0,0,1,0,true,false,,2026-06-12T19:12:47.708607+00:00,capped browser-based collection of observable public posts,0,data/raw/fortune_x_2025_ranked/010_cencora/accounts/01_primary_cencoraglobal,@CencoraGlobal,https://x.com/CencoraGlobal,primary,1
10,Cencora,@CencoraGlobal,1765769583464489291,Thu Mar 07 16:00:49 +0000 2024,"What’s in store for the future of pharma? 
 
In a recent interview, VP of Reimbursement &amp; Policy Insights Corey Ford talks to @PharmaCommerce about the Inflation Reduction Act and about speaking at the 2024 PAP Conference: https://t.co/baKPHzXYwq https://t.co/a8hPuSScFO",https://x.com/CencoraGlobal/status/1765769583464489291,0,0,0,0,true,false,,2026-06-12T19:12:47.708607+00:00,capped browser-based collection of observable public posts,0,data/raw/fortune_x_2025_ranked/010_cencora/accounts/01_primary_cencoraglobal,@CencoraGlobal,https://x.com/CencoraGlobal,primary,1
10,Cencora,@CencoraGlobal,1765475698251006207,Wed Mar 06 20:33:02 +0000 2024,"In support of a healthier planet, we have committed to advancing environmental sustainability initiatives across our operations and supply chain. 
 
Some of these initiatives include sustainable and reusable packaging and implementing alternative fuel.. https://t.co/y8N40xP35s https://t.co/JLviv3qtPi",https://x.com/CencoraGlobal/status/1765475698251006207,0,1,0,0,true,false,,2026-06-12T19:12:47.708607+00:00,capped browser-based collection of observable public posts,0,data/raw/fortune_x_2025_ranked/010_cencora/accounts/01_primary_cencoraglobal,@CencoraGlobal,https://x.com/CencoraGlobal,primary,1
10,Cencora,@CencoraGlobal,1764697484893229473,Mon Mar 04 17:00:41 +0000 2024,"In FY23, we worked globally to integrate our teams &amp; enhance our culture of inclusion to create a more profound sense of belonging among our team members. Learn about our efforts in our FY23 Diversity, Equity, and Inclusion Progress Report, available now: https://t.co/xptCrD3AiL https://t.co/zY8eU9VDKz",https://x.com/CencoraGlobal/status/1764697484893229473,0,0,0,1,true,false,,2026-06-12T19:12:47.708607+00:00,capped browser-based collection of observable public posts,0,data/raw/fortune_x_2025_ranked/010_cencora/accounts/01_primary_cencoraglobal,@CencoraGlobal,https://x.com/CencoraGlobal,primary,1
10,Cencora,@CencoraGlobal,1763597879568924942,Fri Mar 01 16:11:15 +0000 2024,"To our team members: thank you for all you do, today and every day, to create healthier futures. https://t.co/8XTKcD8GfK",https://x.com/CencoraGlobal/status/1763597879568924942,0,0,2,0,true,false,,2026-06-12T19:12:47.708607+00:00,capped browser-based collection of observable public posts,0,data/raw/fortune_x_2025_ranked/010_cencora/accounts/01_primary_cencoraglobal,@CencoraGlobal,https://x.com/CencoraGlobal,primary,1
10,Cencora,@CencoraGlobal,1760016534372565424,Tue Feb 20 19:00:15 +0000 2024,"Our team members are our biggest asset.  
 
That’s why this year we expanded our benefits to begin on day one, increased our parental leave in the U.S., and offered virtual access to mental health and behavioral services. Read more in our FY23 ESG Report. https://t.co/QRzFEmesUQ https://t.co/h50AF5yiou",https://x.com/CencoraGlobal/status/1760016534372565424,1,0,3,0,true,false,,2026-06-12T19:12:47.708607+00:00,capped browser-based collection of observable public posts,0,data/raw/fortune_x_2025_ranked/010_cencora/accounts/01_primary_cencoraglobal,@CencoraGlobal,https://x.com/CencoraGlobal,primary,1
10,Cencora,@CencoraGlobal,1759623957949350258,Mon Feb 19 17:00:18 +0000 2024,"With the increasing number of CGT products in clinical development, FormularyDecisions has launched a new resource designed to provide healthcare payers with centralized access to information on approved therapies and products in the pipeline. https://t.co/mj2lPwyHsB https://t.co/T6Nt9FIHFs",https://x.com/CencoraGlobal/status/1759623957949350258,0,0,1,0,true,false,,2026-06-12T19:12:47.708607+00:00,capped browser-based collection of observable public posts,0,data/raw/fortune_x_2025_ranked/010_cencora/accounts/01_primary_cencoraglobal,@CencoraGlobal,https://x.com/CencoraGlobal,primary,1
10,Cencora,@CencoraGlobal,1758536812090278318,Fri Feb 16 17:00:22 +0000 2024,"We are proud to share that our Heather Zenk, President of Supply Chain Operations &amp; Distribution Services, has been recognized by @SupplyChainD as a Top Chief Supply Chain Officer (CSCO). 

Learn more: https://t.co/pQGApceOQm https://t.co/QDB8vd6z0k",https://x.com/CencoraGlobal/status/1758536812090278318,1,0,7,0,true,false,,2026-06-12T19:12:47.708607+00:00,capped browser-based collection of observable public posts,0,data/raw/fortune_x_2025_ranked/010_cencora/accounts/01_primary_cencoraglobal,@CencoraGlobal,https://x.com/CencoraGlobal,primary,1
10,Cencora,@CencoraGlobal,1757859810521862462,Wed Feb 14 20:10:12 +0000 2024,"CGT is potentially transformative for patients, but difficulties with patient access, high costs, and complex treatment pathways undermine its effectiveness.

Read our expert's playbook to learn more: 
https://t.co/qqEdblajd7 https://t.co/MxTWazPcMg",https://x.com/CencoraGlobal/status/1757859810521862462,0,0,1,0,true,false,,2026-06-12T19:12:47.708607+00:00,capped browser-based collection of observable public posts,0,data/raw/fortune_x_2025_ranked/010_cencora/accounts/01_primary_cencoraglobal,@CencoraGlobal,https://x.com/CencoraGlobal,primary,1
10,Cencora,@CencoraGlobal,1757796961606934955,Wed Feb 14 16:00:28 +0000 2024,"Our FY23 Environmental, Social, and Governance Report is here. Healthier futures start with the health of our people and planet, which is why we are committed to building partnerships and operations that benefit our stakeholders: https://t.co/rZOyKMe9HM https://t.co/ChvOi7hfcI",https://x.com/CencoraGlobal/status/1757796961606934955,0,1,2,1,true,false,,2026-06-12T19:12:47.708607+00:00,capped browser-based collection of observable public posts,0,data/raw/fortune_x_2025_ranked/010_cencora/accounts/01_primary_cencoraglobal,@CencoraGlobal,https://x.com/CencoraGlobal,primary,1
10,Cencora,@CencoraGlobal,1757071094551310546,Mon Feb 12 15:56:08 +0000 2024,"We are so proud to be named a 2024 Sustainability Yearbook Member by @SPGlobal. 

The award recognizes companies within respective industries that have demonstrated strengths in corporate sustainability. Learn more: https://t.co/V1E6Ka7AQd https://t.co/XoBN0YXjzG",https://x.com/CencoraGlobal/status/1757071094551310546,1,0,2,0,true,false,,2026-06-12T19:12:47.708607+00:00,capped browser-based collection of observable public posts,0,data/raw/fortune_x_2025_ranked/010_cencora/accounts/01_primary_cencoraglobal,@CencoraGlobal,https://x.com/CencoraGlobal,primary,1
10,Cencora,@CencoraGlobal,1755985023201624173,Fri Feb 09 16:00:28 +0000 2024,"The healthcare landscape is witnessing transformative growth with the advancement of cell and gene therapies. This rapid growth also presents unique challenges, particularly in logistics and delivery. 

Learn from our experts: https://t.co/2bSNbro61F https://t.co/0JHmH1b7yl",https://x.com/CencoraGlobal/status/1755985023201624173,0,0,1,0,true,false,,2026-06-12T19:12:47.708607+00:00,capped browser-based collection of observable public posts,0,data/raw/fortune_x_2025_ranked/010_cencora/accounts/01_primary_cencoraglobal,@CencoraGlobal,https://x.com/CencoraGlobal,primary,1
10,Cencora,@CencoraGlobal,1755716121565520246,Thu Feb 08 22:11:57 +0000 2024,"FormularyDecisions has launched a new resource designed to provide healthcare payers with centralized access to information on approved cell and gene therapies and products in the pipeline. 

Learn about the resource:  https://t.co/9NTC23MSoI https://t.co/jGv94NyWCC",https://x.com/CencoraGlobal/status/1755716121565520246,0,0,1,0,true,false,,2026-06-12T19:12:47.708607+00:00,capped browser-based collection of observable public posts,0,data/raw/fortune_x_2025_ranked/010_cencora/accounts/01_primary_cencoraglobal,@CencoraGlobal,https://x.com/CencoraGlobal,primary,1
10,Cencora,@CencoraGlobal,1755239838352060651,Wed Feb 07 14:39:22 +0000 2024,"At Cencora, we believe healthier futures start with the health of our people and planet, so we engage with people and partners who share our passion for supporting communities to amplify our impact in the world. 
 
See our progress in our FY23 ESG Report:  https://t.co/UEkOau2Vpo https://t.co/rXX7MLJIVH",https://x.com/CencoraGlobal/status/1755239838352060651,0,2,3,0,true,false,,2026-06-12T19:12:47.708607+00:00,capped browser-based collection of observable public posts,0,data/raw/fortune_x_2025_ranked/010_cencora/accounts/01_primary_cencoraglobal,@CencoraGlobal,https://x.com/CencoraGlobal,primary,1
10,Cencora,@CencoraGlobal,1753448307886530818,Fri Feb 02 16:00:28 +0000 2024,"As advancements of life-saving therapies like cell and gene progress, new approvals could be on the horizon.  
 
Our experts chatted about navigating the different and sometimes contradictory regulatory requirements in the US and EU: https://t.co/hMvkxLK9WY https://t.co/4VIY1oYZa3",https://x.com/CencoraGlobal/status/1753448307886530818,1,0,1,0,true,false,,2026-06-12T19:12:47.708607+00:00,capped browser-based collection of observable public posts,0,data/raw/fortune_x_2025_ranked/010_cencora/accounts/01_primary_cencoraglobal,@CencoraGlobal,https://x.com/CencoraGlobal,primary,1
10,Cencora,@CencoraGlobal,1752803192075592102,Wed Jan 31 21:17:01 +0000 2024,"With increased demand for specialized products, World Courier will be opening three new facilities in the U.S. 

This advances our company's capacity to store, handle, and transport complex specialty pharmaceutical products. https://t.co/X0iGIWpLuZ https://t.co/zaCCzoi4yS",https://x.com/CencoraGlobal/status/1752803192075592102,0,0,2,0,true,false,,2026-06-12T19:12:47.708607+00:00,capped browser-based collection of observable public posts,0,data/raw/fortune_x_2025_ranked/010_cencora/accounts/01_primary_cencoraglobal,@CencoraGlobal,https://x.com/CencoraGlobal,primary,1
10,Cencora,@CencoraGlobal,1752346007185080509,Tue Jan 30 15:00:19 +0000 2024,"We use our global reach to avoid delays, focus on our breadth of services, &amp; drive customer growth. 
 
Learn more about how we are tapping into customer needs in 2024 in a @Pharmacy_Times interview with President of Corporate Partnerships, Claire Biermaas: https://t.co/g496RzRD1J https://t.co/fuTNsUZQGz",https://x.com/CencoraGlobal/status/1752346007185080509,0,0,2,0,true,false,,2026-06-12T19:12:47.708607+00:00,capped browser-based collection of observable public posts,0,data/raw/fortune_x_2025_ranked/010_cencora/accounts/01_primary_cencoraglobal,@CencoraGlobal,https://x.com/CencoraGlobal,primary,1
10,Cencora,@CencoraGlobal,1750939482545668577,Fri Jan 26 17:51:18 +0000 2024,"Right now is a critical time for health systems to have a comprehensive infusion strategy. 

Our Toni Giglio spoke with Dan Teich and Justin Whitset about why an infusion strategy can retain revenue and improve patient outcomes. Read the article: https://t.co/qWp4hbpdhf https://t.co/4aYYcaJUi4",https://x.com/CencoraGlobal/status/1750939482545668577,0,0,2,0,true,false,,2026-06-12T19:12:47.708607+00:00,capped browser-based collection of observable public posts,0,data/raw/fortune_x_2025_ranked/010_cencora/accounts/01_primary_cencoraglobal,@CencoraGlobal,https://x.com/CencoraGlobal,primary,1
10,Cencora,@CencoraGlobal,1750579363509084390,Thu Jan 25 18:00:19 +0000 2024,"Patients with life-threatening conditions need access to investigational medicines outside of clinical trials. Expanding Early Access Programs can help. 
 
Our experts discuss the value of these programs with @pharmaphorum. https://t.co/zDMHbGq9Hn",https://x.com/CencoraGlobal/status/1750579363509084390,0,0,1,0,true,false,,2026-06-12T19:12:47.708607+00:00,capped browser-based collection of observable public posts,0,data/raw/fortune_x_2025_ranked/010_cencora/accounts/01_primary_cencoraglobal,@CencoraGlobal,https://x.com/CencoraGlobal,primary,1
10,Cencora,@CencoraGlobal,1750186803036881110,Wed Jan 24 16:00:25 +0000 2024,"Amid pharmacy burnout and labor shortages, partnerships with distributors are fundamental to adapting to the healthcare landscape.
 
Learn how we support pharmacies in a @Pharmacy_Times interview with President of Corporate Partnerships, Clair Biermaas: https://t.co/E7EAC1dn0K",https://x.com/CencoraGlobal/status/1750186803036881110,1,0,4,0,true,false,,2026-06-12T19:12:47.708607+00:00,capped browser-based collection of observable public posts,0,data/raw/fortune_x_2025_ranked/010_cencora/accounts/01_primary_cencoraglobal,@CencoraGlobal,https://x.com/CencoraGlobal,primary,1
10,Cencora,@CencoraGlobal,1749854590239986016,Tue Jan 23 18:00:19 +0000 2024,"The cell and gene therapy (CGT) sector is entering a new era.  
 
The path to commercialization of CGT products is complex and lined with challenges that can delay market entry and impact product success Read our expert's guide: https://t.co/VudpWdSP32 https://t.co/9GNAQWIarC",https://x.com/CencoraGlobal/status/1749854590239986016,0,0,1,0,true,false,,2026-06-12T19:12:47.708607+00:00,capped browser-based collection of observable public posts,0,data/raw/fortune_x_2025_ranked/010_cencora/accounts/01_primary_cencoraglobal,@CencoraGlobal,https://x.com/CencoraGlobal,primary,1
10,Cencora,@CencoraGlobal,1749446914284650842,Mon Jan 22 15:00:22 +0000 2024,"Cencora, formerly AmerisourceBergen, is making a positive impact in healthcare with our diverse global network of 46,000+ team members. 

We all feel a true sense of belonging and connection to our purpose. See why DEI is important to us. https://t.co/BXkC2rbR1M https://t.co/5tptoieaOg",https://x.com/CencoraGlobal/status/1749446914284650842,0,1,3,0,true,false,,2026-06-12T19:12:47.708607+00:00,capped browser-based collection of observable public posts,0,data/raw/fortune_x_2025_ranked/010_cencora/accounts/01_primary_cencoraglobal,@CencoraGlobal,https://x.com/CencoraGlobal,primary,1
10,Cencora,@CencoraGlobal,1748396002053099846,Fri Jan 19 17:24:25 +0000 2024,"Cencora believes in the power of pharmaceuticals to make a positive difference in the lives of people and animals. We’re building on the legacy of AmerisourceBergen to create an experience that’s better for patients, partners, and healthcare providers. https://t.co/Dj2tRr9yfT https://t.co/AS4UqwmOiA",https://x.com/CencoraGlobal/status/1748396002053099846,0,0,2,0,true,false,,2026-06-12T19:12:47.708607+00:00,capped browser-based collection of observable public posts,0,data/raw/fortune_x_2025_ranked/010_cencora/accounts/01_primary_cencoraglobal,@CencoraGlobal,https://x.com/CencoraGlobal,primary,1
10,Cencora,@CencoraGlobal,1747363155313840232,Tue Jan 16 21:00:15 +0000 2024,"After devoting resources to the development of a #cellandgene therapy that improves patients’ lives, ensuring that patients can truly reap the benefits of the innovation is essential. 
 
Read our experts guide for unlocking #CGT potential: https://t.co/Ao4ItMfXxq https://t.co/KdRXsoUGhI",https://x.com/CencoraGlobal/status/1747363155313840232,0,0,1,0,true,false,,2026-06-12T19:12:47.708607+00:00,capped browser-based collection of observable public posts,0,data/raw/fortune_x_2025_ranked/010_cencora/accounts/01_primary_cencoraglobal,@CencoraGlobal,https://x.com/CencoraGlobal,primary,1
10,Cencora,@CencoraGlobal,1745838127732658262,Fri Jan 12 16:00:20 +0000 2024,"Cencora, formerly AmerisourceBergen, is a leading global pharmaceutical solutions company rooted in what we've always considered most important: keeping customers, their patients, and team members at the center of everything we do. Learn more. https://t.co/PLojzcA6UB https://t.co/xlo5zXPPnF",https://x.com/CencoraGlobal/status/1745838127732658262,0,0,4,0,true,false,,2026-06-12T19:12:47.708607+00:00,capped browser-based collection of observable public posts,0,data/raw/fortune_x_2025_ranked/010_cencora/accounts/01_primary_cencoraglobal,@CencoraGlobal,https://x.com/CencoraGlobal,primary,1
10,Cencora,@CencoraGlobal,1745536118886367694,Thu Jan 11 20:00:15 +0000 2024,"What’s next for the retail pharmacy industry?

Our leaders, Jennifer Zilka and Claire Biermaas spoke with @ChainDrugReview about what to expect for 2024 and the challenges that exist in supply chain shortages and pharmacy awareness. https://t.co/jMIiUXMw77",https://x.com/CencoraGlobal/status/1745536118886367694,0,0,0,0,true,false,,2026-06-12T19:12:47.708607+00:00,capped browser-based collection of observable public posts,0,data/raw/fortune_x_2025_ranked/010_cencora/accounts/01_primary_cencoraglobal,@CencoraGlobal,https://x.com/CencoraGlobal,primary,1
10,Cencora,@CencoraGlobal,1745460635134226546,Thu Jan 11 15:00:19 +0000 2024,"From clinical development to the commercialization journey, we're here for every step of the process. 

Listen to Sandra Anderson and Chris Williams discuss strategies biopharma companies should follow when launching a product with @pharmaphorum. https://t.co/xKcFSU1oxj https://t.co/Oi2Vd9Ip2D",https://x.com/CencoraGlobal/status/1745460635134226546,0,0,2,0,true,false,,2026-06-12T19:12:47.708607+00:00,capped browser-based collection of observable public posts,0,data/raw/fortune_x_2025_ranked/010_cencora/accounts/01_primary_cencoraglobal,@CencoraGlobal,https://x.com/CencoraGlobal,primary,1
10,Cencora,@CencoraGlobal,1745113361681994180,Wed Jan 10 16:00:22 +0000 2024,"Cell &amp; Gene therapies are revolutionizing how the healthcare industry treats diseases, but unique challenges still face patients in accessing these transformative therapies.  

Heres what pharma companies can do to support patients in an on-demand webinar: https://t.co/cFIdozapLe",https://x.com/CencoraGlobal/status/1745113361681994180,0,0,1,0,true,false,,2026-06-12T19:12:47.708607+00:00,capped browser-based collection of observable public posts,0,data/raw/fortune_x_2025_ranked/010_cencora/accounts/01_primary_cencoraglobal,@CencoraGlobal,https://x.com/CencoraGlobal,primary,1
10,Cencora,@CencoraGlobal,1742967689667051569,Thu Jan 04 17:54:14 +0000 2024,"This year, during our annual Season of Giving campaign, team members contributed over $800,000 to our matching gifts program, and donated to 505 charities across the globe. 

Learn more:  https://t.co/YZ0rw2nzV0",https://x.com/CencoraGlobal/status/1742967689667051569,0,0,3,0,true,false,,2026-06-12T19:12:47.708607+00:00,capped browser-based collection of observable public posts,0,data/raw/fortune_x_2025_ranked/010_cencora/accounts/01_primary_cencoraglobal,@CencoraGlobal,https://x.com/CencoraGlobal,primary,1
10,Cencora,@CencoraGlobal,1742967628119863605,Thu Jan 04 17:53:59 +0000 2024,"The Cencora Impact Foundation launches special campaigns throughout the year for team members, offering matching gifts to amplify team member donations. https://t.co/t9TuKjZQYP",https://x.com/CencoraGlobal/status/1742967628119863605,1,0,5,0,true,false,,2026-06-12T19:12:47.708607+00:00,capped browser-based collection of observable public posts,0,data/raw/fortune_x_2025_ranked/010_cencora/accounts/01_primary_cencoraglobal,@CencoraGlobal,https://x.com/CencoraGlobal,primary,1
10,Cencora,@CencoraGlobal,1742637029211423034,Wed Jan 03 20:00:19 +0000 2024,"Meet Cencora, built on the legacy of AmerisourceBergen. 

The Cencora name has connections to the words center, core, and heart across multiple languages. See how we got here and why. https://t.co/wUdygqLKP2 https://t.co/tVIJRzT5eA",https://x.com/CencoraGlobal/status/1742637029211423034,0,0,7,0,true,false,,2026-06-12T19:12:47.708607+00:00,capped browser-based collection of observable public posts,0,data/raw/fortune_x_2025_ranked/010_cencora/accounts/01_primary_cencoraglobal,@CencoraGlobal,https://x.com/CencoraGlobal,primary,1
10,Cencora,@CencoraGlobal,1740764712575422573,Fri Dec 29 16:00:23 +0000 2023,"In the coming years, World Courier will open transport stations in three new markets in the U.S, expanding its presence &amp; capacity to deliver specialized logistics support as the specialty pharmaceutical market grows.

Read about the expansions: https://t.co/qR2rEReAiu https://t.co/djwNAxITvD",https://x.com/CencoraGlobal/status/1740764712575422573,0,0,4,0,true,false,,2026-06-12T19:12:47.708607+00:00,capped browser-based collection of observable public posts,0,data/raw/fortune_x_2025_ranked/010_cencora/accounts/01_primary_cencoraglobal,@CencoraGlobal,https://x.com/CencoraGlobal,primary,1
10,Cencora,@CencoraGlobal,1740432503716880682,Thu Dec 28 18:00:19 +0000 2023,"Maria, a resident of São Paulo, Brazil lives with a rare genetic disorder that leads to severe complications if untreated. That’s where our team comes in.

In cases like Maria’s, World Courier leverages RTLM to ensure shipments reach the right people. https://t.co/07MLDIoM4C https://t.co/AhWX4d1Gwz",https://x.com/CencoraGlobal/status/1740432503716880682,0,0,3,0,true,false,,2026-06-12T19:12:47.708607+00:00,capped browser-based collection of observable public posts,0,data/raw/fortune_x_2025_ranked/010_cencora/accounts/01_primary_cencoraglobal,@CencoraGlobal,https://x.com/CencoraGlobal,primary,1
10,Cencora,@CencoraGlobal,1738243092539437174,Fri Dec 22 17:00:22 +0000 2023,"Cell and gene therapies are shaping the future of medicine and offering new hope to patients worldwide.

However, the success of CGT requires careful consideration throughout the entire process. Explore our infographic for more:
https://t.co/1bsrou0PtH https://t.co/EbjIZdS0Fk",https://x.com/CencoraGlobal/status/1738243092539437174,0,0,1,0,true,false,,2026-06-12T19:12:47.708607+00:00,capped browser-based collection of observable public posts,0,data/raw/fortune_x_2025_ranked/010_cencora/accounts/01_primary_cencoraglobal,@CencoraGlobal,https://x.com/CencoraGlobal,primary,1
10,Cencora,@CencoraGlobal,1737513241704571055,Wed Dec 20 16:40:12 +0000 2023,"Cell and gene therapies are shaping the future of medicine and offering new hope to patients worldwide.

However, the success of CGT requires careful consideration throughout the entire process. Explore our infographic for more:
https://t.co/XSFpCt3ruB https://t.co/Qgzr810d1h",https://x.com/CencoraGlobal/status/1737513241704571055,0,0,1,0,true,false,,2026-06-12T19:12:47.708607+00:00,capped browser-based collection of observable public posts,0,data/raw/fortune_x_2025_ranked/010_cencora/accounts/01_primary_cencoraglobal,@CencoraGlobal,https://x.com/CencoraGlobal,primary,1
10,Cencora,@CencoraGlobal,1735328905060335656,Thu Dec 14 16:00:26 +0000 2023,"Patients are struggling to access and afford the medications they depend on. 

Learn how we’re breaking down barriers across the treatment journey through data-powered patient support in @pharmacommerce: https://t.co/8UAVT4kzNt https://t.co/4XpOOuSGrf",https://x.com/CencoraGlobal/status/1735328905060335656,0,0,4,0,true,false,,2026-06-12T19:12:47.708607+00:00,capped browser-based collection of observable public posts,0,data/raw/fortune_x_2025_ranked/010_cencora/accounts/01_primary_cencoraglobal,@CencoraGlobal,https://x.com/CencoraGlobal,primary,1
10,Cencora,@CencoraGlobal,1733139443312144438,Fri Dec 08 15:00:18 +0000 2023,"We have been recognized by the @HRC Foundation as recipients of the Equality 100 Award. This prestigious recognition reflects our unwavering commitment to cultivating an inclusive workplace where everyone feels valued, respected, and empowered. 
 https://t.co/a8xp71l1Ef https://t.co/40opbXg7rQ",https://x.com/CencoraGlobal/status/1733139443312144438,0,2,3,1,true,false,,2026-06-12T19:12:47.708607+00:00,capped browser-based collection of observable public posts,0,data/raw/fortune_x_2025_ranked/010_cencora/accounts/01_primary_cencoraglobal,@CencoraGlobal,https://x.com/CencoraGlobal,primary,1
10,Cencora,@CencoraGlobal,1730632926264443257,Fri Dec 01 17:00:17 +0000 2023,"Our biosimilars experts sat down with @GenericBulletin for a Q&amp;A, which covers the latest developments in the biosimilars market and the impact of the IRA. 

Read the piece: https://t.co/iiqu7DZmwU",https://x.com/CencoraGlobal/status/1730632926264443257,0,0,3,0,true,false,,2026-06-12T19:12:47.708607+00:00,capped browser-based collection of observable public posts,0,data/raw/fortune_x_2025_ranked/010_cencora/accounts/01_primary_cencoraglobal,@CencoraGlobal,https://x.com/CencoraGlobal,primary,1
10,Cencora,@CencoraGlobal,1729877968443601206,Wed Nov 29 15:00:21 +0000 2023,We are proud to participate in the @NYSE Global Giving Campaign to highlight our partnership with Nurse-Family Partnership. Our ornament can be seen at NYSE for their 100th Tree Lighting on Nov. 30 and through the holiday season. #NYSETreeLighting https://t.co/uanaCzfD8m,https://x.com/CencoraGlobal/status/1729877968443601206,0,0,3,0,true,false,,2026-06-12T19:12:47.708607+00:00,capped browser-based collection of observable public posts,0,data/raw/fortune_x_2025_ranked/010_cencora/accounts/01_primary_cencoraglobal,@CencoraGlobal,https://x.com/CencoraGlobal,primary,1
10,Cencora,@CencoraGlobal,1729591245654135208,Tue Nov 28 20:01:01 +0000 2023,"We're committed to doing our part to protect the planet and minimize our environmental impact because, as a healthcare company, we recognize the effects of climate change on human and animal health. https://t.co/9mm2WUie5G https://t.co/GYaXL0Pq32",https://x.com/CencoraGlobal/status/1729591245654135208,0,0,1,0,true,false,,2026-06-12T19:12:47.708607+00:00,capped browser-based collection of observable public posts,0,data/raw/fortune_x_2025_ranked/010_cencora/accounts/01_primary_cencoraglobal,@CencoraGlobal,https://x.com/CencoraGlobal,primary,1
10,Cencora,@CencoraGlobal,1728081112071647316,Fri Nov 24 16:00:17 +0000 2023,"On a recent Running on Ice podcast by @FreightWaves episode, Simon Brinckmann of World Courier provides his expert insights into the game-changing impact of real-time location monitoring on supply chain management.

Listen now: https://t.co/k2a7AmDaBx https://t.co/WcMk1nQYOH",https://x.com/CencoraGlobal/status/1728081112071647316,0,0,0,0,true,false,,2026-06-12T19:12:47.708607+00:00,capped browser-based collection of observable public posts,0,data/raw/fortune_x_2025_ranked/010_cencora/accounts/01_primary_cencoraglobal,@CencoraGlobal,https://x.com/CencoraGlobal,primary,1
10,Cencora,@CencoraGlobal,1727341259600073026,Wed Nov 22 15:00:23 +0000 2023,"Having diverse perspectives, backgrounds, and experiences at every level of our company makes us stronger and more dynamic. It empowers our empathy and fuels our innovation.  

Learn more: https://t.co/L0vv2TDVPk https://t.co/LCxY7jaC9h",https://x.com/CencoraGlobal/status/1727341259600073026,0,1,1,1,true,false,,2026-06-12T19:12:47.708607+00:00,capped browser-based collection of observable public posts,0,data/raw/fortune_x_2025_ranked/010_cencora/accounts/01_primary_cencoraglobal,@CencoraGlobal,https://x.com/CencoraGlobal,primary,1
10,Cencora,@CencoraGlobal,1726993961456111968,Tue Nov 21 16:00:21 +0000 2023,"We are committed to promoting viable opportunities for diverse businesses within our communities.  
 
Our AB Marketplace connects our manufacturers — 30% of which are diverse — with our pharmacy customers to help them secure inventory and community needs. https://t.co/CyIhALibrH https://t.co/j6wYgNLdsL",https://x.com/CencoraGlobal/status/1726993961456111968,0,0,0,1,true,false,,2026-06-12T19:12:47.708607+00:00,capped browser-based collection of observable public posts,0,data/raw/fortune_x_2025_ranked/010_cencora/accounts/01_primary_cencoraglobal,@CencoraGlobal,https://x.com/CencoraGlobal,primary,1
10,Cencora,@CencoraGlobal,1726666099473956925,Mon Nov 20 18:17:32 +0000 2023,RT @Viabilityorg: @CencoraGlobal  (formerly AmerisourceBergen) has been awarded the 2023 Viability Inclusive Employer of the Year Award in…,https://x.com/CencoraGlobal/status/1726666099473956925,0,1,0,0,false,false,,2026-06-12T19:12:47.708607+00:00,capped browser-based collection of observable public posts,0,data/raw/fortune_x_2025_ranked/010_cencora/accounts/01_primary_cencoraglobal,@CencoraGlobal,https://x.com/CencoraGlobal,primary,1
10,Cencora,@CencoraGlobal,1726665996356960356,Mon Nov 20 18:17:08 +0000 2023,"RT @Sostento: Sostento is proud to be in attendance at the Cencora Impact Foundation's Grantee Conference! 

It's through partners like @Ce…",https://x.com/CencoraGlobal/status/1726665996356960356,0,3,0,0,false,false,,2026-06-12T19:12:47.708607+00:00,capped browser-based collection of observable public posts,0,data/raw/fortune_x_2025_ranked/010_cencora/accounts/01_primary_cencoraglobal,@CencoraGlobal,https://x.com/CencoraGlobal,primary,1
10,Cencora,@CencoraGlobal,1725223199015588250,Thu Nov 16 18:43:58 +0000 2023,"@CencoraGlobal  (formerly AmerisourceBergen) has been awarded the 2023 Viability Inclusive Employer of the Year Award in recognition of its partnership and inclusive culture and employment of people with disabilities or disadvantages. #InclusivePartner 
https://t.co/Gbgr2MHtIV https://t.co/ioRKI3P8xW",https://x.com/CencoraGlobal/status/1725223199015588250,0,1,2,0,true,false,,2026-06-12T19:12:47.708607+00:00,capped browser-based collection of observable public posts,0,data/raw/fortune_x_2025_ranked/010_cencora/accounts/01_primary_cencoraglobal,@CencoraGlobal,https://x.com/CencoraGlobal,primary,1
10,Cencora,@CencoraGlobal,1724885384784413037,Wed Nov 15 20:21:37 +0000 2023,"Our 2023 Cencora Impact Foundation conference with our partnership organizations concluded today. Our teams collaborated on best practice discussions, workshopped on the future state of nonprofits and networked with peers at our headquarters in Pennsylvania. https://t.co/FMvNK9MxH8",https://x.com/CencoraGlobal/status/1724885384784413037,0,2,5,0,true,false,,2026-06-12T19:12:47.708607+00:00,capped browser-based collection of observable public posts,0,data/raw/fortune_x_2025_ranked/010_cencora/accounts/01_primary_cencoraglobal,@CencoraGlobal,https://x.com/CencoraGlobal,primary,1
10,Cencora,@CencoraGlobal,1724796366453715303,Wed Nov 15 14:27:53 +0000 2023,"Sostento is proud to be in attendance at the Cencora Impact Foundation's Grantee Conference! 

It's through partners like @CencoraGlobal that we're able to maximize the resources, funding, and support for the free and charitable clinics we serve. https://t.co/eK7i3Scpst",https://x.com/CencoraGlobal/status/1724796366453715303,0,3,3,0,true,false,,2026-06-12T19:12:47.708607+00:00,capped browser-based collection of observable public posts,0,data/raw/fortune_x_2025_ranked/010_cencora/accounts/01_primary_cencoraglobal,@CencoraGlobal,https://x.com/CencoraGlobal,primary,1
10,Cencora,@CencoraGlobal,1724563956923036100,Tue Nov 14 23:04:22 +0000 2023,"Our annual Cencora Impact Foundation conference kicked off at our headquarters in Pennsylvania today. The Foundation team, their partners, and Cencora leaders convene for two days of networking, panel discussions on the impact of partnership, and workshopping for the future. https://t.co/Un7yoahLXm",https://x.com/CencoraGlobal/status/1724563956923036100,0,0,2,0,true,false,,2026-06-12T19:12:47.708607+00:00,capped browser-based collection of observable public posts,0,data/raw/fortune_x_2025_ranked/010_cencora/accounts/01_primary_cencoraglobal,@CencoraGlobal,https://x.com/CencoraGlobal,primary,1
10,Cencora,@CencoraGlobal,1724458113275666658,Tue Nov 14 16:03:47 +0000 2023,"Big changes are happening with the EU Joint Clinical Assessment (JCA) process, poised to transform the field. Dive into the #JCA insights as our experts dissect challenges and opportunities.

Watch our on-demand webinar: https://t.co/WetGdL58Uj https://t.co/9lMIvfBh93",https://x.com/CencoraGlobal/status/1724458113275666658,0,1,2,0,true,false,,2026-06-12T19:12:47.708607+00:00,capped browser-based collection of observable public posts,0,data/raw/fortune_x_2025_ranked/010_cencora/accounts/01_primary_cencoraglobal,@CencoraGlobal,https://x.com/CencoraGlobal,primary,1
10,Cencora,@CencoraGlobal,1721950718767050940,Tue Nov 07 18:00:18 +0000 2023,"Cell and gene therapies in the EU offer new hope in treating previously untreatable illnesses. 

The advancement of CGT has led to crucial partnerships for CGT clinical trials.  Download our whitepaper for more: https://t.co/6OwUHBtm6H https://t.co/tQ5F4O0yMl",https://x.com/CencoraGlobal/status/1721950718767050940,0,0,1,0,true,false,,2026-06-12T19:12:47.708607+00:00,capped browser-based collection of observable public posts,0,data/raw/fortune_x_2025_ranked/010_cencora/accounts/01_primary_cencoraglobal,@CencoraGlobal,https://x.com/CencoraGlobal,primary,1
10,Cencora,@CencoraGlobal,1721543048230752274,Mon Nov 06 15:00:22 +0000 2023,"$6.3+ million donated to 80+ nonprofit partners in fiscal year 2022. 

Learn more about the Cencora Impact Foundation’s mission: https://t.co/PyaOd4wgs8 https://t.co/opHNW77L1p",https://x.com/CencoraGlobal/status/1721543048230752274,0,1,2,0,true,false,,2026-06-12T19:12:47.708607+00:00,capped browser-based collection of observable public posts,0,data/raw/fortune_x_2025_ranked/010_cencora/accounts/01_primary_cencoraglobal,@CencoraGlobal,https://x.com/CencoraGlobal,primary,1
10,Cencora,@CencoraGlobal,1720501170542678098,Fri Nov 03 18:00:19 +0000 2023,"We continually seek out ways to reduce our emissions efforts. 

For example, Alloga UK piloted a biomethane tractor unit in 2022, which runs on 100% renewable biomethane sourced from sustainable waste feedstocks and has a range of approximately 350 miles. https://t.co/nBFxUDdbn4 https://t.co/jiyFauaLz1",https://x.com/CencoraGlobal/status/1720501170542678098,0,0,3,0,true,false,,2026-06-12T19:12:47.708607+00:00,capped browser-based collection of observable public posts,0,data/raw/fortune_x_2025_ranked/010_cencora/accounts/01_primary_cencoraglobal,@CencoraGlobal,https://x.com/CencoraGlobal,primary,1
10,Cencora,@CencoraGlobal,1720093485414351293,Thu Nov 02 15:00:19 +0000 2023,"Amidst the heat of Thailand, the World Courier team in Bangkok kept their cool while transporting an urgent temperature-controlled shipment of vaccines destined for babies and young children. 

Learn more in the latest case study now: https://t.co/q2pxAft3hQ https://t.co/5FN6OrH7yt",https://x.com/CencoraGlobal/status/1720093485414351293,0,0,2,0,true,false,,2026-06-12T19:12:47.708607+00:00,capped browser-based collection of observable public posts,0,data/raw/fortune_x_2025_ranked/010_cencora/accounts/01_primary_cencoraglobal,@CencoraGlobal,https://x.com/CencoraGlobal,primary,1
10,Cencora,@CencoraGlobal,1719775955269402758,Wed Nov 01 17:58:34 +0000 2023,"We're committed to doing our part to protect the planet and minimize our environmental impact because, as a healthcare company, we recognize the effects of climate change on human and animal health. https://t.co/TdqDCkbCJQ https://t.co/O94gwQK4bt",https://x.com/CencoraGlobal/status/1719775955269402758,0,1,0,0,true,false,,2026-06-12T19:12:47.708607+00:00,capped browser-based collection of observable public posts,0,data/raw/fortune_x_2025_ranked/010_cencora/accounts/01_primary_cencoraglobal,@CencoraGlobal,https://x.com/CencoraGlobal,primary,1
10,Cencora,@CencoraGlobal,1719398907757596841,Tue Oct 31 17:00:19 +0000 2023,"Biosimilars are often seen as a simple way to lower personal healthcare costs for providers, patients and customers. 

We look at what experts consider industry best practices for biopharma companies bringing biosimilars to market.
https://t.co/D3AqYElRzU https://t.co/d2xSusqfLa",https://x.com/CencoraGlobal/status/1719398907757596841,0,0,0,0,true,false,,2026-06-12T19:12:47.708607+00:00,capped browser-based collection of observable public posts,0,data/raw/fortune_x_2025_ranked/010_cencora/accounts/01_primary_cencoraglobal,@CencoraGlobal,https://x.com/CencoraGlobal,primary,1
10,Cencora,@CencoraGlobal,1717919154102034877,Fri Oct 27 15:00:18 +0000 2023,"We are Cencora, and we believe in the power of pharmaceuticals to make a positive difference in the lives of people and animals. 

Learn why: https://t.co/aEkFDpVwuw https://t.co/GUoOmSTYa8",https://x.com/CencoraGlobal/status/1717919154102034877,0,0,1,0,true,false,,2026-06-12T19:12:47.708607+00:00,capped browser-based collection of observable public posts,0,data/raw/fortune_x_2025_ranked/010_cencora/accounts/01_primary_cencoraglobal,@CencoraGlobal,https://x.com/CencoraGlobal,primary,1
10,Cencora,@CencoraGlobal,1717571886089941034,Thu Oct 26 16:00:23 +0000 2023,"In light of Europe’s new Joint Clinical Assessment process, our experts chatted with @STATNews about what to expect next and how companies should prepare, especially those looking to launch new drugs in Europe.  

Read the op-ed: https://t.co/GGZn21bRPq",https://x.com/CencoraGlobal/status/1717571886089941034,0,0,0,0,true,false,,2026-06-12T19:12:47.708607+00:00,capped browser-based collection of observable public posts,0,data/raw/fortune_x_2025_ranked/010_cencora/accounts/01_primary_cencoraglobal,@CencoraGlobal,https://x.com/CencoraGlobal,primary,1
10,Cencora,@CencoraGlobal,1716832036512727380,Tue Oct 24 15:00:29 +0000 2023,"RT @HDAconnect: In honor of Hispanic Heritage Month, @CencoraGlobal partnered with @WeAreUnidosUS to support the organization in championin…",https://x.com/CencoraGlobal/status/1716832036512727380,0,1,0,0,false,false,,2026-06-12T19:12:47.708607+00:00,capped browser-based collection of observable public posts,0,data/raw/fortune_x_2025_ranked/010_cencora/accounts/01_primary_cencoraglobal,@CencoraGlobal,https://x.com/CencoraGlobal,primary,1
10,Cencora,@CencoraGlobal,1716815251889668336,Tue Oct 24 13:53:47 +0000 2023,"Our supplier diversity efforts include supporting our customers' initiatives and investment in minority-owned enterprises.  

In 2022, we partnered with @saintjosephs for a pro-bono course to offer marketing services to diverse local businesses. https://t.co/UBh8QEtri5 https://t.co/jgQJBhlO60",https://x.com/CencoraGlobal/status/1716815251889668336,0,1,1,0,true,false,,2026-06-12T19:12:47.708607+00:00,capped browser-based collection of observable public posts,0,data/raw/fortune_x_2025_ranked/010_cencora/accounts/01_primary_cencoraglobal,@CencoraGlobal,https://x.com/CencoraGlobal,primary,1
10,Cencora,@CencoraGlobal,1716514900376175046,Mon Oct 23 18:00:18 +0000 2023,"In honor of Hispanic Heritage Month, @CencoraGlobal partnered with @WeAreUnidosUS to support the organization in championing and elevating the Latino community. Learn more about our #MemberMonday spotlight's philanthropic efforts: https://t.co/o5SjqwPDWK",https://x.com/CencoraGlobal/status/1716514900376175046,0,1,2,0,true,false,,2026-06-12T19:12:47.708607+00:00,capped browser-based collection of observable public posts,0,data/raw/fortune_x_2025_ranked/010_cencora/accounts/01_primary_cencoraglobal,@CencoraGlobal,https://x.com/CencoraGlobal,primary,1
10,Cencora,@CencoraGlobal,1716484720748282087,Mon Oct 23 16:00:22 +0000 2023,"“I always had a strong inclination towards a career in healthcare due to my passion for helping others.”

Kristine Spicer,  of LeFave Pharmacy &amp; Compounding, part of @WeAreGNP, chatted with Chain Drug Review about her inspiration for becoming a pharmacist. https://t.co/i412Wa7tUk https://t.co/qCVxZroqeH",https://x.com/CencoraGlobal/status/1716484720748282087,0,1,2,0,true,false,,2026-06-12T19:12:47.708607+00:00,capped browser-based collection of observable public posts,0,data/raw/fortune_x_2025_ranked/010_cencora/accounts/01_primary_cencoraglobal,@CencoraGlobal,https://x.com/CencoraGlobal,primary,1
10,Cencora,@CencoraGlobal,1715398408091877553,Fri Oct 20 16:03:45 +0000 2023,"In our Cencora era.

Learn about our journey. https://t.co/wZ7Tqad1bY https://t.co/MknW8YycI2",https://x.com/CencoraGlobal/status/1715398408091877553,0,1,3,0,true,false,,2026-06-12T19:12:47.708607+00:00,capped browser-based collection of observable public posts,0,data/raw/fortune_x_2025_ranked/010_cencora/accounts/01_primary_cencoraglobal,@CencoraGlobal,https://x.com/CencoraGlobal,primary,1
10,Cencora,@CencoraGlobal,1715014107743621510,Thu Oct 19 14:36:41 +0000 2023,"RT @HDAconnect: Last week, HDA's @kelly_memphis joined distributor members @CencoraGlobal and @ValueDrugCo to meet with @SenatorRolison, @J…",https://x.com/CencoraGlobal/status/1715014107743621510,0,2,0,0,false,false,,2026-06-12T19:12:47.708607+00:00,capped browser-based collection of observable public posts,0,data/raw/fortune_x_2025_ranked/010_cencora/accounts/01_primary_cencoraglobal,@CencoraGlobal,https://x.com/CencoraGlobal,primary,1
10,Cencora,@CencoraGlobal,1714744467482169696,Wed Oct 18 20:45:14 +0000 2023,"An essential first step in increasing access in underrepresented communities is increasing representation in healthcare. 

Read about our scholarship programs dedicated to increasing diversity in healthcare professions in @Pharmacy_Times. https://t.co/HZQ5TCyVeC",https://x.com/CencoraGlobal/status/1714744467482169696,0,1,2,0,true,false,,2026-06-12T19:12:47.708607+00:00,capped browser-based collection of observable public posts,0,data/raw/fortune_x_2025_ranked/010_cencora/accounts/01_primary_cencoraglobal,@CencoraGlobal,https://x.com/CencoraGlobal,primary,1
10,Cencora,@CencoraGlobal,1714352327711244524,Tue Oct 17 18:47:00 +0000 2023,"Real-time location monitoring solutions are making an impact in supply chain management. 

Simon Brinckmann chatted with the Freight Waves podcast to explain how these solutions revolutionize shipment visibility. Listen: https://t.co/8FgmmhyAvg https://t.co/eWeh4DlIWN",https://x.com/CencoraGlobal/status/1714352327711244524,0,0,2,0,true,false,,2026-06-12T19:12:47.708607+00:00,capped browser-based collection of observable public posts,0,data/raw/fortune_x_2025_ranked/010_cencora/accounts/01_primary_cencoraglobal,@CencoraGlobal,https://x.com/CencoraGlobal,primary,1
10,Cencora,@CencoraGlobal,1714339015799742501,Tue Oct 17 17:54:06 +0000 2023,"Last week, HDA's @kelly_memphis joined distributor members @CencoraGlobal and @ValueDrugCo to meet with @SenatorRolison, @JacobsonNY104 and legislative and executive branch staffers at Cencora's Newburgh, N.Y., distribution center to discuss the vital role of distributors. https://t.co/tuXr1XuFYe",https://x.com/CencoraGlobal/status/1714339015799742501,0,2,2,0,true,false,,2026-06-12T19:12:47.708607+00:00,capped browser-based collection of observable public posts,0,data/raw/fortune_x_2025_ranked/010_cencora/accounts/01_primary_cencoraglobal,@CencoraGlobal,https://x.com/CencoraGlobal,primary,1
10,Cencora,@CencoraGlobal,1713978201020473498,Mon Oct 16 18:00:21 +0000 2023,"Today’s consumers demand sustainable business practices. 

We are committed to improving sustainability in animal health care. Learn what Steve Shell &amp; Susan Lorenz-Fisher have planned for the future. https://t.co/TmYRJigckJ",https://x.com/CencoraGlobal/status/1713978201020473498,0,0,0,0,true,false,,2026-06-12T19:12:47.708607+00:00,capped browser-based collection of observable public posts,0,data/raw/fortune_x_2025_ranked/010_cencora/accounts/01_primary_cencoraglobal,@CencoraGlobal,https://x.com/CencoraGlobal,primary,1
10,Cencora,@CencoraGlobal,1712830649894088726,Fri Oct 13 14:00:24 +0000 2023,"To honor #HispanicHeritageMonth, the Cencora Impact Foundation has partnered with @WeAreUnidosUS to support the organization’s mission to champion and elevate the Latino community. https://t.co/lUB7BbBMDw https://t.co/SUzUB1et8g",https://x.com/CencoraGlobal/status/1712830649894088726,0,1,1,0,true,false,,2026-06-12T19:12:47.708607+00:00,capped browser-based collection of observable public posts,0,data/raw/fortune_x_2025_ranked/010_cencora/accounts/01_primary_cencoraglobal,@CencoraGlobal,https://x.com/CencoraGlobal,primary,1
10,Cencora,@CencoraGlobal,1711420047971733566,Mon Oct 09 16:35:10 +0000 2023,"Our name has changed, but our commitment to supporting customers through changes and challenges in the industry remains.

Willis Chandler spoke with @PharmExec about the name change, our goals and how we’re navigating the biopharma environment. https://t.co/4pW1Qc8mLs https://t.co/OFKwMCV620",https://x.com/CencoraGlobal/status/1711420047971733566,0,0,2,0,true,false,,2026-06-12T19:12:47.708607+00:00,capped browser-based collection of observable public posts,0,data/raw/fortune_x_2025_ranked/010_cencora/accounts/01_primary_cencoraglobal,@CencoraGlobal,https://x.com/CencoraGlobal,primary,1
10,Cencora,@CencoraGlobal,1710324157659873353,Fri Oct 06 16:00:30 +0000 2023,"We partner with the National FFA Foundation to support its SAE Grant program, which aims to ensure that the next generation of talent and leadership builds the skill sets they need to take us into tomorrow. 

Learn more: https://t.co/E6vZ2KjPAF https://t.co/QPcOuLy3hQ",https://x.com/CencoraGlobal/status/1710324157659873353,0,0,0,0,true,false,,2026-06-12T19:12:47.708607+00:00,capped browser-based collection of observable public posts,0,data/raw/fortune_x_2025_ranked/010_cencora/accounts/01_primary_cencoraglobal,@CencoraGlobal,https://x.com/CencoraGlobal,primary,1
10,Cencora,@CencoraGlobal,1709931569518174523,Thu Oct 05 14:00:29 +0000 2023,"What challenges await cell and gene therapy solutions in the future?

Our Dale Hanna teamed up with Dr. Matthew Lakelin of @TrakCel to shed some light on the challenges of CGT and what the future holds for the sector in a recent Q&amp;A.  https://t.co/tVs1h6vmFD https://t.co/xQjTDvWQ2J",https://x.com/CencoraGlobal/status/1709931569518174523,0,0,0,0,true,false,,2026-06-12T19:12:47.708607+00:00,capped browser-based collection of observable public posts,0,data/raw/fortune_x_2025_ranked/010_cencora/accounts/01_primary_cencoraglobal,@CencoraGlobal,https://x.com/CencoraGlobal,primary,1
10,Cencora,@CencoraGlobal,1709614431276040484,Wed Oct 04 17:00:18 +0000 2023,"World Courier has announced an agreement with Swiss WorldCargo to support the use of Sustainable Aviation Fuel (SAF). 

SAF is made from renewable biomass and waste resources and generates just a fraction of the carbon footprint of conventional jet fuel.  https://t.co/ajd9VJtpZr https://t.co/AkRX15SyfI",https://x.com/CencoraGlobal/status/1709614431276040484,0,0,0,0,true,false,,2026-06-12T19:12:47.708607+00:00,capped browser-based collection of observable public posts,0,data/raw/fortune_x_2025_ranked/010_cencora/accounts/01_primary_cencoraglobal,@CencoraGlobal,https://x.com/CencoraGlobal,primary,1
10,Cencora,@CencoraGlobal,1707032455809552799,Wed Sep 27 14:00:27 +0000 2023,"While the FDA has delayed DSCSA enforcement, manufacturers must continue to focus on preparation for the changes next year.

Matt Sample chatted with @RAPSOrg about the implications of the decision to delay enforcing these requirements. https://t.co/sFHnuWvV4k https://t.co/VHnKyQynwA",https://x.com/CencoraGlobal/status/1707032455809552799,0,0,1,0,true,false,,2026-06-12T19:12:47.708607+00:00,capped browser-based collection of observable public posts,0,data/raw/fortune_x_2025_ranked/010_cencora/accounts/01_primary_cencoraglobal,@CencoraGlobal,https://x.com/CencoraGlobal,primary,1
10,Cencora,@CencoraGlobal,1706368047034802207,Mon Sep 25 18:00:19 +0000 2023,"Cell and gene therapy continues to make a splash worldwide, but navigating a commercialization strategy presents new challenges.

Lung-I Cheng joined @PharmExec to discuss his take on CGT commercialization strategies and how to overcome process roadblocks. https://t.co/byKNGwZqiD https://t.co/osgWKszxYR",https://x.com/CencoraGlobal/status/1706368047034802207,0,0,2,0,true,false,,2026-06-12T19:12:47.708607+00:00,capped browser-based collection of observable public posts,0,data/raw/fortune_x_2025_ranked/010_cencora/accounts/01_primary_cencoraglobal,@CencoraGlobal,https://x.com/CencoraGlobal,primary,1
10,Cencora,@CencoraGlobal,1705295975865032958,Fri Sep 22 19:00:18 +0000 2023,"We seek partnerships with our customers as part of our commitment to reducing waste.
 
Alliance Healthcare UK teamed up with Novo Nordisk to launch PenCycle, a recycling initiative, the first of its kind in the UK. #ClimateWeek https://t.co/qmyvYi0MFp https://t.co/HrCsLSyYyU",https://x.com/CencoraGlobal/status/1705295975865032958,0,0,1,0,true,false,,2026-06-12T19:12:47.708607+00:00,capped browser-based collection of observable public posts,0,data/raw/fortune_x_2025_ranked/010_cencora/accounts/01_primary_cencoraglobal,@CencoraGlobal,https://x.com/CencoraGlobal,primary,1
10,Cencora,@CencoraGlobal,1704495783016300646,Wed Sep 20 14:00:37 +0000 2023,"We have committed to reduce absolute Scope 1 and Scope 2 GHG emissions 54.6% by FY2032 from a FY2019 base year. 

To do this, we will reduce consumption through optimization programs and energy efficiency measures. #ClimateWeekNYC https://t.co/D7n7XlaZ08 https://t.co/mnOSvXO8Vd",https://x.com/CencoraGlobal/status/1704495783016300646,0,1,0,0,true,false,,2026-06-12T19:12:47.708607+00:00,capped browser-based collection of observable public posts,0,data/raw/fortune_x_2025_ranked/010_cencora/accounts/01_primary_cencoraglobal,@CencoraGlobal,https://x.com/CencoraGlobal,primary,1
10,Cencora,@CencoraGlobal,1702396884801708438,Thu Sep 14 19:00:20 +0000 2023,"Amid global environmental challenges, we are part of a group of global animal health companies that are advocating for sustainability.

Julia Loew spoke with Bowman Report about why we are pursuing a greener future for pets and livestock. https://t.co/BtsMOd0tlk https://t.co/cLCLkXEEkb",https://x.com/CencoraGlobal/status/1702396884801708438,0,0,1,0,true,false,,2026-06-12T19:12:47.708607+00:00,capped browser-based collection of observable public posts,0,data/raw/fortune_x_2025_ranked/010_cencora/accounts/01_primary_cencoraglobal,@CencoraGlobal,https://x.com/CencoraGlobal,primary,1
10,Cencora,@CencoraGlobal,1702326576447361294,Thu Sep 14 14:20:58 +0000 2023,"RT @PharmExec: 🚨New Podcast Alert🚨
Lung-I Cheng, vice president of #cellandgenetherapy (CGT), @CencoraGlobal  (formerly AmerisourceBergen),…",https://x.com/CencoraGlobal/status/1702326576447361294,0,1,0,0,false,false,,2026-06-12T19:12:47.708607+00:00,capped browser-based collection of observable public posts,0,data/raw/fortune_x_2025_ranked/010_cencora/accounts/01_primary_cencoraglobal,@CencoraGlobal,https://x.com/CencoraGlobal,primary,1
10,Cencora,@CencoraGlobal,1702314163601637435,Thu Sep 14 13:31:38 +0000 2023,"🚨New Podcast Alert🚨
Lung-I Cheng, vice president of #cellandgenetherapy (CGT), @CencoraGlobal  (formerly AmerisourceBergen), discusses CGT #commercialization strategies, common knowledge gaps, and what he wishes companies knew about commercialization strategies.
🎙️https://t.co/b9dqU8IWVO

#pharma #cellandgene #lifesciences",https://x.com/CencoraGlobal/status/1702314163601637435,0,1,1,0,true,false,,2026-06-12T19:12:47.708607+00:00,capped browser-based collection of observable public posts,0,data/raw/fortune_x_2025_ranked/010_cencora/accounts/01_primary_cencoraglobal,@CencoraGlobal,https://x.com/CencoraGlobal,primary,1
10,Cencora,@CencoraGlobal,1701641895275851858,Tue Sep 12 17:00:17 +0000 2023,"The FDA announced that it will delay its enforcement of the #DSCSA until Nov. 2024. 

Matt Sample noted that this additional time before the changes go into effect should not mean partners should postpone any changes. Read his thoughts: https://t.co/azIcgGa4CV https://t.co/8RmyAWfSqJ",https://x.com/CencoraGlobal/status/1701641895275851858,0,2,3,0,true,false,,2026-06-12T19:12:47.708607+00:00,capped browser-based collection of observable public posts,0,data/raw/fortune_x_2025_ranked/010_cencora/accounts/01_primary_cencoraglobal,@CencoraGlobal,https://x.com/CencoraGlobal,primary,1
10,Cencora,@CencoraGlobal,1700147108261646632,Fri Sep 08 14:00:32 +0000 2023,"When the wildfire destroyed homes in Lahaina, Maui, it also burned through the medications residents need to survive. 

Dr. Cory Lehano and his team stepped in to provide medications to residents affected by the fires at no cost. https://t.co/vImPpXq0ij.",https://x.com/CencoraGlobal/status/1700147108261646632,0,0,2,0,true,false,,2026-06-12T19:12:47.708607+00:00,capped browser-based collection of observable public posts,0,data/raw/fortune_x_2025_ranked/010_cencora/accounts/01_primary_cencoraglobal,@CencoraGlobal,https://x.com/CencoraGlobal,primary,1
10,Cencora,@CencoraGlobal,1697610384608223339,Fri Sep 01 14:00:30 +0000 2023,"The Cencora name has connections to the words center, core and heart across multiple languages. 

It's a constant reminder that our customers, their patients, and our team members are at the center of everything we do. It represents the healthier futures we strive for. https://t.co/KnUdOkJ1ld",https://x.com/CencoraGlobal/status/1697610384608223339,0,0,5,0,true,false,,2026-06-12T19:12:47.708607+00:00,capped browser-based collection of observable public posts,0,data/raw/fortune_x_2025_ranked/010_cencora/accounts/01_primary_cencoraglobal,@CencoraGlobal,https://x.com/CencoraGlobal,primary,1
10,Cencora,@CencoraGlobal,1697278178589327802,Thu Aug 31 16:00:26 +0000 2023,"Steve Collis, CEO of @CencoraGlobal, joined @ClamanCountdown to unveil the new company name. The interview stressed Cencora's global capabilities, dedication to innovation, and work to  drive positive health outcomes. Watch the interview here: https://t.co/l8dauY3CGx",https://x.com/CencoraGlobal/status/1697278178589327802,0,0,2,0,true,false,,2026-06-12T19:12:47.708607+00:00,capped browser-based collection of observable public posts,0,data/raw/fortune_x_2025_ranked/010_cencora/accounts/01_primary_cencoraglobal,@CencoraGlobal,https://x.com/CencoraGlobal,primary,1
10,Cencora,@CencoraGlobal,1697236593189310737,Thu Aug 31 13:15:11 +0000 2023,"Cencora is inspired by our customers and team members. At our core, we're defined by each employee. When our team members show up with purpose in their hearts, our collective impact in healthcare is unrivaled. We are Cencora https://t.co/ndBDMWJxgU",https://x.com/CencoraGlobal/status/1697236593189310737,0,0,1,0,true,false,,2026-06-12T19:12:47.708607+00:00,capped browser-based collection of observable public posts,0,data/raw/fortune_x_2025_ranked/010_cencora/accounts/01_primary_cencoraglobal,@CencoraGlobal,https://x.com/CencoraGlobal,primary,1
10,Cencora,@CencoraGlobal,1696915792950919228,Wed Aug 30 16:00:26 +0000 2023,"Today, we officially become Cencora and begin trading on the New York Stock Exchange as ""COR."" This evolution unites our team members under a globally inclusive name and a ticker symbol that reflects our core role in healthcare. https://t.co/hkSa4Cuhzb",https://x.com/CencoraGlobal/status/1696915792950919228,0,4,12,0,true,false,,2026-06-12T19:12:47.708607+00:00,capped browser-based collection of observable public posts,0,data/raw/fortune_x_2025_ranked/010_cencora/accounts/01_primary_cencoraglobal,@CencoraGlobal,https://x.com/CencoraGlobal,primary,1
10,Cencora,@CencoraGlobal,1696877981707231643,Wed Aug 30 13:30:11 +0000 2023,"A new chapter for our company has begun. 

AmerisourceBergen is proud to now be Cencora. https://t.co/sRDuKtnR2J https://t.co/h1xCbbTBFZ",https://x.com/CencoraGlobal/status/1696877981707231643,0,1,8,2,true,false,,2026-06-12T19:12:47.708607+00:00,capped browser-based collection of observable public posts,0,data/raw/fortune_x_2025_ranked/010_cencora/accounts/01_primary_cencoraglobal,@CencoraGlobal,https://x.com/CencoraGlobal,primary,1
10,Cencora,@CencoraGlobal,1696208573737456073,Mon Aug 28 17:10:12 +0000 2023,"The DSCSA will be fully implemented soon so what should Manufacturers, distributors, and pharmacies be prepared for?

@Pharmacy_Times hosted Matt Sample for a Q&amp;A about how dispensers can prepare before the deadline. https://t.co/ePOFdqLsCH https://t.co/OOS20oGl7u",https://x.com/CencoraGlobal/status/1696208573737456073,0,0,1,0,true,false,,2026-06-12T19:12:47.708607+00:00,capped browser-based collection of observable public posts,0,data/raw/fortune_x_2025_ranked/010_cencora/accounts/01_primary_cencoraglobal,@CencoraGlobal,https://x.com/CencoraGlobal,primary,1
10,Cencora,@CencoraGlobal,1695124558578139227,Fri Aug 25 17:22:43 +0000 2023,"The DSCSA will be fully implemented soon so what should Manufacturers, distributors, and pharmacies be prepared for?

@Pharmacy_Times hosted Matt Sample for a Q&amp;A about how dispensers can prepare before the deadline. https://t.co/ePOFdqLsCH https://t.co/fHmDh3TwnU",https://x.com/CencoraGlobal/status/1695124558578139227,0,0,2,0,true,false,,2026-06-12T19:12:47.708607+00:00,capped browser-based collection of observable public posts,0,data/raw/fortune_x_2025_ranked/010_cencora/accounts/01_primary_cencoraglobal,@CencoraGlobal,https://x.com/CencoraGlobal,primary,1
10,Cencora,@CencoraGlobal,1695073737937211699,Fri Aug 25 14:00:46 +0000 2023,"By November 2023, every pharmaceutical supply chain entity is expected to fully comply with the Drug Supply Chain Security Act (DSCSA). 

Our experts put together a guide to help you understand what to expect &amp; how to prepare. https://t.co/Em2nNYJhch https://t.co/ji7as3l00F",https://x.com/CencoraGlobal/status/1695073737937211699,0,0,1,0,true,false,,2026-06-12T19:12:47.708607+00:00,capped browser-based collection of observable public posts,0,data/raw/fortune_x_2025_ranked/010_cencora/accounts/01_primary_cencoraglobal,@CencoraGlobal,https://x.com/CencoraGlobal,primary,1
10,Cencora,@CencoraGlobal,1694786736713302033,Thu Aug 24 19:00:20 +0000 2023,"What are the initial expectations for the Joint Clinical Assessment (JCA) framework? 

Herbert Altmann of PharmaLex, and Casper Paardekooper of Vintura chatted with @pharmaphorum about opportunities and challenges ahead. Listen: https://t.co/IcdXANJpwP https://t.co/xKauVZaygB",https://x.com/CencoraGlobal/status/1694786736713302033,0,0,0,0,true,false,,2026-06-12T19:12:47.708607+00:00,capped browser-based collection of observable public posts,0,data/raw/fortune_x_2025_ranked/010_cencora/accounts/01_primary_cencoraglobal,@CencoraGlobal,https://x.com/CencoraGlobal,primary,1
10,Cencora,@CencoraGlobal,1693631682409046178,Mon Aug 21 14:30:33 +0000 2023,"Lung-I Cheng, Vice President and Head of Cell &amp; Gene Therapy Service Line, spoke with @DDWJournal to offer advice on navigating the different and sometimes contradictory regulatory requirements in the US and EU. 

Read the piece: https://t.co/eDawWwPCGO https://t.co/2zpznQzq04",https://x.com/CencoraGlobal/status/1693631682409046178,0,0,1,0,true,false,,2026-06-12T19:12:47.708607+00:00,capped browser-based collection of observable public posts,0,data/raw/fortune_x_2025_ranked/010_cencora/accounts/01_primary_cencoraglobal,@CencoraGlobal,https://x.com/CencoraGlobal,primary,1
10,Cencora,@CencoraGlobal,1692189967772996041,Thu Aug 17 15:01:42 +0000 2023,"Veterinary practices should adapt to ever-changing client needs, especially with the opportunities presented by technology. 

Julia Loew and Courtney Carter joined @tvbpublication to discuss leveraging technology to appeal to the modern veterinary client. https://t.co/DKWPf92WVh",https://x.com/CencoraGlobal/status/1692189967772996041,0,0,0,0,true,false,,2026-06-12T19:12:47.708607+00:00,capped browser-based collection of observable public posts,0,data/raw/fortune_x_2025_ranked/010_cencora/accounts/01_primary_cencoraglobal,@CencoraGlobal,https://x.com/CencoraGlobal,primary,1
10,Cencora,@CencoraGlobal,1691887608190710258,Wed Aug 16 19:00:14 +0000 2023,"The cell and gene therapy sector is entering a new era. 

Lung-I Cheng, VP and Head of Cell &amp; Gene Therapy Service Line, penned a piece in Cell &amp; Gene about how developers can overcome potential barriers and successfully bring their medicines to market. https://t.co/d49WGroDou https://t.co/eu4PqBHN4o",https://x.com/CencoraGlobal/status/1691887608190710258,0,0,0,0,true,false,,2026-06-12T19:12:47.708607+00:00,capped browser-based collection of observable public posts,0,data/raw/fortune_x_2025_ranked/010_cencora/accounts/01_primary_cencoraglobal,@CencoraGlobal,https://x.com/CencoraGlobal,primary,1
10,Cencora,@CencoraGlobal,1691465259239022592,Tue Aug 15 15:01:58 +0000 2023,"Planning on hitting the road as this summer winds down? 

Our experts share four tips to help pet owners prepare their furry friends for seasonal adventures. https://t.co/ouHOpMJDxE https://t.co/QziKmOtmQ5",https://x.com/CencoraGlobal/status/1691465259239022592,1,1,1,0,true,false,,2026-06-12T19:12:47.708607+00:00,capped browser-based collection of observable public posts,0,data/raw/fortune_x_2025_ranked/010_cencora/accounts/01_primary_cencoraglobal,@CencoraGlobal,https://x.com/CencoraGlobal,primary,1
10,Cencora,@CencoraGlobal,1691072637114392576,Mon Aug 14 13:01:49 +0000 2023,"Providers have more options every year for affordable treatments for their patients. 

Read how #biosimilars have the potential to deliver significant cost savings across healthcare. https://t.co/Cilc2fCBM5 https://t.co/i1s6vd0yZ9",https://x.com/CencoraGlobal/status/1691072637114392576,0,0,0,0,true,false,,2026-06-12T19:12:47.708607+00:00,capped browser-based collection of observable public posts,0,data/raw/fortune_x_2025_ranked/010_cencora/accounts/01_primary_cencoraglobal,@CencoraGlobal,https://x.com/CencoraGlobal,primary,1
10,Cencora,@CencoraGlobal,1689301832936337408,Wed Aug 09 15:45:17 +0000 2023,"Veterinary practices are having trouble filling open positions, with a nationwide average of 1.8 veterinarian job openings per employer. 

Our experts share some hiring and retention challenges and opportunities. Read: https://t.co/1SyYGkIuEr https://t.co/caguL8xY3x",https://x.com/CencoraGlobal/status/1689301832936337408,0,0,0,0,true,false,,2026-06-12T19:12:47.708607+00:00,capped browser-based collection of observable public posts,0,data/raw/fortune_x_2025_ranked/010_cencora/accounts/01_primary_cencoraglobal,@CencoraGlobal,https://x.com/CencoraGlobal,primary,1
10,Cencora,@CencoraGlobal,1689264767125372928,Wed Aug 09 13:18:00 +0000 2023,RT @searchdogfdn: Thank you to @Healthcare_ABC and @MWIAnimalHealth for these thoughtful gift baskets that help make adoption day extra spe…,https://x.com/CencoraGlobal/status/1689264767125372928,0,1,0,0,false,false,,2026-06-12T19:12:47.708607+00:00,capped browser-based collection of observable public posts,0,data/raw/fortune_x_2025_ranked/010_cencora/accounts/01_primary_cencoraglobal,@CencoraGlobal,https://x.com/CencoraGlobal,primary,1
10,Cencora,@CencoraGlobal,1689063715168194561,Tue Aug 08 23:59:05 +0000 2023,Thank you to @Healthcare_ABC and @MWIAnimalHealth for these thoughtful gift baskets that help make adoption day extra special for our Lifetime Care (LTC) dogs like Bravo! 💕 https://t.co/9CSkQqlxLW,https://x.com/CencoraGlobal/status/1689063715168194561,1,1,8,0,true,false,,2026-06-12T19:12:47.708607+00:00,capped browser-based collection of observable public posts,0,data/raw/fortune_x_2025_ranked/010_cencora/accounts/01_primary_cencoraglobal,@CencoraGlobal,https://x.com/CencoraGlobal,primary,1
10,Cencora,@CencoraGlobal,1688958734716874770,Tue Aug 08 17:01:56 +0000 2023,"With the changes coming from the IRA, biopharma companies must make adjustments. 

Corey Ford joins @PharmExec to detail the steps biopharma companies can take to ensure they are positioned to overcome challenges during the implementation process. https://t.co/yjo8pv6C0l",https://x.com/CencoraGlobal/status/1688958734716874770,0,0,1,0,true,false,,2026-06-12T19:12:47.708607+00:00,capped browser-based collection of observable public posts,0,data/raw/fortune_x_2025_ranked/010_cencora/accounts/01_primary_cencoraglobal,@CencoraGlobal,https://x.com/CencoraGlobal,primary,1
10,Cencora,@CencoraGlobal,1687523870838837278,Fri Aug 04 18:00:18 +0000 2023,RT @WeAreGNP: Proudly recognizing #WeAreGNP Pharmacy of the Year! Congratulations Alwood Pharmacy! #ThoughtSpot2023 https://t.co/WG5Ly4wmGf,https://x.com/CencoraGlobal/status/1687523870838837278,0,1,0,0,false,false,,2026-06-12T19:12:47.708607+00:00,capped browser-based collection of observable public posts,0,data/raw/fortune_x_2025_ranked/010_cencora/accounts/01_primary_cencoraglobal,@CencoraGlobal,https://x.com/CencoraGlobal,primary,1
10,Cencora,@CencoraGlobal,1687516264187518976,Fri Aug 04 17:30:04 +0000 2023,Proudly recognizing #WeAreGNP Pharmacy of the Year! Congratulations Alwood Pharmacy! #ThoughtSpot2023 https://t.co/WG5Ly4wmGf,https://x.com/CencoraGlobal/status/1687516264187518976,1,1,2,0,true,false,,2026-06-12T19:12:47.708607+00:00,capped browser-based collection of observable public posts,0,data/raw/fortune_x_2025_ranked/010_cencora/accounts/01_primary_cencoraglobal,@CencoraGlobal,https://x.com/CencoraGlobal,primary,1
10,Cencora,@CencoraGlobal,1686059656047738890,Mon Jul 31 17:02:02 +0000 2023,"After devoting time, expertise, and financial resources to developing a CGT, ensuring that patients can reap the benefits of your innovation is essential.

Our step-by-step guide to commercialization will help you navigate the market &amp; maximize your impact
https://t.co/ENTbwmza8e https://t.co/2EEkRlWrZ6",https://x.com/CencoraGlobal/status/1686059656047738890,1,0,0,0,true,false,,2026-06-12T19:12:47.708607+00:00,capped browser-based collection of observable public posts,0,data/raw/fortune_x_2025_ranked/010_cencora/accounts/01_primary_cencoraglobal,@CencoraGlobal,https://x.com/CencoraGlobal,primary,1
10,Cencora,@CencoraGlobal,1684959459548762112,Fri Jul 28 16:10:14 +0000 2023,"We prioritize thoughtful investments to support our team members in building capabilities and improving competencies. 

Our career advancement tools include professional development programs, tuition reimbursement, mentorship programs and ERGs. https://t.co/vjzYLWXOOJ https://t.co/NlikICYsh4",https://x.com/CencoraGlobal/status/1684959459548762112,2,1,1,0,true,false,,2026-06-12T19:12:47.708607+00:00,capped browser-based collection of observable public posts,0,data/raw/fortune_x_2025_ranked/010_cencora/accounts/01_primary_cencoraglobal,@CencoraGlobal,https://x.com/CencoraGlobal,primary,1
10,Cencora,@CencoraGlobal,1684945106795696129,Fri Jul 28 15:13:12 +0000 2023,RT @WeAreGNP: Congratulations to our #GoodNeighborPharmacy members for ranking #1 in Customer Satisfaction with Chain Drug Store Pharmacies…,https://x.com/CencoraGlobal/status/1684945106795696129,0,1,0,0,false,false,,2026-06-12T19:12:47.708607+00:00,capped browser-based collection of observable public posts,0,data/raw/fortune_x_2025_ranked/010_cencora/accounts/01_primary_cencoraglobal,@CencoraGlobal,https://x.com/CencoraGlobal,primary,1
10,Cencora,@CencoraGlobal,1684927693224091648,Fri Jul 28 14:04:01 +0000 2023,Congratulations to our #GoodNeighborPharmacy members for ranking #1 in Customer Satisfaction with Chain Drug Store Pharmacies in the J.D. Power 2023 U.S. Pharmacy Study! https://t.co/3HdnlReFLO https://t.co/p3lOlDvcp1,https://x.com/CencoraGlobal/status/1684927693224091648,0,1,2,0,true,false,,2026-06-12T19:12:47.708607+00:00,capped browser-based collection of observable public posts,0,data/raw/fortune_x_2025_ranked/010_cencora/accounts/01_primary_cencoraglobal,@CencoraGlobal,https://x.com/CencoraGlobal,primary,1
10,Cencora,@CencoraGlobal,1684217627651047425,Wed Jul 26 15:02:28 +0000 2023,"As pharmaceutical companies continue to launch specialty products, commercial success becomes increasingly dependent on finding the right channel strategy. 

Our most recent ebook explores the commercialization impact of distribution decisions: https://t.co/FnYpyocUpR https://t.co/B8Pn46Bk91",https://x.com/CencoraGlobal/status/1684217627651047425,0,0,0,0,true,false,,2026-06-12T19:12:47.708607+00:00,capped browser-based collection of observable public posts,0,data/raw/fortune_x_2025_ranked/010_cencora/accounts/01_primary_cencoraglobal,@CencoraGlobal,https://x.com/CencoraGlobal,primary,1
10,Cencora,@CencoraGlobal,1681711118148829198,Wed Jul 19 17:02:29 +0000 2023,"We offer live webinars specific for specialty practices to cover details of the Drug Supply Chain Security Act (#DSCSA) and how we can assist you in being DSCSA compliant.

Visit https://t.co/mF2zW3HiD1 for webinars on how our experts can help you work through the process. https://t.co/rjWablBF8a",https://x.com/CencoraGlobal/status/1681711118148829198,0,0,3,0,true,false,,2026-06-12T19:12:47.708607+00:00,capped browser-based collection of observable public posts,0,data/raw/fortune_x_2025_ranked/010_cencora/accounts/01_primary_cencoraglobal,@CencoraGlobal,https://x.com/CencoraGlobal,primary,1
10,Cencora,@CencoraGlobal,1681318746227453952,Tue Jul 18 15:03:21 +0000 2023,"Last week, we proudly unveiled our newest 34,000-square-foot World Courier facility outside Chicago. 

The addition reflects our investments in technology and facilities to meet our customers’ evolving needs and provide enhanced value and support. https://t.co/ESpnW5ymUG",https://x.com/CencoraGlobal/status/1681318746227453952,1,0,2,0,true,false,,2026-06-12T19:12:47.708607+00:00,capped browser-based collection of observable public posts,0,data/raw/fortune_x_2025_ranked/010_cencora/accounts/01_primary_cencoraglobal,@CencoraGlobal,https://x.com/CencoraGlobal,primary,1
10,Cencora,@CencoraGlobal,1681001593687212033,Mon Jul 17 18:03:06 +0000 2023,"With a new generation of consumers and a new generation of care plans, it’s time to prioritize preventive care plans for your pets. 

Learn how the MWI Easy Care Program can provide support from a business and a client-experience perspective. https://t.co/nFLunfwv3i https://t.co/y4hnIUCCqE",https://x.com/CencoraGlobal/status/1681001593687212033,1,0,1,0,true,false,,2026-06-12T19:12:47.708607+00:00,capped browser-based collection of observable public posts,0,data/raw/fortune_x_2025_ranked/010_cencora/accounts/01_primary_cencoraglobal,@CencoraGlobal,https://x.com/CencoraGlobal,primary,1
10,Cencora,@CencoraGlobal,1679854279295680522,Fri Jul 14 14:04:05 +0000 2023,"Don’t let patient access issues limit your cell and gene therapy’s impact. 

Download our playbook for expert insights and solutions from our Dale Hanna and TrakCel’s Chris Came: https://t.co/gRAoSFRXpt https://t.co/VY9i3vu8oB",https://x.com/CencoraGlobal/status/1679854279295680522,0,0,2,0,true,false,,2026-06-12T19:12:47.708607+00:00,capped browser-based collection of observable public posts,0,data/raw/fortune_x_2025_ranked/010_cencora/accounts/01_primary_cencoraglobal,@CencoraGlobal,https://x.com/CencoraGlobal,primary,1
10,Cencora,@CencoraGlobal,1679521989948473344,Thu Jul 13 16:03:41 +0000 2023,"Learning solutions may sometimes be an afterthought in biopharma. 

A comprehensive training curriculum is an integral part of the overall commercialization strategy and a fundamental component of success. Learn more: https://t.co/EBLbjSU8gI https://t.co/RAsRDp9OeP",https://x.com/CencoraGlobal/status/1679521989948473344,0,0,1,0,true,false,,2026-06-12T19:12:47.708607+00:00,capped browser-based collection of observable public posts,0,data/raw/fortune_x_2025_ranked/010_cencora/accounts/01_primary_cencoraglobal,@CencoraGlobal,https://x.com/CencoraGlobal,primary,1
10,Cencora,@CencoraGlobal,1679144118948352008,Wed Jul 12 15:02:09 +0000 2023,"The JCA is central to the European Union’s HTAR, which seeks to improve the equal availability of innovative medicines and technologies for all EU patients. 

Stakeholders have hopes and concerns for the new process. Read: https://t.co/5mmGR2aMIX https://t.co/YdRzDw9p8t",https://x.com/CencoraGlobal/status/1679144118948352008,0,0,1,0,true,false,,2026-06-12T19:12:47.708607+00:00,capped browser-based collection of observable public posts,0,data/raw/fortune_x_2025_ranked/010_cencora/accounts/01_primary_cencoraglobal,@CencoraGlobal,https://x.com/CencoraGlobal,primary,1
10,Cencora,@CencoraGlobal,1678464757462867981,Mon Jul 10 18:02:37 +0000 2023,"It's more imperative than ever for veterinary practices to adjust their businesses to a more budget-conscious model. 

With the current climate, it’s time to invest in technology to help your practice and clients. https://t.co/5k7YJbJeGS https://t.co/fXQwNn4o0W",https://x.com/CencoraGlobal/status/1678464757462867981,0,0,1,0,true,false,,2026-06-12T19:12:47.708607+00:00,capped browser-based collection of observable public posts,0,data/raw/fortune_x_2025_ranked/010_cencora/accounts/01_primary_cencoraglobal,@CencoraGlobal,https://x.com/CencoraGlobal,primary,1
10,Cencora,@CencoraGlobal,1677317329414234112,Fri Jul 07 14:03:09 +0000 2023,"Our Gregg Gorniak provides a history and overview of the Drug Supply Chain Security Act (DSCSA), including how prepared the pharma supply chain is in successfully implementing its requirements. 

Listen to the podcast: https://t.co/bW7IP157mG https://t.co/jiLWODhdBR",https://x.com/CencoraGlobal/status/1677317329414234112,0,0,2,0,true,false,,2026-06-12T19:12:47.708607+00:00,capped browser-based collection of observable public posts,0,data/raw/fortune_x_2025_ranked/010_cencora/accounts/01_primary_cencoraglobal,@CencoraGlobal,https://x.com/CencoraGlobal,primary,1
10,Cencora,@CencoraGlobal,1676985529399758848,Thu Jul 06 16:04:41 +0000 2023,"Our experts joined The Evidence Base for a Q&amp;A about the EU’s HTA Regulation &amp; the transition to a Joint Clinical Assessment. 

They discussed the challenges &amp; opportunities of the new process and how biopharma companies can prepare for the changes. Read: https://t.co/LcUE7twqof https://t.co/A8R6al4zg5",https://x.com/CencoraGlobal/status/1676985529399758848,0,0,1,0,true,false,,2026-06-12T19:12:47.708607+00:00,capped browser-based collection of observable public posts,0,data/raw/fortune_x_2025_ranked/010_cencora/accounts/01_primary_cencoraglobal,@CencoraGlobal,https://x.com/CencoraGlobal,primary,1
10,Cencora,@CencoraGlobal,1676652758252900352,Wed Jul 05 18:02:22 +0000 2023,"Lisa Harrison chatted with Beth Mitchell about the implications of guidance released by CMS about the Stark Law as the PHE ends. 

They explore the implications of these policies and how we advocate for our customers' success. https://t.co/D8uS7RxbYo https://t.co/6ti1rEYhA8",https://x.com/CencoraGlobal/status/1676652758252900352,0,0,1,0,true,false,,2026-06-12T19:12:47.708607+00:00,capped browser-based collection of observable public posts,0,data/raw/fortune_x_2025_ranked/010_cencora/accounts/01_primary_cencoraglobal,@CencoraGlobal,https://x.com/CencoraGlobal,primary,1
10,Cencora,@CencoraGlobal,1675882560688214017,Mon Jul 03 15:01:53 +0000 2023,Learn what AmerisourceBergen is doing under the Drug Supply Chain Security Act (#DSCSA) to help improve patient safety for prescription drugs in this two-minute video: https://t.co/JaoYWU3C5P,https://x.com/CencoraGlobal/status/1675882560688214017,0,1,2,0,true,false,,2026-06-12T19:12:47.708607+00:00,capped browser-based collection of observable public posts,0,data/raw/fortune_x_2025_ranked/010_cencora/accounts/01_primary_cencoraglobal,@CencoraGlobal,https://x.com/CencoraGlobal,primary,1
10,Cencora,@CencoraGlobal,1674765266872410113,Fri Jun 30 13:02:09 +0000 2023,"Claire Biermaas, who will be taking over as president of Corporate Partnerships, discussed the Corporate Partnerships Team, which works closely with pharmacy customers to guide their processes and help execute their vision. 

Learn about the team: https://t.co/aAgPoQE402 https://t.co/P3cAaDjt0q",https://x.com/CencoraGlobal/status/1674765266872410113,0,0,3,0,true,false,,2026-06-12T19:12:47.708607+00:00,capped browser-based collection of observable public posts,0,data/raw/fortune_x_2025_ranked/010_cencora/accounts/01_primary_cencoraglobal,@CencoraGlobal,https://x.com/CencoraGlobal,primary,1
10,Cencora,@CencoraGlobal,1674433044512489472,Thu Jun 29 15:02:01 +0000 2023,"When the Drug Supply Chain Security Act (DCSCA) takes effect in Nov, manufacturers must be ready for the transition to creating a seamless experience for trading partners and patients.

Our experts address some of the challenges in implementing DSCSA. https://t.co/vZcCKyc7Kc https://t.co/eGVrFkONGb",https://x.com/CencoraGlobal/status/1674433044512489472,0,0,2,0,true,false,,2026-06-12T19:12:47.708607+00:00,capped browser-based collection of observable public posts,0,data/raw/fortune_x_2025_ranked/010_cencora/accounts/01_primary_cencoraglobal,@CencoraGlobal,https://x.com/CencoraGlobal,primary,1
10,Cencora,@CencoraGlobal,1674067314537377794,Wed Jun 28 14:48:45 +0000 2023,RT @HDAconnect: What makes healthcare supply chain professionals so passionate about their careers? Learn where Devray Kirkland of @Cardina…,https://x.com/CencoraGlobal/status/1674067314537377794,0,1,0,0,false,false,,2026-06-12T19:12:47.708607+00:00,capped browser-based collection of observable public posts,0,data/raw/fortune_x_2025_ranked/010_cencora/accounts/01_primary_cencoraglobal,@CencoraGlobal,https://x.com/CencoraGlobal,primary,1
10,Cencora,@CencoraGlobal,1674055171494625280,Wed Jun 28 14:00:29 +0000 2023,"What makes healthcare supply chain professionals so passionate about their careers? Learn where Devray Kirkland of @CardinalHealth and Christopher Reed of @Healthcare_ABC derive meaning from their work: https://t.co/yize1m3Toy 

#Healthcare #SupplyChain #SupplyChainJobs",https://x.com/CencoraGlobal/status/1674055171494625280,0,1,0,0,true,false,,2026-06-12T19:12:47.708607+00:00,capped browser-based collection of observable public posts,0,data/raw/fortune_x_2025_ranked/010_cencora/accounts/01_primary_cencoraglobal,@CencoraGlobal,https://x.com/CencoraGlobal,primary,1
10,Cencora,@CencoraGlobal,1673753737393831937,Tue Jun 27 18:02:42 +0000 2023,"Lung-I Cheng, Vice President, Cell and Gene Therapy, joined the Molecule to Market podcast to chat about the  challenges, benefits and future outlooks for CGT and what happens when we have a treatment that can treat many more patients. 

Listen: https://t.co/RQDqfl3nHj https://t.co/9NB9KzOKdZ",https://x.com/CencoraGlobal/status/1673753737393831937,0,0,2,0,true,false,,2026-06-12T19:12:47.708607+00:00,capped browser-based collection of observable public posts,0,data/raw/fortune_x_2025_ranked/010_cencora/accounts/01_primary_cencoraglobal,@CencoraGlobal,https://x.com/CencoraGlobal,primary,1
10,Cencora,@CencoraGlobal,1671549383207165953,Wed Jun 21 16:03:23 +0000 2023,"As the FDA continues to approve new cell and gene therapies, it’s up to sponsor companies, providers, and payers to coordinate care to improve patient access.

Learn from our playbook about bringing these cost-cutting therapies to market: https://t.co/4VuEOH6ZwH https://t.co/cl0VBrzig3",https://x.com/CencoraGlobal/status/1671549383207165953,1,0,2,0,true,false,,2026-06-12T19:12:47.708607+00:00,capped browser-based collection of observable public posts,0,data/raw/fortune_x_2025_ranked/010_cencora/accounts/01_primary_cencoraglobal,@CencoraGlobal,https://x.com/CencoraGlobal,primary,1
10,Cencora,@CencoraGlobal,1671214276927733760,Tue Jun 20 17:51:47 +0000 2023,"RT @ShotAtLife: Primary healthcare is essential for refugees, yet most lack access. We partner with @Refugees to ensure no one is left behi…",https://x.com/CencoraGlobal/status/1671214276927733760,0,1,0,0,false,false,,2026-06-12T19:12:47.708607+00:00,capped browser-based collection of observable public posts,0,data/raw/fortune_x_2025_ranked/010_cencora/accounts/01_primary_cencoraglobal,@CencoraGlobal,https://x.com/CencoraGlobal,primary,1
10,Cencora,@CencoraGlobal,1671157819767427076,Tue Jun 20 14:07:27 +0000 2023,"Primary healthcare is essential for refugees, yet most lack access. We partner with @Refugees to ensure no one is left behind. 

Learn about the critical need to support refugee health and immunization in our latest blog: https://t.co/cPPh2uJ7fe

#WorldRefugeeDay",https://x.com/CencoraGlobal/status/1671157819767427076,0,1,1,0,true,false,,2026-06-12T19:12:47.708607+00:00,capped browser-based collection of observable public posts,0,data/raw/fortune_x_2025_ranked/010_cencora/accounts/01_primary_cencoraglobal,@CencoraGlobal,https://x.com/CencoraGlobal,primary,1
10,Cencora,@CencoraGlobal,1670808779007594496,Mon Jun 19 15:00:29 +0000 2023,"The changing of the guard. George Rafferty and his successor of the Corporate Partnerships Group, Claire Biermaas, talk about the leadership transition &amp; the culture that enables us to stay in sync with the evolving needs of its largest customers. 

Watch: https://t.co/6xkmCaGIGB",https://x.com/CencoraGlobal/status/1670808779007594496,0,0,1,0,true,false,,2026-06-12T19:12:47.708607+00:00,capped browser-based collection of observable public posts,0,data/raw/fortune_x_2025_ranked/010_cencora/accounts/01_primary_cencoraglobal,@CencoraGlobal,https://x.com/CencoraGlobal,primary,1
10,Cencora,@CencoraGlobal,1669344916517052420,Thu Jun 15 14:03:37 +0000 2023,"Going online can help strengthen a veterinary practice.

Online pharmacies allow vets to create custom storefronts that capture the added revenue of large animal health prescriptions and products without the added hassle of inventory investment. https://t.co/5k9XSZOA1L https://t.co/fQMuZLbFJN",https://x.com/CencoraGlobal/status/1669344916517052420,1,0,1,0,true,false,,2026-06-12T19:12:47.708607+00:00,capped browser-based collection of observable public posts,0,data/raw/fortune_x_2025_ranked/010_cencora/accounts/01_primary_cencoraglobal,@CencoraGlobal,https://x.com/CencoraGlobal,primary,1
10,Cencora,@CencoraGlobal,1668997230907334658,Wed Jun 14 15:02:02 +0000 2023,"George Rafferty, who is transitioning leadership of our corporate partnerships team to Claire Biermaas, sat down to share their perspectives on the changes and how we will continue to meet the needs of the pharmaceutical distributor’s biggest customers. https://t.co/gSq1TiAzO8",https://x.com/CencoraGlobal/status/1668997230907334658,0,0,1,0,true,false,,2026-06-12T19:12:47.708607+00:00,capped browser-based collection of observable public posts,0,data/raw/fortune_x_2025_ranked/010_cencora/accounts/01_primary_cencoraglobal,@CencoraGlobal,https://x.com/CencoraGlobal,primary,1
10,Cencora,@CencoraGlobal,1668333651409395736,Mon Jun 12 19:05:13 +0000 2023,"At the PQA 2023 Annual Meeting, Corey Ford, MHA, vice president of reimbursement and policy insights and fellow panelists dove into the implications of the Inflation Reduction Act (IRA) on medication access and affordability. 

Read their thoughts: https://t.co/BUXUhH4tbE https://t.co/KO0odok1NK",https://x.com/CencoraGlobal/status/1668333651409395736,0,0,2,0,true,false,,2026-06-12T19:12:47.708607+00:00,capped browser-based collection of observable public posts,0,data/raw/fortune_x_2025_ranked/010_cencora/accounts/01_primary_cencoraglobal,@CencoraGlobal,https://x.com/CencoraGlobal,primary,1
10,Cencora,@CencoraGlobal,1666868336582328331,Thu Jun 08 18:02:35 +0000 2023,"Tasmina Hydery and Brian Biehn joined the @BiosimCenter podcast to discuss the future of the #biosimilars market, including how payer perceptions of these products has evolved, views on #interchangability and go-to-market strategies. 

Listen here: https://t.co/IIdzSqjGic https://t.co/IpYsxEdIus",https://x.com/CencoraGlobal/status/1666868336582328331,1,1,2,1,true,false,,2026-06-12T19:12:47.708607+00:00,capped browser-based collection of observable public posts,0,data/raw/fortune_x_2025_ranked/010_cencora/accounts/01_primary_cencoraglobal,@CencoraGlobal,https://x.com/CencoraGlobal,primary,1
10,Cencora,@CencoraGlobal,1666808718376464385,Thu Jun 08 14:05:40 +0000 2023,"We’re honored to be included in USA TODAY’s inaugural list of 2023 Climate Leaders, created to recognize companies' efforts to reduce greenhouse gas emissions. 

We are committed to doing our best to protect the environment where we live and work: https://t.co/3thkVOqVIV",https://x.com/CencoraGlobal/status/1666808718376464385,0,1,2,0,true,false,,2026-06-12T19:12:47.708607+00:00,capped browser-based collection of observable public posts,0,data/raw/fortune_x_2025_ranked/010_cencora/accounts/01_primary_cencoraglobal,@CencoraGlobal,https://x.com/CencoraGlobal,primary,1
10,Cencora,@CencoraGlobal,1665781103133638662,Mon Jun 05 18:02:18 +0000 2023,"Corey Ford and Kimberly Westrich sat down with @TheEviBase to talk about the Inflation Reduction Act (IRA), its provisions and wider implications for drug development, health care and health policy. https://t.co/aoZcFHX0rx",https://x.com/CencoraGlobal/status/1665781103133638662,1,0,0,0,true,false,,2026-06-12T19:12:47.708607+00:00,capped browser-based collection of observable public posts,0,data/raw/fortune_x_2025_ranked/010_cencora/accounts/01_primary_cencoraglobal,@CencoraGlobal,https://x.com/CencoraGlobal,primary,1
10,Cencora,@CencoraGlobal,1663984097331654661,Wed May 31 19:01:38 +0000 2023,"At times, your practice may be met with a demanding client. In such situations, asking what's really at play &amp; the best way to handle it is essential.

Our experts share tips to understand the roots of outbursts, it's effects on staff, &amp; coping strategies. https://t.co/k8B7Z1SvnV https://t.co/JK4skCZXYp",https://x.com/CencoraGlobal/status/1663984097331654661,0,0,0,0,true,false,,2026-06-12T19:12:47.708607+00:00,capped browser-based collection of observable public posts,0,data/raw/fortune_x_2025_ranked/010_cencora/accounts/01_primary_cencoraglobal,@CencoraGlobal,https://x.com/CencoraGlobal,primary,1
10,Cencora,@CencoraGlobal,1663591598867742724,Tue May 30 17:01:59 +0000 2023,"We are committed to promoting viable opportunities for diverse businesses within our local communities. 

In FY22, we piloted  AB Marketplace to connect verified manufacturers with our pharmacy customers to support diverse solutions. https://t.co/ZYG4bPOZdx https://t.co/AvYTJnyq8O",https://x.com/CencoraGlobal/status/1663591598867742724,0,1,2,0,true,false,,2026-06-12T19:12:47.708607+00:00,capped browser-based collection of observable public posts,0,data/raw/fortune_x_2025_ranked/010_cencora/accounts/01_primary_cencoraglobal,@CencoraGlobal,https://x.com/CencoraGlobal,primary,1
10,Cencora,@CencoraGlobal,1662074124204638212,Fri May 26 12:32:05 +0000 2023,"Our team of experts recently attended the Asembia 2023 Specialty Pharmacy Summit, where they joined panels to discuss the evolving landscape of cell and gene therapy and more.

Read our recap here: https://t.co/wGmcsP4Vyg",https://x.com/CencoraGlobal/status/1662074124204638212,0,0,2,1,true,false,,2026-06-12T19:12:47.708607+00:00,capped browser-based collection of observable public posts,0,data/raw/fortune_x_2025_ranked/010_cencora/accounts/01_primary_cencoraglobal,@CencoraGlobal,https://x.com/CencoraGlobal,primary,1
10,Cencora,@CencoraGlobal,1659644436324687895,Fri May 19 19:37:22 +0000 2023,"We are thrilled to support the commercialization of Krystal Biotech, Inc.’s FDA-approved gene therapy. 

The rapidly growing GCT market offers tremendous promise for patients worldwide, and we are proud to support getting therapies to patients in need. https://t.co/ICqQD4obSY https://t.co/fTyhuD769H",https://x.com/CencoraGlobal/status/1659644436324687895,0,0,1,0,true,false,,2026-06-12T19:12:47.708607+00:00,capped browser-based collection of observable public posts,0,data/raw/fortune_x_2025_ranked/010_cencora/accounts/01_primary_cencoraglobal,@CencoraGlobal,https://x.com/CencoraGlobal,primary,1
10,Cencora,@CencoraGlobal,1659560463561105414,Fri May 19 14:03:42 +0000 2023,"Our new partnership with @steadymd will begin with us co-creating and piloting a telehealth offering for independent community pharmacies called Test to Treat. 

Learn a little bit about our plans: https://t.co/2eWNVkQhiQ",https://x.com/CencoraGlobal/status/1659560463561105414,0,0,2,0,true,false,,2026-06-12T19:12:47.708607+00:00,capped browser-based collection of observable public posts,0,data/raw/fortune_x_2025_ranked/010_cencora/accounts/01_primary_cencoraglobal,@CencoraGlobal,https://x.com/CencoraGlobal,primary,1
10,Cencora,@CencoraGlobal,1658551710711795718,Tue May 16 19:15:16 +0000 2023,"CGT can transform how certain diseases are treated, offering life-extending and potentially curative benefits for patients with life-threatening diseases.

Lung-I Cheng shared some thoughts about the evolving therapy at Pharma USA. https://t.co/6J1anM8VrR https://t.co/moD5bmOubD",https://x.com/CencoraGlobal/status/1658551710711795718,0,0,2,0,true,false,,2026-06-12T19:12:47.708607+00:00,capped browser-based collection of observable public posts,0,data/raw/fortune_x_2025_ranked/010_cencora/accounts/01_primary_cencoraglobal,@CencoraGlobal,https://x.com/CencoraGlobal,primary,1
10,Cencora,@CencoraGlobal,1658140992703287296,Mon May 15 16:03:14 +0000 2023,"We teamed up with K.tex LLC to take part in their ""Care Package"" initiative for displaced Ukranian families. The donation will be used to make blankets and pillows for 198 families who have been forced to flee their homes in the Luhansk region. https://t.co/gU2KAvSgr8",https://x.com/CencoraGlobal/status/1658140992703287296,0,1,1,0,true,false,,2026-06-12T19:12:47.708607+00:00,capped browser-based collection of observable public posts,0,data/raw/fortune_x_2025_ranked/010_cencora/accounts/01_primary_cencoraglobal,@CencoraGlobal,https://x.com/CencoraGlobal,primary,1
10,Cencora,@CencoraGlobal,1657023677861380100,Fri May 12 14:03:25 +0000 2023,"Tasmina Hydery, PharmD, MBA, BCGP, associate director of digital solutions at AmerisourceBergen, recently shared data about positive patient perspectives on biosimilars. 

Learn about their results:  https://t.co/tRoZINXbYZ https://t.co/6GDahSzTb5",https://x.com/CencoraGlobal/status/1657023677861380100,0,0,2,0,true,false,,2026-06-12T19:12:47.708607+00:00,capped browser-based collection of observable public posts,0,data/raw/fortune_x_2025_ranked/010_cencora/accounts/01_primary_cencoraglobal,@CencoraGlobal,https://x.com/CencoraGlobal,primary,1
10,Cencora,@CencoraGlobal,1656676148577968131,Thu May 11 15:02:28 +0000 2023,"Cancer care disparities have always been a concern, as individuals from certain racial and socioeconomic groups face significant obstacles in accessing quality care. 

Learn about the developing strategies to improve access to care for all patients.  https://t.co/gnMGOeSXBr https://t.co/3s8Rh9UqcL",https://x.com/CencoraGlobal/status/1656676148577968131,0,1,0,0,true,false,,2026-06-12T19:12:47.708607+00:00,capped browser-based collection of observable public posts,0,data/raw/fortune_x_2025_ranked/010_cencora/accounts/01_primary_cencoraglobal,@CencoraGlobal,https://x.com/CencoraGlobal,primary,1
10,Cencora,@CencoraGlobal,1656359102505791488,Wed May 10 18:02:38 +0000 2023,"With cell and gene therapy constantly evolving, developers must be cautious about the rewards &amp; risks when entering the market. 

Lung-I Cheng, VP of Cell &amp; Gene Therapy Commercial Solutions, highlights this evolving product's challenges and opportunities. https://t.co/r57Rg46uHW https://t.co/vy5tfr1zx4",https://x.com/CencoraGlobal/status/1656359102505791488,0,0,0,1,true,false,,2026-06-12T19:12:47.708607+00:00,capped browser-based collection of observable public posts,0,data/raw/fortune_x_2025_ranked/010_cencora/accounts/01_primary_cencoraglobal,@CencoraGlobal,https://x.com/CencoraGlobal,primary,1
10,Cencora,@CencoraGlobal,1655981466172391434,Tue May 09 17:02:02 +0000 2023,"Tommy Bramley joined @pharmaphorum's podcast to discuss some of the factors biopharma companies should consider when launching products in Europe and how our global capabilities can support customers across the commercialization journey. 

Listen: https://t.co/zvAS2RAMh2",https://x.com/CencoraGlobal/status/1655981466172391434,0,0,0,0,true,false,,2026-06-12T19:12:47.708607+00:00,capped browser-based collection of observable public posts,0,data/raw/fortune_x_2025_ranked/010_cencora/accounts/01_primary_cencoraglobal,@CencoraGlobal,https://x.com/CencoraGlobal,primary,1
10,Cencora,@CencoraGlobal,1655634257744650408,Mon May 08 18:02:21 +0000 2023,"Digital therapeutics developers face unique challenges affecting market access and product potential. We’re excited to collaborate with h2o Therapeutics to support the commercialization of their prescription mobile app, Parky. 

Learn more here: https://t.co/jitwhOmphl",https://x.com/CencoraGlobal/status/1655634257744650408,0,1,2,0,true,false,,2026-06-12T19:12:47.708607+00:00,capped browser-based collection of observable public posts,0,data/raw/fortune_x_2025_ranked/010_cencora/accounts/01_primary_cencoraglobal,@CencoraGlobal,https://x.com/CencoraGlobal,primary,1
10,Cencora,@CencoraGlobal,1655574048745701380,Mon May 08 14:03:06 +0000 2023,"Today, @MWIAnimalHealth unveiled an updated and expanded version of its pet wellness web and mobile application platform, the PetPage® Patient Portal. 

Learn more: https://t.co/hSAm9GVwz6 https://t.co/TwOXNmpLN7",https://x.com/CencoraGlobal/status/1655574048745701380,0,2,2,0,true,false,,2026-06-12T19:12:47.708607+00:00,capped browser-based collection of observable public posts,0,data/raw/fortune_x_2025_ranked/010_cencora/accounts/01_primary_cencoraglobal,@CencoraGlobal,https://x.com/CencoraGlobal,primary,1
10,Cencora,@CencoraGlobal,1654517203855724545,Fri May 05 16:03:35 +0000 2023,"Recently, our World Courier team announced the addition of RTLM to all packages. 

The real-time location monitoring solution allows for increased visibility into the precise location of shipments in transit globally. Learn about the benefits: https://t.co/jrBVGxBwLV https://t.co/dzFQiPxrmh",https://x.com/CencoraGlobal/status/1654517203855724545,0,0,2,0,true,false,,2026-06-12T19:12:47.708607+00:00,capped browser-based collection of observable public posts,0,data/raw/fortune_x_2025_ranked/010_cencora/accounts/01_primary_cencoraglobal,@CencoraGlobal,https://x.com/CencoraGlobal,primary,1
10,Cencora,@CencoraGlobal,1654169607404388369,Thu May 04 17:02:22 +0000 2023,"We proudly announce our partnership with B2B telehealth infrastructure provider, SteadyMD. 

Read about our partnership and pilot: https://t.co/zjWz9vLjBB https://t.co/T1SDsbjkC4",https://x.com/CencoraGlobal/status/1654169607404388369,0,0,0,1,true,false,,2026-06-12T19:12:47.708607+00:00,capped browser-based collection of observable public posts,0,data/raw/fortune_x_2025_ranked/010_cencora/accounts/01_primary_cencoraglobal,@CencoraGlobal,https://x.com/CencoraGlobal,primary,1
10,Cencora,@CencoraGlobal,1653792406527983617,Wed May 03 16:03:30 +0000 2023,"We are proud to be listed as one of @Forbes' Best Employers for Diversity in America. 

We are committed to playing a meaningful role in our communities and workplaces by creating pathways for every team member to thrive. https://t.co/hBC1tiVbgd",https://x.com/CencoraGlobal/status/1653792406527983617,1,2,4,1,true,false,,2026-06-12T19:12:47.708607+00:00,capped browser-based collection of observable public posts,0,data/raw/fortune_x_2025_ranked/010_cencora/accounts/01_primary_cencoraglobal,@CencoraGlobal,https://x.com/CencoraGlobal,primary,1
10,Cencora,@CencoraGlobal,1653052205874724865,Mon May 01 15:02:12 +0000 2023,Courtney Carter joined @tvbpublication to discuss how millennial pet owners are driving the adoption of digital communication tools in veterinary practices due to their preference for digital communications and their need for convenience. https://t.co/HRWCnWOK21,https://x.com/CencoraGlobal/status/1653052205874724865,0,0,1,1,true,false,,2026-06-12T19:12:47.708607+00:00,capped browser-based collection of observable public posts,0,data/raw/fortune_x_2025_ranked/010_cencora/accounts/01_primary_cencoraglobal,@CencoraGlobal,https://x.com/CencoraGlobal,primary,1
10,Cencora,@CencoraGlobal,1651995252184559616,Fri Apr 28 17:02:15 +0000 2023,"World Courier has announced that it will deploy a real-time location monitoring (RTLM) solution on all of its multi-use packages, enabling increased visibility into the precise location of shipments in transit globally. 

Learn more: https://t.co/Bl1YJOggE4 https://t.co/2IyTg6J8ZT",https://x.com/CencoraGlobal/status/1651995252184559616,0,0,3,0,true,false,,2026-06-12T19:12:47.708607+00:00,capped browser-based collection of observable public posts,0,data/raw/fortune_x_2025_ranked/010_cencora/accounts/01_primary_cencoraglobal,@CencoraGlobal,https://x.com/CencoraGlobal,primary,1
10,Cencora,@CencoraGlobal,1651648014463672341,Thu Apr 27 18:02:27 +0000 2023,"With consumers using the straight-line approach to finding the products they want at convenient locations, pharmacies need to meet customers where they are. 

Learn from our experts about maximizing your customer base through search engine technology: https://t.co/2B1BtyXiba https://t.co/DwVK4kK32z",https://x.com/CencoraGlobal/status/1651648014463672341,0,0,1,0,true,false,,2026-06-12T19:12:47.708607+00:00,capped browser-based collection of observable public posts,0,data/raw/fortune_x_2025_ranked/010_cencora/accounts/01_primary_cencoraglobal,@CencoraGlobal,https://x.com/CencoraGlobal,primary,1
10,Cencora,@CencoraGlobal,1651618081079435265,Thu Apr 27 16:03:30 +0000 2023,"We are excited to launch our Cell and Gene Therapy Integration Hub, a system designed to improve connectivity across the #CGT treatment journey to enable an enhanced patient and provider experience.

Learn more: https://t.co/HVC3aFmLWB https://t.co/d3gZcR2VbK",https://x.com/CencoraGlobal/status/1651618081079435265,0,0,2,0,true,false,,2026-06-12T19:12:47.708607+00:00,capped browser-based collection of observable public posts,0,data/raw/fortune_x_2025_ranked/010_cencora/accounts/01_primary_cencoraglobal,@CencoraGlobal,https://x.com/CencoraGlobal,primary,1
10,Cencora,@CencoraGlobal,1650877895575732225,Tue Apr 25 15:02:16 +0000 2023,"Is your distributor investing time, talent, and capital to ensure you are prepared for Drug Supply Chain Security Act (#DSCSA) compliance this November? 

Our team offers some things you need to consider when preparing for DSCSA compliance requirements: https://t.co/XJuLBYgR7V https://t.co/o1RzkpYTSs",https://x.com/CencoraGlobal/status/1650877895575732225,0,1,1,0,true,false,,2026-06-12T19:12:47.708607+00:00,capped browser-based collection of observable public posts,0,data/raw/fortune_x_2025_ranked/010_cencora/accounts/01_primary_cencoraglobal,@CencoraGlobal,https://x.com/CencoraGlobal,primary,1
10,Cencora,@CencoraGlobal,1648763812533657612,Wed Apr 19 19:01:40 +0000 2023,"In alignment with the Drug Supply Chain Security Act, we have established a system of verifying and sharing product identifiers on products that we distribute to our human health customers. 

Learn more: https://t.co/s0q705TVs3 https://t.co/RCLLl77fi3",https://x.com/CencoraGlobal/status/1648763812533657612,1,1,2,0,true,false,,2026-06-12T19:12:47.708607+00:00,capped browser-based collection of observable public posts,0,data/raw/fortune_x_2025_ranked/010_cencora/accounts/01_primary_cencoraglobal,@CencoraGlobal,https://x.com/CencoraGlobal,primary,1
10,Cencora,@CencoraGlobal,1647985884636086273,Mon Apr 17 15:30:27 +0000 2023,"In an interview with @PharmaCommerce, Corey Ford, VP of reimbursement &amp; insight policy, discussed the Medicare Part D underinsured patient criteria in patient assistance programs and its impact on patients. 

Watch: https://t.co/YDvzZccD6W",https://x.com/CencoraGlobal/status/1647985884636086273,0,1,2,0,true,false,,2026-06-12T19:12:47.708607+00:00,capped browser-based collection of observable public posts,0,data/raw/fortune_x_2025_ranked/010_cencora/accounts/01_primary_cencoraglobal,@CencoraGlobal,https://x.com/CencoraGlobal,primary,1
10,Cencora,@CencoraGlobal,1646907045184937986,Fri Apr 14 16:03:32 +0000 2023,"Corey Ford, VP of Reimbursement &amp; Policy Insight, recently met with @PharmaCommerce to discuss his experience combating reimbursement challenges at Access PAP 2023. 

Watch the interview: https://t.co/aNSyVlvaIw",https://x.com/CencoraGlobal/status/1646907045184937986,0,1,2,0,true,false,,2026-06-12T19:12:47.708607+00:00,capped browser-based collection of observable public posts,0,data/raw/fortune_x_2025_ranked/010_cencora/accounts/01_primary_cencoraglobal,@CencoraGlobal,https://x.com/CencoraGlobal,primary,1
10,Cencora,@CencoraGlobal,1646151991985426435,Wed Apr 12 14:03:13 +0000 2023,"A few challenges surface when prescription digital therapeutics (PDTs) come into play.

Alex Kilgore spoke with @FirstReportMC about the innovative solutions we are working on to commercialize these products.  https://t.co/eGq2YzgTz2 https://t.co/UMkXE4GyMZ",https://x.com/CencoraGlobal/status/1646151991985426435,1,1,2,0,true,false,,2026-06-12T19:12:47.708607+00:00,capped browser-based collection of observable public posts,0,data/raw/fortune_x_2025_ranked/010_cencora/accounts/01_primary_cencoraglobal,@CencoraGlobal,https://x.com/CencoraGlobal,primary,1
10,Cencora,@CencoraGlobal,1645442157199736835,Mon Apr 10 15:02:35 +0000 2023,"Nick Porter and Chris Williams joined @EPM_Magazine  recently to chat about increased demands for cold chain and cryogenic storage and why industry members should invest in technology solutions to support the supply chain. 

Read: https://t.co/HKzCpehHQB",https://x.com/CencoraGlobal/status/1645442157199736835,1,0,3,0,true,false,,2026-06-12T19:12:47.708607+00:00,capped browser-based collection of observable public posts,0,data/raw/fortune_x_2025_ranked/010_cencora/accounts/01_primary_cencoraglobal,@CencoraGlobal,https://x.com/CencoraGlobal,primary,1
10,Cencora,@CencoraGlobal,1644340044889567234,Fri Apr 07 14:03:11 +0000 2023,"Payers have a distinctive and definitive role in shaping today’s healthcare landscape. 

Our experts created this reference guide to help emerging biopharma companies forge stronger working relationships with payers.  https://t.co/7AiAk56djz https://t.co/WLUlMnPFtZ",https://x.com/CencoraGlobal/status/1644340044889567234,0,0,3,0,true,false,,2026-06-12T19:12:47.708607+00:00,capped browser-based collection of observable public posts,0,data/raw/fortune_x_2025_ranked/010_cencora/accounts/01_primary_cencoraglobal,@CencoraGlobal,https://x.com/CencoraGlobal,primary,1
10,Cencora,@CencoraGlobal,1642905593173221378,Mon Apr 03 15:03:11 +0000 2023,"Medication waste can occur in all stages of the pharmaceutical supply chain, but how it occurs can be complex and layered. However, medically integrated dispensing models help reduce drug waste and decrease the total cost of care. 

Learn from our experts: https://t.co/ZoL6wqMiHA https://t.co/vDxuKA9oyu",https://x.com/CencoraGlobal/status/1642905593173221378,2,1,3,0,true,false,,2026-06-12T19:12:47.708607+00:00,capped browser-based collection of observable public posts,0,data/raw/fortune_x_2025_ranked/010_cencora/accounts/01_primary_cencoraglobal,@CencoraGlobal,https://x.com/CencoraGlobal,primary,1
10,Cencora,@CencoraGlobal,1641471024687460354,Thu Mar 30 16:02:43 +0000 2023,"When Amelia, at six months old, was diagnosed with spinal muscular atrophy (SMA), she needed a one-time gene replacement therapy to save her life.

Read how our World Courier team harnessed their network to ensure the dose reached Amelia on time. https://t.co/DejWQvAaMc https://t.co/tkeAwRRSAE",https://x.com/CencoraGlobal/status/1641471024687460354,1,1,6,0,true,false,,2026-06-12T19:12:47.708607+00:00,capped browser-based collection of observable public posts,0,data/raw/fortune_x_2025_ranked/010_cencora/accounts/01_primary_cencoraglobal,@CencoraGlobal,https://x.com/CencoraGlobal,primary,1
10,Cencora,@CencoraGlobal,1641153781848068097,Wed Mar 29 19:02:07 +0000 2023,"We are proud to share our collaboration with Health Care Logistics to simplify drug replenishment and improve patient safety throughout the medication use process. 

Learn how:  https://t.co/Ajl0OxIjbq https://t.co/kG4jPgloNs",https://x.com/CencoraGlobal/status/1641153781848068097,0,0,1,0,true,false,,2026-06-12T19:12:47.708607+00:00,capped browser-based collection of observable public posts,0,data/raw/fortune_x_2025_ranked/010_cencora/accounts/01_primary_cencoraglobal,@CencoraGlobal,https://x.com/CencoraGlobal,primary,1
10,Cencora,@CencoraGlobal,1641093713676890113,Wed Mar 29 15:03:26 +0000 2023,"AmerisourceBergen is committed to fostering a global workplace that values diversity, equity, and inclusion by creating pathways for every team member to thrive, positively impacting our communities, and making progress.

Read our FY22 DEI Report: https://t.co/h7XLhR6wRf https://t.co/bgHY5jXeKC",https://x.com/CencoraGlobal/status/1641093713676890113,0,2,1,0,true,false,,2026-06-12T19:12:47.708607+00:00,capped browser-based collection of observable public posts,0,data/raw/fortune_x_2025_ranked/010_cencora/accounts/01_primary_cencoraglobal,@CencoraGlobal,https://x.com/CencoraGlobal,primary,1
10,Cencora,@CencoraGlobal,1640443840933900288,Mon Mar 27 20:01:04 +0000 2023,"AmerisourceBergen commends and supports the recently introduced bipartisan Equitable Community Access to Pharmacist Services Act. 

This is an important step in rightfully recognizing pharmacists' vital role in providing a reliable source of care. https://t.co/FAcvKESSJv https://t.co/TfY06LGsXp",https://x.com/CencoraGlobal/status/1640443840933900288,1,1,4,0,true,false,,2026-06-12T19:12:47.708607+00:00,capped browser-based collection of observable public posts,0,data/raw/fortune_x_2025_ranked/010_cencora/accounts/01_primary_cencoraglobal,@CencoraGlobal,https://x.com/CencoraGlobal,primary,1
10,Cencora,@CencoraGlobal,1640428868078059557,Mon Mar 27 19:01:34 +0000 2023,"A robust preventative plan can provide a reliable source of extra revenue for your practice and help make veterinary care more budget-friendly for customers. 

Learn more from our experts: https://t.co/SjuMbTBbar https://t.co/RNYJcYAoQl",https://x.com/CencoraGlobal/status/1640428868078059557,0,0,1,0,true,false,,2026-06-12T19:12:47.708607+00:00,capped browser-based collection of observable public posts,0,data/raw/fortune_x_2025_ranked/010_cencora/accounts/01_primary_cencoraglobal,@CencoraGlobal,https://x.com/CencoraGlobal,primary,1
10,Cencora,@CencoraGlobal,1638171213137694723,Tue Mar 21 13:30:27 +0000 2023,"As we expand our footprint and the markets we serve globally, we are passionate about prioritizing our DEI efforts. We are pleased to share our progress with increased transparency in our second annual DEI report. 

Read the report: https://t.co/piXiCyCSVt https://t.co/MgHWAZH4Hb",https://x.com/CencoraGlobal/status/1638171213137694723,0,3,7,0,true,false,,2026-06-12T19:12:47.708607+00:00,capped browser-based collection of observable public posts,0,data/raw/fortune_x_2025_ranked/010_cencora/accounts/01_primary_cencoraglobal,@CencoraGlobal,https://x.com/CencoraGlobal,primary,1
10,Cencora,@CencoraGlobal,1637896230121381891,Mon Mar 20 19:17:46 +0000 2023,"Julia Loew, SVP of Commercialization Services, MWI Animal Health, joined @tvbpublication to discuss the financial implications of customers turning to parasiticide vendors and how veterinary practice can keep those sales in-house. 

Read: https://t.co/7Tv04b6vAB",https://x.com/CencoraGlobal/status/1637896230121381891,0,0,1,0,true,false,,2026-06-12T19:12:47.708607+00:00,capped browser-based collection of observable public posts,0,data/raw/fortune_x_2025_ranked/010_cencora/accounts/01_primary_cencoraglobal,@CencoraGlobal,https://x.com/CencoraGlobal,primary,1
10,Cencora,@CencoraGlobal,1636729925003558912,Fri Mar 17 14:03:17 +0000 2023,"Every voice matters in the push for #GenderEquality. 

Ann Anaya, our Chief Diversity, Equity and Inclusion Officer, talked with the @unfoundation about the importance of everyone taking a stand to achieve equity. https://t.co/IHFn6YmoYS",https://x.com/CencoraGlobal/status/1636729925003558912,2,3,8,0,true,false,,2026-06-12T19:12:47.708607+00:00,capped browser-based collection of observable public posts,0,data/raw/fortune_x_2025_ranked/010_cencora/accounts/01_primary_cencoraglobal,@CencoraGlobal,https://x.com/CencoraGlobal,primary,1
10,Cencora,@CencoraGlobal,1635672809199353860,Tue Mar 14 16:02:41 +0000 2023,"The Drug Supply Chain Security Act will be crucial in formalizing a process to protect consumers from exposure to drugs that may be counterfeit, stolen, contaminated, or otherwise harmful. 

Learn more: https://t.co/tXoEE9tvao https://t.co/ruF4H01JIA",https://x.com/CencoraGlobal/status/1635672809199353860,0,1,3,0,true,false,,2026-06-12T19:12:47.708607+00:00,capped browser-based collection of observable public posts,0,data/raw/fortune_x_2025_ranked/010_cencora/accounts/01_primary_cencoraglobal,@CencoraGlobal,https://x.com/CencoraGlobal,primary,1
10,Cencora,@CencoraGlobal,1635340422301241345,Mon Mar 13 18:01:54 +0000 2023,"We are committed to reducing waste through innovative programs. 

In FY22, we launched a medication specials solution, which offers customers access to products nearing their expiration date at a discounted price to reduce supply chain waste.  https://t.co/CgxlJxihOp https://t.co/anUJ7kOOzy",https://x.com/CencoraGlobal/status/1635340422301241345,2,2,2,0,true,false,,2026-06-12T19:12:47.708607+00:00,capped browser-based collection of observable public posts,0,data/raw/fortune_x_2025_ranked/010_cencora/accounts/01_primary_cencoraglobal,@CencoraGlobal,https://x.com/CencoraGlobal,primary,1
10,Cencora,@CencoraGlobal,1633905909075197983,Thu Mar 09 19:01:39 +0000 2023,"We are proud to partner with @IFPW to announce a new framework for ESG. 

This resource will create consistency across the pharmaceutical sector regarding effectively communicating &amp; reporting on the impact of ESG initiatives to advance the supply chain.  https://t.co/dfvd6Xnj74 https://t.co/iWug1Rtjyn",https://x.com/CencoraGlobal/status/1633905909075197983,2,2,2,0,true,false,,2026-06-12T19:12:47.708607+00:00,capped browser-based collection of observable public posts,0,data/raw/fortune_x_2025_ranked/010_cencora/accounts/01_primary_cencoraglobal,@CencoraGlobal,https://x.com/CencoraGlobal,primary,1
10,Cencora,@CencoraGlobal,1633196438602809344,Tue Mar 07 20:02:28 +0000 2023,"In 2021, we committed to setting a science-based target aligned with the Science Based Target initiative guidance. 

Read about some of the tactics we took in FY22 to achieve this target. https://t.co/xF57BuA8nf",https://x.com/CencoraGlobal/status/1633196438602809344,1,1,2,0,true,false,,2026-06-12T19:12:47.708607+00:00,capped browser-based collection of observable public posts,0,data/raw/fortune_x_2025_ranked/010_cencora/accounts/01_primary_cencoraglobal,@CencoraGlobal,https://x.com/CencoraGlobal,primary,1
10,Cencora,@CencoraGlobal,1631354469001617420,Thu Mar 02 18:03:09 +0000 2023,"How do you ensure your commercialization path forward is strategically sound every step of the way? The right partner can connect you with experience, expertise, and a strategy specifically designed for emerging biopharma. 

Learn from our experts. https://t.co/nt2z5Erspm https://t.co/atDvBbCcld",https://x.com/CencoraGlobal/status/1631354469001617420,0,1,2,0,true,false,,2026-06-12T19:12:47.708607+00:00,capped browser-based collection of observable public posts,0,data/raw/fortune_x_2025_ranked/010_cencora/accounts/01_primary_cencoraglobal,@CencoraGlobal,https://x.com/CencoraGlobal,primary,1
10,Cencora,@CencoraGlobal,1630328835882270720,Mon Feb 27 22:07:39 +0000 2023,"The Drug Supply Chain Security Act more fully secures the nation's drug supply, making it easier to detect and respond to suspect drugs, while ensuring that consumers will have confidence in the safety of their medications. 

Learn about the DSCSA process. https://t.co/leLzLdyPrC https://t.co/zjO70VstZ7",https://x.com/CencoraGlobal/status/1630328835882270720,1,1,3,0,true,false,,2026-06-12T19:12:47.708607+00:00,capped browser-based collection of observable public posts,0,data/raw/fortune_x_2025_ranked/010_cencora/accounts/01_primary_cencoraglobal,@CencoraGlobal,https://x.com/CencoraGlobal,primary,1
10,Cencora,@CencoraGlobal,1630260994533470208,Mon Feb 27 17:38:04 +0000 2023,"RT @unfoundation: Equality is a human right. 

Yet girls and women are still not equal anywhere. 

AmerisourceBergen knows that together is…",https://x.com/CencoraGlobal/status/1630260994533470208,0,7,0,0,false,false,,2026-06-12T19:12:47.708607+00:00,capped browser-based collection of observable public posts,0,data/raw/fortune_x_2025_ranked/010_cencora/accounts/01_primary_cencoraglobal,@CencoraGlobal,https://x.com/CencoraGlobal,primary,1
10,Cencora,@CencoraGlobal,1630246380194103296,Mon Feb 27 16:40:00 +0000 2023,"Equality is a human right. 

Yet girls and women are still not equal anywhere. 

AmerisourceBergen knows that together is the only way forward. 

They've teamed up with us to make #EqualEverywhere a reality. 

You can get involved, too: https://t.co/k1hiZgeDuh

@Healthcare_ABC",https://x.com/CencoraGlobal/status/1630246380194103296,0,7,2,0,true,false,,2026-06-12T19:12:47.708607+00:00,capped browser-based collection of observable public posts,0,data/raw/fortune_x_2025_ranked/010_cencora/accounts/01_primary_cencoraglobal,@CencoraGlobal,https://x.com/CencoraGlobal,primary,1
10,Cencora,@CencoraGlobal,1628462686622162945,Wed Feb 22 18:32:14 +0000 2023,"RT @unfoundation: Pushing the needle on gender equality will take EVERYONE showing up and speaking out. 📣

Because teamwork makes the dream…",https://x.com/CencoraGlobal/status/1628462686622162945,0,5,0,0,false,false,,2026-06-12T19:12:47.708607+00:00,capped browser-based collection of observable public posts,0,data/raw/fortune_x_2025_ranked/010_cencora/accounts/01_primary_cencoraglobal,@CencoraGlobal,https://x.com/CencoraGlobal,primary,1
10,Cencora,@CencoraGlobal,1628453087319937031,Wed Feb 22 17:54:05 +0000 2023,"Pushing the needle on gender equality will take EVERYONE showing up and speaking out. 📣

Because teamwork makes the dream work. 

Will you join us in the #EqualEverywhere movement? https://t.co/k1hiZgeDuh

cc: @Crocs @essity @Healthcare_ABC @hmfoundation @pinterest @TOMFORD https://t.co/Ok1lpkosSJ",https://x.com/CencoraGlobal/status/1628453087319937031,0,5,8,0,true,false,,2026-06-12T19:12:47.708607+00:00,capped browser-based collection of observable public posts,0,data/raw/fortune_x_2025_ranked/010_cencora/accounts/01_primary_cencoraglobal,@CencoraGlobal,https://x.com/CencoraGlobal,primary,1
10,Cencora,@CencoraGlobal,1628107688503570432,Tue Feb 21 19:01:36 +0000 2023,"While at Phacilitate Advanced Therapies Week, our team members discussed our expertise around accelerating access to C&amp;G therapies. 

Watch our Jeff Buck discuss how partnership can increase advanced therapies’ connectivity &amp; speed to market. https://t.co/iTkEMQqM67",https://x.com/CencoraGlobal/status/1628107688503570432,0,0,2,0,true,false,,2026-06-12T19:12:47.708607+00:00,capped browser-based collection of observable public posts,0,data/raw/fortune_x_2025_ranked/010_cencora/accounts/01_primary_cencoraglobal,@CencoraGlobal,https://x.com/CencoraGlobal,primary,1
10,Cencora,@CencoraGlobal,1626628163706015746,Fri Feb 17 17:02:30 +0000 2023,"Mark Spykerman chatted with the @WSJ to talk about integrating ESG throughout our workplace culture, the opportunities it brings and the investments in automation and technology we have made to help achieve our sustainability goals. 

Read the article: https://t.co/h2Hvz2O3I1 https://t.co/DoWcfK8U40",https://x.com/CencoraGlobal/status/1626628163706015746,0,2,2,0,true,false,,2026-06-12T19:12:47.708607+00:00,capped browser-based collection of observable public posts,0,data/raw/fortune_x_2025_ranked/010_cencora/accounts/01_primary_cencoraglobal,@CencoraGlobal,https://x.com/CencoraGlobal,primary,1
10,Cencora,@CencoraGlobal,1623412079670530050,Wed Feb 08 20:02:55 +0000 2023,"Our new name underscores our global impact on healthcare. It reflects the unified and aspirational operating brand that highlights our purpose and position globally. 

Steve Collis met with @ClamanCountdown to discuss why we chose Cencora. https://t.co/GwP18mjrjB https://t.co/PPafhFklUC",https://x.com/CencoraGlobal/status/1623412079670530050,1,0,9,0,true,false,,2026-06-12T19:12:47.708607+00:00,capped browser-based collection of observable public posts,0,data/raw/fortune_x_2025_ranked/010_cencora/accounts/01_primary_cencoraglobal,@CencoraGlobal,https://x.com/CencoraGlobal,primary,1
10,Cencora,@CencoraGlobal,1623321676405506056,Wed Feb 08 14:03:42 +0000 2023,"Our 2022 Environmental, Sustainability, and Governance Report is here. 

Read the report to see how we live out our purpose to create healthier futures in FY22: https://t.co/HXIozPmuFl https://t.co/7eHwajfKNb",https://x.com/CencoraGlobal/status/1623321676405506056,1,1,0,1,true,false,,2026-06-12T19:12:47.708607+00:00,capped browser-based collection of observable public posts,0,data/raw/fortune_x_2025_ranked/010_cencora/accounts/01_primary_cencoraglobal,@CencoraGlobal,https://x.com/CencoraGlobal,primary,1
10,Cencora,@CencoraGlobal,1621578037723627520,Fri Feb 03 18:35:06 +0000 2023,"In celebration of #BHM, the AmerisourceBergen Foundation is pleased to support National Medical Association (NMA), which is the collective voice of African American physicians and the leading force for parity and justice in medicine and the elimination of disparities in health. https://t.co/8VIMbV23MZ",https://x.com/CencoraGlobal/status/1621578037723627520,2,2,2,0,true,false,,2026-06-12T19:12:47.708607+00:00,capped browser-based collection of observable public posts,0,data/raw/fortune_x_2025_ranked/010_cencora/accounts/01_primary_cencoraglobal,@CencoraGlobal,https://x.com/CencoraGlobal,primary,1
10,Cencora,@CencoraGlobal,1621237618229788672,Thu Feb 02 20:02:23 +0000 2023,"We have committed $100 million to Project Black, launched by Ariel Alternatives. The project will create minority businesses of scale, providing Fortune 500 companies with diverse vendors while empowering diverse leadership and workforces &amp; creating jobs. https://t.co/fHRcuZIdEA https://t.co/SYcPsRD60J",https://x.com/CencoraGlobal/status/1621237618229788672,3,0,2,0,true,false,,2026-06-12T19:12:47.708607+00:00,capped browser-based collection of observable public posts,0,data/raw/fortune_x_2025_ranked/010_cencora/accounts/01_primary_cencoraglobal,@CencoraGlobal,https://x.com/CencoraGlobal,primary,1
10,Cencora,@CencoraGlobal,1620899189151633409,Wed Feb 01 21:37:36 +0000 2023,"RT @RedCrossPhilly: Thank you to the amazing employees at @Healthcare_ABC for helping put together 1,000 comfort kits for veterans in need…",https://x.com/CencoraGlobal/status/1620899189151633409,0,2,0,0,false,false,,2026-06-12T19:12:47.708607+00:00,capped browser-based collection of observable public posts,0,data/raw/fortune_x_2025_ranked/010_cencora/accounts/01_primary_cencoraglobal,@CencoraGlobal,https://x.com/CencoraGlobal,primary,1
10,Cencora,@CencoraGlobal,1620870185728069632,Wed Feb 01 19:42:21 +0000 2023,"Thank you to the amazing employees at @Healthcare_ABC for helping put together 1,000 comfort kits for veterans in need across our region as part of our Service to the Armed Forces program! https://t.co/8VqtNAHJt3",https://x.com/CencoraGlobal/status/1620870185728069632,0,2,6,0,true,false,,2026-06-12T19:12:47.708607+00:00,capped browser-based collection of observable public posts,0,data/raw/fortune_x_2025_ranked/010_cencora/accounts/01_primary_cencoraglobal,@CencoraGlobal,https://x.com/CencoraGlobal,primary,1
10,Cencora,@CencoraGlobal,1620826733472616468,Wed Feb 01 16:49:41 +0000 2023,"We are proud to announce that we are contributing to @ArielInvests Project Black, which will invest in middle-market companies that are not currently minority owned, as well as existing Black-, Latino- and Latina-owned businesses.  

Learn more: https://t.co/LyAym64zRD https://t.co/sxk5zRKQYA",https://x.com/CencoraGlobal/status/1620826733472616468,1,2,3,0,true,false,,2026-06-12T19:12:47.708607+00:00,capped browser-based collection of observable public posts,0,data/raw/fortune_x_2025_ranked/010_cencora/accounts/01_primary_cencoraglobal,@CencoraGlobal,https://x.com/CencoraGlobal,primary,1
10,Cencora,@CencoraGlobal,1620512831694069764,Tue Jan 31 20:02:21 +0000 2023,"Our new name tells a compelling story, boldly differentiates the company, and was created with a future-oriented mindset. 

Read about our new name, Cencora: https://t.co/AoikW9c5xv https://t.co/CRgaGlJcIx",https://x.com/CencoraGlobal/status/1620512831694069764,2,1,2,0,true,false,,2026-06-12T19:12:47.708607+00:00,capped browser-based collection of observable public posts,0,data/raw/fortune_x_2025_ranked/010_cencora/accounts/01_primary_cencoraglobal,@CencoraGlobal,https://x.com/CencoraGlobal,primary,1
10,Cencora,@CencoraGlobal,1620105101573558272,Mon Jan 30 17:02:10 +0000 2023,"Understanding our customer’s needs is essential to operating successfully in the distribution space. 

We sat down with Kathy Oubre, of Pontchartrain Cancer Center, &amp; our partner for 17 years, to discuss her opinion on what matters most in community care. https://t.co/1c8sbkNPoz https://t.co/jX23IRO821",https://x.com/CencoraGlobal/status/1620105101573558272,0,0,3,0,true,false,,2026-06-12T19:12:47.708607+00:00,capped browser-based collection of observable public posts,0,data/raw/fortune_x_2025_ranked/010_cencora/accounts/01_primary_cencoraglobal,@CencoraGlobal,https://x.com/CencoraGlobal,primary,1
10,Cencora,@CencoraGlobal,1618685594841845760,Thu Jan 26 19:01:34 +0000 2023,"The future of healthcare is filled with promise for more equitable access to care and new therapies. Our role in that future is ambitious. 

Our new name symbolizes our commitment to showing up together to pursue our purpose of creating healthier futures. https://t.co/OnYDNEkoCV https://t.co/3gOHLuoLHX",https://x.com/CencoraGlobal/status/1618685594841845760,0,0,5,0,true,false,,2026-06-12T19:12:47.708607+00:00,capped browser-based collection of observable public posts,0,data/raw/fortune_x_2025_ranked/010_cencora/accounts/01_primary_cencoraglobal,@CencoraGlobal,https://x.com/CencoraGlobal,primary,1
10,Cencora,@CencoraGlobal,1618262945158365187,Wed Jan 25 15:02:06 +0000 2023,"Our new name is inspired by our customers and team members. 

 When our team members show up with purpose in their hearts, our collective impact in healthcare is unrivaled. https://t.co/EYx6vHr7dT https://t.co/MRRL4JmBDj",https://x.com/CencoraGlobal/status/1618262945158365187,2,6,4,0,true,false,,2026-06-12T19:12:47.708607+00:00,capped browser-based collection of observable public posts,0,data/raw/fortune_x_2025_ranked/010_cencora/accounts/01_primary_cencoraglobal,@CencoraGlobal,https://x.com/CencoraGlobal,primary,1
10,Cencora,@CencoraGlobal,1617916063844294661,Tue Jan 24 16:03:43 +0000 2023,"Our new name will support our strategy as a global brand, reflecting our ongoing impact across the healthcare space all over the world.

Read @WSJ conversation with Steve Collis, Chairman, President &amp; Chief Executive Officer about the change. https://t.co/L8prbc6aUW",https://x.com/CencoraGlobal/status/1617916063844294661,2,1,10,0,true,false,,2026-06-12T19:12:47.708607+00:00,capped browser-based collection of observable public posts,0,data/raw/fortune_x_2025_ranked/010_cencora/accounts/01_primary_cencoraglobal,@CencoraGlobal,https://x.com/CencoraGlobal,primary,1
10,Cencora,@CencoraGlobal,1617857823244750854,Tue Jan 24 12:12:18 +0000 2023,"AmerisourceBergen proudly announces its intent to change its name to Cencora to reflect its bold vision and purpose-driven approach to creating healthier futures. 

Read more: https://t.co/YubpIjuC1Z https://t.co/2E4KPRRgzN",https://x.com/CencoraGlobal/status/1617857823244750854,15,9,57,1,true,false,,2026-06-12T19:12:47.708607+00:00,capped browser-based collection of observable public posts,0,data/raw/fortune_x_2025_ranked/010_cencora/accounts/01_primary_cencoraglobal,@CencoraGlobal,https://x.com/CencoraGlobal,primary,1
10,Cencora,@CencoraGlobal,1617568451459006467,Mon Jan 23 17:02:26 +0000 2023,"With pharma and biotech companies navigating new challenges, learn about how we are elevating the support we provide to our partners to maximize their product success and accelerate patient access through our Pharmalex acquisition. 

Read: https://t.co/CiqNDomdPG",https://x.com/CencoraGlobal/status/1617568451459006467,0,0,1,0,true,false,,2026-06-12T19:12:47.708607+00:00,capped browser-based collection of observable public posts,0,data/raw/fortune_x_2025_ranked/010_cencora/accounts/01_primary_cencoraglobal,@CencoraGlobal,https://x.com/CencoraGlobal,primary,1
10,Cencora,@CencoraGlobal,1617528848718888960,Mon Jan 23 14:25:04 +0000 2023,"We are proud to announce that we are now the exclusive distributor for @CivicaRx, a not-for-profit generic drug and pharmaceutical company founded in 2018 to combat life-saving drug shortages &amp; affordability. 

Learn about our partnership: https://t.co/Po4TkJcyno https://t.co/4aYTwGVj2b",https://x.com/CencoraGlobal/status/1617528848718888960,0,0,3,1,true,false,,2026-06-12T19:12:47.708607+00:00,capped browser-based collection of observable public posts,0,data/raw/fortune_x_2025_ranked/010_cencora/accounts/01_primary_cencoraglobal,@CencoraGlobal,https://x.com/CencoraGlobal,primary,1
10,Cencora,@CencoraGlobal,1616496698653609989,Fri Jan 20 18:03:40 +0000 2023,"Our recently-announced Good Neighbor Pharmacy Scholarship program, built alongside the AmerisourceBergen Foundation, aims to advance diversity, equity and inclusion across the industry. 

Learn more about our driving factors: https://t.co/2VW2KujRm8 https://t.co/KgjHeUNFsU",https://x.com/CencoraGlobal/status/1616496698653609989,0,0,1,0,true,false,,2026-06-12T19:12:47.708607+00:00,capped browser-based collection of observable public posts,0,data/raw/fortune_x_2025_ranked/010_cencora/accounts/01_primary_cencoraglobal,@CencoraGlobal,https://x.com/CencoraGlobal,primary,1
10,Cencora,@CencoraGlobal,1616102116862398465,Thu Jan 19 15:55:45 +0000 2023,"We are thrilled to share that a pair of our leaders will be joining @HDAconnect and HDA Research Foundation board to help execute the organization’s strategic priorities. 

Learn more: https://t.co/kVzdcsYDZJ https://t.co/Tc8Lj39C1u",https://x.com/CencoraGlobal/status/1616102116862398465,2,1,3,0,true,false,,2026-06-12T19:12:47.708607+00:00,capped browser-based collection of observable public posts,0,data/raw/fortune_x_2025_ranked/010_cencora/accounts/01_primary_cencoraglobal,@CencoraGlobal,https://x.com/CencoraGlobal,primary,1
10,Cencora,@CencoraGlobal,1615439501203062789,Tue Jan 17 20:02:45 +0000 2023,"Jenny Sherak and Susan Weidner recently joined @CancerNetwrk to discuss how bringing clinical cancer research to the community setting could offer better accessibility and lower costs without sacrificing the quality of care. 

Read their thoughts: https://t.co/PL6qbAoRI2",https://x.com/CencoraGlobal/status/1615439501203062789,0,1,4,0,true,false,,2026-06-12T19:12:47.708607+00:00,capped browser-based collection of observable public posts,0,data/raw/fortune_x_2025_ranked/010_cencora/accounts/01_primary_cencoraglobal,@CencoraGlobal,https://x.com/CencoraGlobal,primary,1
10,Cencora,@CencoraGlobal,1615001598509342721,Mon Jan 16 15:02:41 +0000 2023,"Living out our purpose means committing to improving our community's health &amp; well-being by investing in organizations that foster health equity.

On #MLKDay, we give back to the @NatUrbanLeague, an organization that empowers all Americans to access quality healthcare solutions. https://t.co/841IUzno0Z",https://x.com/CencoraGlobal/status/1615001598509342721,1,1,3,0,true,false,,2026-06-12T19:12:47.708607+00:00,capped browser-based collection of observable public posts,0,data/raw/fortune_x_2025_ranked/010_cencora/accounts/01_primary_cencoraglobal,@CencoraGlobal,https://x.com/CencoraGlobal,primary,1
10,Cencora,@CencoraGlobal,1613899678566719491,Fri Jan 13 14:04:02 +0000 2023,"Ann Anaya, our chief diversity equity and inclusion officer and Kathleen Kennedy, Dean of the College of Pharmacy at @XULA1925, discuss the importance of diversity in pharmacy and why it matters that patients are treated by someone who looks like them. https://t.co/6y76SKEW6T",https://x.com/CencoraGlobal/status/1613899678566719491,1,1,0,0,true,false,,2026-06-12T19:12:47.708607+00:00,capped browser-based collection of observable public posts,0,data/raw/fortune_x_2025_ranked/010_cencora/accounts/01_primary_cencoraglobal,@CencoraGlobal,https://x.com/CencoraGlobal,primary,1
10,Cencora,@CencoraGlobal,1613642309379264513,Thu Jan 12 21:01:21 +0000 2023,"Last week, PharmaLex officially became a member of AB. Their offerings, including regulatory affairs, development consulting and scientific affairs, and compliance services, will build on our position as partner of choice for biopharma companies. https://t.co/3hDYCeMFYj https://t.co/SKZZwmVMhA",https://x.com/CencoraGlobal/status/1613642309379264513,1,0,3,0,true,false,,2026-06-12T19:12:47.708607+00:00,capped browser-based collection of observable public posts,0,data/raw/fortune_x_2025_ranked/010_cencora/accounts/01_primary_cencoraglobal,@CencoraGlobal,https://x.com/CencoraGlobal,primary,1
10,Cencora,@CencoraGlobal,1613189595188924416,Wed Jan 11 15:02:25 +0000 2023,"As the cell and gene industry changes, how can reimbursement models change to support business models in the long term? In a recent webinar, our experts discussed a few key features of successful innovative pricing and reimbursement models. 

Watch: https://t.co/JasmvhGy6a https://t.co/D4BjkjLqK9",https://x.com/CencoraGlobal/status/1613189595188924416,0,1,2,0,true,false,,2026-06-12T19:12:47.708607+00:00,capped browser-based collection of observable public posts,0,data/raw/fortune_x_2025_ranked/010_cencora/accounts/01_primary_cencoraglobal,@CencoraGlobal,https://x.com/CencoraGlobal,primary,1
10,Cencora,@CencoraGlobal,1612842767306178561,Tue Jan 10 16:04:15 +0000 2023,"The @WeAreGNP &amp; AmerisourceBergen Foundation scholarship program will support aspiring Black &amp; African American pharmacists, a historically underrepresented group, within pharmacy practice and advance inclusion across the pharmacy industry. 

Learn more: https://t.co/GmeoNYEuef https://t.co/MQeXZNgNHV",https://x.com/CencoraGlobal/status/1612842767306178561,1,2,3,0,true,false,,2026-06-12T19:12:47.708607+00:00,capped browser-based collection of observable public posts,0,data/raw/fortune_x_2025_ranked/010_cencora/accounts/01_primary_cencoraglobal,@CencoraGlobal,https://x.com/CencoraGlobal,primary,1
10,Cencora,@CencoraGlobal,1612525010509340673,Mon Jan 09 19:01:36 +0000 2023,"Our Andrea Zobel  recently penned a piece with @pharmaphorum about the significant milestone of the cell and gene therapy (CGT) industry. Her piece discussed what the approval of Ebvallo means for the industry. 

Read the article: https://t.co/tJZApHkjmv",https://x.com/CencoraGlobal/status/1612525010509340673,0,0,0,0,true,false,,2026-06-12T19:12:47.708607+00:00,capped browser-based collection of observable public posts,0,data/raw/fortune_x_2025_ranked/010_cencora/accounts/01_primary_cencoraglobal,@CencoraGlobal,https://x.com/CencoraGlobal,primary,1
10,Cencora,@CencoraGlobal,1610281149338718210,Tue Jan 03 14:25:18 +0000 2023,"We are thrilled to welcome PharmaLex, a leading provider of specialized services for the life sciences industry, to our family of global solutions. 

The addition of PharmaLex will strengthen our leadership in specialty services in a few key ways: https://t.co/pYUljmFfWt https://t.co/UNaXNvypZG",https://x.com/CencoraGlobal/status/1610281149338718210,2,1,7,0,true,false,,2026-06-12T19:12:47.708607+00:00,capped browser-based collection of observable public posts,0,data/raw/fortune_x_2025_ranked/010_cencora/accounts/01_primary_cencoraglobal,@CencoraGlobal,https://x.com/CencoraGlobal,primary,1
10,Cencora,@CencoraGlobal,1608524013873102850,Thu Dec 29 18:03:04 +0000 2022,"The digital therapeutics space has emerged as a fast-growing global market with no signs of slowing down. 

However, addressing barriers  is critical to advance the industry and unlocking the potential value DTx products can offer. https://t.co/Bg2766zzH8",https://x.com/CencoraGlobal/status/1608524013873102850,1,1,2,0,true,false,,2026-06-12T19:12:47.708607+00:00,capped browser-based collection of observable public posts,0,data/raw/fortune_x_2025_ranked/010_cencora/accounts/01_primary_cencoraglobal,@CencoraGlobal,https://x.com/CencoraGlobal,primary,1
10,Cencora,@CencoraGlobal,1608131517737230344,Wed Dec 28 16:03:26 +0000 2022,"The #biosimilar market is heating up in 2023. Brian Biehn, Senior Director, Biosimilar Commercialization, recently spoke with @BiosimCenter detailing Humira biosimilars, policy updates, and payer responses. 

Listen to the podcast episode here. https://t.co/U6hJCAfe7d",https://x.com/CencoraGlobal/status/1608131517737230344,0,0,0,0,true,false,,2026-06-12T19:12:47.708607+00:00,capped browser-based collection of observable public posts,0,data/raw/fortune_x_2025_ranked/010_cencora/accounts/01_primary_cencoraglobal,@CencoraGlobal,https://x.com/CencoraGlobal,primary,1
10,Cencora,@CencoraGlobal,1605957474670067714,Thu Dec 22 16:04:33 +0000 2022,"With the rise in digital interactions among healthcare stakeholders, innovative technology is increasingly important in the patient’s journey. 

Our experts discuss ways to lean into the momentum of technology adoptions to improve the patient experience.  https://t.co/cYpq2nYhlm https://t.co/0IWPZXBLP4",https://x.com/CencoraGlobal/status/1605957474670067714,2,0,3,0,true,false,,2026-06-12T19:12:47.708607+00:00,capped browser-based collection of observable public posts,0,data/raw/fortune_x_2025_ranked/010_cencora/accounts/01_primary_cencoraglobal,@CencoraGlobal,https://x.com/CencoraGlobal,primary,1
10,Cencora,@CencoraGlobal,1605669841087651844,Wed Dec 21 21:01:36 +0000 2022,"Does your market access partner understand the nuances of the international go-to-market chess game? Our experts share three questions to remember when bringing biopharma products to market to ensure you are working with the right partner.

Read the piece: https://t.co/A9zmhMioRN https://t.co/3qZ7WbzqoL",https://x.com/CencoraGlobal/status/1605669841087651844,0,1,1,0,true,false,,2026-06-12T19:12:47.708607+00:00,capped browser-based collection of observable public posts,0,data/raw/fortune_x_2025_ranked/010_cencora/accounts/01_primary_cencoraglobal,@CencoraGlobal,https://x.com/CencoraGlobal,primary,1
10,Cencora,@CencoraGlobal,1604930200881463297,Mon Dec 19 20:02:32 +0000 2022,"The new year is coming, and with it comes changes to physician fee cuts and policy changes for practices. 

Learn about what our experts are doing to engage and educate policymakers to help protect sites of care and prevent fee cuts. https://t.co/QZr2LJNalX https://t.co/DMoFKUDrYE",https://x.com/CencoraGlobal/status/1604930200881463297,0,1,1,0,true,false,,2026-06-12T19:12:47.708607+00:00,capped browser-based collection of observable public posts,0,data/raw/fortune_x_2025_ranked/010_cencora/accounts/01_primary_cencoraglobal,@CencoraGlobal,https://x.com/CencoraGlobal,primary,1
10,Cencora,@CencoraGlobal,1603088406048903172,Wed Dec 14 18:03:54 +0000 2022,"Juan Guerra, president of International Business Group at AmerisourceBergen, sat down with @EPM_Magazine to talk about the rapidly expanding cold chain product market and the future of the biopharma supply chain.

Read the article: https://t.co/xkbRZMfqdt",https://x.com/CencoraGlobal/status/1603088406048903172,1,0,1,0,false,false,,2026-06-12T19:12:47.708607+00:00,capped browser-based collection of observable public posts,0,data/raw/fortune_x_2025_ranked/010_cencora/accounts/01_primary_cencoraglobal,@CencoraGlobal,https://x.com/CencoraGlobal,primary,1
10,Cencora,@CencoraGlobal,1602695858792849410,Tue Dec 13 16:04:04 +0000 2022,"How do we build meaningful customer relationships through partnership and innovation? 

Several specialty practice administrators joined us to discuss what matters most to them &amp; the value of their relationship with their distributors. Read their thoughts: https://t.co/cdkm6ilB5D https://t.co/C1IyA6j9dF",https://x.com/CencoraGlobal/status/1602695858792849410,0,1,2,0,false,false,,2026-06-12T19:12:47.708607+00:00,capped browser-based collection of observable public posts,0,data/raw/fortune_x_2025_ranked/010_cencora/accounts/01_primary_cencoraglobal,@CencoraGlobal,https://x.com/CencoraGlobal,primary,1
10,Cencora,@CencoraGlobal,1602393485595770895,Mon Dec 12 20:02:32 +0000 2022,"As 2023 approaches, how is the #biosimilar market shaping up, and what can we expect?

Brian Biehn details upcoming milestones, opportunities and challenges the industry is facing in a recent Q&amp;A with Generics Bulletin. Read here. https://t.co/5fHOYvBvz1 https://t.co/c01ePjvulF",https://x.com/CencoraGlobal/status/1602393485595770895,0,1,2,0,false,false,,2026-06-12T19:12:47.708607+00:00,capped browser-based collection of observable public posts,0,data/raw/fortune_x_2025_ranked/010_cencora/accounts/01_primary_cencoraglobal,@CencoraGlobal,https://x.com/CencoraGlobal,primary,1
10,Cencora,@CencoraGlobal,1602318160857800712,Mon Dec 12 15:03:13 +0000 2022,Ann Anaya and Dean Kathleen Kennedy joined @Drug_Topics to address diversity in pharmacy and why culturally competent care is so important for healthier futures https://t.co/IalTBXVzpO,https://x.com/CencoraGlobal/status/1602318160857800712,0,0,0,0,false,false,,2026-06-12T19:12:47.708607+00:00,capped browser-based collection of observable public posts,0,data/raw/fortune_x_2025_ranked/010_cencora/accounts/01_primary_cencoraglobal,@CencoraGlobal,https://x.com/CencoraGlobal,primary,1
10,Cencora,@CencoraGlobal,1598422132299538459,Thu Dec 01 21:01:48 +0000 2022,"Alliance Healthcare, in collaboration with @GIRPBrussels, hosted an AMR event last month in Belgium to bring together policymakers &amp; leaders across the healthcare supply chain to discuss response efforts &amp; explore solutions to combat #AMR.  https://t.co/rVwC9Ndhrc https://t.co/cMXZDqPC1E",https://x.com/CencoraGlobal/status/1598422132299538459,2,0,0,0,false,false,,2026-06-12T19:12:47.708607+00:00,capped browser-based collection of observable public posts,0,data/raw/fortune_x_2025_ranked/010_cencora/accounts/01_primary_cencoraglobal,@CencoraGlobal,https://x.com/CencoraGlobal,primary,1
10,Cencora,@CencoraGlobal,1597984718045474816,Wed Nov 30 16:03:40 +0000 2022,"Jay Dombi, VP of Services &amp; Solutions and Lamont Robinson, Director of Supplier Diversity joined @Drug_Topics to chat about how the AmerisourceBergen Marketplace can help pharmacies and why having diverse suppliers is important. 

Watch the interview: https://t.co/6faGCksqeN",https://x.com/CencoraGlobal/status/1597984718045474816,1,0,2,0,false,false,,2026-06-12T19:12:47.708607+00:00,capped browser-based collection of observable public posts,0,data/raw/fortune_x_2025_ranked/010_cencora/accounts/01_primary_cencoraglobal,@CencoraGlobal,https://x.com/CencoraGlobal,primary,1
10,Cencora,@CencoraGlobal,1597244748372185089,Mon Nov 28 15:03:18 +0000 2022,Sandra Billig and Werner Kulp of AmerisourceBergen Consulting joined @PharmaPinkSheet to examine how the Financial Stabilization Act will affect the biopharma industry in Germany and what companies need to consider when bringing a product to market. https://t.co/7jLWHmdBF0 https://t.co/x9LBPxXeqe,https://x.com/CencoraGlobal/status/1597244748372185089,0,0,1,1,false,false,,2026-06-12T19:12:47.708607+00:00,capped browser-based collection of observable public posts,0,data/raw/fortune_x_2025_ranked/010_cencora/accounts/01_primary_cencoraglobal,@CencoraGlobal,https://x.com/CencoraGlobal,primary,1
10,Cencora,@CencoraGlobal,1595432914908368896,Wed Nov 23 15:03:43 +0000 2022,"Lung-I Cheng joined @DrugChannels to discuss the exciting future of cell and gene therapy and some of the major challenges of bringing these transformative medicines to market. 

Read his guest post about companies can tackle these challenges: https://t.co/p8Nrojrbea https://t.co/dlbjPVmNif",https://x.com/CencoraGlobal/status/1595432914908368896,0,0,4,0,false,false,,2026-06-12T19:12:47.708607+00:00,capped browser-based collection of observable public posts,0,data/raw/fortune_x_2025_ranked/010_cencora/accounts/01_primary_cencoraglobal,@CencoraGlobal,https://x.com/CencoraGlobal,primary,1
10,Cencora,@CencoraGlobal,1593662857358594050,Fri Nov 18 17:50:08 +0000 2022,RT @BiosimsCouncil: Two #biosimilars experts from @Healthcare_ABC recently spoke with #GlobalBiosimilarsWeek chair @ericaklinger about thei…,https://x.com/CencoraGlobal/status/1593662857358594050,0,2,0,0,false,false,,2026-06-12T19:12:47.708607+00:00,capped browser-based collection of observable public posts,0,data/raw/fortune_x_2025_ranked/010_cencora/accounts/01_primary_cencoraglobal,@CencoraGlobal,https://x.com/CencoraGlobal,primary,1
10,Cencora,@CencoraGlobal,1593655248064749568,Fri Nov 18 17:19:54 +0000 2022,"Two #biosimilars experts from @Healthcare_ABC recently spoke with #GlobalBiosimilarsWeek chair @ericaklinger about their work to expand patient access to biosimilars and the importance of raising public awareness.

Check it out here: https://t.co/keuSr77xQW https://t.co/Z0ouYbkPJa",https://x.com/CencoraGlobal/status/1593655248064749568,0,2,3,0,false,false,,2026-06-12T19:12:47.708607+00:00,capped browser-based collection of observable public posts,0,data/raw/fortune_x_2025_ranked/010_cencora/accounts/01_primary_cencoraglobal,@CencoraGlobal,https://x.com/CencoraGlobal,primary,1
10,Cencora,@CencoraGlobal,1593303559180898309,Thu Nov 17 18:02:25 +0000 2022,"This week, our colleagues at Alliance Healthcare and the European Healthcare Distribution Association (GIRP) hosted an antimicrobial resistance (AMR) event in Brussels. 

Learn about the event: https://t.co/80VklyMyJm https://t.co/bOuOY2gEgj",https://x.com/CencoraGlobal/status/1593303559180898309,0,0,1,0,false,false,,2026-06-12T19:12:47.708607+00:00,capped browser-based collection of observable public posts,0,data/raw/fortune_x_2025_ranked/010_cencora/accounts/01_primary_cencoraglobal,@CencoraGlobal,https://x.com/CencoraGlobal,primary,1
10,Cencora,@CencoraGlobal,1592956331409002498,Wed Nov 16 19:02:39 +0000 2022,"The future of biosimilars is exciting. In a recent podcasts, our experts discuss the continuing evolution of the biosimilar marketplace and share how we are inspiring confidence and uptake among key stakeholders. #GlobalBiosimilarsWeek https://t.co/mSYiN0lmmR https://t.co/SDnOoNBrQp",https://x.com/CencoraGlobal/status/1592956331409002498,0,1,9,0,false,false,,2026-06-12T19:12:47.708607+00:00,capped browser-based collection of observable public posts,0,data/raw/fortune_x_2025_ranked/010_cencora/accounts/01_primary_cencoraglobal,@CencoraGlobal,https://x.com/CencoraGlobal,primary,1
10,Cencora,@CencoraGlobal,1592533824323436544,Tue Nov 15 15:03:46 +0000 2022,"Curious to learn how we’re leveraging our venture fund to co-create and co-invest alongside our customers? 

Read more on @Chaindrugreview to see how we’re supporting our customers all while advancing the #futureofpharmacy. https://t.co/ZDo2utiF1B https://t.co/m82mjXDt9c",https://x.com/CencoraGlobal/status/1592533824323436544,1,0,3,0,false,false,,2026-06-12T19:12:47.708607+00:00,capped browser-based collection of observable public posts,0,data/raw/fortune_x_2025_ranked/010_cencora/accounts/01_primary_cencoraglobal,@CencoraGlobal,https://x.com/CencoraGlobal,primary,1
10,Cencora,@CencoraGlobal,1592238504267993089,Mon Nov 14 19:30:16 +0000 2022,"As part of #GlobalBiosimilarsWeek, we’re taking a look at what this emerging therapy is, how it stacks up to reference biologics and the benefits associated. 

Learn more about what our biosimilars experts have to say about this alternative solution: https://t.co/tHpSS6koyq https://t.co/rK17SkENfs",https://x.com/CencoraGlobal/status/1592238504267993089,1,5,8,0,false,false,,2026-06-12T19:12:47.708607+00:00,capped browser-based collection of observable public posts,0,data/raw/fortune_x_2025_ranked/010_cencora/accounts/01_primary_cencoraglobal,@CencoraGlobal,https://x.com/CencoraGlobal,primary,1
10,Cencora,@CencoraGlobal,1590796928765333510,Thu Nov 10 20:01:58 +0000 2022,"Heather Zenk recently spoke to our team members and @CancerNetwrk about how we are investing in our future with our new Montclair specialty distribution center. 

Read more: https://t.co/IhziiNoaK7 https://t.co/Vv6eCEP7GB",https://x.com/CencoraGlobal/status/1590796928765333510,0,5,6,0,false,false,,2026-06-12T19:12:47.708607+00:00,capped browser-based collection of observable public posts,0,data/raw/fortune_x_2025_ranked/010_cencora/accounts/01_primary_cencoraglobal,@CencoraGlobal,https://x.com/CencoraGlobal,primary,1
10,Cencora,@CencoraGlobal,1590434487522840576,Wed Nov 09 20:01:45 +0000 2022,This week is Compliance Week! We join corporations around the globe to shine a spotlight on the importance of compliance and ethics as the foundation of who we are as a purpose-driven organization. Our Jennifer Dubas detailed our new compliance mission for our global presence. https://t.co/QVuaoEp1iy,https://x.com/CencoraGlobal/status/1590434487522840576,1,1,5,0,false,false,,2026-06-12T19:12:47.708607+00:00,capped browser-based collection of observable public posts,0,data/raw/fortune_x_2025_ranked/010_cencora/accounts/01_primary_cencoraglobal,@CencoraGlobal,https://x.com/CencoraGlobal,primary,1
10,Cencora,@CencoraGlobal,1590065829307375616,Tue Nov 08 19:36:50 +0000 2022,RT @WeAreGNP: Pharmacist and store owner Chichi Ilonzo Momah sat down with #GNP Connect podcast to talk about her cutting edge approach to…,https://x.com/CencoraGlobal/status/1590065829307375616,0,1,0,0,false,false,,2026-06-12T19:12:47.708607+00:00,capped browser-based collection of observable public posts,0,data/raw/fortune_x_2025_ranked/010_cencora/accounts/01_primary_cencoraglobal,@CencoraGlobal,https://x.com/CencoraGlobal,primary,1
10,Cencora,@CencoraGlobal,1590057284687863808,Tue Nov 08 19:02:53 +0000 2022,"Recently, David Senior joined a panel of experts at the Reuter’s CGT USA 2022 to discuss new payment strategies for CGTs and delve into outcomes-based agreements (OBAs).

Read his thoughts on the features behind innovative pricing and reimbursement models. https://t.co/f70GyrbZAp https://t.co/vJNTrdZzO3",https://x.com/CencoraGlobal/status/1590057284687863808,0,1,5,0,false,false,,2026-06-12T19:12:47.708607+00:00,capped browser-based collection of observable public posts,0,data/raw/fortune_x_2025_ranked/010_cencora/accounts/01_primary_cencoraglobal,@CencoraGlobal,https://x.com/CencoraGlobal,primary,1
10,Cencora,@CencoraGlobal,1589997178071797760,Tue Nov 08 15:04:02 +0000 2022,"Pharmacist and store owner Chichi Ilonzo Momah sat down with #GNP Connect podcast to talk about her cutting edge approach to #POCT. Learn about overcoming barriers, how she got her staff involved and how she is just getting started. https://t.co/CY7rUGvRqT https://t.co/zGrpsURJ20",https://x.com/CencoraGlobal/status/1589997178071797760,0,1,2,0,false,false,,2026-06-12T19:12:47.708607+00:00,capped browser-based collection of observable public posts,0,data/raw/fortune_x_2025_ranked/010_cencora/accounts/01_primary_cencoraglobal,@CencoraGlobal,https://x.com/CencoraGlobal,primary,1
10,Cencora,@CencoraGlobal,1588569081434849280,Fri Nov 04 16:29:17 +0000 2022,"We celebrated our newest distribution center for specialty drugs in Montclair, CA this week. Our leaders met with current team members at the DC, manufacturers &amp; @Drug_Topics to discuss how this new space will help us meet the needs of our customers. https://t.co/GPtTdT38Gi https://t.co/1ecfRY0jvb",https://x.com/CencoraGlobal/status/1588569081434849280,1,3,3,0,false,false,,2026-06-12T19:12:47.708607+00:00,capped browser-based collection of observable public posts,0,data/raw/fortune_x_2025_ranked/010_cencora/accounts/01_primary_cencoraglobal,@CencoraGlobal,https://x.com/CencoraGlobal,primary,1
10,Cencora,@CencoraGlobal,1587822595117916160,Wed Nov 02 15:03:01 +0000 2022,"“Our philosophy has always been to place great emphasis on individualized care.”

Clint Hopkins &amp; his husband, of Pucci’s Phamacy in Sacramento, CA talked with @Chaindrugreview about how they have created a destination of care for the LGBTQ+ community. https://t.co/0H5r2e0931 https://t.co/gMXg0UdwZn",https://x.com/CencoraGlobal/status/1587822595117916160,1,0,3,0,false,false,,2026-06-12T19:12:47.708607+00:00,capped browser-based collection of observable public posts,0,data/raw/fortune_x_2025_ranked/010_cencora/accounts/01_primary_cencoraglobal,@CencoraGlobal,https://x.com/CencoraGlobal,primary,1
10,Cencora,@CencoraGlobal,1587127968127664128,Mon Oct 31 17:02:49 +0000 2022,"Benefit verification has become faster than ever thanks to advances in automation.

Our experts discussed how the right eBV solution will effectively manage annual reverification (AR) volume and minimize negative patient impact. https://t.co/YmnghW3y8j https://t.co/iiPfv9MbcI",https://x.com/CencoraGlobal/status/1587127968127664128,0,1,2,0,false,false,,2026-06-12T19:12:47.708607+00:00,capped browser-based collection of observable public posts,0,data/raw/fortune_x_2025_ranked/010_cencora/accounts/01_primary_cencoraglobal,@CencoraGlobal,https://x.com/CencoraGlobal,primary,1
10,Cencora,@CencoraGlobal,1586046538492497920,Fri Oct 28 17:25:36 +0000 2022,"RT @WeAreGNP: With drug take back day happening tomorrow, October 30, #pharmacists should encourage patients to check their medicines on a…",https://x.com/CencoraGlobal/status/1586046538492497920,0,1,0,0,false,false,,2026-06-12T19:12:47.708607+00:00,capped browser-based collection of observable public posts,0,data/raw/fortune_x_2025_ranked/010_cencora/accounts/01_primary_cencoraglobal,@CencoraGlobal,https://x.com/CencoraGlobal,primary,1
10,Cencora,@CencoraGlobal,1586026149280448514,Fri Oct 28 16:04:35 +0000 2022,"With drug take back day happening tomorrow, October 30, #pharmacists should encourage patients to check their medicines on a regular basis.  https://t.co/3GeXubB5Uj",https://x.com/CencoraGlobal/status/1586026149280448514,0,1,1,0,false,false,,2026-06-12T19:12:47.708607+00:00,capped browser-based collection of observable public posts,0,data/raw/fortune_x_2025_ranked/010_cencora/accounts/01_primary_cencoraglobal,@CencoraGlobal,https://x.com/CencoraGlobal,primary,1
10,Cencora,@CencoraGlobal,1585678390224453632,Thu Oct 27 17:02:43 +0000 2022,"Among the 300,000 actively practicing U.S. pharmacists, more than 65% are female. 

So, what makes women pharmacists well-suited for such a powerful presence in the industry? Our experts share their thoughts. https://t.co/WQXYIGyabD https://t.co/pkdHPnJf70",https://x.com/CencoraGlobal/status/1585678390224453632,0,0,4,0,false,false,,2026-06-12T19:12:47.708607+00:00,capped browser-based collection of observable public posts,0,data/raw/fortune_x_2025_ranked/010_cencora/accounts/01_primary_cencoraglobal,@CencoraGlobal,https://x.com/CencoraGlobal,primary,1
10,Cencora,@CencoraGlobal,1585361247503061000,Wed Oct 26 20:02:30 +0000 2022,"We are proud to share MWI Animal Health United Kingdom's new technology offering, MWI Pet, designed to help veterinary practices increase engagement with their clients while reducing administrative burdens on their teams. https://t.co/bOzkcqWv30 https://t.co/54EYwhK7c2",https://x.com/CencoraGlobal/status/1585361247503061000,0,0,1,0,false,false,,2026-06-12T19:12:47.708607+00:00,capped browser-based collection of observable public posts,0,data/raw/fortune_x_2025_ranked/010_cencora/accounts/01_primary_cencoraglobal,@CencoraGlobal,https://x.com/CencoraGlobal,primary,1
10,Cencora,@CencoraGlobal,1584576644081225729,Mon Oct 24 16:04:46 +0000 2022,"Biopharma companies should always consider what formulary decision-makers need and want before proposing alternative instruments. 

With insights from our survey among more than 50 payer advisors, here's what biopharma leaders need to know. https://t.co/JceJrpSLGE https://t.co/LTQRKzYQog",https://x.com/CencoraGlobal/status/1584576644081225729,0,0,7,0,false,false,,2026-06-12T19:12:47.708607+00:00,capped browser-based collection of observable public posts,0,data/raw/fortune_x_2025_ranked/010_cencora/accounts/01_primary_cencoraglobal,@CencoraGlobal,https://x.com/CencoraGlobal,primary,1
10,Cencora,@CencoraGlobal,1582769734017511425,Wed Oct 19 16:24:45 +0000 2022,RT @WeAreGNP: Thank you to all the pharmacy technicians for all you do to support the pharmacies and patients! Your hard work and dedicatio…,https://x.com/CencoraGlobal/status/1582769734017511425,0,2,0,0,false,false,,2026-06-12T19:12:47.708607+00:00,capped browser-based collection of observable public posts,0,data/raw/fortune_x_2025_ranked/010_cencora/accounts/01_primary_cencoraglobal,@CencoraGlobal,https://x.com/CencoraGlobal,primary,1
10,Cencora,@CencoraGlobal,1582404331927613441,Tue Oct 18 16:12:47 +0000 2022,Thank you to all the pharmacy technicians for all you do to support the pharmacies and patients! Your hard work and dedication does not go unnoticed.  #RxTechDay #APhM2022 https://t.co/FosPUiRpjc,https://x.com/CencoraGlobal/status/1582404331927613441,0,2,3,0,false,false,,2026-06-12T19:12:47.708607+00:00,capped browser-based collection of observable public posts,0,data/raw/fortune_x_2025_ranked/010_cencora/accounts/01_primary_cencoraglobal,@CencoraGlobal,https://x.com/CencoraGlobal,primary,1
10,Cencora,@CencoraGlobal,1582402366296719361,Tue Oct 18 16:04:58 +0000 2022,"Chris Williams and Nick Porter  joined @PharmaCommerce to discuss the rapidly growing pharmaceutical cold chain market and the investments World Courier and Alloga have made to enhance our cold chain storage and packaging capabilities. 

Read the article: https://t.co/7W4uXBFfpI https://t.co/hLspiVu4qG",https://x.com/CencoraGlobal/status/1582402366296719361,1,1,4,0,false,false,,2026-06-12T19:12:47.708607+00:00,capped browser-based collection of observable public posts,0,data/raw/fortune_x_2025_ranked/010_cencora/accounts/01_primary_cencoraglobal,@CencoraGlobal,https://x.com/CencoraGlobal,primary,1
10,Cencora,@CencoraGlobal,1582009704108412929,Mon Oct 17 14:04:40 +0000 2022,Clinical trial diversity has become one of healthcare's top priorities. Jacqueline Escotero shared how companies can advance trial diversity and push for DtP protocols that help support society’s access to higher-performing medicines and healthcare.  https://t.co/93Vwuvr93C https://t.co/jUPCVBPrFs,https://x.com/CencoraGlobal/status/1582009704108412929,0,1,3,0,false,false,,2026-06-12T19:12:47.708607+00:00,capped browser-based collection of observable public posts,0,data/raw/fortune_x_2025_ranked/010_cencora/accounts/01_primary_cencoraglobal,@CencoraGlobal,https://x.com/CencoraGlobal,primary,1
10,Cencora,@CencoraGlobal,1580228022661451783,Wed Oct 12 16:04:54 +0000 2022,"In a recent piece with Cancer Network, Lisa Harrison, President of Specialty Distribution, discusses the implications of the new Enhancing Oncology Model (EOM) and highlights the new program’s focus on addressing health disparities. 

Read the article:  https://t.co/Zp7KguzXmj",https://x.com/CencoraGlobal/status/1580228022661451783,1,0,4,0,false,false,,2026-06-12T19:12:47.708607+00:00,capped browser-based collection of observable public posts,0,data/raw/fortune_x_2025_ranked/010_cencora/accounts/01_primary_cencoraglobal,@CencoraGlobal,https://x.com/CencoraGlobal,primary,1
10,Cencora,@CencoraGlobal,1579910125355094016,Tue Oct 11 19:01:41 +0000 2022,"Our experts joined the CAR-TCR recently, where they convened with leaders in the space about cell and gene therapies and the challenges associated with the clinical to commercial journey and supply chain.

Read some of their thoughts: https://t.co/8JFdBkhwfl https://t.co/CfeQNCK01m",https://x.com/CencoraGlobal/status/1579910125355094016,1,1,1,0,false,false,,2026-06-12T19:12:47.708607+00:00,capped browser-based collection of observable public posts,0,data/raw/fortune_x_2025_ranked/010_cencora/accounts/01_primary_cencoraglobal,@CencoraGlobal,https://x.com/CencoraGlobal,primary,1
10,Cencora,@CencoraGlobal,1579473022565593089,Mon Oct 10 14:04:48 +0000 2022,"For over fifteen years, our Micro Technologies team has developed incredible technology that helps farmers keep their herds healthy, saving both time and resources for their businesses. 

Read more on the solutions offered. https://t.co/g4HgqEekfx",https://x.com/CencoraGlobal/status/1579473022565593089,1,1,2,0,false,false,,2026-06-12T19:12:47.708607+00:00,capped browser-based collection of observable public posts,0,data/raw/fortune_x_2025_ranked/010_cencora/accounts/01_primary_cencoraglobal,@CencoraGlobal,https://x.com/CencoraGlobal,primary,1
10,Cencora,@CencoraGlobal,1578098243224932352,Thu Oct 06 19:01:55 +0000 2022,"The AmerisourceBergen Foundation has committed $100,000 to aid emergency relief efforts in Florida &amp; other affected regions impacted by Hurricane Ian. The donations will support organizations that are leading front-line emergency response efforts.  https://t.co/nw0Csi6WIc https://t.co/0aOMlwTBma",https://x.com/CencoraGlobal/status/1578098243224932352,0,1,5,1,false,false,,2026-06-12T19:12:47.708607+00:00,capped browser-based collection of observable public posts,0,data/raw/fortune_x_2025_ranked/010_cencora/accounts/01_primary_cencoraglobal,@CencoraGlobal,https://x.com/CencoraGlobal,primary,1
10,Cencora,@CencoraGlobal,1578023755753787393,Thu Oct 06 14:05:56 +0000 2022,"Recent launches in ophthalmology, along with the first interchangeable insulin biosimilar in the U.S., bring new opportunities for this exciting product class. 

Listen to a recent podcast where our experts discuss these developments. https://t.co/GSg5rtE59D https://t.co/JQuEozJmrf",https://x.com/CencoraGlobal/status/1578023755753787393,0,1,4,0,false,false,,2026-06-12T19:12:47.708607+00:00,capped browser-based collection of observable public posts,0,data/raw/fortune_x_2025_ranked/010_cencora/accounts/01_primary_cencoraglobal,@CencoraGlobal,https://x.com/CencoraGlobal,primary,1
10,Cencora,@CencoraGlobal,1577343266852306945,Tue Oct 04 17:01:55 +0000 2022,"Our Rich Tremonte and Giulio Burzacca recently joined @Drug_Topics to discuss the evolution of the independent pharmacist’s role across the globe, its impact on consumer trends, &amp; how we are using innovative solutions to support customers across the globe. https://t.co/QAXgnacp0h",https://x.com/CencoraGlobal/status/1577343266852306945,0,0,2,0,false,false,,2026-06-12T19:12:47.708607+00:00,capped browser-based collection of observable public posts,0,data/raw/fortune_x_2025_ranked/010_cencora/accounts/01_primary_cencoraglobal,@CencoraGlobal,https://x.com/CencoraGlobal,primary,1
10,Cencora,@CencoraGlobal,1577011060804128768,Mon Oct 03 19:01:51 +0000 2022,"With upcoming changes like the Inflation Reduction Act and the Enhancing Oncology Model coming in the new year, our experts advise on how practices can prepare for legislative updates in 2023 and beyond. https://t.co/sFyqRP2pa4 https://t.co/WWjnYTiJjq",https://x.com/CencoraGlobal/status/1577011060804128768,0,0,0,0,false,false,,2026-06-12T19:12:47.708607+00:00,capped browser-based collection of observable public posts,0,data/raw/fortune_x_2025_ranked/010_cencora/accounts/01_primary_cencoraglobal,@CencoraGlobal,https://x.com/CencoraGlobal,primary,1
10,Cencora,@CencoraGlobal,1575849235442016256,Fri Sep 30 14:05:10 +0000 2022,"“A pharmacist is the last line in patient care. You are on the front line of healthcare, do not be a barrier, be a bridge.” 

Mark Szilagyi Jr, of Gateway Pharmacy, shares his take on the importance of the profession. Read more global stories: https://t.co/qNXxkzdDqQ https://t.co/NPLNlo2urH",https://x.com/CencoraGlobal/status/1575849235442016256,0,1,4,0,false,false,,2026-06-12T19:12:47.708607+00:00,capped browser-based collection of observable public posts,0,data/raw/fortune_x_2025_ranked/010_cencora/accounts/01_primary_cencoraglobal,@CencoraGlobal,https://x.com/CencoraGlobal,primary,1
10,Cencora,@CencoraGlobal,1575154579225862146,Wed Sep 28 16:04:51 +0000 2022,RFID-tagged medications can optimize workflow and free up hospital staff to focus on enhancing patient experience. Dustin Roller joined @PharmPracNews to discuss how the automation and accuracy of RFID can improve human processes. Read the article: https://t.co/E3iKopRi0f,https://x.com/CencoraGlobal/status/1575154579225862146,0,1,3,0,false,false,,2026-06-12T19:12:47.708607+00:00,capped browser-based collection of observable public posts,0,data/raw/fortune_x_2025_ranked/010_cencora/accounts/01_primary_cencoraglobal,@CencoraGlobal,https://x.com/CencoraGlobal,primary,1
10,Cencora,@CencoraGlobal,1574821903885373448,Tue Sep 27 18:02:55 +0000 2022,"Andrea Zobel recently participated in a Q&amp;A with Applied Clinical Trials that examines the growing use of the decentralized clinical trial model around the world. 

Read her thoughts on how the DTC model can help sponsors reach patients. https://t.co/7NQOPXEqeH https://t.co/cGZsxwUXRG",https://x.com/CencoraGlobal/status/1574821903885373448,0,0,1,0,false,false,,2026-06-12T19:12:47.708607+00:00,capped browser-based collection of observable public posts,0,data/raw/fortune_x_2025_ranked/010_cencora/accounts/01_primary_cencoraglobal,@CencoraGlobal,https://x.com/CencoraGlobal,primary,1
10,Cencora,@CencoraGlobal,1574790106061455361,Tue Sep 27 15:56:34 +0000 2022,"As part of our agreement, we will provide 3PL services &amp; distribution as well as medical information and pharmacovigilance services. If ONS-5010 is approved by the FDA, our support will expand to include additional services, such as patient services &amp; field solutions. Read more:",https://x.com/CencoraGlobal/status/1574790106061455361,0,2,6,0,false,false,,2026-06-12T19:12:47.708607+00:00,capped browser-based collection of observable public posts,0,data/raw/fortune_x_2025_ranked/010_cencora/accounts/01_primary_cencoraglobal,@CencoraGlobal,https://x.com/CencoraGlobal,primary,1
10,Cencora,@CencoraGlobal,1574788335398256642,Tue Sep 27 15:49:31 +0000 2022,"Outlook Therapeutics and AmerisourceBergen have entered into a strategic relationship in preparation for the anticipated commercial launch in the US of ONS-5010 / LYTENAVA™ (bevacizumab-vikg), if approved by FDA. Read more: https://t.co/V62vEQB2Gk  @Healthcare_ABC $OTLK #wetAMD https://t.co/MieYuRpHib",https://x.com/CencoraGlobal/status/1574788335398256642,0,1,7,1,false,false,,2026-06-12T19:12:47.708607+00:00,capped browser-based collection of observable public posts,0,data/raw/fortune_x_2025_ranked/010_cencora/accounts/01_primary_cencoraglobal,@CencoraGlobal,https://x.com/CencoraGlobal,primary,1
10,Cencora,@CencoraGlobal,1574036084849254402,Sun Sep 25 14:00:21 +0000 2022,"Today is #WorldPharmacistsDay! Across the globe, our pharmacists continuously rise above their normal duties to serve their local communities &amp; create healthier futures for our population and planet. 

Read stories from our pharmacist community worldwide: https://t.co/WV7cYIqe0B https://t.co/ZUgq8qjPeI",https://x.com/CencoraGlobal/status/1574036084849254402,0,1,2,0,false,false,,2026-06-12T19:12:47.708607+00:00,capped browser-based collection of observable public posts,0,data/raw/fortune_x_2025_ranked/010_cencora/accounts/01_primary_cencoraglobal,@CencoraGlobal,https://x.com/CencoraGlobal,primary,1
10,Cencora,@CencoraGlobal,1573674264049352704,Sat Sep 24 14:02:36 +0000 2022,"We recently joined the Health Sector Climate Pledge hosted by the @HHSGov. The pledge will strengthen climate change resilience, protect public health, and support communities vulnerable to the impacts of climate change. https://t.co/WxLvU0OWNd #ClimateWeekNYC https://t.co/WxBLpGoIAO",https://x.com/CencoraGlobal/status/1573674264049352704,0,1,0,1,false,false,,2026-06-12T19:12:47.708607+00:00,capped browser-based collection of observable public posts,0,data/raw/fortune_x_2025_ranked/010_cencora/accounts/01_primary_cencoraglobal,@CencoraGlobal,https://x.com/CencoraGlobal,primary,1
10,Cencora,@CencoraGlobal,1573366626149335040,Fri Sep 23 17:40:10 +0000 2022,RT @HC_Ready: Healthcare Ready's #RxOpen is activated and has been updated as of 2pm today for Puerto Rico and the USVI. Rx Open is now als…,https://x.com/CencoraGlobal/status/1573366626149335040,0,2,0,0,false,false,,2026-06-12T19:12:47.708607+00:00,capped browser-based collection of observable public posts,0,data/raw/fortune_x_2025_ranked/010_cencora/accounts/01_primary_cencoraglobal,@CencoraGlobal,https://x.com/CencoraGlobal,primary,1
10,Cencora,@CencoraGlobal,1573352050766782465,Fri Sep 23 16:42:15 +0000 2022,"In times of crisis, the AmerisourceBergen Foundation rallies behind the communities where we live and work. We are proud to share that we are allocating a combined $50k in donations to organizations supporting recovery and rebuilding in Puerto Rico following Hurricane Fiona. https://t.co/vwOxqRN1MB",https://x.com/CencoraGlobal/status/1573352050766782465,1,4,7,0,false,false,,2026-06-12T19:12:47.708607+00:00,capped browser-based collection of observable public posts,0,data/raw/fortune_x_2025_ranked/010_cencora/accounts/01_primary_cencoraglobal,@CencoraGlobal,https://x.com/CencoraGlobal,primary,1
10,Cencora,@CencoraGlobal,1573312405026881540,Fri Sep 23 14:04:42 +0000 2022,"This year, Alliance Healthcare UK announced its pledge to be the sustainable wholesaler partner of choice for the healthcare industry to support global efforts to cut carbon emissions. They have committed to become net carbon zero by 2030. #ClimateWeekNYC https://t.co/I2EeG1QQGM https://t.co/56kfsCRmD0",https://x.com/CencoraGlobal/status/1573312405026881540,0,0,2,0,false,false,,2026-06-12T19:12:47.708607+00:00,capped browser-based collection of observable public posts,0,data/raw/fortune_x_2025_ranked/010_cencora/accounts/01_primary_cencoraglobal,@CencoraGlobal,https://x.com/CencoraGlobal,primary,1
10,Cencora,@CencoraGlobal,1573010151925485569,Thu Sep 22 18:03:39 +0000 2022,"Ahead of #WorldPharmacistsDay by @FIP_org, Brian Nightengale highlights the essential role that pharmacists play in supporting communities and building trust with their customers. 

Read his story and others about our global family of pharmacists: https://t.co/o8L5rMtmJV https://t.co/ULoDOJLiwl",https://x.com/CencoraGlobal/status/1573010151925485569,0,0,4,0,false,false,,2026-06-12T19:12:47.708607+00:00,capped browser-based collection of observable public posts,0,data/raw/fortune_x_2025_ranked/010_cencora/accounts/01_primary_cencoraglobal,@CencoraGlobal,https://x.com/CencoraGlobal,primary,1
10,Cencora,@CencoraGlobal,1572617901806583810,Wed Sep 21 16:05:00 +0000 2022,"In our commitment to reduce our GHG emissions, we committed to set a science-based target in line with the Science Based Target initiative guidance. In FY21, we saw a 4.6% decrease from FY19 and will continue to build on this progress. https://t.co/spLRnNGsmL  #ClimateWeekNYC https://t.co/gifYkz7kDd",https://x.com/CencoraGlobal/status/1572617901806583810,0,0,3,0,false,false,,2026-06-12T19:12:47.708607+00:00,capped browser-based collection of observable public posts,0,data/raw/fortune_x_2025_ranked/010_cencora/accounts/01_primary_cencoraglobal,@CencoraGlobal,https://x.com/CencoraGlobal,primary,1
10,Cencora,@CencoraGlobal,1572296373310996486,Tue Sep 20 18:47:21 +0000 2022,"Healthcare Ready's #RxOpen is activated and has been updated as of 2pm today for Puerto Rico and the USVI. Rx Open is now also showing open dialysis centers. See participating pharmacy openings, closures, and updates at https://t.co/2TxueTSreo https://t.co/MLyB49GJkd",https://x.com/CencoraGlobal/status/1572296373310996486,0,2,3,1,false,false,,2026-06-12T19:12:47.708607+00:00,capped browser-based collection of observable public posts,0,data/raw/fortune_x_2025_ranked/010_cencora/accounts/01_primary_cencoraglobal,@CencoraGlobal,https://x.com/CencoraGlobal,primary,1
10,Cencora,@CencoraGlobal,1572225127986896897,Tue Sep 20 14:04:15 +0000 2022,"We are taking bold steps to address climate change.

Alliance Healthcare Netherlands uses hybrid vans to deliver medicines and medical products to customers. These hybrid vans comprise 34% of their  vehicle fleet. #ClimateWeekNYC https://t.co/qH4KNspnRj https://t.co/D0F20nvVSZ",https://x.com/CencoraGlobal/status/1572225127986896897,0,0,4,1,false,false,,2026-06-12T19:12:47.708607+00:00,capped browser-based collection of observable public posts,0,data/raw/fortune_x_2025_ranked/010_cencora/accounts/01_primary_cencoraglobal,@CencoraGlobal,https://x.com/CencoraGlobal,primary,1
10,Cencora,@CencoraGlobal,1571922852709908483,Mon Sep 19 18:03:07 +0000 2022,"It's #ClimateWeekNYC! We are committed to making a positive impact on our communities through equitable access to healthcare. We'll support this with initiatives like a science-based target emission, a U.S. Healthcare Climate sector pledge, &amp; more. https://t.co/WQ8M6rqO4q https://t.co/CXH6HyM0Go",https://x.com/CencoraGlobal/status/1571922852709908483,0,0,3,0,false,false,,2026-06-12T19:12:47.708607+00:00,capped browser-based collection of observable public posts,0,data/raw/fortune_x_2025_ranked/010_cencora/accounts/01_primary_cencoraglobal,@CencoraGlobal,https://x.com/CencoraGlobal,primary,1
10,Cencora,@CencoraGlobal,1571865449888890881,Mon Sep 19 14:15:01 +0000 2022,"At AmerisourceBergen, we believe that biosimilars will offer benefits of expanded choice, improved access, and increased affordability. But what really is a biosimilar? 

Learn more about these emerging therapies: https://t.co/yAQQNyoKEw https://t.co/11ykenW1s9",https://x.com/CencoraGlobal/status/1571865449888890881,0,0,2,0,false,false,,2026-06-12T19:12:47.708607+00:00,capped browser-based collection of observable public posts,0,data/raw/fortune_x_2025_ranked/010_cencora/accounts/01_primary_cencoraglobal,@CencoraGlobal,https://x.com/CencoraGlobal,primary,1
10,Cencora,@CencoraGlobal,1570503406565085185,Thu Sep 15 20:02:45 +0000 2022,"Can health systems really make a meaningful impact on total cost of care? 

Our recent outcomes study examined the impact that clinically integrated specialty pharmacies have on total costs of cancer care. Download the white paper for our findings: https://t.co/ip8K2q8iTz https://t.co/RlSfzSAfu6",https://x.com/CencoraGlobal/status/1570503406565085185,0,0,3,0,false,false,,2026-06-12T19:12:47.708607+00:00,capped browser-based collection of observable public posts,0,data/raw/fortune_x_2025_ranked/010_cencora/accounts/01_primary_cencoraglobal,@CencoraGlobal,https://x.com/CencoraGlobal,primary,1
10,Cencora,@CencoraGlobal,1570419647232774146,Thu Sep 15 14:29:55 +0000 2022,"Sacramento-based &amp; LGBT-owned Pucci’s Pharmacy, a @WeAreGNP member, has provided unwavering care to its community throughout Covid and now, the monkeypox outbreak. 

Read how they're leading the regional vaccination effort in @TIME: https://t.co/7yDcjdEi2V https://t.co/XKJSV09C2L",https://x.com/CencoraGlobal/status/1570419647232774146,0,5,5,0,false,false,,2026-06-12T19:12:47.708607+00:00,capped browser-based collection of observable public posts,0,data/raw/fortune_x_2025_ranked/010_cencora/accounts/01_primary_cencoraglobal,@CencoraGlobal,https://x.com/CencoraGlobal,primary,1
10,Cencora,@CencoraGlobal,1570081046661857281,Wed Sep 14 16:04:26 +0000 2022,"Diverse suppliers are the foundation of a competitive economy and provide a source of business innovations that make us a leader in healthcare distribution. 

Read about how we have found success in our Supplier Diversity program in 2021: https://t.co/nXnZTocwXV https://t.co/hHpE2EeBQ0",https://x.com/CencoraGlobal/status/1570081046661857281,0,0,1,0,false,false,,2026-06-12T19:12:47.708607+00:00,capped browser-based collection of observable public posts,0,data/raw/fortune_x_2025_ranked/010_cencora/accounts/01_primary_cencoraglobal,@CencoraGlobal,https://x.com/CencoraGlobal,primary,1
10,Cencora,@CencoraGlobal,1569677846745841664,Tue Sep 13 13:22:16 +0000 2022,"This week, we announced plans to expand our global biopharma services platform with the intent to acquire @PharmaLexGLOBAL. 

The partnership will further advance leadership in specialty services with a focus on innovation.  https://t.co/LiSLx6Qrx5 https://t.co/zD0ysv4In8",https://x.com/CencoraGlobal/status/1569677846745841664,0,1,2,0,false,false,,2026-06-12T19:12:47.708607+00:00,capped browser-based collection of observable public posts,0,data/raw/fortune_x_2025_ranked/010_cencora/accounts/01_primary_cencoraglobal,@CencoraGlobal,https://x.com/CencoraGlobal,primary,1
10,Cencora,@CencoraGlobal,1569386056113426437,Mon Sep 12 18:02:48 +0000 2022,"Globally, a woman only earns 77 cents for every dollar a man makes.

On International #EqualPayDay, join @unfoundation and take a stand. We won’t stop until women are #EqualEverywhere. https://t.co/xyUKNUKzoO https://t.co/XNrzBJDMum",https://x.com/CencoraGlobal/status/1569386056113426437,1,1,3,0,false,false,,2026-06-12T19:12:47.708607+00:00,capped browser-based collection of observable public posts,0,data/raw/fortune_x_2025_ranked/010_cencora/accounts/01_primary_cencoraglobal,@CencoraGlobal,https://x.com/CencoraGlobal,primary,1
10,Cencora,@CencoraGlobal,1569325955906150401,Mon Sep 12 14:03:59 +0000 2022,"With the role of pharmacists changing during the pandemic, their legislative and regulatory needs must change.

Beth Mitchell joined @Chaindrugreview to discuss the benefits of a recently introduced bill impacting how independent pharmacists practice. https://t.co/6bIiInhhN9 https://t.co/8p6CUjXORD",https://x.com/CencoraGlobal/status/1569325955906150401,1,0,2,0,false,false,,2026-06-12T19:12:47.708607+00:00,capped browser-based collection of observable public posts,0,data/raw/fortune_x_2025_ranked/010_cencora/accounts/01_primary_cencoraglobal,@CencoraGlobal,https://x.com/CencoraGlobal,primary,1
10,Cencora,@CencoraGlobal,1567906738292068352,Thu Sep 08 16:04:31 +0000 2022,"Having a trusted, consistent distribution partner is what matters to providers. 

Lisa Harrison, President of Specialty Practice Distribution, shares how we evolve our relationship with physician practices and what makes specialty distribution unique. https://t.co/7r43cRjyDt https://t.co/DlgmHdzKpG",https://x.com/CencoraGlobal/status/1567906738292068352,1,1,0,0,false,false,,2026-06-12T19:12:47.708607+00:00,capped browser-based collection of observable public posts,0,data/raw/fortune_x_2025_ranked/010_cencora/accounts/01_primary_cencoraglobal,@CencoraGlobal,https://x.com/CencoraGlobal,primary,1
10,Cencora,@CencoraGlobal,1567574208175083520,Wed Sep 07 18:03:10 +0000 2022,"As more pharma products enter the pipeline, healthcare decision-makers are looking for information about products earlier in the approval process. Lorie Mody joined @PharmExec to discuss why biopharma companies should proactively share information. https://t.co/CNyw69gtmo https://t.co/VzPDzZU51G",https://x.com/CencoraGlobal/status/1567574208175083520,0,2,2,0,false,false,,2026-06-12T19:12:47.708607+00:00,capped browser-based collection of observable public posts,0,data/raw/fortune_x_2025_ranked/010_cencora/accounts/01_primary_cencoraglobal,@CencoraGlobal,https://x.com/CencoraGlobal,primary,1
10,Cencora,@CencoraGlobal,1567196406783279104,Tue Sep 06 17:01:55 +0000 2022,"The Inflation Reduction Act includes major healthcare components. Hear firsthand from our policy and healthcare experts about what the law means for #biopharma companies. 

Watch our recent webinar on-demand: https://t.co/cwUu7rlLQJ https://t.co/XGAliWcKT4",https://x.com/CencoraGlobal/status/1567196406783279104,0,0,2,0,false,false,,2026-06-12T19:12:47.708607+00:00,capped browser-based collection of observable public posts,0,data/raw/fortune_x_2025_ranked/010_cencora/accounts/01_primary_cencoraglobal,@CencoraGlobal,https://x.com/CencoraGlobal,primary,1
10,Cencora,@CencoraGlobal,1567165904647065602,Tue Sep 06 15:00:42 +0000 2022,"In 2021, AmerisourceBergen’s Supplier Diversity program contributed to the creation of 12,072 jobs, the production of $788.2 million in wages, and $3.3 billion in cumulative revenues of all impacted, diverse suppliers in the program. 

Learn how: https://t.co/6KW5iO0eVJ https://t.co/F07F5W7FlQ",https://x.com/CencoraGlobal/status/1567165904647065602,0,1,2,0,false,false,,2026-06-12T19:12:47.708607+00:00,capped browser-based collection of observable public posts,0,data/raw/fortune_x_2025_ranked/010_cencora/accounts/01_primary_cencoraglobal,@CencoraGlobal,https://x.com/CencoraGlobal,primary,1
10,Cencora,@CencoraGlobal,1565716785948663812,Fri Sep 02 15:02:26 +0000 2022,"What's the latest in the future of #pharmacy? Our George Rafferty and Jason Dinger detail the recent developments advancing the pharmacy model and #communitycare. 

Watch the @Pharmacy_Times interview here. https://t.co/wgoc7j9EnD https://t.co/JVyp6jLxPi",https://x.com/CencoraGlobal/status/1565716785948663812,0,0,0,0,false,false,,2026-06-12T19:12:47.708607+00:00,capped browser-based collection of observable public posts,0,data/raw/fortune_x_2025_ranked/010_cencora/accounts/01_primary_cencoraglobal,@CencoraGlobal,https://x.com/CencoraGlobal,primary,1
10,Cencora,@CencoraGlobal,1565414598563487745,Thu Sep 01 19:01:38 +0000 2022,"Our summer interns are heading back to school, but not without a little advice from our leaders. Marketing intern Hannah Elliott met with Chrissy Lane to discuss how the type of person you choose to be will shape your career. 

Learn about our internships: https://t.co/JJBlWsXgqK https://t.co/z1ocsfKYDi",https://x.com/CencoraGlobal/status/1565414598563487745,0,0,1,0,false,false,,2026-06-12T19:12:47.708607+00:00,capped browser-based collection of observable public posts,0,data/raw/fortune_x_2025_ranked/010_cencora/accounts/01_primary_cencoraglobal,@CencoraGlobal,https://x.com/CencoraGlobal,primary,1
10,Cencora,@CencoraGlobal,1564645156199989249,Tue Aug 30 16:04:09 +0000 2022,"We are excited to share our 2021 Supplier Diversity progress, which showcases the economic impact of our supplier diversity program using three standard measures: production, wages and jobs. 

Explore our website to read about our impact: https://t.co/FTHMoyEIA4 https://t.co/ssaNHp1Nvy",https://x.com/CencoraGlobal/status/1564645156199989249,0,0,2,0,false,false,,2026-06-12T19:12:47.708607+00:00,capped browser-based collection of observable public posts,0,data/raw/fortune_x_2025_ranked/010_cencora/accounts/01_primary_cencoraglobal,@CencoraGlobal,https://x.com/CencoraGlobal,primary,1
10,Cencora,@CencoraGlobal,1564614897962549248,Tue Aug 30 14:03:55 +0000 2022,"What does the future hold for #cellandgenetherapy? 

In @statnews Lung-I Cheng, VP of Cell &amp; Gene Therapy Commercial Solutions, details the barriers and the path forward to ensure broader #patientaccess of these advanced therapies. https://t.co/tXiZoLAoiR https://t.co/fkVTeOw7o6",https://x.com/CencoraGlobal/status/1564614897962549248,0,2,1,0,false,false,,2026-06-12T19:12:47.708607+00:00,capped browser-based collection of observable public posts,0,data/raw/fortune_x_2025_ranked/010_cencora/accounts/01_primary_cencoraglobal,@CencoraGlobal,https://x.com/CencoraGlobal,primary,1
10,Cencora,@CencoraGlobal,1564599896220618755,Tue Aug 30 13:04:18 +0000 2022,"RT @statnews: Opinion: Based on the current pipeline of cell and gene therapy products, it's possible that between 54 and 74 CGT products w…",https://x.com/CencoraGlobal/status/1564599896220618755,0,3,0,0,false,false,,2026-06-12T19:12:47.708607+00:00,capped browser-based collection of observable public posts,0,data/raw/fortune_x_2025_ranked/010_cencora/accounts/01_primary_cencoraglobal,@CencoraGlobal,https://x.com/CencoraGlobal,primary,1
10,Cencora,@CencoraGlobal,1564599074363432966,Tue Aug 30 13:01:02 +0000 2022,"Opinion: Based on the current pipeline of cell and gene therapy products, it's possible that between 54 and 74 CGT products will be approved in the U.S. by 2030. https://t.co/caXuZWVTVe",https://x.com/CencoraGlobal/status/1564599074363432966,0,3,3,0,false,false,,2026-06-12T19:12:47.708607+00:00,capped browser-based collection of observable public posts,0,data/raw/fortune_x_2025_ranked/010_cencora/accounts/01_primary_cencoraglobal,@CencoraGlobal,https://x.com/CencoraGlobal,primary,1
10,Cencora,@CencoraGlobal,1564297317267738632,Mon Aug 29 17:01:58 +0000 2022,"At @WeAreGNP’s #ThoughtSpot2022 Conference, @Drug_Topics chatted with our leaders and attendees about the excitement of returning in-person, and what they love most about the event. 

Hear what they had to say: https://t.co/2iPkllkoqa https://t.co/mbhoa2JWuM",https://x.com/CencoraGlobal/status/1564297317267738632,0,0,5,0,false,false,,2026-06-12T19:12:47.708607+00:00,capped browser-based collection of observable public posts,0,data/raw/fortune_x_2025_ranked/010_cencora/accounts/01_primary_cencoraglobal,@CencoraGlobal,https://x.com/CencoraGlobal,primary,1
10,Cencora,@CencoraGlobal,1563210168615067649,Fri Aug 26 17:02:01 +0000 2022,"As distributors, we are the critical link between pharmaceutical manufacturers and healthcare providers, ensuring that crucial medications efficiently, reliably and securely reach their destinations.

What does a world without distributors look like? https://t.co/0yVkgtDyQA https://t.co/jwCocFLlrW",https://x.com/CencoraGlobal/status/1563210168615067649,0,1,1,0,false,false,,2026-06-12T19:12:47.708607+00:00,capped browser-based collection of observable public posts,0,data/raw/fortune_x_2025_ranked/010_cencora/accounts/01_primary_cencoraglobal,@CencoraGlobal,https://x.com/CencoraGlobal,primary,1
10,Cencora,@CencoraGlobal,1562817683451969537,Thu Aug 25 15:02:26 +0000 2022,"What are some of the most successful ways to improve medication adherence? 

Take a look at our checklist for a multi-faceted, multi-step approach to getting patient the treatment they need. https://t.co/VgIA0FSlgy https://t.co/YGYWTX0eJc",https://x.com/CencoraGlobal/status/1562817683451969537,0,0,1,0,false,false,,2026-06-12T19:12:47.708607+00:00,capped browser-based collection of observable public posts,0,data/raw/fortune_x_2025_ranked/010_cencora/accounts/01_primary_cencoraglobal,@CencoraGlobal,https://x.com/CencoraGlobal,primary,1
10,Cencora,@CencoraGlobal,1562470874846212097,Wed Aug 24 16:04:20 +0000 2022,"Heather Zenk, president of supply chain operations and distribution services, joined @PharmaCommerce to discuss the evolving complexities of the supply chain and the need for companies like us to adjust to the changes in the distribution landscape. https://t.co/HyxgY98RPq https://t.co/zhzHlLxb25",https://x.com/CencoraGlobal/status/1562470874846212097,0,2,2,0,false,false,,2026-06-12T19:12:47.708607+00:00,capped browser-based collection of observable public posts,0,data/raw/fortune_x_2025_ranked/010_cencora/accounts/01_primary_cencoraglobal,@CencoraGlobal,https://x.com/CencoraGlobal,primary,1
10,Cencora,@CencoraGlobal,1562138371371180034,Tue Aug 23 18:03:05 +0000 2022,"In case you missed it, we had an incredible time reconnecting in-person with our customers and partners at @WeAreGNP’s annual #ThoughtSpot2022 Conference. 

Check out @Drug_Topics’ video recap to see highlights from the event: https://t.co/Kehrb6wJWV https://t.co/R7YD3yLGfD",https://x.com/CencoraGlobal/status/1562138371371180034,1,2,5,0,false,false,,2026-06-12T19:12:47.708607+00:00,capped browser-based collection of observable public posts,0,data/raw/fortune_x_2025_ranked/010_cencora/accounts/01_primary_cencoraglobal,@CencoraGlobal,https://x.com/CencoraGlobal,primary,1
10,Cencora,@CencoraGlobal,1560628736868884480,Fri Aug 19 14:04:20 +0000 2022,"We are committed to sustainable food production. To do this, we work with technologies to offer more efficient feeding and caring for protein-producing livestock to reduce the quantity of agricultural resources needed. 

Learn more: https://t.co/XzslJn9Lp9 https://t.co/kcoq0Us6tB",https://x.com/CencoraGlobal/status/1560628736868884480,0,0,2,0,false,false,,2026-06-12T19:12:47.708607+00:00,capped browser-based collection of observable public posts,0,data/raw/fortune_x_2025_ranked/010_cencora/accounts/01_primary_cencoraglobal,@CencoraGlobal,https://x.com/CencoraGlobal,primary,1
10,Cencora,@CencoraGlobal,1560311010954805248,Thu Aug 18 17:01:48 +0000 2022,"At AmerisourceBergen, we believe in the promise of #biosimilars to deliver cost savings across healthcare and are committed to increasing access and understanding of these therapies. 

Read our pipeline report to understand the current product landscape: https://t.co/BcTlhih30x https://t.co/vKQiC7niSb",https://x.com/CencoraGlobal/status/1560311010954805248,0,1,1,0,false,false,,2026-06-12T19:12:47.708607+00:00,capped browser-based collection of observable public posts,0,data/raw/fortune_x_2025_ranked/010_cencora/accounts/01_primary_cencoraglobal,@CencoraGlobal,https://x.com/CencoraGlobal,primary,1
10,Cencora,@CencoraGlobal,1559978728310165505,Wed Aug 17 19:01:26 +0000 2022,"Online shopping for pet products expanded because of the pandemic's influence on both customer behavior and global supply chains. 

While the option to purchase pet essentials online isn’t new, there are a few ways to stand out from your competition. https://t.co/bSYDxNRZt4 https://t.co/GCua0FjlHg",https://x.com/CencoraGlobal/status/1559978728310165505,1,0,0,0,false,false,,2026-06-12T19:12:47.708607+00:00,capped browser-based collection of observable public posts,0,data/raw/fortune_x_2025_ranked/010_cencora/accounts/01_primary_cencoraglobal,@CencoraGlobal,https://x.com/CencoraGlobal,primary,1
10,Cencora,@CencoraGlobal,1559903928984211459,Wed Aug 17 14:04:12 +0000 2022,"What are the implications of the recently passed Inflation Reduction Act? With the legislation going in to effect soon, our experts expect to see several implications for the #biopharma industry.

Join our webinar on August 31st to learn more: https://t.co/PPqpgpnuc7 https://t.co/7MOzpJSo5o",https://x.com/CencoraGlobal/status/1559903928984211459,0,0,1,0,false,false,,2026-06-12T19:12:47.708607+00:00,capped browser-based collection of observable public posts,0,data/raw/fortune_x_2025_ranked/010_cencora/accounts/01_primary_cencoraglobal,@CencoraGlobal,https://x.com/CencoraGlobal,primary,1
10,Cencora,@CencoraGlobal,1559601542596100096,Tue Aug 16 18:02:38 +0000 2022,"Lamont Robinson, director of supplier diversity, joined @Chaindrugreview to discuss the beginnings of our DEI programs, our commitment to leadership in the field, and the benefits diverse businesses derive from our DEI efforts. 

Read the interview: https://t.co/88kfpCcRao https://t.co/myeroEat3g",https://x.com/CencoraGlobal/status/1559601542596100096,0,1,1,0,false,false,,2026-06-12T19:12:47.708607+00:00,capped browser-based collection of observable public posts,0,data/raw/fortune_x_2025_ranked/010_cencora/accounts/01_primary_cencoraglobal,@CencoraGlobal,https://x.com/CencoraGlobal,primary,1
10,Cencora,@CencoraGlobal,1559571628987654146,Tue Aug 16 16:03:46 +0000 2022,"As our summer interns wrap up their time here, they are meeting with leaders across our company for advice on building careers. Susan Lorenz-Fisher recently chatted with intern Ashley Adamson about embracing challenges.

Learn about our intern program: https://t.co/bKp18QzmuT https://t.co/fLksg0DMUM",https://x.com/CencoraGlobal/status/1559571628987654146,0,0,3,0,false,false,,2026-06-12T19:12:47.708607+00:00,capped browser-based collection of observable public posts,0,data/raw/fortune_x_2025_ranked/010_cencora/accounts/01_primary_cencoraglobal,@CencoraGlobal,https://x.com/CencoraGlobal,primary,1
10,Cencora,@CencoraGlobal,1559236685019418626,Mon Aug 15 17:52:49 +0000 2022,"We are so proud to be featured in the @Nasdaq #ESGTrendsetters series, which highlights top ESG professionals around the world.

Watch Jim Cleary and Susan Lorenz-Fisher speak on our commitment to ESG and our journey to becoming a more sustainable company. https://t.co/fXepLWEBnx https://t.co/aD8o2rqpeM",https://x.com/CencoraGlobal/status/1559236685019418626,1,2,7,0,false,false,,2026-06-12T19:12:47.708607+00:00,capped browser-based collection of observable public posts,0,data/raw/fortune_x_2025_ranked/010_cencora/accounts/01_primary_cencoraglobal,@CencoraGlobal,https://x.com/CencoraGlobal,primary,1
10,Cencora,@CencoraGlobal,1559211638095581187,Mon Aug 15 16:13:17 +0000 2022,"Our guiding principles help us pursue our purpose: to create healthier futures. To accomplish this, we believe in telling the truth to ensure transparency and respect in all facets of our work. 

Learn more about our purpose and how we live. https://t.co/YjV0hadYyI https://t.co/8kHNbRJhtp",https://x.com/CencoraGlobal/status/1559211638095581187,0,1,2,0,false,false,,2026-06-12T19:12:47.708607+00:00,capped browser-based collection of observable public posts,0,data/raw/fortune_x_2025_ranked/010_cencora/accounts/01_primary_cencoraglobal,@CencoraGlobal,https://x.com/CencoraGlobal,primary,1
10,Cencora,@CencoraGlobal,1558122372066058242,Fri Aug 12 16:04:56 +0000 2022,"While have a proven history of bringing complex and transformative therapies to market, we are always looking ahead. 

Lung-I Cheng shared his perspectives on the emerging cell and gene therapies and how we can support companies bringing them to market. https://t.co/vl0JEiEzIi https://t.co/VownYYAFjV",https://x.com/CencoraGlobal/status/1558122372066058242,0,0,2,0,false,false,,2026-06-12T19:12:47.708607+00:00,capped browser-based collection of observable public posts,0,data/raw/fortune_x_2025_ranked/010_cencora/accounts/01_primary_cencoraglobal,@CencoraGlobal,https://x.com/CencoraGlobal,primary,1
10,Cencora,@CencoraGlobal,1558102945484390400,Fri Aug 12 14:47:45 +0000 2022,"We are committed to breaking down barriers to cancer care in the U.S. Our team members, manufacturer partners &amp; industry leaders are convening in Plano, TX to discuss barriers &amp; solutions to ensuring equitable access to cancer care.

Read about the event: https://t.co/wZMlrw8ED8 https://t.co/ZgCoTzttl7",https://x.com/CencoraGlobal/status/1558102945484390400,0,0,3,0,false,false,,2026-06-12T19:12:47.708607+00:00,capped browser-based collection of observable public posts,0,data/raw/fortune_x_2025_ranked/010_cencora/accounts/01_primary_cencoraglobal,@CencoraGlobal,https://x.com/CencoraGlobal,primary,1
10,Cencora,@CencoraGlobal,1557423006087106564,Wed Aug 10 17:45:54 +0000 2022,"RT @Heidrick: Find out how the CFO of @Healthcare_ABC, Jim Cleary, views the importance of #ESG efforts with various stakeholders and how h…",https://x.com/CencoraGlobal/status/1557423006087106564,0,1,0,0,false,false,,2026-06-12T19:12:47.708607+00:00,capped browser-based collection of observable public posts,0,data/raw/fortune_x_2025_ranked/010_cencora/accounts/01_primary_cencoraglobal,@CencoraGlobal,https://x.com/CencoraGlobal,primary,1
10,Cencora,@CencoraGlobal,1557382759605207043,Wed Aug 10 15:05:59 +0000 2022,"Find out how the CFO of @Healthcare_ABC, Jim Cleary, views the importance of #ESG efforts with various stakeholders and how he quantifies the benefits in our latest #podcast episode. Listen to the full conversation now: https://t.co/jRobGwzwD8.

#CFOs #leadership #sustainability https://t.co/KFDE9WcEVs",https://x.com/CencoraGlobal/status/1557382759605207043,0,1,1,0,false,false,,2026-06-12T19:12:47.708607+00:00,capped browser-based collection of observable public posts,0,data/raw/fortune_x_2025_ranked/010_cencora/accounts/01_primary_cencoraglobal,@CencoraGlobal,https://x.com/CencoraGlobal,primary,1
10,Cencora,@CencoraGlobal,1557381915266670592,Wed Aug 10 15:02:38 +0000 2022,"What's in store for biosimilars in 2023? 

Our experts discuss the continuing evolution of the biosimilar marketplace and share how we are inspiring confidence and uptake among key stakeholders in a recent podcast episode. Listen: https://t.co/D5Hq1QdiMl https://t.co/Qz9jAGEnU0",https://x.com/CencoraGlobal/status/1557381915266670592,0,0,3,0,false,false,,2026-06-12T19:12:47.708607+00:00,capped browser-based collection of observable public posts,0,data/raw/fortune_x_2025_ranked/010_cencora/accounts/01_primary_cencoraglobal,@CencoraGlobal,https://x.com/CencoraGlobal,primary,1
10,Cencora,@CencoraGlobal,1557064806292652032,Tue Aug 09 18:02:33 +0000 2022,"As part of our commitment to support #cellandgene therapy innovators, we have formally launched a CGT service line. The service line will enhance the support we provide to CGT innovators and develop new solutions for bringing products to market.  https://t.co/CNsrJDm7Ms https://t.co/8RhQ8p7h45",https://x.com/CencoraGlobal/status/1557064806292652032,0,1,4,0,false,false,,2026-06-12T19:12:47.708607+00:00,capped browser-based collection of observable public posts,0,data/raw/fortune_x_2025_ranked/010_cencora/accounts/01_primary_cencoraglobal,@CencoraGlobal,https://x.com/CencoraGlobal,primary,1
10,Cencora,@CencoraGlobal,1555569881633984516,Fri Aug 05 15:02:15 +0000 2022,"Since its launch in the ‘80s, @WeAreGNP has continued to evolve alongside the industry to set independent pharmacies up for success. 

In @Drug_Topics we reflect back and look forward in honor of GNP’s 40th anniversary: https://t.co/a1BvScD3Gz https://t.co/xMBiRaSZ7H",https://x.com/CencoraGlobal/status/1555569881633984516,0,3,3,0,false,false,,2026-06-12T19:12:47.708607+00:00,capped browser-based collection of observable public posts,0,data/raw/fortune_x_2025_ranked/010_cencora/accounts/01_primary_cencoraglobal,@CencoraGlobal,https://x.com/CencoraGlobal,primary,1
10,Cencora,@CencoraGlobal,1555237594887340033,Thu Aug 04 17:01:52 +0000 2022,"Director of Diversity, Equity, and Inclusion, Ky’a Jackson has been named a 2022 DEI Champion in Healthcare by @diversityfirst for her impact on our global DEI corporate partnerships and creation of programs and initiatives that support our DEI strategy.   https://t.co/xQGJfwMpIs https://t.co/izSYobMvtK",https://x.com/CencoraGlobal/status/1555237594887340033,0,0,5,0,false,false,,2026-06-12T19:12:47.708607+00:00,capped browser-based collection of observable public posts,0,data/raw/fortune_x_2025_ranked/010_cencora/accounts/01_primary_cencoraglobal,@CencoraGlobal,https://x.com/CencoraGlobal,primary,1
10,Cencora,@CencoraGlobal,1554860613800759297,Wed Aug 03 16:03:52 +0000 2022,"Our new platform, DTx Connect, will support developers and providers navigating the unknowns when helping patients access prescribed therapies. But how will it all work? 

Explore the benefits of the platform: https://t.co/b4xvsbBXEe https://t.co/358qRHhzfW",https://x.com/CencoraGlobal/status/1554860613800759297,0,1,1,0,false,false,,2026-06-12T19:12:47.708607+00:00,capped browser-based collection of observable public posts,0,data/raw/fortune_x_2025_ranked/010_cencora/accounts/01_primary_cencoraglobal,@CencoraGlobal,https://x.com/CencoraGlobal,primary,1
10,Cencora,@CencoraGlobal,1554528098904903681,Tue Aug 02 18:02:35 +0000 2022,"Stressed #employees are less engaged in their work and less loyal, resulting in increased turnover. 

Learn how to cultivate a supportive environment in your #veterinary clinic. https://t.co/CWdxRBGzoB https://t.co/KvMIUSMggs",https://x.com/CencoraGlobal/status/1554528098904903681,0,0,1,1,false,false,,2026-06-12T19:12:47.708607+00:00,capped browser-based collection of observable public posts,0,data/raw/fortune_x_2025_ranked/010_cencora/accounts/01_primary_cencoraglobal,@CencoraGlobal,https://x.com/CencoraGlobal,primary,1
10,Cencora,@CencoraGlobal,1554482698332299264,Tue Aug 02 15:02:10 +0000 2022,".@WeAreGNP’s Business Coaches provide valuable insights and support to help pharmacies thrive during the pandemic and beyond. 

Read Bright Plaza Pharmacy owner Dana Porter’s success story in @Drug_Topics: https://t.co/bxcxjV4owJ https://t.co/E2wusT7DjZ",https://x.com/CencoraGlobal/status/1554482698332299264,0,2,3,0,false,false,,2026-06-12T19:12:47.708607+00:00,capped browser-based collection of observable public posts,0,data/raw/fortune_x_2025_ranked/010_cencora/accounts/01_primary_cencoraglobal,@CencoraGlobal,https://x.com/CencoraGlobal,primary,1
10,Cencora,@CencoraGlobal,1554216299189895173,Mon Aug 01 21:23:36 +0000 2022,"SVP,  Health Systems and Specialty Services Matt Gluckman joined HHM Global to discuss how members of the #supplychain need to work together to mitigate drug shortages and the strategies that AmerisourceBergen is using to respond to supply challenges.  https://t.co/O4t9mCxdmb https://t.co/p4JfP6vzWX",https://x.com/CencoraGlobal/status/1554216299189895173,0,0,2,0,false,false,,2026-06-12T19:12:47.708607+00:00,capped browser-based collection of observable public posts,0,data/raw/fortune_x_2025_ranked/010_cencora/accounts/01_primary_cencoraglobal,@CencoraGlobal,https://x.com/CencoraGlobal,primary,1
10,Cencora,@CencoraGlobal,1553037690123214851,Fri Jul 29 15:20:14 +0000 2022,"Lamont Robinson, director of supplier diversity, joined Chain Drug Review to discuss the origin our of diversity, equity and inclusion programs and how diverse-owned business can benefit from programs like the one at AmerisourceBergen. 

Watch: https://t.co/PVQDa7MP49",https://x.com/CencoraGlobal/status/1553037690123214851,0,2,3,0,false,false,,2026-06-12T19:12:47.708607+00:00,capped browser-based collection of observable public posts,0,data/raw/fortune_x_2025_ranked/010_cencora/accounts/01_primary_cencoraglobal,@CencoraGlobal,https://x.com/CencoraGlobal,primary,1
10,Cencora,@CencoraGlobal,1553018595625533441,Fri Jul 29 14:04:21 +0000 2022,We are thrilled to share that @WeAreGNP has been ranked “Highest in Customer Satisfaction with Chain Drug Store Pharmacies” in the J.D. Power 2022 U.S. Pharmacy Study for the sixth consecutive year and the 11th time overall in the last 13 years. https://t.co/6P50bhf4fp https://t.co/m0av3yZCMA,https://x.com/CencoraGlobal/status/1553018595625533441,0,0,3,1,false,false,,2026-06-12T19:12:47.708607+00:00,capped browser-based collection of observable public posts,0,data/raw/fortune_x_2025_ranked/010_cencora/accounts/01_primary_cencoraglobal,@CencoraGlobal,https://x.com/CencoraGlobal,primary,1
10,Cencora,@CencoraGlobal,1553013790244995074,Fri Jul 29 13:45:15 +0000 2022,"Jenny Sherak sat down with @OutsourcPharma to discuss our new Clinical Trial Navigator platform and how her team is developing solutions that address disparities across specialty therapeutic areas. 

Read the article: https://t.co/dfsk7QU1W4",https://x.com/CencoraGlobal/status/1553013790244995074,0,1,3,0,false,false,,2026-06-12T19:12:47.708607+00:00,capped browser-based collection of observable public posts,0,data/raw/fortune_x_2025_ranked/010_cencora/accounts/01_primary_cencoraglobal,@CencoraGlobal,https://x.com/CencoraGlobal,primary,1
10,Cencora,@CencoraGlobal,1552293751816593408,Wed Jul 27 14:04:05 +0000 2022,"We are proud to share our plans to launch DTx Connect, a fully integrated ordering, dispensing and fulfillment platform which aims to facilitate patient access to physician-ordered digital therapeutics. 

Learn more: https://t.co/QI4WTa9GkZ https://t.co/i26RD7ojca",https://x.com/CencoraGlobal/status/1552293751816593408,0,0,1,2,false,false,,2026-06-12T19:12:47.708607+00:00,capped browser-based collection of observable public posts,0,data/raw/fortune_x_2025_ranked/010_cencora/accounts/01_primary_cencoraglobal,@CencoraGlobal,https://x.com/CencoraGlobal,primary,1
10,Cencora,@CencoraGlobal,1552006186521792515,Tue Jul 26 19:01:24 +0000 2022,"#Emergency care #veterinary practices are staffed 24-7 and that raises the unique challenge of making sure each #employee is heard. 

Learn how leaders at one emergency hospital bring the entire staff into the fold. https://t.co/CecDvWRniV https://t.co/FRtfVYah8l",https://x.com/CencoraGlobal/status/1552006186521792515,0,0,2,0,false,false,,2026-06-12T19:12:47.708607+00:00,capped browser-based collection of observable public posts,0,data/raw/fortune_x_2025_ranked/010_cencora/accounts/01_primary_cencoraglobal,@CencoraGlobal,https://x.com/CencoraGlobal,primary,1
10,Cencora,@CencoraGlobal,1551946100508135428,Tue Jul 26 15:02:38 +0000 2022,"Tasmina Hydery and Milda Kaitz recently joined @Formulary_News to outline access challenges for #cellandgenetherapies, common reimbursement issues and payer strategies to manage the innovative products of CGT. 

Read the article: https://t.co/dZ6UHf6VRL https://t.co/nz64X9A7aZ",https://x.com/CencoraGlobal/status/1551946100508135428,0,1,2,0,false,false,,2026-06-12T19:12:47.708607+00:00,capped browser-based collection of observable public posts,0,data/raw/fortune_x_2025_ranked/010_cencora/accounts/01_primary_cencoraglobal,@CencoraGlobal,https://x.com/CencoraGlobal,primary,1
10,Cencora,@CencoraGlobal,1551632988760326144,Mon Jul 25 18:18:27 +0000 2022,"RT @PRWeekUS: Gina K. Clark chief, EVP and chief communications &amp; administrative officer, @Healthcare_ABC has been named this year's powerl…",https://x.com/CencoraGlobal/status/1551632988760326144,0,2,0,0,false,false,,2026-06-12T19:12:47.708607+00:00,capped browser-based collection of observable public posts,0,data/raw/fortune_x_2025_ranked/010_cencora/accounts/01_primary_cencoraglobal,@CencoraGlobal,https://x.com/CencoraGlobal,primary,1
10,Cencora,@CencoraGlobal,1551631911352688641,Mon Jul 25 18:14:10 +0000 2022,"Gina K. Clark chief, EVP and chief communications &amp; administrative officer, @Healthcare_ABC has been named this year's powerlist, congratulations Gina!

Check out the full bio at the link here: https://t.co/XzUnnXcdGq #PRWeekPowerList https://t.co/mH094vCgM8",https://x.com/CencoraGlobal/status/1551631911352688641,0,2,2,0,false,false,,2026-06-12T19:12:47.708607+00:00,capped browser-based collection of observable public posts,0,data/raw/fortune_x_2025_ranked/010_cencora/accounts/01_primary_cencoraglobal,@CencoraGlobal,https://x.com/CencoraGlobal,primary,1
10,Cencora,@CencoraGlobal,1551252491274158080,Sun Jul 24 17:06:29 +0000 2022,".@DrugTopics gave a live recap at AmerisourceBergen &amp; @WeAreGNP’s annual #ThoughtSpot22 Conference, highlighting day 2’s panelists and the #PharmacyoftheYear winner. 

Listen here: https://t.co/wY7eMstwtr https://t.co/mTfsH7vQMY",https://x.com/CencoraGlobal/status/1551252491274158080,0,1,3,0,false,false,,2026-06-12T19:12:47.708607+00:00,capped browser-based collection of observable public posts,0,data/raw/fortune_x_2025_ranked/010_cencora/accounts/01_primary_cencoraglobal,@CencoraGlobal,https://x.com/CencoraGlobal,primary,1
10,Cencora,@CencoraGlobal,1550593756096872448,Fri Jul 22 21:28:54 +0000 2022,".@Drug_Topics sat down live, on-site at AmerisourceBergen &amp; @WeAreGNP’s annual #ThoughtSpot22 Conference, to give a day 1 recap highlighting the day’s events and information sessions. 

Listen here: https://t.co/UBsbuoIgIj https://t.co/cieZXti3ff",https://x.com/CencoraGlobal/status/1550593756096872448,0,1,3,0,false,false,,2026-06-12T19:12:47.708607+00:00,capped browser-based collection of observable public posts,0,data/raw/fortune_x_2025_ranked/010_cencora/accounts/01_primary_cencoraglobal,@CencoraGlobal,https://x.com/CencoraGlobal,primary,1
10,Cencora,@CencoraGlobal,1550518344922435584,Fri Jul 22 16:29:15 +0000 2022,"Congratulations to the @WeAreGNP of the Year award winner, Gateway Pharmacy of Phoenixville, Pennsylvania! 

Learn more about this exciting recognition and Good Neighbor Pharmacy’s new scholarship program here: https://t.co/nH2LbiugLg https://t.co/fEsJkkyjwY",https://x.com/CencoraGlobal/status/1550518344922435584,0,0,5,0,false,false,,2026-06-12T19:12:47.708607+00:00,capped browser-based collection of observable public posts,0,data/raw/fortune_x_2025_ranked/010_cencora/accounts/01_primary_cencoraglobal,@CencoraGlobal,https://x.com/CencoraGlobal,primary,1
