row_id,source,original_file,company_name,tweet_id,tweet_url,created_at,text,humor_presence_binary,original_presence_value,label_source_detail
wendys_all_h1_00001,batch1_fortune100,20260618expand/classifier_improvement/data/human_labeling_template/coder_splits/coder1_labeling_template.csv,Centene,1653112137110151187,https://x.com/centene/status/1653112137110151187,Mon May 01 19:00:21 +0000 2023,"To address the holistic needs of diverse and complex Medicare members, Centene partners with providers like @GalileoHealth, who set a new standard of care offering virtual and in-home care as well as mobile clinics to meet members where they are. https://t.co/a8ftyYr8DB",0,0,coder1
wendys_all_h1_00002,batch1_fortune100,20260618expand/classifier_improvement/data/human_labeling_template/coder_splits/coder1_labeling_template.csv,McKesson,1973192707771154472,https://x.com/mckesson/status/1973192707771154472,Wed Oct 01 01:06:16 +0000 2025,"Breakthroughs in cancer care begin with bold research. Sarah Cannon Research Institute (SCRI) leads the way by conducting community-based clinical trials. As a leading oncology research organization, SCRI brings promising therapies closer to patients: https://t.co/KmY3No8qIM https://t.co/mbZtg9noI3",0,0,coder1
wendys_all_h1_00003,batch1_fortune100,20260618expand/classifier_improvement/data/human_labeling_template/coder_splits/coder1_labeling_template.csv,Nationwide,1975572191535374606,https://x.com/nationwide/status/1975572191535374606,Tue Oct 07 14:41:29 +0000 2025,"Grateful for all the blessings and lessons, friends and relationships built on this journey! Thank you! ❤️",0,0,coder1
wendys_all_h1_00004,batch1_fortune100,20260618expand/classifier_improvement/data/human_labeling_template/coder_splits/coder1_labeling_template.csv,Albertsons,1400134020894269448,https://x.com/albertsons/status/1400134020894269448,Wed Jun 02 16:55:38 +0000 2021,It’s Rotisserie Chicken Day! Pick up a Signature Café® or Open Nature® whole roasted chicken from the Deli today 🍗 https://t.co/NgYNDLxmQf,0,0,coder1
wendys_all_h1_00005,batch1_fortune100,20260618expand/classifier_improvement/data/human_labeling_template/coder_splits/coder1_labeling_template.csv,Verizon Communications,1975186874726584722,https://x.com/Verizon/status/1975186874726584722,Mon Oct 06 13:10:22 +0000 2025,.@Verizon has announced that Dan Schulman has been appointed CEO. Dan has served on Verizon's Board since 2018. He will bring a proven record of transformative leadership and deep telecom industry experience to help us enter our next chapter of growth. https://t.co/Ma3hRFgzMR https://t.co/H5OLuht3Nc,0,0,coder1
wendys_all_h1_00006,batch1_fortune100,20260618expand/classifier_improvement/data/human_labeling_template/coder_splits/coder1_labeling_template.csv,Walmart,1930579275033239628,https://x.com/walmart/status/1930579275033239628,Thu Jun 05 10:55:42 +0000 2025,"Just got my Nintendo Switch 2 from @Walmart, right on time as promised! 🎮🚚 Thrilled with the delivery and they even tossed in some sweet goodies! 🙌 https://t.co/7ylI2oeXsY",1,1,coder1
wendys_all_h1_00007,batch1_fortune100,20260618expand/classifier_improvement/data/human_labeling_template/coder_splits/coder1_labeling_template.csv,Charter Communications,1858533867281404259,https://x.com/CharterNewsroom/status/1858533867281404259,Mon Nov 18 15:32:58 +0000 2024,"Spectrum Promotes Steve Williams to Senior Vice President, Network Engineering and Technology: https://t.co/CfN8F050Oj https://t.co/2hRizNvaGn",0,0,coder1
wendys_all_h1_00008,batch1_fortune100,20260618expand/classifier_improvement/data/human_labeling_template/coder_splits/coder1_labeling_template.csv,Nvidia,2049963129673527509,https://x.com/nvidia/status/2049963129673527509,Thu Apr 30 21:24:31 +0000 2026,"""AI has created more than half a million jobs. Companies that use AI grow faster. When they grow faster, they hire more people."" NVIDIA CEO Jensen Huang counters threats of job displacement in his conversation with SCSP's @Ylli_Bajraktari on Memos to the President. https://t.co/Z21ctNpgQR",1,1,coder1
wendys_all_h1_00009,batch1_fortune100,20260618expand/classifier_improvement/data/human_labeling_template/coder_splits/coder1_labeling_template.csv,Massachusetts Mutual Life,1211341610505490432,https://x.com/massmutual/status/1211341610505490432,Sun Dec 29 17:42:00 +0000 2019,Second on our list of most popular blog posts is a look at applying for a mortgage when you're already retired. It can be a little tricky.,1,1,coder1
wendys_all_h1_00010,batch1_fortune100,20260618expand/classifier_improvement/data/human_labeling_template/coder_splits/coder1_labeling_template.csv,PepsiCo,1494703335202557954,https://x.com/pepsico/status/1494703335202557954,Fri Feb 18 16:00:20 +0000 2022,"Innovation Alert: New @rockstarenergy Unplugged is now on shelves (and online!). Made with hemp seed oil + B vitamins, with only 80mg of caffeine, in 3 tasty flavors. https://t.co/NzCL1Fi3GH",0,0,coder1
wendys_all_h1_00011,batch1_fortune100,20260618expand/classifier_improvement/data/human_labeling_template/coder_splits/coder1_labeling_template.csv,Travelers,1588195594488668168,https://x.com/travelers/status/1588195594488668168,Thu Nov 03 15:45:11 +0000 2022,"“Factors unrelated to an individual’s injury, such as fear, unrealistic expectations, lack of sleep or minimal social support, can hinder the recovery process,” said Dr. Marcos Iglesias, chief medical director @Travelers. https://t.co/Vja4fAVlXi",0,0,coder1
wendys_all_h1_00012,batch1_fortune100,20260618expand/classifier_improvement/data/human_labeling_template/coder_splits/coder1_labeling_template.csv,AT&T,1915857247399190686,https://x.com/ATT/status/1915857247399190686,Fri Apr 25 19:55:37 +0000 2025,🔥#ATTAnnihilatorCup is back starting 5/1! Thursdays in May… friendships will be tested (@ludwig @loltyler1 💙) - while other alliances may be formed… - https://t.co/zsyZDaDMtm https://t.co/hCDrr0xwd4,1,1,coder1
wendys_all_h1_00013,batch1_fortune100,20260618expand/classifier_improvement/data/human_labeling_template/coder_splits/coder1_labeling_template.csv,Kroger,1521489766511828992,https://x.com/kroger/status/1521489766511828992,Tue May 03 14:00:02 +0000 2022,Imagine dating someone who has never tried Kroger sushi 🚩,1,1,coder1
wendys_all_h1_00014,batch1_fortune100,20260618expand/classifier_improvement/data/human_labeling_template/coder_splits/coder1_labeling_template.csv,Bank of America,1655587004397113347,https://x.com/bankofamerica/status/1655587004397113347,Mon May 08 14:54:35 +0000 2023,"Fredbird likes to rest his wings, but why is he glued to his phone? https://t.co/SENaHqH8tC",1,1,coder1
wendys_all_h1_00015,batch1_fortune100,20260618expand/classifier_improvement/data/human_labeling_template/coder_splits/coder1_labeling_template.csv,Bank of America,1646591003640381440,https://x.com/bankofamerica/status/1646591003640381440,Thu Apr 13 19:07:42 +0000 2023,RT @bryantparknyc: Free concerts are back baby ✨🎤🎭! We're excited to announce our upcoming season of Picnic Performances presented by @Ban…,0,0,coder1
wendys_all_h1_00016,batch1_fortune100,20260618expand/classifier_improvement/data/human_labeling_template/coder_splits/coder1_labeling_template.csv,Archer Daniels Midland,1745003882923634783,https://x.com/ADMupdates/status/1745003882923634783,Wed Jan 10 08:45:20 +0000 2024,"As a global leader in nutrition, ADM has identified shifts influencing food and beverage development trends in the Europe, Middle East and Africa (EMEA) region. Here’s what this means for the culinary space in the months ahead: Discover the full report: https://t.co/Z9gnuJjhgB https://t.co/dNYD2jyFpv",1,1,coder1
wendys_all_h1_00017,batch1_fortune100,20260618expand/classifier_improvement/data/human_labeling_template/coder_splits/coder1_labeling_template.csv,Cisco Systems,1981164349088813487,https://x.com/Cisco/status/1981164349088813487,Thu Oct 23 01:02:43 +0000 2025,"RT @semafor: “We see youth on the African continent using AI tools more than anywhere else in the world.” — @Cisco EVP &amp; Chief People, Poli…",1,1,coder1
wendys_all_h1_00018,batch1_fortune100,20260618expand/classifier_improvement/data/human_labeling_template/coder_splits/coder1_labeling_template.csv,Prudential Financial,1503758069867679744,https://x.com/Prudential/status/1503758069867679744,Tue Mar 15 15:40:36 +0000 2022,"At Prudential, doing the right thing underscores what we stand for and how we do business around the world. It's an honor to see this commitment recognized as we are named among the World's Most Ethical Companies for the eighth consecutive year. https://t.co/WF8v4Diu9g https://t.co/QAJqjv90fH",1,1,coder1
wendys_all_h1_00019,batch1_fortune100,20260618expand/classifier_improvement/data/human_labeling_template/coder_splits/coder1_labeling_template.csv,USAA,1734921400891088951,https://x.com/usaa/status/1734921400891088951,Wed Dec 13 13:01:09 +0000 2023,"Happy birthday to the @USNationalGuard! We thank the nearly 450,000 Guardsmen who are “Always Ready, Always There!” to serve our communities and our nation. https://t.co/H2myMO8GGG",1,1,coder1
wendys_all_h1_00020,batch1_fortune100,20260618expand/classifier_improvement/data/human_labeling_template/coder_splits/coder1_labeling_template.csv,TJX,760123227603660801,https://x.com/tjmaxx/status/760123227603660801,Mon Aug 01 14:41:14 +0000 2016,@jayda_3298 thanks for reaching out. Please call Associate Relations at 1-800-859-6488,0,0,coder1
wendys_all_h1_00021,batch1_fortune100,20260618expand/classifier_improvement/data/human_labeling_template/coder_splits/coder1_labeling_template.csv,General Dynamics,1599846946629308416,https://x.com/generaldynamics/status/1599846946629308416,Mon Dec 05 19:23:30 +0000 2022,"RT @GD_OTS: The accuracy, dependability, and capability of our products set us apart as the go-to solution, protecting the best with the be…",1,1,coder1
wendys_all_h1_00022,batch1_fortune100,20260618expand/classifier_improvement/data/human_labeling_template/coder_splits/coder1_labeling_template.csv,Bank of America,1699433172314751278,https://x.com/bankofamerica/status/1699433172314751278,Wed Sep 06 14:43:36 +0000 2023,"Every day we're entering further into the digital age and small businesses are taking note. Compared to 2022, more entrepreneurs are digitally optimizing their businesses. Learn more from our 2023 Small Business Owner Report: https://t.co/Sg5acA7Z6A https://t.co/4wRMGPIXhS",0,0,coder1
wendys_all_h1_00023,batch1_fortune100,20260618expand/classifier_improvement/data/human_labeling_template/coder_splits/coder1_labeling_template.csv,New York Life Insurance,1514302397975195654,https://x.com/NewYorkLife/status/1514302397975195654,Wed Apr 13 18:00:00 +0000 2022,The #BraveofHeartFund continues to honor the hard work and sacrifice of healthcare workers by partnering with @ScholAmerica to offer scholarship funding for their families.,0,0,coder1
wendys_all_h1_00024,batch1_fortune100,20260618expand/classifier_improvement/data/human_labeling_template/coder_splits/coder1_labeling_template.csv,Home Depot,768230715238547456,https://x.com/HDCares/status/768230715238547456,Tue Aug 23 23:37:30 +0000 2016,"@baristaze For help, pls send order details to TeamSocial@homedepot.com so we can share w/ our Home Installs team. –TeamCare",0,0,coder1
wendys_all_h1_00025,batch1_fortune100,20260618expand/classifier_improvement/data/human_labeling_template/coder_splits/coder1_labeling_template.csv,TJX,741337148218060801,https://x.com/tjmaxx/status/741337148218060801,Fri Jun 10 18:32:04 +0000 2016,I just posted a recap of my West Coast tour with @tjmaxx! What do you guys think? https://t.co/isRqY7hehl #ad #RoadToReal,0,0,coder1
wendys_all_h1_00026,batch1_fortune100,20260618expand/classifier_improvement/data/human_labeling_template/coder_splits/coder1_labeling_template.csv,Ford Motor,1637899870915952643,https://x.com/Ford/status/1637899870915952643,Mon Mar 20 19:32:14 +0000 2023,RT @FordTrucks: The goal was to forge a path to greatness… objective complete ✅ 🛻 https://t.co/sWzMI75YDV,1,1,coder1
wendys_all_h1_00027,batch1_fortune100,20260618expand/classifier_improvement/data/human_labeling_template/coder_splits/coder1_labeling_template.csv,Target,1398293063097884673,https://x.com/target/status/1398293063097884673,Fri May 28 15:00:19 +0000 2021,The #Evermore vinyl is here. ❤️ Share your photos with the Target exclusive version of @TaylorSwift13's album: https://t.co/LJhZYRcjdu https://t.co/pMl2LzGIrw,0,0,coder1
wendys_all_h1_00028,batch1_fortune100,20260618expand/classifier_improvement/data/human_labeling_template/coder_splits/coder1_labeling_template.csv,Walt Disney,1822093532741648554,https://x.com/Disney/status/1822093532741648554,Sat Aug 10 02:12:05 +0000 2024,"Get ready, Disney fans! The Disney Entertainment Showcase at #D23: The Ultimate Disney Fan Event is about to begin. Follow along for live updates! https://t.co/cowfthQ6Fg",0,0,coder1
wendys_all_h1_00029,batch1_fortune100,20260618expand/classifier_improvement/data/human_labeling_template/coder_splits/coder1_labeling_template.csv,Nationwide,2015530114788786234,https://x.com/nationwide/status/2015530114788786234,Sun Jan 25 21:00:00 +0000 2026,"This trophy isn’t just heavy, it’s a 30+ lb symbol of impact. The Walter Payton @NFL Man of the Year award honors players who lead on and off the field. https://t.co/ZpZpBBSjDx",1,1,coder1
wendys_all_h1_00030,batch1_fortune100,20260618expand/classifier_improvement/data/human_labeling_template/coder_splits/coder1_labeling_template.csv,Walmart,1903115776803963231,https://x.com/walmart/status/1903115776803963231,Fri Mar 21 16:05:34 +0000 2025,Having free will means I can go on three Walmart runs in a day,1,1,coder1
wendys_all_h1_00031,batch1_fortune100,20260618expand/classifier_improvement/data/human_labeling_template/coder_splits/coder1_labeling_template.csv,Uber Technologies,1925592688365379954,https://x.com/Uber/status/1925592688365379954,Thu May 22 16:40:47 +0000 2025,RT @UberEats: The deals are deal-ing 🙌 Whether you're a jetsetter scoring @Delta Skymiles ✈️ living your best life in pajamas with @McDonal…,1,1,coder1
wendys_all_h1_00032,batch1_fortune100,20260618expand/classifier_improvement/data/human_labeling_template/coder_splits/coder1_labeling_template.csv,Walt Disney,2033328504268296232,https://x.com/Disney/status/2033328504268296232,Sun Mar 15 23:44:27 +0000 2026,"Make the memories that never leave you, where magic meets the sea. 🚢🌙✨ https://t.co/qARpm1zEjz",1,1,coder1
wendys_all_h1_00033,batch1_fortune100,20260618expand/classifier_improvement/data/human_labeling_template/coder_splits/coder1_labeling_template.csv,Enterprise Products Partners,1677827465656537095,https://x.com/EProd_Careers/status/1677827465656537095,Sat Jul 08 23:50:14 +0000 2023,Discover exciting and rewarding ways to apply your talents at Enterprise Products. Click here to find out more! https://t.co/ckxjaxRmue,1,1,coder1
wendys_all_h1_00034,batch1_fortune100,20260618expand/classifier_improvement/data/human_labeling_template/coder_splits/coder1_labeling_template.csv,Enterprise Products Partners,1683562774671261698,https://x.com/EProd_Careers/status/1683562774671261698,Mon Jul 24 19:40:19 +0000 2023,"We want to find the right people to drive our success at Enterprise Products. Could that be you? Click here to learn more about joining our team in Mentone, TX. https://t.co/KmJbc3EqE4 #OperationsJobs",0,0,coder1
wendys_all_h1_00035,batch1_fortune100,20260618expand/classifier_improvement/data/human_labeling_template/coder_splits/coder1_labeling_template.csv,Goldman Sachs Group,1782942764616872101,https://x.com/GoldmanSachs/status/1782942764616872101,Wed Apr 24 01:20:55 +0000 2024,"India’s renewable energy capacity could double by the end of the decade, and integrated transmission grid will be the main enabler, said our Co-head of APAC Natural Resources and Clean Energy Research Nikhil Bhandari on CNBC: https://t.co/Je4cDXXa9B https://t.co/Rs47dFXqMa",0,0,coder1
wendys_all_h1_00036,batch1_fortune100,20260618expand/classifier_improvement/data/human_labeling_template/coder_splits/coder1_labeling_template.csv,Enterprise Products Partners,1681387496972898304,https://x.com/EProd_Careers/status/1681387496972898304,Tue Jul 18 19:36:32 +0000 2023,"Think you would excel as our next Inland Wheelman – Starting Pay: $600/day – \*Offering $5,000 sign on bonus\*? Consider Enterprise Products as YOUR pipeline for career success! Apply today. https://t.co/y7t5PDbKuy #Wheelman",0,0,coder1
wendys_all_h1_00037,batch1_fortune100,20260618expand/classifier_improvement/data/human_labeling_template/coder_splits/coder1_labeling_template.csv,Exxon Mobil,1486027928727138305,https://x.com/exxonmobil/status/1486027928727138305,Tue Jan 25 17:27:21 +0000 2022,"RT @CNBC: Darren Woods, CEO and chairman of Exxon Mobil, joined CNBC's 'Squawk Box' to discuss the company's pledge to hit net-zero greenho…",0,0,coder1
wendys_all_h1_00038,batch1_fortune100,20260618expand/classifier_improvement/data/human_labeling_template/coder_splits/coder1_labeling_template.csv,MetLife,1376960895105048581,https://x.com/metlife/status/1376960895105048581,Tue Mar 30 18:13:54 +0000 2021,"Congrats to Tiffany Loo on having her artwork selected as one of the two-story-high murals that will be on display at @MetLifeStadium in 2021. She and @BartScott57 discuss the inspiration behind the mural, which honors the millions of essential workers in our community 💚 https://t.co/28TlW327Ed",0,0,coder1
wendys_all_h1_00039,batch1_fortune100,20260618expand/classifier_improvement/data/human_labeling_template/coder_splits/coder1_labeling_template.csv,ConocoPhillips,1694348600699162951,https://x.com/conocophillips/status/1694348600699162951,Wed Aug 23 13:59:20 +0000 2023,"Six months ago, the 36th Annual Rodeo Run helped raise money for 800+ scholarships awarded to Texas students. Our thanks to the 11,000+ participants and to @RODEOHOUSTON, one of the largest scholarship providers in the U.S. https://t.co/Ev0eGax6xC https://t.co/Qo7VYClVRI",0,0,coder1
wendys_all_h1_00040,batch1_fortune100,20260618expand/classifier_improvement/data/human_labeling_template/coder_splits/coder1_labeling_template.csv,ConocoPhillips,1676624032144441345,https://x.com/conocophillips/status/1676624032144441345,Wed Jul 05 16:08:14 +0000 2023,"As the face of #ConocoPhillips' community outreach in Bartlesville, Karen is a well-known community leader. She's driven several local projects, including new playground equipment at an elementary school. Discover more about impact on the community here: https://t.co/zHa6pdRcjo https://t.co/CiCed1XPRd",0,0,coder1
wendys_all_h1_00041,batch1_fortune100,20260618expand/classifier_improvement/data/human_labeling_template/coder_splits/coder1_labeling_template.csv,StoneX Group,2031671667634676030,https://x.com/StoneX_Official/status/2031671667634676030,Wed Mar 11 10:00:46 +0000 2026,"Honesty, humility, hard work and discipline – core values driving success for StoneX and @Saracens. Discover what this means for their players as they gear up for The Showdown 6 in association with StoneX, March 28. https://t.co/PetKgCvypK",0,0,coder1
wendys_all_h1_00042,batch1_fortune100,20260618expand/classifier_improvement/data/human_labeling_template/coder_splits/coder1_labeling_template.csv,Goldman Sachs Group,1833615252644053016,https://x.com/GoldmanSachs/status/1833615252644053016,Tue Sep 10 21:15:17 +0000 2024,RT @NYSE: The NYSE welcomes @GoldmanSachs One Million Black Women: Black in Business to celebrate the start of the latest cohort of 300 sch…,0,0,coder1
wendys_all_h1_00043,batch1_fortune100,20260618expand/classifier_improvement/data/human_labeling_template/coder_splits/coder1_labeling_template.csv,Nike,2042244384633274492,https://x.com/nike/status/2042244384633274492,Thu Apr 09 14:12:59 +0000 2026,"Don’t Mess With Tejas. The Ranger’s 2026 City Connect uniform reimagines elements of past Rangers looks while celebrating the Mexican influence woven into the state’s identity — and into the name the team proudly represents. From the “Tejas” name across the chest to the paper picador patch, these uniforms are a reminder that whether pronounced with an X or a J, the it’s the same place and a shared pride in calling Tejas home. Available now at https://t.co/eacxrL7nY7",0,0,coder1
wendys_all_h1_00044,batch1_fortune100,20260618expand/classifier_improvement/data/human_labeling_template/coder_splits/coder1_labeling_template.csv,Eli Lilly,1335964652099022853,https://x.com/EliLillyandCo/status/1335964652099022853,Mon Dec 07 15:09:28 +0000 2020,Loxo Oncology at Lilly announced results from the Phase 1/2 BRUIN study in #CLL and #SLL. We’re proud to share these data at #ASH20. Learn more: https://t.co/dCd78MA1Jo https://t.co/vnuDdPEFwh,0,0,coder1
wendys_all_h1_00045,batch1_fortune100,20260618expand/classifier_improvement/data/human_labeling_template/coder_splits/coder1_labeling_template.csv,Freddie Mac,1961458841066823937,https://x.com/FreddieMac/status/1961458841066823937,Fri Aug 29 16:00:04 +0000 2025,"By preserving rents at workforce housing properties, modest-to-low income tenants can be supported. With our Workforce Housing Preservation, learn how borrowers are leading the way with a private-sector approach to providing attainable housing. https://t.co/osMgzGBgR9 https://t.co/2euQtOpkNz",0,0,coder1
wendys_all_h1_00046,batch1_fortune100,20260618expand/classifier_improvement/data/human_labeling_template/coder_splits/coder1_labeling_template.csv,USAA,1608581443869106176,https://x.com/usaa/status/1608581443869106176,Thu Dec 29 21:51:16 +0000 2022,USAA is proud to be the Official Military Appreciation Sponsor of today’s @valeroalamobowl in San Antonio. Visit us at the #FANZONE pre-game! https://t.co/I97IhHrwIU,1,1,coder1
wendys_all_h1_00047,batch1_fortune100,20260618expand/classifier_improvement/data/human_labeling_template/coder_splits/coder1_labeling_template.csv,JPMorgan Chase,1629498558813466628,https://x.com/jpmorgan/status/1629498558813466628,Sat Feb 25 15:08:25 +0000 2023,Energy is high tonight in #Dubai for the @DDFTennis @WTA Women’s Final 🎾. We’re proud to be supporters for the eighth year running. https://t.co/Q4IvPJRuwT,0,0,coder1
wendys_all_h1_00048,batch1_fortune100,20260618expand/classifier_improvement/data/human_labeling_template/coder_splits/coder1_labeling_template.csv,Nike,1948385111910609004,https://x.com/nike/status/1948385111910609004,Thu Jul 24 14:09:44 +0000 2025,Hoopers get your hard hats. It’s time to go to work. The Sabrina 3 ‘Blueprint’ is available now. https://t.co/hTF7SR0lP3,1,1,coder1
wendys_all_h1_00049,batch1_fortune100,20260618expand/classifier_improvement/data/human_labeling_template/coder_splits/coder1_labeling_template.csv,TIAA,1623083192285818880,https://x.com/tiaa/status/1623083192285818880,Tue Feb 07 22:16:03 +0000 2023,RT @p4parity: 📢 Join us on 2/22 at 1:45pm ET for a Black History Month leadership talk with our CEO Sandra Quince and @TIAA Chief Human Res…,0,0,coder1
wendys_all_h1_00050,batch1_fortune100,20260618expand/classifier_improvement/data/human_labeling_template/coder_splits/coder1_labeling_template.csv,Comcast,1811061384756539628,https://x.com/comcast/status/1811061384756539628,Wed Jul 10 15:34:16 +0000 2024,"RT @LIFT_Labs: Coming soon to Black Experience on @Xfinity, @Peacock, and @Xumoplay—#CultureCapitalSeries, the story of nine game-changing…",0,0,coder1
wendys_all_h1_00051,batch1_fortune100,20260618expand/classifier_improvement/data/human_labeling_template/coder_splits/coder1_labeling_template.csv,Cencora,1852376355708551300,https://x.com/CencoraGlobal/status/1852376355708551300,Fri Nov 01 15:45:13 +0000 2024,"Tim Cernohous reflects on his first time attending ThoughtSpot, highlighting the invigorating experience of engaging with customers and understanding their evolving needs and challenges. Read his thoughts:https://t.co/xSACZ8jiZt https://t.co/0xi8Ijn41G",1,1,coder1
wendys_all_h1_00052,batch1_fortune100,20260618expand/classifier_improvement/data/human_labeling_template/coder_splits/coder1_labeling_template.csv,Energy Transfer,2051653481413407221,https://x.com/energytransfer/status/2051653481413407221,Tue May 05 13:21:22 +0000 2026,"#EarningsCall: In our NGL segment, NGL exports were up 19%, setting a new Partnership record. NGL transportation volumes were up 12%, with NGL fractionation volumes also up 11%, setting a new Partnership record.",0,0,coder1
wendys_all_h1_00053,batch1_fortune100,20260618expand/classifier_improvement/data/human_labeling_template/coder_splits/coder1_labeling_template.csv,Cencora,1653792406527983617,https://x.com/CencoraGlobal/status/1653792406527983617,Wed May 03 16:03:30 +0000 2023,We are proud to be listed as one of @Forbes' Best Employers for Diversity in America. We are committed to playing a meaningful role in our communities and workplaces by creating pathways for every team member to thrive. https://t.co/hBC1tiVbgd,1,1,coder1
wendys_all_h1_00054,batch1_fortune100,20260618expand/classifier_improvement/data/human_labeling_template/coder_splits/coder1_labeling_template.csv,StoneX Group,2053762237349707782,https://x.com/StoneX_Official/status/2053762237349707782,Mon May 11 09:00:49 +0000 2026,"Coffee prices are under pressure as a record Brazil crop and rising global supply point to a surplus in 2026, reshaping the market outlook despite ongoing risks. Download the StoneX 2026 Commodities Outlook: https://t.co/Z4M2zkydIg https://t.co/ekmcNFM8rZ",1,1,coder1
wendys_all_h1_00055,batch1_fortune100,20260618expand/classifier_improvement/data/human_labeling_template/coder_splits/coder1_labeling_template.csv,Lowe's,1360606770222297091,https://x.com/lowes/status/1360606770222297091,Sat Feb 13 15:08:27 +0000 2021,"April almost didn’t apply for the Lowe’s Small Business Grant but decided to give it another shot. Receiving her grant has allowed April to hire five employees, stock up on inventory and continue feeding the community. https://t.co/PTwhLRJg6d",1,1,coder1
wendys_all_h1_00056,batch1_fortune100,20260618expand/classifier_improvement/data/human_labeling_template/coder_splits/coder1_labeling_template.csv,HP,2033132157359509931,https://x.com/hp/status/2033132157359509931,Sun Mar 15 10:44:14 +0000 2026,"Congratulations to @LewisHamilton and @ScuderiaFerrari HP on a strong P3 finish in Shanghai — his first Grand Prix podium with the team, and a result that reflects growth, trust, and execution at the highest level. https://t.co/JXw4Cmy3sh",1,1,coder1
wendys_all_h1_00057,batch1_fortune100,20260618expand/classifier_improvement/data/human_labeling_template/coder_splits/coder1_labeling_template.csv,Allstate,1394700249030090758,https://x.com/allstate/status/1394700249030090758,Tue May 18 17:03:46 +0000 2021,RT @WeAreAFCA: Have a student-athlete who stands out amongst all the rest for their dedication to giving back? Submit your nomination for t…,0,0,coder1
wendys_all_h1_00058,batch1_fortune100,20260618expand/classifier_improvement/data/human_labeling_template/coder_splits/coder1_labeling_template.csv,Ford Motor,1631323643551653890,https://x.com/Ford/status/1631323643551653890,Thu Mar 02 16:00:39 +0000 2023,"In honor of Women’s History Month, we’re celebrating female athletes in our community who are breaking barriers and defying stereotypes on the courts and racetracks 🎾 🏎 #WHM #ItsHerTurn https://t.co/fg9IDZMjr4",1,1,coder1
wendys_all_h1_00059,batch1_fortune100,20260618expand/classifier_improvement/data/human_labeling_template/coder_splits/coder1_labeling_template.csv,Prudential Financial,1131224531199299584,https://x.com/Prudential/status/1131224531199299584,Wed May 22 15:45:20 +0000 2019,Saving for college and retirement at the same time is tough. Especially for a town that’s booming with babies. https://t.co/bYoNsvMicx,0,0,coder1
wendys_all_h1_00060,batch1_fortune100,20260618expand/classifier_improvement/data/human_labeling_template/coder_splits/coder1_labeling_template.csv,Travelers,1669438706028105748,https://x.com/travelers/status/1669438706028105748,Thu Jun 15 20:16:18 +0000 2023,"RT @TeamRubicon: Three massive storms. Zero headlines. A community needing support. That was the story of Selma, Alabama, which endured a h…",0,0,coder1
wendys_all_h1_00061,batch1_fortune100,20260618expand/classifier_improvement/data/human_labeling_template/coder_splits/coder1_labeling_template.csv,Home Depot,778327020979752960,https://x.com/HDCares/status/778327020979752960,Tue Sep 20 20:16:37 +0000 2016,@DCGirl53 We hate to keep you waiting! Pls send ur order number/contact info to TeamSocial@homedepot.com for help. -TeamCare,1,1,coder1
wendys_all_h1_00062,batch1_fortune100,20260618expand/classifier_improvement/data/human_labeling_template/coder_splits/coder1_labeling_template.csv,Publix Super Markets,1542145867825795073,https://x.com/Publix/status/1542145867825795073,Wed Jun 29 14:00:01 +0000 2022,"If you could be any Publix Bakery item, which would you be? 🍪🎂🥐",1,1,coder1
wendys_all_h1_00063,batch1_fortune100,20260618expand/classifier_improvement/data/human_labeling_template/coder_splits/coder1_labeling_template.csv,Nationwide,1723495377733914641,https://x.com/nationwide/status/1723495377733914641,Sun Nov 12 00:18:13 +0000 2023,Beautiful day for Fan Fest ☀️ @NWSL | #NWSLChampionship https://t.co/MFGnlgzkGq,1,1,coder1
wendys_all_h1_00064,batch1_fortune100,20260618expand/classifier_improvement/data/human_labeling_template/coder_splits/coder1_labeling_template.csv,Eli Lilly,1983515507811582403,https://x.com/EliLillyandCo/status/1983515507811582403,Wed Oct 29 12:45:23 +0000 2025,"We just made it easier to get authentic obesity management medicines at DTC prices. We’re teaming up with @Walmart so patients can access LillyDirect prices, with pickup at a Walmart pharmacy! Learn more: https://t.co/IG1QFZREzt https://t.co/1FLHyp9vKN",0,0,coder1
wendys_all_h1_00065,batch1_fortune100,20260618expand/classifier_improvement/data/human_labeling_template/coder_splits/coder1_labeling_template.csv,CVS Health,1530187071817670657,https://x.com/cvshealth/status/1530187071817670657,Fri May 27 14:00:02 +0000 2022,"As part of our strategy to improve primary care and meet our customers where they are, we are launching CVS Health Virtual Primary Care, an innovative virtual care solution designed to offer a more seamless and consumer-focused health care experience. https://t.co/cE6I61OqgA https://t.co/8r3NxV44Q8",0,0,coder1
wendys_all_h1_00066,batch1_fortune100,20260618expand/classifier_improvement/data/human_labeling_template/coder_splits/coder1_labeling_template.csv,TJX,786225976464158720,https://x.com/tjmaxx/status/786225976464158720,Wed Oct 12 15:24:14 +0000 2016,@PauAher48 Thanks for reaching out. Please let us know the location of the store you were in so we can address this with the Store Manager.,0,0,coder1
wendys_all_h1_00067,batch1_fortune100,20260618expand/classifier_improvement/data/human_labeling_template/coder_splits/coder1_labeling_template.csv,Comcast,1785752234178879611,https://x.com/comcast/status/1785752234178879611,Wed May 01 19:24:44 +0000 2024,"RT @nbc: We are AANHPI AMPLIFIED at @NBCUniversal, celebrating our Asian American, Native Hawaiian, and Pacific Islander colleagues across…",0,0,coder1
wendys_all_h1_00068,batch1_fortune100,20260618expand/classifier_improvement/data/human_labeling_template/coder_splits/coder1_labeling_template.csv,Walt Disney,1844787544413577527,https://x.com/Disney/status/1844787544413577527,Fri Oct 11 17:09:59 +0000 2024,"RT @DisneyStudios: #LiloAndStitch, coming to theaters on May 23, 2025! https://t.co/bJ2e5fQzAt",0,0,coder1
wendys_all_h1_00069,batch1_fortune100,20260618expand/classifier_improvement/data/human_labeling_template/coder_splits/coder1_labeling_template.csv,Intel,2051398969712906527,https://x.com/intel/status/2051398969712906527,Mon May 04 20:30:02 +0000 2026,"Together, @IBM watsonx, #IntelXeon 6, and #IntelAI accelerators help organizations run AI workloads with greater flexibility and better price-performance—and that partnership is on display at IBM #Think2026. Learn more about Intel at IBM Think: https://t.co/gB9DgBRwS6 https://t.co/xx76liM2Np",0,0,coder1
wendys_all_h1_00070,batch1_fortune100,20260618expand/classifier_improvement/data/human_labeling_template/coder_splits/coder1_labeling_template.csv,Chevron,1797649884381900805,https://x.com/chevron/status/1797649884381900805,Mon Jun 03 15:21:45 +0000 2024,The correct answer is all of the above.,1,1,coder1
wendys_all_h1_00071,batch1_fortune100,20260618expand/classifier_improvement/data/human_labeling_template/coder_splits/coder1_labeling_template.csv,Albertsons,1043500840739205121,https://x.com/albertsons/status/1043500840739205121,Sat Sep 22 14:02:42 +0000 2018,Autumn is here and comfort food is what's for dinner! This Peppered Beef Cross Rib Roast will hit the spot. Find a store to get everything you need: https://t.co/0H7rm61uyi https://t.co/D23og5uK4h,1,1,coder1
wendys_all_h1_00072,batch1_fortune100,20260618expand/classifier_improvement/data/human_labeling_template/coder_splits/coder1_labeling_template.csv,Tyson Foods,1247223980508897281,https://x.com/tysonfoods/status/1247223980508897281,Mon Apr 06 18:05:43 +0000 2020,"This picture could be the near term future of entering US workplaces, infrared body temperature scanners to detect if employees have a fever, a common symptom of COVID-19. @TysonFoods is deploying now, Goldman Sachs and UPS are looking into it. @CNBC https://t.co/VTdn0VgrVa",1,1,coder1
wendys_all_h1_00073,batch1_fortune100,20260618expand/classifier_improvement/data/human_labeling_template/coder_splits/coder1_labeling_template.csv,Johnson & Johnson,1328744715244634112,https://x.com/JNJNews/status/1328744715244634112,Tue Nov 17 17:00:01 +0000 2020,"With the holidays coming soon, the U.S. is seeing its highest number of novel coronavirus cases to date. Dr. Alison Schwartz and Johnson &amp; Johnson’s Dr. Paul Stoffels share tips on staying protected and quarantining effectively. https://t.co/VnyKhFPqqP",0,0,coder1
wendys_all_h1_00074,batch1_fortune100,20260618expand/classifier_improvement/data/human_labeling_template/coder_splits/coder1_labeling_template.csv,Oracle,1977856876172673319,https://x.com/oracle/status/1977856876172673319,Mon Oct 13 22:00:00 +0000 2025,Tomorrow! Make sure to tune into Larry Ellison’s keynote live from #AIWorld: https://t.co/kcW3zWfNmU https://t.co/1cmh0GW62y,0,0,coder1
wendys_all_h1_00075,batch1_fortune100,20260618expand/classifier_improvement/data/human_labeling_template/coder_splits/coder1_labeling_template.csv,American Express,1527849147327553538,https://x.com/americanexpress/status/1527849147327553538,Sat May 21 03:09:57 +0000 2022,"Got my @americanexpress exclusive crewneck, Harry absolutely killed it tonight, and I had the best time. #withamex https://t.co/tjBu0Ruo7O",1,1,coder1
wendys_all_h1_00076,batch1_fortune100,20260618expand/classifier_improvement/data/human_labeling_template/coder_splits/coder1_labeling_template.csv,Caterpillar,1473319283556073476,https://x.com/CaterpillarInc/status/1473319283556073476,Tue Dec 21 15:47:44 +0000 2021,"As January 1 gets closer, don’t just think about change: do it! Start your training as a Cat dealer technician: https://t.co/VKPz9Yfki3. https://t.co/N1YDd5sKJ3",1,1,coder1
wendys_all_h1_00077,batch1_fortune100,20260618expand/classifier_improvement/data/human_labeling_template/coder_splits/coder1_labeling_template.csv,United Airlines Holdings,1833176186714775731,https://x.com/united/status/1833176186714775731,Mon Sep 09 16:10:36 +0000 2024,Why make a wish at 11:11 when you can wish upon a triple 7? https://t.co/H2IAzSN3Ns,1,1,coder1
wendys_all_h1_00078,batch1_fortune100,20260618expand/classifier_improvement/data/human_labeling_template/coder_splits/coder1_labeling_template.csv,USAA,1603396595491422209,https://x.com/usaa/status/1603396595491422209,Thu Dec 15 14:28:32 +0000 2022,"We're one day away from #CODEBOWLlll, presented by @usaa! Will another branch snatch the 🏆 from the Guardians (of the Solar System)? Tune in on @CallofDuty's Twitch, Facebook, and YouTube to see U.S. and U.K. teams throw down in Call of Duty #Warzone 2.0. https://t.co/KBlsCVEwIp",1,1,coder1
wendys_all_h1_00079,batch1_fortune100,20260618expand/classifier_improvement/data/human_labeling_template/coder_splits/coder1_labeling_template.csv,Nationwide,1623892886252138496,https://x.com/nationwide/status/1623892886252138496,Fri Feb 10 03:53:29 +0000 2023,"To the man doing everything he can 4️⃣ his community, we salute @dak as the 2022 NFL Walter Payton Man of the Year. 👏👏👏 #DallasCowboys | @Nationwide | #NFLHonors https://t.co/X8tfqV7GGn",1,1,coder1
wendys_all_h1_00080,batch1_fortune100,20260618expand/classifier_improvement/data/human_labeling_template/coder_splits/coder1_labeling_template.csv,Sysco,1548351778894188548,https://x.com/sysco/status/1548351778894188548,Sat Jul 16 17:00:05 +0000 2022,Chef Aaron Holt of Iowa had a blast presenting Tempura Fried Green Beans with Bacon Jam Aioli during a business review with a Sysco customer. Talk to your Sales Consultant about booking your own Business Review. https://t.co/um7NYtR6oC,1,1,coder1
wendys_all_h1_00081,batch1_fortune100,20260618expand/classifier_improvement/data/human_labeling_template/coder_splits/coder1_labeling_template.csv,Lockheed Martin,1866121403633668560,https://x.com/lockheedmartin/status/1866121403633668560,Mon Dec 09 14:03:08 +0000 2024,"Go Behind the Wings of the F-16 with Greg, a @usairforce veteran and sustainment project engineer. Greg plays a vital role in ensuring our operators have the most reliable, mission-ready aircraft to carry out critical operations and safeguard our nation. https://t.co/yS91TLp133",0,0,coder1
wendys_all_h1_00082,batch1_fortune100,20260618expand/classifier_improvement/data/human_labeling_template/coder_splits/coder1_labeling_template.csv,TJX,799355437812510720,https://x.com/tjmaxx/status/799355437812510720,Thu Nov 17 20:56:02 +0000 2016,"RT @HaylieDuff: Last chance! Tweet using #BringBackHolidays &amp; #Contest for a flight home thanks to @marshalls, @tjmaxx &amp; @homegoods! #ad ht…",1,1,coder1
wendys_all_h1_00083,batch1_fortune100,20260618expand/classifier_improvement/data/human_labeling_template/coder_splits/coder1_labeling_template.csv,Lockheed Martin,1986508884475891714,https://x.com/lockheedmartin/status/1986508884475891714,Thu Nov 06 19:00:00 +0000 2025,Seamless integration. Enhanced mission capabilities. That’s the STAR.OS™ solution. Our new integration framework enables different AI systems to work together effectively and efficiently for national security. #AI Learn more: 👇,0,0,coder1
wendys_all_h1_00084,batch1_fortune100,20260618expand/classifier_improvement/data/human_labeling_template/coder_splits/coder1_labeling_template.csv,Walt Disney,1930798597638869015,https://x.com/Disney/status/1930798597638869015,Fri Jun 06 01:27:12 +0000 2025,"Disneyland Resort announces plans for a new parking structure and transportation hub on the east side of the resort that will provide approx. 6,000 parking spaces and feature a pedestrian bridge with public access to and from Harbor Boulevard and more. https://t.co/LCTtoWmKp6 https://t.co/d4fZaYc5Rj",0,0,coder1
wendys_all_h1_00085,batch1_fortune100,20260618expand/classifier_improvement/data/human_labeling_template/coder_splits/coder1_labeling_template.csv,TJX,856137195987644416,https://x.com/tjmaxx/status/856137195987644416,Sun Apr 23 13:26:28 +0000 2017,"@haley_mckibben Hi Haley, Thanks for letting us know. We will share your feedback with the Store Manager.",0,0,coder1
wendys_all_h1_00086,batch1_fortune100,20260618expand/classifier_improvement/data/human_labeling_template/coder_splits/coder1_labeling_template.csv,New York Life Insurance,1500897243800522752,https://x.com/NewYorkLife/status/1500897243800522752,Mon Mar 07 18:12:42 +0000 2022,The #BraveofHeartFund continues to honor the hard work and sacrifice of healthcare workers by partnering with @ScholAmerica to offer scholarship funding for their families.,1,1,coder1
wendys_all_h1_00087,batch1_fortune100,20260618expand/classifier_improvement/data/human_labeling_template/coder_splits/coder1_labeling_template.csv,RTX,1865042382061801886,https://x.com/RTX_News/status/1865042382061801886,Fri Dec 06 14:35:29 +0000 2024,RT @ModBattlespace: The #JSE is an incredible example of the power of converged testing and training environments. But any future environme…,1,1,coder1
wendys_all_h1_00088,batch1_fortune100,20260618expand/classifier_improvement/data/human_labeling_template/coder_splits/coder1_labeling_template.csv,Home Depot,846865985609109506,https://x.com/HDCares/status/846865985609109506,Tue Mar 28 23:25:59 +0000 2017,@amaandalvarez What’s going on? Email us add’l details/contact info/tweet to TeamSocial@homedepot.com so we can address this.,0,0,coder1
wendys_all_h1_00089,batch1_fortune100,20260618expand/classifier_improvement/data/human_labeling_template/coder_splits/coder1_labeling_template.csv,New York Life Insurance,1582406282119708674,https://x.com/NewYorkLife/status/1582406282119708674,Tue Oct 18 16:20:32 +0000 2022,1 in 13 U.S. children will grieve the death of a parent or sibling before they reach adulthood. Join us 11/1 to discuss grief beyond a single moment in time. Attendees will learn from experts in bereavement space including #NYLFoundation thought leaders.,0,0,coder1
wendys_all_h1_00090,batch1_fortune100,20260618expand/classifier_improvement/data/human_labeling_template/coder_splits/coder1_labeling_template.csv,AbbVie,1989347589230403924,https://x.com/abbvie/status/1989347589230403924,Fri Nov 14 15:00:00 +0000 2025,How are we working to address the needs of those living with #ParkinsonsDisease? Learn about our efforts from our sponsored article with @statnews: https://t.co/7y3p57v96n https://t.co/OAeS0p32bh,0,0,coder1
wendys_all_h1_00091,batch1_fortune100,20260618expand/classifier_improvement/data/human_labeling_template/coder_splits/coder1_labeling_template.csv,Enterprise Products Partners,1681386239830933504,https://x.com/EProd_Careers/status/1681386239830933504,Tue Jul 18 19:31:32 +0000 2023,"If you’re ready to start a new career in Carlsbad, NM, the Enterprise Products team awaits you. Click here to learn more about this fantastic opportunity. https://t.co/e5ZlU1lAnF #TechnicianJobs",1,1,coder1
wendys_all_h1_00092,batch1_fortune100,20260618expand/classifier_improvement/data/human_labeling_template/coder_splits/coder1_labeling_template.csv,Johnson & Johnson,1370423321351839753,https://x.com/JNJNews/status/1370423321351839753,Fri Mar 12 17:15:55 +0000 2021,"WHO today listed the #COVID19 vaccine developed by Janssen (Johnson &amp; Johnson), for emergency use in all countries and for COVAX roll-out https://t.co/zwKdoxuntn https://t.co/naclx9Xnzs",0,0,coder1
wendys_all_h1_00093,batch1_fortune100,20260618expand/classifier_improvement/data/human_labeling_template/coder_splits/coder1_labeling_template.csv,Tesla,2056491309029011639,https://x.com/tesla/status/2056491309029011639,Mon May 18 21:45:10 +0000 2026,FSD has eyes in the back of its head Human drivers – even the best &amp; most responsible ones – do not,1,1,coder1
wendys_all_h1_00094,batch1_fortune100,20260618expand/classifier_improvement/data/human_labeling_template/coder_splits/coder1_labeling_template.csv,Cardinal Health,1722615036492075144,https://x.com/cardinalhealth/status/1722615036492075144,Thu Nov 09 14:00:03 +0000 2023,Theranostics Week! Join us for a series of educational webinars dedicated to #theranostics and the groundbreaking field of #nuclearmedicine. Earn up to six hours of CE credit. #HCPs Register today at https://t.co/sl9LET2NBw https://t.co/7WM8p3FIL1,0,0,coder1
wendys_all_h1_00095,batch1_fortune100,20260618expand/classifier_improvement/data/human_labeling_template/coder_splits/coder1_labeling_template.csv,Travelers,1674407783104380928,https://x.com/travelers/status/1674407783104380928,Thu Jun 29 13:21:39 +0000 2023,".@mojganlefebvre, EVP and Chief Technology &amp; Operations Officer at Travelers, spoke with @builtbygirls for the video series “How I Started in STEM” to help inspire the next generation to pursue careers in #STEM. Hear her story today. https://t.co/MUAYNaIEn8",1,1,coder1
wendys_all_h1_00096,batch1_fortune100,20260618expand/classifier_improvement/data/human_labeling_template/coder_splits/coder1_labeling_template.csv,Centene,1632535155830149121,https://x.com/centene/status/1632535155830149121,Mon Mar 06 00:14:46 +0000 2023,"“Since she started using Ambetter, she’s able to go to her doctor’s appointments, she’s able to get the help she needs.” https://t.co/AkASQENYIH #Centene https://t.co/WZyZoraJQN",0,0,coder1
wendys_all_h1_00097,batch1_fortune100,20260618expand/classifier_improvement/data/human_labeling_template/coder_splits/coder1_labeling_template.csv,Walmart,1702716870376268122,https://x.com/walmart/status/1702716870376268122,Fri Sep 15 16:11:51 +0000 2023,The goal in life is to be known as the fam with the best snacks at every game.,1,1,coder1
wendys_all_h1_00098,batch1_fortune100,20260618expand/classifier_improvement/data/human_labeling_template/coder_splits/coder1_labeling_template.csv,Allstate,1317123186312597506,https://x.com/allstate/status/1317123186312597506,Fri Oct 16 15:20:13 +0000 2020,@GoSTL Who knows which song we used in our new commercial about smooth driving? 🎵,1,1,coder1
wendys_all_h1_00099,batch1_fortune100,20260618expand/classifier_improvement/data/human_labeling_template/coder_splits/coder1_labeling_template.csv,American Airlines Group,1851681135115313246,https://x.com/AmericanAir/status/1851681135115313246,Wed Oct 30 17:42:39 +0000 2024,"We're celebrating our largest international hub in style as the official airline sponsor of this year's Latin GRAMMY Awards®, which will take place in Miami. Music is part of la Hispanidad, or Latinos’ culture identity, and we are proud to showcase how it connects families and wanderlusters to countries and cities across Latin America. https://t.co/HN4kRXE10E",1,1,coder1
wendys_all_h1_00100,batch1_fortune100,20260618expand/classifier_improvement/data/human_labeling_template/coder_splits/coder1_labeling_template.csv,UnitedHealth Group,1644331216034824193,https://x.com/UnitedHealthGrp/status/1644331216034824193,Fri Apr 07 13:28:06 +0000 2023,"See how we're working with @RainbowHealthMN to help every person, regardless of race, place, or circumstance, live their healthiest life: https://t.co/ZJwzBx1A12 https://t.co/zNFv9twoMG",1,1,coder1
wendys_all_h1_00101,batch1_fortune100,20260618expand/classifier_improvement/data/human_labeling_template/coder_splits/coder1_labeling_template.csv,Kroger,1040305365433364480,https://x.com/kroger/status/1040305365433364480,Thu Sep 13 18:25:01 +0000 2018,This is a souper awesome spin on the Japanese classic and a great way to use the leftover broth from other recipes. Recipe: https://t.co/TvqF5evkkc #FamilyMealsMonth #ZeroHungerZeroWaste https://t.co/9DJDdrLpjK,1,1,coder1
wendys_all_h1_00102,batch1_fortune100,20260618expand/classifier_improvement/data/human_labeling_template/coder_splits/coder1_labeling_template.csv,AT&T,2052583778573340817,https://x.com/ATT/status/2052583778573340817,Fri May 08 02:58:02 +0000 2026,Week 1 @ATT Annihilator Cup Call of Duty champions with the sqaud.🕺 @HutchMF @yvonnie @theburntpeanut @Doublelift1,0,0,coder1
wendys_all_h1_00103,batch1_fortune100,20260618expand/classifier_improvement/data/human_labeling_template/coder_splits/coder1_labeling_template.csv,Oracle,1976286529254240350,https://x.com/oracle/status/1976286529254240350,Thu Oct 09 14:00:00 +0000 2025,Behind every high-speed lap is a high-performance partnership. Join @redbullracing in Las Vegas next week for Oracle AI World. #AIWorld https://t.co/jcYPZQU8PR https://t.co/g7icmQQieJ,1,1,coder1
wendys_all_h1_00104,batch1_fortune100,20260618expand/classifier_improvement/data/human_labeling_template/coder_splits/coder1_labeling_template.csv,Centene,1823803525534511124,https://x.com/centene/status/1823803525534511124,Wed Aug 14 19:26:59 +0000 2024,"Centene is committed to eliminating barriers to health. Last week, Centene Foundation, @littlebitSTL and other community organizations collaborated on solutions to promote school attendance and meet the needs of under-resourced children. #STL https://t.co/ITNQO8vgIQ",1,1,coder1
wendys_all_h1_00105,batch1_fortune100,20260618expand/classifier_improvement/data/human_labeling_template/coder_splits/coder1_labeling_template.csv,Walt Disney,1859883769664266533,https://x.com/Disney/status/1859883769664266533,Fri Nov 22 08:57:00 +0000 2024,"The stars, filmmakers, and some of the biggest fans of #Moana2 celebrated going beyond the reef at the world premiere in O'ahu! 🌺🪝🌊",1,1,coder1
wendys_all_h1_00106,batch1_fortune100,20260618expand/classifier_improvement/data/human_labeling_template/coder_splits/coder1_labeling_template.csv,MetLife,1514211804594987012,https://x.com/metlife/status/1514211804594987012,Wed Apr 13 12:00:01 +0000 2022,"From richer benefits to work-life balance, workers want more. Learn how a focus on the whole employee can help you. https://t.co/992cxHHiT2 #MetLifeBenefitTrends2022 #BenefitTrends https://t.co/ARVs8pfSZ3",1,1,coder1
wendys_all_h1_00107,batch1_fortune100,20260618expand/classifier_improvement/data/human_labeling_template/coder_splits/coder1_labeling_template.csv,Walt Disney,1962148384476721580,https://x.com/Disney/status/1962148384476721580,Sun Aug 31 13:40:04 +0000 2025,It's what we live for: collectibles like these 🫧 A new collectible Ursula doll by Mattel arrives September 8 🖤💜 https://t.co/SRywQNZi09 https://t.co/klsHXGgzWN,1,1,coder1
wendys_all_h1_00108,batch1_fortune100,20260618expand/classifier_improvement/data/human_labeling_template/coder_splits/coder1_labeling_template.csv,Johnson & Johnson,1617907617367560192,https://x.com/JNJNews/status/1617907617367560192,Tue Jan 24 15:30:09 +0000 2023,"Joe Wolk, Executive Vice President and Chief Financial Officer, #JNJ, on J&amp;J’s Q4 2022 #earnings and full-year financial performance. https://t.co/D0Y3P0P6z2",0,0,coder1
wendys_all_h1_00109,batch1_fortune100,20260618expand/classifier_improvement/data/human_labeling_template/coder_splits/coder1_labeling_template.csv,Lockheed Martin,1908112445068988677,https://x.com/lockheedmartin/status/1908112445068988677,Fri Apr 04 11:00:32 +0000 2025,"Thumbs up for securing America's skies 👍🇺🇸 3,100+ F-16s in 28 countries demand peace though strength around the clock. https://t.co/lFX2topuo7",1,1,coder1
wendys_all_h1_00110,batch1_fortune100,20260618expand/classifier_improvement/data/human_labeling_template/coder_splits/coder1_labeling_template.csv,Exxon Mobil,1214184851517181953,https://x.com/exxonmobil/status/1214184851517181953,Mon Jan 06 14:00:01 +0000 2020,"Enter the quantum decade with #IBMQuantum's @dariogila and experts from @exxonmobil, @Daimler at #CES2020 and via live stream: https://t.co/sljzE7qpEf https://t.co/0aBhiMwDz3",0,0,coder1
wendys_all_h1_00111,batch1_fortune100,20260618expand/classifier_improvement/data/human_labeling_template/coder_splits/coder1_labeling_template.csv,Tesla,2036952504878194991,https://x.com/tesla/status/2036952504878194991,Wed Mar 25 23:44:56 +0000 2026,❤️,0,0,coder1
wendys_all_h1_00112,batch1_fortune100,20260618expand/classifier_improvement/data/human_labeling_template/coder_splits/coder1_labeling_template.csv,Home Depot,763025158986690560,https://x.com/HDCares/status/763025158986690560,Tue Aug 09 14:52:28 +0000 2016,@BrockSells Pls confirm the email address you sent the email from so we can confirm receipt of your email. -TeamCare,0,0,coder1
wendys_all_h1_00113,batch1_fortune100,20260618expand/classifier_improvement/data/human_labeling_template/coder_splits/coder1_labeling_template.csv,TD Synnex,1539326777742528512,https://x.com/tdsynnex/status/1539326777742528512,Tue Jun 21 19:17:57 +0000 2022,"Last Sunday, we sponsored the 10-year anniversary concert for Barcelona's English Choir in Spain. It was an incredible evening! Thanks to all of those who attended and volunteered to make it possible. #WeAreTDSYNNEX https://t.co/zgFIw0y4FO",1,1,coder1
wendys_all_h1_00114,batch1_fortune100,20260618expand/classifier_improvement/data/human_labeling_template/coder_splits/coder1_labeling_template.csv,Humana,1590773788806975500,https://x.com/humana/status/1590773788806975500,Thu Nov 10 18:30:01 +0000 2022,Humana members with questions about services available to them should call the toll-free phone number on the back of their Humana ID card. More information and additional resources can be found here → https://t.co/1RUBBPEbmA,0,0,coder1
wendys_all_h1_00115,batch1_fortune100,20260618expand/classifier_improvement/data/human_labeling_template/coder_splits/coder1_labeling_template.csv,Nationwide,1733624348504707443,https://x.com/nationwide/status/1733624348504707443,Sat Dec 09 23:07:08 +0000 2023,FINAL. WHISTLE.,1,1,coder1
wendys_all_h1_00116,batch1_fortune100,20260618expand/classifier_improvement/data/human_labeling_template/coder_splits/coder1_labeling_template.csv,General Dynamics,1531709290108567555,https://x.com/generaldynamics/status/1531709290108567555,Tue May 31 18:48:47 +0000 2022,"RT @GDBIW: “The best prepared win, the second best prepared lose and by God the Barnum is going to be the best prepared,” said DDG 124 name…",1,1,coder1
wendys_all_h1_00117,batch1_fortune100,20260618expand/classifier_improvement/data/human_labeling_template/coder_splits/coder1_labeling_template.csv,Cigna Group,1653470981770424320,https://x.com/Cigna/status/1653470981770424320,Tue May 02 18:46:16 +0000 2023,Did you know mental health conditions can intensify physical health symptoms and even double or triple health care costs?Employers can curtail these costs with integrated health benefits to provide a more holistic care experience. https://t.co/5h7Iy7h5sn #CignaNews https://t.co/PZJ5kqMhBh,0,0,coder1
wendys_all_h1_00118,batch1_fortune100,20260618expand/classifier_improvement/data/human_labeling_template/coder_splits/coder1_labeling_template.csv,Target,1450852993495191560,https://x.com/target/status/1450852993495191560,Wed Oct 20 15:54:43 +0000 2021,"Joe would think the self-checkout machine is flirting with him, tbh",1,1,coder1
wendys_all_h1_00119,batch1_fortune100,20260618expand/classifier_improvement/data/human_labeling_template/coder_splits/coder1_labeling_template.csv,Walt Disney,1892982628833485011,https://x.com/Disney/status/1892982628833485011,Fri Feb 21 17:00:03 +0000 2025,"In ONE MONTH, return to the magical story that started it all 🍎✨ Experience Disney’s #SnowWhite only in theaters March 21. https://t.co/RAyPgDwFm4",1,1,coder1
wendys_all_h1_00120,batch1_fortune100,20260618expand/classifier_improvement/data/human_labeling_template/coder_splits/coder1_labeling_template.csv,Johnson & Johnson,1319684631696936961,https://x.com/JNJNews/status/1319684631696936961,Fri Oct 23 16:58:29 +0000 2020,RT @healthevoices: From how they found their purpose to how they attracted a digital audience on #socialmedia – the #HealtheVoicesHCP Advis…,0,0,coder1
wendys_all_h1_00121,batch1_fortune100,20260618expand/classifier_improvement/data/human_labeling_template/coder_splits/coder1_labeling_template.csv,PepsiCo,1486776066551205896,https://x.com/pepsico/status/1486776066551205896,Thu Jan 27 19:00:11 +0000 2022,Looking for delicious drinks with low or no added sugars? See some of the options we’ve created around the world! 🌍 https://t.co/CMCrKVbeQc,1,1,coder1
wendys_all_h1_00122,batch1_fortune100,20260618expand/classifier_improvement/data/human_labeling_template/coder_splits/coder1_labeling_template.csv,Enterprise Products Partners,1680021465280942080,https://x.com/EProd_Careers/status/1680021465280942080,Sat Jul 15 01:08:25 +0000 2023,"If you’re ready to start a new career in Seminole, TX, the Enterprise Products team awaits you. Click here to learn more about this fantastic opportunity. https://t.co/mTDpni5NE8 #TechnicianJobs",1,1,coder1
wendys_all_h1_00123,batch1_fortune100,20260618expand/classifier_improvement/data/human_labeling_template/coder_splits/coder1_labeling_template.csv,Ingram Micro Holding,2005745023174992062,https://x.com/IngramMicroInc/status/2005745023174992062,Mon Dec 29 20:57:33 +0000 2025,"Proud moment for Ingram Micro India! Honored with 3 awards at the HPE Top Partners Meet 2025 in Udaipur: Best Region FY’25, Top Volume Promotion Distributor FY’24 and Top Distributor for Driving DX FY’24. Thank you to @HPE and our team for making this possible! #IngramMicro https://t.co/jGJ3QaXIvJ",1,1,coder1
wendys_all_h1_00124,batch1_fortune100,20260618expand/classifier_improvement/data/human_labeling_template/coder_splits/coder1_labeling_template.csv,Nike,2058548585306759361,https://x.com/nike/status/2058548585306759361,Sun May 24 14:00:03 +0000 2026,This player became the youngest man in history to complete the Career Grand Slam. Who is he? https://t.co/KM8EjBH7BF,1,1,coder1
wendys_all_h1_00125,batch1_fortune100,20260618expand/classifier_improvement/data/human_labeling_template/coder_splits/coder1_labeling_template.csv,TJX,773589780412112896,https://x.com/tjmaxx/status/773589780412112896,Wed Sep 07 18:32:30 +0000 2016,@swiftbaIIerini Thanks for reaching out about this. Please give Customer Service a call at 1-800-926-6299 M-F between 9-6EST.,0,0,coder1
wendys_all_h1_00126,batch1_fortune100,20260618expand/classifier_improvement/data/human_labeling_template/coder_splits/coder1_labeling_template.csv,General Dynamics,1536381770958004224,https://x.com/generaldynamics/status/1536381770958004224,Mon Jun 13 16:15:33 +0000 2022,RT @GDBIW: The men &amp; women of General Dynamics Bath Iron Works are honored to be the builder of the future USS J. William Middendorf. Amb.…,1,1,coder1
wendys_all_h1_00127,batch1_fortune100,20260618expand/classifier_improvement/data/human_labeling_template/coder_splits/coder1_labeling_template.csv,Walt Disney,1898437297885823429,https://x.com/Disney/status/1898437297885823429,Sat Mar 08 18:14:57 +0000 2025,"Walt Disney Imagineering shares a new look at the Monsters, Inc. coaster loading area and first-ever vertical lift that will hoist riders in the air like never before as they zoom into the door vault! https://t.co/9Rwf0YtRGX 🚪🎢 #SXSW https://t.co/fnTaDIA6AR",1,1,coder1
wendys_all_h1_00128,batch1_fortune100,20260618expand/classifier_improvement/data/human_labeling_template/coder_splits/coder1_labeling_template.csv,Phillips 66,1422950455806763013,https://x.com/Phillips66co/status/1422950455806763013,Wed Aug 04 16:00:00 +0000 2021,"The growth of knotweed over the years has been dangerous to the environment, particularly in the Skagit Watershed area. That’s why we’re teaming up with Skagit Fisheries to help eradicate any knotweed in the area. Head to the link to learn more: https://t.co/6T1by9GyIj",1,1,coder1
wendys_all_h1_00129,batch1_fortune100,20260618expand/classifier_improvement/data/human_labeling_template/coder_splits/coder1_labeling_template.csv,Publix Super Markets,1937556327464603941,https://x.com/Publix/status/1937556327464603941,Tue Jun 24 17:00:01 +0000 2025,Did your wedding have a #Publix cake? We want to see it! 🎂,1,1,coder1
wendys_all_h1_00130,batch1_fortune100,20260618expand/classifier_improvement/data/human_labeling_template/coder_splits/coder1_labeling_template.csv,Archer Daniels Midland,1364225093996453898,https://x.com/ADMupdates/status/1364225093996453898,Tue Feb 23 14:46:23 +0000 2021,"Thank you to @ethisphere, for naming us as one of the #WorldsMostEthicalCompanies again. We're extremely proud to be recognized for our commitment to ethical business practices, transparency and corporate citizenship: https://t.co/RocSfjdPjE https://t.co/lxf0SgRWlY",0,0,coder1
wendys_all_h1_00131,batch1_fortune100,20260618expand/classifier_improvement/data/human_labeling_template/coder_splits/coder1_labeling_template.csv,Enterprise Products Partners,1680270719291396096,https://x.com/EProd_Careers/status/1680270719291396096,Sat Jul 15 17:38:52 +0000 2023,Enterprise Products is an organization rich in energy-related opportunities. Could this one be right for you? Click here to find out. https://t.co/mZC98rEIW6 #PlantOperator,1,1,coder1
wendys_all_h1_00132,batch1_fortune100,20260618expand/classifier_improvement/data/human_labeling_template/coder_splits/coder1_labeling_template.csv,AbbVie,1904878912229818714,https://x.com/abbvie/status/1904878912229818714,Wed Mar 26 12:51:38 +0000 2025,"[Video description: On-screen text reads, “Oncology News.”]",0,0,coder1
wendys_all_h1_00133,batch1_fortune100,20260618expand/classifier_improvement/data/human_labeling_template/coder_splits/coder1_labeling_template.csv,General Dynamics,1585648039255019520,https://x.com/generaldynamics/status/1585648039255019520,Thu Oct 27 15:02:07 +0000 2022,"As a tribute to President Theodore Roosevelt, an avid supporter of the Navy, Navy Day is recognized on October 27th to salute sailors for their time serving in the Navy. It was later determined that the Navy was established on October 13th, so both holidays are celebrated. https://t.co/ZAhIa3lMH0",1,1,coder1
wendys_all_h1_00134,batch1_fortune100,20260618expand/classifier_improvement/data/human_labeling_template/coder_splits/coder1_labeling_template.csv,Nationwide,1756855653782491155,https://x.com/nationwide/status/1756855653782491155,Mon Feb 12 01:40:03 +0000 2024,She rocked that! 🎸,1,1,coder1
wendys_all_h1_00135,batch1_fortune100,20260618expand/classifier_improvement/data/human_labeling_template/coder_splits/coder1_labeling_template.csv,Tesla,2047125344826826806,https://x.com/tesla/status/2047125344826826806,Thu Apr 23 01:28:10 +0000 2026,"FSD 14.3.2 feels very gentle the way it backs out, the way it drives like you’re being cradled",1,1,coder1
wendys_all_h1_00136,batch1_fortune100,20260618expand/classifier_improvement/data/human_labeling_template/coder_splits/coder1_labeling_template.csv,American Express,1532756195638902785,https://x.com/americanexpress/status/1532756195638902785,Fri Jun 03 16:08:48 +0000 2022,"The first-ever @AmericanExpress Food Village at the #USWomensOpen features three local, woman-owned favorites from the Southern Pines community. If you’re at @PineNeedlesGolf this week, make sure to grab a bite like @HallyLead! #ShopSmall https://t.co/YaJJF0F6QF",1,1,coder1
wendys_all_h1_00137,batch1_fortune100,20260618expand/classifier_improvement/data/human_labeling_template/coder_splits/coder1_labeling_template.csv,USAA,1868030324271378767,https://x.com/usaa/status/1868030324271378767,Sat Dec 14 20:28:30 +0000 2024,Army predictions: First to the tailgate. Second to sing. #GoArmy #ArmyNavy https://t.co/am8Xcdl9rD,1,1,coder1
wendys_all_h1_00138,batch1_fortune100,20260618expand/classifier_improvement/data/human_labeling_template/coder_splits/coder1_labeling_template.csv,Citigroup,1846206383961563321,https://x.com/Citi/status/1846206383961563321,Tue Oct 15 15:07:57 +0000 2024,"“In Markets, revenues were up slightly on the back of a better-than-expected September.” – Jane Fraser, CEO More information: https://t.co/a5qKCalzzc https://t.co/s1M6QHby0N",0,0,coder1
wendys_all_h1_00139,batch1_fortune100,20260618expand/classifier_improvement/data/human_labeling_template/coder_splits/coder1_labeling_template.csv,Uber Technologies,1967569061791117348,https://x.com/Uber/status/1967569061791117348,Mon Sep 15 12:39:54 +0000 2025,Tokyo this month? Say less. Use Uber Taxi for your upcoming trip to Japan 🇯🇵 https://t.co/kjg0YfvzIc,1,1,coder1
wendys_all_h1_00140,batch1_fortune100,20260618expand/classifier_improvement/data/human_labeling_template/coder_splits/coder1_labeling_template.csv,TD Synnex,1517509644230569984,https://x.com/tdsynnex/status/1517509644230569984,Fri Apr 22 14:24:27 +0000 2022,"On behalf of all of us at TD SYNNEX, Happy #EarthDay! Learn more about this year's theme, #InvestInOurPlanet, and how one by one, we can all build a healthier planet: https://t.co/SgFvbCe0qf https://t.co/5jbsDtgtYs",1,1,coder1
wendys_all_h1_00141,batch1_fortune100,20260618expand/classifier_improvement/data/human_labeling_template/coder_splits/coder1_labeling_template.csv,Kroger,1317202478086184960,https://x.com/kroger/status/1317202478086184960,Fri Oct 16 20:35:17 +0000 2020,I’ve learned you humans like to...roast each other on Twitter? I prefer roasting a chicken in the kitchen. With lemon and olive oil. https://t.co/wUZylxjtik,1,1,coder1
wendys_all_h1_00142,batch1_fortune100,20260618expand/classifier_improvement/data/human_labeling_template/coder_splits/coder1_labeling_template.csv,Tesla,2020895331613839748,https://x.com/tesla/status/2020895331613839748,Mon Feb 09 16:19:28 +0000 2026,"NEWS: Tesla has overtaken Toyota to become France’s most reliable car brand, as per a new nationwide reliability ranking published by Auto Plus magazine. https://t.co/ivSYpT0clm",1,1,coder1
wendys_all_h1_00143,batch1_fortune100,20260618expand/classifier_improvement/data/human_labeling_template/coder_splits/coder1_labeling_template.csv,Microsoft,1904209092161286218,https://x.com/microsoft/status/1904209092161286218,Mon Mar 24 16:30:00 +0000 2025,"Universities are turning the tide against cybercrime by leveraging the skills of their own students, who gain hands-on experience in security operations centers (SOCs) while defending their institutions. Win + win. https://t.co/81MWGyH00s",1,1,coder1
wendys_all_h1_00144,batch1_fortune100,20260618expand/classifier_improvement/data/human_labeling_template/coder_splits/coder1_labeling_template.csv,Energy Transfer,1979235375936676276,https://x.com/energytransfer/status/1979235375936676276,Fri Oct 17 17:17:40 +0000 2025,RT @TXforNatGas: U.S. #oilandgas producers — especially in Texas — are proving that rising energy demand can be met responsibly. The latest…,1,1,coder1
wendys_all_h1_00145,batch1_fortune100,20260618expand/classifier_improvement/data/human_labeling_template/coder_splits/coder1_labeling_template.csv,JPMorgan Chase,1617629556508364802,https://x.com/jpmorgan/status/1617629556508364802,Mon Jan 23 21:05:15 +0000 2023,The globe's 🌎 top players go head-to-head under the chandeliers at Grand Central Terminal for @ToCSquash. #ToC2023 https://t.co/68d3rnDxwL,1,1,coder1
wendys_all_h1_00146,batch1_fortune100,20260618expand/classifier_improvement/data/human_labeling_template/coder_splits/coder1_labeling_template.csv,Cisco Systems,1887865935312146449,https://x.com/Cisco/status/1887865935312146449,Fri Feb 07 14:08:08 +0000 2025,- Driving efficiency - Reducing costs – Boosting competitiveness with #sustainable tech. Learn how we're are making an impact that help businesses as well as the planet.🌍 https://t.co/dmrrXHvGpA https://t.co/E66LWe7wux,1,1,coder1
wendys_all_h1_00147,batch1_fortune100,20260618expand/classifier_improvement/data/human_labeling_template/coder_splits/coder1_labeling_template.csv,Prudential Financial,1509177148724195340,https://x.com/Prudential/status/1509177148724195340,Wed Mar 30 14:34:06 +0000 2022,Prudential's sponsorship of @USAClimbing has helped the sport further its advancements in access and equity for everyone. Join us in celebrating #WomensHistoryMonth as coach Claire Gordon describes how those accomplishments are changing the culture of #sportclimbing. https://t.co/zevaCfoBSH,1,1,coder1
wendys_all_h1_00148,batch1_fortune100,20260618expand/classifier_improvement/data/human_labeling_template/coder_splits/coder1_labeling_template.csv,USAA,1923505189543199103,https://x.com/usaa/status/1923505189543199103,Fri May 16 22:25:48 +0000 2025,"Armed Forces Day is an acknowledgement of all members currently serving in the U.S. military. We are grateful for your service, sacrifice and commitment to protecting our freedom. #ArmedForcesDay2025 #MilitaryAppreciation https://t.co/n4QUJEYgaO",1,1,coder1
wendys_all_h1_00149,batch1_fortune100,20260618expand/classifier_improvement/data/human_labeling_template/coder_splits/coder1_labeling_template.csv,Morgan Stanley,1568962574061903872,https://x.com/morganstanley/status/1568962574061903872,Sun Sep 11 14:00:02 +0000 2022,"Join us today for a moment of silence as we remember and honor the colleagues, friends, neighbors, first responders and so many more who lost their lives 21 years ago. https://t.co/7k2sDCNKWA",0,0,coder1
wendys_all_h1_00150,batch1_fortune100,20260618expand/classifier_improvement/data/human_labeling_template/coder_splits/coder1_labeling_template.csv,Humana,1704918491571138795,https://x.com/humana/status/1704918491571138795,Thu Sep 21 18:00:18 +0000 2023,"Just what the Dr. ordered—a dose of fun. Millions of people across the country, including seniors like Jerry ""Dr. J"" Brinegar, find themselves drawn to pickleball. This low-impact, high-energy sport is easy to learn and a great way to stay active at any age. https://t.co/tGqPlAex2b",1,1,coder1
wendys_all_h1_00151,batch1_fortune100,20260618expand/classifier_improvement/data/human_labeling_template/coder_splits/coder1_labeling_template.csv,Merck,1370119419280646144,https://x.com/merck/status/1370119419280646144,Thu Mar 11 21:08:19 +0000 2021,RT @JNJNews: #JNJ is honored to collaborate with @Merck and the Biden Administration to ramp up production and manufacturing of the Johnson…,0,0,coder1
wendys_all_h1_00152,batch1_fortune100,20260618expand/classifier_improvement/data/human_labeling_template/coder_splits/coder1_labeling_template.csv,USAA,1752059351378899308,https://x.com/usaa/status/1752059351378899308,Mon Jan 29 20:01:15 +0000 2024,"Last week, we invited Zach Collins of the San Antonio Spurs to Joint Base San Antonio’s Medical and Education Training Campus (METC). Zach got a first-hand look at a combat trauma patient simulator lab &amp; assisted with a mock laparoscopic surgery in the operating room. #GoSpursGo https://t.co/0ioarudnb3",0,0,coder1
wendys_all_h1_00153,batch1_fortune100,20260618expand/classifier_improvement/data/human_labeling_template/coder_splits/coder1_labeling_template.csv,Kroger,1367852425244274690,https://x.com/kroger/status/1367852425244274690,Fri Mar 05 15:00:06 +0000 2021,Remix your leftover roasted veggies into something delicious just like @AshleyRodriguez’s Creamy Vegetable Soup recipe 😋 Click here for more recipe ideas: https://t.co/f4KiCTZdcH #mealplanning #leftovers https://t.co/LjHL4htL4c,1,1,coder1
wendys_all_h1_00154,batch1_fortune100,20260618expand/classifier_improvement/data/human_labeling_template/coder_splits/coder1_labeling_template.csv,Cisco Systems,2057810710063698012,https://x.com/Cisco/status/2057810710063698012,Fri May 22 13:08:00 +0000 2026,"Learn how The Cisco Foundation Regenerative Future Fund is supporting two early-stage biochar companies that are transforming waste, protecting water, and building more resilient communities. https://t.co/SV7IgmbBu7 https://t.co/JOOP4IL3tT",0,0,coder1
wendys_all_h1_00155,batch1_fortune100,20260618expand/classifier_improvement/data/human_labeling_template/coder_splits/coder1_labeling_template.csv,Target,1357735803384922114,https://x.com/target/status/1357735803384922114,Fri Feb 05 17:00:15 +0000 2021,"Enjoy two Mario adventures solo or with your friends and family! Purchase the Super Mario 3D World + Bowser’s Fury game for the Nintendo Switch system on 2/12 in stores and receive a free &amp; exclusive Reusable Water Bottle, only at Target! https://t.co/r19ZxjLSFL https://t.co/D0dMGtFjaP",1,1,coder1
wendys_all_h1_00156,batch1_fortune100,20260618expand/classifier_improvement/data/human_labeling_template/coder_splits/coder1_labeling_template.csv,Cardinal Health,1620900918622396427,https://x.com/cardinalhealth/status/1620900918622396427,Wed Feb 01 21:44:28 +0000 2023,"1 in 5 #Medicare beneficiaries have #diabetes, yet many currently face coverage gaps for continuous glucose monitors. Here’s how we’re advocating for expanding coverage and increasing access across-the-board: https://t.co/8kKK6Jm5tS https://t.co/zsaWMtrwIF",0,0,coder1
wendys_all_h1_00157,batch1_fortune100,20260618expand/classifier_improvement/data/human_labeling_template/coder_splits/coder1_labeling_template.csv,Elevance Health,1570825431003037700,https://x.com/elevancehealth/status/1570825431003037700,Fri Sep 16 17:22:21 +0000 2022,"In response to the findings and to support maternal health, we've formed partnerships with local organizations and committed to investing up to $30 million through @ElevanceFND over the next three years. ➡️ https://t.co/JmnPO6B6V3 https://t.co/GLN5XrFqU7",0,0,coder1
wendys_all_h1_00158,batch1_fortune100,20260618expand/classifier_improvement/data/human_labeling_template/coder_splits/coder1_labeling_template.csv,Elevance Health,1516874753075732481,https://x.com/elevancehealth/status/1516874753075732481,Wed Apr 20 20:21:37 +0000 2022,"@AnthemInc is committed to addressing the social drivers of health, like food insecurity. Anthem volunteers recently joined with @IndyMayorJoe, @IndianaFever &amp; others to dedicate a new food pantry and garden at an Indianapolis Public School. https://t.co/yCuspYCHz2",0,0,coder1
wendys_all_h1_00159,batch1_fortune100,20260618expand/classifier_improvement/data/human_labeling_template/coder_splits/coder1_labeling_template.csv,Ingram Micro Holding,2056767365841637558,https://x.com/IngramMicroInc/status/2056767365841637558,Tue May 19 16:02:07 +0000 2026,"Anyone can move boxes. We go further. With 40+ years of executional experience, Ingram Micro handles the full product lifecycle—from fulfillment and returns to repair and IT asset recovery. Learn more: https://t.co/ukZhKq38xF #IngramMicro https://t.co/5swJlpgYnB",1,1,coder1
wendys_all_h1_00160,batch1_fortune100,20260618expand/classifier_improvement/data/human_labeling_template/coder_splits/coder1_labeling_template.csv,UPS,1984621448497869027,https://x.com/ups/status/1984621448497869027,Sat Nov 01 14:00:00 +0000 2025,The difference a day makes... 🎃🎄 https://t.co/zy2EhsiVBE,1,1,coder1
wendys_all_h1_00161,batch1_fortune100,20260618expand/classifier_improvement/data/human_labeling_template/coder_splits/coder1_labeling_template.csv,Fannie Mae,1826291934349971769,https://x.com/fanniemae/status/1826291934349971769,Wed Aug 21 16:15:02 +0000 2024,"Despite the recent decline in mortgage rates, our economists expect total home sales to remain sluggish as many consumers hold out for improved affordability. Read the ESR Group’s latest Economic and Housing Outlook here: https://t.co/raveRHZSSt https://t.co/yquTKDfkSt",0,0,coder1
wendys_all_h1_00162,batch1_fortune100,20260618expand/classifier_improvement/data/human_labeling_template/coder_splits/coder1_labeling_template.csv,HCA Healthcare,1760812607882063928,https://x.com/hcahealthcare/status/1760812607882063928,Thu Feb 22 23:43:34 +0000 2024,We're proud to announce HCA Healthcare’s Sarah Cannon Cancer Institute (SCCI) has successfully established an integrated management process that safely transitioned more than 75% of HCA Healthcare's CAR T-cell therapy patients into an outpatient setting for monitoring.,0,0,coder1
wendys_all_h1_00163,batch1_fortune100,20260618expand/classifier_improvement/data/human_labeling_template/coder_splits/coder1_labeling_template.csv,General Dynamics,1599847054582611968,https://x.com/generaldynamics/status/1599847054582611968,Mon Dec 05 19:23:56 +0000 2022,RT @GulfstreamAero: Do you know why your body feels tired after flying on most aircraft? #SoundOn to learn how the Gulfstream cabin environ…,1,1,coder1
wendys_all_h1_00164,batch1_fortune100,20260618expand/classifier_improvement/data/human_labeling_template/coder_splits/coder1_labeling_template.csv,Progressive,1850977951950795250,https://x.com/progressive/status/1850977951950795250,Mon Oct 28 19:08:27 +0000 2024,Turning into your parents is like the house that hands out raisins at #Halloween: to be avoided at all costs. #DrRick https://t.co/PyFY5TBQBs,1,1,coder1
wendys_all_h1_00165,batch1_fortune100,20260618expand/classifier_improvement/data/human_labeling_template/coder_splits/coder1_labeling_template.csv,Comcast,2010731074444558467,https://x.com/comcast/status/2010731074444558467,Mon Jan 12 15:10:20 +0000 2026,"RT @NBCOlympics: The hero’s journey began in Ancient Greece, and will continue in Milan Cortina. The #WinterOlympics start February 6 on N…",1,1,coder1
wendys_all_h1_00166,batch1_fortune100,20260618expand/classifier_improvement/data/human_labeling_template/coder_splits/coder1_labeling_template.csv,Bank of America,1726280506432778320,https://x.com/bankofamerica/status/1726280506432778320,Sun Nov 19 16:45:20 +0000 2023,"When it comes to handling your business finances, where do you seek guidance the most?",0,0,coder1
wendys_all_h1_00167,batch1_fortune100,20260618expand/classifier_improvement/data/human_labeling_template/coder_splits/coder1_labeling_template.csv,Kroger,1119235910418219008,https://x.com/kroger/status/1119235910418219008,Fri Apr 19 13:46:50 +0000 2019,Of course we have a favorite #Krogering bag! How about you? 🛍,1,1,coder1
wendys_all_h1_00168,batch1_fortune100,20260618expand/classifier_improvement/data/human_labeling_template/coder_splits/coder1_labeling_template.csv,AbbVie,1950897443224347042,https://x.com/abbvie/status/1950897443224347042,Thu Jul 31 12:32:51 +0000 2025,"[Video description: AbbVie logo followed by graph animations, with text reading, ""Q2 2025 Financial Results.""]",0,0,coder1
wendys_all_h1_00169,batch1_fortune100,20260618expand/classifier_improvement/data/human_labeling_template/coder_splits/coder1_labeling_template.csv,Cisco Systems,1978568564329062459,https://x.com/Cisco/status/1978568564329062459,Wed Oct 15 21:08:00 +0000 2025,"For the 5th year in a row, Cisco is the #1 pure B2B brand globally, according to Interbrand's 2025 Best Global Brands Report! 🎉 https://t.co/47HTiTjztT",0,0,coder1
wendys_all_h1_00170,batch1_fortune100,20260618expand/classifier_improvement/data/human_labeling_template/coder_splits/coder1_labeling_template.csv,IBM,2046349314394353859,https://x.com/ibm/status/2046349314394353859,Mon Apr 20 22:04:30 +0000 2026,DYK @IBM won the 2026 Adobe Customer Experience Orchestration AI Technology Partner of the Year award and @ibmconsulting Western Europe was named the 2026 Adobe CXO Partner of the Year. https://t.co/UAHmWGGXVq Attending #AdobeSummit? Congratulate the team. See you there. https://t.co/l9tvP2DU80,1,1,coder1
wendys_all_h1_00171,batch1_fortune100,20260618expand/classifier_improvement/data/human_labeling_template/coder_splits/coder1_labeling_template.csv,Energy Transfer,2049519829900480814,https://x.com/energytransfer/status/2049519829900480814,Wed Apr 29 16:03:00 +0000 2026,The Stanley Cup playoffs are here and the game does not happen without #oilandgas 🏒🏆 https://t.co/rgaiApSk5z,1,1,coder1
wendys_all_h1_00172,batch1_fortune100,20260618expand/classifier_improvement/data/human_labeling_template/coder_splits/coder1_labeling_template.csv,Albertsons,1435241446936924163,https://x.com/albertsons/status/1435241446936924163,Tue Sep 07 14:00:01 +0000 2021,Hey students — who’s on the countdown to winter break? 😂,1,1,coder1
wendys_all_h1_00173,batch1_fortune100,20260618expand/classifier_improvement/data/human_labeling_template/coder_splits/coder1_labeling_template.csv,Oracle,1968298940941365417,https://x.com/oracle/status/1968298940941365417,Wed Sep 17 13:00:11 +0000 2025,"When we said AI, cloud, security, multicloud, and success, the @8x8 team shared their unfiltered reactions—and gave us a look into how they define success in the digital era. Watch the full video 👇 https://t.co/9vrbGkPHAc",1,1,coder1
wendys_all_h1_00174,batch1_fortune100,20260618expand/classifier_improvement/data/human_labeling_template/coder_splits/coder1_labeling_template.csv,United Airlines Holdings,1754347053021618316,https://x.com/united/status/1754347053021618316,Mon Feb 05 03:31:46 +0000 2024,Desert drip. https://t.co/7NaITa3id1,1,1,coder1
wendys_all_h1_00175,batch1_fortune100,20260618expand/classifier_improvement/data/human_labeling_template/coder_splits/coder1_labeling_template.csv,AT&T,1694002694027891187,https://x.com/ATT/status/1694002694027891187,Tue Aug 22 15:04:49 +0000 2023,Congrats to the inaugural Leagues Cup champions.🏆 https://t.co/l1oNsVyg6F,0,0,coder1
wendys_all_h1_00176,batch1_fortune100,20260618expand/classifier_improvement/data/human_labeling_template/coder_splits/coder1_labeling_template.csv,MetLife,1597965547081465856,https://x.com/metlife/status/1597965547081465856,Wed Nov 30 14:47:29 +0000 2022,"""This conference speaks to who we are at MetLife. I am proud to work for a company that is highly committed to the advancement of women in STEM,"" Bill Pappas, Head of Tech &amp; Ops on why the #TTX2022 is important.",0,0,coder1
wendys_all_h1_00177,batch1_fortune100,20260618expand/classifier_improvement/data/human_labeling_template/coder_splits/coder1_labeling_template.csv,Lockheed Martin,1912160123453157786,https://x.com/lockheedmartin/status/1912160123453157786,Tue Apr 15 15:04:34 +0000 2025,Watch the full tour here: https://t.co/AYcCXw0EuE,0,0,coder1
wendys_all_h1_00178,batch1_fortune100,20260618expand/classifier_improvement/data/human_labeling_template/coder_splits/coder1_labeling_template.csv,Home Depot,1679113532506361871,https://x.com/homedepot/status/1679113532506361871,Wed Jul 12 13:00:37 +0000 2023,"Honestly, this scares even us. https://t.co/Lky1GMQaOl",1,1,coder1
wendys_all_h1_00179,batch1_fortune100,20260618expand/classifier_improvement/data/human_labeling_template/coder_splits/coder1_labeling_template.csv,Amazon,1972714545337745877,https://x.com/amazon/status/1972714545337745877,Mon Sep 29 17:26:13 +0000 2025,🏀 25 days until the @NBA tips off on @PrimeVideo. You ready? 🤩 https://t.co/0GXUjtje3k,1,1,coder1
wendys_all_h1_00180,batch1_fortune100,20260618expand/classifier_improvement/data/human_labeling_template/coder_splits/coder1_labeling_template.csv,Caterpillar,1677414726563684360,https://x.com/CaterpillarInc/status/1677414726563684360,Fri Jul 07 20:30:10 +0000 2023,The final buzzer has sounded on this @NHL season. We had fantastic NHL experiences with our customers and look forward to hitting the rink together next season! 🏒 #NHL https://t.co/4FWr0gwVNq,1,1,coder1
wendys_all_h1_00181,batch1_fortune100,20260618expand/classifier_improvement/data/human_labeling_template/coder_splits/coder1_labeling_template.csv,Galaxy Digital,1007617926902542336,https://x.com/galaxydigital/status/1007617926902542336,Fri Jun 15 13:36:49 +0000 2018,Your agencies are doing awesome work--celebrate their success and get other agencies in the community excited about your platform! https://t.co/eeF0waNWjG,1,1,coder1
wendys_all_h1_00182,batch1_fortune100,20260618expand/classifier_improvement/data/human_labeling_template/coder_splits/coder1_labeling_template.csv,Home Depot,861291964809007105,https://x.com/HDCares/status/861291964809007105,Sun May 07 18:49:41 +0000 2017,@CPurdie_bcps Thx for letting us know how we’re doing! Pls share your full experience at TeamSocial@homedepot.com.,1,1,coder1
wendys_all_h1_00183,batch1_fortune100,20260618expand/classifier_improvement/data/human_labeling_template/coder_splits/coder1_labeling_template.csv,StoneX Group,2022250674914742740,https://x.com/StoneX_Official/status/2022250674914742740,Fri Feb 13 10:05:07 +0000 2026,"We are honored to be recognized as the Non-Bank FCM of the Year at the FOW International Awards Ceremony 2026. As a Gold Sponsor, we are proud to support the celebration of excellence and innovation across global derivatives. https://t.co/hQh9IRjn4c",0,0,coder1
wendys_all_h1_00184,batch1_fortune100,20260618expand/classifier_improvement/data/human_labeling_template/coder_splits/coder1_labeling_template.csv,Walt Disney,1859883789335609760,https://x.com/Disney/status/1859883789335609760,Fri Nov 22 08:57:05 +0000 2024,"The stars, filmmakers, and some of the biggest fans of #Moana2 celebrated going beyond the reef at the world premiere in O'ahu! 🌺🪝🌊 https://t.co/nr65ZnSTXO",1,1,coder1
wendys_all_h1_00185,batch1_fortune100,20260618expand/classifier_improvement/data/human_labeling_template/coder_splits/coder1_labeling_template.csv,Walt Disney,2033353400742543396,https://x.com/Disney/status/2033353400742543396,Mon Mar 16 01:23:23 +0000 2026,"RT @starwars: Grogu, Pedro Pascal, and Sigourney Weaver stun at the Oscars. Experience The Mandalorian and Grogu May 22 only in theaters a…",1,1,coder1
wendys_all_h1_00186,batch1_fortune100,20260618expand/classifier_improvement/data/human_labeling_template/coder_splits/coder1_labeling_template.csv,StoneX Group,1991446563613274513,https://x.com/StoneX_Official/status/1991446563613274513,Thu Nov 20 10:00:34 +0000 2025,"What is volatility? Volatility measures how quickly an asset’s price can change, so high volatility is like a tense rugby match with lots of surprises. The @Saracens team shared their take. Follow us for more. Learn more about the partnership: https://t.co/0ht0bsK9AB #YourSaracens #Finance #Volatility",1,1,coder1
wendys_all_h1_00187,batch1_fortune100,20260618expand/classifier_improvement/data/human_labeling_template/coder_splits/coder1_labeling_template.csv,Nationwide,1731141315495108685,https://x.com/nationwide/status/1731141315495108685,Sun Dec 03 02:40:27 +0000 2023,"How many times have we watched that last goal? A lot. THANK YOU, CHRISTIAN RAMIREZ!",1,1,coder1
wendys_all_h1_00188,batch1_fortune100,20260618expand/classifier_improvement/data/human_labeling_template/coder_splits/coder1_labeling_template.csv,General Motors,1450464889613525014,https://x.com/GM/status/1450464889613525014,Tue Oct 19 14:12:32 +0000 2021,"Congratulations to Dr. Mei Cai on being named the 2021 Technologist of the Year by the Women of Color STEM Conference! As the Director of Battery Cell Systems Research, Dr. Cai has played a pivotal role in developing our upcoming Ultium battery chemistry. https://t.co/5WYdhiXI5j https://t.co/ik38ZqPSSU",0,0,coder1
wendys_all_h1_00189,batch1_fortune100,20260618expand/classifier_improvement/data/human_labeling_template/coder_splits/coder1_labeling_template.csv,Nationwide,1831037830589780111,https://x.com/nationwide/status/1831037830589780111,Tue Sep 03 18:33:32 +0000 2024,RT @NWSL: We're hosting an appreciation game for each Lauren Holiday Impact Award nominee over the next couple months. Join us in celebrati…,0,0,coder1
wendys_all_h1_00190,batch1_fortune100,20260618expand/classifier_improvement/data/human_labeling_template/coder_splits/coder1_labeling_template.csv,Goldman Sachs Group,1985718409711997090,https://x.com/GoldmanSachs/status/1985718409711997090,Tue Nov 04 14:38:56 +0000 2025,"China's power demand for data centers is set to rise more than 25% this year, boosted in part by companies’ efforts to bring AI to market, according to Goldman Sachs Research. Read more: https://t.co/b3qKR5GF06",0,0,coder1
wendys_all_h1_00191,batch1_fortune100,20260618expand/classifier_improvement/data/human_labeling_template/coder_splits/coder1_labeling_template.csv,HP,2011502319045583326,https://x.com/hp/status/2011502319045583326,Wed Jan 14 18:14:59 +0000 2026,"The new HP EliteBook X G2 is built for the future of work. Ultra-light design meets future-ready performance for tomorrow’s AI apps, all-day battery with intelligent power, and security that’s resilient against quantum threats. A smarter way to work starts here. https://t.co/eyghFmgPqJ",0,0,coder1
wendys_all_h1_00192,batch1_fortune100,20260618expand/classifier_improvement/data/human_labeling_template/coder_splits/coder1_labeling_template.csv,CVS Health,1387431240593285124,https://x.com/cvshealth/status/1387431240593285124,Wed Apr 28 15:39:19 +0000 2021,"This year, pharmacists will take on larger roles and help administer the world's most awaited vaccine. See how their roles will be augmented in the years ahead in the #HealthTrendsReport2021: https://t.co/I0eElg0TYQ https://t.co/SBCi9rZYZ6",0,0,coder1
wendys_all_h1_00193,batch1_fortune100,20260618expand/classifier_improvement/data/human_labeling_template/coder_splits/coder1_labeling_template.csv,FedEx,1980324690167230787,https://x.com/fedex/status/1980324690167230787,Mon Oct 20 17:26:13 +0000 2025,"Who owned the spotlight in Week 7?👀Cast your vote for the FedEx #AirandGround @NFL Players of the Week nominees: @Real10jayy(Ja’Marr Chase), Justin Herbert, @JalenHurts, @PatrickMahomes, @CMC_22(Christian McCaffrey) and @JayT23(Jonathan Taylor) at https://t.co/mfg3Ffmcx4! https://t.co/yZZgEsgPyg",0,0,coder1
wendys_all_h1_00194,batch1_fortune100,20260618expand/classifier_improvement/data/human_labeling_template/coder_splits/coder1_labeling_template.csv,Ford Motor,1935351813886071168,https://x.com/Ford/status/1935351813886071168,Wed Jun 18 15:00:04 +0000 2025,"Americans work hard. Shouldn’t they also play hard? Ford and Lincoln are offering employee pricing to everyone in America. Ford Motor Company. From America, For America. Disclaimer: Offer available on the purchase or lease of the following eligible new 2024–2025 Ford and Lincoln vehicles ONLY: Mustang®, Escape®, Bronco®, Bronco Sport®, F-150®, F-150® Lightning®, Mustang Mach-E®, Maverick®, Ranger®, Transit® and E-Transit™ (Cargo Vans), Corsair® and Nautilus®; new 2024 Super Duty® (pickup models only), Expedition®, and Navigator® only; and new 2025 Ford Explorer® and Aviator® only. Excludes all Bronco Stroppe models, Raptor® models, Mustang Dark Horse®, Mustang GTD, all Super Duty chassis cab/cutaway models; also excludes 2025 Expedition®, Navigator®, and Transit® (Wagon). U.S. residents only. Prior purchases not eligible. A/X/Z/D Plan ineligible. Place a new retail order or take new retail delivery from an authorized Ford Dealer or Lincoln Retailer’s stock by 7/7/25. The 2025 Mustang Mach-E SUV inventory may be limited and may vary by location. See a participating dealer or retailer for details and current inventory status.",1,1,coder1
wendys_all_h1_00195,batch1_fortune100,20260618expand/classifier_improvement/data/human_labeling_template/coder_splits/coder1_labeling_template.csv,Caterpillar,1537820119820382208,https://x.com/CaterpillarInc/status/1537820119820382208,Fri Jun 17 15:31:02 +0000 2022,"Some dads go the extra mile for their kids. As we get ready to celebrate Father’s Day, hear how MotoGP star @jackmilleraus’s dad did just that! Find out more about our sponsorship with Jack at https://t.co/RgIKpXYUKv. #LetsDoTheWork #MotoGP #JM43 https://t.co/GKQTzFIFmr",1,1,coder1
wendys_all_h1_00196,batch1_fortune100,20260618expand/classifier_improvement/data/human_labeling_template/coder_splits/coder1_labeling_template.csv,AT&T,1960365555208069349,https://x.com/ATT/status/1960365555208069349,Tue Aug 26 15:35:44 +0000 2025,Starting off STRONG. ⛳️ https://t.co/YAsJRSBrB0,1,1,coder1
wendys_all_h1_00197,batch1_fortune100,20260618expand/classifier_improvement/data/human_labeling_template/coder_splits/coder1_labeling_template.csv,TD Synnex,1509616281305370625,https://x.com/tdsynnex/status/1509616281305370625,Thu Mar 31 19:39:03 +0000 2022,"Establishing a culture around sustainability, inclusion and community engagement is a grassroots effort; it starts with co-workers who are passionate about making a difference 🍃 🌍 ♻️ https://t.co/gtThT1M1wF",1,1,coder1
wendys_all_h1_00198,batch1_fortune100,20260618expand/classifier_improvement/data/human_labeling_template/coder_splits/coder1_labeling_template.csv,American Express,1410961579860975616,https://x.com/americanexpress/status/1410961579860975616,Fri Jul 02 14:00:29 +0000 2021,"In our video series “The Game Plan,” hear from financial experts about tips and tools to build a strong financial future, produced in partnership with @TransUnion &amp; @VantageScore. https://t.co/7XZe6eLwZu https://t.co/4aUs6sRtwo",0,0,coder1
wendys_all_h1_00199,batch1_fortune100,20260618expand/classifier_improvement/data/human_labeling_template/coder_splits/coder1_labeling_template.csv,Boeing,1329058897022345217,https://x.com/boeing/status/1329058897022345217,Wed Nov 18 13:48:28 +0000 2020,"Boeing responds to FAA approval to resume 737 MAX operations, acknowledges more work to do with other global regulators. Release: https://t.co/Jzh87pPKoL https://t.co/XTtH6VF3SQ",0,0,coder1
wendys_all_h1_00200,batch1_fortune100,20260618expand/classifier_improvement/data/human_labeling_template/coder_splits/coder1_labeling_template.csv,Amazon,1973437420730458305,https://x.com/amazon/status/1973437420730458305,Wed Oct 01 17:18:40 +0000 2025,"🏀 Ever wonder how much space a star player creates just by being on the court? Introducing @NBA Inside the Game powered by @awscloud – a new basketball intelligence platform powered by AWS AI. Soon you'll see new stats like Defensive Box Score, Shot Difficulty (xFG%), and Gravity in real-time. It's not just about who scored, but how they did it.",1,1,coder1
wendys_all_h1_00201,batch1_fortune100,20260618expand/classifier_improvement/data/human_labeling_template/coder_splits/coder1_labeling_template.csv,ConocoPhillips,1762154714748359100,https://x.com/conocophillips/status/1762154714748359100,Mon Feb 26 16:36:37 +0000 2024,"Located on the Texas Gulf Coast, with proximity to prolific gas basins like the Haynesville and Permian, Port Arthur #LNG (PALNG) Phase 1 is set for startup in 2027. Learn more: https://t.co/qxcdY9rOVt https://t.co/ufPPVV7xUs",0,0,coder1
wendys_all_h1_00202,batch1_fortune100,20260618expand/classifier_improvement/data/human_labeling_template/coder_splits/coder1_labeling_template.csv,Home Depot,812760126260178944,https://x.com/HDCares/status/812760126260178944,Sat Dec 24 20:41:29 +0000 2016,@jrromo1 We’re glad to hear of the great experience. Share more details w/ us at TeamSocial@homdepot.com. –TeamCare,1,1,coder1
wendys_all_h1_00203,batch1_fortune100,20260618expand/classifier_improvement/data/human_labeling_template/coder_splits/coder1_labeling_template.csv,Humana,1578807438345531392,https://x.com/humana/status/1578807438345531392,Sat Oct 08 18:00:00 +0000 2022,"Social isolation is hard at any age and for Mr. Earl—celebrating 103 years!—friends keep him going. “If I didn’t have friends, I would have been dead years ago,” he says. “I like friends who come to visit me—even if it’s for 10 or 15 minutes, to break up the day.” (1/4)",1,1,coder1
wendys_all_h1_00204,batch1_fortune100,20260618expand/classifier_improvement/data/human_labeling_template/coder_splits/coder1_labeling_template.csv,Walt Disney,1904186448896790958,https://x.com/Disney/status/1904186448896790958,Mon Mar 24 15:00:02 +0000 2025,"Welcome to the rebellion. Watch the new trailer for the critically acclaimed series, Andor. The final season streams April 22, only on @DisneyPlus. https://t.co/b1K16Kvoqo",1,1,coder1
wendys_all_h1_00205,batch1_fortune100,20260618expand/classifier_improvement/data/human_labeling_template/coder_splits/coder1_labeling_template.csv,Archer Daniels Midland,1643673433295790083,https://x.com/ADMupdates/status/1643673433295790083,Wed Apr 05 17:54:19 +0000 2023,"At ADM, our mission is to help feed and clothe the world while preserving the land for future generations. We are proud to support programs that develop and advance local farming. 🌎​ ADM partnered with several international organizations to enable change across the globe. https://t.co/uVMFuY88sS",0,0,coder1
wendys_all_h1_00206,batch1_fortune100,20260618expand/classifier_improvement/data/human_labeling_template/coder_splits/coder1_labeling_template.csv,Massachusetts Mutual Life,1541252189460602886,https://x.com/massmutual/status/1541252189460602886,Mon Jun 27 02:48:51 +0000 2022,THE @Avalanche ARE THE 2021-22 #StanleyCup CHAMPIONS!!! 🏔🏆 https://t.co/YWmGwWuRA5,1,1,coder1
wendys_all_h1_00207,batch1_fortune100,20260618expand/classifier_improvement/data/human_labeling_template/coder_splits/coder1_labeling_template.csv,Exxon Mobil,1255938165753499652,https://x.com/exxonmobil/status/1255938165753499652,Thu Apr 30 19:12:47 +0000 2020,We're helping those on the front lines of fighting the pandemic with critical supplies. We're #AllTogether in this. https://t.co/Dgek3Ni4kf,0,0,coder1
wendys_all_h1_00208,batch1_fortune100,20260618expand/classifier_improvement/data/human_labeling_template/coder_splits/coder1_labeling_template.csv,Prudential Financial,1146415631354519552,https://x.com/Prudential/status/1146415631354519552,Wed Jul 03 13:49:20 +0000 2019,Do not click like.,1,1,coder1
wendys_all_h1_00209,batch1_fortune100,20260618expand/classifier_improvement/data/human_labeling_template/coder_splits/coder1_labeling_template.csv,Morgan Stanley,1681270608707846144,https://x.com/morganstanley/status/1681270608707846144,Tue Jul 18 11:52:04 +0000 2023,"$MS 2Q 2023 earnings: Wealth Management delivered strong net new client assets of $90 billion and record net revenues of $6.7 billion, which reflect higher net interest income and the positive impact of DCP https://t.co/GCDE19KmsN",0,0,coder1
wendys_all_h1_00210,batch1_fortune100,20260618expand/classifier_improvement/data/human_labeling_template/coder_splits/coder1_labeling_template.csv,Goldman Sachs Group,1795893016328094055,https://x.com/GoldmanSachs/status/1795893016328094055,Wed May 29 19:00:35 +0000 2024,Are corporate bond investors getting too complacent? Gurpreet Garewal of Goldman Sachs Asset Management separates the signal from the noise. https://t.co/AWuZAFO1EA,1,1,coder1
wendys_all_h1_00211,batch1_fortune100,20260618expand/classifier_improvement/data/human_labeling_template/coder_splits/coder1_labeling_template.csv,Ford Motor,1570447113150173184,https://x.com/Ford/status/1570447113150173184,Thu Sep 15 16:19:03 +0000 2022,RT @jimfarley98: Nearly 60 years after its debut...this is the all-new 7th generation @FordMustang and Mustang GT. Whether manual or automa…,1,1,coder1
wendys_all_h1_00212,batch1_fortune100,20260618expand/classifier_improvement/data/human_labeling_template/coder_splits/coder1_labeling_template.csv,Dell Technologies,1955630425155493974,https://x.com/Dell/status/1955630425155493974,Wed Aug 13 14:00:01 +0000 2025,Drop a 💙 if you're heading back to school this month. https://t.co/VBA9Q1f4Hg,1,1,coder1
wendys_all_h1_00213,batch1_fortune100,20260618expand/classifier_improvement/data/human_labeling_template/coder_splits/coder1_labeling_template.csv,Nvidia,2018394111569744024,https://x.com/nvidia/status/2018394111569744024,Mon Feb 02 18:40:30 +0000 2026,"The clock is ticking! ⏳ Today is your final chance to lock in early-bird pricing for #NVIDIAGTC 2026. By registering now, you can save over $300 with alumni and early-bird discounts. 🔗 Secure your spot at the world's premier AI conference today: https://t.co/DvKVQwFoOH https://t.co/iRd7unAMn0",1,1,coder1
wendys_all_h1_00214,batch1_fortune100,20260618expand/classifier_improvement/data/human_labeling_template/coder_splits/coder1_labeling_template.csv,Sysco,1469347402683457539,https://x.com/sysco/status/1469347402683457539,Fri Dec 10 16:44:54 +0000 2021,#SyscoGivesBack,0,0,coder1
wendys_all_h1_00215,batch1_fortune100,20260618expand/classifier_improvement/data/human_labeling_template/coder_splits/coder1_labeling_template.csv,AbbVie,1895474150061293805,https://x.com/abbvie/status/1895474150061293805,Fri Feb 28 14:00:28 +0000 2025,"@EMA_News [Video description: On-screen text reads, “Immunology News.”]",0,0,coder1
wendys_all_h1_00216,batch1_fortune100,20260618expand/classifier_improvement/data/human_labeling_template/coder_splits/coder1_labeling_template.csv,Albertsons,1339616356090720256,https://x.com/albertsons/status/1339616356090720256,Thu Dec 17 17:00:02 +0000 2020,This lamb leg with mint pesto tastes as good as it looks 🤤 See our 12 favorite roast recipes for your dinner table: https://t.co/rR8kDNBAH7 https://t.co/k62AE0CwJC,1,1,coder1
wendys_all_h1_00217,batch1_fortune100,20260618expand/classifier_improvement/data/human_labeling_template/coder_splits/coder1_labeling_template.csv,Oracle,1862851580854198713,https://x.com/oracle/status/1862851580854198713,Sat Nov 30 13:30:01 +0000 2024,"Learn how you can quickly and easily leverage #GenAI capabilities where you need them across your entire tech stack—apps, infrastructure, and more: https://t.co/g0109ttKIy https://t.co/oOu5YJ68WS",0,0,coder1
wendys_all_h1_00218,batch1_fortune100,20260618expand/classifier_improvement/data/human_labeling_template/coder_splits/coder1_labeling_template.csv,Bank of America,1698333894519537669,https://x.com/bankofamerica/status/1698333894519537669,Sun Sep 03 13:55:28 +0000 2023,"So, what’s getting summer shoppers in the holiday spirit? In addition to inflation concerns, many are hoping to beat the crowds, spread out their spending and avoid peak prices by shopping in the off-season. Read more from @Axios. https://t.co/IzgX8BDINV",1,1,coder1
wendys_all_h1_00219,batch1_fortune100,20260618expand/classifier_improvement/data/human_labeling_template/coder_splits/coder1_labeling_template.csv,PepsiCo,1351591525273268232,https://x.com/pepsico/status/1351591525273268232,Tue Jan 19 18:05:05 +0000 2021,"Our job isn’t to satisfy customers, it’s to delight them. Find out how Jeff Swearingen, head of our Demand Accelerator, is creating smiles on #ItsACustomersWorld with Andy Murray and #WaltonCCLI https://t.co/w4hm8Y2u13 https://t.co/o7FUw8igkT",0,0,coder1
wendys_all_h1_00220,batch1_fortune100,20260618expand/classifier_improvement/data/human_labeling_template/coder_splits/coder1_labeling_template.csv,Energy Transfer,1976026702020223258,https://x.com/energytransfer/status/1976026702020223258,Wed Oct 08 20:47:33 +0000 2025,"Press Release: Energy Transfer LP (NYSE: ET) today announced that it plans to release earnings for the third quarter of 2025 on Wednesday, November 5, 2025, after the market closes. https://t.co/uJ2c2bf3ZR",0,0,coder1
wendys_all_h1_00221,batch1_fortune100,20260618expand/classifier_improvement/data/human_labeling_template/coder_splits/coder1_labeling_template.csv,Walmart,1836525610983641139,https://x.com/walmart/status/1836525610983641139,Wed Sep 18 22:00:01 +0000 2024,"New Walmart+ benefit? Say less. Have to have those Have-sies. 🍟 #WalmartPlus​ ​ Terms apply, https://t.co/8cs3WwLjhP https://t.co/OaOs4mLKAS",1,1,coder1
wendys_all_h1_00222,batch1_fortune100,20260618expand/classifier_improvement/data/human_labeling_template/coder_splits/coder1_labeling_template.csv,Centene,1845117332080738472,https://x.com/centene/status/1845117332080738472,Sat Oct 12 15:00:27 +0000 2024,We’re proud to address social isolation in school with @BeyondDiff through No One Eats Alone Day to help students create a culture of belonging. https://t.co/52VvvIwlqM https://t.co/t4YLF2V7jM,1,1,coder1
wendys_all_h1_00223,batch1_fortune100,20260618expand/classifier_improvement/data/human_labeling_template/coder_splits/coder1_labeling_template.csv,Bank of America,1722640091963605280,https://x.com/bankofamerica/status/1722640091963605280,Thu Nov 09 15:39:37 +0000 2023,These recognitions demonstrate our unwavering commitment to supporting service members and their families as they transition to civilian life and build careers with our company. We’re proud to give back to those who have sacrificed so much --&gt; https://t.co/Vbse6O7E5J https://t.co/Y5Y9H9HtN2,1,1,coder1
wendys_all_h1_00224,batch1_fortune100,20260618expand/classifier_improvement/data/human_labeling_template/coder_splits/coder1_labeling_template.csv,Home Depot,791064411389714433,https://x.com/HDCares/status/791064411389714433,Tue Oct 25 23:50:27 +0000 2016,@sjordan409 We’re happy to hear of the positive experience! Pls email your full experience to TeamSocial@homedepot.com. –TeamCare,0,0,coder1
wendys_all_h1_00225,batch1_fortune100,20260618expand/classifier_improvement/data/human_labeling_template/coder_splits/coder1_labeling_template.csv,Ford Motor,1752738575366430747,https://x.com/Ford/status/1752738575366430747,Wed Jan 31 17:00:15 +0000 2024,New 2025 Ford Explorer®. Tomorrow. Enough said. Disclaimer: Available spring 2024 https://t.co/xiiqVUfZB2,1,1,coder1
wendys_all_h1_00226,batch1_fortune100,20260618expand/classifier_improvement/data/human_labeling_template/coder_splits/coder1_labeling_template.csv,Humana,1709931681745096751,https://x.com/humana/status/1709931681745096751,Thu Oct 05 14:00:56 +0000 2023,"Retirement looks different for everyone. Some prefer a slower pace to life, while others—like Robin—prefer to dive into their next chapter. At 70-years-old, she's left retirement and is making a splash at her community pool as a lifeguard—a role she originally held at age 17. https://t.co/Lno9cW1Orr",1,1,coder1
wendys_all_h1_00227,batch1_fortune100,20260618expand/classifier_improvement/data/human_labeling_template/coder_splits/coder1_labeling_template.csv,TJX,793154251677638657,https://x.com/tjmaxx/status/793154251677638657,Mon Oct 31 18:14:44 +0000 2016,@PrietoJenelle Thanks for reaching out about this. Please give Customer Service a call at 1-800-926-6299 M-F between 9-6EST.,0,0,coder1
wendys_all_h1_00228,batch1_fortune100,20260618expand/classifier_improvement/data/human_labeling_template/coder_splits/coder1_labeling_template.csv,Morgan Stanley,1983220970530734102,https://x.com/morganstanley/status/1983220970530734102,Tue Oct 28 17:15:00 +0000 2025,Our CIO and Chief U.S. Equity Strategist Mike Wilson discusses the outlook for stocks after the preliminary U.S.-China trade agreement and ahead of the Fed meeting and big tech earnings. https://t.co/zl44oEPVJB https://t.co/5LDNJli2LM,0,0,coder1
wendys_all_h1_00229,batch1_fortune100,20260618expand/classifier_improvement/data/human_labeling_template/coder_splits/coder1_labeling_template.csv,Progressive,1888756455622234381,https://x.com/progressive/status/1888756455622234381,Mon Feb 10 01:06:45 +0000 2025,This game has more picks than a banjo convention. My pick? Quality coverage for your home and auto with Progressive.,1,1,coder1
wendys_all_h1_00230,batch1_fortune100,20260618expand/classifier_improvement/data/human_labeling_template/coder_splits/coder1_labeling_template.csv,Ford Motor,1606380439970758656,https://x.com/Ford/status/1606380439970758656,Fri Dec 23 20:05:16 +0000 2022,RT @FordTrucks: What are you gonna haul with your new 2023 Ford Super Duty® truck? Maybe the question is: what won’t you haul? 🛻 #LAAutoSho…,1,1,coder1
wendys_all_h1_00231,batch1_fortune100,20260618expand/classifier_improvement/data/human_labeling_template/coder_splits/coder1_labeling_template.csv,Prudential Financial,1172210767396892672,https://x.com/Prudential/status/1172210767396892672,Thu Sep 12 18:10:00 +0000 2019,"Roughly 70,000 people — including 18,000 children — across #HurricaneDorian-affected parts of The #Bahamas need help. @uniceflac is working with local government to address immediate needs like safe water. Send help now: https://t.co/ZWDVvxARuK https://t.co/2HT4co0nfn",0,0,coder1
wendys_all_h1_00232,batch1_fortune100,20260618expand/classifier_improvement/data/human_labeling_template/coder_splits/coder1_labeling_template.csv,Prudential Financial,1464673939553202186,https://x.com/Prudential/status/1464673939553202186,Sat Nov 27 19:14:14 +0000 2021,"This #SmallBusinessSaturday, we’re especially proud to be working with the @PruCenter and the @NJDevils to help local black-owned businesses thrive in Newark and New Jersey. #BuyBlack",0,0,coder1
wendys_all_h1_00233,batch1_fortune100,20260618expand/classifier_improvement/data/human_labeling_template/coder_splits/coder1_labeling_template.csv,Tyson Foods,1525678025622315010,https://x.com/tysonfoods/status/1525678025622315010,Sun May 15 03:22:41 +0000 2022,"RT @hbcuworldseries: 13 Games played within 4 days =an amazing week of Black College Baseball ! Thank you to all the fans, teams, coache…",0,0,coder1
wendys_all_h1_00234,batch1_fortune100,20260618expand/classifier_improvement/data/human_labeling_template/coder_splits/coder1_labeling_template.csv,General Dynamics,1507022030461452292,https://x.com/generaldynamics/status/1507022030461452292,Thu Mar 24 15:50:25 +0000 2022,"RT @GDMS: Hear from Brian Morrison, vice president and general manager Cyber Systems at General Dynamics Mission Systems about how his team…",0,0,coder1
wendys_all_h1_00235,batch1_fortune100,20260618expand/classifier_improvement/data/human_labeling_template/coder_splits/coder1_labeling_template.csv,AT&T,1902405053006094376,https://x.com/ATT/status/1902405053006094376,Wed Mar 19 17:01:24 +0000 2025,"WWI generals: ‘We need a fast, reliable, unbreakable communication system.’ The Hello Girls: say less. Watch how it went down - https://t.co/yKwK0iMBel https://t.co/JmxslxfBYJ",1,1,coder1
wendys_all_h1_00236,batch1_fortune100,20260618expand/classifier_improvement/data/human_labeling_template/coder_splits/coder1_labeling_template.csv,Travelers,1555637270400696322,https://x.com/travelers/status/1555637270400696322,Fri Aug 05 19:30:02 +0000 2022,Summer nights are the perfect time to roast marshmallows around the fire. 🔥 Help keep your family and guests safe by following these tips: https://t.co/IJzv3cMgxl https://t.co/WbrdECy26I,1,1,coder1
wendys_all_h1_00237,batch1_fortune100,20260618expand/classifier_improvement/data/human_labeling_template/coder_splits/coder1_labeling_template.csv,General Motors,1441419091755945986,https://x.com/GM/status/1441419091755945986,Fri Sep 24 15:07:46 +0000 2021,"Recently, approximately 100 team members cleared weeds, brush and trash from the perimeter of our Factory ZERO #mfg campus. This is the 11th annual GM Cares week, offering employees the opportunity to volunteer and improve the communities where they work and live. https://t.co/PSh7PxXGfT",1,1,coder1
wendys_all_h1_00238,batch1_fortune100,20260618expand/classifier_improvement/data/human_labeling_template/coder_splits/coder1_labeling_template.csv,Archer Daniels Midland,1679220104851062794,https://x.com/ADMupdates/status/1679220104851062794,Wed Jul 12 20:04:06 +0000 2023,"Through our work w/@Nestle to expand regen agriculture, we’ve helped wheat farmers remove or sequester more than 3,800 metrics tons of CO2e. This is equivalent to removing nearly 850 cars from the road. Thanks to the farmers we work w/every day. #regenag https://t.co/YoMHSB5p3e. https://t.co/rQfodK11Nj",1,1,coder1
wendys_all_h1_00239,batch1_fortune100,20260618expand/classifier_improvement/data/human_labeling_template/coder_splits/coder1_labeling_template.csv,AbbVie,1701585864013275288,https://x.com/abbvie/status/1701585864013275288,Tue Sep 12 13:17:38 +0000 2023,"[Video description: On-screen text reads, “Immunology News.”]",0,0,coder1
wendys_all_h1_00240,batch1_fortune100,20260618expand/classifier_improvement/data/human_labeling_template/coder_splits/coder1_labeling_template.csv,TJX,826233299186106369,https://x.com/tjmaxx/status/826233299186106369,Tue Jan 31 00:59:03 +0000 2017,@laurenpoole20 Please give our Customer Service a call directly at 1-800-926-6299 M-F 9-6 EST. They would be happy to address this.,0,0,coder1
wendys_all_h1_00241,batch1_fortune100,20260618expand/classifier_improvement/data/human_labeling_template/coder_splits/coder1_labeling_template.csv,Alphabet,630866578582540288,https://x.com/Alphabetlnc/status/630866578582540288,Mon Aug 10 22:21:27 +0000 2015,"Hello, world!",1,1,coder1
wendys_all_h1_00242,batch1_fortune100,20260618expand/classifier_improvement/data/human_labeling_template/coder_splits/coder1_labeling_template.csv,AT&T,1837684512295125289,https://x.com/ATT/status/1837684512295125289,Sun Sep 22 02:45:04 +0000 2024,POV: you just played 2v2 against TWO of your fav streamers - @extraemilyy &amp; @emiru... live at #TwitchCon2024! https://t.co/oTMlQaTNjW,1,1,coder1
wendys_all_h1_00243,batch1_fortune100,20260618expand/classifier_improvement/data/human_labeling_template/coder_splits/coder1_labeling_template.csv,Home Depot,860945403063263232,https://x.com/HDCares/status/860945403063263232,Sat May 06 19:52:34 +0000 2017,@jquagga What happened? Please send more details/contact info/tweet to TeamSocial@homedepot.com so we can address.,0,0,coder1
wendys_all_h1_00244,batch1_fortune100,20260618expand/classifier_improvement/data/human_labeling_template/coder_splits/coder1_labeling_template.csv,IBM,1712910496871891280,https://x.com/ibm/status/1712910496871891280,Fri Oct 13 19:17:41 +0000 2023,"Your roots are your strength, your attitude shapes your destiny...” In this #HispanicHeritageMonth blog, Clarissa Sylvana Stam offers insight into her experience in tech as a Latina IBMer and the power of resiliency, growth, and self-confidence. 🇵🇪🇵🇷 https://t.co/xRxPdJRhYv",1,1,coder1
wendys_all_h1_00245,batch1_fortune100,20260618expand/classifier_improvement/data/human_labeling_template/coder_splits/coder1_labeling_template.csv,Amazon,2052427102650249523,https://x.com/amazon/status/2052427102650249523,Thu May 07 16:35:28 +0000 2026,"RT @awscloud: Agents that reason, plan, and act can now transact. AgentCore payments in Amazon Bedrock AgentCore is now in preview. AI age…",0,0,coder1
wendys_all_h1_00246,batch1_fortune100,20260618expand/classifier_improvement/data/human_labeling_template/coder_splits/coder1_labeling_template.csv,Alphabet,2059393463670436350,https://x.com/google/status/2059393463670436350,Tue May 26 21:57:18 +0000 2026,"Neural Expressive is a new design language for @GeminiApp, with fluid animations, vibrant colors, haptic feedback and more improved experiences across the app. See it in action with @JoshWoodward at #GoogleIO ⬇️ https://t.co/oZ5xvS6A2z",0,0,coder1
wendys_all_h1_00247,batch1_fortune100,20260618expand/classifier_improvement/data/human_labeling_template/coder_splits/coder1_labeling_template.csv,AbbVie,1851665666191008007,https://x.com/abbvie/status/1851665666191008007,Wed Oct 30 16:41:11 +0000 2024,"[Image description: Summary of AbbVie's Q3 2024 Financial Results, including Raised 2024 Adjusted Diluted EPS Guidance Range, Quarterly Dividend Growth, Adjusted R&amp;D Investment and Net Revenues by Therapeutic Area.]",0,0,coder1
wendys_all_h1_00248,batch1_fortune100,20260618expand/classifier_improvement/data/human_labeling_template/coder_splits/coder1_labeling_template.csv,Intel,2034328986520543302,https://x.com/intel/status/2034328986520543302,Wed Mar 18 18:00:01 +0000 2026,"#EmbeddedWorld 2026 was a powerful reminder that the future of AI is real-time, open, and built for the edge. Thanks to our partners, customers, and innovators who helped make this week unforgettable. Let’s keep building what’s next. #EW26 Watch the keynote: https://t.co/3vr91iQJZ3",1,1,coder1
wendys_all_h1_00249,batch1_fortune100,20260618expand/classifier_improvement/data/human_labeling_template/coder_splits/coder1_labeling_template.csv,Nvidia,2028918190965694939,https://x.com/nvidia/status/2028918190965694939,Tue Mar 03 19:39:26 +0000 2026,"NVIDIA is partnering with @CoherentCorp to pioneer next-generation silicon photonics to enable AI infrastructure at unprecedented scale, speed, and energy efficiency. https://t.co/XQuV1v2CKC",0,0,coder1
wendys_all_h1_00250,batch1_fortune100,20260618expand/classifier_improvement/data/human_labeling_template/coder_splits/coder1_labeling_template.csv,Lowe's,1402616087171174401,https://x.com/lowes/status/1402616087171174401,Wed Jun 09 13:18:29 +0000 2021,"Picture this: you #LetDadLooseAtLowes for Father's Day. What's he grabbing first? No matter what's at the top of his gift list, we've got him covered: https://t.co/CcJ4GkDzZi",1,1,coder1
wendys_all_h1_00251,batch1_fortune100,20260618expand/classifier_improvement/data/human_labeling_template/coder_splits/coder1_labeling_template.csv,Walt Disney,1961796041076040173,https://x.com/Disney/status/1961796041076040173,Sat Aug 30 14:19:59 +0000 2025,"Here's your first look at #DiaryOfAWimpyKid: The Last Straw, coming to @DisneyPlus December 5! #DestinationD23 https://t.co/MIlk9OSuEU",0,0,coder1
wendys_all_h1_00252,batch1_fortune100,20260618expand/classifier_improvement/data/human_labeling_template/coder_splits/coder1_labeling_template.csv,Archer Daniels Midland,1547653955391369216,https://x.com/ADMupdates/status/1547653955391369216,Thu Jul 14 18:47:11 +0000 2022,"ADM Cares partnered with @lagosfoodbank for a volunteer community engagement and food donations initiative in the Papa-Asafa community in Lagos, Nigeria. We are proud to see our global partners and #TeamADM stepping up to make an impact every day. https://t.co/wq5AeasrBo",1,1,coder1
wendys_all_h1_00253,batch1_fortune100,20260618expand/classifier_improvement/data/human_labeling_template/coder_splits/coder1_labeling_template.csv,Enterprise Products Partners,1677450798949883904,https://x.com/EProd_Careers/status/1677450798949883904,Fri Jul 07 22:53:30 +0000 2023,We want to find the right people to drive our success at Enterprise Products. Could that be you? Click here to learn more about joining our team in US. https://t.co/R4oRC6Fr99,1,1,coder1
wendys_all_h1_00254,batch1_fortune100,20260618expand/classifier_improvement/data/human_labeling_template/coder_splits/coder1_labeling_template.csv,Phillips 66,1453013653591142403,https://x.com/Phillips66co/status/1453013653591142403,Tue Oct 26 15:00:25 +0000 2021,BOO! Take a look at what our team at @76 is brewing up this month. 🎃 Join in on the fun and check out more from 76® brand.,1,1,coder1
wendys_all_h1_00255,batch1_fortune100,20260618expand/classifier_improvement/data/human_labeling_template/coder_splits/coder1_labeling_template.csv,Bank of America,1669367073145847809,https://x.com/bankofamerica/status/1669367073145847809,Thu Jun 15 15:31:40 +0000 2023,"From your original crew to new summer hires, get $10-$20 cash back on eligible monthly payroll service fees as a Preferred Rewards for Business member.",0,0,coder1
wendys_all_h1_00256,batch1_fortune100,20260618expand/classifier_improvement/data/human_labeling_template/coder_splits/coder1_labeling_template.csv,Marathon Petroleum,1996298810742407371,https://x.com/MarathonPetroCo/status/1996298810742407371,Wed Dec 03 19:21:40 +0000 2025,"Our Marathon Pipe Line (MPL) team in Southern California, joined by their families, partnered with the Aquarium of the Pacific and local organizations for the 2025 California Coastal Cleanup. 🌊 Together, 140 volunteers helped remove more than 1,000 pounds of trash along the Long Beach Peninsula, making a visible impact on the shoreline. 🤝 “We were proud to be part of this cleanup effort and represent MPL and Marathon as a whole,” said Kendra Leggette, Sr. Administrative Assistant at MPL in Southern California. “This is our home too, and being able to do this with our local community members and our families makes it even more meaningful.” #MarathonPetroleum #MPCgives",0,0,coder1
wendys_all_h1_00257,batch1_fortune100,20260618expand/classifier_improvement/data/human_labeling_template/coder_splits/coder1_labeling_template.csv,Prudential Financial,1585617786377732096,https://x.com/Prudential/status/1585617786377732096,Thu Oct 27 13:01:54 +0000 2022,We’re so proud to join @VLJNJ in recognizing Josh for #CelebrateProBono week. He’s one of many employee volunteers who are making a difference in our communities. #PruTalent,0,0,coder1
wendys_all_h1_00258,batch1_fortune100,20260618expand/classifier_improvement/data/human_labeling_template/coder_splits/coder1_labeling_template.csv,Publix Super Markets,1583141003875131393,https://x.com/Publix/status/1583141003875131393,Thu Oct 20 17:00:03 +0000 2022,"We're celebrating #AmericanPharmacistsMonth with a look back at our very first Publix Pharmacy, which opened October 30, 1986, in Altamonte Springs, Florida. https://t.co/MCLHxmE1KS",0,0,coder1
wendys_all_h1_00259,batch1_fortune100,20260618expand/classifier_improvement/data/human_labeling_template/coder_splits/coder1_labeling_template.csv,Tesla,1985708615773405410,https://x.com/tesla/status/1985708615773405410,Tue Nov 04 14:00:01 +0000 2025,"Tesla shareholders, there are only 2 days left to vote &amp; make your voice heard Vote with the Board’s recommendations on ALL proposals – we need your support to execute our ambitious vision. Voting is quick and easy, detailed instructions below https://t.co/eTLMrahepN",0,0,coder1
wendys_all_h1_00260,batch1_fortune100,20260618expand/classifier_improvement/data/human_labeling_template/coder_splits/coder1_labeling_template.csv,Publix Super Markets,1657732497604583427,https://x.com/Publix/status/1657732497604583427,Sun May 14 13:00:01 +0000 2023,Moms deserve the world. They also deserve their favorite #PubSub. Happy Mother’s Day!,1,1,coder1
wendys_all_h1_00261,batch1_fortune100,20260618expand/classifier_improvement/data/human_labeling_template/coder_splits/coder1_labeling_template.csv,Tesla,1998847904744927662,https://x.com/tesla/status/1998847904744927662,Wed Dec 10 20:10:51 +0000 2025,Drop a pin for your Home or Work location,1,1,coder1
wendys_all_h1_00262,batch1_fortune100,20260618expand/classifier_improvement/data/human_labeling_template/coder_splits/coder1_labeling_template.csv,HCA Healthcare,1832170822804332758,https://x.com/hcahealthcare/status/1832170822804332758,Fri Sep 06 21:35:38 +0000 2024,"With 105 trauma centers treating more than 176,000 patients annually, HCA Healthcare is proud to leverage real-time data, research and experience to enhance care delivery. Read more on #HCAHealthcareMag: https://t.co/SrtyUr8FPN. https://t.co/B3KgF58ekF",0,0,coder1
wendys_all_h1_00263,batch1_fortune100,20260618expand/classifier_improvement/data/human_labeling_template/coder_splits/coder1_labeling_template.csv,McKesson,1773823722601730336,https://x.com/mckesson/status/1773823722601730336,Fri Mar 29 21:25:06 +0000 2024,"In honor of #NationalDoctorsDay on March 30, we celebrate the dedication and expertise of physicians worldwide. Join us in expressing gratitude to doctors like Mark Fleming for their tireless efforts in providing high-quality healthcare. #ThankaDoctor https://t.co/mgiLLJYxKr",0,0,coder1
wendys_all_h1_00264,batch1_fortune100,20260618expand/classifier_improvement/data/human_labeling_template/coder_splits/coder1_labeling_template.csv,American Airlines Group,1783828433895600329,https://x.com/AmericanAir/status/1783828433895600329,Fri Apr 26 12:00:15 +0000 2024,"Happy World Pilots’ Day to the more than 15,000 professional aviators of American! Maybe we’re partial, but our pilots are simply the best and go above and beyond to safely and expertly care for our customers on every flight, every day. https://t.co/WWLMw4pZ3G",1,1,coder1
wendys_all_h1_00265,batch1_fortune100,20260618expand/classifier_improvement/data/human_labeling_template/coder_splits/coder1_labeling_template.csv,Bristol-Myers Squibb,1938418857024143822,https://x.com/bmsnews/status/1938418857024143822,Fri Jun 27 02:07:24 +0000 2025,"#MEDIA: @US_FDA has approved the removal of REMS and streamlined patient monitoring requirements for our #CARTcelltherapies, a landmark update that will help foster increased patient access for this important treatment modality. https://t.co/5Zn8CRxhT3 https://t.co/0SKrUh3zUS",0,0,coder1
wendys_all_h1_00266,batch1_fortune100,20260618expand/classifier_improvement/data/human_labeling_template/coder_splits/coder1_labeling_template.csv,Liberty Mutual Insurance Group,1111742329948438528,https://x.com/LibertyMutual/status/1111742329948438528,Fri Mar 29 21:30:01 +0000 2019,"Meet the biggest thing to hit insurance since collision coverage: LiMu Emu and Doug. Saving people from overpaying for insurance, one customized policy at a time. https://t.co/uAGS85e7d9",1,1,coder1
wendys_all_h1_00267,batch1_fortune100,20260618expand/classifier_improvement/data/human_labeling_template/coder_splits/coder1_labeling_template.csv,Archer Daniels Midland,1392849154913849346,https://x.com/ADMupdates/status/1392849154913849346,Thu May 13 14:28:11 +0000 2021,"#TeamADM has once again been recognized for its unparalleled commitment science-baked, innovative solutions by earning the 2021 NutraIngredients Editor’s Choice Award for Functional Food Innovation. Read the full story here: https://t.co/xrTGqmzp0Q #NIAwards21 @NutraEurope https://t.co/e8QMcvDSI2",0,0,coder1
wendys_all_h1_00268,batch1_fortune100,20260618expand/classifier_improvement/data/human_labeling_template/coder_splits/coder1_labeling_template.csv,Centene,1801636092073902372,https://x.com/centene/status/1801636092073902372,Fri Jun 14 15:21:31 +0000 2024,"Centene’s inclusive culture and diverse workforce are key drivers of health equity. Last month, Centene employees gathered for our annual DEI Summit to discuss the impact of diversity, equity, and inclusion on our business and communities. https://t.co/NjdcBcAAEU #Centene https://t.co/eDA7sZ7WmN",0,0,coder1
wendys_all_h1_00269,batch1_fortune100,20260618expand/classifier_improvement/data/human_labeling_template/coder_splits/coder1_labeling_template.csv,Target,1295694742857101314,https://x.com/target/status/1295694742857101314,Tue Aug 18 12:11:14 +0000 2020,Shout out to all the community managers out there that are having really awkward meetings today with their higher-ups about why they should put their logo on a bean in a video game for $130k lol,1,1,coder1
wendys_all_h1_00270,batch1_fortune100,20260618expand/classifier_improvement/data/human_labeling_template/coder_splits/coder1_labeling_template.csv,Amazon,1748344584344571945,https://x.com/amazon/status/1748344584344571945,Fri Jan 19 14:00:06 +0000 2024,New Year’s Resi: Find someone who looks at you the way your cat looks at Amazon boxes. https://t.co/ob6pYRC1GD,1,1,coder1
wendys_all_h1_00271,batch1_fortune100,20260618expand/classifier_improvement/data/human_labeling_template/coder_splits/coder1_labeling_template.csv,Massachusetts Mutual Life,1391371648419438596,https://x.com/massmutual/status/1391371648419438596,Sun May 09 12:37:06 +0000 2021,"From the day you were born, your mom has been there to nurture, encourage, and support you, no matter what. This #MothersDay, how are you thanking the person who has always looked out for you? #LiveMutual",1,1,coder1
wendys_all_h1_00272,batch1_fortune100,20260618expand/classifier_improvement/data/human_labeling_template/coder_splits/coder1_labeling_template.csv,Comcast,1820901369613599069,https://x.com/comcast/status/1820901369613599069,Tue Aug 06 19:14:51 +0000 2024,Truly out of this world adventures coming to Universal Epic Universe in 2025 🌟 Five distinct worlds will immerse guests in ways they've never experienced. Learn more about how we're investing in our parks to deliver unique and exciting experiences: https://t.co/QWiKAABG28,1,1,coder1
wendys_all_h1_00273,batch1_fortune100,20260618expand/classifier_improvement/data/human_labeling_template/coder_splits/coder1_labeling_template.csv,Comcast,1874817932636872976,https://x.com/comcast/status/1874817932636872976,Thu Jan 02 14:00:02 +0000 2025,"America runs on WiFi, not cellular. We've built our world-class Xfinity network to ensure our customers are connected to fast, reliable WiFi – in and out of the home.",1,1,coder1
wendys_all_h1_00274,batch1_fortune100,20260618expand/classifier_improvement/data/human_labeling_template/coder_splits/coder1_labeling_template.csv,Walt Disney,1995758624275345637,https://x.com/Disney/status/1995758624275345637,Tue Dec 02 07:35:10 +0000 2025,Billie Eilish celebrates Avatar: Fire and Ash with Director James Cameron and Suzy Amis Cameron at the world premiere in Hollywood. https://t.co/F0W6eaicrg,0,0,coder1
wendys_all_h1_00275,batch1_fortune100,20260618expand/classifier_improvement/data/human_labeling_template/coder_splits/coder1_labeling_template.csv,Chevron,2017311659971543312,https://x.com/chevron/status/2017311659971543312,Fri Jan 30 18:59:14 +0000 2026,"Mike Wirth, $CVX CEO, on our 4Q 2025 results. $CVX 4Q 2025 materials (including cautionary statements and non-GAAP reconciliation appendix) here: https://t.co/47b9MqbND8 https://t.co/omrRfRuLNb",0,0,coder1
wendys_all_h1_00276,batch1_fortune100,20260618expand/classifier_improvement/data/human_labeling_template/coder_splits/coder1_labeling_template.csv,Home Depot,802201923352985600,https://x.com/HDCares/status/802201923352985600,Fri Nov 25 17:26:57 +0000 2016,@NOvieraLE Price adjustments are @ store's discretion. Pls contact store mgmt for a consensus.-TeamCare,1,1,coder1
wendys_all_h1_00277,batch1_fortune100,20260618expand/classifier_improvement/data/human_labeling_template/coder_splits/coder1_labeling_template.csv,Microsoft,2048829906478682304,https://x.com/microsoft/status/2048829906478682304,Mon Apr 27 18:21:29 +0000 2026,"Super to see Accenture roll out 740,000+ M365 Copilot seats—our largest deployment to date! https://t.co/4sIMBwcRAV",1,1,coder1
wendys_all_h1_00278,batch1_fortune100,20260618expand/classifier_improvement/data/human_labeling_template/coder_splits/coder1_labeling_template.csv,American Express,1464581629691760643,https://x.com/americanexpress/status/1464581629691760643,Sat Nov 27 13:07:25 +0000 2021,Here's everything you need to know about shopping small this Small Business Saturday. https://t.co/G8tSme24N9,1,1,coder1
wendys_all_h1_00279,batch1_fortune100,20260618expand/classifier_improvement/data/human_labeling_template/coder_splits/coder1_labeling_template.csv,Ford Motor,1577837778125176832,https://x.com/Ford/status/1577837778125176832,Thu Oct 06 01:46:55 +0000 2022,"#FordMustang was born to race. Introducing the all-new 2023 #Mustang GT ‘Gen3’ Supercar, powered by a 600+HP @Ford Coyote V8 production-based engine. See you on the track in 2023! 🏁 #MustangRacing https://t.co/dW67hhYSXj",1,1,coder1
wendys_all_h1_00280,batch1_fortune100,20260618expand/classifier_improvement/data/human_labeling_template/coder_splits/coder1_labeling_template.csv,Progressive,1933602409521295667,https://x.com/progressive/status/1933602409521295667,Fri Jun 13 19:08:33 +0000 2025,"RT @Superman: On July 11, the entire world will look up. Get tickets now for #Superman -Only In Theaters and @Imax https://t.co/Bo4DiDHkVJ…",1,1,coder1
wendys_all_h1_00281,batch1_fortune100,20260618expand/classifier_improvement/data/human_labeling_template/coder_splits/coder1_labeling_template.csv,Chevron,1940841379690959358,https://x.com/chevron/status/1940841379690959358,Thu Jul 03 18:33:38 +0000 2025,"The correct answer is 5 steps. Gasoline starts deep underground and travels through oil wells, refineries, and distribution systems before reaching the pump. 🚗 Discover more surprising facts about the fuel behind your summer road trip: https://t.co/0fVDqS9buZ",1,1,coder1
wendys_all_h1_00282,batch1_fortune100,20260618expand/classifier_improvement/data/human_labeling_template/coder_splits/coder1_labeling_template.csv,Nike,2058491751988367514,https://x.com/nike/status/2058491751988367514,Sun May 24 10:14:13 +0000 2026,Strength is found in diversity. Patta and Nike reimagine Dutch football through the spirit of the New Netherlands. X2: NIKE ’26 COLLAB KITS. EARLY ACCESS AVAILABLE AT PATTA &amp; @ OnsOranje COMING TO SNKRS AND SELECT RETAILERS THIS SUMMER https://t.co/qMFuAfMxO0,1,1,coder1
wendys_all_h1_00283,batch1_fortune100,20260618expand/classifier_improvement/data/human_labeling_template/coder_splits/coder1_labeling_template.csv,Cisco Systems,2044326864391467410,https://x.com/Cisco/status/2044326864391467410,Wed Apr 15 08:08:00 +0000 2026,"Faster response. More precise location. Better outcomes when it matters most. Learn how emergency services are using real time intelligence to save lives, with insight from Iron Bow CTO, Greg Stemberger ➡️ https://t.co/MzG8q9XT2m https://t.co/8uVY1VBTRi",1,1,coder1
wendys_all_h1_00284,batch1_fortune100,20260618expand/classifier_improvement/data/human_labeling_template/coder_splits/coder1_labeling_template.csv,Phillips 66,1403439734316318720,https://x.com/Phillips66co/status/1403439734316318720,Fri Jun 11 19:51:21 +0000 2021,"We definitely felt the #GoodEnergy yesterday at our volunteer event with @Phillips66co!❤️🤗We are so grateful to the #P66 employees that spent their afternoon assembling 5,000 Child ID Kits that will be distributed at back-to-school and community events this year. #thankyou https://t.co/wh7mTDzgdd",1,1,coder1
wendys_all_h1_00285,batch1_fortune100,20260618expand/classifier_improvement/data/human_labeling_template/coder_splits/coder1_labeling_template.csv,Home Depot,750355057279983617,https://x.com/HDCares/status/750355057279983617,Tue Jul 05 15:46:01 +0000 2016,@DaPeters217 Did you notice this within the first 48 hours from install? -TeamCare https://t.co/tkRI18DyqB,1,1,coder1
wendys_all_h1_00286,batch1_fortune100,20260618expand/classifier_improvement/data/human_labeling_template/coder_splits/coder1_labeling_template.csv,Progressive,1848378828642791750,https://x.com/progressive/status/1848378828642791750,Mon Oct 21 15:00:28 +0000 2024,"No matter how you’re doing, Progressive has your back. @ColtMcCoy https://t.co/IVyTieSMjn",1,1,coder1
wendys_all_h1_00287,batch1_fortune100,20260618expand/classifier_improvement/data/human_labeling_template/coder_splits/coder1_labeling_template.csv,Charter Communications,2045174224000578050,https://x.com/CharterNewsroom/status/2045174224000578050,Fri Apr 17 16:15:07 +0000 2026,"Moving doesn’t have to be hard. At West Point Park Apartments in Florida, Spectrum’s bulk services agreement means fast WiFi and cable setup before the first moving box hits the floor. Work from home that day and stream your favorite shows at night. That simple. #Spectrum https://t.co/VbDApTP67D",1,1,coder1
wendys_all_h1_00288,batch1_fortune100,20260618expand/classifier_improvement/data/human_labeling_template/coder_splits/coder1_labeling_template.csv,Archer Daniels Midland,1560248196319821825,https://x.com/ADMupdates/status/1560248196319821825,Thu Aug 18 12:52:12 +0000 2022,"Congratulations DJ Rossini, ADM Head of Global Security and Senior Counsel, for recently being named the 2022 FBI Director’s Manuel J. Gonzalez Ethics Award for his commitment to integrity during his time W/@FBIChicago prior to joining #TeamADM.",0,0,coder1
wendys_all_h1_00289,batch1_fortune100,20260618expand/classifier_improvement/data/human_labeling_template/coder_splits/coder1_labeling_template.csv,Tesla,2041751061531390171,https://x.com/tesla/status/2041751061531390171,Wed Apr 08 05:32:41 +0000 2026,Introducing Tesla Self-Driving 14.3: Self-Driving that doesn't waste your time The most humanlike self-driving you've ever experienced https://t.co/oGeokakWBg,1,1,coder1
wendys_all_h1_00290,batch1_fortune100,20260618expand/classifier_improvement/data/human_labeling_template/coder_splits/coder1_labeling_template.csv,RTX,2062945720311640082,https://x.com/RTX_News/status/2062945720311640082,Fri Jun 05 17:12:42 +0000 2026,"@DeptofWar As mission demands evolve, RTX continues to invest in advanced manufacturing, workforce development and production capacity to help ensure customers have the capabilities they need, when they need them.",1,1,coder1
wendys_all_h1_00291,batch1_fortune100,20260618expand/classifier_improvement/data/human_labeling_template/coder_splits/coder1_labeling_template.csv,Sysco,1775205877274038449,https://x.com/sysco/status/1775205877274038449,Tue Apr 02 16:57:17 +0000 2024,"On March 22, we held an event in Louisville, KY to express our appreciation for the remarkable efforts of the first responders who aided in rescuing our delivery partner from the Clark Memorial Bridge. https://t.co/lOQtfDYSh9",1,1,coder1
wendys_all_h1_00292,batch1_fortune100,20260618expand/classifier_improvement/data/human_labeling_template/coder_splits/coder1_labeling_template.csv,Kroger,1412048683194011651,https://x.com/kroger/status/1412048683194011651,Mon Jul 05 14:00:15 +0000 2021,"Ever wondered what a day in the life of a produce manager is like 🧐 Let Beth, our Head of Fresh from Las Vegas, NV tell you all about it &amp; click https://t.co/NdJPPXEqix to shop our fresh produce! https://t.co/s0BsECJI4u",1,1,coder1
wendys_all_h1_00293,batch1_fortune100,20260618expand/classifier_improvement/data/human_labeling_template/coder_splits/coder1_labeling_template.csv,Home Depot,780908274027786240,https://x.com/HDCares/status/780908274027786240,Tue Sep 27 23:13:35 +0000 2016,@crsofr We'd like further insight regarding ur visit @ Castleton. Send add’l details/contact info to TeamSocial@homedepot.com. -TeamCare,0,0,coder1
wendys_all_h1_00294,batch1_fortune100,20260618expand/classifier_improvement/data/human_labeling_template/coder_splits/coder1_labeling_template.csv,Massachusetts Mutual Life,1422920306033836037,https://x.com/massmutual/status/1422920306033836037,Wed Aug 04 14:00:12 +0000 2021,"Every 7 seconds an American suffers from a disabling injury or illness. Let us help you plan ahead in case the worst happens. Talk to us about disability income insurance today, feel comfortable about tomorrow. https://t.co/FyYcyqNwHw",0,0,coder1
wendys_all_h1_00295,batch1_fortune100,20260618expand/classifier_improvement/data/human_labeling_template/coder_splits/coder1_labeling_template.csv,Performance Food Group,649970920069689345,https://x.com/PFGCareers/status/649970920069689345,Fri Oct 02 15:35:17 +0000 2015,Performance Food Group Company (NYSE: $PFGC) rang the Opening Bell to celebrate their recent listing http://t.co/DxEq4NOn2g,0,0,coder1
wendys_all_h1_00296,batch1_fortune100,20260618expand/classifier_improvement/data/human_labeling_template/coder_splits/coder1_labeling_template.csv,Microsoft,1904965993753186406,https://x.com/microsoft/status/1904965993753186406,Wed Mar 26 18:37:40 +0000 2025,RT @satyanadella: Our Researcher and Analyst agents are like having a highly skilled expert on call for you 24/7 across your work data and…,1,1,coder1
wendys_all_h1_00297,batch1_fortune100,20260618expand/classifier_improvement/data/human_labeling_template/coder_splits/coder1_labeling_template.csv,Kroger,1159132317300002817,https://x.com/kroger/status/1159132317300002817,Wed Aug 07 16:00:54 +0000 2019,"Ready to make something #TastyTonight? 😍 Take the delicious flavors of buffalo dip, provolone and oven-roasted turkey, and roll them into a family-sized Buffalo Sandwich Roll for everyone to enjoy! @tasty https://t.co/5EaYv4X5aN https://t.co/6IlYL8D4Px",1,1,coder1
wendys_all_h1_00298,batch1_fortune100,20260618expand/classifier_improvement/data/human_labeling_template/coder_splits/coder1_labeling_template.csv,Johnson & Johnson,1354040224515551232,https://x.com/JNJNews/status/1354040224515551232,Tue Jan 26 12:15:21 +0000 2021,$JNJ reports Q4 2020 and full-year performance results. See the release for full financial details and non-GAAP reconciliations: https://t.co/oiAcclISNR #earnings https://t.co/mP9sEWsVQU,0,0,coder1
wendys_all_h1_00299,batch1_fortune100,20260618expand/classifier_improvement/data/human_labeling_template/coder_splits/coder1_labeling_template.csv,Comcast,1839681408387666227,https://x.com/comcast/status/1839681408387666227,Fri Sep 27 15:00:02 +0000 2024,#TheWildRobotMovie is NOW PLAYING only in theaters! Your task is to get tickets and join Roz in theaters this weekend! 🤖🎟️ https://t.co/PXV4n90Lvc https://t.co/oq0cN0Ap83,1,1,coder1
wendys_all_h1_00300,batch1_fortune100,20260618expand/classifier_improvement/data/human_labeling_template/coder_splits/coder1_labeling_template.csv,Goldman Sachs Group,1726956479213679034,https://x.com/GoldmanSachs/status/1726956479213679034,Tue Nov 21 13:31:24 +0000 2023,Our Chief China Equity Strategist Kinger Lau explains in this CNBC interview why the risk-reward ratio in Chinese stocks looks attractive as we head into 2024: https://t.co/c8IG3Aieog,0,0,coder1
wendys_all_h1_00301,batch1_fortune100,20260618expand/classifier_improvement/data/human_labeling_template/coder_splits/coder1_labeling_template.csv,Nvidia,2065464144908713999,https://x.com/nvidia/status/2065464144908713999,Fri Jun 12 16:00:01 +0000 2026,"What if compliance wasn't the reason your AI initiative never made it past the pilot stage? 🔒 NVIDIA AI Enterprise's government-ready software gives teams around the world a secure, production-ready foundation — so they can focus on deploying AI, not managing vulnerabilities. https://t.co/6iGhBhpmSJ",0,0,coder1
wendys_all_h1_00302,batch1_fortune100,20260618expand/classifier_improvement/data/human_labeling_template/coder_splits/coder1_labeling_template.csv,Liberty Mutual Insurance Group,1123645005015519232,https://x.com/LibertyMutual/status/1123645005015519232,Wed May 01 17:47:00 +0000 2019,Hope for the best but prepare for the worst. You should always have a plan in place in the event you get into an accident. #LetsMasterThis https://t.co/v16h4exh8m,0,0,coder1
wendys_all_h1_00303,batch1_fortune100,20260618expand/classifier_improvement/data/human_labeling_template/coder_splits/coder1_labeling_template.csv,Morgan Stanley,1601637873287151633,https://x.com/morganstanley/status/1601637873287151633,Sat Dec 10 18:00:00 +0000 2022,"Wondering what to give this holiday season? Consider a gift that keeps on giving – contributions to a 529 plan can help cover future tuition bills, and may provide potential tax benefits for the gift giver. https://t.co/tTt7Y0DqGY",1,1,coder1
wendys_all_h1_00304,batch1_fortune100,20260618expand/classifier_improvement/data/human_labeling_template/coder_splits/coder1_labeling_template.csv,Intel,2052864667836649722,https://x.com/intel/status/2052864667836649722,Fri May 08 21:34:11 +0000 2026,It was an honor to be shown the awesome @Intel fab in Oregon this week. Looking forward to a great partnership with @SpaceX &amp; @Tesla!,1,1,coder1
wendys_all_h1_00305,batch1_fortune100,20260618expand/classifier_improvement/data/human_labeling_template/coder_splits/coder1_labeling_template.csv,Uber Technologies,1836061823243882841,https://x.com/Uber/status/1836061823243882841,Tue Sep 17 15:17:05 +0000 2024,"Did you know there are more than 7 million monthly drivers and couriers on the Uber platform around the world? 🚗 Unlike many riders and consumers who pop in and out, the amount of time they spend on the app is measured in hours and days – not minutes. ⌚ New features and app improvements have an outsized impact on their daily lives, and yours as a customer, which is why we must continuously find ways to improve their experience, day in and day out. At our 'Only on Uber' event in Washington, DC today, we unveiled important new features designed to help make the things drivers and couriers do every day safer, fairer, and easier, adding up to an experience they can find only on Uber. #OnOurWay More here: https://t.co/88jRTFrvgZ",0,0,coder1
wendys_all_h1_00306,batch1_fortune100,20260618expand/classifier_improvement/data/human_labeling_template/coder_splits/coder1_labeling_template.csv,Enterprise Products Partners,1682410717268545537,https://x.com/EProd_Careers/status/1682410717268545537,Fri Jul 21 15:22:27 +0000 2023,Enterprise Products is an organization rich in energy-related opportunities. Could this one be right for you? Click here to find out. https://t.co/YKvb8wXliW #TechnicianJobs,0,0,coder1
wendys_all_h1_00307,batch1_fortune100,20260618expand/classifier_improvement/data/human_labeling_template/coder_splits/coder1_labeling_template.csv,Enterprise Products Partners,1681097627423899648,https://x.com/EProd_Careers/status/1681097627423899648,Tue Jul 18 00:24:42 +0000 2023,Make the most of your talents in a fast-paced environment driven by people who strive for achievement. Join us at Enterprise Products. Apply now! https://t.co/KZP19RHJGJ #TechnicianJobs,1,1,coder1
wendys_all_h1_00308,batch1_fortune100,20260618expand/classifier_improvement/data/human_labeling_template/coder_splits/coder1_labeling_template.csv,Massachusetts Mutual Life,1209509349355339781,https://x.com/massmutual/status/1209509349355339781,Tue Dec 24 16:21:15 +0000 2019,"@MarketWatch If you guessed the Saturday before Christmas, you'd be correct!",1,1,coder1
wendys_all_h1_00309,batch1_fortune100,20260618expand/classifier_improvement/data/human_labeling_template/coder_splits/coder1_labeling_template.csv,Sysco,1737865766278758445,https://x.com/sysco/status/1737865766278758445,Thu Dec 21 16:01:01 +0000 2023,"Last month a group of Sysco Culinary Specialists were invited to an exclusive @RealCalifMilk educational experience at the Culinary Institute of America at Copia in Napa, CA! The chefs also enjoyed a tour of the women-owned Point Reyes Farmstead Cheese Company. https://t.co/pQIqNyztfV",0,0,coder1
wendys_all_h1_00310,batch1_fortune100,20260618expand/classifier_improvement/data/human_labeling_template/coder_splits/coder1_labeling_template.csv,Lowe's,1471662466455289859,https://x.com/lowes/status/1471662466455289859,Fri Dec 17 02:04:08 +0000 2021,RT @USA_Network: It's party time on tonight's season finale!! 🎉 🛍 Tweet using #AmericasBigDeal and your tweet may be featured in the show!,1,1,coder1
wendys_all_h1_00311,batch1_fortune100,20260618expand/classifier_improvement/data/human_labeling_template/coder_splits/coder1_labeling_template.csv,Cencora,1620826733472616468,https://x.com/CencoraGlobal/status/1620826733472616468,Wed Feb 01 16:49:41 +0000 2023,"We are proud to announce that we are contributing to @ArielInvests Project Black, which will invest in middle-market companies that are not currently minority owned, as well as existing Black-, Latino- and Latina-owned businesses. Learn more: https://t.co/LyAym64zRD https://t.co/sxk5zRKQYA",0,0,coder1
wendys_all_h1_00312,batch1_fortune100,20260618expand/classifier_improvement/data/human_labeling_template/coder_splits/coder1_labeling_template.csv,FedEx,1758153872403489004,https://x.com/fedex/status/1758153872403489004,Thu Feb 15 15:38:42 +0000 2024,Found a friend on the route 🐾 @OriginalMurdick https://t.co/9MBIj9O9fe,1,1,coder1
wendys_all_h1_00313,batch1_fortune100,20260618expand/classifier_improvement/data/human_labeling_template/coder_splits/coder1_labeling_template.csv,Cigna Group,1654557926202195970,https://x.com/TheCignaGroup/status/1654557926202195970,Fri May 05 18:45:24 +0000 2023,"Our mission at The Cigna Group is to improve the health and vitality for all we serve. Our environmental, social and governance (ESG) commitments focus our pledge to influence a healthy society, workforce, environment, and company. Learn more here: https://t.co/9UoE3jTXal https://t.co/AtLobRA0cm",0,0,coder1
wendys_all_h1_00314,batch1_fortune100,20260618expand/classifier_improvement/data/human_labeling_template/coder_splits/coder1_labeling_template.csv,Enterprise Products Partners,1683094874462240768,https://x.com/EProd_Careers/status/1683094874462240768,Sun Jul 23 12:41:03 +0000 2023,Think you would excel as our next Inland Tankerman – Pay Range: $310 - $350 (Depending Upon Experience)? Consider Enterprise Products as YOUR pipeline for career success! Apply today. https://t.co/joWoKGy46d #MarineServices,0,0,coder1
wendys_all_h1_00315,batch1_fortune100,20260618expand/classifier_improvement/data/human_labeling_template/coder_splits/coder1_labeling_template.csv,Enterprise Products Partners,1681462492680323077,https://x.com/EProd_Careers/status/1681462492680323077,Wed Jul 19 00:34:32 +0000 2023,"If you are a highly motivated achiever with a passion for success, we invite you to learn more about Enterprise Products. Apply today! https://t.co/ve7zZJJAhH",1,1,coder1
wendys_all_h1_00316,batch1_fortune100,20260618expand/classifier_improvement/data/human_labeling_template/coder_splits/coder1_labeling_template.csv,Comcast,1903069204624052610,https://x.com/comcast/status/1903069204624052610,Fri Mar 21 13:00:30 +0000 2025,GOOD NEWS! #WickedMovie is now streaming on Peacock. https://t.co/due2lwIWnZ,1,1,coder1
wendys_all_h1_00317,batch1_fortune100,20260618expand/classifier_improvement/data/human_labeling_template/coder_splits/coder1_labeling_template.csv,Walt Disney,1908550197057409026,https://x.com/Disney/status/1908550197057409026,Sat Apr 05 16:00:00 +0000 2025,"This October, worlds will collide. #TronAres. Only in theaters 10.10.25 https://t.co/9Q1RAUBHBU",0,0,coder1
wendys_all_h1_00318,batch1_fortune100,20260618expand/classifier_improvement/data/human_labeling_template/coder_splits/coder1_labeling_template.csv,Kroger,1455535189728403464,https://x.com/kroger/status/1455535189728403464,Tue Nov 02 14:00:06 +0000 2021,We're introducing new hydroponic farming techniques to make our fresh produce even fresher! 🍅 Click https://t.co/GMS7t2ukoA to celebrate with some Private Selection Ruby Rows Cherry Tomatoes! https://t.co/voXVnTttMU,1,1,coder1
wendys_all_h1_00319,batch1_fortune100,20260618expand/classifier_improvement/data/human_labeling_template/coder_splits/coder1_labeling_template.csv,Kroger,1337411841761415168,https://x.com/kroger/status/1337411841761415168,Fri Dec 11 15:00:05 +0000 2020,"Cheers! Sip on this cranberry cocktail by @PlatingsPairing this holiday season, garnished with cranberries and fresh mint for a crisp taste. Enjoy your holiday season responsibly. https://t.co/kLCX9k1Sxw",1,1,coder1
wendys_all_h1_00320,batch1_fortune100,20260618expand/classifier_improvement/data/human_labeling_template/coder_splits/coder1_labeling_template.csv,FedEx,1943317159364419666,https://x.com/fedex/status/1943317159364419666,Thu Jul 10 14:31:30 +0000 2025,"Hi, this is Divin. I am very sorry for the inconvenience. I'd like to help. Kindly DM us your full name, complete delivery address, tracking number, phone number and email address. Thank you. https://t.co/3U6sZOr8Cm",0,0,coder1
wendys_all_h1_00321,batch1_fortune100,20260618expand/classifier_improvement/data/human_labeling_template/coder_splits/coder1_labeling_template.csv,Amazon,1841704735725773225,https://x.com/amazon/status/1841704735725773225,Thu Oct 03 05:00:00 +0000 2024,"Don’t miss out on millions of early holiday deals and exclusive savings for Prime Members during Prime Big Deal Days, starting October 8. ⬇️ https://t.co/5phQ9sNOMx",0,0,coder1
wendys_all_h1_00322,batch1_fortune100,20260618expand/classifier_improvement/data/human_labeling_template/coder_splits/coder1_labeling_template.csv,TD Synnex,1438958360070664193,https://x.com/tdsynnex/status/1438958360070664193,Fri Sep 17 20:09:42 +0000 2021,📂 IT ecosystem └📂 distribution and solutions aggregation └📂 funny tweets └⚠️ no files were found,1,1,coder1
wendys_all_h1_00323,batch1_fortune100,20260618expand/classifier_improvement/data/human_labeling_template/coder_splits/coder1_labeling_template.csv,Ford Motor,2046604875648106620,https://x.com/Ford/status/2046604875648106620,Tue Apr 21 15:00:01 +0000 2026,Life’s better in 4WD.,1,1,coder1
wendys_all_h1_00324,batch1_fortune100,20260618expand/classifier_improvement/data/human_labeling_template/coder_splits/coder1_labeling_template.csv,Walt Disney,2028679520409079903,https://x.com/Disney/status/2028679520409079903,Tue Mar 03 03:51:03 +0000 2026,Congratulations to all 22 Children's and Family Emmy® wins from across the Walt Disney Company. https://t.co/dJUAmGZWK9,0,0,coder1
wendys_all_h1_00325,batch1_fortune100,20260618expand/classifier_improvement/data/human_labeling_template/coder_splits/coder1_labeling_template.csv,Intel,1959036565323133431,https://x.com/intel/status/1959036565323133431,Fri Aug 22 23:34:48 +0000 2025,RT @LipBuTan1: Just met with President Trump to announce a historic agreement: the U.S. government is investing $8.9B in @Intel to boost Am…,0,0,coder1
wendys_all_h1_00326,batch1_fortune100,20260618expand/classifier_improvement/data/human_labeling_template/coder_splits/coder1_labeling_template.csv,General Dynamics,1527009070997295104,https://x.com/generaldynamics/status/1527009070997295104,Wed May 18 19:31:47 +0000 2022,"RT @gatewayairport: We celebrated the start of Gulfstream’s brand new, state of the art Maintenance, Repair and Overhaul facility. This fac…",1,1,coder1
wendys_all_h1_00327,batch1_fortune100,20260618expand/classifier_improvement/data/human_labeling_template/coder_splits/coder1_labeling_template.csv,Liberty Mutual Insurance Group,1219425124790738945,https://x.com/LibertyMutual/status/1219425124790738945,Tue Jan 21 01:03:00 +0000 2020,Raise your hand if you shout appraisals at the TV while watching #AntiquesRoadshow! ✋✋✋ #ProudSponsor,1,1,coder1
wendys_all_h1_00328,batch1_fortune100,20260618expand/classifier_improvement/data/human_labeling_template/coder_splits/coder1_labeling_template.csv,Kroger,1265262848537759745,https://x.com/kroger/status/1265262848537759745,Tue May 26 12:45:45 +0000 2020,❤️,0,0,coder1
wendys_all_h1_00329,batch1_fortune100,20260618expand/classifier_improvement/data/human_labeling_template/coder_splits/coder1_labeling_template.csv,Cigna Group,1580631077046976513,https://x.com/Cigna/status/1580631077046976513,Thu Oct 13 18:46:30 +0000 2022,"Life can be stressful. Tell us, which of the following do you rely on to manage your stress and emotional health? Learn more tips for handling stress: https://t.co/b3taOL7Z8p",1,1,coder1
wendys_all_h1_00330,batch1_fortune100,20260618expand/classifier_improvement/data/human_labeling_template/coder_splits/coder1_labeling_template.csv,Kroger,1395777833021186050,https://x.com/kroger/status/1395777833021186050,Fri May 21 16:25:42 +0000 2021,"@BillMurphyTalks Hey Bill, Yikes! We are so sorry that you were not satisfied with the Harris Teeter Seltzer Water. We have suppliers all over the country, so there is a chance the taste will not be the same. Your opinion does count!!!",1,1,coder1
wendys_all_h1_00331,batch1_fortune100,20260618expand/classifier_improvement/data/human_labeling_template/coder_splits/coder1_labeling_template.csv,Tesla,2017412837006795051,https://x.com/tesla/status/2017412837006795051,Sat Jan 31 01:41:16 +0000 2026,"What it’s like to drive a Tesla for over 250,000 miles",1,1,coder1
wendys_all_h1_00332,batch1_fortune100,20260618expand/classifier_improvement/data/human_labeling_template/coder_splits/coder1_labeling_template.csv,Boeing,1792908628992618765,https://x.com/boeing/status/1792908628992618765,Tue May 21 13:21:42 +0000 2024,https://t.co/RpmvqdkEGh,0,0,coder1
wendys_all_h1_00333,batch1_fortune100,20260618expand/classifier_improvement/data/human_labeling_template/coder_splits/coder1_labeling_template.csv,Bristol-Myers Squibb,1517249167663509504,https://x.com/bmsnews/status/1517249167663509504,Thu Apr 21 21:09:25 +0000 2022,"With @EdpRenewables, we executed a 15-year power purchase agreement at Cattlemen Solar Park in TX, a big step toward reaching our long-term environmental sustainability goals to buy 100% of electricity from renewable sources by 2030.",0,0,coder1
wendys_all_h1_00334,batch1_fortune100,20260618expand/classifier_improvement/data/human_labeling_template/coder_splits/coder1_labeling_template.csv,Allstate,1289234358444802048,https://x.com/allstate/status/1289234358444802048,Fri Jul 31 16:19:58 +0000 2020,"If you are in #Florida or the Southeast, use this #Hurricane preparedness guide to help get ready for #HurricaneIsaias: https://t.co/WgCnEvkUaz",0,0,coder1
wendys_all_h1_00335,batch1_fortune100,20260618expand/classifier_improvement/data/human_labeling_template/coder_splits/coder1_labeling_template.csv,TJX,783386541876011008,https://x.com/tjmaxx/status/783386541876011008,Tue Oct 04 19:21:20 +0000 2016,@mevanslauren Thanks for reaching out about this. Please give Customer Service a call at 1-800-926-6299 M-F between 9-6EST.,0,0,coder1
wendys_all_h1_00336,batch1_fortune100,20260618expand/classifier_improvement/data/human_labeling_template/coder_splits/coder1_labeling_template.csv,Liberty Mutual Insurance Group,1674070216274329606,https://x.com/LibertyMutual/status/1674070216274329606,Wed Jun 28 15:00:16 +0000 2023,"But if you're reading this, you're already aware… https://t.co/x9JxINKIFi",1,1,coder1
wendys_all_h1_00337,batch1_fortune100,20260618expand/classifier_improvement/data/human_labeling_template/coder_splits/coder1_labeling_template.csv,Liberty Mutual Insurance Group,1097990460679876608,https://x.com/LibertyMutual/status/1097990460679876608,Tue Feb 19 22:45:00 +0000 2019,"Did you know: After a recent update, the most valuable item in the #AntiquesRoadshow archive is a 1904 Diego Rivera oil painting. #TriviaTuesday. #ProudSponsor",1,1,coder1
wendys_all_h1_00338,batch1_fortune100,20260618expand/classifier_improvement/data/human_labeling_template/coder_splits/coder1_labeling_template.csv,Microsoft,2032515189086761005,https://x.com/microsoft/status/2032515189086761005,Fri Mar 13 17:52:38 +0000 2026,"We’re the first cloud to bring up an NVIDIA Vera Rubin NVL72 system for validation, another big step in building the next generation of AI infrastructure with NVIDIA. https://t.co/apPyKh0HRK",0,0,coder1
wendys_all_h1_00339,batch1_fortune100,20260618expand/classifier_improvement/data/human_labeling_template/coder_splits/coder1_labeling_template.csv,Delta Air Lines,2017338952823316890,https://x.com/Delta/status/2017338952823316890,Fri Jan 30 20:47:41 +0000 2026,"We’re making schedule adjustments for winter weather this weekend in BOS, PVD, ATL &amp; the Southeast, with safety front and center. Traveling through these cities? Explore flexible options &amp; change your flight in the Delta app or https://t.co/yQj0bzerMw. https://t.co/oCyvlPY5XL",0,0,coder1
wendys_all_h1_00340,batch1_fortune100,20260618expand/classifier_improvement/data/human_labeling_template/coder_splits/coder1_labeling_template.csv,Tesla,2014453312696025464,https://x.com/tesla/status/2014453312696025464,Thu Jan 22 21:41:11 +0000 2026,"We just set the 1st Fully Autonomous, ZERO-Intervention Cannonball Run Record from LA-NY. In the middle of WINTER, through extreme cold, snow, ice, slush & rain, FSD drove 100% of the 3081 miles of our journey. 58 hrs, 22 min non-stop, except for charging. FSD 14.2.2.3 is an absolute game changer for personal autonomy. Incredibly, my Model S could have gotten to NYC faster WITHOUT us on board. @ElonMusk was right. Once an autonomous vehicle is mature, most human input is an error. A comedy of human errors added hours and hundreds of miles, but FSD stunned us with its consistent and comfortable behavior. MUCH more (hilarious) detail to follow. Thank you to my co-passengers @dackboor & Paul Pham, Tesla experts/enthusiasts who agreed to do this in the worst weather possible. Congrats to @aelluswamy and team for this incredible step forward. Data, pix and video coming soon. 1/x https://t.co/d2gaScrwdT @elonmusk @Scobleizer @wholemars @itskyleconner @SawyerMerritt @alex_avoigt @DavidMoss",0,0,coder1
wendys_all_h1_00341,batch1_fortune100,20260618expand/classifier_improvement/data/human_labeling_template/coder_splits/coder1_labeling_template.csv,General Motors,1549381820856287232,https://x.com/GM/status/1549381820856287232,Tue Jul 19 13:13:06 +0000 2022,"We see you, @Chevrolet. 🏋️✨",1,1,coder1
wendys_all_h1_00342,batch1_fortune100,20260618expand/classifier_improvement/data/human_labeling_template/coder_splits/coder1_labeling_template.csv,McKesson,1592605130133831683,https://x.com/mckesson/status/1592605130133831683,Tue Nov 15 19:47:06 +0000 2022,"With specialized teams devoted to your growth, we’re here to consult on more than just quality products. Learn more: https://t.co/kgkBMAAXJ7 https://t.co/bw5tSy0rWR",1,1,coder1
wendys_all_h1_00343,batch1_fortune100,20260618expand/classifier_improvement/data/human_labeling_template/coder_splits/coder1_labeling_template.csv,Allstate,1334897908425121793,https://x.com/allstate/status/1334897908425121793,Fri Dec 04 16:30:37 +0000 2020,"Our head coach @coachbriankelly never backs down from a challenge, even if it's from @mikegolicjr ! Coach Kelly is joining the @Allstate #GoodHandsChallenge which donates $10 per flick to college scholarships. Next up @julianlove27 and all @FightingIrish fans! #GoIrish https://t.co/Ij2B7dvMzp",1,1,coder1
wendys_all_h1_00344,batch1_fortune100,20260618expand/classifier_improvement/data/human_labeling_template/coder_splits/coder1_labeling_template.csv,Walt Disney,1913072451258663225,https://x.com/Disney/status/1913072451258663225,Fri Apr 18 03:29:50 +0000 2025,"RT @starwars: The Chosen One, Hayden Christensen thanks the fans and kicks off #StarWarsCelebration weekend. https://t.co/7ZPwSgWeiC",1,1,coder1
wendys_all_h1_00345,batch1_fortune100,20260618expand/classifier_improvement/data/human_labeling_template/coder_splits/coder1_labeling_template.csv,Nvidia,1940472489517436985,https://x.com/nvidia/status/1940472489517436985,Wed Jul 02 18:07:48 +0000 2025,"RT @nvidianewsroom: Here’s to our ongoing collaboration with @OpenAI, as we continue to shape the future of AI together. https://t.co/123x2…",1,1,coder1
wendys_all_h1_00346,batch1_fortune100,20260618expand/classifier_improvement/data/human_labeling_template/coder_splits/coder1_labeling_template.csv,Johnson & Johnson,1617567977116762112,https://x.com/JNJNews/status/1617567977116762112,Mon Jan 23 17:00:33 +0000 2023,"Innovators at #JNJ are aiming to help improve maternal health outcomes by studying rare diseases like #HDFN. For #MaternalHealth Awareness Day, learn about the passion these innovators have for their work and the progress J&amp;J is making to help pregnant people and their babies.",0,0,coder1
wendys_all_h1_00347,batch1_fortune100,20260618expand/classifier_improvement/data/human_labeling_template/coder_splits/coder1_labeling_template.csv,Alphabet,2044447030353752349,https://x.com/google/status/2044447030353752349,Wed Apr 15 16:05:30 +0000 2026,"Gemini 3.1 Flash TTS is our most controllable text-to-speech model yet. With new Audio Tags, you can easily direct vocal style, delivery, and pace through text commands. 🧵",0,0,coder1
wendys_all_h1_00348,batch1_fortune100,20260618expand/classifier_improvement/data/human_labeling_template/coder_splits/coder1_labeling_template.csv,Target,1494352268187119620,https://x.com/target/status/1494352268187119620,Thu Feb 17 16:45:19 +0000 2022,Are you Target? Bc I like everything I see,1,1,coder1
wendys_all_h1_00349,batch1_fortune100,20260618expand/classifier_improvement/data/human_labeling_template/coder_splits/coder1_labeling_template.csv,Archer Daniels Midland,1476239112894095373,https://x.com/ADMupdates/status/1476239112894095373,Wed Dec 29 17:10:06 +0000 2021,Happy 50th anniversary to our ARTCO (American River Transportation Company) colleagues! Congratulations to our #TeamADM members who help make our business a success. 🎉 https://t.co/JH0DtOLPTZ,0,0,coder1
wendys_all_h1_00350,batch1_fortune100,20260618expand/classifier_improvement/data/human_labeling_template/coder_splits/coder1_labeling_template.csv,HCA Healthcare,1849186202878161308,https://x.com/hcahealthcare/status/1849186202878161308,Wed Oct 23 20:28:41 +0000 2024,"Across HCA Healthcare, emergency room (ER) nurses care for patients who are facing severe, often-life threatening emergencies. Please join us in thanking nurses like @HCAFLHealthcare's Rashuan Spencer for providing patient-centered, lifesaving care. #HCANursing https://t.co/KX6LVsf4dS",0,0,coder1
wendys_all_h1_00351,batch1_fortune100,20260618expand/classifier_improvement/data/human_labeling_template/coder_splits/coder1_labeling_template.csv,Travelers,1712822661322014781,https://x.com/travelers/status/1712822661322014781,Fri Oct 13 13:28:39 +0000 2023,#TravelersInstitute President Joan Woodward joined @DisabilityIN's Jill Houghton and Bruce Soltys from Travelers for a conversation about hiring and retaining workers with disabilities. 🖥️ Watch the replay now: https://t.co/W2sD9kQ7Ko #WednesdayswithWoodward https://t.co/iSYWTXT33B,0,0,coder1
wendys_all_h1_00352,batch1_fortune100,20260618expand/classifier_improvement/data/human_labeling_template/coder_splits/coder1_labeling_template.csv,Tesla,2047018643880583330,https://x.com/tesla/status/2047018643880583330,Wed Apr 22 18:24:11 +0000 2026,RT @TeslaCharging: Earn a unique Earth Day badge by charging your Tesla today. Both Supercharging &amp; home charging count. Happy Earth Day…,1,1,coder1
wendys_all_h1_00353,batch1_fortune100,20260618expand/classifier_improvement/data/human_labeling_template/coder_splits/coder1_labeling_template.csv,Home Depot,762396275820093441,https://x.com/HDCares/status/762396275820093441,Sun Aug 07 21:13:31 +0000 2016,@jlsmith210 Sorry we let you down! Pls send ur order # and contact info to TeamSocial@homedepot.com for assistance. -TeamCare,0,0,coder1
wendys_all_h1_00354,batch1_fortune100,20260618expand/classifier_improvement/data/human_labeling_template/coder_splits/coder1_labeling_template.csv,Lowe's,1493031032425267200,https://x.com/lowes/status/1493031032425267200,Mon Feb 14 01:15:11 +0000 2022,Thank you to all of those who supported the USO in @Lowes #HomeTeamsForHometowns Twitter poll. We will use these funds to continue supporting service members and their families. Now it’s time to see if it will be @Bengals or @RamsNFL who win the #SuperBowl !,0,0,coder1
wendys_all_h1_00355,batch1_fortune100,20260618expand/classifier_improvement/data/human_labeling_template/coder_splits/coder1_labeling_template.csv,Walt Disney,1978491059047985265,https://x.com/Disney/status/1978491059047985265,Wed Oct 15 16:00:01 +0000 2025,"Experience Avatar like never before! Go behind the scenes of the global phenomenon with an epic two-part event. Watch Fire And Water: Making The Avatar Films, streaming November 7 on @DisneyPlus. https://t.co/s7i7ZLArVJ",0,0,coder1
wendys_all_h1_00356,batch1_fortune100,20260618expand/classifier_improvement/data/human_labeling_template/coder_splits/coder1_labeling_template.csv,Caterpillar,1676237024821407745,https://x.com/CaterpillarInc/status/1676237024821407745,Tue Jul 04 14:30:24 +0000 2023,Let's light up the sky. 🎇 Wishing everyone a Happy and Safe 4th of July! https://t.co/ANuPTVoXJ8,1,1,coder1
wendys_all_h1_00357,batch1_fortune100,20260618expand/classifier_improvement/data/human_labeling_template/coder_splits/coder1_labeling_template.csv,Eli Lilly,1894758894380908880,https://x.com/EliLillyandCo/status/1894758894380908880,Wed Feb 26 14:38:17 +0000 2025,"We’re dramatically investing to support future breakthroughs in medicine with 4 new U.S. sites. See the details of this latest commitment that more than doubles our domestic manufacturing investment, exceeding $50 billion since 2020: https://t.co/aifA5unYrl #WeAreLilly https://t.co/BjjkyPxBZd",0,0,coder1
wendys_all_h1_00358,batch1_fortune100,20260618expand/classifier_improvement/data/human_labeling_template/coder_splits/coder1_labeling_template.csv,Elevance Health,1575482513396764673,https://x.com/elevancehealth/status/1575482513396764673,Thu Sep 29 13:47:56 +0000 2022,"Join us on October 6, 1-2 pm ET, for a PQA #Webinar sponsored by @ElevanceHealth. Panelists will discuss #pharmacoequity, explore how it's operationalized and the latest research. https://t.co/08HNr43Yek #healthequity https://t.co/pwm6M920de",0,0,coder1
wendys_all_h1_00359,batch1_fortune100,20260618expand/classifier_improvement/data/human_labeling_template/coder_splits/coder1_labeling_template.csv,Citigroup,1801300828369608815,https://x.com/Citi/status/1801300828369608815,Thu Jun 13 17:09:18 +0000 2024,"RT @moneymoverscnbc: ""We're going to see some better inflation prints over the next few months, and that's going to open the door for rate…",0,0,coder1
wendys_all_h1_00360,batch1_fortune100,20260618expand/classifier_improvement/data/human_labeling_template/coder_splits/coder1_labeling_template.csv,Delta Air Lines,1504804827993313283,https://x.com/Delta/status/1504804827993313283,Fri Mar 18 13:00:03 +0000 2022,"#sweepstakes We think #NFTs are great. But how about a Nice Free Trip* instead? Visit the link for your chance to win. *Trip = flight, hotel, activity for two. No Purch Nec US 50 Res 18+ Full Rules: https://t.co/UmRBFR7wP8 #sweepstakes",0,0,coder1
wendys_all_h1_00361,batch1_fortune100,20260618expand/classifier_improvement/data/human_labeling_template/coder_splits/coder1_labeling_template.csv,Prudential Financial,1208073499761369089,https://x.com/Prudential/status/1208073499761369089,Fri Dec 20 17:15:41 +0000 2019,"RT @kalamarides: #Smallbiz workers deserve the same opportunity as others to save for a secure retirement, and the passage of #SECUREAct le…",1,1,coder1
wendys_all_h1_00362,batch1_fortune100,20260618expand/classifier_improvement/data/human_labeling_template/coder_splits/coder1_labeling_template.csv,Home Depot,776473656901926912,https://x.com/HDCares/status/776473656901926912,Thu Sep 15 17:32:00 +0000 2016,@Flora_Finching Thanks for your kudos! Share more insight w/ us by emailing your full experience to TeamSocial@homedepot.com. –TeamCare,1,1,coder1
wendys_all_h1_00363,batch1_fortune100,20260618expand/classifier_improvement/data/human_labeling_template/coder_splits/coder1_labeling_template.csv,Walt Disney,1938267101883470108,https://x.com/Disney/status/1938267101883470108,Thu Jun 26 16:04:23 +0000 2025,should’ve known he couldn’t keep a secret. a 626 day surprise: #LiloAndStitch 2 is now in development! https://t.co/1fVCqEhR0W,1,1,coder1
wendys_all_h1_00364,batch1_fortune100,20260618expand/classifier_improvement/data/human_labeling_template/coder_splits/coder1_labeling_template.csv,Walt Disney,1854989402721615945,https://x.com/Disney/status/1854989402721615945,Fri Nov 08 20:48:32 +0000 2024,"Any Gabrielly, voice of Moana in Brazil, with a special performance of ""Beyond"" from #Moana2 🎶 https://t.co/yMuY8w9xsm",0,0,coder1
wendys_all_h1_00365,batch1_fortune100,20260618expand/classifier_improvement/data/human_labeling_template/coder_splits/coder1_labeling_template.csv,Cencora,1553037690123214851,https://x.com/CencoraGlobal/status/1553037690123214851,Fri Jul 29 15:20:14 +0000 2022,"Lamont Robinson, director of supplier diversity, joined Chain Drug Review to discuss the origin our of diversity, equity and inclusion programs and how diverse-owned business can benefit from programs like the one at AmerisourceBergen. Watch: https://t.co/PVQDa7MP49",0,0,coder1
wendys_all_h1_00366,batch1_fortune100,20260618expand/classifier_improvement/data/human_labeling_template/coder_splits/coder1_labeling_template.csv,ConocoPhillips,1742555875254980776,https://x.com/conocophillips/status/1742555875254980776,Wed Jan 03 14:37:50 +0000 2024,"""To me, it's all about building trust,"" Amy said. Learn more about this #ConocoPhillips consultant who was recently recognized with a Lifetime Achievement SPIRIT Award for her commitment and contributions in Midland, TX. https://t.co/LBQPTYhP58 https://t.co/OKwugkoBDe",0,0,coder1
wendys_all_h1_00367,batch1_fortune100,20260618expand/classifier_improvement/data/human_labeling_template/coder_splits/coder1_labeling_template.csv,Ford Motor,1923070593454281075,https://x.com/Ford/status/1923070593454281075,Thu May 15 17:38:53 +0000 2025,"RT @jimfarley98: It’s always a great time when I get to hang with @JayLeno! Whether we’re talking about cars, history, or... pirates, he al…",1,1,coder1
wendys_all_h1_00368,batch1_fortune100,20260618expand/classifier_improvement/data/human_labeling_template/coder_splits/coder1_labeling_template.csv,Elevance Health,1426915532712906755,https://x.com/elevancehealth/status/1426915532712906755,Sun Aug 15 14:35:48 +0000 2021,"How payers, providers are tackling homelessness &amp; extending care access https://t.co/CeJir2RDQB",0,0,coder1
wendys_all_h1_00369,batch1_fortune100,20260618expand/classifier_improvement/data/human_labeling_template/coder_splits/coder1_labeling_template.csv,Tesla,2064350518907167166,https://x.com/tesla/status/2064350518907167166,Tue Jun 09 14:14:52 +0000 2026,FSD Supervised now approved in Denmark 🇩🇰 Rollout will begin soon https://t.co/Xpxwcme10k,0,0,coder1
wendys_all_h1_00370,batch1_fortune100,20260618expand/classifier_improvement/data/human_labeling_template/coder_splits/coder1_labeling_template.csv,Bristol-Myers Squibb,1768321192820199825,https://x.com/bmsnews/status/1768321192820199825,Thu Mar 14 17:00:00 +0000 2024,"This #KidneyCancerAwarenessMonth, we honor those impacted by a kidney cancer diagnosis including patients and their loved ones. We are eager to explore new novel combinations for patients in earlier and advanced stages of disease. #KCAM24",0,0,coder1
wendys_all_h1_00371,batch1_fortune100,20260618expand/classifier_improvement/data/human_labeling_template/coder_splits/coder1_labeling_template.csv,Home Depot,743544934771335169,https://x.com/HDCares/status/743544934771335169,Thu Jun 16 20:45:01 +0000 2016,@Pauleadamian Thx for the positive feedback! We have saved your praise under case#2295206 and we'll share w/ the Store Manager. -TeamCare,0,0,coder1
wendys_all_h1_00372,batch1_fortune100,20260618expand/classifier_improvement/data/human_labeling_template/coder_splits/coder1_labeling_template.csv,Humana,1729908079615971408,https://x.com/humana/status/1729908079615971408,Wed Nov 29 17:00:00 +0000 2023,"In its fifth year, our Supplier Diversity Mentor-Protégé Program (MPP) fosters one-on-one mentorship and monthly learning sessions with Humana leaders, participants and external partners to create new opportunities for success and collaboration among diverse-owned business.",0,0,coder1
wendys_all_h1_00373,batch1_fortune100,20260618expand/classifier_improvement/data/human_labeling_template/coder_splits/coder1_labeling_template.csv,Albertsons,1017103816867524608,https://x.com/albertsons/status/1017103816867524608,Wed Jul 11 17:50:21 +0000 2018,"🍉 During grilling season anything is possible to put on the grill, even this juicy watermelon! Pick up watermelon at Albertsons for your grilling festivities! 👉 https://t.co/feHY7MxOBH https://t.co/4mY1KUmgzf",1,1,coder1
wendys_all_h1_00374,batch1_fortune100,20260618expand/classifier_improvement/data/human_labeling_template/coder_splits/coder1_labeling_template.csv,Cigna Group,1471195874311262212,https://x.com/Cigna/status/1471195874311262212,Wed Dec 15 19:10:04 +0000 2021,We are so proud of our employees and the incredible work they do in their communities every day – so we’re sharing their stories of giving and volunteerism! https://t.co/IminiQOuaZ #CignaNews #CignaFoundation https://t.co/lUJuewmc1K,1,1,coder1
wendys_all_h1_00375,batch1_fortune100,20260618expand/classifier_improvement/data/human_labeling_template/coder_splits/coder1_labeling_template.csv,Ingram Micro Holding,1737930444589486126,https://x.com/IngramMicroInc/status/1737930444589486126,Thu Dec 21 20:18:01 +0000 2023,"We're proud to share snapshots of our ESG initiatives in India, Switzerland, and Chile. From creating lanterns from the trash In India, office cleanups in Switzerland and electronic waste collection in Chile, we’re working for a sustainable future. #ingrammicro #ingrammicroesg https://t.co/PwyzpoopE8",0,0,coder1
wendys_all_h1_00376,batch1_fortune100,20260618expand/classifier_improvement/data/human_labeling_template/coder_splits/coder1_labeling_template.csv,Delta Air Lines,1742976691838779399,https://x.com/Delta/status/1742976691838779399,Thu Jan 04 18:30:00 +0000 2024,"New year, new destinations. What’s on your 2024 travel list?",1,1,coder1
wendys_all_h1_00377,batch1_fortune100,20260618expand/classifier_improvement/data/human_labeling_template/coder_splits/coder1_labeling_template.csv,Amazon,1728092140939669892,https://x.com/amazon/status/1728092140939669892,Fri Nov 24 16:44:07 +0000 2023,Big game. Big deals. Big touchdown dance. It’s the first ever #BlackFridayNFL game! Shop Amazon’s Black Friday Deals now and exclusive Big Deal Drops during the game! https://t.co/ZO2mc1eUjQ,1,1,coder1
wendys_all_h1_00378,batch1_fortune100,20260618expand/classifier_improvement/data/human_labeling_template/coder_splits/coder1_labeling_template.csv,Enterprise Products Partners,1681672682272858112,https://x.com/EProd_Careers/status/1681672682272858112,Wed Jul 19 14:29:46 +0000 2023,Discover exciting and rewarding ways to apply your talents at Enterprise Products. Click here to find out more! https://t.co/0UHOvrnH2p #ProjectEngineer,1,1,coder1
wendys_all_h1_00379,batch1_fortune100,20260618expand/classifier_improvement/data/human_labeling_template/coder_splits/coder1_labeling_template.csv,Microsoft,1988705896135029206,https://x.com/microsoft/status/1988705896135029206,Wed Nov 12 20:30:08 +0000 2025,Let’s settle this.,1,1,coder1
wendys_all_h1_00380,batch1_fortune100,20260618expand/classifier_improvement/data/human_labeling_template/coder_splits/coder1_labeling_template.csv,Johnson & Johnson,1622656375020040192,https://x.com/JNJNews/status/1622656375020040192,Mon Feb 06 18:00:01 +0000 2023,"Watch how pharmacists work closely with doctors using real-time heart monitoring to improve patient outcomes. This #AmericanHeartMonth, join #JNJ in thanking pharmacists for keeping patients #hearthealthy. #YouStandByUsAll https://t.co/GNfXCkt5SK",1,1,coder1
wendys_all_h1_00381,batch1_fortune100,20260618expand/classifier_improvement/data/human_labeling_template/coder_splits/coder1_labeling_template.csv,Nationwide,2020659257402630175,https://x.com/nationwide/status/2020659257402630175,Mon Feb 09 00:41:23 +0000 2026,"We love your passion for the game and the community, @Bwagz!",1,1,coder1
wendys_all_h1_00382,batch1_fortune100,20260618expand/classifier_improvement/data/human_labeling_template/coder_splits/coder1_labeling_template.csv,HCA Healthcare,1920510936453882018,https://x.com/hcahealthcare/status/1920510936453882018,Thu May 08 16:07:43 +0000 2025,"🏥Hi! I’m Liz Lee, an emergency room nurse at @HCAFLHealthcare in Lake City, Florida. In honor of #NationalNursesWeek, I’m taking over HCA Healthcare’s social media to give you a glimpse into providing life-saving care in the ER. Follow along and learn more about my journey! https://t.co/DJjBCQs5IZ",1,1,coder1
wendys_all_h1_00383,batch1_fortune100,20260618expand/classifier_improvement/data/human_labeling_template/coder_splits/coder1_labeling_template.csv,AbbVie,1867578155726233942,https://x.com/abbvie/status/1867578155726233942,Fri Dec 13 14:31:44 +0000 2024,"[Video description: On-screen text reads, “Immunology News.”]",0,0,coder1
wendys_all_h1_00384,batch1_fortune100,20260618expand/classifier_improvement/data/human_labeling_template/coder_splits/coder1_labeling_template.csv,Humana,1603434717025550337,https://x.com/humana/status/1603434717025550337,Thu Dec 15 17:00:01 +0000 2022,Take a moment to focus on you during the hustle and bustle of the holiday season. 🎄 Give yourself permission to breathe deeply and relax. 🕎 Meditation and mindfulness help reduce stress which promotes whole-person health.,1,1,coder1
wendys_all_h1_00385,batch1_fortune100,20260618expand/classifier_improvement/data/human_labeling_template/coder_splits/coder1_labeling_template.csv,Walt Disney,1907932218456158683,https://x.com/Disney/status/1907932218456158683,Thu Apr 03 23:04:23 +0000 2025,🚨NEW ANIMAL JUST DROPPED🚨 Meet the newest addition to Zootopia 2 with Quinta Brunson as the quokka therapist Dr. Fuzzby! https://t.co/0iIk8hEvET,1,1,coder1
wendys_all_h1_00386,batch1_fortune100,20260618expand/classifier_improvement/data/human_labeling_template/coder_splits/coder1_labeling_template.csv,Kroger,1200560572535857152,https://x.com/kroger/status/1200560572535857152,Fri Nov 29 23:42:00 +0000 2019,"RT @DHLUS: This #Thanksgiving holiday, we helped deliver happiness to Indianapolis families in need. With the help of @Kroger, @Butterball…",0,0,coder1
wendys_all_h1_00387,batch1_fortune100,20260618expand/classifier_improvement/data/human_labeling_template/coder_splits/coder1_labeling_template.csv,Phillips 66,1549076674913894404,https://x.com/Phillips66co/status/1549076674913894404,Mon Jul 18 17:00:34 +0000 2022,"The Black Employee Network at Phillips 66 has a bold mission to promote diversity, inclusion, and equality in the workplace. It provides programs, activities, and initiatives to promote continual learning in order to attract and retain top talent. https://t.co/OeRzMe45fy",0,0,coder1
wendys_all_h1_00388,batch1_fortune100,20260618expand/classifier_improvement/data/human_labeling_template/coder_splits/coder1_labeling_template.csv,Tesla,2056814647211401488,https://x.com/tesla/status/2056814647211401488,Tue May 19 19:10:00 +0000 2026,https://t.co/vzXgnM51kM,0,0,coder1
wendys_all_h1_00389,batch1_fortune100,20260618expand/classifier_improvement/data/human_labeling_template/coder_splits/coder1_labeling_template.csv,Lockheed Martin,2041531763592212876,https://x.com/lockheedmartin/status/2041531763592212876,Tue Apr 07 15:01:16 +0000 2026,"The dawn of a new era of human space exploration has arrived. Last night, the Orion spacecraft we built for @NASA completed its closest approach of the Moon and the crew delivered a view of Earth few have ever seen. We're proud to support the Artemis program and the missions to come.",1,1,coder1
wendys_all_h1_00390,batch1_fortune100,20260618expand/classifier_improvement/data/human_labeling_template/coder_splits/coder1_labeling_template.csv,FedEx,1563194454801993731,https://x.com/fedex/status/1563194454801993731,Fri Aug 26 15:59:35 +0000 2022,We’re proud to support women-owned businesses! And we work to help them succeed with mentorship opportunities and leadership development. 💜🧡#WomensEqualityDay https://t.co/6nklmvJlRx,0,0,coder1
wendys_all_h1_00391,batch1_fortune100,20260618expand/classifier_improvement/data/human_labeling_template/coder_splits/coder1_labeling_template.csv,Humana,1631414078064214018,https://x.com/humana/status/1631414078064214018,Thu Mar 02 22:00:01 +0000 2023,"We've expanded our relationship with the nation's largest network of independent primary care, @AledadeACO, and are pleased to announce a 10-year collaboration with the health services company.",0,0,coder1
wendys_all_h1_00392,batch1_fortune100,20260618expand/classifier_improvement/data/human_labeling_template/coder_splits/coder1_labeling_template.csv,Uber Technologies,1901671798166458843,https://x.com/Uber/status/1901671798166458843,Mon Mar 17 16:27:42 +0000 2025,"If you guessed Massachusetts.... 🍀 You're wrong. South Carolina, Illinois &amp; Iowa outdid the rest of the country last year booking 1.5x their daily trips on St. Patrick's Day! Who do you think will go out the most this year? https://t.co/F5C9Hm1ZcA",0,0,coder1
wendys_all_h1_00393,batch1_fortune100,20260618expand/classifier_improvement/data/human_labeling_template/coder_splits/coder1_labeling_template.csv,Enterprise Products Partners,1680341410694975489,https://x.com/EProd_Careers/status/1680341410694975489,Sat Jul 15 22:19:46 +0000 2023,Discover exciting and rewarding ways to apply your talents at Enterprise Products. Click here to find out more! https://t.co/BMfKrHZlM2 #TechnicianJobs,0,0,coder1
wendys_all_h1_00394,batch1_fortune100,20260618expand/classifier_improvement/data/human_labeling_template/coder_splits/coder1_labeling_template.csv,Nike,1908990712386839019,https://x.com/nike/status/1908990712386839019,Sun Apr 06 21:10:27 +0000 2025,Top Dogs. @uconnwbb https://t.co/YCGbsjv11Y,1,1,coder1
wendys_all_h1_00395,batch1_fortune100,20260618expand/classifier_improvement/data/human_labeling_template/coder_splits/coder1_labeling_template.csv,Enterprise Products Partners,1681729286456360960,https://x.com/EProd_Careers/status/1681729286456360960,Wed Jul 19 18:14:41 +0000 2023,"If you are a highly motivated achiever with a passion for success, we invite you to learn more about Enterprise Products. Apply today! https://t.co/XTMPnkhGba",1,1,coder1
wendys_all_h1_00396,batch1_fortune100,20260618expand/classifier_improvement/data/human_labeling_template/coder_splits/coder1_labeling_template.csv,American Express,1421171367899246597,https://x.com/americanexpress/status/1421171367899246597,Fri Jul 30 18:10:32 +0000 2021,"It’s finally summer and @dramabookshop is back! We followed along as @Lin_Manuel helped revitalize and reimagine this NYC institution. Watch The Drama Book Shop: The Next Hundred Years now: https://t.co/R2iOWWMeQp. This summer, let’s go #ShopSmall. https://t.co/WxyxJz1zC1",1,1,coder1
wendys_all_h1_00397,batch1_fortune100,20260618expand/classifier_improvement/data/human_labeling_template/coder_splits/coder1_labeling_template.csv,Marathon Petroleum,1984289734198251899,https://x.com/MarathonPetroCo/status/1984289734198251899,Fri Oct 31 16:01:53 +0000 2025,"Fall is in full color in some parts of the country, including around our Findlay, Ohio, headquarters. 🍂 We’re sharing a few of our favorite views as most of the U.S. and Canada prepare to “fall back” to standard time this Sunday at 2 a.m. 🕑 Enjoy that extra hour and take a few minutes to check your smoke and CO detectors. It’s also a good time to refresh your home safety supplies. A little time spent now can make a big difference later. 🍁 #FallBack #DaylightSavingTime #TurnAndTest #FindlayOhio #MarathonPetroleum 🧵 1/2",0,0,coder1
wendys_all_h1_00398,batch1_fortune100,20260618expand/classifier_improvement/data/human_labeling_template/coder_splits/coder1_labeling_template.csv,Johnson & Johnson,1376889447866900485,https://x.com/JNJNews/status/1376889447866900485,Tue Mar 30 13:30:00 +0000 2021,"Since the start of the pandemic, #COVID19 has impacted the lives of people all across the globe. This #NationalDoctorsDay, take a look back at one cardiologist’s time on the front line in Wuhan—from answering a call to volunteer to treating patients: https://t.co/wHH5CYCtNJ https://t.co/9yv00CM7gf",0,0,coder1
wendys_all_h1_00399,batch1_fortune100,20260618expand/classifier_improvement/data/human_labeling_template/coder_splits/coder1_labeling_template.csv,Uber Technologies,2034601189623652612,https://x.com/Uber/status/2034601189623652612,Thu Mar 19 12:01:39 +0000 2026,"I’m excited to announce a partnership with @Uber. As part of this, Uber plans to invest up to $1.25 billion in Rivian and deploy up to 50,000 R2 robotaxis. This partnership accelerates our path to Level 4 autonomy and supports our goal of building one of the safest autonomous platforms in the world—across both shared and personally owned vehicles. The combination of Rivian’s rapidly growing data flywheel, our in-house RAP1 inference platform (800 TOPS), and our multi-modal perception stack provides a powerful foundation to scale autonomy quickly and responsibly over the next couple of years.",0,0,coder1
wendys_all_h1_00400,batch1_fortune100,20260618expand/classifier_improvement/data/human_labeling_template/coder_splits/coder1_labeling_template.csv,FedEx,1704610500540084234,https://x.com/fedex/status/1704610500540084234,Wed Sep 20 21:36:28 +0000 2023,Did your vote win? @GenoSmith3 and @CMC_22 are your Week 2 FedEx #AirandGround @NFL Players of the Week. Congratulate them using #AirandGround! https://t.co/KppQOKwhrW,0,0,coder1
wendys_all_h1_00401,batch1_fortune100,20260618expand/classifier_improvement/data/human_labeling_template/coder_splits/coder1_labeling_template.csv,MetLife,1583533598581620737,https://x.com/metlife/status/1583533598581620737,Fri Oct 21 19:00:05 +0000 2022,Remote workers struggle more with understanding their employee benefits and are two times more likely to say they enrolled in the wrong type of benefits. Open enrollment is the perfect time to enhance your benefits communications. Explore more: https://t.co/JDjF2N4wjt #HR https://t.co/l3b1u9txjg,0,0,coder1
wendys_all_h1_00402,batch1_fortune100,20260618expand/classifier_improvement/data/human_labeling_template/coder_splits/coder1_labeling_template.csv,Target,1559206364316139522,https://x.com/target/status/1559206364316139522,Mon Aug 15 15:52:20 +0000 2022,no one is more optimistic than someone who only grabs a basket,1,1,coder1
wendys_all_h1_00403,batch1_fortune100,20260618expand/classifier_improvement/data/human_labeling_template/coder_splits/coder1_labeling_template.csv,Caterpillar,1430953409214140424,https://x.com/CaterpillarInc/status/1430953409214140424,Thu Aug 26 18:00:53 +0000 2021,Get sustainable power at a lower cost — find the latest information on our solar solutions at https://t.co/OXdAX6HY4B. #SustainablePower #CatMicrogrid #RenewableEnergy https://t.co/kJ5hUk47BT,0,0,coder1
wendys_all_h1_00404,batch1_fortune100,20260618expand/classifier_improvement/data/human_labeling_template/coder_splits/coder1_labeling_template.csv,Morgan Stanley,1900215301167284657,https://x.com/morganstanley/status/1900215301167284657,Thu Mar 13 16:00:06 +0000 2025,"Following two years of S&amp;P 500 returns exceeding 25%, further gains may be more muted in 2025, though AI adoption could lead to a stronger rally. https://t.co/alcXAZW3NW https://t.co/8rea8nw3g9",0,0,coder1
wendys_all_h1_00405,batch1_fortune100,20260618expand/classifier_improvement/data/human_labeling_template/coder_splits/coder1_labeling_template.csv,StoneX Group,2044143786150744128,https://x.com/StoneX_Official/status/2044143786150744128,Tue Apr 14 20:00:31 +0000 2026,"We're heading to Smarter Faster Payments 2026 in San Diego April 26-29. Visit the StoneX Payments team at Booth #438 to learn how we help institutions expand their global payment services through our Swift centric network, 180+ country reach, and flexible API or Swift integrations. Stop by to meet our team and learn how StoneX can support your international payments strategy.",0,0,coder1
wendys_all_h1_00406,batch1_fortune100,20260618expand/classifier_improvement/data/human_labeling_template/coder_splits/coder1_labeling_template.csv,Tesla,2035087674349113626,https://x.com/tesla/status/2035087674349113626,Fri Mar 20 20:14:46 +0000 2026,Truckers love @tesla_semi,1,1,coder1
wendys_all_h1_00407,batch1_fortune100,20260618expand/classifier_improvement/data/human_labeling_template/coder_splits/coder1_labeling_template.csv,Target,1570434727265419266,https://x.com/target/status/1570434727265419266,Thu Sep 15 15:29:50 +0000 2022,"going to Target, need anything?",1,1,coder1
wendys_all_h1_00408,batch1_fortune100,20260618expand/classifier_improvement/data/human_labeling_template/coder_splits/coder1_labeling_template.csv,Bank of America,1646523477846007809,https://x.com/bankofamerica/status/1646523477846007809,Thu Apr 13 14:39:22 +0000 2023,"For travelers 18-34, 80% are willing to pay to upgrade their experience. If you’re planning a trip, you should still anticipate full flights and a packed house at popular destinations. ⬇ https://t.co/7V8XO2MH0E",1,1,coder1
wendys_all_h1_00409,batch1_fortune100,20260618expand/classifier_improvement/data/human_labeling_template/coder_splits/coder1_labeling_template.csv,Broadcom,1960462346221941068,https://x.com/broadcom/status/1960462346221941068,Tue Aug 26 22:00:21 +0000 2025,"From behind the curtain to center stage, here's a glimpse of our general session presenters just before kicking off #VMwareExplore in Las Vegas this morning. 🎤 https://t.co/arrPWM2SOf",1,1,coder1
wendys_all_h1_00410,batch1_fortune100,20260618expand/classifier_improvement/data/human_labeling_template/coder_splits/coder1_labeling_template.csv,TJX,833360116195979264,https://x.com/tjmaxx/status/833360116195979264,Sun Feb 19 16:58:29 +0000 2017,@jeremyrhall Our customer service team can address this issue for you. Please give them a call at 1-800-926-6299 M-F between 9AM-6PM EST,0,0,coder1
wendys_all_h1_00411,batch1_fortune100,20260618expand/classifier_improvement/data/human_labeling_template/coder_splits/coder1_labeling_template.csv,HP,1792617617766629733,https://x.com/hp/status/1792617617766629733,Mon May 20 18:05:19 +0000 2024,"A new AI era begins. Introducing the fastest, most intelligent Windows PCs ever. https://t.co/byVlr70zNH #CopilotPCs https://t.co/UHloOYj4Sd",0,0,coder1
wendys_all_h1_00412,batch1_fortune100,20260618expand/classifier_improvement/data/human_labeling_template/coder_splits/coder1_labeling_template.csv,Exxon Mobil,1415386999557611526,https://x.com/exxonmobil/status/1415386999557611526,Wed Jul 14 19:05:31 +0000 2021,"We’re joining @airliquidegroup , @BorealisGroup, @TotalEnergies and @YARA_france to help decarbonize the industrial area in Normandy, France and explore development of a CO2 infrastructure, including capture and storage. Together, we can make a difference. https://t.co/f9eWpyyZ11 https://t.co/wv6o6I2Mdk",0,0,coder1
wendys_all_h1_00413,batch1_fortune100,20260618expand/classifier_improvement/data/human_labeling_template/coder_splits/coder1_labeling_template.csv,Nike,2058549006137950582,https://x.com/nike/status/2058549006137950582,Sun May 24 14:01:43 +0000 2026,"This player has won in Wheelchair Singles at the Grand Slam in Paris 5 times, and the Wheelchair Doubles 6 times. Who is she? https://t.co/l0jgeBBGvj",1,1,coder1
wendys_all_h1_00414,batch1_fortune100,20260618expand/classifier_improvement/data/human_labeling_template/coder_splits/coder1_labeling_template.csv,Ingram Micro Holding,1765044635129278521,https://x.com/IngramMicroInc/status/1765044635129278521,Tue Mar 05 16:00:08 +0000 2024,"At the Microsoft Channel Connect @IngramMicroMx was recognized for the ""Highest Sales Growth in Windows Pro Devices"" and ""Highest Selling in Software"" 🏆 We are grateful for this honor! #ingrammicro #ingrammicromx https://t.co/Uh0tbfbJrW",0,0,coder1
wendys_all_h1_00415,batch1_fortune100,20260618expand/classifier_improvement/data/human_labeling_template/coder_splits/coder1_labeling_template.csv,USAA,1753093738161709250,https://x.com/usaa/status/1753093738161709250,Thu Feb 01 16:31:32 +0000 2024,"#ad A hard fought season creates perspective and @USARMY veteran LTC Russ Hall understands the greater picture. I’m teaming with #USAA and @VFWHQ to award West Point graduate LTC Russ Hall with a trip to #SuperBowlLVIII. See you in Vegas, Russ! #SaluteToService https://t.co/8QU8sE0Nk1",0,0,coder1
wendys_all_h1_00416,batch1_fortune100,20260618expand/classifier_improvement/data/human_labeling_template/coder_splits/coder1_labeling_template.csv,Nationwide,1860396607557996876,https://x.com/nationwide/status/1860396607557996876,Sat Nov 23 18:54:50 +0000 2024,"The 2024 Lauren Holiday Impact Award nominees and @nationwide kicked off their morning with WeCode KC, a minority and woman-owned nonprofit dedicated to empowering local youth through tech innovation! 💻🙌 https://t.co/LfQjIlU8Ch",0,0,coder1
wendys_all_h1_00417,batch1_fortune100,20260618expand/classifier_improvement/data/human_labeling_template/coder_splits/coder1_labeling_template.csv,TIAA,1549741311414132738,https://x.com/tiaa/status/1549741311414132738,Wed Jul 20 13:01:36 +0000 2022,"In the face of rising costs, the CREF Accounts have been providing the opportunity for growth along with the confidence of income for life over the past 70 years. https://t.co/DyEJHGnebL https://t.co/8sTF2c1qdn",0,0,coder1
wendys_all_h1_00418,batch1_fortune100,20260618expand/classifier_improvement/data/human_labeling_template/coder_splits/coder1_labeling_template.csv,JPMorgan Chase,1651028356400570370,https://x.com/jpmorgan/status/1651028356400570370,Wed Apr 26 01:00:09 +0000 2023,J.P.モルガンは認定NPO法人キッズドアと連携し、高校生100名を対象にしたキャリア教育プログラムを支援してきました。 このたび、プログラムに参加した高校生約30名がJ.P.モルガンの東京オフィスを訪問し、オフィス見学や、将来就きたい仕事についての発表を行いました。 https://t.co/z8003vCN2Z,0,0,coder1
wendys_all_h1_00419,batch1_fortune100,20260618expand/classifier_improvement/data/human_labeling_template/coder_splits/coder1_labeling_template.csv,Microsoft,1858951533507059934,https://x.com/microsoft/status/1858951533507059934,Tue Nov 19 19:12:37 +0000 2024,"Need a quick way to stay on top of tasks, compile reports, or catch up after vacation? Simplify everyday tasks with Copilot Actions. #MSIgnite https://t.co/6da2Sgxv16 https://t.co/8A8Oq1kvlN",1,1,coder1
wendys_all_h1_00420,batch1_fortune100,20260618expand/classifier_improvement/data/human_labeling_template/coder_splits/coder1_labeling_template.csv,HCA Healthcare,1875291676367057022,https://x.com/hcahealthcare/status/1875291676367057022,Fri Jan 03 21:22:31 +0000 2025,"We're continuing our 2024 #Top10 countdown: In the fall, Hurricanes #Helene and #Milton made history for the magnitude of their aftermath. Read about how our scale – and the skills and dedication of our people – made our crisis response possible: https://t.co/mBBaCRJf8S. https://t.co/xjnU5ImDsy",0,0,coder1
wendys_all_h1_00421,batch1_fortune100,20260618expand/classifier_improvement/data/human_labeling_template/coder_splits/coder1_labeling_template.csv,AbbVie,1800505794384789534,https://x.com/abbvie/status/1800505794384789534,Tue Jun 11 12:30:07 +0000 2024,Recently published in @TheLancetOncol: The 4-year follow up results of the randomized Phase 3 GAIA/CLL13 study in #patients with chronic lymphocytic leukemia (#CLL) comparing different first line time-limited therapies. Explore: https://t.co/JwglIYdEnG https://t.co/5oKoewoaHs,0,0,coder1
wendys_all_h1_00422,batch1_fortune100,20260618expand/classifier_improvement/data/human_labeling_template/coder_splits/coder1_labeling_template.csv,Walt Disney,1900615410703094003,https://x.com/Disney/status/1900615410703094003,Fri Mar 14 18:30:00 +0000 2025,"Watch @PasekAndPaul and Rachel Zegler reminisce about bringing Disney’s #SnowWhite soundtrack to life ✨ See the film in theaters March 21, and listen to the soundtrack now. Get tickets: https://t.co/SWksDu6V2G https://t.co/nUFobTUKQh",0,0,coder1
wendys_all_h1_00423,batch1_fortune100,20260618expand/classifier_improvement/data/human_labeling_template/coder_splits/coder1_labeling_template.csv,Albertsons,1351936278128979971,https://x.com/albertsons/status/1351936278128979971,Wed Jan 20 16:55:01 +0000 2021,"When the kids are out having fun in the snow, it can be hard to pull them away. Whip up a batch of these super food energy balls for healthy snacking on-the-go: https://t.co/Jkd9WKI3fy https://t.co/qyyQIA8sBT",1,1,coder1
wendys_all_h1_00424,batch1_fortune100,20260618expand/classifier_improvement/data/human_labeling_template/coder_splits/coder1_labeling_template.csv,StoneX Group,1985459526481387539,https://x.com/StoneX_Official/status/1985459526481387539,Mon Nov 03 21:30:13 +0000 2025,"Michael Lytle, Chief Investment Officer at StoneX Wealth, examines gold’s recent parabolic rise and subsequent correction. Lytle explores how market patterns, overbought signals, and concerns over U.S. dollar devaluation are shaping investor behavior. Full video: https://t.co/K6qSSnrza6 #Gold #USD #WealthManagement",0,0,coder1
wendys_all_h1_00425,batch1_fortune100,20260618expand/classifier_improvement/data/human_labeling_template/coder_splits/coder1_labeling_template.csv,Lowe's,1551185940361711621,https://x.com/lowes/status/1551185940361711621,Sun Jul 24 12:42:02 +0000 2022,Calling all staycationers! Bring all the highlights of 🏕 to your 🏡 with these 3 backyard campaign hacks: https://t.co/zss9NwPhUe https://t.co/UxGeLJGFGj,1,1,coder1
wendys_all_h1_00426,batch1_fortune100,20260618expand/classifier_improvement/data/human_labeling_template/coder_splits/coder1_labeling_template.csv,JPMorgan Chase,1521576604245184512,https://x.com/jpmorgan/status/1521576604245184512,Tue May 03 19:45:06 +0000 2022,The world's 🌎 top squash players go head-to-head under the chandeliers at Grand Central Terminal for #ToC2022. https://t.co/ZynANednjs,1,1,coder1
wendys_all_h1_00427,batch1_fortune100,20260618expand/classifier_improvement/data/human_labeling_template/coder_splits/coder1_labeling_template.csv,Humana,1625208184259416077,https://x.com/humana/status/1625208184259416077,Mon Feb 13 19:00:00 +0000 2023,"We want our employees to feel like they belong &amp; that they have an equal opportunity to contribute &amp; succeed. We do that by supporting their cultural identity &amp; what it means to their growth, both personally &amp; professionally. 💚",1,1,coder1
wendys_all_h1_00428,batch1_fortune100,20260618expand/classifier_improvement/data/human_labeling_template/coder_splits/coder1_labeling_template.csv,Boeing,1634308833089658881,https://x.com/boeing/status/1634308833089658881,Fri Mar 10 21:42:44 +0000 2023,"The new official paint design for the 'Next Air Force One' VC-25B aircraft has been selected. The modern design will closely resemble the livery of the current Air Force One, VC-25A. Release: https://t.co/n5pLqAefR5 https://t.co/SVISguGYs8",0,0,coder1
wendys_all_h1_00429,batch1_fortune100,20260618expand/classifier_improvement/data/human_labeling_template/coder_splits/coder1_labeling_template.csv,Enterprise Products Partners,1680623467304226817,https://x.com/EProd_Careers/status/1680623467304226817,Sun Jul 16 17:00:33 +0000 2023,Make the most of your talents in a fast-paced environment driven by people who strive for achievement. Join us at Enterprise Products. Apply now! https://t.co/jwdf4BA8ov #AccountantJobs,1,1,coder1
wendys_all_h1_00430,batch1_fortune100,20260618expand/classifier_improvement/data/human_labeling_template/coder_splits/coder1_labeling_template.csv,Ford Motor,1525641882574934019,https://x.com/Ford/status/1525641882574934019,Sun May 15 00:59:04 +0000 2022,"""This is the worst nightmare that any community can face, and we are hurting and we are seething right now."" -Buffalo, N.Y. Mayor Byron Brown on the mass shooting that left 10 people dead and three hurt. The shooting is being investigated as a hate crime. https://t.co/jK5D05HyzN",0,0,coder1
wendys_all_h1_00431,batch1_fortune100,20260618expand/classifier_improvement/data/human_labeling_template/coder_splits/coder1_labeling_template.csv,General Dynamics,1580218749696675841,https://x.com/generaldynamics/status/1580218749696675841,Wed Oct 12 15:28:03 +0000 2022,"If you're at #AUSA2022, swing by our booth to check out a scale model of our latest Mobile Protected Firepower vehicle configuration for the @usarmy. MPF's high power-to-weight ratio and hydro-pneumatic suspension provide outstanding speed and maneuverability. #gdatausa https://t.co/MqtKBpkXwl",0,0,coder1
wendys_all_h1_00432,batch1_fortune100,20260618expand/classifier_improvement/data/human_labeling_template/coder_splits/coder1_labeling_template.csv,MetLife,1581633616248942592,https://x.com/metlife/status/1581633616248942592,Sun Oct 16 13:10:14 +0000 2022,What percentage of mid-level managers report being stressed more than half the time at work? Learn more about the answer: https://t.co/f0DVha3yPK #HR #WorkplaceCulture #NationalBossesDay,1,1,coder1
wendys_all_h1_00433,batch1_fortune100,20260618expand/classifier_improvement/data/human_labeling_template/coder_splits/coder1_labeling_template.csv,Kroger,1376976909813317641,https://x.com/kroger/status/1376976909813317641,Tue Mar 30 19:17:32 +0000 2021,Pomegranate seeds + fresh berries 🍓 + 🥥 coconut water = irresistible flavor. Check out this nature’s cereal bowl from Nicole S. for the freshest breakfast and shop all the ingredients you need at Kroger! https://t.co/NpPPXj7mur,1,1,coder1
wendys_all_h1_00434,batch1_fortune100,20260618expand/classifier_improvement/data/human_labeling_template/coder_splits/coder1_labeling_template.csv,Meta Platforms,1748460532284244171,https://x.com/Meta/status/1748460532284244171,Fri Jan 19 21:40:50 +0000 2024,Introducing Nighttime Nudges on Instagram! This new feature is designed to help you keep your digital wellness on check by limiting your screen time at night. 🌙 https://t.co/4fx40guD9I,0,0,coder1
wendys_all_h1_00435,batch1_fortune100,20260618expand/classifier_improvement/data/human_labeling_template/coder_splits/coder1_labeling_template.csv,Enterprise Products Partners,1681316180441829376,https://x.com/EProd_Careers/status/1681316180441829376,Tue Jul 18 14:53:09 +0000 2023,"If you are a highly motivated achiever with a passion for success, we invite you to learn more about Enterprise Products. Apply today! https://t.co/YBfgFpFUPH",1,1,coder1
wendys_all_h1_00436,batch1_fortune100,20260618expand/classifier_improvement/data/human_labeling_template/coder_splits/coder1_labeling_template.csv,American Express,1564663024115499009,https://x.com/americanexpress/status/1564663024115499009,Tue Aug 30 17:15:09 +0000 2022,"Trust, security and service are at the heart of the American Express brand, so it’s an honor to see the work of #TeamAmex recognized by @IBDInvestors on its 2022 Most Trusted Financial Companies list. Read more: https://t.co/DcT3Kvp8SS https://t.co/CnDTBdbU0U",0,0,coder1
wendys_all_h1_00437,batch1_fortune100,20260618expand/classifier_improvement/data/human_labeling_template/coder_splits/coder1_labeling_template.csv,Enterprise Products Partners,1681011582564995072,https://x.com/EProd_Careers/status/1681011582564995072,Mon Jul 17 18:42:47 +0000 2023,"We want to find the right people to drive our success at Enterprise Products. Could that be you? Click here to learn more about joining our team in Midland, TX. https://t.co/rL0Ya9MrXT #ProjectEngineer",1,1,coder1
wendys_all_h1_00438,batch1_fortune100,20260618expand/classifier_improvement/data/human_labeling_template/coder_splits/coder1_labeling_template.csv,Tyson Foods,1613278595182481417,https://x.com/tysonfoods/status/1613278595182481417,Wed Jan 11 20:56:05 +0000 2023,"Today we announced a new, state-of-the-art expansion at our Caseyville, Ill., facility that will result in the creation of approximately 400 new jobs and better equip us to serve a community we call home. Read more here: https://t.co/RNg3MBlaWO https://t.co/GURr8ErXiT",0,0,coder1
wendys_all_h1_00439,batch1_fortune100,20260618expand/classifier_improvement/data/human_labeling_template/coder_splits/coder1_labeling_template.csv,Massachusetts Mutual Life,1305597184809684992,https://x.com/massmutual/status/1305597184809684992,Mon Sep 14 20:00:00 +0000 2020,"MassMutual is proud to be designated a Military Friendly Employer by @Mil_Friendly again in 2021, recognizing our continued commitment to providing sustainable and meaningful opportunities for members of the military community. https://t.co/Q0EDa4EHHD",0,0,coder1
wendys_all_h1_00440,batch1_fortune100,20260618expand/classifier_improvement/data/human_labeling_template/coder_splits/coder1_labeling_template.csv,Humana,1603434739033055234,https://x.com/humana/status/1603434739033055234,Thu Dec 15 17:00:06 +0000 2022,Join Skylar in a special “Happy Holidays with Less Stress” guided #MeditationMoment as a holiday gift 🎁 to yourself as we wish you a healthy and joyful season 💚 → https://t.co/e8Vtu1yTHH https://t.co/akyCahpyfh,1,1,coder1
wendys_all_h1_00441,batch1_fortune100,20260618expand/classifier_improvement/data/human_labeling_template/coder_splits/coder1_labeling_template.csv,Bank of America,1639312950950346781,https://x.com/bankofamerica/status/1639312950950346781,Fri Mar 24 17:07:19 +0000 2023,Have you adjusted your spending on big-ticket items?,1,1,coder1
wendys_all_h1_00442,batch1_fortune100,20260618expand/classifier_improvement/data/human_labeling_template/coder_splits/coder1_labeling_template.csv,Travelers,1530202167428231169,https://x.com/travelers/status/1530202167428231169,Fri May 27 15:00:01 +0000 2022,"In recognition of Memorial Day, our Military and Veterans &amp; Allies Diversity Network held a wreath-laying ceremony in Hartford to remember all those who have given their lives for our country. #TravelersMilitary #MemorialDay https://t.co/kiwOezT63d",0,0,coder1
wendys_all_h1_00443,batch1_fortune100,20260618expand/classifier_improvement/data/human_labeling_template/coder_splits/coder1_labeling_template.csv,Dell Technologies,2048873960092135576,https://x.com/Dell/status/2048873960092135576,Mon Apr 27 21:16:32 +0000 2026,"The @mclarenf1 Racing Live: Miami event is a celebration of speed, style, and all things papaya. See y'all there! 🧡 #McLarenF1 #McLarenRacing https://t.co/I732MvioUn https://t.co/CbY6d3X0cC",1,1,coder1
wendys_all_h1_00444,batch1_fortune100,20260618expand/classifier_improvement/data/human_labeling_template/coder_splits/coder1_labeling_template.csv,Amazon,2029587747980103838,https://x.com/amazon/status/2029587747980103838,Thu Mar 05 16:00:01 +0000 2026,The Yankees are back on Prime starting April 8 ⚾️ https://t.co/XJXohhrBra,0,0,coder1
wendys_all_h1_00445,batch1_fortune100,20260618expand/classifier_improvement/data/human_labeling_template/coder_splits/coder1_labeling_template.csv,General Dynamics,1521940200284377090,https://x.com/generaldynamics/status/1521940200284377090,Wed May 04 19:49:54 +0000 2022,"Today, May 4, is National #SkilledTradesDay, dedicated to those who learn a trade and make it their career. Here at BIW, so many of our talented shipbuilders work in the skilled trades. Thank you for your critical work making Bath Built Best Built! https://t.co/QYAZOReuTB",0,0,coder1
wendys_all_h1_00446,batch1_fortune100,20260618expand/classifier_improvement/data/human_labeling_template/coder_splits/coder1_labeling_template.csv,AbbVie,2018760453430849730,https://x.com/abbvie/status/2018760453430849730,Tue Feb 03 18:56:13 +0000 2026,"[Video description: On-screen text reads, “Immunology News.”]",0,0,coder1
wendys_all_h1_00447,batch1_fortune100,20260618expand/classifier_improvement/data/human_labeling_template/coder_splits/coder1_labeling_template.csv,Citigroup,1829186735739195830,https://x.com/Citi/status/1829186735739195830,Thu Aug 29 15:57:57 +0000 2024,What happened? Let @alice__tai tell you. We are a proud supporter of Para athletes globally. Visit https://t.co/JBAYUsksDd to learn more. https://t.co/QLvDTr2tKO,1,1,coder1
wendys_all_h1_00448,batch1_fortune100,20260618expand/classifier_improvement/data/human_labeling_template/coder_splits/coder1_labeling_template.csv,Nationwide,1743982315221508153,https://x.com/nationwide/status/1743982315221508153,Sun Jan 07 13:06:00 +0000 2024,🙌 W 🙌 #WPMOYChallenge @CamHeyward https://t.co/X4eyqLbtjg,0,0,coder1
wendys_all_h1_00449,batch1_fortune100,20260618expand/classifier_improvement/data/human_labeling_template/coder_splits/coder1_labeling_template.csv,StoneX Group,1986052883238822390,https://x.com/StoneX_Official/status/1986052883238822390,Wed Nov 05 12:48:01 +0000 2025,"The UK S&amp;P Global Composite PMI rose to 52.2 in October, exceeding both preliminary estimates and market expectations, signalling renewed momentum despite economic uncertainty.",0,0,coder1
wendys_all_h1_00450,batch1_fortune100,20260618expand/classifier_improvement/data/human_labeling_template/coder_splits/coder1_labeling_template.csv,Ford Motor,1519004630297944064,https://x.com/Ford/status/1519004630297944064,Tue Apr 26 17:25:00 +0000 2022,"Happening now! #F150Lightning trucks are officially rolling off the line here at the Rouge Electric Vehicle Center in Dearborn, Michigan 🇺🇸⚡️🛻 https://t.co/Qw62mJJG51",0,0,coder1
wendys_all_h1_00451,batch1_fortune100,20260618expand/classifier_improvement/data/human_labeling_template/coder_splits/coder1_labeling_template.csv,General Dynamics,1600141204091379712,https://x.com/generaldynamics/status/1600141204091379712,Tue Dec 06 14:52:46 +0000 2022,RT @GDMS: #ProtecDAR encryptors safeguard your critical missions. As missions evolve so do their requirements. We can build the DAR encrypt…,0,0,coder1
wendys_all_h1_00452,batch1_fortune100,20260618expand/classifier_improvement/data/human_labeling_template/coder_splits/coder1_labeling_template.csv,American Airlines Group,1981452229144891709,https://x.com/AmericanAir/status/1981452229144891709,Thu Oct 23 20:06:39 +0000 2025,A new era of flight just touched down. #A321XLR https://t.co/rwlKJ0nlPZ,1,1,coder1
wendys_all_h1_00453,batch1_fortune100,20260618expand/classifier_improvement/data/human_labeling_template/coder_splits/coder1_labeling_template.csv,ConocoPhillips,1531246839332147200,https://x.com/conocophillips/status/1531246839332147200,Mon May 30 12:11:10 +0000 2022,"Across our campuses, our Patriot Employee Network (PEN) planted American flags in observance of Memorial Day. In Bartlesville, a scout troop helped set out ""PEN""wheels honoring service members. We remember and honor those who gave their lives to ensure our freedoms. #MemorialDay https://t.co/zljVlzw6eO",0,0,coder1
wendys_all_h1_00454,batch1_fortune100,20260618expand/classifier_improvement/data/human_labeling_template/coder_splits/coder1_labeling_template.csv,Prudential Financial,1265981550732214273,https://x.com/Prudential/status/1265981550732214273,Thu May 28 12:21:37 +0000 2020,"Can cities rebuild to be more equitable, agile &amp; innovative post-#COVID19? #Newark‘s rise offers a blueprint with ideas for all cities and citizens from actor/entrepreneur @MichaelB4Jordan, @CityofNewarkNJ Mayor @RasJBaraka, &amp; @Prudential’s @LataReddy",0,0,coder1
wendys_all_h1_00455,batch1_fortune100,20260618expand/classifier_improvement/data/human_labeling_template/coder_splits/coder1_labeling_template.csv,HP,1803171144737923080,https://x.com/hp/status/1803171144737923080,Tue Jun 18 21:01:16 +0000 2024,Unleash your potential and focus on what truly matters with the new HP OmniBook X Next Gen AI PC. https://t.co/qsqGJmKKZO https://t.co/CtK20Rnalv,0,0,coder1
wendys_all_h1_00456,batch1_fortune100,20260618expand/classifier_improvement/data/human_labeling_template/coder_splits/coder1_labeling_template.csv,Delta Air Lines,1912502491125588074,https://x.com/Delta/status/1912502491125588074,Wed Apr 16 13:45:01 +0000 2025,"Landing on the #TIME100 most influential people during Delta’s 100th year only feels right. Congratulations to our CEO, Ed Bastian, on this honor. Tap to learn where he landed on the list: https://t.co/uDlTqDNQc2 https://t.co/k53aWxRtOp",0,0,coder1
wendys_all_h1_00457,batch1_fortune100,20260618expand/classifier_improvement/data/human_labeling_template/coder_splits/coder1_labeling_template.csv,AbbVie,1864671120219087072,https://x.com/abbvie/status/1864671120219087072,Thu Dec 05 14:00:13 +0000 2024,Recently published in @BloodJournal and @AjHematology are publications of our phase 3 studies of patients with newly diagnosed acute myeloid leukemia (#AML). Read more: https://t.co/kdTh7akw6u and https://t.co/cL4YmAgXX6 https://t.co/2yRlB788iu,0,0,coder1
wendys_all_h1_00458,batch1_fortune100,20260618expand/classifier_improvement/data/human_labeling_template/coder_splits/coder1_labeling_template.csv,PepsiCo,1456652658786320386,https://x.com/pepsico/status/1456652658786320386,Fri Nov 05 16:00:31 +0000 2021,We’re on a mission to support Black-owned businesses as part of our racial equality journey + you can help! Dine at any Black-owned restaurant tomorrow for Pepsi #DigInDay to support these critical businesses! See how you can make your meal count: https://t.co/7HehET3L6Q https://t.co/Orwb5rU2Rc,1,1,coder1
wendys_all_h1_00459,batch1_fortune100,20260618expand/classifier_improvement/data/human_labeling_template/coder_splits/coder1_labeling_template.csv,Cigna Group,1580921527763091459,https://x.com/Cigna/status/1580921527763091459,Fri Oct 14 14:00:38 +0000 2022,"In a feature article for “In Business Greater Phoenix”, Kim Shepard, General Manager for Cigna Arizona, discusses the exponential growth in virtual care. Read the full article here: https://t.co/fFcSwfJIld #CignaAZ https://t.co/zOLpglITAR",0,0,coder1
wendys_all_h1_00460,batch1_fortune100,20260618expand/classifier_improvement/data/human_labeling_template/coder_splits/coder1_labeling_template.csv,Cigna Group,1658867301679083520,https://x.com/TheCignaGroup/status/1658867301679083520,Wed May 17 16:09:19 +0000 2023,"Diversity, equity, and inclusion (DEI) is at the foundation of everything we do. We are proud to share that we have been named #14 on @DiversityInc’s Top 50 Companies for Diversity, up ten spots from last year. Read more about the award here: https://t.co/LqcjaVobox https://t.co/pcknZMoiPf",0,0,coder1
wendys_all_h1_00461,batch1_fortune100,20260618expand/classifier_improvement/data/human_labeling_template/coder_splits/coder1_labeling_template.csv,Enterprise Products Partners,1678145420911071233,https://x.com/EProd_Careers/status/1678145420911071233,Sun Jul 09 20:53:41 +0000 2023,Discover exciting and rewarding ways to apply your talents at Enterprise Products. Click here to find out more! https://t.co/v5oT7iNIu3,1,1,coder1
wendys_all_h1_00462,batch1_fortune100,20260618expand/classifier_improvement/data/human_labeling_template/coder_splits/coder1_labeling_template.csv,Ford Motor,1628862787517616129,https://x.com/Ford/status/1628862787517616129,Thu Feb 23 21:02:06 +0000 2023,"Get up to speed on everything we revealed today for Forza Horizon 5 Rally Adventure, the new expansion coming on March 29. From campaign details to the new off-road cars and map biomes, it’s all covered in our blog: https://t.co/HwemTiT3WW #FH5Rally https://t.co/wWyBvd3Is1",0,0,coder1
wendys_all_h1_00463,batch1_fortune100,20260618expand/classifier_improvement/data/human_labeling_template/coder_splits/coder1_labeling_template.csv,TJX,714791702561730560,https://x.com/tjmaxx/status/714791702561730560,Tue Mar 29 12:29:56 +0000 2016,@mwilliford120 - Thanks for reaching out about this. Please give Customer Service a call at 1-800-926-6299 M-F between 9-6EST.,0,0,coder1
wendys_all_h1_00464,batch1_fortune100,20260618expand/classifier_improvement/data/human_labeling_template/coder_splits/coder1_labeling_template.csv,Lockheed Martin,1996629870928150853,https://x.com/lockheedmartin/status/1996629870928150853,Thu Dec 04 17:17:11 +0000 2025,"🚀 Milestone alert: The Meteor missile and F-35A completed ground based integration tests, bringing the pair one step closer to operational readiness. This integration equips the F35A with a powerful, long range air combat capability.",1,1,coder1
wendys_all_h1_00465,batch1_fortune100,20260618expand/classifier_improvement/data/human_labeling_template/coder_splits/coder1_labeling_template.csv,Nationwide,1833320434294559202,https://x.com/nationwide/status/1833320434294559202,Tue Sep 10 01:43:47 +0000 2024,That Paintin’ Manning commercial has me rolling every time. Nobody can pull that off but him 😂,1,1,coder1
wendys_all_h1_00466,batch1_fortune100,20260618expand/classifier_improvement/data/human_labeling_template/coder_splits/coder1_labeling_template.csv,MetLife,1465682028838494209,https://x.com/metlife/status/1465682028838494209,Tue Nov 30 14:00:01 +0000 2021,Hospital Indemnity Insurance can help provide financial protection if you end up in the hospital. Learn more about this benefit during #OpenEnrollment: https://t.co/aiGAiLCqfq https://t.co/rdJGIKPbCs,0,0,coder1
wendys_all_h1_00467,batch1_fortune100,20260618expand/classifier_improvement/data/human_labeling_template/coder_splits/coder1_labeling_template.csv,Microsoft,1877773364372066690,https://x.com/microsoft/status/1877773364372066690,Fri Jan 10 17:43:52 +0000 2025,"🥪 Ever thought about the science in your sandwich? Wheat’s genome has 17 billion DNA bases - over five times more than ours! 🤯 Azure’s supercomputing is helping scientists decode it faster, ensuring we can grow enough food for everyone. 🌾 💡 https://t.co/mtu2OdzhM8 https://t.co/MDfmfcmrre",1,1,coder1
wendys_all_h1_00468,batch1_fortune100,20260618expand/classifier_improvement/data/human_labeling_template/coder_splits/coder1_labeling_template.csv,Walmart,1782772800521908363,https://x.com/walmart/status/1782772800521908363,Tue Apr 23 14:05:32 +0000 2024,It’s National Picnic Day. What are you bringing? Wrong answers only.,1,1,coder1
wendys_all_h1_00469,batch1_fortune100,20260618expand/classifier_improvement/data/human_labeling_template/coder_splits/coder1_labeling_template.csv,Publix Super Markets,1948397764112445457,https://x.com/Publix/status/1948397764112445457,Thu Jul 24 15:00:01 +0000 2025,The most wonderful time of the year is whenever the Turkey Cranberry Holiday Sub is here. Share with someone who loves this sub. Available only while supplies last. #ChristmasInJuly https://t.co/bq0DGKuGfD,1,1,coder1
wendys_all_h1_00470,batch1_fortune100,20260618expand/classifier_improvement/data/human_labeling_template/coder_splits/coder1_labeling_template.csv,Walt Disney,1913449853805273569,https://x.com/Disney/status/1913449853805273569,Sat Apr 19 04:29:29 +0000 2025,The Chosen One has arrived. Hayden Christensen has surprised fans at the Ahsoka Star Wars Celebration panel. https://t.co/bDLW34dByT,1,1,coder1
wendys_all_h1_00471,batch1_fortune100,20260618expand/classifier_improvement/data/human_labeling_template/coder_splits/coder1_labeling_template.csv,Target,1334920452234498051,https://x.com/target/status/1334920452234498051,Fri Dec 04 18:00:12 +0000 2020,My friend @Mattel and I are bored. Comment with your top 2 emojis and we’ll surprise you with your team name for game night.,1,1,coder1
wendys_all_h1_00472,batch1_fortune100,20260618expand/classifier_improvement/data/human_labeling_template/coder_splits/coder1_labeling_template.csv,Eli Lilly,1316789515667808256,https://x.com/EliLillyandCo/status/1316789515667808256,Thu Oct 15 17:14:19 +0000 2020,"“Genetic and genomic testing is really fueling all these new gene therapies and immunotherapies that are revolutionizing the treatment of cancer.” – Stephen, metastatic thyroid cancer advocate Hear more about Stephen’s #thyroidcancer journey: https://t.co/agATS7IRux https://t.co/oQOo91b2fo",0,0,coder1
wendys_all_h1_00473,batch1_fortune100,20260618expand/classifier_improvement/data/human_labeling_template/coder_splits/coder1_labeling_template.csv,Travelers,1506337585169321985,https://x.com/travelers/status/1506337585169321985,Tue Mar 22 18:30:41 +0000 2022,RT @TravelersChamp: The silver #TravelersChamp trophy would pair nicely with an Olympic gold medal. @XSchauffele is headed our way! https:/…,1,1,coder1
wendys_all_h1_00474,batch1_fortune100,20260618expand/classifier_improvement/data/human_labeling_template/coder_splits/coder1_labeling_template.csv,Morgan Stanley,1988973160893452775,https://x.com/morganstanley/status/1988973160893452775,Thu Nov 13 14:12:09 +0000 2025,"Our 25th European Tech, Media &amp; Telecom conference has kicked off in Barcelona. From M&amp;A in the telecom industry to the latest GenAI uses and disruptions, stay up to date with the latest trends coming out of the conference: https://t.co/9kKgOyz9L6 https://t.co/0Sqtcsrlfy",0,0,coder1
wendys_all_h1_00475,batch1_fortune100,20260618expand/classifier_improvement/data/human_labeling_template/coder_splits/coder1_labeling_template.csv,Dell Technologies,2034635359192240387,https://x.com/Dell/status/2034635359192240387,Thu Mar 19 14:17:25 +0000 2026,Catch the interview here: https://t.co/O9OBVK7fph,0,0,coder1
wendys_all_h1_00476,batch1_fortune100,20260618expand/classifier_improvement/data/human_labeling_template/coder_splits/coder1_labeling_template.csv,Lowe's,1572994168846262273,https://x.com/lowes/status/1572994168846262273,Thu Sep 22 17:00:09 +0000 2022,Welcome all the ogre-ly enthusiastic trick-or-treaters to your swamp in style! 💚🎃 Get your Shrek inflatable today at @Lowes: https://t.co/t7w44IenLl https://t.co/dSXRfFKETY,1,1,coder1
wendys_all_h1_00477,batch1_fortune100,20260618expand/classifier_improvement/data/human_labeling_template/coder_splits/coder1_labeling_template.csv,American Airlines Group,1953476720440250611,https://x.com/AmericanAir/status/1953476720440250611,Thu Aug 07 15:21:58 +0000 2025,Cards flipped. Routes revealed. It’s game over for guessing and game on for 2026 routes! https://t.co/0K9uCYuoJv,1,1,coder1
wendys_all_h1_00478,batch1_fortune100,20260618expand/classifier_improvement/data/human_labeling_template/coder_splits/coder1_labeling_template.csv,Travelers,1589341856365789189,https://x.com/travelers/status/1589341856365789189,Sun Nov 06 19:40:01 +0000 2022,"Heading to #FABTECH2022? Risk managers should check out the Travelers-sponsored panel discussion with Brian Gerritsen, AVP, Product and Manufacturing Practice Leader at Travelers. Learn more: https://t.co/vyLr36iROm @FabtechExpo #Manufacturing https://t.co/JKhCoi6Wgs",0,0,coder1
wendys_all_h1_00479,batch1_fortune100,20260618expand/classifier_improvement/data/human_labeling_template/coder_splits/coder1_labeling_template.csv,Massachusetts Mutual Life,1206972903662727168,https://x.com/massmutual/status/1206972903662727168,Tue Dec 17 16:22:19 +0000 2019,"#Quiz: According to @MarketWatch, what is the busiest travel day of the season?",1,1,coder1
wendys_all_h1_00480,batch1_fortune100,20260618expand/classifier_improvement/data/human_labeling_template/coder_splits/coder1_labeling_template.csv,Walt Disney,2048779200887459842,https://x.com/Disney/status/2048779200887459842,Mon Apr 27 15:00:00 +0000 2026,"Dedicated to the Make-A-Wish kids who inspire us all. 💙#DisneyWeekOfWishes In “Drawn to You,” a new Make-A-Wish x Disney brand spot, one child’s everyday drawings reveal her most heartfelt wish. https://t.co/kTQRaEjGyV",1,1,coder1
wendys_all_h1_00481,batch1_fortune100,20260618expand/classifier_improvement/data/human_labeling_template/coder_splits/coder1_labeling_template.csv,Energy Transfer,2044111098836570423,https://x.com/energytransfer/status/2044111098836570423,Tue Apr 14 17:50:38 +0000 2026,"RT @EnergyInDepth: Boat rides, fishing lines, and floating tubes all have one thing in common. #Oilandgas help make your lake day possible🚤…",1,1,coder1
wendys_all_h1_00482,batch1_fortune100,20260618expand/classifier_improvement/data/human_labeling_template/coder_splits/coder1_labeling_template.csv,AT&T,1892987148095148045,https://x.com/ATT/status/1892987148095148045,Fri Feb 21 17:18:00 +0000 2025,"iPhone 16e is everything you 💙. Including the price. Get the deal you want, guaranteed – pre-order at https://t.co/ysl6YJkfSG . #iPhone16e https://t.co/IDmWJqf9qv",1,1,coder1
wendys_all_h1_00483,batch1_fortune100,20260618expand/classifier_improvement/data/human_labeling_template/coder_splits/coder1_labeling_template.csv,Target,1571891775568056327,https://x.com/target/status/1571891775568056327,Mon Sep 19 15:59:38 +0000 2022,repeat after me: i got this,1,1,coder1
wendys_all_h1_00484,batch1_fortune100,20260618expand/classifier_improvement/data/human_labeling_template/coder_splits/coder1_labeling_template.csv,USAA,1903166533150576711,https://x.com/usaa/status/1903166533150576711,Fri Mar 21 19:27:15 +0000 2025,"There are only 3,536 Medal of Honor recipients in our nation's history. Each story carries the weight of sacrifice. This is Jared Monti’s. #MedalofHonorDay https://t.co/qNrQdRp3at",0,0,coder1
wendys_all_h1_00485,batch1_fortune100,20260618expand/classifier_improvement/data/human_labeling_template/coder_splits/coder1_labeling_template.csv,General Dynamics,1881465045768655100,https://x.com/generaldynamics/status/1881465045768655100,Mon Jan 20 22:13:17 +0000 2025,"RT @GDIT: Today, we honor the life, work, and legacy of Dr. Martin Luther King, Jr. by embracing his call to serve those in need, support o…",0,0,coder1
wendys_all_h1_00486,batch1_fortune100,20260618expand/classifier_improvement/data/human_labeling_template/coder_splits/coder1_labeling_template.csv,McKesson,1932235307052581143,https://x.com/mckesson/status/1932235307052581143,Tue Jun 10 00:36:11 +0000 2025,"At @BeckersHR 15th Annual Meeting, McKesson Health Systems leaders joined a roundtable to discuss enhancing cost efficiency and achieving financial growth through centralized pharmacy operations. Key takeaways here: https://t.co/dgYhwFOdcR. https://t.co/9ThaLNv80S",0,0,coder1
wendys_all_h1_00487,batch1_fortune100,20260618expand/classifier_improvement/data/human_labeling_template/coder_splits/coder1_labeling_template.csv,Ford Motor,1920207692368380230,https://x.com/Ford/status/1920207692368380230,Wed May 07 20:02:44 +0000 2025,"RT @jimfarley98: Just like his best-selling book “Tuesdays with Morrie,” @MitchAlbom is full of wisdom &amp; inspiring perspectives. It was a p…",1,1,coder1
wendys_all_h1_00488,batch1_fortune100,20260618expand/classifier_improvement/data/human_labeling_template/coder_splits/coder1_labeling_template.csv,Enterprise Products Partners,1679925663430774785,https://x.com/EProd_Careers/status/1679925663430774785,Fri Jul 14 18:47:44 +0000 2023,"We want to find the right people to drive our success at Enterprise Products. Could that be you? Click here to learn more about joining our team in Houston, TX. https://t.co/xvhn5t5lws #ProjectEngineer",1,1,coder1
wendys_all_h1_00489,batch1_fortune100,20260618expand/classifier_improvement/data/human_labeling_template/coder_splits/coder1_labeling_template.csv,Chevron,1589788504401158144,https://x.com/chevron/status/1589788504401158144,Tue Nov 08 01:14:50 +0000 2022,"""Partnership is critical to achieving lower carbon goals..."" so Chevron and JERA are teaming up to advance lower carbon solutions in Asia Pacific and the U.S. Read more here: https://t.co/fbomDDRYYx https://t.co/QnY1555hoI",1,1,coder1
wendys_all_h1_00490,batch1_fortune100,20260618expand/classifier_improvement/data/human_labeling_template/coder_splits/coder1_labeling_template.csv,Humana,1727416669746725190,https://x.com/humana/status/1727416669746725190,Wed Nov 22 20:00:02 +0000 2023,"Learn how we're committed to supporting our nursing workforce and empowering them to advance in their careers from Kathy Driscoll, Chief Nursing Officer: https://t.co/pswa1fIjnK https://t.co/mdWMfFcAJQ",0,0,coder1
wendys_all_h1_00491,batch1_fortune100,20260618expand/classifier_improvement/data/human_labeling_template/coder_splits/coder1_labeling_template.csv,Eli Lilly,1471178363419213826,https://x.com/EliLillyandCo/status/1471178363419213826,Wed Dec 15 18:00:29 +0000 2021,#DYK that many patients living with Chronic Lymphocytic Leukemia (#CLL) feel that there are limited treatment options available? Learn more about Lilly’s commitment to supporting advancements in blood cancer care: https://t.co/ht2HZRI1sP https://t.co/q2LMEdApmH,0,0,coder1
wendys_all_h1_00492,batch1_fortune100,20260618expand/classifier_improvement/data/human_labeling_template/coder_splits/coder2_labeling_template.csv,McKesson,1785391443512643595,https://x.com/mckesson/status/1785391443512643595,Tue Apr 30 19:31:05 +0000 2024,"Every April, we award individuals within #TeamMcKesson who have gone above and beyond for their communities with the title Community Heroes. Congratulations to our 2024 winners. Learn more about our employee engagement programs here: https://t.co/Xl6FsDgltH https://t.co/iuplwfwr2l",0,0,coder2
wendys_all_h1_00493,batch1_fortune100,20260618expand/classifier_improvement/data/human_labeling_template/coder_splits/coder2_labeling_template.csv,Walt Disney,1913072049897218152,https://x.com/Disney/status/1913072049897218152,Fri Apr 18 03:28:14 +0000 2025,"Star Wars is coming to MONOPOLY GO! on May 1! Get ready to immerse yourself in Tatooine treasures, the thrills of pod racing, and relive your favorite galactic moments in an all new crossover event! https://t.co/0dArRyuqEx",0,0,coder2
wendys_all_h1_00494,batch1_fortune100,20260618expand/classifier_improvement/data/human_labeling_template/coder_splits/coder2_labeling_template.csv,USAA,1530685366839255044,https://x.com/usaa/status/1530685366839255044,Sat May 28 23:00:04 +0000 2022,"Marine Corps Cpl Joe Coaxum experienced a personal connection with the USAA Poppy Wall of Honor in Washington, D.C., over Memorial Day weekend. He served as a TOW Gunner during the Gulf War, one of the many military conflicts in which Americans lost their lives. #PoppyInMemory https://t.co/K18UdnkTYx",0,0,coder2
wendys_all_h1_00495,batch1_fortune100,20260618expand/classifier_improvement/data/human_labeling_template/coder_splits/coder2_labeling_template.csv,American Airlines Group,2062534905980989812,https://x.com/AmericanAir/status/2062534905980989812,Thu Jun 04 14:00:16 +0000 2026,"⚽ The countdown is on! Spot the American Airlines suitcase in multiple Host Cities this summer, scan to enter and you could win a trip to NYC for the ultimate final match party: 🎟️ Final Party at Edge 🎶 Surprise performance ✈️ Round-trip airfare 🏨 4-night hotel stay Check our Instagram on Friday to see which city we're popping up in first. 👀",1,1,coder2
wendys_all_h1_00496,batch1_fortune100,20260618expand/classifier_improvement/data/human_labeling_template/coder_splits/coder2_labeling_template.csv,IBM,2053837532144513376,https://x.com/ibm/status/2053837532144513376,Mon May 11 14:00:00 +0000 2026,"Welcome back to Tech Term of the Week! This week's term → AI IDE - /ˌeɪˈaɪ ˌaɪːˈdiːˈiː/ Definition → short for artificial intelligence integrated development environment, this is a software development environment enhanced with AI capabilities to assist devs with tasks like code generation, debugging and testing in real time. Why it matters → AI IDEs streamline the development process by automating repetitive tasks, surfacing intelligent suggestions, and helping developers move faster with fewer errors. Taken together, these capabilities help make development more efficient, collaborative, and accessible to a wider range of builders.",1,1,coder2
wendys_all_h1_00497,batch1_fortune100,20260618expand/classifier_improvement/data/human_labeling_template/coder_splits/coder2_labeling_template.csv,Nvidia,2015793307511832819,https://x.com/nvidia/status/2015793307511832819,Mon Jan 26 14:25:50 +0000 2026,RT @nvidianewsroom: 🌍 Weather forecasting has always relied on powerful supercomputers running physics-based models. We are proud to anno…,0,0,coder2
wendys_all_h1_00498,batch1_fortune100,20260618expand/classifier_improvement/data/human_labeling_template/coder_splits/coder2_labeling_template.csv,Massachusetts Mutual Life,1388120209236676609,https://x.com/massmutual/status/1388120209236676609,Fri Apr 30 13:17:02 +0000 2021,"Last but certainly not least, consider paying for a private session with a financial professional. Your grad may be willing to share details, goals, and insecurities with a professional that they’d rather not share with friends or family. Find one here https://t.co/fXWhMnIOcD.",0,0,coder2
wendys_all_h1_00499,batch1_fortune100,20260618expand/classifier_improvement/data/human_labeling_template/coder_splits/coder2_labeling_template.csv,General Motors,1559231844012490757,https://x.com/GM/status/1559231844012490757,Mon Aug 15 17:33:35 +0000 2022,What is the name of the training program set to help current #mfg employees evolve their skills as electrical systems continue to evolve and change? #ManufacturingMonday,0,0,coder2
wendys_all_h1_00500,batch1_fortune100,20260618expand/classifier_improvement/data/human_labeling_template/coder_splits/coder2_labeling_template.csv,Capital One Financial,1722293419815370918,https://x.com/CapitalOne/status/1722293419815370918,Wed Nov 08 16:42:04 +0000 2023,"Hey besties! If you see ""try again"" after entering, it means you didn't win, but you can re-enter for a chance to win while supplies last. #TSxCapitalOne",0,0,coder2
wendys_all_h1_00501,batch1_fortune100,20260618expand/classifier_improvement/data/human_labeling_template/coder_splits/coder2_labeling_template.csv,Verizon Communications,2011820123154182420,https://x.com/Verizon/status/2011820123154182420,Thu Jan 15 15:17:49 +0000 2026,"Yesterday, we did not meet the standard of excellence you expect and that we expect of ourselves. To help provide some relief to those affected, we will give you a $20 account credit that can be easily redeemed by logging into the myVerizon app. You will receive a text message when the credit is available. On average, this covers multiple days of service. Business customers will be contacted directly about their credits. This credit isn’t meant to make up for what happened. No credit really can. But it’s a way of acknowledging your time and showing that this matters to us. If you’re still having trouble connecting, please restart your device (power down and power back on). This is the fastest way to reconnect your phone to the network. We are sorry for what you experienced and will continue to work hard day and night to provide the outstanding network and service that you expect from Verizon.",0,0,coder2
wendys_all_h1_00502,batch1_fortune100,20260618expand/classifier_improvement/data/human_labeling_template/coder_splits/coder2_labeling_template.csv,Enterprise Products Partners,1681713597683212288,https://x.com/EProd_Careers/status/1681713597683212288,Wed Jul 19 17:12:21 +0000 2023,Make the most of your talents in a fast-paced environment driven by people who strive for achievement. Join us at Enterprise Products. Apply now! https://t.co/v5yLsnoSC0 #TechnicianJobs,1,1,coder2
wendys_all_h1_00503,batch1_fortune100,20260618expand/classifier_improvement/data/human_labeling_template/coder_splits/coder2_labeling_template.csv,TJX,813853686686482433,https://x.com/tjmaxx/status/813853686686482433,Tue Dec 27 21:06:54 +0000 2016,"@DrGuzmanRea 2/2 Therefore, merchandise purchased from a Marshalls would need to be returned to a Marshalls store.",0,0,coder2
wendys_all_h1_00504,batch1_fortune100,20260618expand/classifier_improvement/data/human_labeling_template/coder_splits/coder2_labeling_template.csv,AbbVie,1709600606539727069,https://x.com/abbvie/status/1709600606539727069,Wed Oct 04 16:05:22 +0000 2023,"[Image description: On-screen text reads, ""Discovery Research News. AbbVie drug discovery and preclinical data published in the journal Nature, in partnership with the Broad Institute and Calico Life Sciences. Click to read more.""]",0,0,coder2
wendys_all_h1_00505,batch1_fortune100,20260618expand/classifier_improvement/data/human_labeling_template/coder_splits/coder2_labeling_template.csv,Enterprise Products Partners,1679824270325854209,https://x.com/EProd_Careers/status/1679824270325854209,Fri Jul 14 12:04:50 +0000 2023,"Enterprise Products is the name to know in energy…and we want to know more about what would make you a great Engineer, Project. Apply today! https://t.co/N2SBeSR35A #ProjectEngineer",1,1,coder2
wendys_all_h1_00506,batch1_fortune100,20260618expand/classifier_improvement/data/human_labeling_template/coder_splits/coder2_labeling_template.csv,Centene,1967633862537908308,https://x.com/centene/status/1967633862537908308,Mon Sep 15 16:57:24 +0000 2025,It’s hard to focus on recovery if you’re worried about your next meal. Centene company @Trilliumchp provides 120 days of medically tailored meals after hospital discharge — customized to each member’s condition. https://t.co/XPokdvR3jh,0,0,coder2
wendys_all_h1_00507,batch1_fortune100,20260618expand/classifier_improvement/data/human_labeling_template/coder_splits/coder2_labeling_template.csv,Morgan Stanley,1621229142904545281,https://x.com/morganstanley/status/1621229142904545281,Thu Feb 02 19:28:43 +0000 2023,What will 2023 bring for stocks? Investment Management’s Andrew Slimmon says the first half could surprise to the upside and to watch value stocks and Asia ex-Japan for opportunities. https://t.co/UpA1PRIGLb,0,0,coder2
wendys_all_h1_00508,batch1_fortune100,20260618expand/classifier_improvement/data/human_labeling_template/coder_splits/coder2_labeling_template.csv,JPMorgan Chase,1505981015797469185,https://x.com/jpmorgan/status/1505981015797469185,Mon Mar 21 18:53:48 +0000 2022,"Demand for urban housing 🏙️ eventually returned, but also remained steady in the suburbs 🌳. With inventory at all-time lows, renters and buyers faced prices 13% percent above pre-pandemic levels in the first half of 2021.",0,0,coder2
wendys_all_h1_00509,batch1_fortune100,20260618expand/classifier_improvement/data/human_labeling_template/coder_splits/coder2_labeling_template.csv,Amazon,1882450798598050219,https://x.com/amazon/status/1882450798598050219,Thu Jan 23 15:30:19 +0000 2025,Ever wonder how AI and robotics help Amazon deliver orders to customers quickly and safely? Look no further. https://t.co/f4f5t4NNHf,0,0,coder2
wendys_all_h1_00510,batch1_fortune100,20260618expand/classifier_improvement/data/human_labeling_template/coder_splits/coder2_labeling_template.csv,Prudential Financial,1225850642268381184,https://x.com/Prudential/status/1225850642268381184,Fri Feb 07 18:35:42 +0000 2020,"RT @feeney: Happy to share my story and career journey with @vjfuhrmans and @WSJ, explaining two keys to empowering more women to rise in b…",0,0,coder2
wendys_all_h1_00511,batch1_fortune100,20260618expand/classifier_improvement/data/human_labeling_template/coder_splits/coder2_labeling_template.csv,Delta Air Lines,1808538693826732442,https://x.com/Delta/status/1808538693826732442,Wed Jul 03 16:30:00 +0000 2024,We’re halfway through the year. How are we doing on those travel goals 👀,1,1,coder2
wendys_all_h1_00512,batch1_fortune100,20260618expand/classifier_improvement/data/human_labeling_template/coder_splits/coder2_labeling_template.csv,IBM,2048764104953770495,https://x.com/ibm/status/2048764104953770495,Mon Apr 27 14:00:01 +0000 2026,Thank you for learning with us! What terms do you want to learn about next month? Let us know!,1,1,coder2
wendys_all_h1_00513,batch1_fortune100,20260618expand/classifier_improvement/data/human_labeling_template/coder_splits/coder2_labeling_template.csv,StoneX Group,2061463038893371801,https://x.com/StoneX_Official/status/2061463038893371801,Mon Jun 01 15:01:03 +0000 2026,"A try from Max Malins helped @Saracens secure a 26-12 victory over @Harlequins, keeping their play-off hopes alive. #Saracens https://t.co/FYKoDko8hN",0,0,coder2
wendys_all_h1_00514,batch1_fortune100,20260618expand/classifier_improvement/data/human_labeling_template/coder_splits/coder2_labeling_template.csv,Oracle,2028530877689737542,https://x.com/oracle/status/2028530877689737542,Mon Mar 02 18:00:24 +0000 2026,"Every @Oracle data center campus is purpose-built to respect and benefit both the environment and local communities. Explore unique designs at our Michigan, New Mexico, Texas, and Wisconsin campuses. https://t.co/igFfdJJJ6r",0,0,coder2
wendys_all_h1_00515,batch1_fortune100,20260618expand/classifier_improvement/data/human_labeling_template/coder_splits/coder2_labeling_template.csv,Fannie Mae,1966185017974939924,https://x.com/fanniemae/status/1966185017974939924,Thu Sep 11 17:00:12 +0000 2025,We’re committed to partnering with the industry to create new pathways to homeownership. Check out our manufactured home mortgages: https://t.co/H3oGFtYZ7f https://t.co/wu654P45tK,0,0,coder2
wendys_all_h1_00516,batch1_fortune100,20260618expand/classifier_improvement/data/human_labeling_template/coder_splits/coder2_labeling_template.csv,Cigna Group,1633105976462041088,https://x.com/TheCignaGroup/status/1633105976462041088,Tue Mar 07 14:03:01 +0000 2023,"At The Cigna Group, we see every interaction as an opportunity to serve our customers. Meet Adam from Evernorth Health Services, who responds to customers on social media and won’t stop until they get the help they need. https://t.co/Bld47zmDv2",0,0,coder2
wendys_all_h1_00517,batch1_fortune100,20260618expand/classifier_improvement/data/human_labeling_template/coder_splits/coder2_labeling_template.csv,Humana,1720425600236568611,https://x.com/humana/status/1720425600236568611,Fri Nov 03 13:00:01 +0000 2023,"Rooted in real-world examples, the initiative empowers our employees with the right resources and education and aims to bridge the gap between physicians and patients ensuring a more informed and equitable approach to healthcare.",0,0,coder2
wendys_all_h1_00518,batch1_fortune100,20260618expand/classifier_improvement/data/human_labeling_template/coder_splits/coder2_labeling_template.csv,Walt Disney,2064604764646658116,https://x.com/Disney/status/2064604764646658116,Wed Jun 10 07:05:09 +0000 2026,RT @Pixar: Taylor Swift has a friend in Randy Newman at the world premiere of Toy Story 5 https://t.co/DRe55mo6IP,1,1,coder2
wendys_all_h1_00519,batch1_fortune100,20260618expand/classifier_improvement/data/human_labeling_template/coder_splits/coder2_labeling_template.csv,Ingram Micro Holding,2049860631164006630,https://x.com/IngramMicroInc/status/2049860631164006630,Thu Apr 30 14:37:13 +0000 2026,"Congrats to our Ingram Micro Turkey team for being honored with the @HPE Networking Distributor of the Year, HPE Highest Turnover, and Most Widespread Dealer Network awards for 2025! A heartfelt thank you to HPE and all our partners! #ingrammicro #HPE #ingrammicroturkey https://t.co/uVS9xCJ2LK",0,0,coder2
wendys_all_h1_00520,batch1_fortune100,20260618expand/classifier_improvement/data/human_labeling_template/coder_splits/coder2_labeling_template.csv,Merck,1329065061667790850,https://x.com/merck/status/1329065061667790850,Wed Nov 18 14:12:58 +0000 2020,"Today – join us, @preventionAC, and a panel of #HIV activists for a conversation and Q&amp;A to educate and empower young Americans. Working together, this generation can be the one to help stop the spread. Register now: https://t.co/tUeDkVZaB3 #OwningHIV https://t.co/mea3Nn9LQs",1,1,coder2
wendys_all_h1_00521,batch1_fortune100,20260618expand/classifier_improvement/data/human_labeling_template/coder_splits/coder2_labeling_template.csv,Prudential Financial,1529189126997680128,https://x.com/Prudential/status/1529189126997680128,Tue May 24 19:54:33 +0000 2022,Prudential is proud to celebrate our Asian-American and Pacific Islander community this #AAPI heritage month. Every day our employees embrace their culture as we work to create an inclusive workspace where everyone feels they belong. https://t.co/IkpNirYup8,1,1,coder2
wendys_all_h1_00522,batch1_fortune100,20260618expand/classifier_improvement/data/human_labeling_template/coder_splits/coder2_labeling_template.csv,Kroger,1316512320370012160,https://x.com/kroger/status/1316512320370012160,Wed Oct 14 22:52:51 +0000 2020,Whipped up this Roasted Asparagus with Smoked Salmon &amp; Capers in less than 10 minutes! Quick and easy recipe from @Kroger #ChefbotFridgeCheck #ad https://t.co/zWTrrqKeTz,1,1,coder2
wendys_all_h1_00523,batch1_fortune100,20260618expand/classifier_improvement/data/human_labeling_template/coder_splits/coder2_labeling_template.csv,Sysco,1496620911654432768,https://x.com/sysco/status/1496620911654432768,Wed Feb 23 23:00:05 +0000 2022,Know an outstanding warehouse associate? Let us know who you'd like to nominate and why! ⬇️ #SyscoWarehouseWednesday Looking for a job in the warehouse? We're hiring. Apply now at https://t.co/gqcLRiz7ew. https://t.co/997dmc1Fby,1,1,coder2
wendys_all_h1_00524,batch1_fortune100,20260618expand/classifier_improvement/data/human_labeling_template/coder_splits/coder2_labeling_template.csv,ConocoPhillips,1620455092951605248,https://x.com/conocophillips/status/1620455092951605248,Tue Jan 31 16:12:55 +0000 2023,"Our office in #Midland serves as a strategic hub for our #PermianBasin assets. Hear from our employees about what it’s like to live in and work in this Texas community, a city with strong ties to the oil and gas industry: https://t.co/3I19IrmhVY https://t.co/DwkRPm6qrB",0,0,coder2
wendys_all_h1_00525,batch1_fortune100,20260618expand/classifier_improvement/data/human_labeling_template/coder_splits/coder2_labeling_template.csv,Lockheed Martin,1973753713878860276,https://x.com/lockheedmartin/status/1973753713878860276,Thu Oct 02 14:15:30 +0000 2025,Vote for the X-59 in the Coolest Thing Made in California contest! Quiet supersonic flight in half the time—it doesn’t get cooler than this. Click below to cast your vote!😎🔗⬇️,1,1,coder2
wendys_all_h1_00526,batch1_fortune100,20260618expand/classifier_improvement/data/human_labeling_template/coder_splits/coder2_labeling_template.csv,Goldman Sachs Group,1918294791982350476,https://x.com/GoldmanSachs/status/1918294791982350476,Fri May 02 13:21:33 +0000 2025,"What’s driving the US bond market now — and are there opportunities in Treasuries and in credit? Lindsay Rosner, head of multi-sector investing with Goldman Sachs Asset Management, discusses with Chris Hussey on The Markets podcast: https://t.co/6NzC35xNeh https://t.co/xeyDyUmcQ3",0,0,coder2
wendys_all_h1_00527,batch1_fortune100,20260618expand/classifier_improvement/data/human_labeling_template/coder_splits/coder2_labeling_template.csv,Walt Disney,2051331661758099538,https://x.com/Disney/status/2051331661758099538,Mon May 04 16:02:34 +0000 2026,A new hero. A new hope. A new era. Don't miss Star Wars: The Mandalorian and Grogu in theaters and IMAX May 22. Get tickets now. https://t.co/oO5Cz6UMdF https://t.co/sFUFd87WI9,1,1,coder2
wendys_all_h1_00528,batch1_fortune100,20260618expand/classifier_improvement/data/human_labeling_template/coder_splits/coder2_labeling_template.csv,Tesla,2058638533938864450,https://x.com/tesla/status/2058638533938864450,Sun May 24 19:57:28 +0000 2026,"Plus, your Tesla can do the driving w/ FSD Supervised while you take in the landscape",0,0,coder2
wendys_all_h1_00529,batch1_fortune100,20260618expand/classifier_improvement/data/human_labeling_template/coder_splits/coder2_labeling_template.csv,Morgan Stanley,1874848124801347954,https://x.com/morganstanley/status/1874848124801347954,Thu Jan 02 16:00:00 +0000 2025,"Morgan Stanley's large-cap banks analyst, Betsy Graseck highlights factors like a rebound in IPO and M&amp;A activity and quantitative tightening, as drivers of her bullish outlook on the sector for 2025. https://t.co/aWl88npdbs",0,0,coder2
wendys_all_h1_00530,batch1_fortune100,20260618expand/classifier_improvement/data/human_labeling_template/coder_splits/coder2_labeling_template.csv,MetLife,1435240547837489152,https://x.com/metlife/status/1435240547837489152,Tue Sep 07 13:56:26 +0000 2021,"Together with @PNUD_Mexico, MetLife Mexico is working to facilitate financial inclusion throughout the country. https://t.co/7QYt1qBalP https://t.co/bKhzIjQtnV",0,0,coder2
wendys_all_h1_00531,batch1_fortune100,20260618expand/classifier_improvement/data/human_labeling_template/coder_splits/coder2_labeling_template.csv,Morgan Stanley,1615329440598220802,https://x.com/morganstanley/status/1615329440598220802,Tue Jan 17 12:45:24 +0000 2023,"$MS 4Q 2022 earnings: Morgan Stanley reports fourth quarter 2022 net revenues of $12.7 billion, net income of $2.2 billion, EPS of $1.26 and ROTCE of 12.6%. Release: https://t.co/8eswIZgI7k https://t.co/qZAOXvxYqj",0,0,coder2
wendys_all_h1_00532,batch1_fortune100,20260618expand/classifier_improvement/data/human_labeling_template/coder_splits/coder2_labeling_template.csv,USAA,1868051197481099758,https://x.com/usaa/status/1868051197481099758,Sat Dec 14 21:51:26 +0000 2024,Now that’s how you make an entrance to the @ArmyNavyGame. The March On tradition exemplifies the best of @WestPoint_USMA and the @NavalAcademy. https://t.co/av8WXlWhJK,1,1,coder2
wendys_all_h1_00533,batch1_fortune100,20260618expand/classifier_improvement/data/human_labeling_template/coder_splits/coder2_labeling_template.csv,Enterprise Products Partners,1680347084946546688,https://x.com/EProd_Careers/status/1680347084946546688,Sat Jul 15 22:42:19 +0000 2023,"Think you would excel as our next Specialist, Senior Systems? Consider Enterprise Products as YOUR pipeline for career success! Apply today. https://t.co/wjCdHZr3Y4",1,1,coder2
wendys_all_h1_00534,batch1_fortune100,20260618expand/classifier_improvement/data/human_labeling_template/coder_splits/coder2_labeling_template.csv,Charter Communications,2014822200268710396,https://x.com/CharterNewsroom/status/2014822200268710396,Fri Jan 23 22:07:00 +0000 2026,"RT @Ask_Spectrum: We are preparing for Winter Storm Fern, which is expected to bring significant winter weather to large parts of the count…",0,0,coder2
wendys_all_h1_00535,batch1_fortune100,20260618expand/classifier_improvement/data/human_labeling_template/coder_splits/coder2_labeling_template.csv,Tesla,2042311578264150273,https://x.com/tesla/status/2042311578264150273,Thu Apr 09 18:39:59 +0000 2026,No other car can do this,1,1,coder2
wendys_all_h1_00536,batch1_fortune100,20260618expand/classifier_improvement/data/human_labeling_template/coder_splits/coder2_labeling_template.csv,Publix Super Markets,1656750649474707472,https://x.com/Publix/status/1656750649474707472,Thu May 11 19:58:30 +0000 2023,"Welcome to the family, Store #1836, in Tallahassee, Florida. 💚 https://t.co/n09Crdr0X3",1,1,coder2
wendys_all_h1_00537,batch1_fortune100,20260618expand/classifier_improvement/data/human_labeling_template/coder_splits/coder2_labeling_template.csv,Walt Disney,2057105363191656681,https://x.com/Disney/status/2057105363191656681,Wed May 20 14:25:12 +0000 2026,"A look at The Walt Disney Studios Courtyard, which opens May 26 at Disney's Hollywood Studios ✨ https://t.co/cUnEdxFXLT",1,1,coder2
wendys_all_h1_00538,batch1_fortune100,20260618expand/classifier_improvement/data/human_labeling_template/coder_splits/coder2_labeling_template.csv,USAA,1529092377062801412,https://x.com/usaa/status/1529092377062801412,Tue May 24 13:30:06 +0000 2022,"After 100 years, we still serve the military community. Because as long as there are those who serve, we’ll be there to serve them. Learn more about USAA turning 100 at https://t.co/ka4W5sOADn. https://t.co/J4aDFYd0sH",0,0,coder2
wendys_all_h1_00539,batch1_fortune100,20260618expand/classifier_improvement/data/human_labeling_template/coder_splits/coder2_labeling_template.csv,Nationwide,1733603168884285813,https://x.com/nationwide/status/1733603168884285813,Sat Dec 09 21:42:58 +0000 2023,IT'S CUCHOOOOOOOOOO,1,1,coder2
wendys_all_h1_00540,batch1_fortune100,20260618expand/classifier_improvement/data/human_labeling_template/coder_splits/coder2_labeling_template.csv,Allstate,1373022885275652098,https://x.com/allstate/status/1373022885275652098,Fri Mar 19 21:25:40 +0000 2021,"So... anyone’s #bracketbusted? We would offer “bracket protection,” but then moments like these wouldn’t be as fun 🏀",1,1,coder2
wendys_all_h1_00541,batch1_fortune100,20260618expand/classifier_improvement/data/human_labeling_template/coder_splits/coder2_labeling_template.csv,General Dynamics,1498767283254087682,https://x.com/generaldynamics/status/1498767283254087682,Tue Mar 01 21:09:00 +0000 2022,"""How am I helping to create a good roadmap and path for the women who are coming up behind me?"" is a question Sr VP Nadia Short asks herself every day. With her vision of a strong future, Nadia is helping women thrive at #GDMissionSystems. Hear more here: https://t.co/IMuPt3fe3G",0,0,coder2
wendys_all_h1_00542,batch1_fortune100,20260618expand/classifier_improvement/data/human_labeling_template/coder_splits/coder2_labeling_template.csv,Lockheed Martin,1948082518571331990,https://x.com/lockheedmartin/status/1948082518571331990,Wed Jul 23 18:07:20 +0000 2025,"From Viking 1 to today, @lmspace has played a role in every @NASA Mars mission. 50 years ago, Viking 1 made history. Today, we celebrate that legacy and look ahead to the future of deep space exploration. https://t.co/L3lDJbhaz3",0,0,coder2
wendys_all_h1_00543,batch1_fortune100,20260618expand/classifier_improvement/data/human_labeling_template/coder_splits/coder2_labeling_template.csv,Sysco,1505212521778536455,https://x.com/sysco/status/1505212521778536455,Sat Mar 19 16:00:05 +0000 2022,"Meet Gary, Produce Specialist at our Las Vegas site. He works closely with our sales consultants to help our customers pick the best produce for their menus. Prior to joining our team, Gary owned a local produce distributor and oversaw daily and strategic operations. https://t.co/YHYx2QX87y",0,0,coder2
wendys_all_h1_00544,batch1_fortune100,20260618expand/classifier_improvement/data/human_labeling_template/coder_splits/coder2_labeling_template.csv,ConocoPhillips,1770883778333778005,https://x.com/conocophillips/status/1770883778333778005,Thu Mar 21 18:42:48 +0000 2024,"NEWS RELEASE: ConocoPhillips to hold first-quarter earnings conference call on Thursday, May 2 https://t.co/EZhuxUcK8P",0,0,coder2
wendys_all_h1_00545,batch1_fortune100,20260618expand/classifier_improvement/data/human_labeling_template/coder_splits/coder2_labeling_template.csv,New York Life Insurance,1513894717657956363,https://x.com/NewYorkLife/status/1513894717657956363,Tue Apr 12 15:00:02 +0000 2022,What is whole life insurance? Learn about the features and guaranteed benefits whole life insurance can provide this #FinancialLiteracyMonth.,0,0,coder2
wendys_all_h1_00546,batch1_fortune100,20260618expand/classifier_improvement/data/human_labeling_template/coder_splits/coder2_labeling_template.csv,Caterpillar,1634570095472041985,https://x.com/CaterpillarInc/status/1634570095472041985,Sat Mar 11 15:00:54 +0000 2023,Only 3 days 🗓 until CONEXPO! Visit our Technology Hub to take a closer look at the technologies that put you in control of equipment management: https://t.co/CkIs3jPJWg. #CatCONEXPO https://t.co/XuD3PFqQrH,0,0,coder2
wendys_all_h1_00547,batch1_fortune100,20260618expand/classifier_improvement/data/human_labeling_template/coder_splits/coder2_labeling_template.csv,Meta Platforms,1737165167643775008,https://x.com/Meta/status/1737165167643775008,Tue Dec 19 17:37:05 +0000 2023,Learn what’s new across our AI experiences here: https://t.co/yyzmmRHjyy,0,0,coder2
wendys_all_h1_00548,batch1_fortune100,20260618expand/classifier_improvement/data/human_labeling_template/coder_splits/coder2_labeling_template.csv,Pfizer,1579564955640422400,https://x.com/pfizer/status/1579564955640422400,Mon Oct 10 20:10:06 +0000 2022,"Everyone seems stressed these days. From economic pressures, racial unrest, political tensions and natural disasters. Fortunately, there are things you can do to get back on the path to #mentalhealth and physical wellbeing. https://t.co/bVrAi3sCti",0,0,coder2
wendys_all_h1_00549,batch1_fortune100,20260618expand/classifier_improvement/data/human_labeling_template/coder_splits/coder2_labeling_template.csv,Energy Transfer,1937871999801381149,https://x.com/energytransfer/status/1937871999801381149,Wed Jun 25 13:54:23 +0000 2025,"“Energy security is national security and Texas barrels don’t just fill demand – they build confidence,“ Todd Staples, TXOGA president, said Monday. ""In times of geopolitical stress, reliability becomes a strategic asset at home and abroad."" @dallasnews https://t.co/qIvd38VA22",0,0,coder2
wendys_all_h1_00550,batch1_fortune100,20260618expand/classifier_improvement/data/human_labeling_template/coder_splits/coder2_labeling_template.csv,TIAA,1620776483261235203,https://x.com/tiaa/status/1620776483261235203,Wed Feb 01 13:30:00 +0000 2023,"Happy National Girls &amp; Women in Sports Day® (NGWSD™)! This #NGWSD2023, we're excited to be back in D.C. to celebrate girls &amp; women in sport &amp; advocate to protect &amp; build upon #TitleIX so future generations understand their rights to equal access &amp; opportunity.We're not done yet! https://t.co/fVbbnj9INA",1,1,coder2
wendys_all_h1_00551,batch1_fortune100,20260618expand/classifier_improvement/data/human_labeling_template/coder_splits/coder2_labeling_template.csv,Tesla,2027599162007798060,https://x.com/tesla/status/2027599162007798060,Sat Feb 28 04:18:05 +0000 2026,"The car actually drives itself. I live in LA. It has handled canyons, the 405, traffic, the weird mergers on the 5 If you have to commute or have small kids, you should buy this car. It’s safer and you will have more mental energy every day https://t.co/C1xHmpKpdG",0,0,coder2
wendys_all_h1_00552,batch1_fortune100,20260618expand/classifier_improvement/data/human_labeling_template/coder_splits/coder2_labeling_template.csv,Centene,1657832734973100035,https://x.com/centene/status/1657832734973100035,Sun May 14 19:38:19 +0000 2023,Centene subsidiary @NETotalCare’s Diabetic Coaching Program works with members to inform them on how to manage diabetes and leverages technology to help track blood sugar levels. https://t.co/a2IFkufopa #Diabetes #Centene https://t.co/mA3xd6LVb9,0,0,coder2
wendys_all_h1_00553,batch1_fortune100,20260618expand/classifier_improvement/data/human_labeling_template/coder_splits/coder2_labeling_template.csv,Tesla,2044584758370570705,https://x.com/tesla/status/2044584758370570705,Thu Apr 16 01:12:47 +0000 2026,Model 3 &amp; Y are the most cost-effective vehicles you can own,0,0,coder2
wendys_all_h1_00554,batch1_fortune100,20260618expand/classifier_improvement/data/human_labeling_template/coder_splits/coder2_labeling_template.csv,Travelers,1542593822370185228,https://x.com/travelers/status/1542593822370185228,Thu Jun 30 19:40:01 +0000 2022,Traveling this #FourthofJuly weekend? Hit the road with our #SafeDriving tips: 🚗 Set up your navigation before leaving or ask a passenger to do it if you’re driving. 🚗 Stow your phone. 🚗 Avoid eating or drinking while driving. Find more tips here: https://t.co/8M88Ya83bh https://t.co/U9Gzns5lRb,1,1,coder2
wendys_all_h1_00555,batch1_fortune100,20260618expand/classifier_improvement/data/human_labeling_template/coder_splits/coder2_labeling_template.csv,RTX,1260553296953180160,https://x.com/RTX_News/status/1260553296953180160,Wed May 13 12:51:40 +0000 2020,"Helping our suppliers get the support they need is one of our top priorities. We’re engaged in helping them meet the challenges of COVID-19, from connecting them to important resources to providing them with tools needed to cope with the crisis. https://t.co/7SHxStOMKy https://t.co/2ZjvdBl1jU",0,0,coder2
wendys_all_h1_00556,batch1_fortune100,20260618expand/classifier_improvement/data/human_labeling_template/coder_splits/coder2_labeling_template.csv,Goldman Sachs Group,1922673258630983960,https://x.com/GoldmanSachs/status/1922673258630983960,Wed May 14 15:20:01 +0000 2025,Goldman Sachs' David Mericle: We expect increase in U.S.'s effective tariff rate 13 percentage pts https://t.co/kXPbJ4ZiYS,0,0,coder2
wendys_all_h1_00557,batch1_fortune100,20260618expand/classifier_improvement/data/human_labeling_template/coder_splits/coder2_labeling_template.csv,Kroger,1086027138904535041,https://x.com/kroger/status/1086027138904535041,Thu Jan 17 22:27:01 +0000 2019,"10 years later, same great taste. #10YearChallenge https://t.co/3aFHCgf1Qy",1,1,coder2
wendys_all_h1_00558,batch1_fortune100,20260618expand/classifier_improvement/data/human_labeling_template/coder_splits/coder2_labeling_template.csv,Energy Transfer,2049134572684583183,https://x.com/energytransfer/status/2049134572684583183,Tue Apr 28 14:32:07 +0000 2026,"Thanks @dcexaminer for publishing my commentary today on attempts to use foreign courts to undo effects of court judgments in the United States: ""Greenpeace can't ask foreign court to undo an American ruling"" https://t.co/5n9Iw0Kgty //@georgemasonlaw @MasonResearch @MasonLEC //",0,0,coder2
wendys_all_h1_00559,batch1_fortune100,20260618expand/classifier_improvement/data/human_labeling_template/coder_splits/coder2_labeling_template.csv,Oracle,2030836138194129070,https://x.com/oracle/status/2030836138194129070,Mon Mar 09 02:40:41 +0000 2026,"Recent media activity about the Abilene site are false and incorrect. First, Crusoe and Oracle are operating in lockstep to deliver one of the world's largest AI Data centers in Abilene at record-breaking pace. Two buildings are completely operational and the rest of the campus is on track. Second, Oracle has completed leasing for the additional 4.5GW to deliver on our commitments to OpenAI. We continuously evaluate sites around the world to meet the growing demand for OCI by working with great partners and customers all the time. https://t.co/rwuwL1QusC https://t.co/ZJbK257gAv",0,0,coder2
wendys_all_h1_00560,batch1_fortune100,20260618expand/classifier_improvement/data/human_labeling_template/coder_splits/coder2_labeling_template.csv,UPS,2046941398427951253,https://x.com/ups/status/2046941398427951253,Wed Apr 22 13:17:14 +0000 2026,RT @UPS_News: UPS expands Happy Returns network to capture more of the $706 billion U.S. returns market and boost higher-margin logistics s…,0,0,coder2
wendys_all_h1_00561,batch1_fortune100,20260618expand/classifier_improvement/data/human_labeling_template/coder_splits/coder2_labeling_template.csv,Delta Air Lines,1689324168582504455,https://x.com/Delta/status/1689324168582504455,Wed Aug 09 17:14:02 +0000 2023,Drop a comment below for the first SkyMiles benefit you find. https://t.co/WfGC6kc74S,0,0,coder2
wendys_all_h1_00562,batch1_fortune100,20260618expand/classifier_improvement/data/human_labeling_template/coder_splits/coder2_labeling_template.csv,Home Depot,754411656302723072,https://x.com/HDCares/status/754411656302723072,Sat Jul 16 20:25:29 +0000 2016,"@boltron5k Please send your contact info, order number, and details to TeamSocial@homedepot.com. We would like to look into this. -TeamCare",0,0,coder2
wendys_all_h1_00563,batch1_fortune100,20260618expand/classifier_improvement/data/human_labeling_template/coder_splits/coder2_labeling_template.csv,Amazon,1994390822310056303,https://x.com/amazon/status/1994390822310056303,Fri Nov 28 13:00:00 +0000 2025,".@SportsonPrime is stacking the wins today. Three sports, one legendary lineup – Black Friday Gameday is here. 🔥",1,1,coder2
wendys_all_h1_00564,batch1_fortune100,20260618expand/classifier_improvement/data/human_labeling_template/coder_splits/coder2_labeling_template.csv,Archer Daniels Midland,1450869571469053956,https://x.com/ADMupdates/status/1450869571469053956,Wed Oct 20 17:00:36 +0000 2021,"""Fighting for respect and representation is something I learned early on from my mother.""- Eduardo Matas For ADM's Eduardo Matas, his mother's lesson has guided him in his decades-long activism, fighting against racial prejudice in Brazil. Read his story: https://t.co/iAantryICL https://t.co/OfrzC5HGrR",0,0,coder2
wendys_all_h1_00565,batch1_fortune100,20260618expand/classifier_improvement/data/human_labeling_template/coder_splits/coder2_labeling_template.csv,Dell Technologies,1929176118126346655,https://x.com/Dell/status/1929176118126346655,Sun Jun 01 14:00:03 +0000 2025,"""This Dell model is my top pick for work and travel."" —@ZDNET The Dell 14 Plus is the ultimate companion for productivity on the go. ✈️ https://t.co/k43lKFwS2R https://t.co/bgw9A87cle",1,1,coder2
wendys_all_h1_00566,batch1_fortune100,20260618expand/classifier_improvement/data/human_labeling_template/coder_splits/coder2_labeling_template.csv,Prudential Financial,1195525016399601664,https://x.com/Prudential/status/1195525016399601664,Sat Nov 16 02:12:30 +0000 2019,Thank you @NJDevils and @Prudential for having us at the #MilitaryAppreciation game tonight! GO DEVILS!! https://t.co/PCtc1Xnz5g,1,1,coder2
wendys_all_h1_00567,batch1_fortune100,20260618expand/classifier_improvement/data/human_labeling_template/coder_splits/coder2_labeling_template.csv,Tyson Foods,1255616477610283010,https://x.com/tysonfoods/status/1255616477610283010,Wed Apr 29 21:54:31 +0000 2020,"Today we announced additional support for our frontline workers during COVID-19. We are now offering $120 million in “thank you” bonus pay, increasing short-term disability coverage, and additional health screening measures. Read more: https://t.co/Me4mPaJ4iU",0,0,coder2
wendys_all_h1_00568,batch1_fortune100,20260618expand/classifier_improvement/data/human_labeling_template/coder_splits/coder2_labeling_template.csv,IBM,1973777590855827595,https://x.com/ibm/status/1973777590855827595,Thu Oct 02 15:50:23 +0000 2025,"The next generation of open-source AI is here. Meet IBM Granite 4.0. We've engineered these open, performant and trusted small language models to solve key enterprise challenges. Discover how Granite 4.0 delivers exceptional performance while requiring only a fraction of the resources: https://t.co/T9Om1Xk61z",0,0,coder2
wendys_all_h1_00569,batch1_fortune100,20260618expand/classifier_improvement/data/human_labeling_template/coder_splits/coder2_labeling_template.csv,Caterpillar,1664707289092182033,https://x.com/CaterpillarInc/status/1664707289092182033,Fri Jun 02 18:55:21 +0000 2023,We're proud to sponsor @crusadersrugby 🏉 Best of luck to the team in the playoffs as they work towards yet another Super Rugby title. https://t.co/dnhNJ2dHH4,1,1,coder2
wendys_all_h1_00570,batch1_fortune100,20260618expand/classifier_improvement/data/human_labeling_template/coder_splits/coder2_labeling_template.csv,Home Depot,850811526370000896,https://x.com/HDCares/status/850811526370000896,Sat Apr 08 20:44:09 +0000 2017,@gabolhuis So sorry to disappoint! Please send your order number/contact info/tweet to TeamSocial@homedepot.com for help.,0,0,coder2
wendys_all_h1_00571,batch1_fortune100,20260618expand/classifier_improvement/data/human_labeling_template/coder_splits/coder2_labeling_template.csv,StoneX Group,2045163382064476413,https://x.com/StoneX_Official/status/2045163382064476413,Fri Apr 17 15:32:02 +0000 2026,Thank you to everyone who attended the StoneX cocktail reception during CESCO. Our team enjoyed getting a chance to meet with attendees. https://t.co/t05kIkvjCg,0,0,coder2
wendys_all_h1_00572,batch1_fortune100,20260618expand/classifier_improvement/data/human_labeling_template/coder_splits/coder2_labeling_template.csv,AT&T,1685666559795105792,https://x.com/ATT/status/1685666559795105792,Sun Jul 30 15:00:00 +0000 2023,Enjoy your Sunday scroll 😁,1,1,coder2
wendys_all_h1_00573,batch1_fortune100,20260618expand/classifier_improvement/data/human_labeling_template/coder_splits/coder2_labeling_template.csv,Tesla,2025791076225909117,https://x.com/tesla/status/2025791076225909117,Mon Feb 23 04:33:24 +0000 2026,The last 6 weeks I’ve been testing a 2026 Model Y. I went in with a lot of skepticism & concerns. I was wrong on 90% of it. I haven’t had this much sustained fun in a long time. I now get why so many Tesla owners are fanatical about their cars 😂 Everyone in the family is constantly looking for a reason to go for a drive now. We just finished a 1 week road trip with the kids and even that was great. I am pretty sure I will use this car for defcon this year. Every year I fill up a car with all the product & booth supplies and then make the ~9hr drive by myself.,1,1,coder2
wendys_all_h1_00574,batch1_fortune100,20260618expand/classifier_improvement/data/human_labeling_template/coder_splits/coder2_labeling_template.csv,Cisco Systems,1858135030213538015,https://x.com/Cisco/status/1858135030213538015,Sun Nov 17 13:08:08 +0000 2024,"#WiFi has come a long way - from its roots in the 1800s to the breakthroughs of the 1940s. Now, #WiFi7 is set to revolutionize connectivity, powering high-bandwidth and high-impact applications. 🛜 Learn more: https://t.co/nhaWJ3xPFX https://t.co/c5EuECOZzk",0,0,coder2
wendys_all_h1_00575,batch1_fortune100,20260618expand/classifier_improvement/data/human_labeling_template/coder_splits/coder2_labeling_template.csv,Ingram Micro Holding,1935702919824708044,https://x.com/IngramMicroInc/status/1935702919824708044,Thu Jun 19 14:15:14 +0000 2025,"Ingram Micro honors Juneteenth - celebrating freedom, culture, and the power of progress. #IngramMicro #TogetherIngramMicro https://t.co/GSoXleGpEY",0,0,coder2
wendys_all_h1_00576,batch1_fortune100,20260618expand/classifier_improvement/data/human_labeling_template/coder_splits/coder2_labeling_template.csv,Ford Motor,1621523314060709888,https://x.com/Ford/status/1621523314060709888,Fri Feb 03 14:57:39 +0000 2023,"You’re not dreaming. It’s real. We’re back in #F1, partnering with @RedBullRacing 🏎⚡️ #FordReturns https://t.co/NSLBJ9kQSz",1,1,coder2
wendys_all_h1_00577,batch1_fortune100,20260618expand/classifier_improvement/data/human_labeling_template/coder_splits/coder2_labeling_template.csv,Marathon Petroleum,1935548093673652446,https://x.com/MarathonPetroCo/status/1935548093673652446,Thu Jun 19 04:00:00 +0000 2025,"Juneteenth is a federal holiday commemorating the reading of a federal general order on June 19, 1865, notifying enslaved people in Texas that the Civil War had ended, and all enslaved people were free. At MPC, Juneteenth is a time to reflect on African American achievement and resilience and to continue to create an inclusive culture. #Juneteenth",0,0,coder2
wendys_all_h1_00578,batch1_fortune100,20260618expand/classifier_improvement/data/human_labeling_template/coder_splits/coder2_labeling_template.csv,IBM,1951259136051528055,https://x.com/ibm/status/1951259136051528055,Fri Aug 01 12:30:05 +0000 2025,"This year, we're introducing utility-scale dynamic circuits and a C-API for Qiskit to better integrate with high-performance computing (HPC). This will enable larger, more complex circuits and seamless development across quantum and classical systems. https://t.co/7FBw1P8Mny",0,0,coder2
wendys_all_h1_00579,batch1_fortune100,20260618expand/classifier_improvement/data/human_labeling_template/coder_splits/coder2_labeling_template.csv,Tesla,2033672171520950408,https://x.com/tesla/status/2033672171520950408,Mon Mar 16 22:30:04 +0000 2026,RT @elonmusk: Terafab Project launches in 7 days,0,0,coder2
wendys_all_h1_00580,batch1_fortune100,20260618expand/classifier_improvement/data/human_labeling_template/coder_splits/coder2_labeling_template.csv,Elevance Health,1454103273460445191,https://x.com/elevancehealth/status/1454103273460445191,Fri Oct 29 15:10:10 +0000 2021,"Over 700 women die each year from pregnancy-related causes due to lack of available maternal health resources. At Anthem, we’re focusing on addressing social drivers of health to improve maternal health outcomes by supporting community-based initiatives.",0,0,coder2
wendys_all_h1_00581,batch1_fortune100,20260618expand/classifier_improvement/data/human_labeling_template/coder_splits/coder2_labeling_template.csv,Home Depot,765332726316761089,https://x.com/HDCares/status/765332726316761089,Mon Aug 15 23:41:55 +0000 2016,@jenoftheforrest We’d like the chance to address this w/ leadership. Send details to TeamSocial@homedepot.com. –TeamCare,0,0,coder2
wendys_all_h1_00582,batch1_fortune100,20260618expand/classifier_improvement/data/human_labeling_template/coder_splits/coder2_labeling_template.csv,Chevron,1940110133209825447,https://x.com/chevron/status/1940110133209825447,Tue Jul 01 18:07:55 +0000 2025,"As a landman, Kelly Coppins is helping Chevron unlock long-term value in one of the largest oil and gas basins in the U.S. Even though she doesn't have a TV show, she has a big job. Read the Forbes feature about her and her team: https://t.co/B6NGgN6jmW https://t.co/wwlbwBLeWV",0,0,coder2
wendys_all_h1_00583,batch1_fortune100,20260618expand/classifier_improvement/data/human_labeling_template/coder_splits/coder2_labeling_template.csv,Chevron,2001744289127108743,https://x.com/chevron/status/2001744289127108743,Thu Dec 18 20:00:03 +0000 2025,"Ballymore is an oil producing field that is connected to our existing production platform Blind Faith. Ballymore produces oil, and it is processed by Blind Faith. ⬇️ https://t.co/Z5QcF93Btl",0,0,coder2
wendys_all_h1_00584,batch1_fortune100,20260618expand/classifier_improvement/data/human_labeling_template/coder_splits/coder2_labeling_template.csv,Target,1380552588060397569,https://x.com/target/status/1380552588060397569,Fri Apr 09 16:06:01 +0000 2021,"This is @taylorswift13. This is #FearlessTaylorsVersion. Get your Target exclusive CD, now: https://t.co/dpjttH9OmE https://t.co/ZUxAIfPLNw",0,0,coder2
wendys_all_h1_00585,batch1_fortune100,20260618expand/classifier_improvement/data/human_labeling_template/coder_splits/coder2_labeling_template.csv,Humana,1578119353727270912,https://x.com/humana/status/1578119353727270912,Thu Oct 06 20:25:48 +0000 2022,"“Stay with positive people, get rid of the stress in your life and follow your heart,” says Diane Gannotti McCarthy, Humana Game Changer in Volleyball. “You have to keep pushing ahead and do the things you love. Do something that keeps you going for the rest of your life.”",0,0,coder2
wendys_all_h1_00586,batch1_fortune100,20260618expand/classifier_improvement/data/human_labeling_template/coder_splits/coder2_labeling_template.csv,General Dynamics,1587104649798098947,https://x.com/generaldynamics/status/1587104649798098947,Mon Oct 31 15:30:10 +0000 2022,"RT @GDBIW: On Oct. 15, 22 firefighters from BIW Fire, Bath Fire and West Bath Fire held a firefighting drill. This educational drill, which…",0,0,coder2
wendys_all_h1_00587,batch1_fortune100,20260618expand/classifier_improvement/data/human_labeling_template/coder_splits/coder2_labeling_template.csv,Walt Disney,1986765611809009774,https://x.com/Disney/status/1986765611809009774,Fri Nov 07 12:00:08 +0000 2025,"Start your engines... 🏁 The Disney x Formula 1 collection drops tomorrow November 8 at 12am PT with select items on https://t.co/YdJ93pyJYm, and in the @f1lasvegas Hub at the Venetian Resort! #FueltheMagic https://t.co/wRMP2rBjCZ",1,1,coder2
wendys_all_h1_00588,batch1_fortune100,20260618expand/classifier_improvement/data/human_labeling_template/coder_splits/coder2_labeling_template.csv,Microsoft,1990832674043261395,https://x.com/microsoft/status/1990832674043261395,Tue Nov 18 17:21:12 +0000 2025,"Introducing Work IQ—the intelligence layer in Microsoft 365 Copilot that understands you, your work, and your organization. Read more: https://t.co/xyvfUECt6F #MSIgnite https://t.co/NvPOldBxTy",0,0,coder2
wendys_all_h1_00589,batch1_fortune100,20260618expand/classifier_improvement/data/human_labeling_template/coder_splits/coder2_labeling_template.csv,Amazon,2034512639813152893,https://x.com/amazon/status/2034512639813152893,Thu Mar 19 06:09:47 +0000 2026,"Alexa+, everyone's favorite AI assistant, just arrived in the UK. 🇬🇧 Powered by GenAI and engineered at Amazon's Tech Hub in Cambridge to be authentically British, Alexa knows what ""knackered"" means and that an entrée is a starter, not a main course. Early Access begins March 19 for eligible customers.",1,1,coder2
wendys_all_h1_00590,batch1_fortune100,20260618expand/classifier_improvement/data/human_labeling_template/coder_splits/coder2_labeling_template.csv,General Motors,1666927699917504512,https://x.com/GM/status/1666927699917504512,Thu Jun 08 21:58:28 +0000 2023,"RT @CNBCFastMoney: $GM strikes a deal with $TSLA to access the EV leader's charging network, similar to a deal made by its competitor $F.…",0,0,coder2
wendys_all_h1_00591,batch1_fortune100,20260618expand/classifier_improvement/data/human_labeling_template/coder_splits/coder2_labeling_template.csv,Tyson Foods,1222621840943845376,https://x.com/tysonfoods/status/1222621840943845376,Wed Jan 29 20:45:36 +0000 2020,".@TysonFoodsCEO TysonFoodsCEO Noel White was at the signing of a key trade agreement in Washington, D.C. today. https://t.co/26H5BdXYo7",0,0,coder2
wendys_all_h1_00592,batch1_fortune100,20260618expand/classifier_improvement/data/human_labeling_template/coder_splits/coder2_labeling_template.csv,Amazon,1948368414294118537,https://x.com/amazon/status/1948368414294118537,Thu Jul 24 13:03:23 +0000 2025,"📚 We're introducing two new Kindle Colorsoft models: a lower-priced 16 GB option and the first-ever Kindle Colorsoft Kids. Dive into book covers, graphic novels, travel guides, and more—in color. Available now. https://t.co/AXkIgUPkkj",0,0,coder2
wendys_all_h1_00593,batch1_fortune100,20260618expand/classifier_improvement/data/human_labeling_template/coder_splits/coder2_labeling_template.csv,Comcast,1915783461572333605,https://x.com/comcast/status/1915783461572333605,Fri Apr 25 15:02:25 +0000 2025,"Here’s a bat’s eye view through Darkmoor Village 🦇 Enter Dark Universe if you dare, only at Epic Universe opening May 22, 2025. https://t.co/Fe0pSAoqhM",1,1,coder2
wendys_all_h1_00594,batch1_fortune100,20260618expand/classifier_improvement/data/human_labeling_template/coder_splits/coder2_labeling_template.csv,United Airlines Holdings,1898041014817902867,https://x.com/united/status/1898041014817902867,Fri Mar 07 16:00:16 +0000 2025,"The world's fastest, most reliable Wi-Fi in the sky, @Starlink, has officially landed on our first aircraft, with the rest of our fleet to follow. That means you'll be able to stream, browse and game just like you do at home. And the icing on the digital cake? Starlink will be FREE when you have an (also free!) MileagePlus membership. Make sure you're ready to connect: https://t.co/LMI65k8dux",1,1,coder2
wendys_all_h1_00595,batch1_fortune100,20260618expand/classifier_improvement/data/human_labeling_template/coder_splits/coder2_labeling_template.csv,Home Depot,759860688487608320,https://x.com/HDCares/status/759860688487608320,Sun Jul 31 21:18:00 +0000 2016,@dougorey Here are the filters we have available with that measurement - https://t.co/SpEO6zWjpW. -TeamCare,0,0,coder2
wendys_all_h1_00596,batch1_fortune100,20260618expand/classifier_improvement/data/human_labeling_template/coder_splits/coder2_labeling_template.csv,American Express,1442956530345594882,https://x.com/americanexpress/status/1442956530345594882,Tue Sep 28 20:57:00 +0000 2021,RT @AmexBusiness: Shake up your routine with @ClassPass Founder @PayalKadakia on the next Office Hours! Tune in to hear how she navigated b…,1,1,coder2
wendys_all_h1_00597,batch1_fortune100,20260618expand/classifier_improvement/data/human_labeling_template/coder_splits/coder2_labeling_template.csv,Nike,1888761087488819289,https://x.com/nike/status/1888761087488819289,Mon Feb 10 01:25:09 +0000 2025,CAITLIN CLARK Logo Legend NCAA All-Time leading scorer and a walking bucket Time's 2024 Athlete of the Year WNBA Rookie of the Year https://t.co/hillGpQe1j,0,0,coder2
wendys_all_h1_00598,batch1_fortune100,20260618expand/classifier_improvement/data/human_labeling_template/coder_splits/coder2_labeling_template.csv,StoneX Group,2014813001589596483,https://x.com/StoneX_Official/status/2014813001589596483,Fri Jan 23 21:30:27 +0000 2026,"The StoneX Commodities Outlook 2026 Report will be released on January 27th, available to download for free. Stay tuned to be among the first to access the latest market insights. Save the date! Save the date! https://t.co/8dnjDt9E9F",1,1,coder2
wendys_all_h1_00599,batch1_fortune100,20260618expand/classifier_improvement/data/human_labeling_template/coder_splits/coder2_labeling_template.csv,Ford Motor,1932452698005061897,https://x.com/Ford/status/1932452698005061897,Tue Jun 10 15:00:01 +0000 2025,Convertible season is upon us. Drop it.,1,1,coder2
wendys_all_h1_00600,batch1_fortune100,20260618expand/classifier_improvement/data/human_labeling_template/coder_splits/coder2_labeling_template.csv,Amazon,1696190995027689839,https://x.com/amazon/status/1696190995027689839,Mon Aug 28 16:00:21 +0000 2023,"Taylor Rooks was named a feature reporter for Prime Video’s Thursday Night Football prior to the 2022 season. Rooks conducts in-depth interviews with players, coaches, and other NFL figures that are presented during the streamer’s comprehensive wraparound coverage. https://t.co/EYLpVbh1Hn",0,0,coder2
wendys_all_h1_00601,batch1_fortune100,20260618expand/classifier_improvement/data/human_labeling_template/coder_splits/coder2_labeling_template.csv,Lockheed Martin,1999872738237010321,https://x.com/lockheedmartin/status/1999872738237010321,Sat Dec 13 16:03:11 +0000 2025,"Mark your calendar for the official Finland rollout ceremony on Dec. 16, 2025.",1,1,coder2
wendys_all_h1_00602,batch1_fortune100,20260618expand/classifier_improvement/data/human_labeling_template/coder_splits/coder2_labeling_template.csv,TD Synnex,1533883074961977345,https://x.com/tdsynnex/status/1533883074961977345,Mon Jun 06 18:46:37 +0000 2022,"It's summer internship season, which can be an intimidating adventure if you go in unprepared. Fortunately, our former interns are here to offer advice on how to survive and thrive this summer: https://t.co/79e7dOiqpT",1,1,coder2
wendys_all_h1_00603,batch1_fortune100,20260618expand/classifier_improvement/data/human_labeling_template/coder_splits/coder2_labeling_template.csv,Alphabet,2056800357133746594,https://x.com/google/status/2056800357133746594,Tue May 19 18:13:13 +0000 2026,"@GeminiApp Neural Expressive is available starting today on the web, Android and iOS globally.",0,0,coder2
wendys_all_h1_00604,batch1_fortune100,20260618expand/classifier_improvement/data/human_labeling_template/coder_splits/coder2_labeling_template.csv,Ford Motor,1919754026209435776,https://x.com/Ford/status/1919754026209435776,Tue May 06 14:00:01 +0000 2025,Speed never settles. The Ford Mustang® GTD is now the fourth-fastest production sports car to ever complete a sub-7-minute #nürburgring circuit. Mustang GTD hits the streets this spring. Read more: https://t.co/KxWVVB8ntP #nuerburgring #nring #nurburgring https://t.co/nYTvQredGU,1,1,coder2
wendys_all_h1_00605,batch1_fortune100,20260618expand/classifier_improvement/data/human_labeling_template/coder_splits/coder2_labeling_template.csv,Eli Lilly,1493986050531860481,https://x.com/EliLillyandCo/status/1493986050531860481,Wed Feb 16 16:30:06 +0000 2022,"Lilly is collaborating with @Breastcancerorg, @thebreastofus, @LivingBeyondBC, and @SusanGKomen to launch an education campaign that provides resources for understanding the complexities of early breast cancer. https://t.co/LVPgnp3bZG #breastcancer https://t.co/a8BquZVixJ",0,0,coder2
wendys_all_h1_00606,batch1_fortune100,20260618expand/classifier_improvement/data/human_labeling_template/coder_splits/coder2_labeling_template.csv,Exxon Mobil,1467915860635443209,https://x.com/exxonmobil/status/1467915860635443209,Mon Dec 06 17:56:28 +0000 2021,"Darren Woods, Chairman and CEO, @ExxonMobil Corporation, discusses the importance of technology, investments, and policies to help move the energy industry forward in the plenary session, Innovative Energy Solutions. https://t.co/BlGqwBcIEH",0,0,coder2
wendys_all_h1_00607,batch1_fortune100,20260618expand/classifier_improvement/data/human_labeling_template/coder_splits/coder2_labeling_template.csv,Humana,1762885403558736080,https://x.com/humana/status/1762885403558736080,Wed Feb 28 17:00:07 +0000 2024,Assistance getting to medical appointments and transportation benefits are one of the reasons many people choose Medicare Advantage plans for affordable and high-quality care options.,1,1,coder2
wendys_all_h1_00608,batch1_fortune100,20260618expand/classifier_improvement/data/human_labeling_template/coder_splits/coder2_labeling_template.csv,Home Depot,1545452667018919937,https://x.com/homedepot/status/1545452667018919937,Fri Jul 08 17:00:03 +0000 2022,"We formally invite you to save the date 💀 Mark your calendars because on July 15, Skelly is back in stock with some new and old giant friends! While supplies last. https://t.co/RAdcqmc5C4",1,1,coder2
wendys_all_h1_00609,batch1_fortune100,20260618expand/classifier_improvement/data/human_labeling_template/coder_splits/coder2_labeling_template.csv,General Motors,1486002127914864644,https://x.com/GM/status/1486002127914864644,Tue Jan 25 15:44:50 +0000 2022,Don't forget — we'll be live from Lansing at 11AM ET to share some BIG Michigan investment news! https://t.co/Q4FG65dcb6,1,1,coder2
wendys_all_h1_00610,batch1_fortune100,20260618expand/classifier_improvement/data/human_labeling_template/coder_splits/coder2_labeling_template.csv,Alphabet,2056796893951426705,https://x.com/google/status/2056796893951426705,Tue May 19 17:59:27 +0000 2026,"Just off stage at #GoogleIO, some highlights from this morning 🧵 Gemini 3.5 Flash is available today for everyone in @antigravity and across our products and APIs. Compared to 3.1 Pro, 3.5 Flash is better across almost all benchmarks with huge progress in coding. It’s also comparable to the best models but very fast (4x faster tokens/ second than other frontier models). And when looking at the intelligence versus output speed, it’s in a league of its own in the top right quadrant.",0,0,coder2
wendys_all_h1_00611,batch1_fortune100,20260618expand/classifier_improvement/data/human_labeling_template/coder_splits/coder2_labeling_template.csv,MetLife,1389975430640381961,https://x.com/metlife/status/1389975430640381961,Wed May 05 16:09:01 +0000 2021,"MetLife is proud to once again be sponsoring @PatriotBootCamp RISE, which aims to mentor and help the military community, #veterans, and #milspouses pursue their entrepreneurial dreams. Learn more: https://t.co/27GsQmfRUL https://t.co/n9hsgoF1ct",0,0,coder2
wendys_all_h1_00612,batch1_fortune100,20260618expand/classifier_improvement/data/human_labeling_template/coder_splits/coder2_labeling_template.csv,Enterprise Products Partners,1681783118037159937,https://x.com/EProd_Careers/status/1681783118037159937,Wed Jul 19 21:48:36 +0000 2023,Make the most of your talents in a fast-paced environment driven by people who strive for achievement. Join us at Enterprise Products. Apply now! https://t.co/sOXuOJF05H #ProjectEngineer,1,1,coder2
wendys_all_h1_00613,batch1_fortune100,20260618expand/classifier_improvement/data/human_labeling_template/coder_splits/coder2_labeling_template.csv,Phillips 66,1392857175568134155,https://x.com/Phillips66co/status/1392857175568134155,Thu May 13 15:00:03 +0000 2021,"As part of GOOD ENERGY month in April, our Los Angeles Refinery sponsored Healthy Kids Week at the local YMCA to help remind the community of healthy living and eating habits after a challenging year. Learn more: https://t.co/rbVDKmes0P #GivingGoodEnergy",0,0,coder2
wendys_all_h1_00614,batch1_fortune100,20260618expand/classifier_improvement/data/human_labeling_template/coder_splits/coder2_labeling_template.csv,AT&T,2026703718637560075,https://x.com/ATT/status/2026703718637560075,Wed Feb 25 16:59:55 +0000 2026,It's go-time! 🤩 Bookmark this megathread for all things #GalaxyUnpacked. Comment #GalaxyAI if you’re feeling the excitement! https://t.co/BcdDIrJSzn,1,1,coder2
wendys_all_h1_00615,batch1_fortune100,20260618expand/classifier_improvement/data/human_labeling_template/coder_splits/coder2_labeling_template.csv,Publix Super Markets,2003843104026055027,https://x.com/Publix/status/2003843104026055027,Wed Dec 24 15:00:00 +0000 2025,"We wish you a Merry Christmas. 🎄 Our stores are open until 7 p.m. on Christmas Eve. We’re closed Christmas Day so our associates can enjoy time with their loved ones. Regular hours resume Friday, December 26.",1,1,coder2
wendys_all_h1_00616,batch1_fortune100,20260618expand/classifier_improvement/data/human_labeling_template/coder_splits/coder2_labeling_template.csv,RTX,1312073351754641408,https://x.com/RTX_News/status/1312073351754641408,Fri Oct 02 16:53:58 +0000 2020,RT @SecGeneScalia: We reached another major apprenticeship expansion milestone today. @NIMS_Inc announced that @RaytheonTech will launch t…,0,0,coder2
wendys_all_h1_00617,batch1_fortune100,20260618expand/classifier_improvement/data/human_labeling_template/coder_splits/coder2_labeling_template.csv,Massachusetts Mutual Life,1534565940616118272,https://x.com/massmutual/status/1534565940616118272,Wed Jun 08 16:00:05 +0000 2022,"Meeting with a financial professional doesn't have to be stressful. If you have the right documents and information, a financial professional can help you with your short and long-term financial goals. https://t.co/kkfgPvc1Dx https://t.co/jHAwhk1v9j",0,0,coder2
wendys_all_h1_00618,batch1_fortune100,20260618expand/classifier_improvement/data/human_labeling_template/coder_splits/coder2_labeling_template.csv,Massachusetts Mutual Life,1561805413498208257,https://x.com/massmutual/status/1561805413498208257,Mon Aug 22 20:00:02 +0000 2022,"We are already well past the halfway point of 2022. 🤯 If you haven’t reviewed your financial plan since January, now is a good time to check in and assess whether you're on track to meet your goals. Here's how: https://t.co/NVvPV4FAnV. https://t.co/3viD8NFlMe",1,1,coder2
wendys_all_h1_00619,batch1_fortune100,20260618expand/classifier_improvement/data/human_labeling_template/coder_splits/coder2_labeling_template.csv,Exxon Mobil,1133745915246850053,https://x.com/exxonmobil/status/1133745915246850053,Wed May 29 14:44:24 +0000 2019,"“Last year, we set goals to reduce methane emissions by 15 percent and flaring by 25 percent. We’re on track to meet both.” — Chairman &amp; CEO Darren Woods #XOMAnnualMeeting",0,0,coder2
wendys_all_h1_00620,batch1_fortune100,20260618expand/classifier_improvement/data/human_labeling_template/coder_splits/coder2_labeling_template.csv,Sysco,1563164554867388418,https://x.com/sysco/status/1563164554867388418,Fri Aug 26 14:00:46 +0000 2022,"It's time to stock up on sports fan favorites like pizza wings, amazing apps, savory sides, and more. Check out our products and featured recipes here. https://t.co/8hDRgd4ytO https://t.co/xlya9iZMSB",1,1,coder2
wendys_all_h1_00621,batch1_fortune100,20260618expand/classifier_improvement/data/human_labeling_template/coder_splits/coder2_labeling_template.csv,IBM,2046582883066757493,https://x.com/ibm/status/2046582883066757493,Tue Apr 21 13:32:37 +0000 2026,RT @jonathanadashek: DYK @IBM won the 2026 Adobe Customer Experience Orchestration AI Technology Partner of the Year award and @ibmconsulti…,1,1,coder2
wendys_all_h1_00622,batch1_fortune100,20260618expand/classifier_improvement/data/human_labeling_template/coder_splits/coder2_labeling_template.csv,Enterprise Products Partners,1677339680717807618,https://x.com/EProd_Careers/status/1677339680717807618,Fri Jul 07 15:31:58 +0000 2023,Discover exciting and rewarding ways to apply your talents at Enterprise Products. Click here to find out more! https://t.co/owvOrNpEY0,1,1,coder2
wendys_all_h1_00623,batch1_fortune100,20260618expand/classifier_improvement/data/human_labeling_template/coder_splits/coder2_labeling_template.csv,AbbVie,1950539233552175186,https://x.com/abbvie/status/1950539233552175186,Wed Jul 30 12:49:27 +0000 2025,"[Video description: On-screen text reads, “Immunology News”]",0,0,coder2
wendys_all_h1_00624,batch1_fortune100,20260618expand/classifier_improvement/data/human_labeling_template/coder_splits/coder2_labeling_template.csv,Chevron,1651224842744614913,https://x.com/chevron/status/1651224842744614913,Wed Apr 26 14:00:55 +0000 2023,"Today: Moderated by FT's US Energy Editor, @derek_brower, don't miss our free panel discussion addressing the potential of renewable gasoline with expert speakers from @Chevron and @Toyota. Watch here: https://t.co/j3U9C8g6Ow https://t.co/oIo8LMsgZf",0,0,coder2
wendys_all_h1_00625,batch1_fortune100,20260618expand/classifier_improvement/data/human_labeling_template/coder_splits/coder2_labeling_template.csv,Target,1477067068512116737,https://x.com/target/status/1477067068512116737,Sat Jan 01 00:00:06 +0000 2022,*knock knock * 🚪🙂 : 2022 #HappyNewYear! 🎉 ✨,1,1,coder2
wendys_all_h1_00626,batch1_fortune100,20260618expand/classifier_improvement/data/human_labeling_template/coder_splits/coder2_labeling_template.csv,Nike,1923865596242034940,https://x.com/nike/status/1923865596242034940,Sat May 17 22:17:56 +0000 2025,Hardware for the hardwood. Kobe 5 PE for @CaitlinClark22. Inspired by her 2024 Rookie of the Year Award. https://t.co/w4Izms4rBw,0,0,coder2
wendys_all_h1_00627,batch1_fortune100,20260618expand/classifier_improvement/data/human_labeling_template/coder_splits/coder2_labeling_template.csv,JPMorgan Chase,1435132261838450689,https://x.com/jpmorgan/status/1435132261838450689,Tue Sep 07 06:46:09 +0000 2021,Committed to excellence. Committed to making history. We're proud to have sponsored the @USOpen Women's Singles Championship for 26 years. https://t.co/sONm21KYfU,0,0,coder2
wendys_all_h1_00628,batch1_fortune100,20260618expand/classifier_improvement/data/human_labeling_template/coder_splits/coder2_labeling_template.csv,Walt Disney,1899983755089240087,https://x.com/Disney/status/1899983755089240087,Thu Mar 13 00:40:01 +0000 2025,"Rachel Zegler and Snow White director Marc Webb pose at the @Alcazar_Segovia Castle in Spain, which inspired the castle in the 1937 animated film. Disney’s #SnowWhite only in theaters next Friday! Get tickets now: https://t.co/SWksDu7sSe https://t.co/SuAg11PeF6",1,1,coder2
wendys_all_h1_00629,batch1_fortune100,20260618expand/classifier_improvement/data/human_labeling_template/coder_splits/coder2_labeling_template.csv,Tesla,2058638532353434023,https://x.com/tesla/status/2058638532353434023,Sun May 24 19:57:28 +0000 2026,".@Grok can be your guide while exploring new spots Just say “Hey Grok” to ask about geological features, local history, or places to check out nearby",1,1,coder2
wendys_all_h1_00630,batch1_fortune100,20260618expand/classifier_improvement/data/human_labeling_template/coder_splits/coder2_labeling_template.csv,American Express,1890512849845227614,https://x.com/americanexpress/status/1890512849845227614,Fri Feb 14 21:26:02 +0000 2025,".@colordujour has a big day in the works hosting a professional makeup class for their community of artists. Watch and see the results in the next episode of Small Business, Big Day: https://t.co/JkG1tKpOT3 https://t.co/aIxu8xlX6Y",0,0,coder2
wendys_all_h1_00631,batch1_fortune100,20260618expand/classifier_improvement/data/human_labeling_template/coder_splits/coder2_labeling_template.csv,USAA,1602672265493204992,https://x.com/usaa/status/1602672265493204992,Tue Dec 13 14:30:18 +0000 2022,"The first National Guard units date all the way back to the 1600s. Today, we celebrate this historic organization not only for its longevity, but for all the ways each Guardsmen provides security and emergency aid to our nation. #HBDNationalGuard https://t.co/4mJh7pcCri",0,0,coder2
wendys_all_h1_00632,batch1_fortune100,20260618expand/classifier_improvement/data/human_labeling_template/coder_splits/coder2_labeling_template.csv,Walmart,1845888712619561273,https://x.com/walmart/status/1845888712619561273,Mon Oct 14 18:05:38 +0000 2024,Cake Mix: https://t.co/4z0ldMZIkX,0,0,coder2
wendys_all_h1_00633,batch1_fortune100,20260618expand/classifier_improvement/data/human_labeling_template/coder_splits/coder2_labeling_template.csv,JPMorgan Chase,1589718667582996482,https://x.com/jpmorgan/status/1589718667582996482,Mon Nov 07 20:37:20 +0000 2022,"Art enthusiasts gather in the City of Lights this week for @ParisPhotoFair, where artists expand the boundaries of traditional photography. 📸 We're honored to be celebrating 11 years of partnership.",1,1,coder2
wendys_all_h1_00634,batch1_fortune100,20260618expand/classifier_improvement/data/human_labeling_template/coder_splits/coder2_labeling_template.csv,Boeing,1446490591102181394,https://x.com/boeing/status/1446490591102181394,Fri Oct 08 15:00:06 +0000 2021,"The @GoFlyPrize competition invites innovators worldwide to create a personal flyer that is safe, useful and inspiring. The winning flyer could land one team $1 million. Learn more: https://t.co/EgOe4MjpGd https://t.co/EU2uGEXGoI",0,0,coder2
wendys_all_h1_00635,batch1_fortune100,20260618expand/classifier_improvement/data/human_labeling_template/coder_splits/coder2_labeling_template.csv,Exxon Mobil,1334519248203493376,https://x.com/exxonmobil/status/1334519248203493376,Thu Dec 03 15:25:57 +0000 2020,We’re all in this together! Glad to be a part of the Oil and Gas Climate Initiative – working collaboratively toward solutions to mitigate the risks of climate change. @OGCInews,1,1,coder2
wendys_all_h1_00636,batch1_fortune100,20260618expand/classifier_improvement/data/human_labeling_template/coder_splits/coder2_labeling_template.csv,HP,1770088534285672578,https://x.com/hp/status/1770088534285672578,Tue Mar 19 14:02:47 +0000 2024,"🤩🇺🇸 ¡Volvemos a Estados Unidos! 🙌 Aquí tenéis nuestro Summer Tour 2024 en Estados Unidos, presentado por @HP https://t.co/jJmrbL641T",1,1,coder2
wendys_all_h1_00637,batch1_fortune100,20260618expand/classifier_improvement/data/human_labeling_template/coder_splits/coder2_labeling_template.csv,Target,1258049068623896576,https://x.com/target/status/1258049068623896576,Wed May 06 15:00:46 +0000 2020,"You have 280 characters to speak to the #Classof2020, what’s your advice? #CommencementTweet",0,0,coder2
wendys_all_h1_00638,batch1_fortune100,20260618expand/classifier_improvement/data/human_labeling_template/coder_splits/coder2_labeling_template.csv,Boeing,1671140428694056961,https://x.com/boeing/status/1671140428694056961,Tue Jun 20 12:58:21 +0000 2023,"C’est deux fois mieux! 🇫🇷 Join us live for the day 2 737-10 and 777-9 flying display today at the 2023 #ParisAirShow! You'll see their highly anticipated maneuvers in action, showcasing their capabilities and performance. https://t.co/9dskVD9hZ6",1,1,coder2
wendys_all_h1_00639,batch1_fortune100,20260618expand/classifier_improvement/data/human_labeling_template/coder_splits/coder2_labeling_template.csv,Home Depot,746489320538800128,https://x.com/HDCares/status/746489320538800128,Fri Jun 24 23:44:57 +0000 2016,@mnolet85 Oh no! Please send order number/contact info to TeamSocial@homedepot.com so we can look into this. -TeamCare,0,0,coder2
wendys_all_h1_00640,batch1_fortune100,20260618expand/classifier_improvement/data/human_labeling_template/coder_splits/coder2_labeling_template.csv,Home Depot,818220106270605317,https://x.com/HDCares/status/818220106270605317,Sun Jan 08 22:17:29 +0000 2017,@JohnJGaga What happened? Please send add’l details/contact info/post to TeamSocial@homedepot.com so we can address. –TeamCare,0,0,coder2
wendys_all_h1_00641,batch1_fortune100,20260618expand/classifier_improvement/data/human_labeling_template/coder_splits/coder2_labeling_template.csv,Delta Air Lines,1503385646433452032,https://x.com/Delta/status/1503385646433452032,Mon Mar 14 15:00:44 +0000 2022,It’s time to battle for the best brand on Twitter. #BestOfTweets Brand Bracket tips off now! First matchup: the power of flight vs. the gift of food ✈️ @Delta's travel tips VS 🛒 @kroger's fresh takes Vote now!,1,1,coder2
wendys_all_h1_00642,batch1_fortune100,20260618expand/classifier_improvement/data/human_labeling_template/coder_splits/coder2_labeling_template.csv,PepsiCo,1598727523109576704,https://x.com/pepsico/status/1598727523109576704,Fri Dec 02 17:15:19 +0000 2022,"Can you even remember life before @Tostitos scoops? Or a world without @MountainDew Baja Blast? Both were born in the 2000s, with lots of other delicious innovations! Which do you remember trying first? https://t.co/hMB0wVawld",1,1,coder2
wendys_all_h1_00643,batch1_fortune100,20260618expand/classifier_improvement/data/human_labeling_template/coder_splits/coder2_labeling_template.csv,Goldman Sachs Group,1973382387569488300,https://x.com/GoldmanSachs/status/1973382387569488300,Wed Oct 01 13:39:59 +0000 2025,"Gold prices are forecast to break more records highs, driven by factors such as demand from central banks and investment inflows to gold ETFs. Goldman Sachs Research expects the precious metal to hit $4,000 per troy ounce by mid-2026. Read more: https://t.co/VcJ7acSN8I",0,0,coder2
wendys_all_h1_00644,batch1_fortune100,20260618expand/classifier_improvement/data/human_labeling_template/coder_splits/coder2_labeling_template.csv,Boeing,1461322063130550277,https://x.com/boeing/status/1461322063130550277,Thu Nov 18 13:15:04 +0000 2021,RT @BoeingMidEast: Only #TeamBoeing has the expertise to perform meaningful analytics across commercial and government — and apply these digital solutions to help our customers solve their toughest problems. #DAS21 https://t.co/gx61230uL0,0,0,coder2
wendys_all_h1_00645,batch1_fortune100,20260618expand/classifier_improvement/data/human_labeling_template/coder_splits/coder2_labeling_template.csv,Publix Super Markets,1585315349376995328,https://x.com/Publix/status/1585315349376995328,Wed Oct 26 17:00:07 +0000 2022,"We have the most ""gourd-geous"" pumpkins in the patch! #NationalPumpkinDay https://t.co/0nR2npj2CG",1,1,coder2
wendys_all_h1_00646,batch1_fortune100,20260618expand/classifier_improvement/data/human_labeling_template/coder_splits/coder2_labeling_template.csv,Target,1579502477883629568,https://x.com/target/status/1579502477883629568,Mon Oct 10 16:01:51 +0000 2022,not to be the drama but...candy corn?,1,1,coder2
wendys_all_h1_00647,batch1_fortune100,20260618expand/classifier_improvement/data/human_labeling_template/coder_splits/coder2_labeling_template.csv,Microsoft,1939670330332868696,https://x.com/microsoft/status/1939670330332868696,Mon Jun 30 13:00:18 +0000 2025,We're taking a big step towards medical superintelligence. AI models have aced multiple choice medical exams – but real patients don’t come with ABC answer options. Now MAI-DxO can solve some of the world’s toughest open-ended cases with higher accuracy and lower costs. https://t.co/PVMdxIwhhx,0,0,coder2
wendys_all_h1_00648,batch1_fortune100,20260618expand/classifier_improvement/data/human_labeling_template/coder_splits/coder2_labeling_template.csv,HCA Healthcare,1803488113282383993,https://x.com/hcahealthcare/status/1803488113282383993,Wed Jun 19 18:00:48 +0000 2024,"Today, we celebrate and reflect on #Juneteenth. At HCA Healthcare, we remain committed to creating healthier, more equitable tomorrows for our patients, colleagues, and communities. https://t.co/Ji6WllsEec",0,0,coder2
wendys_all_h1_00649,batch1_fortune100,20260618expand/classifier_improvement/data/human_labeling_template/coder_splits/coder2_labeling_template.csv,Elevance Health,1453768535205892113,https://x.com/elevancehealth/status/1453768535205892113,Thu Oct 28 17:00:03 +0000 2021,Join our @modrnhealthcr webinar Nov. 17 to hear @AnthemInc’s President of Digital Platforms @RajeevRonanki and Staff VP of AI Tech @BobbySamuel and @PMA_IPANS Executive Director Mike Guarino discuss how we’re enhancing the healthcare experience with a digital platform approach.,0,0,coder2
wendys_all_h1_00650,batch1_fortune100,20260618expand/classifier_improvement/data/human_labeling_template/coder_splits/coder2_labeling_template.csv,Tesla,2031426779735535879,https://x.com/tesla/status/2031426779735535879,Tue Mar 10 17:47:41 +0000 2026,"The last car we bought was a @Tesla Model Y. Painless purchase process. No salespeople, no showroom, no upsells, no games, no haggling, no pressure. Just a personal choice on my own time, and a simple few-minute process handled entirely via a clear and straightforward app. The next car we're buying is from another brand. And holy hell, it feels like I'm going back in time. Salespeople, back-and-forth charades, pricing games, ""when can you come in?"" before the deal is finalized tactics, etc. And I'm still doing it all via email so I don't have to deal with the showroom antics. I've modernized the process as much as I can from my side, and yet it's the same old same old. They don't even feel like the same thing. In one case I'm buying a car with all the baggage that comes with buying a car. In the other case I'm buying a Tesla with none of the baggage of buying a car. This experience could make me lament this other brand, but what it really does is make me appreciate and respect the lengths to which Tesla has fully reconfigured the car buying experience. It's become effortless, like buying any other product. As it should be. A car is just another product. Bravo.",0,0,coder2
wendys_all_h1_00651,batch1_fortune100,20260618expand/classifier_improvement/data/human_labeling_template/coder_splits/coder2_labeling_template.csv,Travelers,1507401936991141903,https://x.com/travelers/status/1507401936991141903,Fri Mar 25 17:00:02 +0000 2022,"To avoid disruptions in today’s complex #supplychain environment, manufacturers need to plan for — and manage — risks in three distinct areas: 🔵 Upstream 🔵 Internal 🔵 Downstream Here are some things to consider: https://t.co/wYul3zSZx6 https://t.co/YguUhRAF34",0,0,coder2
wendys_all_h1_00652,batch1_fortune100,20260618expand/classifier_improvement/data/human_labeling_template/coder_splits/coder2_labeling_template.csv,Oracle,1970601342680084483,https://x.com/oracle/status/1970601342680084483,Tue Sep 23 21:29:06 +0000 2025,"More compute in the making. Announcing 5 new Stargate sites with Oracle and SoftBank, putting us ahead of schedule on the 10-gigawatt commitment we announced in January. https://t.co/AWJQt02XZ4",0,0,coder2
wendys_all_h1_00653,batch1_fortune100,20260618expand/classifier_improvement/data/human_labeling_template/coder_splits/coder2_labeling_template.csv,Alphabet,2044453452911157698,https://x.com/google/status/2044453452911157698,Wed Apr 15 16:31:01 +0000 2026,"The @GeminiApp is now available natively on Mac, bringing you a faster, more integrated way to get AI help right on your desktop. 🍎 Now Gemini is just a shortcut away (Option + Space) for instant help, without ever needing to switch tabs. https://t.co/GdRpyFFxDq",0,0,coder2
wendys_all_h1_00654,batch1_fortune100,20260618expand/classifier_improvement/data/human_labeling_template/coder_splits/coder2_labeling_template.csv,Albertsons,1473095975833149449,https://x.com/albertsons/status/1473095975833149449,Tue Dec 21 01:00:24 +0000 2021,"Once your roast is cooked, allow it to rest, covered in aluminum foil, for about 15-20 minutes, before you carve.",0,0,coder2
wendys_all_h1_00655,batch1_fortune100,20260618expand/classifier_improvement/data/human_labeling_template/coder_splits/coder2_labeling_template.csv,Goldman Sachs Group,2005609767809515850,https://x.com/GoldmanSachs/status/2005609767809515850,Mon Dec 29 12:00:05 +0000 2025,"On this episode of the Odd Lots podcast, Goldman Sachs' @HatziusJan and Ben Snider join @tracyalloway and @thestalwart to discuss the impact of AI and tariffs on the economy in 2025 and how these factors will influence the real economy and stocks next year https://t.co/WfYUapTAfI https://t.co/eFcMe6ARPs",0,0,coder2
wendys_all_h1_00656,batch1_fortune100,20260618expand/classifier_improvement/data/human_labeling_template/coder_splits/coder2_labeling_template.csv,New York Life Insurance,1498411416843272193,https://x.com/NewYorkLife/status/1498411416843272193,Mon Feb 28 21:34:55 +0000 2022,"Goodbye regular season, hello @Vegas! 🤩 The #Pac12WBB Tournament, presented by @NewYorkLife, begins Wednesday. Get your tickets now or watch live on Pac-12 Network. 📍 @MandalayBay’s Michelob ULTRA Arena 🎟 https://t.co/9UJRxceVM7 📺 Pac-12 Network 📱 https://t.co/7bHMYBrFK8 https://t.co/BTTeU25lJo",1,1,coder2
wendys_all_h1_00657,batch1_fortune100,20260618expand/classifier_improvement/data/human_labeling_template/coder_splits/coder2_labeling_template.csv,Ingram Micro Holding,1990899552828772563,https://x.com/IngramMicroInc/status/1990899552828772563,Tue Nov 18 21:46:57 +0000 2025,"Ingram Micro Netherlands has been named Cisco Distributor of the Year 2025! Thank you to @Cisco, our partners and our fantastic team for making this milestone a reality. On to new successes and a future full of possibilities! #IngramMicro @IngramMicroNL https://t.co/yT14hIzfMk",1,1,coder2
wendys_all_h1_00658,batch1_fortune100,20260618expand/classifier_improvement/data/human_labeling_template/coder_splits/coder2_labeling_template.csv,General Dynamics,1802814322114273741,https://x.com/generaldynamics/status/1802814322114273741,Mon Jun 17 21:23:23 +0000 2024,"NASSCO pride was on full display last weekend as the shipyard played host to employees, their spouses, children, grandchildren and others during a memorable Family Day occasion. 👨‍👩‍👧‍👦 Over 6,000 people passed through the gates as employees were able to showcase what we do day in and day out... Building some of the finest ships that sail the oceans. For us, it's second nature, but for our families it was a behind the scenes glimpse of the remarkable work we do for our country. #NASSCOFamilyDay",1,1,coder2
wendys_all_h1_00659,batch1_fortune100,20260618expand/classifier_improvement/data/human_labeling_template/coder_splits/coder2_labeling_template.csv,Enterprise Products Partners,1680363229204353026,https://x.com/EProd_Careers/status/1680363229204353026,Sat Jul 15 23:46:28 +0000 2023,Enterprise Products is an organization rich in energy-related opportunities. Could this one be right for you? Click here to find out. https://t.co/JDpyhZ1JLU,1,1,coder2
wendys_all_h1_00660,batch1_fortune100,20260618expand/classifier_improvement/data/human_labeling_template/coder_splits/coder2_labeling_template.csv,AbbVie,1960723224276172842,https://x.com/abbvie/status/1960723224276172842,Wed Aug 27 15:16:59 +0000 2025,"[and the text, “Embracing shared decision-making between patients and their health care teams may help improve health outcomes for the CLL community.”]",0,0,coder2
wendys_all_h1_00661,batch1_fortune100,20260618expand/classifier_improvement/data/human_labeling_template/coder_splits/coder2_labeling_template.csv,Albertsons,1347226514320977921,https://x.com/albertsons/status/1347226514320977921,Thu Jan 07 17:00:05 +0000 2021,Fresh and healthy doesn’t have to be hard. Get more greens in your diet with grab-n-go salads and other fresh options at your local store! https://t.co/nzYO0AOuuq,0,0,coder2
wendys_all_h1_00662,batch1_fortune100,20260618expand/classifier_improvement/data/human_labeling_template/coder_splits/coder2_labeling_template.csv,Lockheed Martin,1920193195448676681,https://x.com/lockheedmartin/status/1920193195448676681,Wed May 07 19:05:07 +0000 2025,Speed isn't just an advantage — it's a necessity. That’s why integrating AI into combat systems is critical: to declutter the battlefield picture and surface actionable insights instantly. We’re helping the @USNavy cut through the noise and focus on what matters most. https://t.co/zx0jO05plQ,0,0,coder2
wendys_all_h1_00663,batch1_fortune100,20260618expand/classifier_improvement/data/human_labeling_template/coder_splits/coder2_labeling_template.csv,Tyson Foods,1509216201532231680,https://x.com/tysonfoods/status/1509216201532231680,Wed Mar 30 17:09:16 +0000 2022,"(2/2) Affected families can call Springdale Public Schools' help line at (479) 409-5031 to talk to a counselor or social worker. The Jones Center at 922 E Emma Ave is also providing immediate help with shelter, water, and food.",0,0,coder2
wendys_all_h1_00664,batch1_fortune100,20260618expand/classifier_improvement/data/human_labeling_template/coder_splits/coder2_labeling_template.csv,Archer Daniels Midland,1462871765911281673,https://x.com/ADMupdates/status/1462871765911281673,Mon Nov 22 19:53:02 +0000 2021,"“It’s the 39,999 people who make me successful.” ADM CFO Ray Young has been named CFO of the Year by @FEIChicago . In his acceptance speech, he thanked #TeamADM for our company’s incredible transformation over the past decade. https://t.co/St3QwgKsx3",0,0,coder2
wendys_all_h1_00665,batch1_fortune100,20260618expand/classifier_improvement/data/human_labeling_template/coder_splits/coder2_labeling_template.csv,FedEx,1776246457961447920,https://x.com/fedex/status/1776246457961447920,Fri Apr 05 13:52:11 +0000 2024,Congratulations to all the teams headed into this weekend's basketball games – we want to share our FedEx Four bracket with you! 🏀 Which ones are making it to the championship?? 👀 https://t.co/9cfKQ0ikdp,1,1,coder2
wendys_all_h1_00666,batch1_fortune100,20260618expand/classifier_improvement/data/human_labeling_template/coder_splits/coder2_labeling_template.csv,Marathon Petroleum,2027450422533947876,https://x.com/MarathonPetroCo/status/2027450422533947876,Fri Feb 27 18:27:03 +0000 2026,"10,000 acres transformed. 🌱 Marathon Pipe Line hit its sustainable landscapes goal ahead of schedule using nature-based solutions to protect operations, support biodiversity and build stronger landowner relationships. Read how they did it. ⤵️ https://t.co/iwqko6feLw #SustainableLandscapes #MarathonPetroleum",1,1,coder2
wendys_all_h1_00667,batch1_fortune100,20260618expand/classifier_improvement/data/human_labeling_template/coder_splits/coder2_labeling_template.csv,American Express,1427270620606312448,https://x.com/americanexpress/status/1427270620606312448,Mon Aug 16 14:06:48 +0000 2021,"You don’t have to imagine what would happen if entrepreneur Telsha Anderson collaborated with protégé Shannon of Yowie. We have the limited edition results dropping 8/20, from Amex and @NTWRKLIVE. #ShopSmall https://t.co/IDKavDYlHH",0,0,coder2
wendys_all_h1_00668,batch1_fortune100,20260618expand/classifier_improvement/data/human_labeling_template/coder_splits/coder2_labeling_template.csv,Sysco,1843373143559418280,https://x.com/sysco/status/1843373143559418280,Mon Oct 07 19:29:40 +0000 2024,"Sysco is proud to partner with diverse suppliers that bring both passion &amp; innovation to the table. Today, we’re spotlighting Street Desserts, a woman-owned business founded by Sandy Solmon in 1979, that’s been setting the standard in the dessert industry for over 40 years. 🍰 https://t.co/BXsshGu9Jr",0,0,coder2
wendys_all_h1_00669,batch1_fortune100,20260618expand/classifier_improvement/data/human_labeling_template/coder_splits/coder2_labeling_template.csv,Amazon,2061691189493944489,https://x.com/amazon/status/2061691189493944489,Tue Jun 02 06:07:38 +0000 2026,https://t.co/900QZPgf3O,0,0,coder2
wendys_all_h1_00670,batch1_fortune100,20260618expand/classifier_improvement/data/human_labeling_template/coder_splits/coder2_labeling_template.csv,Delta Air Lines,1504480177304211456,https://x.com/Delta/status/1504480177304211456,Thu Mar 17 15:30:00 +0000 2022,The snack cart is here with food and drinks... what do you ask for?,1,1,coder2
wendys_all_h1_00671,batch1_fortune100,20260618expand/classifier_improvement/data/human_labeling_template/coder_splits/coder2_labeling_template.csv,Nike,1887714381489664215,https://x.com/nike/status/1887714381489664215,Fri Feb 07 04:05:55 +0000 2025,Somebody’s got a sweet tooth. Patrick Surtain II is your 2024-25 Defensive Player of the Year. https://t.co/ksjKkOAykr,1,1,coder2
wendys_all_h1_00672,batch1_fortune100,20260618expand/classifier_improvement/data/human_labeling_template/coder_splits/coder2_labeling_template.csv,Caterpillar,1551945666171117570,https://x.com/CaterpillarInc/status/1551945666171117570,Tue Jul 26 15:00:55 +0000 2022,We're supporting some of the most progressive #infrastructure projects around the globe – from the U.S. Infrastructure Investment and Jobs Act to the Philippines' Build! Build! Build! Program. See how: https://t.co/HvlWBHFyTm https://t.co/5VBvpDC3we,0,0,coder2
wendys_all_h1_00673,batch1_fortune100,20260618expand/classifier_improvement/data/human_labeling_template/coder_splits/coder2_labeling_template.csv,Albertsons,1029842748390760449,https://x.com/albertsons/status/1029842748390760449,Wed Aug 15 21:30:19 +0000 2018,"Thanks to the generosity of NBC 5 viewers, tens of thousands of kids here in North Texas will go back to school with the tools they need to succeed. https://t.co/vmZJexIwP2 #SupportingOurSchools @NBCDFW @Albertsons @TomThumb_Stores @CISDR @CISNT @CISTarrant @SmithCharities https://t.co/hrDI08VPo9",0,0,coder2
wendys_all_h1_00674,batch1_fortune100,20260618expand/classifier_improvement/data/human_labeling_template/coder_splits/coder2_labeling_template.csv,Centene,1633217475344224256,https://x.com/centene/status/1633217475344224256,Tue Mar 07 21:26:04 +0000 2023,Centene addresses key risk factors of heart disease and empowers members to develop healthy lifestyle habits to help prevent heart disease. Learn more. https://t.co/HzpGckffdl #HeartMonth https://t.co/MKpTvyGSx3,0,0,coder2
wendys_all_h1_00675,batch1_fortune100,20260618expand/classifier_improvement/data/human_labeling_template/coder_splits/coder2_labeling_template.csv,Amazon,2020525250937827766,https://x.com/amazon/status/2020525250937827766,Sun Feb 08 15:48:54 +0000 2026,"People ask me all the time about compelling use cases of AI. Here’s a good one. Millions of dogs go missing in the U.S. every year—and options for finding them are often painfully limited. Our Ring team saw an opportunity to use our community and technology to help, so they built Search Party. When a pet owner posts about a lost dog in the Ring app, nearby participating outdoor Ring cameras in the neighborhood begin looking for potential matches. If yours spots what might be the missing dog, it lets you know. You see the photo alongside footage from your camera, then can choose to share the video with the pet’s owner. The AI is trained on tens of thousands of dog videos so it can recognize different breeds, sizes, fur patterns, body features, unique marks, shape, and color. And privacy stays in your control—you decide each time whether to help. The impact is energizing. Search Party has helped bring home 99 dogs in just 90 days—more than a dog a day since launching three months ago. Ring customer Kylee was blown away by Search Party after her dog Nyx was found by a neighbor’s camera just 15 minutes after slipping through a tiny hole he’d dug under her backyard fence. When a Ring customer and military veteran named Kurt realized his service dog was missing after jumping his fence, he worried he might have lost her for good. He quickly initiated a Search Party in the Ring app asking neighbors to help locate her. Later that day, he got the notification he was hoping for…Lainey was found. Chris, a Ring camera owner, helped reunite another lost dog with its family after getting an app alert that said, “Your camera may have spotted a missing dog,” flagging footage he wouldn't have otherwise noticed. And the list of stories like these keeps growing. Now we’ve expanded this feature so that anyone in the U.S. can start a Search Party through the Ring app, even without a Ring camera (lost pets are one of the most common posts in the Ring Neighbors app—over 1M last year alone). With roughly 90 million dogs in the U.S., think this is gonna matter for a lot of families. Good example of real-world impact, and proud of what the Ring team has built here. https://t.co/Pr3jzP4o4o",0,0,coder2
wendys_all_h1_00676,batch1_fortune100,20260618expand/classifier_improvement/data/human_labeling_template/coder_splits/coder2_labeling_template.csv,Publix Super Markets,1975652348115497288,https://x.com/Publix/status/1975652348115497288,Tue Oct 07 20:00:00 +0000 2025,Isn’t it amazing how every bite of a sprinkle cookie is better than the last?,1,1,coder2
wendys_all_h1_00677,batch1_fortune100,20260618expand/classifier_improvement/data/human_labeling_template/coder_splits/coder2_labeling_template.csv,Ingram Micro Holding,1844771449376030726,https://x.com/IngramMicroInc/status/1844771449376030726,Fri Oct 11 16:06:02 +0000 2024,"Our Montreal Canada Team had the privilege of volunteering at Moisson Montreal Food Bank, where our amazing associates helped sort, stack, and prepare food donations to be sent to those in need. 🍎🥫 Huge thanks to everyone who participated! 👏 #IngramMicro #ingrammicroesg https://t.co/358MesHZek",0,0,coder2
wendys_all_h1_00678,batch1_fortune100,20260618expand/classifier_improvement/data/human_labeling_template/coder_splits/coder2_labeling_template.csv,Archer Daniels Midland,1530241910035492864,https://x.com/ADMupdates/status/1530241910035492864,Fri May 27 17:37:56 +0000 2022,The perfect summer movie has landed! See #TopGun: Maverick on the biggest screen possible - NOW PLAYING in theatres everywhere. https://t.co/kftuKOfDre https://t.co/uTOEwMOSwW,1,1,coder2
wendys_all_h1_00679,batch1_fortune100,20260618expand/classifier_improvement/data/human_labeling_template/coder_splits/coder2_labeling_template.csv,Massachusetts Mutual Life,1434894170255200259,https://x.com/massmutual/status/1434894170255200259,Mon Sep 06 15:00:03 +0000 2021,It doesn’t get more awkward than a family member asking for a loan. Here’s what experts say about how to respond. https://t.co/G8pCEmlGEI https://t.co/BUHBuTJ2Gt,1,1,coder2
wendys_all_h1_00680,batch1_fortune100,20260618expand/classifier_improvement/data/human_labeling_template/coder_splits/coder2_labeling_template.csv,StoneX Group,2017274154660069794,https://x.com/StoneX_Official/status/2017274154660069794,Fri Jan 30 16:30:12 +0000 2026,Gold Prices Swing Wildly as Momentum Fatigue Triggers Profit Taking. https://t.co/tpmNVMFzwi,0,0,coder2
wendys_all_h1_00681,batch1_fortune100,20260618expand/classifier_improvement/data/human_labeling_template/coder_splits/coder2_labeling_template.csv,Ingram Micro Holding,1684974002203238412,https://x.com/IngramMicroInc/status/1684974002203238412,Fri Jul 28 17:08:02 +0000 2023,Friday philanthropy time! Congrats to our 4Ingram Micro UK volunteers who completed the Midnight Moo 10 mile walk.🏃‍♀️ They raised just over £700 for @willenhospice and completed it in 3 hours 14 minutes! #ingrammicro #ingrammicroUK https://t.co/gJx28PjOYG,1,1,coder2
wendys_all_h1_00682,batch1_fortune100,20260618expand/classifier_improvement/data/human_labeling_template/coder_splits/coder2_labeling_template.csv,Alphabet,2057881884219035752,https://x.com/google/status/2057881884219035752,Fri May 22 17:50:49 +0000 2026,Nano Banana for video is here 🍌🎥 Gemini Omni is our new AI model that makes creating and editing videos as easy as having a conversation. Here’s how it works ↓ https://t.co/j7NvPK3Uj8,0,0,coder2
wendys_all_h1_00683,batch1_fortune100,20260618expand/classifier_improvement/data/human_labeling_template/coder_splits/coder2_labeling_template.csv,General Dynamics,2016496598381896070,https://x.com/generaldynamics/status/2016496598381896070,Wed Jan 28 13:00:28 +0000 2026,LISTEN LIVE: General Dynamics CEO Phebe Novakovic to host fourth-quarter and full-year financial results conference call. Register to listen: https://t.co/ied9sk76ci,0,0,coder2
wendys_all_h1_00684,batch1_fortune100,20260618expand/classifier_improvement/data/human_labeling_template/coder_splits/coder2_labeling_template.csv,United Airlines Holdings,1907406780285497397,https://x.com/united/status/1907406780285497397,Wed Apr 02 12:16:28 +0000 2025,"We’re officially checking in… and adding 3️⃣ new dots to our map in the Pacific. Please welcome: Bangkok, Thailand Ho Chi Minh City, Vietnam Adelaide, Australia PLUS, we’re adding a 2nd daily flight from San Francisco to Manila, Philippines. https://t.co/jFM0b7KMki https://t.co/uuOqboYce8",1,1,coder2
wendys_all_h1_00685,batch1_fortune100,20260618expand/classifier_improvement/data/human_labeling_template/coder_splits/coder2_labeling_template.csv,Microsoft,1917712579113410676,https://x.com/microsoft/status/1917712579113410676,Wed Apr 30 22:48:02 +0000 2025,1/ It’s been a busy few weeks – between today’s earnings and some of our recent announcements. Here are a few things I wanted to highlight:,1,1,coder2
wendys_all_h1_00686,batch1_fortune100,20260618expand/classifier_improvement/data/human_labeling_template/coder_splits/coder2_labeling_template.csv,Amazon,1699811055118020846,https://x.com/amazon/status/1699811055118020846,Thu Sep 07 15:45:11 +0000 2023,"Amazon pre-pays for their hourly employees’ college tuition?! Why yes, yes we do. 🙌 Amazon employees, like Haileigh, Megan, Samuel, and Sayeda, can avoid the pain of student debt through our free education and training program called Career Choice. It’s part of our commitment to invest more than $1.2 billion in skills training programs for employees by 2025. There’s got to be a catch? Nope! To be eligible to enroll in Career Choice in the U.S. you need to be employed for 90 days as an hourly full-time or part-time employee at Amazon. On top of that, there’s no limit to the number of years you can participate as long as you remain eligible. We’ll pre-pay tuition and even reimburse books and fees up to an annual amount, allowing many participants to earn their degrees and achieve their goals without the crippling debt. There are three parts to Career Choice to address different career goals: 1. College: Pre-paid tuition for associate degrees, bachelor’s degrees, and certificate programs 2. Pathways: Industry certifications for in-demand roles in tech, healthcare, transportation, mechanical and industrial systems, and more 3. Foundations: English and local language learning, and high school completion and GED programs. Career Choice also partners with Kaplan for coaching, to help employees achieve career goals no matter where they are in their journey through career coaching, college advising, and specialized career services Students are able to attend their classes at one of more than 400 education partners around the world, including community colleges, local and national colleges, HBCUs, and other skills training providers. Virtual or on-campus options are available depending on the students’ preferences and the specific program. The flexibility to work and go to school is also built into the program, no matter which learning program the participant chooses. We provide a variety of work schedules to meet every participant’s personal situation. We give a full breakdown of everything you need to know about Career Choice on our About Amazon blog.",1,1,coder2
wendys_all_h1_00687,batch1_fortune100,20260618expand/classifier_improvement/data/human_labeling_template/coder_splits/coder2_labeling_template.csv,Ingram Micro Holding,1897301124283068898,https://x.com/IngramMicroInc/status/1897301124283068898,Wed Mar 05 15:00:12 +0000 2025,"Celebrating Ingram Micro Tukey at the HPE Partner Kick Off 2025! Proud to be recognized as HPE Distributor of the Year, HPE Aruba Networking Distributor of the Year, and for our outstanding turnover and reseller network. Thank you for the support! #ingrammicro #ingrammicroturkiye https://t.co/B0Vntz2xWu",1,1,coder2
wendys_all_h1_00688,batch1_fortune100,20260618expand/classifier_improvement/data/human_labeling_template/coder_splits/coder2_labeling_template.csv,Target,1355183935223955456,https://x.com/target/status/1355183935223955456,Fri Jan 29 16:00:02 +0000 2021,Pre-order the new Pokémon Snap game for the Nintendo Switch system starting today on https://t.co/5EJJz0HgK7 and receive a free &amp; exclusive Magnetic Photo Frame when it launches on 4/30! Only at Target! https://t.co/Rv77dbwWC7 https://t.co/4EfVJXOYm3,0,0,coder2
wendys_all_h1_00689,batch1_fortune100,20260618expand/classifier_improvement/data/human_labeling_template/coder_splits/coder2_labeling_template.csv,Lowe's,1373792468781654023,https://x.com/lowes/status/1373792468781654023,Mon Mar 22 00:23:43 +0000 2021,Spring has sprung! How are you celebrating the arrival of our favorite season?,1,1,coder2
wendys_all_h1_00690,batch1_fortune100,20260618expand/classifier_improvement/data/human_labeling_template/coder_splits/coder2_labeling_template.csv,Cisco Systems,1938041532210188688,https://x.com/Cisco/status/1938041532210188688,Thu Jun 26 01:08:03 +0000 2025,We set a 10-year goal to positively impact 50 million lives in India by 2025. Learn how we are empowering communities and transforming lives through our India Cash Grant Program and partnerships with local non-profits like NIIT Foundation and Quest Alliance ➡️ https://t.co/lUgqhKWCgs #CiscoCDA,0,0,coder2
wendys_all_h1_00691,batch1_fortune100,20260618expand/classifier_improvement/data/human_labeling_template/coder_splits/coder2_labeling_template.csv,Boeing,2018600491266253036,https://x.com/boeing/status/2018600491266253036,Tue Feb 03 08:20:35 +0000 2026,"Welcome to the Boeing family, Air Cambodia! Announced at #SingaporeAirshow2026, Air Cambodia placed their first and largest single-aisle order for up to 20 737 MAX jets to efficiently expand their reach across Asia. Release: https://t.co/16hI597JWD https://t.co/5YLkDErPh6",1,1,coder2
wendys_all_h1_00692,batch1_fortune100,20260618expand/classifier_improvement/data/human_labeling_template/coder_splits/coder2_labeling_template.csv,Amazon,1797685331942408617,https://x.com/amazon/status/1797685331942408617,Mon Jun 03 17:42:37 +0000 2024,"Check out our #SummerGameFest page on @amazon for a look at upcoming titles. On Friday our @Twitch stream will be integrated into the page for the first time, with placement on the https://t.co/KIDjbd2Ozb homepage. https://t.co/hROvLlv46X",0,0,coder2
wendys_all_h1_00693,batch1_fortune100,20260618expand/classifier_improvement/data/human_labeling_template/coder_splits/coder2_labeling_template.csv,Uber Technologies,1857094142788055328,https://x.com/Uber/status/1857094142788055328,Thu Nov 14 16:12:01 +0000 2024,One thing about me is I am leaving when it’s time to go 👋😁 https://t.co/w2AKntEHLh,1,1,coder2
wendys_all_h1_00694,batch1_fortune100,20260618expand/classifier_improvement/data/human_labeling_template/coder_splits/coder2_labeling_template.csv,Bristol-Myers Squibb,1666543051706081280,https://x.com/bmsnews/status/1666543051706081280,Wed Jun 07 20:30:01 +0000 2023,Putting patients first strengthens our portfolio across all our therapeutic areas. If you missed VP Martin Crook at #BIO2023 share how we harness innovation to meet challenging global healthcare needs—and you share our vision—learn partnering with us:,0,0,coder2
wendys_all_h1_00695,batch1_fortune100,20260618expand/classifier_improvement/data/human_labeling_template/coder_splits/coder2_labeling_template.csv,Ford Motor,1669031312613679107,https://x.com/Ford/status/1669031312613679107,Wed Jun 14 17:17:28 +0000 2023,"RT @FordPerformance: The Ford Ranger is set to compete in the 2024 @Dakar in Saudi Arabia, one of the toughest off-road competitions on Ear…",0,0,coder2
wendys_all_h1_00696,batch1_fortune100,20260618expand/classifier_improvement/data/human_labeling_template/coder_splits/coder2_labeling_template.csv,Massachusetts Mutual Life,1440716269003542528,https://x.com/massmutual/status/1440716269003542528,Wed Sep 22 16:35:00 +0000 2021,"As part of our commitment to helping all Americans secure their future and protect the ones they love, we have joined @CEOAction as one of over 100+ companies dedicated to ⬆️ access to opportunity and well being for Black Americans nationwide. #CEOAction",0,0,coder2
wendys_all_h1_00697,batch1_fortune100,20260618expand/classifier_improvement/data/human_labeling_template/coder_splits/coder2_labeling_template.csv,Delta Air Lines,1492219392549130250,https://x.com/Delta/status/1492219392549130250,Fri Feb 11 19:30:01 +0000 2022,"From creating his own films to building the first Black-owned studio in Atlanta, Tyler Perry's impact has been felt throughout the Black community and entertainment as a whole. Don't miss a new collection of onboard movies chosen by @tylerperry on your next flight 🎥 https://t.co/xSR25SEwpR",1,1,coder2
wendys_all_h1_00698,batch1_fortune100,20260618expand/classifier_improvement/data/human_labeling_template/coder_splits/coder2_labeling_template.csv,Charter Communications,1532083987790934017,https://x.com/CharterNewsroom/status/1532083987790934017,Wed Jun 01 19:37:42 +0000 2022,Spectrum News’ Coverage of Local Breaking News and Elections Drove More Than 2.5 Million Daily Households to its Linear and Digital Platforms in May. Learn More: https://t.co/na7f9jPGvU https://t.co/nxhf4EUXFv,0,0,coder2
wendys_all_h1_00699,batch1_fortune100,20260618expand/classifier_improvement/data/human_labeling_template/coder_splits/coder2_labeling_template.csv,Lowe's,1356618386000773122,https://x.com/lowes/status/1356618386000773122,Tue Feb 02 15:00:02 +0000 2021,"Send a message to your team using #RunItBack and #GoBucs, and you might have YOUR Tweet featured on Confetti in the #SBLV Celebration. 🎉 https://t.co/hWeQFb99um",1,1,coder2
wendys_all_h1_00700,batch1_fortune100,20260618expand/classifier_improvement/data/human_labeling_template/coder_splits/coder2_labeling_template.csv,Intel,1984403305104396666,https://x.com/intel/status/1984403305104396666,Fri Oct 31 23:33:11 +0000 2025,"This November, Intel takes Manhattan at the #IntelExperienceStore. Open October 30 through November 30, come experience the future of PC performance. From content creation to esports and anything in between, the Intel Experience Store is your gateway to what’s next. https://t.co/lMN8xk68qm",1,1,coder2
wendys_all_h1_00701,batch1_fortune100,20260618expand/classifier_improvement/data/human_labeling_template/coder_splits/coder2_labeling_template.csv,AbbVie,1908188622446080391,https://x.com/abbvie/status/1908188622446080391,Fri Apr 04 16:03:14 +0000 2025,[Video description: On-screen text reads: “AAN Annual Meeting. 9 total abstracts showcasing our Parkinson’s program.” Featuring dates and times for 5 total posters; 2 oral sessions; 2 late-breaker presentations.],0,0,coder2
wendys_all_h1_00702,batch1_fortune100,20260618expand/classifier_improvement/data/human_labeling_template/coder_splits/coder2_labeling_template.csv,Alphabet,2062573330939396322,https://x.com/google/status/2062573330939396322,Thu Jun 04 16:32:57 +0000 2026,"RT @NewsFromGoogle: We're launching Search profiles, a new way for publishers and creators to shape their presence on Search. Search profil…",0,0,coder2
wendys_all_h1_00703,batch1_fortune100,20260618expand/classifier_improvement/data/human_labeling_template/coder_splits/coder2_labeling_template.csv,USAA,1601731887726153728,https://x.com/usaa/status/1601731887726153728,Sun Dec 11 00:13:35 +0000 2022,"RT @ArmyNavyGame: For the first-time ever, the Army-Navy Game presented by @USAA is headed to overtime. #ArmyNavy https://t.co/02QCQ86tcX",0,0,coder2
wendys_all_h1_00704,batch1_fortune100,20260618expand/classifier_improvement/data/human_labeling_template/coder_splits/coder2_labeling_template.csv,Lockheed Martin,1883181598314770899,https://x.com/lockheedmartin/status/1883181598314770899,Sat Jan 25 15:54:15 +0000 2025,"🇺🇸@PeteHegseth’s swearing-in as the Secretary of Defense marks a pivotal moment in advancing President Trump’s agenda to rebuild our military strength, defend American interests, and ensure the safety of our nation against all global threats. https://t.co/4GMj20Dmfm",0,0,coder2
wendys_all_h1_00705,batch1_fortune100,20260618expand/classifier_improvement/data/human_labeling_template/coder_splits/coder2_labeling_template.csv,New York Life Insurance,1706292541795275244,https://x.com/NewYorkLife/status/1706292541795275244,Mon Sep 25 13:00:18 +0000 2023,Enter now for your chance to win the Ultimate Yankees VIP experience! Just submit your own virtual baseball card &amp; you could find yourself watching the @Yankees take batting practice from a specially designated area on the field! https://t.co/n7H9p2Bh0h #Sweepstakes #GoodAtLife https://t.co/eiGkYMEtSv,1,1,coder2
wendys_all_h1_00706,batch1_fortune100,20260618expand/classifier_improvement/data/human_labeling_template/coder_splits/coder2_labeling_template.csv,Walt Disney,1822136510990151986,https://x.com/Disney/status/1822136510990151986,Sat Aug 10 05:02:52 +0000 2024,"Long before they became legends, Mufasa and the Prince who would come to be known as Scar, became brothers. #Mufasa: The Lion King, only in theaters December 20. https://t.co/9wcPRelZws",1,1,coder2
wendys_all_h1_00707,batch1_fortune100,20260618expand/classifier_improvement/data/human_labeling_template/coder_splits/coder2_labeling_template.csv,Lockheed Martin,1951251773210915102,https://x.com/lockheedmartin/status/1951251773210915102,Fri Aug 01 12:00:49 +0000 2025,"What’s it like flying at the edge of space? For U-2 pilots, it’s not just a mission—it’s a mindset. From the pressure suit to the precise hand-flying, every flight demands focus, grit and a passion for pushing limits.🦨✈️ https://t.co/SaVKDrzG9L",1,1,coder2
wendys_all_h1_00708,batch1_fortune100,20260618expand/classifier_improvement/data/human_labeling_template/coder_splits/coder2_labeling_template.csv,Citigroup,1849907847561093349,https://x.com/Citi/status/1849907847561093349,Fri Oct 25 20:16:15 +0000 2024,"RT @AstonMartinF1: Thanks to @Citi and the World Food Programme, these generous fans who donated to @WFPUSA were selected to join for a beh…",1,1,coder2
wendys_all_h1_00709,batch1_fortune100,20260618expand/classifier_improvement/data/human_labeling_template/coder_splits/coder2_labeling_template.csv,Johnson & Johnson,1440755790499876869,https://x.com/JNJNews/status/1440755790499876869,Wed Sep 22 19:12:03 +0000 2021,This @JNJNews event brings together medical professionals and community-based change agents to discuss the disproportionate health impacts that climate change has on vulnerable communities - and the innovative solutions they are leading. https://t.co/8GnLGCit4B,0,0,coder2
wendys_all_h1_00710,batch1_fortune100,20260618expand/classifier_improvement/data/human_labeling_template/coder_splits/coder2_labeling_template.csv,General Dynamics,1580558915666079745,https://x.com/generaldynamics/status/1580558915666079745,Thu Oct 13 13:59:45 +0000 2022,"Our booth stole the show at AUSA 2022! Look for more of the AbramsX, StrykerX, Stryker Leonidas and TRX Breacher as the vehicles continue to evolve to meet the needs of the @usarmy. https://t.co/okwFiP4LsN #gdatausa #ausa2022 #innovationmode #teamabrams #strykernation https://t.co/D2WJzLohv3",1,1,coder2
wendys_all_h1_00711,batch1_fortune100,20260618expand/classifier_improvement/data/human_labeling_template/coder_splits/coder2_labeling_template.csv,Kroger,1684186437317533698,https://x.com/kroger/status/1684186437317533698,Wed Jul 26 12:58:31 +0000 2023,Hi there!! Thanks for getting back to us with the information regarding the availability of the Kroger Deluxe Lowfat Watermelon Chocolate Chip Sherbet in your local store. I have looked into this and am happy to say that this has not been discontinued from the warehouse. 1/3 https://t.co/l9yjKyxKeh,1,1,coder2
wendys_all_h1_00712,batch1_fortune100,20260618expand/classifier_improvement/data/human_labeling_template/coder_splits/coder2_labeling_template.csv,Tesla,1985389759766888661,https://x.com/tesla/status/1985389759766888661,Mon Nov 03 16:53:00 +0000 2025,FSD Supervised gives people back their freedom,1,1,coder2
wendys_all_h1_00713,batch1_fortune100,20260618expand/classifier_improvement/data/human_labeling_template/coder_splits/coder2_labeling_template.csv,Bank of America,2043463216626278683,https://x.com/bankofamerica/status/2043463216626278683,Sun Apr 12 22:56:11 +0000 2026,RT @TheMasters: https://t.co/vdU5XorM8k,0,0,coder2
wendys_all_h1_00714,batch1_fortune100,20260618expand/classifier_improvement/data/human_labeling_template/coder_splits/coder2_labeling_template.csv,Amazon,1801259074597655019,https://x.com/amazon/status/1801259074597655019,Thu Jun 13 14:23:23 +0000 2024,@awscloud Check out PartyRock here. https://t.co/WEVoosnkzi,0,0,coder2
wendys_all_h1_00715,batch1_fortune100,20260618expand/classifier_improvement/data/human_labeling_template/coder_splits/coder2_labeling_template.csv,Tesla,2016251814308708591,https://x.com/tesla/status/2016251814308708591,Tue Jan 27 20:47:47 +0000 2026,Fabergé egg of cars,1,1,coder2
wendys_all_h1_00716,batch1_fortune100,20260618expand/classifier_improvement/data/human_labeling_template/coder_splits/coder2_labeling_template.csv,Uber Technologies,1747275642796908992,https://x.com/Uber/status/1747275642796908992,Tue Jan 16 15:12:30 +0000 2024,Just arrived at #WEF24 and as always there is a lot to discuss. At the top of my list this year is the climate crisis and the electrification of transportation 🧵,0,0,coder2
wendys_all_h1_00717,batch1_fortune100,20260618expand/classifier_improvement/data/human_labeling_template/coder_splits/coder2_labeling_template.csv,Home Depot,805165464817172480,https://x.com/HDCares/status/805165464817172480,Sat Dec 03 21:43:00 +0000 2016,@m_kate_b Sorry we let you down! Pls send ur order # and contact info to TeamSocial@homedepot.com for assistance. -TeamCare,0,0,coder2
wendys_all_h1_00718,batch1_fortune100,20260618expand/classifier_improvement/data/human_labeling_template/coder_splits/coder2_labeling_template.csv,Liberty Mutual Insurance Group,1123637066053627904,https://x.com/LibertyMutual/status/1123637066053627904,Wed May 01 17:15:27 +0000 2019,@amomsimpression @LibertyMutual A2. I keep everyone on task. Finish one project before moving on to the next. Cleaning up after each project makes things WAY easier! #LetsMasterThis,1,1,coder2
wendys_all_h1_00719,batch1_fortune100,20260618expand/classifier_improvement/data/human_labeling_template/coder_splits/coder2_labeling_template.csv,Prudential Financial,1318178006888861697,https://x.com/Prudential/status/1318178006888861697,Mon Oct 19 13:11:42 +0000 2020,"Grammy Museum Experience Prudential Center And Prudential Financial, Inc. Announce Plans For Whitney Houston Mural Downtown Newark https://t.co/mlktlBf1Ax https://t.co/RqvOEUlyob",0,0,coder2
wendys_all_h1_00720,batch1_fortune100,20260618expand/classifier_improvement/data/human_labeling_template/coder_splits/coder2_labeling_template.csv,StoneX Group,2028766583124820123,https://x.com/StoneX_Official/status/2028766583124820123,Tue Mar 03 09:37:00 +0000 2026,European indices drop 2-3% as traders price out rate cuts. Inflation concerns revived amid surge in energy prices.,0,0,coder2
wendys_all_h1_00721,batch1_fortune100,20260618expand/classifier_improvement/data/human_labeling_template/coder_splits/coder2_labeling_template.csv,Tyson Foods,1160955668045684737,https://x.com/tysonfoods/status/1160955668045684737,Mon Aug 12 16:46:15 +0000 2019,"RT @Tyson4Chefs: It’s a new school year! Time to rise and shine with the brand your students know and love in fresh Jimmy DeanⓇ chorizo, ma…",1,1,coder2
wendys_all_h1_00722,batch1_fortune100,20260618expand/classifier_improvement/data/human_labeling_template/coder_splits/coder2_labeling_template.csv,Ford Motor,1661848710769266688,https://x.com/Ford/status/1661848710769266688,Thu May 25 21:36:22 +0000 2023,Coming soon: More locations to charge your Ford® electric vehicle. Thousands of them. @Tesla https://t.co/FayrARjD3s https://t.co/CtDEcqvdwu,0,0,coder2
wendys_all_h1_00723,batch1_fortune100,20260618expand/classifier_improvement/data/human_labeling_template/coder_splits/coder2_labeling_template.csv,Capital One Financial,1923370392795673079,https://x.com/CapitalOne/status/1923370392795673079,Fri May 16 13:30:10 +0000 2025,No better day than GAMEDAYYYYYYY See you tonight 🙂‍↕️ @capitalone https://t.co/CABYLxmYFk,1,1,coder2
wendys_all_h1_00724,batch1_fortune100,20260618expand/classifier_improvement/data/human_labeling_template/coder_splits/coder2_labeling_template.csv,TJX,922887943223570432,https://x.com/tjmaxx/status/922887943223570432,Tue Oct 24 18:10:06 +0000 2017,"Hey, everyone! @TJMaxx can help you discover what makes you, YOU! Visit https://t.co/EHqziCjZla to learn more! #maxxyouproject #Ad https://t.co/oFm2h95ia1",1,1,coder2
wendys_all_h1_00725,batch1_fortune100,20260618expand/classifier_improvement/data/human_labeling_template/coder_splits/coder2_labeling_template.csv,Cigna Group,1711758610026442827,https://x.com/TheCignaGroup/status/1711758610026442827,Tue Oct 10 15:00:30 +0000 2023,"New research shows parents in the U.S. still face hurdles in getting mental health care for their teens, and as a result are looking outside of traditional channels for help. Get the key findings here: https://t.co/VEubUeOnha https://t.co/dzpVroHHFQ",0,0,coder2
wendys_all_h1_00726,batch1_fortune100,20260618expand/classifier_improvement/data/human_labeling_template/coder_splits/coder2_labeling_template.csv,Delta Air Lines,1387481034388910082,https://x.com/Delta/status/1387481034388910082,Wed Apr 28 18:57:11 +0000 2021,❓ Are you resuming food and beverage service? Yes! Customers flying in Delta One or First Class on select coast-to-coast flights will see hot food options return by June. First Class customers on other key U.S. routes will enjoy fresh boxed meals beginning in early July.,0,0,coder2
wendys_all_h1_00727,batch1_fortune100,20260618expand/classifier_improvement/data/human_labeling_template/coder_splits/coder2_labeling_template.csv,Valero Energy,1539990871650836482,https://x.com/valeroenergy/status/1539990871650836482,Thu Jun 23 15:16:50 +0000 2022,"Today, let’s celebrate Valero’s 143 women in engineering who are advancing the future of energy through innovation, ingenuity and unmatched execution. #INWED2022 https://t.co/JuFVA9Ut2H",0,0,coder2
wendys_all_h1_00728,batch1_fortune100,20260618expand/classifier_improvement/data/human_labeling_template/coder_splits/coder2_labeling_template.csv,Cardinal Health,1818687820925407520,https://x.com/cardinalhealth/status/1818687820925407520,Wed Jul 31 16:39:00 +0000 2024,"We collaborate with groups like @ConnectionsHlth to provide care and increase access to #mentalhealth resources. This week, we joined Gov. Jay Inslee, rep. from @NAMICommunicate and others at a ribbon-cutting ceremony for a new behavioral health crisis center in Kirkland, Wash. https://t.co/0MmfPTN2Wr",0,0,coder2
wendys_all_h1_00729,batch1_fortune100,20260618expand/classifier_improvement/data/human_labeling_template/coder_splits/coder2_labeling_template.csv,Wells Fargo,1692172078810796486,https://x.com/wellsfargo/status/1692172078810796486,Thu Aug 17 13:50:37 +0000 2023,"Congrats to My Fair Trade Lady, an independently owned shop in Haddon Heights, on being named a recipient of the Flyers Hometown Assist! Learn about the Flyers Hometown Assist program presented by @WellsFargo: https://t.co/XW1kwy5LBV https://t.co/cG5Fp8hS8p",1,1,coder2
wendys_all_h1_00730,batch1_fortune100,20260618expand/classifier_improvement/data/human_labeling_template/coder_splits/coder2_labeling_template.csv,Microsoft,2044825780895830113,https://x.com/microsoft/status/2044825780895830113,Thu Apr 16 17:10:31 +0000 2026,"RT @satyanadella: Our Fairwater datacenter in Wisconsin is going live, ahead of schedule. As the world’s most powerful AI datacenter, it w…",1,1,coder2
wendys_all_h1_00731,batch1_fortune100,20260618expand/classifier_improvement/data/human_labeling_template/coder_splits/coder2_labeling_template.csv,RTX,1949959757680288251,https://x.com/RTX_News/status/1949959757680288251,Mon Jul 28 22:26:49 +0000 2025,📰 NEWS: Raytheon introduces MTS-A HD - a new advanced Multispectral Targeting System variant for @USNavy helicopters. Details: https://t.co/VPupNhCB6i https://t.co/ffY4MesACP,0,0,coder2
wendys_all_h1_00732,batch1_fortune100,20260618expand/classifier_improvement/data/human_labeling_template/coder_splits/coder2_labeling_template.csv,Albertsons,1305521782510612487,https://x.com/albertsons/status/1305521782510612487,Mon Sep 14 15:00:23 +0000 2020,"Doesn’t that look delicious? (psst, it’s all plant based!) https://t.co/NkvrqZO0RN",1,1,coder2
wendys_all_h1_00733,batch1_fortune100,20260618expand/classifier_improvement/data/human_labeling_template/coder_splits/coder2_labeling_template.csv,Ingram Micro Holding,1825548347924414868,https://x.com/IngramMicroInc/status/1825548347924414868,Mon Aug 19 15:00:17 +0000 2024,"Cheers! @IngramMicroUK has been named @Microsoft Surface EMEA Distributor of the Year 2024 🏆 for providing outstanding solutions and services in Surface Distribution. A big thank you to our customers, partners, and team who made this happen. #ingrammicro #ingrammicroUK https://t.co/zcI35dhH8z",1,1,coder2
wendys_all_h1_00734,batch1_fortune100,20260618expand/classifier_improvement/data/human_labeling_template/coder_splits/coder2_labeling_template.csv,Tesla,2024539159269167410,https://x.com/tesla/status/2024539159269167410,Thu Feb 19 17:38:44 +0000 2026,"🚨 My Tesla literally saved my life yesterday. What started as a normal drive turned terrifying fast. I unintentionally fasted for 17 hours, took some medicine, and had a severe allergic reaction. My body shut down—I passed out while driving on the freeway, mid-conversation with my wife on the phone. Thank God my Tesla had Full Self-Driving engaged. It detected I lost consciousness (thanks to the driver monitoring system), immediately slowed, activated hazards, and safely pulled over to the shoulder. No crash. No danger to anyone else on the road. My wife heard me go silent and knew something was wrong. She used @Life360 to alert emergency services—they located me within 5 minutes. They attended to me enough for me to tell them, 'I don't want to abandon my truck here on the freeway.' So the Tesla autonomously drove me the rest of the way to the ER. I walked in, got admitted, and they stabilized me overnight. I'm being discharged today—levels back to normal, feeling grateful and alive. Huge thanks to my incredible wife for staying calm and acting fast, and to @elonmusk @Tesla @tesla for engineering cars that literally protect lives when the driver can't. This isn't just convenience—it's life-saving tech. 🙏⚡❤️",1,1,coder2
wendys_all_h1_00735,batch1_fortune100,20260618expand/classifier_improvement/data/human_labeling_template/coder_splits/coder2_labeling_template.csv,United Airlines Holdings,1851708553821552655,https://x.com/united/status/1851708553821552655,Wed Oct 30 19:31:36 +0000 2024,"Fly to an island that's surrounded by 150 other islands? Say less. Flights to Cebu, Philippines from Tokyo/Narita are now taking off daily. https://t.co/4BwUJBKcpm",1,1,coder2
wendys_all_h1_00736,batch1_fortune100,20260618expand/classifier_improvement/data/human_labeling_template/coder_splits/coder2_labeling_template.csv,Walmart,1864414376138297825,https://x.com/walmart/status/1864414376138297825,Wed Dec 04 21:00:01 +0000 2024,Gift so good it opens twice. 🎁 Which pet will your little one hatch? Shop #Hatchimals! #WalmartFinds #TopToys,1,1,coder2
wendys_all_h1_00737,batch1_fortune100,20260618expand/classifier_improvement/data/human_labeling_template/coder_splits/coder2_labeling_template.csv,Amazon,1956075870545645595,https://x.com/amazon/status/1956075870545645595,Thu Aug 14 19:30:04 +0000 2025,The NBA on Prime schedule for 2025-26 🚨 Which game are you most looking forward to? 🤔 https://t.co/CVNzpE0NsS,0,0,coder2
wendys_all_h1_00738,batch1_fortune100,20260618expand/classifier_improvement/data/human_labeling_template/coder_splits/coder2_labeling_template.csv,Uber Technologies,1826325075190071653,https://x.com/Uber/status/1826325075190071653,Wed Aug 21 18:26:44 +0000 2024,"Uber One for Students is going to get me through college. 🎓 The One Shop is here and it’s for members only. With an Uber One for Students membership, get $0 Delivery Fee and 10% off eligible deliveries. Get 6% cash back on all Uber rides, and free stuff every day of the week too. Membership is just $4.99 per month or $48 per year and includes a 4-week free trial, plus access to all the exclusive membership perks. Link in Bio for plan details. #UberOne",1,1,coder2
wendys_all_h1_00739,batch1_fortune100,20260618expand/classifier_improvement/data/human_labeling_template/coder_splits/coder2_labeling_template.csv,State Farm Insurance,1903891629674537077,https://x.com/StateFarm/status/1903891629674537077,Sun Mar 23 19:28:31 +0000 2025,Happy #NationalPuppyDay to all the pet parents! Here's why it may be important to get your new pup covered with pet insurance. https://t.co/knDA1kdCKu https://t.co/RWo2qriuQx,1,1,coder2
wendys_all_h1_00740,batch1_fortune100,20260618expand/classifier_improvement/data/human_labeling_template/coder_splits/coder2_labeling_template.csv,Tesla,2016236957169553919,https://x.com/tesla/status/2016236957169553919,Tue Jan 27 19:48:45 +0000 2026,Falcon wing doors can squeeze where your body can’t https://t.co/SCIXgkYr4s,1,1,coder2
wendys_all_h1_00741,batch1_fortune100,20260618expand/classifier_improvement/data/human_labeling_template/coder_splits/coder2_labeling_template.csv,Tyson Foods,1194616240767164423,https://x.com/tysonfoods/status/1194616240767164423,Wed Nov 13 14:01:21 +0000 2019,#RaisingExpectations,1,1,coder2
wendys_all_h1_00742,batch1_fortune100,20260618expand/classifier_improvement/data/human_labeling_template/coder_splits/coder2_labeling_template.csv,Nationwide,1646884288187576322,https://x.com/nationwide/status/1646884288187576322,Fri Apr 14 14:33:06 +0000 2023,"It's Aries Season ♈ What's your favorite part about being an Aries? Nationwide Est. April 14, 1926",1,1,coder2
wendys_all_h1_00743,batch1_fortune100,20260618expand/classifier_improvement/data/human_labeling_template/coder_splits/coder2_labeling_template.csv,Delta Air Lines,1422973107300716546,https://x.com/Delta/status/1422973107300716546,Wed Aug 04 17:30:00 +0000 2021,Your third @ is taking you on vacation.,1,1,coder2
wendys_all_h1_00744,batch1_fortune100,20260618expand/classifier_improvement/data/human_labeling_template/coder_splits/coder2_labeling_template.csv,Target,1484201572007563266,https://x.com/target/status/1484201572007563266,Thu Jan 20 16:30:04 +0000 2022,There is a Target store inside of Area 51 (its where we tweet from),1,1,coder2
wendys_all_h1_00745,batch1_fortune100,20260618expand/classifier_improvement/data/human_labeling_template/coder_splits/coder2_labeling_template.csv,Cardinal Health,1731778060435763325,https://x.com/cardinalhealth/status/1731778060435763325,Mon Dec 04 20:50:39 +0000 2023,"Our team is at @ASHPOfficial Midyear! Visit us at booth 1639. With the real-world expertise of 1,600 clinicians and pharmacists, we’re building a portfolio of solutions designed to make clinicians’ lives easier. https://t.co/UhnAM9XXAB #ASHP23 https://t.co/edBMmqHPTy",1,1,coder2
wendys_all_h1_00746,batch1_fortune100,20260618expand/classifier_improvement/data/human_labeling_template/coder_splits/coder2_labeling_template.csv,Amazon,2047001560886976608,https://x.com/amazon/status/2047001560886976608,Wed Apr 22 17:16:18 +0000 2026,".@awscloud is helping @TheOceanCleanup find and remove plastic in the Great Pacific Garbage Patch, thanks to AI and cloud computing. Here's the tech behind the mission. ⬇️ Machine learning models analyze satellite, drone, and sensor data to map where plastic accumulates. Then, our systems help to predict where debris will drift next and optimize cleanup routes in near real-time. AWS also powers data-driven maps that track how plastics move through rivers—accelerating the deployment of river plastic interceptors. The goal? Remove 90% of floating plastic by 2040. The Ocean Cleanup has already removed 64 million pounds of trash worldwide. AWS tech helps them work even faster and smarter.",0,0,coder2
wendys_all_h1_00747,batch1_fortune100,20260618expand/classifier_improvement/data/human_labeling_template/coder_splits/coder2_labeling_template.csv,JPMorgan Chase,1443940048676610056,https://x.com/jpmorgan/status/1443940048676610056,Fri Oct 01 14:05:09 +0000 2021,J.P. Morgan's Lucia Li on the two digital business models driving growth in the payments landscape. https://t.co/e6qreVhOFM https://t.co/NO4aSufuxq,0,0,coder2
wendys_all_h1_00748,batch1_fortune100,20260618expand/classifier_improvement/data/human_labeling_template/coder_splits/coder2_labeling_template.csv,HCA Healthcare,1733265771684319622,https://x.com/hcahealthcare/status/1733265771684319622,Fri Dec 08 23:22:17 +0000 2023,"HCA Healthcare patient Freddy Vasquez was experiencing kidney failure when his sister, Sonia, volunteered to be his living kidney donor. The clinical experts at @SAHealth210 performed a successful living #kidneytransplant — giving Freddy a second chance at life. #FeelGoodFriday https://t.co/T4yo1kwA1T",0,0,coder2
wendys_all_h1_00749,batch1_fortune100,20260618expand/classifier_improvement/data/human_labeling_template/coder_splits/coder2_labeling_template.csv,Coca-Cola,1590412556698791939,https://x.com/cocacola/status/1590412556698791939,Wed Nov 09 18:34:36 +0000 2022,Trophy Tour GOALS ⚽️🙌,1,1,coder2
wendys_all_h1_00750,batch1_fortune100,20260618expand/classifier_improvement/data/human_labeling_template/coder_splits/coder2_labeling_template.csv,PepsiCo,1435641903060602884,https://x.com/pepsico/status/1435641903060602884,Wed Sep 08 16:31:17 +0000 2021,Black-owned businesses are critical to our communities. We’re working to help more of them thrive with The #PepsiCoFoundation + @NatUrbanLeague Black Restaurant Accelerator. Meet our first participants: https://t.co/F2nmYsDh0q https://t.co/i38AiwqpWn,0,0,coder2
wendys_all_h1_00751,batch1_fortune100,20260618expand/classifier_improvement/data/human_labeling_template/coder_splits/coder2_labeling_template.csv,Dell Technologies,2013268312981967165,https://x.com/Dell/status/2013268312981967165,Mon Jan 19 15:12:25 +0000 2026,RT @CFBPlayoff: SEE Y’ALL AT CHAMP TAILGATE AT 11 A.M. ‼️ #CFBPlayoff #NationalChampionship https://t.co/Qi9THXEgbv,1,1,coder2
wendys_all_h1_00752,batch1_fortune100,20260618expand/classifier_improvement/data/human_labeling_template/coder_splits/coder2_labeling_template.csv,Morgan Stanley,2065426224680239399,https://x.com/morganstanley/status/2065426224680239399,Fri Jun 12 13:29:20 +0000 2026,"Today, @SpaceX (Nasdaq: SPCX) makes its public market debut with a $75Bn offering (pre-greenshoe) at $135 per share, marking the largest IPO in history. Congratulations to the SpaceX team. We are honored to serve as joint lead bookrunner and sole stabilization agent. https://t.co/R0QkTRwVvF",1,1,coder2
wendys_all_h1_00753,batch1_fortune100,20260618expand/classifier_improvement/data/human_labeling_template/coder_splits/coder2_labeling_template.csv,Eli Lilly,1536437717948563462,https://x.com/EliLillyandCo/status/1536437717948563462,Mon Jun 13 19:57:52 +0000 2022,"RT @US_FDA: Today, we approved oral tablets to treat adult patients with severe alopecia areata, a disorder that often appears as patchy ba…",0,0,coder2
wendys_all_h1_00754,batch1_fortune100,20260618expand/classifier_improvement/data/human_labeling_template/coder_splits/coder2_labeling_template.csv,Tesla,1990953527783666181,https://x.com/tesla/status/1990953527783666181,Wed Nov 19 01:21:25 +0000 2025,FSD Supervised sees things you don’t,1,1,coder2
wendys_all_h1_00755,batch1_fortune100,20260618expand/classifier_improvement/data/human_labeling_template/coder_splits/coder2_labeling_template.csv,HP,2009385564466753634,https://x.com/hp/status/2009385564466753634,Thu Jan 08 22:03:45 +0000 2026,"✨ Meet the HP OmniBook Ultra. Just 10.7 mm thin and under 1.3 kg, it redefines productivity and creativity in an ultra-sleek, anodized aluminum chassis built for strength. At its core: an Ultra-efficient Neural Engine that powers immersive AI performance. Paired with a vivid OLED touchscreen, a compact vapor chamber, and all-day battery life, it delivers cool, smart, and unstoppable energy—helping you go further in the AI era. Performance never looked so good. https://t.co/e8Io6aTt7R",1,1,coder2
wendys_all_h1_00756,batch1_fortune100,20260618expand/classifier_improvement/data/human_labeling_template/coder_splits/coder2_labeling_template.csv,General Dynamics,1486383270530977793,https://x.com/generaldynamics/status/1486383270530977793,Wed Jan 26 16:59:22 +0000 2022,"On Jan. 15 a volcano erupted, causing widespread damage to Tonga. Aiding in the relief effort is Bath-built USS Sampson (DDG 102), joining ships from other countries to deliver much-needed relief, including food and water. https://t.co/p6sVNJYHTL #BathBuiltinAction",0,0,coder2
wendys_all_h1_00757,batch1_fortune100,20260618expand/classifier_improvement/data/human_labeling_template/coder_splits/coder2_labeling_template.csv,Publix Super Markets,1815763804732477824,https://x.com/Publix/status/1815763804732477824,Tue Jul 23 15:00:00 +0000 2024,Which Publix product is on your opening ceremony watch-party menu?,1,1,coder2
wendys_all_h1_00758,batch1_fortune100,20260618expand/classifier_improvement/data/human_labeling_template/coder_splits/coder2_labeling_template.csv,Walt Disney,2024529843237638609,https://x.com/Disney/status/2024529843237638609,Thu Feb 19 17:01:43 +0000 2026,Playtime has a new look #ToyStory5 is only in theaters June 19 https://t.co/9zT6zjp0YS,1,1,coder2
wendys_all_h1_00759,batch1_fortune100,20260618expand/classifier_improvement/data/human_labeling_template/coder_splits/coder2_labeling_template.csv,Elevance Health,1569355396879650818,https://x.com/elevancehealth/status/1569355396879650818,Mon Sep 12 16:00:58 +0000 2022,"September is #HungerActionMonth, which kicked off our annual Elevance Health Volunteer Days. This year we'll be hosting nearly 100 different #volunteer projects across the country, all of which are aimed at combatting #hunger.",0,0,coder2
wendys_all_h1_00760,batch1_fortune100,20260618expand/classifier_improvement/data/human_labeling_template/coder_splits/coder2_labeling_template.csv,Cencora,1719398907757596841,https://x.com/CencoraGlobal/status/1719398907757596841,Tue Oct 31 17:00:19 +0000 2023,"Biosimilars are often seen as a simple way to lower personal healthcare costs for providers, patients and customers. We look at what experts consider industry best practices for biopharma companies bringing biosimilars to market. https://t.co/D3AqYElRzU https://t.co/d2xSusqfLa",0,0,coder2
wendys_all_h1_00761,batch1_fortune100,20260618expand/classifier_improvement/data/human_labeling_template/coder_splits/coder2_labeling_template.csv,Chevron,1918361132269502970,https://x.com/chevron/status/1918361132269502970,Fri May 02 17:45:10 +0000 2025,Our 1Q 2025 call highlighted Chevron’s consistent strategy and financial priorities. Access the webcast &amp; other $CVX 1Q 2025 materials (including cautionary statement and non-GAAP reconciliation appendix) here: https://t.co/YJ0Owv62oM https://t.co/3t9vURL8P4,0,0,coder2
wendys_all_h1_00762,batch1_fortune100,20260618expand/classifier_improvement/data/human_labeling_template/coder_splits/coder2_labeling_template.csv,Tesla,2039051532973289601,https://x.com/tesla/status/2039051532973289601,Tue Mar 31 18:45:43 +0000 2026,Happy 10 year Anniversary Model 3!,1,1,coder2
wendys_all_h1_00763,batch1_fortune100,20260618expand/classifier_improvement/data/human_labeling_template/coder_splits/coder2_labeling_template.csv,Walmart,2044456554393477123,https://x.com/walmart/status/2044456554393477123,Wed Apr 15 16:43:21 +0000 2026,"CALLING ALL MY HOT GIRLS, HOT BOYS &amp; HOT DOGS ‼️ Hot Girl Universe just landed at Walmart. Grab your Hot Girl Summer swim now 👙 🩳 🐾 https://t.co/7NudeM3ZGU",1,1,coder2
wendys_all_h1_00764,batch1_fortune100,20260618expand/classifier_improvement/data/human_labeling_template/coder_splits/coder2_labeling_template.csv,Enterprise Products Partners,1682061107123621889,https://x.com/EProd_Careers/status/1682061107123621889,Thu Jul 20 16:13:13 +0000 2023,Make the most of your talents in a fast-paced environment driven by people who strive for achievement. Join us at Enterprise Products. Apply now! https://t.co/iaggJavHqa #TechnicianJobs,1,1,coder2
wendys_all_h1_00765,batch1_fortune100,20260618expand/classifier_improvement/data/human_labeling_template/coder_splits/coder2_labeling_template.csv,State Farm Insurance,1938614417379201419,https://x.com/StateFarm/status/1938614417379201419,Fri Jun 27 15:04:29 +0000 2025,The assists from @JakeStateFarm didn’t miss a note at his first NBA Draft. #NBADraft 🎵 #Sweepstakes https://t.co/ugjQD2pNl1,1,1,coder2
wendys_all_h1_00766,batch1_fortune100,20260618expand/classifier_improvement/data/human_labeling_template/coder_splits/coder2_labeling_template.csv,PepsiCo,1403364556165070850,https://x.com/pepsico/status/1403364556165070850,Fri Jun 11 14:52:38 +0000 2021,"The Institute for Real Growth hosts an incredible series with some of the most influential leaders in business, and our CEO @ramonlaguarta will be joining on 6/18 at 9AM EST to discuss how we carry out our purpose-driven strategy. Sign up here: https://t.co/l9TPItX9cg https://t.co/Z6qTkiMcqA",0,0,coder2
wendys_all_h1_00767,batch1_fortune100,20260618expand/classifier_improvement/data/human_labeling_template/coder_splits/coder2_labeling_template.csv,Home Depot,791681115903946752,https://x.com/HDCares/status/791681115903946752,Thu Oct 27 16:41:01 +0000 2016,@hectorrobles78 We'd advise speaking with your leadership team to discuss your options. -TeamCare,0,0,coder2
wendys_all_h1_00768,batch1_fortune100,20260618expand/classifier_improvement/data/human_labeling_template/coder_splits/coder2_labeling_template.csv,Lockheed Martin,1839349213290737753,https://x.com/lockheedmartin/status/1839349213290737753,Thu Sep 26 17:00:00 +0000 2024,"This is a significant step forward for the mission, which aims to map water on the lunar surface and deepen our understanding of the Moon’s resources.",0,0,coder2
wendys_all_h1_00769,batch1_fortune100,20260618expand/classifier_improvement/data/human_labeling_template/coder_splits/coder2_labeling_template.csv,General Dynamics,1524449026724278273,https://x.com/generaldynamics/status/1524449026724278273,Wed May 11 17:59:05 +0000 2022,"RT @GDMS_C: We’re attending @ModernDayMarine from May 10-12 in Washington, DC! Stop by our stand to learn about our mission-critical Advanc…",0,0,coder2
wendys_all_h1_00770,batch1_fortune100,20260618expand/classifier_improvement/data/human_labeling_template/coder_splits/coder2_labeling_template.csv,AT&T,2049292652202402235,https://x.com/ATT/status/2049292652202402235,Wed Apr 29 01:00:16 +0000 2026,I can finally say it! I'm in the @ATT Annihilator Cup. Every Thursday in May - starting May 7 at 7PM ET. #attcreator https://t.co/ooyGELQ8SM,1,1,coder2
wendys_all_h1_00771,batch1_fortune100,20260618expand/classifier_improvement/data/human_labeling_template/coder_splits/coder2_labeling_template.csv,Nationwide,1733624735697649926,https://x.com/nationwide/status/1733624735697649926,Sat Dec 09 23:08:40 +0000 2023,CHAMPS 🖤💛,1,1,coder2
wendys_all_h1_00772,batch1_fortune100,20260618expand/classifier_improvement/data/human_labeling_template/coder_splits/coder2_labeling_template.csv,Energy Transfer,1961089002527764893,https://x.com/energytransfer/status/1961089002527764893,Thu Aug 28 15:30:28 +0000 2025,"166 years ago, Edwin Drake struck oil in PA. The spark that lit an industry in the United sates for generations to come.",1,1,coder2
wendys_all_h1_00773,batch1_fortune100,20260618expand/classifier_improvement/data/human_labeling_template/coder_splits/coder2_labeling_template.csv,Intel,2057598571008897483,https://x.com/intel/status/2057598571008897483,Thu May 21 23:05:02 +0000 2026,"Silicon, meet gold. Join us in celebrating a Golden Award for Intel Core Ultra Series 3 at COMPUTEX 2026. We're thrilled with this honor and excited by the possibilities that Intel Core Ultra Series 3 brings to consumers, enterprises, robotics, and more. Learn more: https://t.co/dTTFcFpfoa",1,1,coder2
wendys_all_h1_00774,batch1_fortune100,20260618expand/classifier_improvement/data/human_labeling_template/coder_splits/coder2_labeling_template.csv,Albertsons,1010528830220468224,https://x.com/albertsons/status/1010528830220468224,Sat Jun 23 14:23:42 +0000 2018,"@MeoxMix oh no!😩 Which store location are you referring to? We'd like to address this with the Store Director and our Quality Assurance Team right away. Also, at your earliest convenience, please return with your receipt to be issued a refund.",1,1,coder2
wendys_all_h1_00775,batch1_fortune100,20260618expand/classifier_improvement/data/human_labeling_template/coder_splits/coder2_labeling_template.csv,Ford Motor,2031747452093542818,https://x.com/Ford/status/2031747452093542818,Wed Mar 11 15:01:55 +0000 2026,"The Ford F-150® Raptor® R™ meets the Honey Badger. The rest is mastery. Racing legend @danielricciardo takes fellow #Ford_Ambassador Madison Ostergren to Raptor Valley for a hands-on, off-road training session in the Ford F-150® Raptor® R™. https://t.co/adGvEZHaS3",1,1,coder2
wendys_all_h1_00776,batch1_fortune100,20260618expand/classifier_improvement/data/human_labeling_template/coder_splits/coder2_labeling_template.csv,Fannie Mae,1939775954974388635,https://x.com/fanniemae/status/1939775954974388635,Mon Jun 30 20:00:01 +0000 2025,"As U.S. National Homeownership Month ends, we recognize the strength and stability that homeownership brings to families and communities. That's why we remain committed to helping the American Dream of homeownership become a reality for more people. https://t.co/1Ue3IZRtyA",0,0,coder2
wendys_all_h1_00777,batch1_fortune100,20260618expand/classifier_improvement/data/human_labeling_template/coder_splits/coder2_labeling_template.csv,Ingram Micro Holding,2013633195179209121,https://x.com/IngramMicroInc/status/2013633195179209121,Tue Jan 20 15:22:19 +0000 2026,We kicked off 2026 in style with the grand unveiling of our newly renovated Reception &amp;amp; Center of Excellence (COE) in Singapore. What a way to start the year! #IngramMicro #IngramMicroSingapore https://t.co/0H7ecxbilZ,1,1,coder2
wendys_all_h1_00778,batch1_fortune100,20260618expand/classifier_improvement/data/human_labeling_template/coder_splits/coder2_labeling_template.csv,Delta Air Lines,2014493318617444845,https://x.com/Delta/status/2014493318617444845,Fri Jan 23 00:20:09 +0000 2026,"As we prep for Winter Storm Fern, flight cancellations are impacting airports in North Texas, Oklahoma, Arkansas, Louisiana and Tennessee. Monitor or adjust your travel in the Delta app or on https://t.co/lVlOjYwO0A. https://t.co/ebw2ODQ7Uo",0,0,coder2
wendys_all_h1_00779,batch1_fortune100,20260618expand/classifier_improvement/data/human_labeling_template/coder_splits/coder2_labeling_template.csv,JPMorgan Chase,1544810924917174272,https://x.com/jpmorgan/status/1544810924917174272,Wed Jul 06 22:30:00 +0000 2022,Learn how companies are adopting strategies involving third-party money to capture the promise of e-commerce.,0,0,coder2
wendys_all_h1_00780,batch1_fortune100,20260618expand/classifier_improvement/data/human_labeling_template/coder_splits/coder2_labeling_template.csv,Kroger,1072481636909047808,https://x.com/kroger/status/1072481636909047808,Tue Dec 11 13:22:02 +0000 2018,Kroger is playing the friends theme song,1,1,coder2
wendys_all_h1_00781,batch1_fortune100,20260618expand/classifier_improvement/data/human_labeling_template/coder_splits/coder2_labeling_template.csv,Citigroup,1817929735260840058,https://x.com/Citi/status/1817929735260840058,Mon Jul 29 14:26:39 +0000 2024,"#CitiVolunteers answered the call to service during last month’s Global Community Day campaign, taking actions large and small to meet the needs of their local communities across 80+ countries and territories. Here's to keeping the spirit of GCD alive year-round! https://t.co/ku1L0q3w1S",1,1,coder2
wendys_all_h1_00782,batch1_fortune100,20260618expand/classifier_improvement/data/human_labeling_template/coder_splits/coder2_labeling_template.csv,General Dynamics,1561836791153324033,https://x.com/generaldynamics/status/1561836791153324033,Mon Aug 22 22:04:43 +0000 2022,Watch as NASSCO Engineers perform an incline test on the future USNS Harvey Milk (T-AO 206). #NASSCO #NASSCObuilt https://t.co/TBHxEQ5PNH,0,0,coder2
wendys_all_h1_00783,batch1_fortune100,20260618expand/classifier_improvement/data/human_labeling_template/coder_splits/coder2_labeling_template.csv,Cisco Systems,1999481363544588704,https://x.com/Cisco/status/1999481363544588704,Fri Dec 12 14:08:00 +0000 2025,"What powers #AI at scale? 🎙️Get insights on AI infrastructure, why the network is critical to AI workloads, and what trends matter most right now from the founder of ZK Research, @zkerravala https://t.co/l05VyN5Fz5 #podcast https://t.co/fZAdBJXm0l",0,0,coder2
wendys_all_h1_00784,batch1_fortune100,20260618expand/classifier_improvement/data/human_labeling_template/coder_splits/coder2_labeling_template.csv,Albertsons,1351681934569603073,https://x.com/albertsons/status/1351681934569603073,Wed Jan 20 00:04:20 +0000 2021,"Purple potatoes –fun mashed potatoes, or good roasted and baked 😋 https://t.co/xPJDoRucAJ",1,1,coder2
wendys_all_h1_00785,batch1_fortune100,20260618expand/classifier_improvement/data/human_labeling_template/coder_splits/coder2_labeling_template.csv,Johnson & Johnson,1333803080194801675,https://x.com/JNJNews/status/1333803080194801675,Tue Dec 01 16:00:09 +0000 2020,"Today marks #WorldAIDSDay. We honor the occasion by standing in solidarity with the global #HIV community, thinking of those we have lost, the 38 million people living with this disease and those at risk of acquiring it. We won’t stop in pursuit of our goal to #makeHIVhistory. https://t.co/ea88ViQxkQ",0,0,coder2
wendys_all_h1_00786,batch1_fortune100,20260618expand/classifier_improvement/data/human_labeling_template/coder_splits/coder2_labeling_template.csv,Cencora,1635340422301241345,https://x.com/CencoraGlobal/status/1635340422301241345,Mon Mar 13 18:01:54 +0000 2023,"We are committed to reducing waste through innovative programs. In FY22, we launched a medication specials solution, which offers customers access to products nearing their expiration date at a discounted price to reduce supply chain waste. https://t.co/CgxlJxihOp https://t.co/anUJ7kOOzy",0,0,coder2
wendys_all_h1_00787,batch1_fortune100,20260618expand/classifier_improvement/data/human_labeling_template/coder_splits/coder2_labeling_template.csv,Alphabet,2064366586849304596,https://x.com/google/status/2064366586849304596,Tue Jun 09 15:18:43 +0000 2026,"For over 20 years, we've dedicated ourselves to removing language barriers so people can learn, speak and connect more deeply than ever before. Today, we’re taking our next step with the release of Gemini 3.5 Live Translate — our latest audio model for live, speech-to-speech translation across 70+ languages. 🧵",0,0,coder2
wendys_all_h1_00788,batch1_fortune100,20260618expand/classifier_improvement/data/human_labeling_template/coder_splits/coder2_labeling_template.csv,Phillips 66,1329087699446218752,https://x.com/Phillips66co/status/1329087699446218752,Wed Nov 18 15:42:55 +0000 2020,"RT @BakerRipley: @Phillips66Co has sponsored our @HouTurkeyTrot since 2013, and we are proud to have them as supporters as we work to creat…",0,0,coder2
wendys_all_h1_00789,batch1_fortune100,20260618expand/classifier_improvement/data/human_labeling_template/coder_splits/coder2_labeling_template.csv,Archer Daniels Midland,1661455047350263809,https://x.com/ADMupdates/status/1661455047350263809,Wed May 24 19:32:06 +0000 2023,"Liz Hulsizer, a hardworking fifth generation farmer and an ADM grain origination specialist in Illinois, uses her voice to help farmers make informed decisions about their operation and mental health. She is the featured voice in ADM Advantage this month https://t.co/VM5OdbQN6m https://t.co/vbuCX6bV2A",0,0,coder2
wendys_all_h1_00790,batch1_fortune100,20260618expand/classifier_improvement/data/human_labeling_template/coder_splits/coder2_labeling_template.csv,HCA Healthcare,1846663714621235320,https://x.com/hcahealthcare/status/1846663714621235320,Wed Oct 16 21:25:13 +0000 2024,"This year, the HCA Healthcare Awards of Distinction honored Dr. Jonathan Jacobs, internist at @MenorahMed, as the Frist Humanitarian Award physician recipient. Learn about Dr. Jacobs’ humanitarian spirit and the profound impact he makes: https://t.co/l341eSB8CT. https://t.co/eaUhTNuJoW",0,0,coder2
wendys_all_h1_00791,batch1_fortune100,20260618expand/classifier_improvement/data/human_labeling_template/coder_splits/coder2_labeling_template.csv,McKesson,1649106429049962508,https://x.com/mckesson/status/1649106429049962508,Thu Apr 20 17:43:06 +0000 2023,"During National Volunteer Week, we are recognizing employees who are volunteering their time to help make a positive impact in the communities where we live, work and serve. Meet this year’s Community Heroes and learn more here: https://t.co/eempsvDxrq #NVW #TeamMcKesson https://t.co/YY0pGvBrMD",1,1,coder2
wendys_all_h1_00792,batch1_fortune100,20260618expand/classifier_improvement/data/human_labeling_template/coder_splits/coder2_labeling_template.csv,Morgan Stanley,1598542478390468611,https://x.com/morganstanley/status/1598542478390468611,Fri Dec 02 05:00:00 +0000 2022,India is on track to become the world’s third largest economy by 2027 thanks to global trends and key investments the country is making in technology and energy. Find out more about India’s impending economic boom. https://t.co/7AfAV7IdgU,0,0,coder2
wendys_all_h1_00793,batch1_fortune100,20260618expand/classifier_improvement/data/human_labeling_template/coder_splits/coder2_labeling_template.csv,Chevron,2029680610432647470,https://x.com/chevron/status/2029680610432647470,Thu Mar 05 22:09:01 +0000 2026,@WSJ The Energy Edit: Want to know more about the Permian Basin? Here's a good place to start. https://t.co/6ceUer5y9N https://t.co/NDeRZeXQ27,0,0,coder2
wendys_all_h1_00794,batch1_fortune100,20260618expand/classifier_improvement/data/human_labeling_template/coder_splits/coder2_labeling_template.csv,Tyson Foods,1158765178751770626,https://x.com/tysonfoods/status/1158765178751770626,Tue Aug 06 15:42:02 +0000 2019,#ICYMI,1,1,coder2
wendys_all_h1_00795,batch1_fortune100,20260618expand/classifier_improvement/data/human_labeling_template/coder_splits/coder2_labeling_template.csv,Allstate,1308914778170109952,https://x.com/allstate/status/1308914778170109952,Wed Sep 23 23:42:56 +0000 2020,"This clip is fantastic, really good! 💙 Congratulations to all the student-athletes who were named to this year's Allstate AFCA #GoodWorksTeam!",1,1,coder2
wendys_all_h1_00796,batch1_fortune100,20260618expand/classifier_improvement/data/human_labeling_template/coder_splits/coder2_labeling_template.csv,Freddie Mac,2042603553680744512,https://x.com/FreddieMac/status/2042603553680744512,Fri Apr 10 14:00:11 +0000 2026,"At Freddie Mac, we approach every multifamily deal hands on, ensuring the best execution in the business. Explore our financing solutions here: https://t.co/Zl4Vhy3lqz https://t.co/iwM5DRpbtQ",0,0,coder2
wendys_all_h1_00797,batch1_fortune100,20260618expand/classifier_improvement/data/human_labeling_template/coder_splits/coder2_labeling_template.csv,Johnson & Johnson,1461376251277586432,https://x.com/JNJNews/status/1461376251277586432,Thu Nov 18 16:50:24 +0000 2021,"RT @JanssenGlobal: During a Q&amp;A discussion, Vanessa Broadhurst outlined our plans to launch novel gene and cell therapies around the world.…",0,0,coder2
wendys_all_h1_00798,batch1_fortune100,20260618expand/classifier_improvement/data/human_labeling_template/coder_splits/coder2_labeling_template.csv,Wells Fargo,1775923813269606765,https://x.com/wellsfargo/status/1775923813269606765,Thu Apr 04 16:30:06 +0000 2024,"Stay one step ahead this tax season with these five crucial tips to protect yourself and your loved ones from scams and fraud. Share with your friends and family, and remember: if something feels off, report it immediately. https://t.co/BCcukuzcST",0,0,coder2
wendys_all_h1_00799,batch1_fortune100,20260618expand/classifier_improvement/data/human_labeling_template/coder_splits/coder2_labeling_template.csv,Energy Transfer,1986187481121980687,https://x.com/energytransfer/status/1986187481121980687,Wed Nov 05 21:42:51 +0000 2025,"Our Desert Southwest Pipeline Project is now fully contracted under long-term commitments with investment grade counterparties with a term of 25 years. In addition, we have received significantly more interest than current capacity and we are evaluating options around a potential increase of capacity.",0,0,coder2
wendys_all_h1_00800,batch1_fortune100,20260618expand/classifier_improvement/data/human_labeling_template/coder_splits/coder2_labeling_template.csv,Exxon Mobil,1151879749339402241,https://x.com/exxonmobil/status/1151879749339402241,Thu Jul 18 15:41:47 +0000 2019,"Find out how XTO engineer Katie Moore, born and raised in the Permian Basin, nurtures the next generation of engineers. https://t.co/NsT6pRnrZi",0,0,coder2
wendys_all_h1_00801,batch1_fortune100,20260618expand/classifier_improvement/data/human_labeling_template/coder_splits/coder2_labeling_template.csv,Home Depot,1852084763378749889,https://x.com/homedepot/status/1852084763378749889,Thu Oct 31 20:26:32 +0000 2024,RT @HomeDepot: GRWS (get ready with Skelly) for Halloween 👻🎃💀 https://t.co/alrOtGUA3P,1,1,coder2
wendys_all_h1_00802,batch1_fortune100,20260618expand/classifier_improvement/data/human_labeling_template/coder_splits/coder2_labeling_template.csv,Uber Technologies,1767577404719939866,https://x.com/Uber/status/1767577404719939866,Tue Mar 12 15:44:27 +0000 2024,Comfort Electric has arrived in NYC ⚡💫 https://t.co/XjmYv0AFOW,1,1,coder2
wendys_all_h1_00803,batch1_fortune100,20260618expand/classifier_improvement/data/human_labeling_template/coder_splits/coder2_labeling_template.csv,Walmart,1711741861495275883,https://x.com/walmart/status/1711741861495275883,Tue Oct 10 13:53:57 +0000 2023,"Psst, person scrolling on Twitter / X / whatever people call this thing these days. You like saving $? We thought so—good thing we’ve got online-only deals happening all week! 🤑​ Which ✨ iconic ✨ building set is on your list: a LEGO Batmobile, or a MEGA Barbie’s Dreamhouse?",1,1,coder2
wendys_all_h1_00804,batch1_fortune100,20260618expand/classifier_improvement/data/human_labeling_template/coder_splits/coder2_labeling_template.csv,PepsiCo,1473673474359148550,https://x.com/pepsico/status/1473673474359148550,Wed Dec 22 15:15:10 +0000 2021,"We hope your holidays are filled with joy, delight + lots of cheer! Take a look at some of the happiness we shared this year: https://t.co/LCuGlIJhvE https://t.co/Ky3Q8TPE86",1,1,coder2
wendys_all_h1_00805,batch1_fortune100,20260618expand/classifier_improvement/data/human_labeling_template/coder_splits/coder2_labeling_template.csv,Exxon Mobil,1182001822220931073,https://x.com/exxonmobil/status/1182001822220931073,Wed Oct 09 18:36:09 +0000 2019,"Congrats to M. Stanley Whittingham and his colleagues on winning the @NobelPrize in chemistry for their pioneering work on the lithium ion battery. He led ExxonMobil’s battery research in the early 1970s, ultimately making today’s high-tech world possible. https://t.co/4uTX6PV90j",0,0,coder2
wendys_all_h1_00806,batch1_fortune100,20260618expand/classifier_improvement/data/human_labeling_template/coder_splits/coder2_labeling_template.csv,Cisco Systems,1916597703804608793,https://x.com/Cisco/status/1916597703804608793,Sun Apr 27 20:57:55 +0000 2025,RT @CiscoEvents: We're excited to see you at #RSAC 2025 this week! Visit @Cisco at booth N-5845 in the North Hall to explore our cutting-ed…,1,1,coder2
wendys_all_h1_00807,batch1_fortune100,20260618expand/classifier_improvement/data/human_labeling_template/coder_splits/coder2_labeling_template.csv,Bristol-Myers Squibb,1573444301488521216,https://x.com/bmsnews/status/1573444301488521216,Fri Sep 23 22:48:49 +0000 2022,"“It’s all worth it if I can recover.” After being diagnosed with gastric cancer, Ma’s family came together to support her on her treatment journey. Hear Ma’s inspirational story and learn what motivates her to keep moving forward. #GlobalPatientWeek",1,1,coder2
wendys_all_h1_00808,batch1_fortune100,20260618expand/classifier_improvement/data/human_labeling_template/coder_splits/coder2_labeling_template.csv,Marathon Petroleum,2014751717124948415,https://x.com/MarathonPetroCo/status/2014751717124948415,Fri Jan 23 17:26:56 +0000 2026,Poll time! Which of the following should you check or replace to prepare your vehicle for diving in winter weather? ❄️ Vote below. 👇,1,1,coder2
wendys_all_h1_00809,batch1_fortune100,20260618expand/classifier_improvement/data/human_labeling_template/coder_splits/coder2_labeling_template.csv,Enterprise Products Partners,1681412277780754437,https://x.com/EProd_Careers/status/1681412277780754437,Tue Jul 18 21:15:00 +0000 2023,Make the most of your talents in a fast-paced environment driven by people who strive for achievement. Join us at Enterprise Products. Apply now! https://t.co/zJYtk5LdOJ #TechnicianJobs,1,1,coder2
wendys_all_h1_00810,batch1_fortune100,20260618expand/classifier_improvement/data/human_labeling_template/coder_splits/coder2_labeling_template.csv,Tyson Foods,1276610376759676928,https://x.com/tysonfoods/status/1276610376759676928,Fri Jun 26 20:16:46 +0000 2020,You’ve probably reached for frozen foods more in the last couple of months than you had before. But you may not realize how nutritious frozen chicken really is. Here are a few insights into the protein on your dinner plate. https://t.co/QkqQfZnI4Q,1,1,coder2
wendys_all_h1_00811,batch1_fortune100,20260618expand/classifier_improvement/data/human_labeling_template/coder_splits/coder2_labeling_template.csv,FedEx,1650892430223237121,https://x.com/fedex/status/1650892430223237121,Tue Apr 25 16:00:02 +0000 2023,"We salute innovative small businesses like @UnlimitedTmro, whose mission is to provide affordable prosthetic limbs using 3D printing. Owner Easton LaChappelle and client Sasha are captured by iconic photographer @annieleibovitz. #FedEx50 Learn more: https://t.co/keoMZunavY https://t.co/hv4RVyx9gW",0,0,coder2
wendys_all_h1_00812,batch1_fortune100,20260618expand/classifier_improvement/data/human_labeling_template/coder_splits/coder2_labeling_template.csv,Albertsons,1525189133630595073,https://x.com/albertsons/status/1525189133630595073,Fri May 13 19:00:00 +0000 2022,Chicks &lt; chickpeas #HappyHummusDay,1,1,coder2
wendys_all_h1_00813,batch1_fortune100,20260618expand/classifier_improvement/data/human_labeling_template/coder_splits/coder2_labeling_template.csv,Marathon Petroleum,2006636510301532671,https://x.com/MarathonPetroCo/status/2006636510301532671,Thu Jan 01 08:00:00 +0000 2026,Here’s to a happy and healthy new year from all of us at Marathon Petroleum! ✨ #2026 https://t.co/rqQcjDaPMn,1,1,coder2
wendys_all_h1_00814,batch1_fortune100,20260618expand/classifier_improvement/data/human_labeling_template/coder_splits/coder2_labeling_template.csv,Bank of America,1640399169532641281,https://x.com/bankofamerica/status/1640399169532641281,Mon Mar 27 17:03:33 +0000 2023,"Whether in Chicago in October 2023, Boston in April 2024, or at a start line in your local community, we look forward to taking this journey together. See you in 2024! 🏃",1,1,coder2
wendys_all_h1_00815,batch1_fortune100,20260618expand/classifier_improvement/data/human_labeling_template/coder_splits/coder2_labeling_template.csv,Microsoft,1866581628488929529,https://x.com/microsoft/status/1866581628488929529,Tue Dec 10 20:31:54 +0000 2024,"The time that AI saves allows employees to do things that create value. Learn more about the different ways you can level up your work from Tomas Chamorro-Premuzic, psychologist and author: https://t.co/VXTp0zfRev",0,0,coder2
wendys_all_h1_00816,batch1_fortune100,20260618expand/classifier_improvement/data/human_labeling_template/coder_splits/coder2_labeling_template.csv,Bank of America,1684636647533518850,https://x.com/bankofamerica/status/1684636647533518850,Thu Jul 27 18:47:30 +0000 2023,"We believe in the power of internships to help young adults gain skills for career success. In addition to the interns who join us each summer, we partner with community colleges and nonprofits to connect young people to early work experience. #NationalInternDay https://t.co/Cm2ndPjTmF",0,0,coder2
wendys_all_h1_00817,batch1_fortune100,20260618expand/classifier_improvement/data/human_labeling_template/coder_splits/coder2_labeling_template.csv,Tyson Foods,1171487702635573249,https://x.com/tysonfoods/status/1171487702635573249,Tue Sep 10 18:16:48 +0000 2019,"The Farmer Connect App was conceptualized by farmers, for farmers, to make their jobs easier and to keep the lines of communication open with us. #RaisingExpectations https://t.co/sH9sF4sxdG",1,1,coder2
wendys_all_h1_00818,batch1_fortune100,20260618expand/classifier_improvement/data/human_labeling_template/coder_splits/coder2_labeling_template.csv,Walt Disney,1822103142487765153,https://x.com/Disney/status/1822103142487765153,Sat Aug 10 02:50:16 +0000 2024,"Check out the new poster for #WinOrLose, Pixar’s all-new original series, coming to @DisneyPlus on December 6! https://t.co/gfCl7Zuml9",1,1,coder2
wendys_all_h1_00819,batch1_fortune100,20260618expand/classifier_improvement/data/human_labeling_template/coder_splits/coder2_labeling_template.csv,Meta Platforms,1843317598383120615,https://x.com/Meta/status/1843317598383120615,Mon Oct 07 15:48:57 +0000 2024,3 reasons your dog needs to be using Meta AI: https://t.co/2cvXhrjOB7,1,1,coder2
wendys_all_h1_00820,batch1_fortune100,20260618expand/classifier_improvement/data/human_labeling_template/coder_splits/coder2_labeling_template.csv,Lockheed Martin,1993349759520702949,https://x.com/lockheedmartin/status/1993349759520702949,Tue Nov 25 16:03:11 +0000 2025,"From air dominance to missile defense, we’re delivering performance at scale, strengthening the defense industrial base and supply chain resilience to ensure readiness for the missions ahead. Built to protect what matters most: our people and our nation. https://t.co/4X2TOlvnWM",0,0,coder2
wendys_all_h1_00821,batch1_fortune100,20260618expand/classifier_improvement/data/human_labeling_template/coder_splits/coder2_labeling_template.csv,Uber Technologies,1780246453299879994,https://x.com/Uber/status/1780246453299879994,Tue Apr 16 14:46:44 +0000 2024,"Don't forget to buckle up. 🚗 Always a good reminder. Every seat, every ride, every time. #safety https://t.co/cvB3vIeID5",1,1,coder2
wendys_all_h1_00822,batch1_fortune100,20260618expand/classifier_improvement/data/human_labeling_template/coder_splits/coder2_labeling_template.csv,Publix Super Markets,1817968329182593232,https://x.com/Publix/status/1817968329182593232,Mon Jul 29 17:00:00 +0000 2024,Which flavor will you be looking for at your Publix this #NationalChickenWingDay?,1,1,coder2
wendys_all_h1_00823,batch1_fortune100,20260618expand/classifier_improvement/data/human_labeling_template/coder_splits/coder2_labeling_template.csv,Enterprise Products Partners,1677422284590702592,https://x.com/EProd_Careers/status/1677422284590702592,Fri Jul 07 21:00:12 +0000 2023,Discover exciting and rewarding ways to apply your talents at Enterprise Products. Click here to find out more! https://t.co/wTPHeXQwla,1,1,coder2
wendys_all_h1_00824,batch1_fortune100,20260618expand/classifier_improvement/data/human_labeling_template/coder_splits/coder2_labeling_template.csv,Prudential Financial,1554572361512505346,https://x.com/Prudential/status/1554572361512505346,Tue Aug 02 20:58:28 +0000 2022,$PRU: Prudential announces 2Q22 results.,0,0,coder2
wendys_all_h1_00825,batch1_fortune100,20260618expand/classifier_improvement/data/human_labeling_template/coder_splits/coder2_labeling_template.csv,Sysco,2002031703632863704,https://x.com/sysco/status/2002031703632863704,Fri Dec 19 15:02:08 +0000 2025,"Sysco is proud to partner with Paul Piazza and Sons who sources premium Gulf shrimp from Texas and Louisiana waterways to bring fresh, high-quality ingredients to restaurants of every size. 🍤 https://t.co/8LMiS9QPPh",0,0,coder2
wendys_all_h1_00826,batch1_fortune100,20260618expand/classifier_improvement/data/human_labeling_template/coder_splits/coder2_labeling_template.csv,Bank of America,1623459463784017920,https://x.com/bankofamerica/status/1623459463784017920,Wed Feb 08 23:11:13 +0000 2023,"TIP #2 – Keep your balances low: your utilization rate (aka, how much of your available credit you’re using) is an important factor in determining your credit score. Shoot for a utilization rate of about 30%.",0,0,coder2
wendys_all_h1_00827,batch1_fortune100,20260618expand/classifier_improvement/data/human_labeling_template/coder_splits/coder2_labeling_template.csv,Comcast,1819364714905813252,https://x.com/comcast/status/1819364714905813252,Fri Aug 02 13:28:44 +0000 2024,"🏀 The @NBA &amp; @WNBA are coming back! Starting in 2025, tune into @NBC, @Peacock, @USANetwork, @SkySports, &amp; @Telemundo for the action 📺✨ More: https://t.co/g95VykvG7Y https://t.co/01zzdfvSlk",1,1,coder2
wendys_all_h1_00828,batch1_fortune100,20260618expand/classifier_improvement/data/human_labeling_template/coder_splits/coder2_labeling_template.csv,Tesla,2057276654326853817,https://x.com/tesla/status/2057276654326853817,Thu May 21 01:45:51 +0000 2026,RT @elonmusk: About to hand over the last Model S &amp; X cars ever made,0,0,coder2
wendys_all_h1_00829,batch1_fortune100,20260618expand/classifier_improvement/data/human_labeling_template/coder_splits/coder2_labeling_template.csv,Home Depot,837816825731653632,https://x.com/HDCares/status/837816825731653632,Sat Mar 04 00:07:51 +0000 2017,@froggybk We apologize for the delay. Were you able to speak with someone?,0,0,coder2
wendys_all_h1_00830,batch1_fortune100,20260618expand/classifier_improvement/data/human_labeling_template/coder_splits/coder2_labeling_template.csv,Wells Fargo,1978445759805522251,https://x.com/wellsfargo/status/1978445759805522251,Wed Oct 15 13:00:01 +0000 2025,Got an account suspension alert? Don’t panic and slow it down. Scammers are counting on you to act without thinking twice. #BanksNeverAskThat https://t.co/QEL4rnDXsc,1,1,coder2
wendys_all_h1_00831,batch1_fortune100,20260618expand/classifier_improvement/data/human_labeling_template/coder_splits/coder2_labeling_template.csv,Nationwide,1546880325292376064,https://x.com/nationwide/status/1546880325292376064,Tue Jul 12 15:33:03 +0000 2022,"Honestly, this one should be at least 15 secs longer https://t.co/mM6k6GZyER",1,1,coder2
wendys_all_h1_00832,batch1_fortune100,20260618expand/classifier_improvement/data/human_labeling_template/coder_splits/coder2_labeling_template.csv,Alphabet,2047774596712075456,https://x.com/google/status/2047774596712075456,Fri Apr 24 20:28:04 +0000 2026,"Once a hacker gets into a system, it takes just 22 seconds to hand over control. At #GoogleCloudNext, Francis deSouza's team put his security knowledge to a related test. Can Francis answer rapid-fire questions about today’s threat landscape in just 22 seconds? https://t.co/KUhcj27YTB",1,1,coder2
wendys_all_h1_00833,batch1_fortune100,20260618expand/classifier_improvement/data/human_labeling_template/coder_splits/coder2_labeling_template.csv,Comcast,1785715812222791978,https://x.com/comcast/status/1785715812222791978,Wed May 01 17:00:01 +0000 2024,"We are AANHPI AMPLIFIED at @NBCUniversal, celebrating our Asian American, Native Hawaiian, and Pacific Islander colleagues across the world! #AANHPIamplified https://t.co/I6vjopnj3N",1,1,coder2
wendys_all_h1_00834,batch1_fortune100,20260618expand/classifier_improvement/data/human_labeling_template/coder_splits/coder2_labeling_template.csv,Archer Daniels Midland,1557394365990985728,https://x.com/ADMupdates/status/1557394365990985728,Wed Aug 10 15:52:06 +0000 2022,"To ignite change in global communities and spark important conversations, we’ve convened a panel of experts, to discuss how #alternativeprotein can help feed communities. 🌍 Help us bring our panel to @SXSW by voting here: https://t.co/XL4kiOsxS1 https://t.co/Cb82c7TF7u",0,0,coder2
wendys_all_h1_00835,batch1_fortune100,20260618expand/classifier_improvement/data/human_labeling_template/coder_splits/coder2_labeling_template.csv,Liberty Mutual Insurance Group,1694801754422997049,https://x.com/LibertyMutual/status/1694801754422997049,Thu Aug 24 20:00:00 +0000 2023,"If you are unable to attend the event, you can also file or manage your claim in your account: https://t.co/CQumqJSr2k",0,0,coder2
wendys_all_h1_00836,batch1_fortune100,20260618expand/classifier_improvement/data/human_labeling_template/coder_splits/coder2_labeling_template.csv,JPMorgan Chase,1516464798329970689,https://x.com/jpmorgan/status/1516464798329970689,Tue Apr 19 17:12:37 +0000 2022,"Now available: 2021 ESG report from JPMorgan Chase, which provides updates on our firm's efforts to advance a sustainable and inclusive economy, and run a strong business.",0,0,coder2
wendys_all_h1_00837,batch1_fortune100,20260618expand/classifier_improvement/data/human_labeling_template/coder_splits/coder2_labeling_template.csv,AT&T,1935701021163962666,https://x.com/ATT/status/1935701021163962666,Thu Jun 19 14:07:41 +0000 2025,"What we heard at @tribeca before the panels in our #ATTUntoldStories lounge was - Scout Bassett is connecting with fans, Shirley Williams needs to direct a tv show &amp; Miles Joris-Peyrafitte is open to a few scripts floating his way👀 #Tribeca2025 https://t.co/uYWG3V4Bfd",1,1,coder2
wendys_all_h1_00838,batch1_fortune100,20260618expand/classifier_improvement/data/human_labeling_template/coder_splits/coder2_labeling_template.csv,Cencora,1559978728310165505,https://x.com/CencoraGlobal/status/1559978728310165505,Wed Aug 17 19:01:26 +0000 2022,"Online shopping for pet products expanded because of the pandemic's influence on both customer behavior and global supply chains. While the option to purchase pet essentials online isn’t new, there are a few ways to stand out from your competition. https://t.co/bSYDxNRZt4 https://t.co/GCua0FjlHg",0,0,coder2
wendys_all_h1_00839,batch1_fortune100,20260618expand/classifier_improvement/data/human_labeling_template/coder_splits/coder2_labeling_template.csv,Morgan Stanley,1582378468976734208,https://x.com/morganstanley/status/1582378468976734208,Tue Oct 18 14:30:00 +0000 2022,"As part of our commitment to an integrated and transparent diversity, equity and inclusion strategy, we are supporting @_centritech, a national nonprofit based in Washington, D.C, in launching the first Social Justice Innovation Awards. Read more: https://t.co/TkPl1fH9TW",0,0,coder2
wendys_all_h1_00840,batch1_fortune100,20260618expand/classifier_improvement/data/human_labeling_template/coder_splits/coder2_labeling_template.csv,TJX,718412283521708032,https://x.com/tjmaxx/status/718412283521708032,Fri Apr 08 12:16:50 +0000 2016,@tasha_lynn13 thanks for reaching out. Please call Associate Relations at 1-800-859-6488,0,0,coder2
wendys_all_h1_00841,batch1_fortune100,20260618expand/classifier_improvement/data/human_labeling_template/coder_splits/coder2_labeling_template.csv,Uber Technologies,2049508225029173482,https://x.com/Uber/status/2049508225029173482,Wed Apr 29 15:16:53 +0000 2026,Uber adds hotels to its app in big travel swing https://t.co/KTiYOXKqJ1,0,0,coder2
wendys_all_h1_00842,batch1_fortune100,20260618expand/classifier_improvement/data/human_labeling_template/coder_splits/coder2_labeling_template.csv,American Express,1430243571781808133,https://x.com/americanexpress/status/1430243571781808133,Tue Aug 24 19:00:14 +0000 2021,"It's more important than ever to support small businesses. If you’re in Oceanside, CA, #AmexAmbassador and photographer @ariellevey recommends hitting up Blooms Design House, a woman-owned floral shop that’s new to the area. Where will you #ShopSmall this summer? https://t.co/r70TevT0bt",1,1,coder2
wendys_all_h1_00843,batch1_fortune100,20260618expand/classifier_improvement/data/human_labeling_template/coder_splits/coder2_labeling_template.csv,Pfizer,1580581629113913347,https://x.com/pfizer/status/1580581629113913347,Thu Oct 13 15:30:00 +0000 2022,"Season 2 of our #ScienceWillWin podcast is coming 10/27! Host @AdamRutherford is back, joined by #oncology experts to discuss the challenges and advancements in #breastcancer research and the importance of clinical trials. Tune in on your favorite podcast app 🎧.",1,1,coder2
wendys_all_h1_00844,batch1_fortune100,20260618expand/classifier_improvement/data/human_labeling_template/coder_splits/coder2_labeling_template.csv,TD Synnex,1488244200634257409,https://x.com/tdsynnex/status/1488244200634257409,Mon Jan 31 20:14:02 +0000 2022,"Last month, #TDSYNNEX co-workers from across the nation connected with their local communities during our Holiday #Volunteer Drive. Check out some of the amazing things our teams accomplished during this month of giving. https://t.co/b2fLziNjiG",0,0,coder2
wendys_all_h1_00845,batch1_fortune100,20260618expand/classifier_improvement/data/human_labeling_template/coder_splits/coder2_labeling_template.csv,Uber Technologies,1757802725977280780,https://x.com/Uber/status/1757802725977280780,Wed Feb 14 16:23:22 +0000 2024,What would you do with this space? https://t.co/usO085301M,1,1,coder2
wendys_all_h1_00846,batch1_fortune100,20260618expand/classifier_improvement/data/human_labeling_template/coder_splits/coder2_labeling_template.csv,Microsoft,1881840865548628317,https://x.com/microsoft/status/1881840865548628317,Tue Jan 21 23:06:39 +0000 2025,https://t.co/Aqe0Sy7wOg,0,0,coder2
wendys_all_h1_00847,batch1_fortune100,20260618expand/classifier_improvement/data/human_labeling_template/coder_splits/coder2_labeling_template.csv,Amazon,1696191001461682501,https://x.com/amazon/status/1696191001461682501,Mon Aug 28 16:00:23 +0000 2023,"One of media’s most respected, versatile, and accomplished storytellers, Michael Smith serves as news analyst for Thursday Night Football, contributing valuable insights and updates for fans during pregame, halftime, and postgame coverage on all things surrounding the league. https://t.co/kfUHHLTWpz",0,0,coder2
wendys_all_h1_00848,batch1_fortune100,20260618expand/classifier_improvement/data/human_labeling_template/coder_splits/coder2_labeling_template.csv,Tesla,2032814398033768737,https://x.com/tesla/status/2032814398033768737,Sat Mar 14 13:41:35 +0000 2026,Terafab Project launches in 7 days,0,0,coder2
wendys_all_h1_00849,batch1_fortune100,20260618expand/classifier_improvement/data/human_labeling_template/coder_splits/coder2_labeling_template.csv,Tyson Foods,1570138550137495553,https://x.com/tysonfoods/status/1570138550137495553,Wed Sep 14 19:52:56 +0000 2022,Our transportation team is top-notch - and these numbers prove it! Shoutout to our ever-growing fleet for helping feed the world safely and efficiently. #TruckDriverAppreciationWeek https://t.co/xMLjmfk61V,1,1,coder2
wendys_all_h1_00850,batch1_fortune100,20260618expand/classifier_improvement/data/human_labeling_template/coder_splits/coder2_labeling_template.csv,General Motors,1522236891944431617,https://x.com/GM/status/1522236891944431617,Thu May 05 15:28:51 +0000 2022,Which EV am I? 🤔 I have an athletic design and an updated interior. I offer five passenger seating. My name is similar to another EV. Think you know? Vote below!,1,1,coder2
wendys_all_h1_00851,batch1_fortune100,20260618expand/classifier_improvement/data/human_labeling_template/coder_splits/coder2_labeling_template.csv,JPMorgan Chase,1977742173605937350,https://x.com/jpmorgan/status/1977742173605937350,Mon Oct 13 14:24:13 +0000 2025,"This comes at a pivotal time as the U.S. looks to modernize infrastructure, strengthen supply chains, and implement policies that promote growth. Learn more. 👇 https://t.co/DdI6cuqIBH",0,0,coder2
wendys_all_h1_00852,batch1_fortune100,20260618expand/classifier_improvement/data/human_labeling_template/coder_splits/coder2_labeling_template.csv,Microsoft,1892245713452741059,https://x.com/microsoft/status/1892245713452741059,Wed Feb 19 16:11:48 +0000 2025,.@satyanadella on: - why he doesn’t believe in AGI but does believe in 10% economic growth - Microsoft’s new topological qubit breakthrough and gaming world models - whether Office commoditizes LLMs or the other way around Links below. Enjoy! Timestamps 0:00:00 - Intro 0:05:48 - AI won't be winner-take-all 0:16:02 - World economy growing by 10% 0:22:23 - Decreasing price of intelligence 0:31:03 - Microsoft's Quantum breakthrough 0:43:35 - Microsoft's gaming world model 0:50:35 - Legal barriers to AI 0:56:30 - Getting AGI safety right 1:05:43 - 34 years at Microsoft 1:11:31 - Does Satya Nadella believe in AGI?,0,0,coder2
wendys_all_h1_00853,batch1_fortune100,20260618expand/classifier_improvement/data/human_labeling_template/coder_splits/coder2_labeling_template.csv,United Airlines Holdings,2065116368647667795,https://x.com/united/status/2065116368647667795,Thu Jun 11 16:58:04 +0000 2026,Believe the hype. @Starlink is THAT good. Have you tried it yet? https://t.co/P46CQSBR8n,1,1,coder2
wendys_all_h1_00854,batch1_fortune100,20260618expand/classifier_improvement/data/human_labeling_template/coder_splits/coder2_labeling_template.csv,Johnson & Johnson,1316046447712841729,https://x.com/JNJNews/status/1316046447712841729,Tue Oct 13 16:01:38 +0000 2020,"Whether you’re a frontline healthcare worker or a parent working from home, the #COVID19 pandemic has caused anxiety, stress and fear around the world. Learn what you can do to address these mental challenges, plus, how to know if your child needs help right now. https://t.co/eii5qig863",0,0,coder2
wendys_all_h1_00855,batch1_fortune100,20260618expand/classifier_improvement/data/human_labeling_template/coder_splits/coder2_labeling_template.csv,Kroger,1141812973872267272,https://x.com/kroger/status/1141812973872267272,Thu Jun 20 21:00:01 +0000 2019,"Home Chef is touring the US in a food truck, visiting more than 80 stores in 20 major cities. Each event includes giveaways, games and delicious samplings! Check out the tour schedule and catch Home Chef when they're in your city. Next stop, Nashville! https://t.co/XVenaRu6x1 https://t.co/zVsY1A87di",1,1,coder2
wendys_all_h1_00856,batch1_fortune100,20260618expand/classifier_improvement/data/human_labeling_template/coder_splits/coder2_labeling_template.csv,Coca-Cola,1504819913420115969,https://x.com/cocacola/status/1504819913420115969,Fri Mar 18 14:00:00 +0000 2022,Bad news: Your bracket’s busted. Good news: #CokeZeroSugar is still perfect.,1,1,coder2
wendys_all_h1_00857,batch1_fortune100,20260618expand/classifier_improvement/data/human_labeling_template/coder_splits/coder2_labeling_template.csv,Comcast,1887509954283606329,https://x.com/comcast/status/1887509954283606329,Thu Feb 06 14:33:35 +0000 2025,We are ONE YEAR from the 2026 #WinterOlympics Opening Ceremony! https://t.co/Svq9ExD5fq,1,1,coder2
wendys_all_h1_00858,batch1_fortune100,20260618expand/classifier_improvement/data/human_labeling_template/coder_splits/coder2_labeling_template.csv,Procter & Gamble,1643732963538919424,https://x.com/ProcterGamble/status/1643732963538919424,Wed Apr 05 21:50:52 +0000 2023,"Tide Loads of Hope is here to help, Indiana. Starting Thursday, April 6th, the Loads of Hope team will operate at 13 W Jackson St, Sullivan, IN 47882 from 9am-5pm or until capacity is reached. https://t.co/kUnYqC7l5q",0,0,coder2
wendys_all_h1_00859,batch1_fortune100,20260618expand/classifier_improvement/data/human_labeling_template/coder_splits/coder2_labeling_template.csv,New York Life Insurance,1579890830348877824,https://x.com/NewYorkLife/status/1579890830348877824,Tue Oct 11 17:45:01 +0000 2022,"We’re #18 on the 2022 Top 50 Best Companies for Latinas to Work for in the U.S. by LATINA Style Inc., and proud to once again be an employer of choice for Latinas.",0,0,coder2
wendys_all_h1_00860,batch1_fortune100,20260618expand/classifier_improvement/data/human_labeling_template/coder_splits/coder2_labeling_template.csv,Enterprise Products Partners,1679963889856057345,https://x.com/EProd_Careers/status/1679963889856057345,Fri Jul 14 21:19:38 +0000 2023,"Tap into the professional possibilities at Enterprise Products. This Accountant, Senior opportunity will help you realize your full potential. https://t.co/4r8a7L8p7P #AccountantJobs",0,0,coder2
wendys_all_h1_00861,batch1_fortune100,20260618expand/classifier_improvement/data/human_labeling_template/coder_splits/coder2_labeling_template.csv,Cigna Group,1542142095007285250,https://x.com/Cigna/status/1542142095007285250,Wed Jun 29 13:45:01 +0000 2022,What do you think is most important in a health care network? #YourNewGrowthPlan,1,1,coder2
wendys_all_h1_00862,batch1_fortune100,20260618expand/classifier_improvement/data/human_labeling_template/coder_splits/coder2_labeling_template.csv,Target,1350138505389875200,https://x.com/target/status/1350138505389875200,Fri Jan 15 17:51:18 +0000 2021,"As we enter this new year, we reflect on what has remained constant. Thank you, Target team. You navigated 2020 with incredible grace, fortitude and perseverance—showing up for our guests, communities and each other again and again. ❤️ https://t.co/RuhUmZ11EC https://t.co/junBM5EKmR",1,1,coder2
wendys_all_h1_00863,batch1_fortune100,20260618expand/classifier_improvement/data/human_labeling_template/coder_splits/coder2_labeling_template.csv,Pfizer,1558151338629861377,https://x.com/pfizer/status/1558151338629861377,Fri Aug 12 18:00:02 +0000 2022,"Even short delays in follow-up care can pose a big risk. If you need to follow up with your doctor, don’t wait! Read more for more resources around cancer care.",0,0,coder2
wendys_all_h1_00864,batch1_fortune100,20260618expand/classifier_improvement/data/human_labeling_template/coder_splits/coder2_labeling_template.csv,Procter & Gamble,1592570686228381697,https://x.com/ProcterGamble/status/1592570686228381697,Tue Nov 15 17:30:14 +0000 2022,"The EC30 trial kits are the perfect way to meet the brand! And now they have half the packaging! They’re made for the mailbox, are fully paper recyclable and, as always, contain zero water and zero plastic bottles. https://t.co/5hTunD5qDe https://t.co/JCHzU5JJlP",1,1,coder2
wendys_all_h1_00865,batch1_fortune100,20260618expand/classifier_improvement/data/human_labeling_template/coder_splits/coder2_labeling_template.csv,Albertsons,1306676858361057281,https://x.com/albertsons/status/1306676858361057281,Thu Sep 17 19:30:14 +0000 2020,We’re watching the game with wings this weekend –hbu? https://t.co/2cDtPkCSj6,1,1,coder2
wendys_all_h1_00866,batch1_fortune100,20260618expand/classifier_improvement/data/human_labeling_template/coder_splits/coder2_labeling_template.csv,Boeing,1666444979940519938,https://x.com/boeing/status/1666444979940519938,Wed Jun 07 14:00:18 +0000 2023,"Visit the moon, go on a space mission, and return to 🌎, all in one day. Kherson Park in WA, just miles from where #TeamBoeing worked on the Apollo programs, aims to inspire the next generation of space dreamers through an interactive experience. More: https://t.co/X6fXalbwWe https://t.co/F4EvxUdfnX",1,1,coder2
wendys_all_h1_00867,batch1_fortune100,20260618expand/classifier_improvement/data/human_labeling_template/coder_splits/coder2_labeling_template.csv,Sysco,1839316293104841003,https://x.com/sysco/status/1839316293104841003,Thu Sep 26 14:49:11 +0000 2024,"RT @FoodBankofCNY: Special thanks to @FeedingAmerica and @Sysco for their grant supporting Food Bank operations, including the procurement…",0,0,coder2
wendys_all_h1_00868,batch1_fortune100,20260618expand/classifier_improvement/data/human_labeling_template/coder_splits/coder2_labeling_template.csv,Amazon,1696190915939877155,https://x.com/amazon/status/1696190915939877155,Mon Aug 28 16:00:02 +0000 2023,The @NFLonPrime crew is back in town. 🏈 Meet Prime Video’s Thursday Night Football all-star announcer lineup. 👇,1,1,coder2
wendys_all_h1_00869,batch1_fortune100,20260618expand/classifier_improvement/data/human_labeling_template/coder_splits/coder2_labeling_template.csv,TJX,808132382004039680,https://x.com/tjmaxx/status/808132382004039680,Mon Dec 12 02:12:28 +0000 2016,@PeytonWilpolt thanks for making us aware. Will you please let us know which store location this was so we can address?,0,0,coder2
wendys_all_h1_00870,batch1_fortune100,20260618expand/classifier_improvement/data/human_labeling_template/coder_splits/coder2_labeling_template.csv,ConocoPhillips,1552699635440857088,https://x.com/conocophillips/status/1552699635440857088,Thu Jul 28 16:56:55 +0000 2022,"Interns joined us for 10 weeks of industry experience, diverse perspectives, community outreach and mentoring. We wish each continued success. Learn more about university recruiting at #ConocoPhillips: https://t.co/GqpDFgtFDa #NationalInternDay https://t.co/OktObNSJbz",0,0,coder2
wendys_all_h1_00871,batch1_fortune100,20260618expand/classifier_improvement/data/human_labeling_template/coder_splits/coder2_labeling_template.csv,Kroger,1341866236146270210,https://x.com/kroger/status/1341866236146270210,Wed Dec 23 22:00:16 +0000 2020,"Here’s how the Seung’s show you how they refreshed their traditional recipes this winter, how will you mix it up this holiday? https://t.co/eTBCHSMcz4 https://t.co/Xh0ukww0fr",1,1,coder2
wendys_all_h1_00872,batch1_fortune100,20260618expand/classifier_improvement/data/human_labeling_template/coder_splits/coder2_labeling_template.csv,Tesla,1998510789062439040,https://x.com/tesla/status/1998510789062439040,Tue Dec 09 21:51:17 +0000 2025,FSD Supervised v14 drives you from door to door No other car can do this,1,1,coder2
wendys_all_h1_00873,batch1_fortune100,20260618expand/classifier_improvement/data/human_labeling_template/coder_splits/coder2_labeling_template.csv,Enterprise Products Partners,1682739769095356416,https://x.com/EProd_Careers/status/1682739769095356416,Sat Jul 22 13:09:59 +0000 2023,Discover exciting and rewarding ways to apply your talents at Enterprise Products. Click here to find out more! https://t.co/Xm8liWgPMt #TechnicianJobs,1,1,coder2
wendys_all_h1_00874,batch1_fortune100,20260618expand/classifier_improvement/data/human_labeling_template/coder_splits/coder2_labeling_template.csv,Walt Disney,2059247613136773197,https://x.com/Disney/status/2059247613136773197,Tue May 26 12:17:44 +0000 2026,Rock ‘n’ Roller Coaster Starring The Muppets is now open! Who do you want to ride with? 🎸 https://t.co/vlC9YKLMWd,1,1,coder2
wendys_all_h1_00875,batch1_fortune100,20260618expand/classifier_improvement/data/human_labeling_template/coder_splits/coder2_labeling_template.csv,FedEx,1775237206392623246,https://x.com/fedex/status/1775237206392623246,Tue Apr 02 19:01:46 +0000 2024,Perfect Placement🛋️ https://t.co/UXWR5meeNu,1,1,coder2
wendys_all_h1_00876,batch1_fortune100,20260618expand/classifier_improvement/data/human_labeling_template/coder_splits/coder2_labeling_template.csv,Home Depot,1679113587002863617,https://x.com/homedepot/status/1679113587002863617,Wed Jul 12 13:00:50 +0000 2023,Don’t get too close to the Marsh Monster. https://t.co/AEPYIr25D7,1,1,coder2
wendys_all_h1_00877,batch1_fortune100,20260618expand/classifier_improvement/data/human_labeling_template/coder_splits/coder2_labeling_template.csv,Target,1273221123271012352,https://x.com/target/status/1273221123271012352,Wed Jun 17 11:49:05 +0000 2020,"Today we’re announcing that we’re permanently increasing our starting pay to $15 per hour for all U.S. team members starting July 5, plus additional benefits. Click for details: https://t.co/9GP02MMH4k Thanks, team! https://t.co/C6jRDZ7SR6",0,0,coder2
wendys_all_h1_00878,batch1_fortune100,20260618expand/classifier_improvement/data/human_labeling_template/coder_splits/coder2_labeling_template.csv,Archer Daniels Midland,1737920457406345419,https://x.com/ADMupdates/status/1737920457406345419,Thu Dec 21 19:38:20 +0000 2023,Happy Winter Solstice! Today marks the shortest day of the year and farmers have been working tirelessly in preparation for the winter season. Here are some of the traditions farmers partake during the season ❄️🛷☃️ https://t.co/SCGihy1LO3,1,1,coder2
wendys_all_h1_00879,batch1_fortune100,20260618expand/classifier_improvement/data/human_labeling_template/coder_splits/coder2_labeling_template.csv,Exxon Mobil,1206974220233838592,https://x.com/exxonmobil/status/1206974220233838592,Tue Dec 17 16:27:33 +0000 2019,"Curious what the energy future has in store? Tap to pause for a peek into the year 2040, straight from our Energy Outlook. https://t.co/GcCuWwtFbz https://t.co/5emMlN51yl",0,0,coder2
wendys_all_h1_00880,batch1_fortune100,20260618expand/classifier_improvement/data/human_labeling_template/coder_splits/coder2_labeling_template.csv,Prudential Financial,1149025306411487233,https://x.com/Prudential/status/1149025306411487233,Wed Jul 10 18:39:15 +0000 2019,"We all love that new car smell, but stepping out of a car with no note…that's #FinancialWellness. We asked people about their experiences with money. https://t.co/blfmPDXi72",1,1,coder2
wendys_all_h1_00881,batch1_fortune100,20260618expand/classifier_improvement/data/human_labeling_template/coder_splits/coder2_labeling_template.csv,Caterpillar,1432867237715656710,https://x.com/CaterpillarInc/status/1432867237715656710,Wed Sep 01 00:45:45 +0000 2021,What did we do when one of our Production Analysis Trucks needed a new engine? We looked to a rebuilt Cat 6NZ engine to do the job. Read the story now at https://t.co/2HSqgth6t3. #LetsDoTheWork https://t.co/MQwrU0zPgf,1,1,coder2
wendys_all_h1_00882,batch1_fortune100,20260618expand/classifier_improvement/data/human_labeling_template/coder_splits/coder2_labeling_template.csv,Bank of America,1628409379849482241,https://x.com/bankofamerica/status/1628409379849482241,Wed Feb 22 15:00:25 +0000 2023,"If you made a resolution to try new things in 2023, give our mobile app a try! Our self-guided demos give interactive, step-by-step instructions on our mobile app features like check deposit, account management, Zelle® and more.",1,1,coder2
wendys_all_h1_00883,batch1_fortune100,20260618expand/classifier_improvement/data/human_labeling_template/coder_splits/coder2_labeling_template.csv,IBM,1950896730863505607,https://x.com/ibm/status/1950896730863505607,Thu Jul 31 12:30:01 +0000 2025,"Happy National Intern Day! 🎉 All summer long, our interns have shown up with creativity, curiosity, and serious main character energy. ✨ Thanks for helping us raise the bar this summer! 👏 https://t.co/HTzfAUkrFE",1,1,coder2
wendys_all_h1_00884,batch1_fortune100,20260618expand/classifier_improvement/data/human_labeling_template/coder_splits/coder2_labeling_template.csv,Capital One Financial,1588290231089778688,https://x.com/CapitalOne/status/1588290231089778688,Thu Nov 03 22:01:14 +0000 2022,Bring on game 5. Bring on the #WorldSeries excitement. And bring on even more #MajorLeagueBenefits! https://t.co/qTvlGf2Z7H,1,1,coder2
wendys_all_h1_00885,batch1_fortune100,20260618expand/classifier_improvement/data/human_labeling_template/coder_splits/coder2_labeling_template.csv,Walt Disney,1854972443158270272,https://x.com/Disney/status/1854972443158270272,Fri Nov 08 19:41:08 +0000 2024,"Just announced at #D23Brasil: Ice Age 6 is now in production! ❄️ Ray Romano, John Leguizamo, Queen Latifah, Denis Leary, and Simon Pegg are returning for an all-new big screen adventure. https://t.co/b0lCN3tew5",1,1,coder2
wendys_all_h1_00886,batch1_fortune100,20260618expand/classifier_improvement/data/human_labeling_template/coder_splits/coder2_labeling_template.csv,Valero Energy,1694085802123293072,https://x.com/valeroenergy/status/1694085802123293072,Tue Aug 22 20:35:04 +0000 2023,"We thanked @ValeroEnergy w/a Gulf Star Partnership Award for funding an @NOAA's Ocean Guardian School program in TX. Become a #GulfStar partner at https://t.co/meyxbFK2sT (LtoR) Our exec. dir. Laura Bowie, Valero public affairs manager Carol Hebert &amp; our develop. dir. Becky Ginn. https://t.co/hhrH7oMkEL",0,0,coder2
wendys_all_h1_00887,batch1_fortune100,20260618expand/classifier_improvement/data/human_labeling_template/coder_splits/coder2_labeling_template.csv,PepsiCo,1387444260417441793,https://x.com/pepsico/status/1387444260417441793,Wed Apr 28 16:31:03 +0000 2021,Love garlic? We’ve got you covered: 🌿 @StacysPitaChips Parmesan Garlic and Herb Pita Chips 🧄 @Sabra Roasted Garlic Hummus 🧀 @StacysPitaChips Romano with Garlic and Pepper Cheese Petites Which one do you want right now? https://t.co/v8z8R2ztcx,1,1,coder2
wendys_all_h1_00888,batch1_fortune100,20260618expand/classifier_improvement/data/human_labeling_template/coder_splits/coder2_labeling_template.csv,Delta Air Lines,1375115508887003142,https://x.com/Delta/status/1375115508887003142,Thu Mar 25 16:01:00 +0000 2021,Fill in the blank: my dream vacation spot is _______________. #LetsMakePlans,1,1,coder2
wendys_all_h1_00889,batch1_fortune100,20260618expand/classifier_improvement/data/human_labeling_template/coder_splits/coder2_labeling_template.csv,Publix Super Markets,1983896671428784235,https://x.com/Publix/status/1983896671428784235,Thu Oct 30 14:00:00 +0000 2025,No one: The Southeast when temperatures drop below 75 degrees: 📸: Adrienne https://t.co/KJhfVGj6pt,1,1,coder2
wendys_all_h1_00890,batch1_fortune100,20260618expand/classifier_improvement/data/human_labeling_template/coder_splits/coder2_labeling_template.csv,Home Depot,772147118484094977,https://x.com/HDCares/status/772147118484094977,Sat Sep 03 18:59:53 +0000 2016,@mommaberger22 Thank you so much for sharing this photo with us. We hope she had a great time! See you next month. -TeamCare,1,1,coder2
wendys_all_h1_00891,batch1_fortune100,20260618expand/classifier_improvement/data/human_labeling_template/coder_splits/coder2_labeling_template.csv,Walt Disney,1953935612899373081,https://x.com/Disney/status/1953935612899373081,Fri Aug 08 21:45:27 +0000 2025,RT @DisneyStudios: A lot of love for the FREAKquel of the summer! Get tickets and see Freakier Friday now playing in theaters: https://t.co…,1,1,coder2
wendys_all_h1_00892,batch1_fortune100,20260618expand/classifier_improvement/data/human_labeling_template/coder_splits/coder2_labeling_template.csv,Delta Air Lines,1455248326698442759,https://x.com/Delta/status/1455248326698442759,Mon Nov 01 19:00:12 +0000 2021,"What’s up, Peloton? The sky. What’s in the sky? Planes. What’s in the planes? Peloton classes, if you’re flying Delta. You can now access exclusive Peloton classes, including stretches and sleep meditations, in-flight from your @Delta seatback screen! https://t.co/t8nNLNYJ79",1,1,coder2
wendys_all_h1_00893,batch1_fortune100,20260618expand/classifier_improvement/data/human_labeling_template/coder_splits/coder2_labeling_template.csv,Capital One Financial,1584991730369265687,https://x.com/CapitalOne/status/1584991730369265687,Tue Oct 25 19:34:10 +0000 2022,Didn't get in on the #iHeartALT presale? Eligible cardholders can still get tickets on Capital One Entertainment: https://t.co/EXKIVJBqIS,0,0,coder2
wendys_all_h1_00894,batch1_fortune100,20260618expand/classifier_improvement/data/human_labeling_template/coder_splits/coder2_labeling_template.csv,Albertsons,1144596196251643904,https://x.com/albertsons/status/1144596196251643904,Fri Jun 28 13:19:33 +0000 2019,RT @DangeRussWilson: .@StrongvsCancer funds an immunotherapy treatment for children who have otherwise run out of options. When you press ‘…,0,0,coder2
wendys_all_h1_00895,batch1_fortune100,20260618expand/classifier_improvement/data/human_labeling_template/coder_splits/coder2_labeling_template.csv,Dell Technologies,1983542388858441783,https://x.com/Dell/status/1983542388858441783,Wed Oct 29 14:32:12 +0000 2025,What's in your boo basket? 🎃 👻 We'll go first: Laptop charger Portable monitor Dell Pro 14 Laptop Wireless mouse and keyboard The good pens (iykyk) Dell Pro Plus Earbuds A notepad,1,1,coder2
wendys_all_h1_00896,batch1_fortune100,20260618expand/classifier_improvement/data/human_labeling_template/coder_splits/coder2_labeling_template.csv,Enterprise Products Partners,1682902313491636226,https://x.com/EProd_Careers/status/1682902313491636226,Sat Jul 22 23:55:53 +0000 2023,"If you’re ready to start a new career in Houston, TX, the Enterprise Products team awaits you. Click here to learn more about this fantastic opportunity. https://t.co/C8y2bXtFEA",1,1,coder2
wendys_all_h1_00897,batch1_fortune100,20260618expand/classifier_improvement/data/human_labeling_template/coder_splits/coder2_labeling_template.csv,Target,1390341108144693253,https://x.com/target/status/1390341108144693253,Thu May 06 16:22:06 +0000 2021,"Thanks for coming, see you tomorrow.",0,0,coder2
wendys_all_h1_00898,batch1_fortune100,20260618expand/classifier_improvement/data/human_labeling_template/coder_splits/coder2_labeling_template.csv,Travelers,1707051368043741215,https://x.com/travelers/status/1707051368043741215,Wed Sep 27 15:15:36 +0000 2023,"What makes a successful leader during times of rapid change? To celebrate the 100th #WednesdaysWithWoodward webinar, our Chairman and CEO Alan Schnitzer will join the #TravelersInstitute for a conversation about leadership. Register now ➡️ https://t.co/IKLbfj2k1d https://t.co/ZwIfIcahci",1,1,coder2
wendys_all_h1_00899,batch1_fortune100,20260618expand/classifier_improvement/data/human_labeling_template/coder_splits/coder2_labeling_template.csv,Archer Daniels Midland,1407353116597620736,https://x.com/ADMupdates/status/1407353116597620736,Tue Jun 22 15:01:45 +0000 2021,"We value being good stewards of the environment.🌳 In Britain, #TeamADM has collected trash in parks and nature areas in ADM communities, all in an effort to keep conservation areas clean and safe for local wildlife. #ADMCares❤️🌍 https://t.co/oOyyTwOXe0",1,1,coder2
wendys_all_h1_00900,batch1_fortune100,20260618expand/classifier_improvement/data/human_labeling_template/coder_splits/coder2_labeling_template.csv,Home Depot,856955595060019201,https://x.com/HDCares/status/856955595060019201,Tue Apr 25 19:38:29 +0000 2017,@joseph_lapp How long ago was the purchase from? -TeamCare,0,0,coder2
wendys_all_h1_00901,batch1_fortune100,20260618expand/classifier_improvement/data/human_labeling_template/coder_splits/coder2_labeling_template.csv,Ford Motor,2022702374444314838,https://x.com/Ford/status/2022702374444314838,Sat Feb 14 16:00:00 +0000 2026,"Our love language is 5,000 RPM.",1,1,coder2
wendys_all_h1_00902,batch1_fortune100,20260618expand/classifier_improvement/data/human_labeling_template/coder_splits/coder2_labeling_template.csv,Ford Motor,1697358407764697385,https://x.com/Ford/status/1697358407764697385,Thu Aug 31 21:19:14 +0000 2023,"RT @ArmchairExpPod: Jim Farley, CEO of @Ford and board member of @harleydavidson joins us today!! Even for non gearheads, this chat with @j…",1,1,coder2
wendys_all_h1_00903,batch1_fortune100,20260618expand/classifier_improvement/data/human_labeling_template/coder_splits/coder2_labeling_template.csv,Cisco Systems,1972738755946524849,https://x.com/Cisco/status/1972738755946524849,Mon Sep 29 19:02:25 +0000 2025,"Stay tuned for more from Global Citizen, Climate Week, and more here: https://t.co/3bZMTQ24vt",0,0,coder2
wendys_all_h1_00904,batch1_fortune100,20260618expand/classifier_improvement/data/human_labeling_template/coder_splits/coder2_labeling_template.csv,TJX,1870942336726757681,https://x.com/tjmaxx/status/1870942336726757681,Sun Dec 22 21:19:48 +0000 2024,"@abby__s__ Hi abby__s__, thanks for reaching out. If you would please reply with your order number, it would assist us in looking into this further.",0,0,coder2
wendys_all_h1_00905,batch1_fortune100,20260618expand/classifier_improvement/data/human_labeling_template/coder_splits/coder2_labeling_template.csv,Exxon Mobil,1600231267231883266,https://x.com/exxonmobil/status/1600231267231883266,Tue Dec 06 20:50:39 +0000 2022,"Read more about how reliable, secure energy sources can be maintained, even as we all work to bring the world closer to net zero. ☞ https://t.co/4Xsa733gpA",0,0,coder2
wendys_all_h1_00906,batch1_fortune100,20260618expand/classifier_improvement/data/human_labeling_template/coder_splits/coder2_labeling_template.csv,Home Depot,819228518919892993,https://x.com/HDCares/status/819228518919892993,Wed Jan 11 17:04:34 +0000 2017,@HelloHarvi We’d like the chance to address this matter. Pls send details to TeamSocial@homedepot.com for help. –TeamCare,0,0,coder2
wendys_all_h1_00907,batch1_fortune100,20260618expand/classifier_improvement/data/human_labeling_template/coder_splits/coder2_labeling_template.csv,Walt Disney,1780219618717770184,https://x.com/Disney/status/1780219618717770184,Tue Apr 16 13:00:06 +0000 2024,"See The Beatles in the 1970 film, Let it Be, fully restored for the first time, streaming May 8 only on @DisneyPlus. https://t.co/1QyfAXAPZJ",0,0,coder2
wendys_all_h1_00908,batch1_fortune100,20260618expand/classifier_improvement/data/human_labeling_template/coder_splits/coder2_labeling_template.csv,Walmart,1993333863855108337,https://x.com/walmart/status/1993333863855108337,Tue Nov 25 15:00:02 +0000 2025,ur friend who’s a ST fan told us they want u to get these for them btw https://t.co/whKcT61CTX https://t.co/vQFpFrB8Dy,1,1,coder2
wendys_all_h1_00909,batch1_fortune100,20260618expand/classifier_improvement/data/human_labeling_template/coder_splits/coder2_labeling_template.csv,CVS Health,1567528178486329347,https://x.com/cvshealth/status/1567528178486329347,Wed Sep 07 15:00:15 +0000 2022,"When an Ohio couple needed support coping with dementia, Case Managers Latisha and Anne teamed up to help. Through a new @Aetna Medicare Advantage hospice program, Latisha and Anne lined up multiple services for them. Read the full story: https://t.co/ionv9BY5Iq #CVSHeartAtWork https://t.co/yNknvMaj2T",0,0,coder2
wendys_all_h1_00910,batch1_fortune100,20260618expand/classifier_improvement/data/human_labeling_template/coder_splits/coder2_labeling_template.csv,Tesla,2059007427241205785,https://x.com/tesla/status/2059007427241205785,Mon May 25 20:23:19 +0000 2026,FSD Supervised shrinks your idea of a long trip,1,1,coder2
wendys_all_h1_00911,batch1_fortune100,20260618expand/classifier_improvement/data/human_labeling_template/coder_splits/coder2_labeling_template.csv,Microsoft,1978174751207039375,https://x.com/microsoft/status/1978174751207039375,Tue Oct 14 19:03:08 +0000 2025,"This is super useful! With new Formula Completions in Excel, just type ""="" and Copilot proactively suggests a formula, based on the context of your sheet. Here's a great example. https://t.co/elkGzHjZTW",1,1,coder2
wendys_all_h1_00912,batch1_fortune100,20260618expand/classifier_improvement/data/human_labeling_template/coder_splits/coder2_labeling_template.csv,Liberty Mutual Insurance Group,1152201926781657090,https://x.com/LibertyMutual/status/1152201926781657090,Fri Jul 19 13:02:00 +0000 2019,Always remember to check the weather before heading out for a ride. https://t.co/x15tI29Oia,1,1,coder2
wendys_all_h1_00913,batch1_fortune100,20260618expand/classifier_improvement/data/human_labeling_template/coder_splits/coder2_labeling_template.csv,Comcast,1947353865348911609,https://x.com/comcast/status/1947353865348911609,Mon Jul 21 17:51:56 +0000 2025,"📺 In the time it takes Liz Lemon to say 'I want to go to there,' our Xfinity network uses AI to check 46 million modems across 4000 checkpoints to keep your streaming as sharp as one of Jack Donaghy's zingers. Learn more: https://t.co/yB1SiaICDx",1,1,coder2
wendys_all_h1_00914,batch1_fortune100,20260618expand/classifier_improvement/data/human_labeling_template/coder_splits/coder2_labeling_template.csv,Progressive,1775538757762224490,https://x.com/progressive/status/1775538757762224490,Wed Apr 03 15:00:02 +0000 2024,Here’s to many more memories at Progressive Field! #ForTheLand x @progressive https://t.co/Kqpy1sx3Hc,1,1,coder2
wendys_all_h1_00915,batch1_fortune100,20260618expand/classifier_improvement/data/human_labeling_template/coder_splits/coder2_labeling_template.csv,Nvidia,2008954018467291187,https://x.com/nvidia/status/2008954018467291187,Wed Jan 07 17:28:57 +0000 2026,"RT @Siemens: We’re powering the industrial AI revolution. At #CES2026, CEO Roland Busch - joined onstage by @Microsoft, @nvidia, @PepsiCo…",0,0,coder2
wendys_all_h1_00916,batch1_fortune100,20260618expand/classifier_improvement/data/human_labeling_template/coder_splits/coder2_labeling_template.csv,Publix Super Markets,1667215033862848513,https://x.com/Publix/status/1667215033862848513,Fri Jun 09 17:00:14 +0000 2023,What’s the coolest thing about your Publix? 😎 https://t.co/8tKDgYjVbD,1,1,coder2
wendys_all_h1_00917,batch1_fortune100,20260618expand/classifier_improvement/data/human_labeling_template/coder_splits/coder2_labeling_template.csv,Bank of America,1681028244177395713,https://x.com/bankofamerica/status/1681028244177395713,Mon Jul 17 19:49:00 +0000 2023,Make summer travel plans and earn rewards along the way! ✈ Preferred Rewards members are eligible for up to a 2% foreign currency exchange rate discount and free standard shipping on foreign currency orders. https://t.co/dSnrbq6ZX4 https://t.co/kanpDbB7bJ,0,0,coder2
wendys_all_h1_00918,batch1_fortune100,20260618expand/classifier_improvement/data/human_labeling_template/coder_splits/coder2_labeling_template.csv,Sysco,1811881408568127655,https://x.com/sysco/status/1811881408568127655,Fri Jul 12 21:52:45 +0000 2024,"Houstonians helping Houstonians. Mayor John Whitmire visited the West Gray Multi-Service Center today to support our community members with disabilities. He ensured they had the necessary resources and helped distribute water and food generously provided by @Sysco. Special shout-out to City employees, Congresswoman Lizzie Fletcher (@RepFletcher), and Council member @AbbieKamin who pitched in and helped during the distribution and to @DollarTree for donating plastic bags. Together, we are strong.",0,0,coder2
wendys_all_h1_00919,batch1_fortune100,20260618expand/classifier_improvement/data/human_labeling_template/coder_splits/coder2_labeling_template.csv,Lowe's,1525469237183188992,https://x.com/lowes/status/1525469237183188992,Sat May 14 13:33:02 +0000 2022,Raise your hand if this is you this weekend on your #LowesRun. 👋 https://t.co/Ug5pjOsOe2,1,1,coder2
wendys_all_h1_00920,batch1_fortune100,20260618expand/classifier_improvement/data/human_labeling_template/coder_splits/coder2_labeling_template.csv,Publix Super Markets,1552315374783418373,https://x.com/Publix/status/1552315374783418373,Wed Jul 27 15:30:00 +0000 2022,Leaving Publix without a #PubSub? As if! #RetroPublix,1,1,coder2
wendys_all_h1_00921,batch1_fortune100,20260618expand/classifier_improvement/data/human_labeling_template/coder_splits/coder2_labeling_template.csv,ConocoPhillips,1514628332062715911,https://x.com/conocophillips/status/1514628332062715911,Thu Apr 14 15:35:09 +0000 2022,"RT @COP_Careers: #TBT: The 12th Annual Asian New Year Celebration at #ConocoPhillips in #Bartlesville featured food, music, cultural presen…",0,0,coder2
wendys_all_h1_00922,batch1_fortune100,20260618expand/classifier_improvement/data/human_labeling_template/coder_splits/coder2_labeling_template.csv,Target,1539996645496078337,https://x.com/target/status/1539996645496078337,Thu Jun 23 15:39:46 +0000 2022,"Fresh, glowing skin is the best summer slay! Join Allyiah and Kirah as they swap surprise gifts for this episode of #TargetChallengeLIVE! Shop along live as this duo shares their must-haves in achieving the perfect fresh-faced summer shine: https://t.co/FDXFeAqpww https://t.co/Yzq9H1SyxK",1,1,coder2
wendys_all_h1_00923,batch1_fortune100,20260618expand/classifier_improvement/data/human_labeling_template/coder_splits/coder2_labeling_template.csv,American Express,1517533700363325442,https://x.com/americanexpress/status/1517533700363325442,Fri Apr 22 16:00:03 +0000 2022,"Our #TeamAmex colleagues embraced the return of in-person volunteer events, like this week’s garden clean-up with @centralparknyc. As we celebrate #EarthDay, it’s a time to focus on our climate goals and report on our progress. Learn more: https://t.co/Nqd7yOhgGi https://t.co/4fy6wkNaEf",0,0,coder2
wendys_all_h1_00924,batch1_fortune100,20260618expand/classifier_improvement/data/human_labeling_template/coder_splits/coder2_labeling_template.csv,Albertsons,1087443235042091015,https://x.com/albertsons/status/1087443235042091015,Mon Jan 21 20:14:05 +0000 2019,"Today, we are celebrating Martin Luther King Jr. and all his amazing achievements. https://t.co/YBWfANBCzw",0,0,coder2
wendys_all_h1_00925,batch1_fortune100,20260618expand/classifier_improvement/data/human_labeling_template/coder_splits/coder2_labeling_template.csv,Centene,1921943560183484802,https://x.com/centene/status/1921943560183484802,Mon May 12 15:00:27 +0000 2025,"During National Nurses Week, we celebrate the incredible Centene nurses and the impact they make every day. Their compassion elevates the quality of care for the communities we serve. Consider a career with us: https://t.co/zkVi4T8CLY #NursesWeek https://t.co/fAPZM2tNyD",0,0,coder2
wendys_all_h1_00926,batch1_fortune100,20260618expand/classifier_improvement/data/human_labeling_template/coder_splits/coder2_labeling_template.csv,Publix Super Markets,1759941099399836123,https://x.com/Publix/status/1759941099399836123,Tue Feb 20 14:00:30 +0000 2024,"This Black History Month, join Assistant Sous Cameron Byron on his journey from high school student to aspiring chef, supported by his mentor and driven by his family’s culinary heritage. https://t.co/iUwPu67YwM https://t.co/M8vq7K1Vmu",0,0,coder2
wendys_all_h1_00927,batch1_fortune100,20260618expand/classifier_improvement/data/human_labeling_template/coder_splits/coder2_labeling_template.csv,AT&T,2026416849575899415,https://x.com/ATT/status/2026416849575899415,Tue Feb 24 22:00:00 +0000 2026,"Before 1969, long distance meant geographic limits. Then satellite networks carried a live voice 238,900 miles during the Apollo 11 Moon Landing. Breakthroughs aren’t just moments. They’re systems built to make them possible. Follow for more stories behind how the world got connected as we celebrate 150 years since the first phone call.",0,0,coder2
wendys_all_h1_00928,batch1_fortune100,20260618expand/classifier_improvement/data/human_labeling_template/coder_splits/coder2_labeling_template.csv,New York Life Insurance,1499389643934027777,https://x.com/NewYorkLife/status/1499389643934027777,Thu Mar 03 14:22:03 +0000 2022,"In a Q&amp;A with aiTech Trend, Chief Analytics Officer Glenn Hoffman highlights the many innovative data science and AI-drive solutions being implemented across New York Life.",0,0,coder2
wendys_all_h1_00929,batch1_fortune100,20260618expand/classifier_improvement/data/human_labeling_template/coder_splits/coder2_labeling_template.csv,Nike,2042243515053494583,https://x.com/nike/status/2042243515053494583,Thu Apr 09 14:09:31 +0000 2026,"Welcome to Wisco. The Milwaukee Brewers’ Nike MLB City Connect uniform embodies the Wisco Way, celebrating the lakes, outdoor lifestyle and year-round recreation that define the state. From the palette of layered blue that represents Wisconsin’s lakes, to the return of the Barrel Man logo, the uniform connects the club’s heritage with a statewide identity that stretches beyond Milwaukee. Available now at https://t.co/eacxrL7nY7",0,0,coder2
wendys_all_h1_00930,batch1_fortune100,20260618expand/classifier_improvement/data/human_labeling_template/coder_splits/coder2_labeling_template.csv,Nike,1936092302688071902,https://x.com/nike/status/1936092302688071902,Fri Jun 20 16:02:30 +0000 2025,"One woman. One mile. One dream. Breaking4, streaming now. https://t.co/6dqtLL7XSE",1,1,coder2
wendys_all_h1_00931,batch1_fortune100,20260618expand/classifier_improvement/data/human_labeling_template/coder_splits/coder2_labeling_template.csv,ConocoPhillips,1443022237171208193,https://x.com/conocophillips/status/1443022237171208193,Wed Sep 29 01:18:06 +0000 2021,"In just four years of teaching, Charlene Posadas has grown to be respected by her Woodland Acres Elementary colleagues for her cutting edge use of technology and kind spirit. And now she's a #MathTeacher of the Month! https://t.co/N8x6gtvdcf @GalenaParkISD @astros https://t.co/C4LGQpdI3R",0,0,coder2
wendys_all_h1_00932,batch1_fortune100,20260618expand/classifier_improvement/data/human_labeling_template/coder_splits/coder2_labeling_template.csv,Home Depot,1984696947924496859,https://x.com/homedepot/status/1984696947924496859,Sat Nov 01 19:00:00 +0000 2025,#ProductRecall Alert: Milwaukee M18 12 in. &amp; 14 in. Cordless Top Handle Chainsaws https://t.co/0QPZ4sMdF2,0,0,coder2
wendys_all_h1_00933,batch1_fortune100,20260618expand/classifier_improvement/data/human_labeling_template/coder_splits/coder2_labeling_template.csv,Publix Super Markets,1669087316328038400,https://x.com/Publix/status/1669087316328038400,Wed Jun 14 21:00:01 +0000 2023,"Publix customer personality types: Type A: Checks the weekly ad, makes a list in the Publix app, and sticks to it. Type B: Strolls every aisle and lets the store tell them what they need. Which one are you?",1,1,coder2
wendys_all_h1_00934,batch1_fortune100,20260618expand/classifier_improvement/data/human_labeling_template/coder_splits/coder2_labeling_template.csv,Walt Disney,1902389635793478134,https://x.com/Disney/status/1902389635793478134,Wed Mar 19 16:00:08 +0000 2025,"if any aliens are listening... the new trailer for Disney and Pixar's #Elio is here! See the movie, only in theaters, June 20! 🌎🛸 https://t.co/ABKUp0QVhh",1,1,coder2
wendys_all_h1_00935,batch1_fortune100,20260618expand/classifier_improvement/data/human_labeling_template/coder_splits/coder2_labeling_template.csv,Alphabet,2056798395377832214,https://x.com/google/status/2056798395377832214,Tue May 19 18:05:25 +0000 2026,"We’re introducing Universal Cart — a new hub for shopping on Google. 🛍️ It will work across merchants and across services. 🛒 You’ll be able to add things to your cart whether you're shopping on Search, the @GeminiApp, @YouTube or @Gmail. 🛠️ The moment you add a product to your cart, it goes to work for you in the background. It finds deals and price drops, gives you insights on price history and alerts you when something comes back in stock. 🧠 It runs on our Gemini models, so your cart gets even smarter as the models improve. 💡 It also applies intelligent reasoning to your cart to help anticipate your needs. For example, if you add something to your cart that’s incompatible with something you already have in there, your cart catches it and suggests an alternative. 💲 It can find you hidden savings. Since it's built on Google Wallet, your cart understands your payment method perks, loyalty information and merchant offers so you don’t miss out on deals or points. #GoogleIO",0,0,coder2
wendys_all_h1_00936,batch1_fortune100,20260618expand/classifier_improvement/data/human_labeling_template/coder_splits/coder2_labeling_template.csv,Pfizer,1591829013202612224,https://x.com/pfizer/status/1591829013202612224,Sun Nov 13 16:23:06 +0000 2022,"Welcome to the next edition of “What the heck is that?” where we invite armchair scientists to answer the questions, “What the heck is that?” Take a look at the photo and guess. #ScienceWillWin https://t.co/fczPGTP1eA",1,1,coder2
wendys_all_h1_00937,batch1_fortune100,20260618expand/classifier_improvement/data/human_labeling_template/coder_splits/coder2_labeling_template.csv,Nvidia,2008953300683534389,https://x.com/nvidia/status/2008953300683534389,Wed Jan 07 17:26:06 +0000 2026,"RT @nvidianewsroom: NVIDIA CEO Jensen Huang was named the 2026 IEEE Medal of Honor recipient, recognizing pioneering leadership and groundb…",0,0,coder2
wendys_all_h1_00938,batch1_fortune100,20260618expand/classifier_improvement/data/human_labeling_template/coder_splits/coder2_labeling_template.csv,Home Depot,744268302613000192,https://x.com/HDCares/status/744268302613000192,Sat Jun 18 20:39:25 +0000 2016,@reesethegeek Oh no! Please send order number/contact info to TeamSocial@homedepot.com so we can look into this. -TeamCare,0,0,coder2
wendys_all_h1_00939,batch1_fortune100,20260618expand/classifier_improvement/data/human_labeling_template/coder_splits/coder2_labeling_template.csv,PepsiCo,1641802537224359937,https://x.com/pepsico/status/1641802537224359937,Fri Mar 31 14:00:02 +0000 2023,"Latina-owned small businesses are the fastest growing entrepreneurial segment in the U.S., and these businesses are invaluable to our communities. We’re proud to be supporting them through programs like PepsiCo Juntos Crecemos and our Jefa Day celebration: https://t.co/O6NtfmSHjC https://t.co/yQN8THbu07",0,0,coder2
wendys_all_h1_00940,batch1_fortune100,20260618expand/classifier_improvement/data/human_labeling_template/coder_splits/coder2_labeling_template.csv,Bank of America,1582725942539173890,https://x.com/bankofamerica/status/1582725942539173890,Wed Oct 19 13:30:44 +0000 2022,Deposit checks on the go in a snap with Mobile Check Deposit in the Mobile Banking app. ✅,0,0,coder2
wendys_all_h1_00941,batch1_fortune100,20260618expand/classifier_improvement/data/human_labeling_template/coder_splits/coder2_labeling_template.csv,Elevance Health,1537857698733166595,https://x.com/elevancehealth/status/1537857698733166595,Fri Jun 17 18:00:22 +0000 2022,Healthcare professionals should reflect the communities they serve. We’re advancing #healthequity by providing scholarships to students interested in filling critical professional healthcare roles in their communities. #AnthemImpact https://t.co/NM422rVA9N https://t.co/4gdJQ3WAZ6,0,0,coder2
wendys_all_h1_00942,batch1_fortune100,20260618expand/classifier_improvement/data/human_labeling_template/coder_splits/coder2_labeling_template.csv,UPS,2027096328849813724,https://x.com/ups/status/2027096328849813724,Thu Feb 26 19:00:01 +0000 2026,"Bags, pullovers, hats – oh my! SanMar has trusted us for more than 40 years to move corporate merch from their manufacturers to you. Over land, sea and air – read more on how we deliver for SanMar: https://t.co/qS1bmmcOt8",1,1,coder2
wendys_all_h1_00943,batch1_fortune100,20260618expand/classifier_improvement/data/human_labeling_template/coder_splits/coder2_labeling_template.csv,Uber Technologies,1772317644298821840,https://x.com/Uber/status/1772317644298821840,Mon Mar 25 17:40:29 +0000 2024,In a strange turn of events i think my uber driver wants ME to stop talking. 😤,1,1,coder2
wendys_all_h1_00944,batch1_fortune100,20260618expand/classifier_improvement/data/human_labeling_template/coder_splits/coder2_labeling_template.csv,Lockheed Martin,1852712573193322503,https://x.com/lockheedmartin/status/1852712573193322503,Sat Nov 02 14:01:13 +0000 2024,"The F-35's helmet is equipped with a state-of-the-art visor that displays real-time, 360-degree situational awareness, making it the most advanced pilot helmet in the world. #DarkMode https://t.co/G9WbaksaIg",0,0,coder2
wendys_all_h1_00945,batch1_fortune100,20260618expand/classifier_improvement/data/human_labeling_template/coder_splits/coder2_labeling_template.csv,Nike,1888777723012624852,https://x.com/nike/status/1888777723012624852,Mon Feb 10 02:31:15 +0000 2025,@Jujubballin JORDAN CHILES Superstar Gymnast &amp; THAT GIRL Back to back medalist Scored a perfect 10 10x in her career 9X ALL-AMERICAN https://t.co/McTfdzpyMr,0,0,coder2
wendys_all_h1_00946,batch1_fortune100,20260618expand/classifier_improvement/data/human_labeling_template/coder_splits/coder2_labeling_template.csv,Uber Technologies,2000599463044448669,https://x.com/Uber/status/2000599463044448669,Mon Dec 15 16:10:55 +0000 2025,RT @andrewgordonmac: Check out the our first-ever in-app recap of your year in rides and eats (and be sure to share your results!) https://…,0,0,coder2
wendys_all_h1_00947,batch1_fortune100,20260618expand/classifier_improvement/data/human_labeling_template/coder_splits/coder2_labeling_template.csv,Bristol-Myers Squibb,1521961605982035970,https://x.com/bmsnews/status/1521961605982035970,Wed May 04 21:14:58 +0000 2022,"By enabling the certification of businesses as LGBTQ-owned, we are affirming that these businesses are welcome and vital participants in New Jersey’s economy. https://t.co/mpjktZq89f",0,0,coder2
wendys_all_h1_00948,batch1_fortune100,20260618expand/classifier_improvement/data/human_labeling_template/coder_splits/coder2_labeling_template.csv,General Dynamics,1544760633014484992,https://x.com/generaldynamics/status/1544760633014484992,Wed Jul 06 19:10:09 +0000 2022,RT @GDNASSCO: Together we built the future USNS John L. Canley. #NASSCObuilt #NASSCOproud #ESB6 https://t.co/E53zNt7M2R,0,0,coder2
wendys_all_h1_00949,batch1_fortune100,20260618expand/classifier_improvement/data/human_labeling_template/coder_splits/coder2_labeling_template.csv,Target,1404822634433585157,https://x.com/target/status/1404822634433585157,Tue Jun 15 15:26:31 +0000 2021,Reply to this tweet for a TBH.,0,0,coder2
wendys_all_h1_00950,batch1_fortune100,20260618expand/classifier_improvement/data/human_labeling_template/coder_splits/coder2_labeling_template.csv,Amazon,1798708480255356951,https://x.com/amazon/status/1798708480255356951,Thu Jun 06 13:28:14 +0000 2024,"We know that sometimes an order can accidentally ship with a defect. While rare, that means one less happy customer. To solve for that, we built an #AI model for our fulfillment centers, codenamed ""Project P.I."" 🔍 Project P.I. uses image recognition and machine learning to scan packages for damage, defects, or issues like a wrong size or color – before the order ships. This helps us advance two of our biggest obsessions: serving our customers, and furthering our sustainability work. Fewer orders with defects means less wasted packaging and unnecessary carbon emissions get used to return the item. ♻️",0,0,coder2
wendys_all_h1_00951,batch1_fortune100,20260618expand/classifier_improvement/data/human_labeling_template/coder_splits/coder2_labeling_template.csv,Phillips 66,1411716508833792001,https://x.com/Phillips66co/status/1411716508833792001,Sun Jul 04 16:00:18 +0000 2021,"There’s power in knowledge. This Fourth of July, let’s take a deep look into the science behind sparklers. Uncovering possibilities of the future starts with understanding the world around us. Have a safe and happy holiday. #TheScienceOf https://t.co/CrSHaahFjF",1,1,coder2
wendys_all_h1_00952,batch1_fortune100,20260618expand/classifier_improvement/data/human_labeling_template/coder_splits/coder2_labeling_template.csv,AT&T,1925371320331534823,https://x.com/ATT/status/1925371320331534823,Thu May 22 02:01:09 +0000 2025,Locked in. Dialed up. MVP’d. 🙌🏆🏀 #NBAAwards Congrats @shaiglalex — you’re him. https://t.co/q8TolCUc5L,1,1,coder2
wendys_all_h1_00953,batch1_fortune100,20260618expand/classifier_improvement/data/human_labeling_template/coder_splits/coder2_labeling_template.csv,Target,1286367123984580609,https://x.com/target/status/1286367123984580609,Thu Jul 23 18:26:36 +0000 2020,We're just a store waiting for #Folklore.,1,1,coder2
wendys_all_h1_00954,batch1_fortune100,20260618expand/classifier_improvement/data/human_labeling_template/coder_splits/coder2_labeling_template.csv,IBM,2041120748664693157,https://x.com/ibm/status/2041120748664693157,Mon Apr 06 11:48:03 +0000 2026,It's here. Good morning from Masters Monday. #themasters https://t.co/R2yfpvZFLW,1,1,coder2
wendys_all_h1_00955,batch1_fortune100,20260618expand/classifier_improvement/data/human_labeling_template/coder_splits/coder2_labeling_template.csv,General Dynamics,1510983234171162627,https://x.com/generaldynamics/status/1510983234171162627,Mon Apr 04 14:10:50 +0000 2022,"We’re here at @SeaAirSpace #SAS2022. Visit the @generaldynamics booth and check out the Workhorse of the Navy, the Arleigh Burke-class destroyer, the DDG 51s. #BathBuiltIsBestBuilt @NavyLeagueUS https://t.co/JKJM3pGrim",0,0,coder2
wendys_all_h1_00956,batch1_fortune100,20260618expand/classifier_improvement/data/human_labeling_template/coder_splits/coder2_labeling_template.csv,Delta Air Lines,1845887293657121207,https://x.com/Delta/status/1845887293657121207,Mon Oct 14 18:00:00 +0000 2024,What movies are we watching on board today?,1,1,coder2
wendys_all_h1_00957,batch1_fortune100,20260618expand/classifier_improvement/data/human_labeling_template/coder_splits/coder2_labeling_template.csv,Comcast,1933298251098435808,https://x.com/comcast/status/1933298251098435808,Thu Jun 12 22:59:56 +0000 2025,"Prepare for high-speed thrills when Fast &amp; Furious: Hollywood Drift arrives at Universal Studios Hollywood in 2026. With a groundbreaking 360-degree rotation of the individual ride vehicles as they rocket along an elaborate track, this is a roller coaster like no other. https://t.co/KU40EWyrpa",0,0,coder2
wendys_all_h1_00958,batch1_fortune100,20260618expand/classifier_improvement/data/human_labeling_template/coder_splits/coder2_labeling_template.csv,Amazon,1743271153412497629,https://x.com/amazon/status/1743271153412497629,Fri Jan 05 14:00:06 +0000 2024,"✨ Elevate your New Year glow up with Amazon! 🌟 From organization essentials to mindset must-haves, find everything you need to conquer your goals. 💪 https://t.co/x9nypDfRrq https://t.co/9mP7Ioc2Tf",1,1,coder2
wendys_all_h1_00959,batch1_fortune100,20260618expand/classifier_improvement/data/human_labeling_template/coder_splits/coder2_labeling_template.csv,Publix Super Markets,1975607050898911455,https://x.com/Publix/status/1975607050898911455,Tue Oct 07 17:00:00 +0000 2025,The Turkey Cranberry Holiday Sub is back. https://t.co/0VyxhY4MHk,0,0,coder2
wendys_all_h1_00960,batch1_fortune100,20260618expand/classifier_improvement/data/human_labeling_template/coder_splits/coder2_labeling_template.csv,Travelers,1543595422509404160,https://x.com/travelers/status/1543595422509404160,Sun Jul 03 14:00:01 +0000 2022,Summer nights are the perfect time to roast marshmallows around the fire. 🔥 Help keep your family and guests safe by following these tips: https://t.co/awI7Kvyehi https://t.co/9L0aCrCaa7,1,1,coder2
wendys_all_h1_00961,batch1_fortune100,20260618expand/classifier_improvement/data/human_labeling_template/coder_splits/coder2_labeling_template.csv,Goldman Sachs Group,1969393649617092789,https://x.com/GoldmanSachs/status/1969393649617092789,Sat Sep 20 13:30:10 +0000 2025,"What should investors take away from the Fed’s rate cut and economic projections? Tony Pasquariello, Global Head of Hedge Fund Coverage within Goldman Sachs Global Banking &amp; Markets, discusses on The Markets. https://t.co/w89vJmjXIZ https://t.co/1SvL0qUMlQ",0,0,coder2
wendys_all_h1_00962,batch1_fortune100,20260618expand/classifier_improvement/data/human_labeling_template/coder_splits/coder2_labeling_template.csv,Goldman Sachs Group,1793455267100631243,https://x.com/GoldmanSachs/status/1793455267100631243,Thu May 23 01:33:51 +0000 2024,How can investors take a play on the artificial intelligence boom? Head of US Software Research Kash Rangan breaks down the AI ecosystem on CNBC on Day 2 of our TechNet Conference in Hong Kong.,0,0,coder2
wendys_all_h1_00963,batch1_fortune100,20260618expand/classifier_improvement/data/human_labeling_template/coder_splits/coder2_labeling_template.csv,Walt Disney,1950541394885640235,https://x.com/Disney/status/1950541394885640235,Wed Jul 30 12:58:02 +0000 2025,RT @DisneyAnimation: It's about to get wild! #Zootopia2 is coming to theaters November 26! https://t.co/XgGvBPUzh5,1,1,coder2
wendys_all_h1_00964,batch1_fortune100,20260618expand/classifier_improvement/data/human_labeling_template/coder_splits/coder2_labeling_template.csv,Lockheed Martin,1920093210254114997,https://x.com/lockheedmartin/status/1920093210254114997,Wed May 07 12:27:49 +0000 2025,Are you ready for another challenge? ❗❗ Pause ⏸️ the video to line up the F-35 with your favorite country's colors for a FREE wallpaper. There's 20 for the 20 global members of the F-35 fleet. Share your attempts below! 💬👇 https://t.co/VE6Wpfd6GR,1,1,coder2
wendys_all_h1_00965,batch1_fortune100,20260618expand/classifier_improvement/data/human_labeling_template/coder_splits/coder2_labeling_template.csv,Amazon,1894771180533391795,https://x.com/amazon/status/1894771180533391795,Wed Feb 26 15:27:07 +0000 2025,"They say you get better with age, and they’re not wrong. 🌟 I’m glowing up — meet Alexa+, the new version of yours truly! Still here to make your life easier, but now supercharged by generative AI. #AlexaPlus Follow live updates here and on About @Amazon: https://t.co/dQ0kb4IQRC",1,1,coder2
wendys_all_h1_00966,batch1_fortune100,20260618expand/classifier_improvement/data/human_labeling_template/coder_splits/coder2_labeling_template.csv,Home Depot,789112943271084034,https://x.com/HDCares/status/789112943271084034,Thu Oct 20 14:36:01 +0000 2016,"@JmarcDn Good Morning, will you please send an email to TeamSocial@homedepot.com with a picture of the full post card you received?-TeamCare",0,0,coder2
wendys_all_h1_00967,batch1_fortune100,20260618expand/classifier_improvement/data/human_labeling_template/coder_splits/coder2_labeling_template.csv,Archer Daniels Midland,1480887216096391171,https://x.com/ADMupdates/status/1480887216096391171,Tue Jan 11 13:00:00 +0000 2022,"Today we’re incredibly proud to release the 2022 Rankings of #AmericasMostJUST Companies, in partnership with @CNBC. See which companies entered into the #JUST100, and which #stakeholder issues matter most to Americans today: https://t.co/dqlxgsA6Jj",0,0,coder2
wendys_all_h1_00968,batch1_fortune100,20260618expand/classifier_improvement/data/human_labeling_template/coder_splits/coder2_labeling_template.csv,FedEx,1632490092957687808,https://x.com/fedex/status/1632490092957687808,Sun Mar 05 21:15:43 +0000 2023,"Just like you can rely on @dennyhamlin to be on the track every Sunday, you can rely on us to help get your packages from point A to point B. The #FedEx11 team is looking to stay hot in the desert after last week's 6th place finish! https://t.co/Snikx4rhYB",1,1,coder2
wendys_all_h1_00969,batch1_fortune100,20260618expand/classifier_improvement/data/human_labeling_template/coder_splits/coder2_labeling_template.csv,Home Depot,762029844951625729,https://x.com/HDCares/status/762029844951625729,Sat Aug 06 20:57:27 +0000 2016,@hmschlingmama Awesome picture!! Thank you so much for sharing. Hope to see you at the next Kids Workshop! - TeamCare,1,1,coder2
wendys_all_h1_00970,batch1_fortune100,20260618expand/classifier_improvement/data/human_labeling_template/coder_splits/coder2_labeling_template.csv,Kroger,1064186473812033541,https://x.com/kroger/status/1064186473812033541,Sun Nov 18 16:00:01 +0000 2018,Adding this Harvest Salad to your Thanksgiving menu will keep it even kale! https://t.co/6OTQJ5wyz0 https://t.co/BxeDehQo1p,1,1,coder2
wendys_all_h1_00971,batch1_fortune100,20260618expand/classifier_improvement/data/human_labeling_template/coder_splits/coder2_labeling_template.csv,Procter & Gamble,1582830034288803840,https://x.com/ProcterGamble/status/1582830034288803840,Wed Oct 19 20:24:22 +0000 2022,"RT @AthleteAlly: Now announcing our presenters for this year's #ActionAwards — @WNBA's @S10Bird, @ProcterGamble @Gillette's John Claughton,…",0,0,coder2
wendys_all_h1_00972,batch1_fortune100,20260618expand/classifier_improvement/data/human_labeling_template/coder_splits/coder2_labeling_template.csv,Comcast,1982871870329499898,https://x.com/comcast/status/1982871870329499898,Mon Oct 27 18:07:48 +0000 2025,Thrillifying doesn't even begin to cover it. ✨ Wicked: One Wonderful Night at 8/7c Nov 6 | NBC and streaming next day on Peacock https://t.co/7vb1aM2Uq3,1,1,coder2
wendys_all_h1_00973,batch1_fortune100,20260618expand/classifier_improvement/data/human_labeling_template/coder_splits/coder2_labeling_template.csv,Tyson Foods,1110635570815004674,https://x.com/tysonfoods/status/1110635570815004674,Tue Mar 26 20:12:09 +0000 2019,Family farms are a livelihood raising the next generation of farmers. This legacy lives on with the Butlers and Geurins - these families have owned &amp; operated their farms for multiple generations. #RaisingExpectations #TheFeedBlog https://t.co/0t5XLL5XA6 https://t.co/87AaMMhrwK,0,0,coder2
wendys_all_h1_00974,batch1_fortune100,20260618expand/classifier_improvement/data/human_labeling_template/coder_splits/coder2_labeling_template.csv,Albertsons,1294702342923620352,https://x.com/albertsons/status/1294702342923620352,Sat Aug 15 18:27:47 +0000 2020,"RT @Boise_Open: This morning we recognize frontline worker Debbie Roe, Front End Manager from the @Albertsons Company. When the COVID crisi…",0,0,coder2
wendys_all_h1_00975,batch1_fortune100,20260618expand/classifier_improvement/data/human_labeling_template/coder_splits/coder2_labeling_template.csv,Ingram Micro Holding,1724457216084722122,https://x.com/IngramMicroInc/status/1724457216084722122,Tue Nov 14 16:00:13 +0000 2023,"“Ingram Micro is redefining IT distribution, and ushering in a new level of supply chain excellence"" - congrats to Tony Celeste, Exec Director &amp; GM of Public Sector for #IngramMicro on being named a Top Supply Chain Exec to Watch in 2023 🏆 https://t.co/OuHUmo6LBu",0,0,coder2
wendys_all_h1_00976,batch1_fortune100,20260618expand/classifier_improvement/data/human_labeling_template/coder_splits/coder2_labeling_template.csv,Enterprise Products Partners,1678838669288017920,https://x.com/EProd_Careers/status/1678838669288017920,Tue Jul 11 18:48:24 +0000 2023,"If you are a highly motivated achiever with a passion for success, we invite you to learn more about Enterprise Products. Apply today! https://t.co/F56mTmdzxA",0,0,coder2
wendys_all_h1_00977,batch1_fortune100,20260618expand/classifier_improvement/data/human_labeling_template/coder_splits/coder2_labeling_template.csv,Boeing,1724410503965888782,https://x.com/boeing/status/1724410503965888782,Tue Nov 14 12:54:36 +0000 2023,"Welcome to the Boeing freighter family, @omanair! 🎉 As the airline plans to grow its cargo &amp; logistics business, the delivery of its first 737-800 BCF is a significant milestone for entry into the world of freighter operations. #DubaiAirshow More: https://t.co/LhEZ9aDDYJ https://t.co/NjaoQJlZkM",1,1,coder2
wendys_all_h1_00978,batch1_fortune100,20260618expand/classifier_improvement/data/human_labeling_template/coder_splits/coder2_labeling_template.csv,Walt Disney,1907802773820784825,https://x.com/Disney/status/1907802773820784825,Thu Apr 03 14:30:01 +0000 2025,"The band is back together and coming to a screen near! New Season premieres June 5 on @DisneyChannel, and next day on @DisneyPlus! https://t.co/W5ov5ITtcc",1,1,coder2
wendys_all_h1_00979,batch1_fortune100,20260618expand/classifier_improvement/data/human_labeling_template/coder_splits/coder2_labeling_template.csv,MetLife,1547913889370628096,https://x.com/metlife/status/1547913889370628096,Fri Jul 15 12:00:04 +0000 2022,Around 2 million new college grads are expected to enter the workforce this year. Our EVP &amp; Head of Technology and Operations Bill Pappas writes about 4 ways employers can attract and retain the tech talent of tomorrow. https://t.co/c3SUaLYvo7 #AllTogether Possible https://t.co/KdzT0NDd5a,0,0,coder2
wendys_all_h1_00980,batch1_fortune100,20260618expand/classifier_improvement/data/human_labeling_template/coder_splits/coder2_labeling_template.csv,Cardinal Health,1805560319198064651,https://x.com/cardinalhealth/status/1805560319198064651,Tue Jun 25 11:15:00 +0000 2024,"The #biosimilars market continues to grow and most patients appreciate the value of biosimilars to the healthcare system and patients. Fran Gregory, Vice President of Emerging Therapies at Cardinal Health, recently shared insights with @PharmaCommerce. https://t.co/tHB5eY8mCQ",0,0,coder2
wendys_all_h1_00981,batch1_fortune100,20260618expand/classifier_improvement/data/human_labeling_template/coder_splits/coder2_labeling_template.csv,Walt Disney,1962240290040713403,https://x.com/Disney/status/1962240290040713403,Sun Aug 31 19:45:16 +0000 2025,New Episode of “We Call It Imagineering” on Sept. 8 ✨ https://t.co/lkfSbqADQa,0,0,coder2
wendys_all_h1_00982,batch1_fortune100,20260618expand/classifier_improvement/data/human_labeling_template/coder_splits/coder2_labeling_template.csv,AT&T,2054270864632508885,https://x.com/ATT/status/2054270864632508885,Tue May 12 18:41:55 +0000 2026,"Caster's Couch Reunion for the 6th @ATT Annihilator Cup League of Legends event this Thursday! I've joined up for this event before, but never on the desk with both Ovilee AND Raz. Nothing could possibly go wrong. #attpartner https://t.co/wrplA3HwMZ",1,1,coder2
wendys_all_h1_00983,batch1_fortune100,20260618expand/classifier_improvement/data/human_labeling_template/coder_splits/coder2_labeling_template.csv,Alphabet,2056766836797047242,https://x.com/google/status/2056766836797047242,Tue May 19 16:00:01 +0000 2026,"Just 1 hour until #GoogleIO 2026! 🎉 Join us live at 10 a.m. PT. to hear from Google leaders like @SundarPichai, @DemisHassabis, Liz Reid and @JoshWoodward live from Shoreline. Tune in ↓ https://t.co/ZN8RPz3bw8 https://t.co/ggLeZ6s84D",0,0,coder2
wendys_all_h1_00984,batch1_fortune100,20260618expand/classifier_improvement/data/human_labeling_template/coder_splits/coder2_labeling_template.csv,McKesson,1504835598053425155,https://x.com/mckesson/status/1504835598053425155,Fri Mar 18 15:02:19 +0000 2022,"As an extensive group of high-performing health system retail pharmacies, Health Mart Atlas PSAO helps you cut through the complexities to help identify reimbursement opportunities. View the video to learn more about Health Mart Atlas. https://t.co/ufnNVexxiL",0,0,coder2
wendys_all_h1_00985,batch1_fortune100,20260618expand/classifier_improvement/data/human_labeling_template/coder_splits/coder2_labeling_template.csv,IBM,2062525589051920694,https://x.com/ibm/status/2062525589051920694,Thu Jun 04 13:23:14 +0000 2026,.@ufc fans: what’s the MOST important skill for winning a fight? 👀,1,1,coder2
wendys_all_h1_00986,batch1_fortune100,20260618expand/classifier_improvement/data/human_labeling_template/coder_splits/coder2_labeling_template.csv,Sysco,1913231140053565502,https://x.com/sysco/status/1913231140053565502,Fri Apr 18 14:00:24 +0000 2025,"Today—and every day—Sysco appreciates YOU! To our chefs, restaurant owners, operators, and culinary innovators: thank you for your passion, creativity, and partnership. Your dedication inspires everything we do. https://t.co/QBepcz9g8l",1,1,coder2
wendys_all_h1_00987,batch1_fortune100,20260618expand/classifier_improvement/data/human_labeling_template/coder_splits/coder2_labeling_template.csv,Caterpillar,1527070705476636673,https://x.com/CaterpillarInc/status/1527070705476636673,Wed May 18 23:36:42 +0000 2022,"Caterpillar relies on its Proving Grounds to test out the latest and greatest technology, and one of them is located in central Illinois. https://t.co/63vTRiC3Vx",0,0,coder2
wendys_all_h1_00988,batch1_fortune100,20260618expand/classifier_improvement/data/human_labeling_template/coder_splits/coder2_labeling_template.csv,Liberty Mutual Insurance Group,1037409935477407744,https://x.com/LibertyMutual/status/1037409935477407744,Wed Sep 05 18:39:37 +0000 2018,RT @ChipWade: Certain items like mirrors and paintings cost extra because the moving company uses specific materials to ensure they stay in…,0,0,coder2
wendys_all_h1_00989,batch1_fortune100,20260618expand/classifier_improvement/data/human_labeling_template/coder_splits/coder2_labeling_template.csv,General Dynamics,1577327692986208257,https://x.com/generaldynamics/status/1577327692986208257,Tue Oct 04 16:00:01 +0000 2022,Come aboard the NOAA Hurricane Hunter aircraft and experience their mission to the center of the storm. The courageous pilots and crew collect critical data to improve the accuracy of hurricane forecasts that can help save lives. https://t.co/eiFAcedbiC https://t.co/Kma6A6Rkq5,0,0,coder2
wendys_all_h1_00990,batch1_fortune100,20260618expand/classifier_improvement/data/human_labeling_template/coder_splits/coder2_labeling_template.csv,AT&T,1902392833278943712,https://x.com/ATT/status/1902392833278943712,Wed Mar 19 16:12:50 +0000 2025,The #NBADraft is calling your name. 🏀📲 Share your #NBADreams at https://t.co/i22dMP3SKN for a chance to join us in Brooklyn this summer! https://t.co/Txw9ZPNCiH,1,1,coder2
wendys_all_h1_00991,batch1_fortune100,20260618expand/classifier_improvement/data/human_labeling_template/coder_splits/coder2_labeling_template.csv,TD Synnex,1768304854785556759,https://x.com/tdsynnex/status/1768304854785556759,Thu Mar 14 15:55:05 +0000 2024,"Ed Morales rocked the keynote stage at the @Channel_Expo in Las Vegas 🎰🎲🃏 this week while our SMB Connect team met with partners and prospects in the Expo Hall. Amazing work on stage, Ed and well done in the Expo Hall, team! #CPExpo https://t.co/EnubWKFz6U",1,1,coder2
wendys_all_h1_00992,batch1_fortune100,20260618expand/classifier_improvement/data/human_labeling_template/coder_splits/coder3_labeling_template.csv,Caterpillar,1425155176646815747,https://x.com/CaterpillarInc/status/1425155176646815747,Tue Aug 10 18:00:46 +0000 2021,Our new Cat Pulverizer line includes three rotatable primary models and three fixed secondary models. They're designed to fit 18- to 50-tonne machines and are built around the same industry-leading SpeedBooster technology found in Cat Multi-Processors. https://t.co/ylnyCHCU8C,0,0,coder3
wendys_all_h1_00993,batch1_fortune100,20260618expand/classifier_improvement/data/human_labeling_template/coder_splits/coder3_labeling_template.csv,Cencora,1779918037900034338,https://x.com/CencoraGlobal/status/1779918037900034338,Mon Apr 15 17:01:44 +0000 2024,"Artificial intelligence is a promising technology to reduce time and workload burden. At the same time, questions about accuracy and transparency arise when considering AI. Our experts assessed seven different AI platforms. Read their findings: https://t.co/I52KwravvU https://t.co/drz38yamJ1",0,0,coder3
wendys_all_h1_00994,batch1_fortune100,20260618expand/classifier_improvement/data/human_labeling_template/coder_splits/coder3_labeling_template.csv,Home Depot,845343964463087618,https://x.com/HDCares/status/845343964463087618,Fri Mar 24 18:38:01 +0000 2017,@NancyJB88 What's your question? -TeamCare,0,0,coder3
wendys_all_h1_00995,batch1_fortune100,20260618expand/classifier_improvement/data/human_labeling_template/coder_splits/coder3_labeling_template.csv,Exxon Mobil,1514649777874558979,https://x.com/exxonmobil/status/1514649777874558979,Thu Apr 14 17:00:22 +0000 2022,"Electric vehicles may not need gas, but they still need effective lubricants. Chemist Abby Van Wassen develops lubricants and coolants to help keep electric vehicles humming along. Let's hear what she has to say about her cutting-edge work. https://t.co/QknOWnX97J https://t.co/Eys6OhYFUa",1,1,coder3
wendys_all_h1_00996,batch1_fortune100,20260618expand/classifier_improvement/data/human_labeling_template/coder_splits/coder3_labeling_template.csv,Walmart,1691951776943993066,https://x.com/walmart/status/1691951776943993066,Wed Aug 16 23:15:13 +0000 2023,Tap the shop tab to shop the items you love. #backtocollege,0,0,coder3
wendys_all_h1_00997,batch1_fortune100,20260618expand/classifier_improvement/data/human_labeling_template/coder_splits/coder3_labeling_template.csv,ConocoPhillips,1857367210811146367,https://x.com/conocophillips/status/1857367210811146367,Fri Nov 15 10:17:05 +0000 2024,"During breast cancer awareness month, #ConocoPhillipsMalaysia jointly sponsored the PETRONITA Orchid Run &amp; Ride 2024, held a lunch and learn about proactive healthcare and participated in a Pink Walk at Taman Tugu. Our thanks to all who participated! https://t.co/VGed1XWdRu",0,0,coder3
wendys_all_h1_00998,batch1_fortune100,20260618expand/classifier_improvement/data/human_labeling_template/coder_splits/coder3_labeling_template.csv,CVS Health,1445390210263658503,https://x.com/cvshealth/status/1445390210263658503,Tue Oct 05 14:07:34 +0000 2021,"Congratulations to David Chavez, Senior Vice President &amp; Chief Audit Executive, CVS Health for being named @HispanicExecMag’s Top 10 Líderes of 2021.",0,0,coder3
wendys_all_h1_00999,batch1_fortune100,20260618expand/classifier_improvement/data/human_labeling_template/coder_splits/coder3_labeling_template.csv,Boeing,1702302575796560079,https://x.com/boeing/status/1702302575796560079,Thu Sep 14 12:45:35 +0000 2023,"Our heartfelt condolences go out to those affected by the earthquake in Morocco. To aid in relief efforts, we're donating $300,000 to the @RedCross and @CAREGlobal. We'll also match employee contributions dollar-for-dollar. More: https://t.co/QlV9MDmTNw https://t.co/pF2KUyZUa2",0,0,coder3
wendys_all_h1_01000,batch1_fortune100,20260618expand/classifier_improvement/data/human_labeling_template/coder_splits/coder3_labeling_template.csv,Liberty Mutual Insurance Group,1313170093950590982,https://x.com/LibertyMutual/status/1313170093950590982,Mon Oct 05 17:32:02 +0000 2020,A good way to participate is to teach your children what smoke alarms sound like and what to do when they hear one. #FirePreventionWeek https://t.co/oLSBhpcovQ,0,0,coder3
wendys_all_h1_01001,batch1_fortune100,20260618expand/classifier_improvement/data/human_labeling_template/coder_splits/coder3_labeling_template.csv,Ingram Micro Holding,1948469325343429038,https://x.com/IngramMicroInc/status/1948469325343429038,Thu Jul 24 19:44:22 +0000 2025,"We just cut the ribbon on 46 years in business and 10 years at our Irvine HQ! Big thanks to the Greater Irvine Chamber, our amazing associates, local elected officials, our Trust X partners, and community and philanthropic friends who helped us celebrate! #IngramMicro https://t.co/Qq5JofbXUV",1,1,coder3
wendys_all_h1_01002,batch1_fortune100,20260618expand/classifier_improvement/data/human_labeling_template/coder_splits/coder3_labeling_template.csv,Elevance Health,1406658188506714117,https://x.com/elevancehealth/status/1406658188506714117,Sun Jun 20 17:00:21 +0000 2021,"Don't forget! City of Hope will participate in tomorrow's #TakingActionNHMA Twitter chat, hosted by @NHMAmd. Join the conversation at 10 a.m. PDT. https://t.co/vbnHmsoiVI",0,0,coder3
wendys_all_h1_01003,batch1_fortune100,20260618expand/classifier_improvement/data/human_labeling_template/coder_splits/coder3_labeling_template.csv,Amazon,1697587623382905279,https://x.com/amazon/status/1697587623382905279,Fri Sep 01 12:30:03 +0000 2023,September is Global Month of Volunteering at Amazon! Tens of thousands of Amazon employees will come together to volunteer for causes they’re passionate about to positively impact communities where we live and work. Learn more here: https://t.co/zdtFHth2ds https://t.co/tqDx93R6YB,0,0,coder3
wendys_all_h1_01004,batch1_fortune100,20260618expand/classifier_improvement/data/human_labeling_template/coder_splits/coder3_labeling_template.csv,Humana,1712196378321908176,https://x.com/humana/status/1712196378321908176,Wed Oct 11 20:00:02 +0000 2023,"Learn more about what they’re doing to drive impact on our communities, company and culture at Humana → https://t.co/NRG0iw5gF1 https://t.co/8hc9atfaPn",0,0,coder3
wendys_all_h1_01005,batch1_fortune100,20260618expand/classifier_improvement/data/human_labeling_template/coder_splits/coder3_labeling_template.csv,Morgan Stanley,2059390112425722107,https://x.com/morganstanley/status/2059390112425722107,Tue May 26 21:43:59 +0000 2026,"Our Chief Asia Economist Chetan Ahya looks at why spending not only on AI, but also on energy and defense, could drive Asia's strongest industrial cycle in decades. Tune into the latest Thoughts on the Market. https://t.co/7GHJt4iGvC https://t.co/6D3fM7TEgn",0,0,coder3
wendys_all_h1_01006,batch1_fortune100,20260618expand/classifier_improvement/data/human_labeling_template/coder_splits/coder3_labeling_template.csv,Fannie Mae,1930708728703050122,https://x.com/fanniemae/status/1930708728703050122,Thu Jun 05 19:30:06 +0000 2025,"Almost 1 million* homebuyers have registered for HomeView®, our free homeownership education course. Learn how HomeView helps your clients get a clearer view to homebuying: https://t.co/BwtBIzOqVH https://t.co/BJwnigtRfI",0,0,coder3
wendys_all_h1_01007,batch1_fortune100,20260618expand/classifier_improvement/data/human_labeling_template/coder_splits/coder3_labeling_template.csv,Allstate,1336414152185815046,https://x.com/allstate/status/1336414152185815046,Tue Dec 08 20:55:37 +0000 2020,Middle schoolers during Christmas.. Join me in the #GoodHandsChallenge where every video submission = a $10 donation to college scholarship funds via @Allstate. BONUS: Kirk Herbstreit might commentate on your video. You're up next @annieagar #ad https://t.co/XzsHemVMgv,0,0,coder3
wendys_all_h1_01008,batch1_fortune100,20260618expand/classifier_improvement/data/human_labeling_template/coder_splits/coder3_labeling_template.csv,Enterprise Products Partners,1683501294936547329,https://x.com/EProd_Careers/status/1683501294936547329,Mon Jul 24 15:36:01 +0000 2023,"Enterprise Products is the name to know in energy…and we want to know more about what would make you a great Specialist, Lead Systems. Apply today! https://t.co/G3efLVwvgo",0,0,coder3
wendys_all_h1_01009,batch1_fortune100,20260618expand/classifier_improvement/data/human_labeling_template/coder_splits/coder3_labeling_template.csv,Capital One Financial,1880965198028140960,https://x.com/CapitalOne/status/1880965198028140960,Sun Jan 19 13:07:04 +0000 2025,Account functionality for all customers is now restored. We sincerely apologize for how frustrating this experience has been. We are committed to making it right. We encourage customers to check their accounts online and contact us for any support. https://t.co/n9yxsUliWO,0,0,coder3
wendys_all_h1_01010,batch1_fortune100,20260618expand/classifier_improvement/data/human_labeling_template/coder_splits/coder3_labeling_template.csv,Capital One Financial,1564254041340772352,https://x.com/CapitalOne/status/1564254041340772352,Mon Aug 29 14:10:00 +0000 2022,"The key to a once-in-a-lifetime experience might be already in your wallet. Cardholders, don’t miss the incredible opportunity to enjoy dinner prepared by Chef @dominiquecrenn at the Hirshhorn Museum on 9/29, in partnership @TheCultivist.",0,0,coder3
wendys_all_h1_01011,batch1_fortune100,20260618expand/classifier_improvement/data/human_labeling_template/coder_splits/coder3_labeling_template.csv,Home Depot,840659878767140864,https://x.com/HDCares/status/840659878767140864,Sat Mar 11 20:25:08 +0000 2017,@katiearvidson Deepest apologies! Please send your order number/contact info/tweet to TeamSocial@homedepot.com for help.,0,0,coder3
wendys_all_h1_01012,batch1_fortune100,20260618expand/classifier_improvement/data/human_labeling_template/coder_splits/coder3_labeling_template.csv,Microsoft,2001347752199098686,https://x.com/microsoft/status/2001347752199098686,Wed Dec 17 17:44:22 +0000 2025,"RT @Copilot: Warning: May cause smiling, humming carols, and a sudden urge to enjoy the moment. Mico is officially in Eggnog Mode. Downloa…",1,1,coder3
wendys_all_h1_01013,batch1_fortune100,20260618expand/classifier_improvement/data/human_labeling_template/coder_splits/coder3_labeling_template.csv,Oracle,2013646451440603588,https://x.com/oracle/status/2013646451440603588,Tue Jan 20 16:15:00 +0000 2026,Discover how to drive real value for your organization with the latest AI innovations—join us in a city near you for #AIWorld Tour! https://t.co/SwuyUqpqPH https://t.co/EMgpmXB01i,0,0,coder3
wendys_all_h1_01014,batch1_fortune100,20260618expand/classifier_improvement/data/human_labeling_template/coder_splits/coder3_labeling_template.csv,Humana,1700464065305342442,https://x.com/humana/status/1700464065305342442,Sat Sep 09 11:00:00 +0000 2023,"Learn more about periodontal disease in older adults, as well as dental coverage options between Original Medicare and Humana's Medicare Advantage → https://t.co/FQ0RzecYhA.",0,0,coder3
wendys_all_h1_01015,batch1_fortune100,20260618expand/classifier_improvement/data/human_labeling_template/coder_splits/coder3_labeling_template.csv,Ingram Micro Holding,1974126099979292989,https://x.com/IngramMicroInc/status/1974126099979292989,Fri Oct 03 14:55:14 +0000 2025,"Honored to be named Logitech's Global Distributor of the Year for 2025. Thank you, @Logitech, for the recognition. Here’s to continued success and innovation together! #IngramMicro https://t.co/vEZwCNA9zY",0,0,coder3
wendys_all_h1_01016,batch1_fortune100,20260618expand/classifier_improvement/data/human_labeling_template/coder_splits/coder3_labeling_template.csv,American Airlines Group,1843407170601210203,https://x.com/AmericanAir/status/1843407170601210203,Mon Oct 07 21:44:52 +0000 2024,We are monitoring the path of #HurricaneMilton and have issued a travel alert allowing customers whose travel plans are affected to rebook without change fees. Visit https://t.co/zKpdygHskR for more information on your flexible travel options. https://t.co/9IEVWNMpBs,0,0,coder3
wendys_all_h1_01017,batch1_fortune100,20260618expand/classifier_improvement/data/human_labeling_template/coder_splits/coder3_labeling_template.csv,Ford Motor,1549064745675800576,https://x.com/Ford/status/1549064745675800576,Mon Jul 18 16:13:10 +0000 2022,Built to go scary fast in a scary place. Ford Raptor R. We recommend turning on all the lights in your house before watching this. See more at https://t.co/liD4bbfhBL. #Ford #ScaryFast #RaptorR https://t.co/hqLQ5M5Rta,1,1,coder3
wendys_all_h1_01018,batch1_fortune100,20260618expand/classifier_improvement/data/human_labeling_template/coder_splits/coder3_labeling_template.csv,Tyson Foods,1490690919653421059,https://x.com/tysonfoods/status/1490690919653421059,Mon Feb 07 14:16:25 +0000 2022,"""We're pleased with the results of the first quarter and of the steps that we are taking to improve productivity."" — Donnie King, President and CEO of Tyson Foods. Learn more about our first quarter results here: https://t.co/QdtbPND3OO https://t.co/xTcmHWYCa8",0,0,coder3
wendys_all_h1_01019,batch1_fortune100,20260618expand/classifier_improvement/data/human_labeling_template/coder_splits/coder3_labeling_template.csv,AT&T,1860831551602237847,https://x.com/ATT/status/1860831551602237847,Sun Nov 24 23:43:09 +0000 2024,Congrats to #ATTAthlete Maverick McNealy on an incredible performance at @TheRSMClassic to claim his first career PGA TOUR win! ⛳️🏆🙌 https://t.co/BeGdV2wCQV,0,0,coder3
wendys_all_h1_01020,batch1_fortune100,20260618expand/classifier_improvement/data/human_labeling_template/coder_splits/coder3_labeling_template.csv,Kroger,1318612885069856770,https://x.com/kroger/status/1318612885069856770,Tue Oct 20 17:59:45 +0000 2020,.@TheKalenAllen is giving us early Thanksgiving vibes with his ingredients. See what he cooked with @KrogerChefbot’s help 👏,1,1,coder3
wendys_all_h1_01021,batch1_fortune100,20260618expand/classifier_improvement/data/human_labeling_template/coder_splits/coder3_labeling_template.csv,Fannie Mae,1978158865427370061,https://x.com/fanniemae/status/1978158865427370061,Tue Oct 14 18:00:00 +0000 2025,Less manual loan processing leads to a greater impact on housing across America. That’s why digital technology that makes lending more efficient is always front of mind for us. https://t.co/8FE8jQdsz6 https://t.co/jydXafSakr,0,0,coder3
wendys_all_h1_01022,batch1_fortune100,20260618expand/classifier_improvement/data/human_labeling_template/coder_splits/coder3_labeling_template.csv,Home Depot,826070466020462596,https://x.com/HDCares/status/826070466020462596,Mon Jan 30 14:12:01 +0000 2017,@katbiello Thx for the positive feedback! Pls send details to TeamSocial@homedepot.com and we'll share w/ the Store Manager. -TeamCare,0,0,coder3
wendys_all_h1_01023,batch1_fortune100,20260618expand/classifier_improvement/data/human_labeling_template/coder_splits/coder3_labeling_template.csv,General Dynamics,1560286858462085125,https://x.com/generaldynamics/status/1560286858462085125,Thu Aug 18 15:25:50 +0000 2022,RT @GDMS: #GDMissionSystems has ranked a TOP 100 Internship Program in the U.S. w/@wayup! 🏆 A big THANK YOU to all our interns for all th…,0,0,coder3
wendys_all_h1_01024,batch1_fortune100,20260618expand/classifier_improvement/data/human_labeling_template/coder_splits/coder3_labeling_template.csv,Cisco Systems,1972717914248892603,https://x.com/Cisco/status/1972717914248892603,Mon Sep 29 17:39:36 +0000 2025,"RT @duosec: 82% of financial decision-makers are already increasing identity security budgets, yet too many organizations still treat it as…",0,0,coder3
wendys_all_h1_01025,batch1_fortune100,20260618expand/classifier_improvement/data/human_labeling_template/coder_splits/coder3_labeling_template.csv,Elevance Health,1392160786752098339,https://x.com/elevancehealth/status/1392160786752098339,Tue May 11 16:52:51 +0000 2021,Anthem seeks to address issues raised by its #SNMH report which showed that older American did not seek help as much as would be expected during the pandemic: https://t.co/gypPI3RphV,0,0,coder3
wendys_all_h1_01026,batch1_fortune100,20260618expand/classifier_improvement/data/human_labeling_template/coder_splits/coder3_labeling_template.csv,Walt Disney,1903099775211254234,https://x.com/Disney/status/1903099775211254234,Fri Mar 21 15:01:58 +0000 2025,The most talked about movie of the year arrives 🗣️ Disney’s #SnowWhite is now playing in theaters. Get tickets: https://t.co/rh2nMCjQM6 https://t.co/QRFtmKrtE3,1,1,coder3
wendys_all_h1_01027,batch1_fortune100,20260618expand/classifier_improvement/data/human_labeling_template/coder_splits/coder3_labeling_template.csv,Cencora,1612525010509340673,https://x.com/CencoraGlobal/status/1612525010509340673,Mon Jan 09 19:01:36 +0000 2023,Our Andrea Zobel recently penned a piece with @pharmaphorum about the significant milestone of the cell and gene therapy (CGT) industry. Her piece discussed what the approval of Ebvallo means for the industry. Read the article: https://t.co/tJZApHkjmv,0,0,coder3
wendys_all_h1_01028,batch1_fortune100,20260618expand/classifier_improvement/data/human_labeling_template/coder_splits/coder3_labeling_template.csv,HP,1582729545366601728,https://x.com/hp/status/1582729545366601728,Wed Oct 19 13:45:03 +0000 2022,"How are researchers training computers to ""see""? 👁️👁️ Machine learning is helping to replicate how our brains identify and interpret images, but with the speed of a machine and on a massive scale https://t.co/pEA5jAtwx0 https://t.co/ohlvCKNBTn",0,0,coder3
wendys_all_h1_01029,batch1_fortune100,20260618expand/classifier_improvement/data/human_labeling_template/coder_splits/coder3_labeling_template.csv,Walmart,1818306602027413681,https://x.com/walmart/status/1818306602027413681,Tue Jul 30 15:24:11 +0000 2024,Who knew talking about talking could be so exhausting? Say less. #BackToCollege #CollegeLife #BackToSchoolShopping Shoutout to @SCADpro for this cart collab! 🛒 https://t.co/0A4lYre3Qu,1,1,coder3
wendys_all_h1_01030,batch1_fortune100,20260618expand/classifier_improvement/data/human_labeling_template/coder_splits/coder3_labeling_template.csv,PepsiCo,1362914134170476547,https://x.com/pepsico/status/1362914134170476547,Fri Feb 19 23:57:05 +0000 2021,"Our thoughts are with all those impacted by the #TexasFreeze. The #PepsiCoFoundation is working quickly with partners on the ground to provide relief, and we will continue to be there on the road to recovery: https://t.co/WIhlF8jT2g https://t.co/TfOxhSucJ4",0,0,coder3
wendys_all_h1_01031,batch1_fortune100,20260618expand/classifier_improvement/data/human_labeling_template/coder_splits/coder3_labeling_template.csv,TD Synnex,1592937946495479808,https://x.com/tdsynnex/status/1592937946495479808,Wed Nov 16 17:49:36 +0000 2022,#CommunitySolv for TD SYNNEX #NorthAmerica was an unforgettable experience. It's all about the #PowerofPartnership #WeAreTDSYNNEX https://t.co/3Geoia0AcR,1,1,coder3
wendys_all_h1_01032,batch1_fortune100,20260618expand/classifier_improvement/data/human_labeling_template/coder_splits/coder3_labeling_template.csv,Lowe's,1886387076876087807,https://x.com/lowes/status/1886387076876087807,Mon Feb 03 12:11:41 +0000 2025,"Next Stop: 📍New Orleans The Lowe's Home Team is headed to Super Bowl LIX Congrats, Travis! https://t.co/sSpF29fvkk",1,1,coder3
wendys_all_h1_01033,batch1_fortune100,20260618expand/classifier_improvement/data/human_labeling_template/coder_splits/coder3_labeling_template.csv,United Airlines Holdings,1782818909734813760,https://x.com/united/status/1782818909734813760,Tue Apr 23 17:08:45 +0000 2024,"That friend who decided now she's ""boho desert."" Not pictured: the big hat https://t.co/tGH3nmcpUm",1,1,coder3
wendys_all_h1_01034,batch1_fortune100,20260618expand/classifier_improvement/data/human_labeling_template/coder_splits/coder3_labeling_template.csv,New York Life Insurance,1545120127418601478,https://x.com/NewYorkLife/status/1545120127418601478,Thu Jul 07 18:58:39 +0000 2022,"Before you splurge on that cruise or all-inclusive vacation this summer, learn how you can avoid debt later on while still having fun in the sun.",0,0,coder3
wendys_all_h1_01035,batch1_fortune100,20260618expand/classifier_improvement/data/human_labeling_template/coder_splits/coder3_labeling_template.csv,USAA,1888357473993781419,https://x.com/usaa/status/1888357473993781419,Sat Feb 08 22:41:20 +0000 2025,A hug AND #SuperBowlLIX tickets from @JJettas2?! Army National Guard veteran SSG Kim Hubers was recently gifted tickets to Super Bowl LIX thanks to the star @NFL wide receiver and @DAVHQ. They met for the first time at the USAA #SaluteToService Lounge at Super Bowl Experience ahead of the game.,1,1,coder3
wendys_all_h1_01036,batch1_fortune100,20260618expand/classifier_improvement/data/human_labeling_template/coder_splits/coder3_labeling_template.csv,Amazon,1721565726459215914,https://x.com/amazon/status/1721565726459215914,Mon Nov 06 16:30:28 +0000 2023,"A good deal???? 💵 💵 Say less. Here's the lowdown on everything Amazon Access, plus Prime Access, our Prime membership for qualifying government assistance recipients that’s 50% of the cost of a regular membership. ⬇️ https://t.co/NxPHaoyjfS",0,0,coder3
wendys_all_h1_01037,batch1_fortune100,20260618expand/classifier_improvement/data/human_labeling_template/coder_splits/coder3_labeling_template.csv,Johnson & Johnson,1448292677460582401,https://x.com/JNJNews/status/1448292677460582401,Wed Oct 13 14:20:56 +0000 2021,RT @JNJVision: Good eye health is part of good overall health. Remind your community that it’s important to #PrioritizeYourEyes with an ann…,0,0,coder3
wendys_all_h1_01038,batch1_fortune100,20260618expand/classifier_improvement/data/human_labeling_template/coder_splits/coder3_labeling_template.csv,Comcast,1991869400329355589,https://x.com/comcast/status/1991869400329355589,Fri Nov 21 14:00:46 +0000 2025,RT @TeamUSA: Celebrating commitment to community! Meet the Olympic and Paralympic athletes making a difference as Team USA Community Cham…,0,0,coder3
wendys_all_h1_01039,batch1_fortune100,20260618expand/classifier_improvement/data/human_labeling_template/coder_splits/coder3_labeling_template.csv,Johnson & Johnson,1767558723906449717,https://x.com/JNJNews/status/1767558723906449717,Tue Mar 12 14:30:14 +0000 2024,More efficient surgery. Potential for quicker recovery. Explore how we’ve streamlined reverse shoulder replacement surgery with a new system designed to offer surgeons flexibility in the operating room and improve patient outcomes: https://t.co/inGWTCppDW https://t.co/uG8SavxT6W,0,0,coder3
wendys_all_h1_01040,batch1_fortune100,20260618expand/classifier_improvement/data/human_labeling_template/coder_splits/coder3_labeling_template.csv,Nvidia,1989417170686595323,https://x.com/nvidia/status/1989417170686595323,Fri Nov 14 19:36:29 +0000 2025,"Starting from a background in computer engineering, Alex Starnes created his dream career as a product and user experience designer. Learn how his bold moves in life and design have paid off at NVIDIA. #NVIDIAlife Learn more: https://t.co/kzcyZOrzKB https://t.co/O1J773ARMR",0,0,coder3
wendys_all_h1_01041,batch1_fortune100,20260618expand/classifier_improvement/data/human_labeling_template/coder_splits/coder3_labeling_template.csv,American Express,1550436821842247680,https://x.com/americanexpress/status/1550436821842247680,Fri Jul 22 11:05:18 +0000 2022,"“We had an outstanding second quarter, with record levels of revenue and Card Member spending, reflecting the strength of our global customer base and continued momentum across our business,” said Stephen J. Squeri, Chairman and Chief Executive Officer. https://t.co/2gw8BhKnn6 https://t.co/NCuqlPIQQc",0,0,coder3
wendys_all_h1_01042,batch1_fortune100,20260618expand/classifier_improvement/data/human_labeling_template/coder_splits/coder3_labeling_template.csv,Sysco,1565033689750589440,https://x.com/sysco/status/1565033689750589440,Wed Aug 31 17:48:03 +0000 2022,"Meet Eastern Wisconsin’s Inbound receiver Guy, who's been with Sysco for 12 years where he started as an Outbound Selector &amp; found his home as an Inbound receiver. In Guy’s free time he plays in a Metal Rock Band, so if you love to rock, call on Guy! https://t.co/sUXEHcShpn",1,1,coder3
wendys_all_h1_01043,batch1_fortune100,20260618expand/classifier_improvement/data/human_labeling_template/coder_splits/coder3_labeling_template.csv,Ford Motor,1801294725372080142,https://x.com/Ford/status/1801294725372080142,Thu Jun 13 16:45:03 +0000 2024,RT @jimfarley98: Thanks for sharing your road trip ideas. I loved seeing routes where people are using #BlueCruise. The BC team put togethe…,0,0,coder3
wendys_all_h1_01044,batch1_fortune100,20260618expand/classifier_improvement/data/human_labeling_template/coder_splits/coder3_labeling_template.csv,IBM,1972367636307857744,https://x.com/ibm/status/1972367636307857744,Sun Sep 28 18:27:43 +0000 2025,My fantasy WR just threw an interception bro you can’t make this up,1,1,coder3
wendys_all_h1_01045,batch1_fortune100,20260618expand/classifier_improvement/data/human_labeling_template/coder_splits/coder3_labeling_template.csv,Allstate,1701690883836354824,https://x.com/allstate/status/1701690883836354824,Tue Sep 12 20:14:57 +0000 2023,Introducing your 2023 Allstate @WeAreAFCA college football #GoodWorksTeam! 👏🏈 Get to know the players and learn about their community outreach: https://t.co/IhCWYDCGxO https://t.co/XNiILPkiOb,0,0,coder3
wendys_all_h1_01046,batch1_fortune100,20260618expand/classifier_improvement/data/human_labeling_template/coder_splits/coder3_labeling_template.csv,Goldman Sachs Group,1947411992555200738,https://x.com/GoldmanSachs/status/1947411992555200738,Mon Jul 21 21:42:54 +0000 2025,"In their new report, “Global M&amp;A: A Bold Path for Strategic Growth,” Goldman Sachs Investment Banking highlights record deals year-to-date, signaling an M&amp;A Market primed for innovation and growth. https://t.co/wfaIm2OV3x",0,0,coder3
wendys_all_h1_01047,batch1_fortune100,20260618expand/classifier_improvement/data/human_labeling_template/coder_splits/coder3_labeling_template.csv,HCA Healthcare,1812963118848356410,https://x.com/hcahealthcare/status/1812963118848356410,Mon Jul 15 21:31:05 +0000 2024,🧡 The HCA Healthcare Show Love Project coffee truck recently stopped in Colorado to share gratitude and appreciation to the dedicated colleagues at @HealthONEsystem. Learn more about the initiative that is spreading love from state to state. https://t.co/AKyr8XIYum. https://t.co/IPIofVGZjE,0,0,coder3
wendys_all_h1_01048,batch1_fortune100,20260618expand/classifier_improvement/data/human_labeling_template/coder_splits/coder3_labeling_template.csv,Comcast,1977808113119207909,https://x.com/comcast/status/1977808113119207909,Mon Oct 13 18:46:14 +0000 2025,Paul Tazewell and Ariana Grande journey into the dazzling details of Glinda’s #WickedForGood looks https://t.co/v6KN3XYUzz,0,0,coder3
wendys_all_h1_01049,batch1_fortune100,20260618expand/classifier_improvement/data/human_labeling_template/coder_splits/coder3_labeling_template.csv,Progressive,1888742626859360443,https://x.com/progressive/status/1888742626859360443,Mon Feb 10 00:11:48 +0000 2025,"I had legal help me with this one: Who are you rooting for, the Red Helmets or the Green Birds? 🏈",1,1,coder3
wendys_all_h1_01050,batch1_fortune100,20260618expand/classifier_improvement/data/human_labeling_template/coder_splits/coder3_labeling_template.csv,Comcast,2034017710128955509,https://x.com/comcast/status/2034017710128955509,Tue Mar 17 21:23:06 +0000 2026,"RT @DecartAI: Decart, @nvidia, and @comcast are collaborating to explore how Realtime AI can be delivered closer to users. By running SOTA…",0,0,coder3
wendys_all_h1_01051,batch1_fortune100,20260618expand/classifier_improvement/data/human_labeling_template/coder_splits/coder3_labeling_template.csv,MetLife,1565066227017449473,https://x.com/metlife/status/1565066227017449473,Wed Aug 31 19:57:20 +0000 2022,RT @CLTInno: It’s important for employers to understand how young tech employees who are already in the workforce are setting the pace and…,0,0,coder3
wendys_all_h1_01052,batch1_fortune100,20260618expand/classifier_improvement/data/human_labeling_template/coder_splits/coder3_labeling_template.csv,JPMorgan Chase,1557773929573335040,https://x.com/jpmorgan/status/1557773929573335040,Thu Aug 11 17:00:21 +0000 2022,"Daniel H. Pink challenges the philosophy of 'no regrets' in his latest book, “The Power of Regret.” Find your next read on the J.P. Morgan Summer Reading List. https://t.co/5QEddNAafL https://t.co/GJfj03rGWC",0,0,coder3
wendys_all_h1_01053,batch1_fortune100,20260618expand/classifier_improvement/data/human_labeling_template/coder_splits/coder3_labeling_template.csv,Microsoft,2049993319800066119,https://x.com/microsoft/status/2049993319800066119,Thu Apr 30 23:24:29 +0000 2026,"Today we’re introducing a new Legal Agent in @Microsoft Word, built to support the precision and rigor legal work demands. Every clause matters. Every redline tells a story. That’s why this agent was built to follow the structured workflows lawyers use while keeping them fully in control. Early in my career, I asked for a computer on my desk because I believed technology could change how lawyers work. It did. Today, I believe this next generation of tools will do the same, grounded in trust and responsible use.",0,0,coder3
wendys_all_h1_01054,batch1_fortune100,20260618expand/classifier_improvement/data/human_labeling_template/coder_splits/coder3_labeling_template.csv,Meta Platforms,2018400361841586219,https://x.com/Meta/status/2018400361841586219,Mon Feb 02 19:05:20 +0000 2026,Athletic Intelligence is here. Push your training to the edge with Oakley Meta Performance AI glasses. Hands-free camera. Meta AI. Open-ear audio. Consider the game changed. https://t.co/DXGxKlAmPF,0,0,coder3
wendys_all_h1_01055,batch1_fortune100,20260618expand/classifier_improvement/data/human_labeling_template/coder_splits/coder3_labeling_template.csv,Enterprise Products Partners,1682350835114844160,https://x.com/EProd_Careers/status/1682350835114844160,Fri Jul 21 11:24:30 +0000 2023,"If you are a highly motivated achiever with a passion for success, we invite you to learn more about Enterprise Products. Apply today! https://t.co/51ojCyE3EA #OperationsJobs",0,0,coder3
wendys_all_h1_01056,batch1_fortune100,20260618expand/classifier_improvement/data/human_labeling_template/coder_splits/coder3_labeling_template.csv,Chevron,1567990970708365324,https://x.com/chevron/status/1567990970708365324,Thu Sep 08 21:39:13 +0000 2022,"To continue working towards reducing carbon emissions globally, we have been granted interest in three permits to assess carbon storage offshore Australia - totaling an area bigger than Belgium https://t.co/Q5pMD5VxyF https://t.co/jMtQMtZdx8",0,0,coder3
wendys_all_h1_01057,batch1_fortune100,20260618expand/classifier_improvement/data/human_labeling_template/coder_splits/coder3_labeling_template.csv,Ford Motor,1692928346210922676,https://x.com/Ford/status/1692928346210922676,Sat Aug 19 15:55:45 +0000 2023,RT @FordMustang: Built to take on the world. Introducing the Ford Mustang® GTD. Preproduction model shown and computer-generated image sh…,1,1,coder3
wendys_all_h1_01058,batch1_fortune100,20260618expand/classifier_improvement/data/human_labeling_template/coder_splits/coder3_labeling_template.csv,United Airlines Holdings,1844385864022917452,https://x.com/united/status/1844385864022917452,Thu Oct 10 14:33:51 +0000 2024,"Our biggest international expansion ever is here and… New York/Newark – Nuuk, Greenland Tokyo/Narita – Ulaanbaatar, Mongolia New York/Newark – Madeira Island, Portugal New York/Newark – Palermo, Italy Washington, D.C. – Dakar, Senegal Tokyo/Narita – Kaohsiung, Taiwan New York/Newark – Bilbao, Spain Tokyo/Narita – Koror, Palau New York/Newark – Faro, Portugal Start planning: https://t.co/672Qvc9oMM",0,0,coder3
wendys_all_h1_01059,batch1_fortune100,20260618expand/classifier_improvement/data/human_labeling_template/coder_splits/coder3_labeling_template.csv,TIAA,1655976703133351950,https://x.com/tiaa/status/1655976703133351950,Tue May 09 16:43:07 +0000 2023,"#tcbPodcast 🎧 #EconomicOpportunity. #RetirementCrisis. #Leadership. These are just some of the topics covered in our conversation with Thasunda Brown Duckett, President &amp; CEO of @TIAA, and a recipient of our Distinguished Leadership Awards. Listen here: https://t.co/M1rZZgKq1f https://t.co/yk45E9qrz2",0,0,coder3
wendys_all_h1_01060,batch1_fortune100,20260618expand/classifier_improvement/data/human_labeling_template/coder_splits/coder3_labeling_template.csv,Phillips 66,1501241396925247495,https://x.com/Phillips66co/status/1501241396925247495,Tue Mar 08 17:00:15 +0000 2022,"Dedicated in 2005, utilizing land owned by the Phillips 66 Humber Refinery, Mayflower Wood is 120 acres of restored forest and meadows that are open to the public and local regal deer 🦌 https://t.co/YcoFNT7HY6",0,0,coder3
wendys_all_h1_01061,batch1_fortune100,20260618expand/classifier_improvement/data/human_labeling_template/coder_splits/coder3_labeling_template.csv,Nationwide,1587874686746169347,https://x.com/nationwide/status/1587874686746169347,Wed Nov 02 18:30:01 +0000 2022,Official rules: https://t.co/JFjmkDIsn3,0,0,coder3
wendys_all_h1_01062,batch1_fortune100,20260618expand/classifier_improvement/data/human_labeling_template/coder_splits/coder3_labeling_template.csv,TJX,786627194906775552,https://x.com/tjmaxx/status/786627194906775552,Thu Oct 13 17:58:32 +0000 2016,@jpbrightlight Hey! We love your advice. Could you send us a DM? We have a question to ask you!,0,0,coder3
wendys_all_h1_01063,batch1_fortune100,20260618expand/classifier_improvement/data/human_labeling_template/coder_splits/coder3_labeling_template.csv,Caterpillar,1426680214986399749,https://x.com/CaterpillarInc/status/1426680214986399749,Sat Aug 14 23:00:44 +0000 2021,"MWM, a Caterpillar Company, is transforming massive quantities of methane discovered at the bottom of Rwanda’s Lake Kivu into an eco-friendly treasure. Learn how this sustainable energy resource could supply the nation with electricity for up to 50 years. https://t.co/3rph5KpDph",0,0,coder3
wendys_all_h1_01064,batch1_fortune100,20260618expand/classifier_improvement/data/human_labeling_template/coder_splits/coder3_labeling_template.csv,Tesla,2054782298579751261,https://x.com/tesla/status/2054782298579751261,Thu May 14 04:34:10 +0000 2026,FSD Supervised can see through extreme glare,0,0,coder3
wendys_all_h1_01065,batch1_fortune100,20260618expand/classifier_improvement/data/human_labeling_template/coder_splits/coder3_labeling_template.csv,Oracle,1891964082397319546,https://x.com/oracle/status/1891964082397319546,Tue Feb 18 21:32:42 +0000 2025,Building on our iconic look 💙 #F1 || #RedBullRacing https://t.co/Ti3ZbHJRpe,1,1,coder3
wendys_all_h1_01066,batch1_fortune100,20260618expand/classifier_improvement/data/human_labeling_template/coder_splits/coder3_labeling_template.csv,Kroger,1154043583973826562,https://x.com/kroger/status/1154043583973826562,Wed Jul 24 15:00:06 +0000 2019,The freshest summer calls for Grilled Pineapple with Ice Cream &amp; Caramel. Add a fresh summer twist to your next pickup order with mouthwatering produce from Kroger. https://t.co/1ZjpAAyM1Z https://t.co/N1t0kQQxzN,0,0,coder3
wendys_all_h1_01067,batch1_fortune100,20260618expand/classifier_improvement/data/human_labeling_template/coder_splits/coder3_labeling_template.csv,TD Synnex,1666114154896162817,https://x.com/tdsynnex/status/1666114154896162817,Tue Jun 06 16:05:44 +0000 2023,Our 2023 IT Ecosystem Trends survey is now open! 📝 Make your voice heard and share your insight on what's happening today and what trends are emerging tomorrow in the world of technology. 🔐☁👩‍💻 https://t.co/cOD0LDkn9C,0,0,coder3
wendys_all_h1_01068,batch1_fortune100,20260618expand/classifier_improvement/data/human_labeling_template/coder_splits/coder3_labeling_template.csv,Chevron,1572680698372259844,https://x.com/chevron/status/1572680698372259844,Wed Sep 21 20:14:32 +0000 2022,"We have teamed up with Air Liquide, Keppel Infrastructure, and PetroChina to form a consortium that will aim to explore CCUS solutions in Singapore https://t.co/o2dSRIveX7 https://t.co/dnFi5c0Rud",0,0,coder3
wendys_all_h1_01069,batch1_fortune100,20260618expand/classifier_improvement/data/human_labeling_template/coder_splits/coder3_labeling_template.csv,Tyson Foods,1275267911087804418,https://x.com/tysonfoods/status/1275267911087804418,Tue Jun 23 03:22:17 +0000 2020,"Thousands of meatpacking workers have been infected with the coronavirus. Some of their employers have rolled out large-scale testing programs, which could provide lessons to other businesses that are set to reopen. https://t.co/LIiGeZHZz2",1,1,coder3
wendys_all_h1_01070,batch1_fortune100,20260618expand/classifier_improvement/data/human_labeling_template/coder_splits/coder3_labeling_template.csv,Home Depot,841767690163372032,https://x.com/HDCares/status/841767690163372032,Tue Mar 14 21:47:11 +0000 2017,@Donaldjr2448 You are more then welcome. -TeamCare,0,0,coder3
wendys_all_h1_01071,batch1_fortune100,20260618expand/classifier_improvement/data/human_labeling_template/coder_splits/coder3_labeling_template.csv,Tesla,2047044867797430358,https://x.com/tesla/status/2047044867797430358,Wed Apr 22 20:08:23 +0000 2026,https://t.co/8NTI35Zjac,0,0,coder3
wendys_all_h1_01072,batch1_fortune100,20260618expand/classifier_improvement/data/human_labeling_template/coder_splits/coder3_labeling_template.csv,Home Depot,774380115455246342,https://x.com/HDCares/status/774380115455246342,Fri Sep 09 22:53:01 +0000 2016,@RealtorChinn So sorry! Please send add’l details/contact info/post to TeamSocial@homedepot.com so we can address. -TeamCare,0,0,coder3
wendys_all_h1_01073,batch1_fortune100,20260618expand/classifier_improvement/data/human_labeling_template/coder_splits/coder3_labeling_template.csv,Walt Disney,1971198115270230150,https://x.com/Disney/status/1971198115270230150,Thu Sep 25 13:00:28 +0000 2025,RT @officialavatar: This world is much deeper than you imagine. Watch the brand-new trailer for Avatar: Fire and Ash and experience it in t…,1,1,coder3
wendys_all_h1_01074,batch1_fortune100,20260618expand/classifier_improvement/data/human_labeling_template/coder_splits/coder3_labeling_template.csv,Wells Fargo,1950889233180238167,https://x.com/wellsfargo/status/1950889233180238167,Thu Jul 31 12:00:13 +0000 2025,"Happy National Intern Day! We’re proud to celebrate our interns who bring their enthusiasm, energy, and fresh perspectives to our team. We hope you have discovered that we are more than just a bank, and we are excited to be a part of your journey! https://t.co/HFcX7zzk4W",1,1,coder3
wendys_all_h1_01075,batch1_fortune100,20260618expand/classifier_improvement/data/human_labeling_template/coder_splits/coder3_labeling_template.csv,Home Depot,1485679884580053000,https://x.com/HDCares/status/1485679884580053000,Mon Jan 24 18:24:21 +0000 2022,"RT @HomeDepotCareer: We have positions in our stores, distribution centers, outside sales and service, and more! Join our Spring Career D…",0,0,coder3
wendys_all_h1_01076,batch1_fortune100,20260618expand/classifier_improvement/data/human_labeling_template/coder_splits/coder3_labeling_template.csv,Uber Technologies,1834600958216556587,https://x.com/Uber/status/1834600958216556587,Fri Sep 13 14:32:08 +0000 2024,"RT @dkhos: Big step with our partners @Waymo. Soon you’ll be able to hail a @Waymo AV in Austin and Atlanta, only on the @Uber app. Excited…",1,1,coder3
wendys_all_h1_01077,batch1_fortune100,20260618expand/classifier_improvement/data/human_labeling_template/coder_splits/coder3_labeling_template.csv,Nvidia,2059311735815729464,https://x.com/nvidia/status/2059311735815729464,Tue May 26 16:32:32 +0000 2026,"Ahead of COMPUTEX, NVIDIA CEO Jensen Huang joined TSMC executives, including Chairman and CEO C.C. Wei, for dinner at 36Kitchen, celebrating a decades-long partnership at the heart of the AI era. https://t.co/jdZ1KL2v8t",0,0,coder3
wendys_all_h1_01078,batch1_fortune100,20260618expand/classifier_improvement/data/human_labeling_template/coder_splits/coder3_labeling_template.csv,Home Depot,844281644437659648,https://x.com/HDCares/status/844281644437659648,Tue Mar 21 20:16:44 +0000 2017,@marcf Oh no! Please send more details/contact info/tweet to TeamSocial@homedepot.com so we can look into this.,0,0,coder3
wendys_all_h1_01079,batch1_fortune100,20260618expand/classifier_improvement/data/human_labeling_template/coder_splits/coder3_labeling_template.csv,StoneX Group,1983598495891120376,https://x.com/StoneX_Official/status/1983598495891120376,Wed Oct 29 18:15:09 +0000 2025,"Breaking news: USD/CAD hits a 1-month low under 1.39 after Bank of Canada Governor Macklem implies it would take a ""material"" change to the economy to cut interest rates again.",0,0,coder3
wendys_all_h1_01080,batch1_fortune100,20260618expand/classifier_improvement/data/human_labeling_template/coder_splits/coder3_labeling_template.csv,Target,1372925916066746371,https://x.com/target/status/1372925916066746371,Fri Mar 19 15:00:20 +0000 2021,"Once a Belieber, always a Belieber. Get your Target exclusive copy of @justinbieber's new album Justice, now: https://t.co/IJuXyUxhAp https://t.co/UI8pWZqDX5",0,0,coder3
wendys_all_h1_01081,batch1_fortune100,20260618expand/classifier_improvement/data/human_labeling_template/coder_splits/coder3_labeling_template.csv,PepsiCo,1517193967913390080,https://x.com/pepsico/status/1517193967913390080,Thu Apr 21 17:30:04 +0000 2022,"Zero calories, bubbling with flavor: we make lots of delicious options with zero calories, including @pepsi + @bublywater. https://t.co/dsR3gh2aNA",1,1,coder3
wendys_all_h1_01082,batch1_fortune100,20260618expand/classifier_improvement/data/human_labeling_template/coder_splits/coder3_labeling_template.csv,Tesla,2022297309720031441,https://x.com/tesla/status/2022297309720031441,Fri Feb 13 13:10:25 +0000 2026,"Why is the Model Y so popular? You’re not a fan of the way it looks? Don’t like the minimalist interior? Looks too small? The reason the Y is so popular is because every fine grain of the vehicle’s design comes from first principals. Tesla designed the Y to be the most useful car possible for as many people as possible. Everything is driven by utility. You come to fully appreciate this as an owner, and it is why their customer retention is so high and why it is one of the most successful vehicles ever produced. The design prioritizes aerodynamics, allowing Tesla to provide as many miles of range as possible per unit of cost. They didn’t make it boxy or give it more ground clearance than necessary because they understood that this isn’t useful for 99% of the people who buy mid sized SUV’s. Maybe you think the RAV4 looks cooler, but it isn’t as optimized to be useful for the majority of people who own it. It’s just vanity that isn’t as valuable as utility for almost anyone once the novelty wears off. There is no “novelty” with the Y. You love it the same on day 700 as you did on day 10, because everything you love about it is actually valuable to you all the time. The interior is minimal because everything is automated. Beyond the buttons on the steering wheel, there is no real need for any dash buttons once you’ve set everything. Every car I’ve owned in my life before a Tesla had so many buttons that I never used, or didn’t even know wtf they were for. Tesla doesn’t put unnecessary stuff in their cars because it just adds clutter and cost. I love this not just because it helps make it affordable, but because it makes the vehicle incredibly easy to keep clean. It is a big change that most need to get used to, but once you do, you wonder why other OEMs aren’t doing the same thing. Every inch of the Model Y is optimized to be as useful as possible. Too small? This is a myth. Many do not realize that the interior storage space in a Model Y is higher than other popular SUVs like the RAV4, CX5, etc. the aero exterior design makes it look smaller from the outside, but inside, it provides MORE cubic feet of cargo space than these competitors, not less. This is why the people who own the Model Y love it, and do not go back to legacy SUVs. As an ordinary car, the Model Y packs more value per dollar than competitors. It doesn’t sacrifice usefulness for vanity. Tesla understands they lose some stubborn, closed minded customers because they’ve gone this route. But they accept this because their goal is to make the actual best car possible, not one for people who are afraid of change. Seems like it paid off considering it is one of the most popular vehicles of all time. And the craziest part? All of this is true before we even talk about self driving, which is the most insane innovation in a vehicle ever. It’s already the best ordinary vehicle for most people, but it is also a sentient robot. The Y is an engineering work of art that cannot be fully appreciated until it is lived with.",1,1,coder3
wendys_all_h1_01083,batch1_fortune100,20260618expand/classifier_improvement/data/human_labeling_template/coder_splits/coder3_labeling_template.csv,Tesla,2011521196974882947,https://x.com/tesla/status/2011521196974882947,Wed Jan 14 19:30:00 +0000 2026,Tesla Lithium Refinery,0,0,coder3
wendys_all_h1_01084,batch1_fortune100,20260618expand/classifier_improvement/data/human_labeling_template/coder_splits/coder3_labeling_template.csv,Enterprise Products Partners,1680218951882768385,https://x.com/EProd_Careers/status/1680218951882768385,Sat Jul 15 14:13:09 +0000 2023,"Think you would excel as our next Inland Wheelman – Starting Pay: $600/day – \*Offering $5,000 sign on bonus\*? Consider Enterprise Products as YOUR pipeline for career success! Apply today. https://t.co/pEkXMuwRDe #MarineServices",0,0,coder3
wendys_all_h1_01085,batch1_fortune100,20260618expand/classifier_improvement/data/human_labeling_template/coder_splits/coder3_labeling_template.csv,Wells Fargo,1692182806003118374,https://x.com/wellsfargo/status/1692182806003118374,Thu Aug 17 14:33:14 +0000 2023,"RT @NHLFlyers: Congrats to My Fair Trade Lady, an independently owned shop in Haddon Heights, on being named a recipient of the Flyers Home…",1,1,coder3
wendys_all_h1_01086,batch1_fortune100,20260618expand/classifier_improvement/data/human_labeling_template/coder_splits/coder3_labeling_template.csv,Tesla,2052358283487273195,https://x.com/tesla/status/2052358283487273195,Thu May 07 12:02:00 +0000 2026,"One of Elon's most vocal critics just bought a Cybertruck. Brian Krassenstein, who has spent years publicly clashing with @elonmusk, announced the purchase yesterday. His reason had nothing to do with politics. He has a young family and the Cybertruck is the only pickup truck in America to hold both an IIHS Top Safety Pick+ award and a perfect 5-star NHTSA rating simultaneously. When your fiercest critics are buying your product because the data leaves them no choice, that's a different kind of win.",1,1,coder3
wendys_all_h1_01087,batch1_fortune100,20260618expand/classifier_improvement/data/human_labeling_template/coder_splits/coder3_labeling_template.csv,Prudential Financial,1233135368964386833,https://x.com/Prudential/status/1233135368964386833,Thu Feb 27 21:02:37 +0000 2020,With a lack of diversity comes a lack of progress. We're proud to host so many incredible people from different backgrounds with @Prudential. Tune in to the panel live: https://t.co/qRqclQR4bi #NewCapitalism,0,0,coder3
wendys_all_h1_01088,batch1_fortune100,20260618expand/classifier_improvement/data/human_labeling_template/coder_splits/coder3_labeling_template.csv,Enterprise Products Partners,1679604067172249600,https://x.com/EProd_Careers/status/1679604067172249600,Thu Jul 13 21:29:49 +0000 2023,"If you’re ready to start a new career in Houma, LA, the Enterprise Products team awaits you. Click here to learn more about this fantastic opportunity. https://t.co/6PUrXiaKzH #MarineServices",0,0,coder3
wendys_all_h1_01089,batch1_fortune100,20260618expand/classifier_improvement/data/human_labeling_template/coder_splits/coder3_labeling_template.csv,AT&T,1922384417063845944,https://x.com/ATT/status/1922384417063845944,Tue May 13 20:12:15 +0000 2025,A custom #ATTAnnihilatorCup gaming PC 🖥️ is on the line + this week's drop: Victrix PRO FS Arcade Fight Stick 🕹️ - enter now https://t.co/FlEZJz7e1q https://t.co/VCFTUWIJpD,0,0,coder3
wendys_all_h1_01090,batch1_fortune100,20260618expand/classifier_improvement/data/human_labeling_template/coder_splits/coder3_labeling_template.csv,HP,1577297668451205122,https://x.com/hp/status/1577297668451205122,Tue Oct 04 14:00:43 +0000 2022,"By 2030, HP aims to reach 75% circularity for products and packaging. But what does #circularity mean? Let’s take a look at the role you play in the circular process ⬇️♻️ https://t.co/pnmH62Zr2A https://t.co/bW8JIgWpi7",0,0,coder3
wendys_all_h1_01091,batch1_fortune100,20260618expand/classifier_improvement/data/human_labeling_template/coder_splits/coder3_labeling_template.csv,Cigna Group,1565338652518932487,https://x.com/Cigna/status/1565338652518932487,Thu Sep 01 13:59:52 +0000 2022,Learn positive parenting strategies to foster independence and success in children with autism in our upcoming #CignaBehavioralAwareness seminar. Sign up: https://t.co/9XH8GtQL9b https://t.co/oDnXZhJWvH,0,0,coder3
wendys_all_h1_01092,batch1_fortune100,20260618expand/classifier_improvement/data/human_labeling_template/coder_splits/coder3_labeling_template.csv,JPMorgan Chase,1977742171856920868,https://x.com/jpmorgan/status/1977742171856920868,Mon Oct 13 14:24:13 +0000 2025,Our new initiative focuses on four key areas: 🏭 Advanced manufacturing &amp; supply chain 🛡️ Defense &amp; aerospace ⚡ Energy independence &amp; resilience 💡 Frontier &amp; strategic technologies,0,0,coder3
wendys_all_h1_01093,batch1_fortune100,20260618expand/classifier_improvement/data/human_labeling_template/coder_splits/coder3_labeling_template.csv,Publix Super Markets,2034268588719182211,https://x.com/Publix/status/2034268588719182211,Wed Mar 18 14:00:01 +0000 2026,What are you dunking this March? 😉🏀 https://t.co/2ly9YkusQM,1,1,coder3
wendys_all_h1_01094,batch1_fortune100,20260618expand/classifier_improvement/data/human_labeling_template/coder_splits/coder3_labeling_template.csv,Uber Technologies,1800535856106864874,https://x.com/Uber/status/1800535856106864874,Tue Jun 11 14:29:35 +0000 2024,Uber teen accounts is teaming up with 'Inside Out 2!' Add your teen to your Uber account and they can request a ride to see 'Inside Out 2' in theaters June 14. Bring a little JOY to your teen's ride. See Link in Bio for more info on Uber teen accounts. https://t.co/oW3gHO05xJ,1,1,coder3
wendys_all_h1_01095,batch1_fortune100,20260618expand/classifier_improvement/data/human_labeling_template/coder_splits/coder3_labeling_template.csv,Phillips 66,1346522605688336388,https://x.com/Phillips66co/status/1346522605688336388,Tue Jan 05 18:23:01 +0000 2021,"""Hundreds of students from Boothville-Venice Elementary School and Belle Chasse Elementary School sent holiday letters of thanks to @Phillips66Co Alliance Refinery for supporting the #STMath Program in their schools in December."" https://t.co/ZR8B4PvoUr #CSR #SocialImpact https://t.co/HxUa21CDb8",0,0,coder3
wendys_all_h1_01096,batch1_fortune100,20260618expand/classifier_improvement/data/human_labeling_template/coder_splits/coder3_labeling_template.csv,Uber Technologies,1824432081109135689,https://x.com/Uber/status/1824432081109135689,Fri Aug 16 13:04:39 +0000 2024,Nice!! @DMRussini 🙌,1,1,coder3
wendys_all_h1_01097,batch1_fortune100,20260618expand/classifier_improvement/data/human_labeling_template/coder_splits/coder3_labeling_template.csv,AT&T,1692242600219271623,https://x.com/ATT/status/1692242600219271623,Thu Aug 17 18:30:50 +0000 2023,Back to school then: 🔲 Pencils 🔲 Paper 🔲 Binders Back to school now: 🔲 Tablet 🔲 Chargers 🔲 Stylus Shop all our best back to school deals for your most connected year: https://t.co/3QMBwHSbqF,0,0,coder3
wendys_all_h1_01098,batch1_fortune100,20260618expand/classifier_improvement/data/human_labeling_template/coder_splits/coder3_labeling_template.csv,Goldman Sachs Group,1956019287191150814,https://x.com/GoldmanSachs/status/1956019287191150814,Thu Aug 14 15:45:13 +0000 2025,"Credit markets have held up well despite economic concerns – but investor demand has started to shift. Jonny Fine, global head of investment grade credit at Goldman Sachs, separates the signal from the noise. https://t.co/PwyyIFswUL",0,0,coder3
wendys_all_h1_01099,batch1_fortune100,20260618expand/classifier_improvement/data/human_labeling_template/coder_splits/coder3_labeling_template.csv,Ingram Micro Holding,1859990257984262624,https://x.com/IngramMicroInc/status/1859990257984262624,Fri Nov 22 16:00:09 +0000 2024,Our @IngramMicro_PH Tibok 2.0: Concert for a Cause was more than just a night of music—it was a reminder of what we can achieve together. Funds raised support Cribs Foundation and their work with neglected and abused children. Thank you! #ingrammicro #ingrammicroph https://t.co/3DnAXQMTSM,1,1,coder3
wendys_all_h1_01100,batch1_fortune100,20260618expand/classifier_improvement/data/human_labeling_template/coder_splits/coder3_labeling_template.csv,Publix Super Markets,1940757416422887540,https://x.com/Publix/status/1940757416422887540,Thu Jul 03 13:00:00 +0000 2025,Our pharmacies will be closed on July 4. Our stores will be open regular hours. 🇺🇸,0,0,coder3
wendys_all_h1_01101,batch1_fortune100,20260618expand/classifier_improvement/data/human_labeling_template/coder_splits/coder3_labeling_template.csv,General Dynamics,1843294282821857706,https://x.com/generaldynamics/status/1843294282821857706,Mon Oct 07 14:16:18 +0000 2024,"Last Friday, we were pleased to present a donation of $500,000 benefitting three organizations providing hurricane relief in Savannah and Brunswick – @UWCE, @RedCross and Second Harvest of Coastal Georgia. In the coming days, Gulfstream’s West Chatham and Glynn County locations will each serve as drive-through distribution centers for Second Harvest as they work to make food and water available. Keep an eye on https://t.co/PwOEQO5Foh for more details on food pickup logistics. 🔗: https://t.co/3DtPBkljkn",0,0,coder3
wendys_all_h1_01102,batch1_fortune100,20260618expand/classifier_improvement/data/human_labeling_template/coder_splits/coder3_labeling_template.csv,Comcast,1901675057757257731,https://x.com/comcast/status/1901675057757257731,Mon Mar 17 16:40:39 +0000 2025,EPIC sneak peek alert ⬇️,0,0,coder3
wendys_all_h1_01103,batch1_fortune100,20260618expand/classifier_improvement/data/human_labeling_template/coder_splits/coder3_labeling_template.csv,Walmart,1701657489689698522,https://x.com/walmart/status/1701657489689698522,Tue Sep 12 18:02:15 +0000 2023,"BRB, planning trips to the Flower Kingdom this fall 🌼 Pre-order #SuperMarioBrosWonder now &amp; get an exclusive free Trading Card Pack: https://t.co/7mJaCm7zaN https://t.co/Q2Br0PG0qr",1,1,coder3
wendys_all_h1_01104,batch1_fortune100,20260618expand/classifier_improvement/data/human_labeling_template/coder_splits/coder3_labeling_template.csv,Freddie Mac,1945906623265796472,https://x.com/FreddieMac/status/1945906623265796472,Thu Jul 17 18:01:06 +0000 2025,"Automating income, asset and employment assessment with Freddie Mac’s Loan Product Advisor® (LPA) boosts efficiency. When paired with automated collateral evaluation (ACE), the time and cost savings significantly increase for lenders and borrowers. https://t.co/0dJ5k67D0a https://t.co/JGJCMLok6D",0,0,coder3
wendys_all_h1_01105,batch1_fortune100,20260618expand/classifier_improvement/data/human_labeling_template/coder_splits/coder3_labeling_template.csv,Nationwide,1803186723221840118,https://x.com/nationwide/status/1803186723221840118,Tue Jun 18 22:03:11 +0000 2024,RT @MiLB: We continue to be in awe of the legends who came through the Negro Leagues. https://t.co/3qcMACkFXJ,1,1,coder3
wendys_all_h1_01106,batch1_fortune100,20260618expand/classifier_improvement/data/human_labeling_template/coder_splits/coder3_labeling_template.csv,Prudential Financial,1156242859781234690,https://x.com/Prudential/status/1156242859781234690,Tue Jul 30 16:39:14 +0000 2019,"RT @PhilWaldeck: Fewer than half of workers participate in retirement plans offered by their employers. We traveled to Seattle, which has b…",0,0,coder3
wendys_all_h1_01107,batch1_fortune100,20260618expand/classifier_improvement/data/human_labeling_template/coder_splits/coder3_labeling_template.csv,Walt Disney,1894417095724863576,https://x.com/Disney/status/1894417095724863576,Tue Feb 25 16:00:06 +0000 2025,Celebrate the 20th anniversary of Star Wars: Episode III - Revenge of the Sith with the theatrical re-release. Experience it in theaters beginning April 25. Art by Matt Ferguson. Learn more: https://t.co/WlFKKrmUIm https://t.co/VmaGavzGDM,0,0,coder3
wendys_all_h1_01108,batch1_fortune100,20260618expand/classifier_improvement/data/human_labeling_template/coder_splits/coder3_labeling_template.csv,McKesson,1494045926654099458,https://x.com/mckesson/status/1494045926654099458,Wed Feb 16 20:28:01 +0000 2022,"Many patients diagnosed with chronic conditions deal with the emotional exhaustion of not only managing their symptoms, but the complex process of accessing their prescribed therapies. Learn how AMP is better connecting people to life-changing medications: https://t.co/xfb9qhuRIH https://t.co/Cx6Ok8OvMh",0,0,coder3
wendys_all_h1_01109,batch1_fortune100,20260618expand/classifier_improvement/data/human_labeling_template/coder_splits/coder3_labeling_template.csv,Enterprise Products Partners,1682179075442630656,https://x.com/EProd_Careers/status/1682179075442630656,Fri Jul 21 00:01:59 +0000 2023,"If you’re ready to start a new career in Midland, TX, the Enterprise Products team awaits you. Click here to learn more about this fantastic opportunity. https://t.co/PgamFNdcdI",0,0,coder3
wendys_all_h1_01110,batch1_fortune100,20260618expand/classifier_improvement/data/human_labeling_template/coder_splits/coder3_labeling_template.csv,Tesla,2052190048708358160,https://x.com/tesla/status/2052190048708358160,Thu May 07 00:53:30 +0000 2026,En route with @tesla_semi https://t.co/ZfuOjaeLH1,1,1,coder3
wendys_all_h1_01111,batch1_fortune100,20260618expand/classifier_improvement/data/human_labeling_template/coder_splits/coder3_labeling_template.csv,Cigna Group,1460346272334991365,https://x.com/Cigna/status/1460346272334991365,Mon Nov 15 20:37:37 +0000 2021,"For the fifth straight year, Cigna has been recognized as a global industry leader in corporate sustainability by Dow Jones. Learn more about how we’re bringing our mission to life with Cigna Connects. https://t.co/ZHUIOcr3Tl #CignaNews https://t.co/TETTEFb8I6",0,0,coder3
wendys_all_h1_01112,batch1_fortune100,20260618expand/classifier_improvement/data/human_labeling_template/coder_splits/coder3_labeling_template.csv,RTX,1260684496288038913,https://x.com/RTX_News/status/1260684496288038913,Wed May 13 21:33:00 +0000 2020,"Did you know: It's @MATHCOUNTS Week, a fun and interactive virtual math competition open to all! Check out a complete schedule of events here: https://t.co/Wd2geq5qJD #StillCounting #MATHCOUNTSatHome https://t.co/gwCnZCGKqo",0,0,coder3
wendys_all_h1_01113,batch1_fortune100,20260618expand/classifier_improvement/data/human_labeling_template/coder_splits/coder3_labeling_template.csv,Publix Super Markets,1897678559495258620,https://x.com/Publix/status/1897678559495258620,Thu Mar 06 16:00:00 +0000 2025,Anytime is the right time for a Publix glazed croissant break. 🥐,1,1,coder3
wendys_all_h1_01114,batch1_fortune100,20260618expand/classifier_improvement/data/human_labeling_template/coder_splits/coder3_labeling_template.csv,Humana,1732788084826095913,https://x.com/humana/status/1732788084826095913,Thu Dec 07 15:44:07 +0000 2023,Learn more about the announcement and the details of the SBTi initiative: https://t.co/b7gbC0RYmI,0,0,coder3
wendys_all_h1_01115,batch1_fortune100,20260618expand/classifier_improvement/data/human_labeling_template/coder_splits/coder3_labeling_template.csv,Cencora,1716815251889668336,https://x.com/CencoraGlobal/status/1716815251889668336,Tue Oct 24 13:53:47 +0000 2023,"Our supplier diversity efforts include supporting our customers' initiatives and investment in minority-owned enterprises. In 2022, we partnered with @saintjosephs for a pro-bono course to offer marketing services to diverse local businesses. https://t.co/UBh8QEtri5 https://t.co/jgQJBhlO60",0,0,coder3
wendys_all_h1_01116,batch1_fortune100,20260618expand/classifier_improvement/data/human_labeling_template/coder_splits/coder3_labeling_template.csv,Publix Super Markets,1713192938052677792,https://x.com/Publix/status/1713192938052677792,Sat Oct 14 14:00:00 +0000 2023,#NationalDessertDay is a perfect excuse to visit our Bakery. What’s your favorite sweet treat? 🍪,1,1,coder3
wendys_all_h1_01117,batch1_fortune100,20260618expand/classifier_improvement/data/human_labeling_template/coder_splits/coder3_labeling_template.csv,Uber Technologies,2008313072557994219,https://x.com/Uber/status/2008313072557994219,Mon Jan 05 23:02:03 +0000 2026,The future is here and it’s Autonomous ⚡️ https://t.co/8jgSHWsU1u,1,1,coder3
wendys_all_h1_01118,batch1_fortune100,20260618expand/classifier_improvement/data/human_labeling_template/coder_splits/coder3_labeling_template.csv,JPMorgan Chase,1503702562247127041,https://x.com/jpmorgan/status/1503702562247127041,Tue Mar 15 12:00:02 +0000 2022,"Anu Aiyengar, Global co-head of M&amp;A, is leading a team through record levels of M&amp;A activity and uncertainty.",0,0,coder3
wendys_all_h1_01119,batch1_fortune100,20260618expand/classifier_improvement/data/human_labeling_template/coder_splits/coder3_labeling_template.csv,Bank of America,1563602799283253248,https://x.com/bankofamerica/status/1563602799283253248,Sat Aug 27 19:02:12 +0000 2022,@BankofAmerica Winter Village @bryantparknyc will be here soon ❄️! Four NYC minority-owned businesses will be selected to showcase their products in a rent free booth. Apply by September 18 for a chance to be selected for the #SmallBusinessSpotlight! https://t.co/uxcNSRJQXl https://t.co/JGtAy4YdPC,0,0,coder3
wendys_all_h1_01120,batch1_fortune100,20260618expand/classifier_improvement/data/human_labeling_template/coder_splits/coder3_labeling_template.csv,Microsoft,1858928374321688604,https://x.com/microsoft/status/1858928374321688604,Tue Nov 19 17:40:36 +0000 2024,Nearly 800 powertrain design engineers at @TOYOTA_PR are leveraging AI agents built on Azure OpenAI Service and Cosmos DB to supercharge innovation at the world’s largest automaker. https://t.co/FIwaJtRd0a #MSIgnite,0,0,coder3
wendys_all_h1_01121,batch1_fortune100,20260618expand/classifier_improvement/data/human_labeling_template/coder_splits/coder3_labeling_template.csv,Energy Transfer,2001315721393893409,https://x.com/energytransfer/status/2001315721393893409,Wed Dec 17 15:37:05 +0000 2025,"We’re proud to support Meals on Wheels Houston and its mission to deliver nourishment, care, and connection to our neighbors in need.",0,0,coder3
wendys_all_h1_01122,batch1_fortune100,20260618expand/classifier_improvement/data/human_labeling_template/coder_splits/coder3_labeling_template.csv,Walmart,1844739737879298428,https://x.com/walmart/status/1844739737879298428,Fri Oct 11 14:00:01 +0000 2024,This is your sign that you should shop the Deals while you still can.,1,1,coder3
wendys_all_h1_01123,batch1_fortune100,20260618expand/classifier_improvement/data/human_labeling_template/coder_splits/coder3_labeling_template.csv,Nvidia,2061321380184883290,https://x.com/nvidia/status/2061321380184883290,Mon Jun 01 05:38:09 +0000 2026,"The ""Healthy Taiwan"" initiative is setting a global standard for healthcare. 🏥 Foxconn and top medical centers are partnering with NVIDIA to tackle clinician shortages using AI workforces and live Nurabot nursing robots. #NVIDIAGTC Read the release ⬇️ https://t.co/afdIQLFV5q",1,1,coder3
wendys_all_h1_01124,batch1_fortune100,20260618expand/classifier_improvement/data/human_labeling_template/coder_splits/coder3_labeling_template.csv,HCA Healthcare,2053233558358257733,https://x.com/hcahealthcare/status/2053233558358257733,Sat May 09 22:00:02 +0000 2026,"As we recognize #MotherDay &amp; #NursesWeek, we’re celebrating Lori Conaway &amp; her daughters, Autumn &amp; Lauren — a family of HCA Healthcare nurses united by compassion &amp; care. Learn about their story, inspired by a mom’s 35-year career: https://t.co/3VJls0OYOX. https://t.co/SjB1NO37bp",1,1,coder3
wendys_all_h1_01125,batch1_fortune100,20260618expand/classifier_improvement/data/human_labeling_template/coder_splits/coder3_labeling_template.csv,Ingram Micro Holding,1920833190484226149,https://x.com/IngramMicroInc/status/1920833190484226149,Fri May 09 13:28:14 +0000 2025,Thrilled to share that Ingram Micro Gulf has been honored with the Go-to-Market Excellence Award at Partner Summit Crowd Tour Dubai 2025! Thank you to the @CrowdStrike team for this recognition which is a testament to our shared vision for #cybersecurity excellence. #IngramMicro https://t.co/Eirl2ALCmL,1,1,coder3
wendys_all_h1_01126,batch1_fortune100,20260618expand/classifier_improvement/data/human_labeling_template/coder_splits/coder3_labeling_template.csv,American Express,1445506961269661701,https://x.com/americanexpress/status/1445506961269661701,Tue Oct 05 21:51:30 +0000 2021,"Pull up a chair and dig in: @amandahesser of @Food52 is serving up a helping of business expertise on the next Office Hours. Join the discussion tomorrow, Wed 9/6 at 1PM ET on https://t.co/SwdLE7bAvM. Hosted by author &amp; entrepreneur @Suneel. #AmexBusiness https://t.co/KVv0DrwK8O",0,0,coder3
wendys_all_h1_01127,batch1_fortune100,20260618expand/classifier_improvement/data/human_labeling_template/coder_splits/coder3_labeling_template.csv,Bristol-Myers Squibb,1524003822548492289,https://x.com/bmsnews/status/1524003822548492289,Tue May 10 12:30:00 +0000 2022,"An auto-immune disease with no known cause, #lupus can affect many organ systems in different ways. Explore our fact sheet to learn more about this serious condition, affecting millions of people worldwide. https://t.co/tDIz0CHbr9 #WorldLupusDay",0,0,coder3
wendys_all_h1_01128,batch1_fortune100,20260618expand/classifier_improvement/data/human_labeling_template/coder_splits/coder3_labeling_template.csv,FedEx,1563545847417016323,https://x.com/fedex/status/1563545847417016323,Sat Aug 27 15:15:53 +0000 2022,It's FedEx Cares weekend in Daytona for the last race of the regular season. We're joined by members of the Accion Opportunity Fund and FedEx E-Commerce Learning Lab as part of FedEx Cares' continued support of women and minority-owned small businesses. Let's go @dennyhamlin! https://t.co/e8Trb721A4,1,1,coder3
wendys_all_h1_01129,batch1_fortune100,20260618expand/classifier_improvement/data/human_labeling_template/coder_splits/coder3_labeling_template.csv,Uber Technologies,2016574453149323372,https://x.com/Uber/status/2016574453149323372,Wed Jan 28 18:09:50 +0000 2026,"Congrats to @RaquelUrtasun, @LiorRon, and the rest of the @Waabi_ai team, on another exciting milestone. Can’t wait to launch the Waabi robotaxi on @Uber!",1,1,coder3
wendys_all_h1_01130,batch1_fortune100,20260618expand/classifier_improvement/data/human_labeling_template/coder_splits/coder3_labeling_template.csv,State Farm Insurance,2022433091537494028,https://x.com/StateFarm/status/2022433091537494028,Fri Feb 13 22:09:58 +0000 2026,"It's been an honor to be a part of the journey. Congrats on an amazing career, CP3. https://t.co/NoTXDYGmCr",1,1,coder3
wendys_all_h1_01131,batch1_fortune100,20260618expand/classifier_improvement/data/human_labeling_template/coder_splits/coder3_labeling_template.csv,Massachusetts Mutual Life,1587897335514030080,https://x.com/massmutual/status/1587897335514030080,Wed Nov 02 20:00:01 +0000 2022,We’re here to help you build the future you want for you and your family. And it all starts with a conversation. Find a financial professional near you. https://t.co/H03rzwV5OL https://t.co/o6WCM5RHI3,0,0,coder3
wendys_all_h1_01132,batch1_fortune100,20260618expand/classifier_improvement/data/human_labeling_template/coder_splits/coder3_labeling_template.csv,Nationwide,1803163367110045793,https://x.com/nationwide/status/1803163367110045793,Tue Jun 18 20:30:22 +0000 2024,It’s the Montgomery Gray Sox at Rickwood Field! https://t.co/OJhtKVqHVN,0,0,coder3
wendys_all_h1_01133,batch1_fortune100,20260618expand/classifier_improvement/data/human_labeling_template/coder_splits/coder3_labeling_template.csv,Albertsons,1351681939451772929,https://x.com/albertsons/status/1351681939451772929,Wed Jan 20 00:04:22 +0000 2021,"And lastly, fingerling –season and roast them for a quick and delicious side dish! Shop fresh with us: https://t.co/kVA8oTjG5u https://t.co/rtBKJitGVa",1,1,coder3
wendys_all_h1_01134,batch1_fortune100,20260618expand/classifier_improvement/data/human_labeling_template/coder_splits/coder3_labeling_template.csv,Albertsons,1412521176631500808,https://x.com/albertsons/status/1412521176631500808,Tue Jul 06 21:17:46 +0000 2021,"This May, #NourishingNeighbors raised $18 million to feed children and families this summer — $9 million through check stand donations from our generous customers and $9 million matched by Albertsons Companies! Read more about the program: https://t.co/aeFJEck9tL",0,0,coder3
wendys_all_h1_01135,batch1_fortune100,20260618expand/classifier_improvement/data/human_labeling_template/coder_splits/coder3_labeling_template.csv,Morgan Stanley,1988007338289070283,https://x.com/morganstanley/status/1988007338289070283,Mon Nov 10 22:14:19 +0000 2025,"Our CIO and Chief U.S. Equity Strategist Mike Wilson unpacks why stocks are likely to stay resilient despite uncertainties related to Fed rates, government shutdown and tariffs. Tune into the latest Thoughts on the Market. https://t.co/UBdnPu0EHS https://t.co/TXUGJT1Enq",0,0,coder3
wendys_all_h1_01136,batch1_fortune100,20260618expand/classifier_improvement/data/human_labeling_template/coder_splits/coder3_labeling_template.csv,USAA,1530881660451016704,https://x.com/usaa/status/1530881660451016704,Sun May 29 12:00:04 +0000 2022,"A visitor at the USAA Poppy Wall of Honor in Washington, D.C., over Memorial Day weekend captures the moment while reflecting on the men and women who lost their lives in military service. #PoppyInMemory https://t.co/84UOKY0XUN",0,0,coder3
wendys_all_h1_01137,batch1_fortune100,20260618expand/classifier_improvement/data/human_labeling_template/coder_splits/coder3_labeling_template.csv,Liberty Mutual Insurance Group,1083721441898582017,https://x.com/LibertyMutual/status/1083721441898582017,Fri Jan 11 13:45:00 +0000 2019,Keep winter outside where it belongs by using caulk around windows and installing weather stripping around doors. https://t.co/cAbas4B2SH,0,0,coder3
wendys_all_h1_01138,batch1_fortune100,20260618expand/classifier_improvement/data/human_labeling_template/coder_splits/coder3_labeling_template.csv,Walmart,1712504239245705688,https://x.com/walmart/status/1712504239245705688,Thu Oct 12 16:23:22 +0000 2023,"Got holiday guests? ❄️☃️🎁 Don't stress the mess with online-only deals this week on home appliances &amp; much more!​ So, will you clean the air with the Miko Home Air Purifier or the carpet with the iHome Nova S1 Pro Vacuum?",1,1,coder3
wendys_all_h1_01139,batch1_fortune100,20260618expand/classifier_improvement/data/human_labeling_template/coder_splits/coder3_labeling_template.csv,Walt Disney,1977711409308803079,https://x.com/Disney/status/1977711409308803079,Mon Oct 13 12:21:58 +0000 2025,"RT @DisneyPlus: On December 12, the streaming event of an era comes to Disney+. Get ready for Taylor Swift | The Eras Tour | The Final Show…",0,0,coder3
wendys_all_h1_01140,batch1_fortune100,20260618expand/classifier_improvement/data/human_labeling_template/coder_splits/coder3_labeling_template.csv,Charter Communications,2048546950664909273,https://x.com/CharterNewsroom/status/2048546950664909273,Sun Apr 26 23:37:07 +0000 2026,He really did it. https://t.co/2XrQUKFArQ,1,1,coder3
wendys_all_h1_01141,batch1_fortune100,20260618expand/classifier_improvement/data/human_labeling_template/coder_splits/coder3_labeling_template.csv,Sysco,1565746412385898496,https://x.com/sysco/status/1565746412385898496,Fri Sep 02 17:00:09 +0000 2022,"Keystone’s high-performance cleaning and sanitizing products have everything you need to keep your restaurant clean from the flattop to the fryer, from the bathroom to the back of the house, and beyond. Click here to see product options. https://t.co/QKl6TM0X00 https://t.co/ex5V2LdbJV",0,0,coder3
wendys_all_h1_01142,batch1_fortune100,20260618expand/classifier_improvement/data/human_labeling_template/coder_splits/coder3_labeling_template.csv,Nationwide,1732105412055359641,https://x.com/nationwide/status/1732105412055359641,Tue Dec 05 18:31:25 +0000 2023,We're thrilled to be the presenting sponsor of the Walter Payton @NFL Man of the Year award for 10 years. We congratulate this year's nominees and thank them for making a difference in our communities. #WPMOY https://t.co/1YaseKLswe,1,1,coder3
wendys_all_h1_01143,batch1_fortune100,20260618expand/classifier_improvement/data/human_labeling_template/coder_splits/coder3_labeling_template.csv,Johnson & Johnson,1389637194827145220,https://x.com/JNJNews/status/1389637194827145220,Tue May 04 17:45:00 +0000 2021,"#JNJ is proud to be recognized in @FastCompany's 2021 #FCWorldChangingIdeas for our work to ensure the global health workforce emerges from #COVID19 better equipped &amp; more supported. Together with our partners, see how we're helping #BacktheFrontline: https://t.co/LUDjmUn8Vx https://t.co/1IIjjE2jgs",1,1,coder3
wendys_all_h1_01144,batch1_fortune100,20260618expand/classifier_improvement/data/human_labeling_template/coder_splits/coder3_labeling_template.csv,AT&T,2026716100738871774,https://x.com/ATT/status/2026716100738871774,Wed Feb 25 17:49:07 +0000 2026,RT @SamsungMobile: It's go-time! 🤩 Bookmark this megathread for all things #GalaxyUnpacked. Comment #GalaxyAI if you’re feeling the excitem…,1,1,coder3
wendys_all_h1_01145,batch1_fortune100,20260618expand/classifier_improvement/data/human_labeling_template/coder_splits/coder3_labeling_template.csv,Chevron,2044855857121243640,https://x.com/chevron/status/2044855857121243640,Thu Apr 16 19:10:02 +0000 2026,The Energy Edit: Chevron's 2025 Annual Report is here. Take a look. https://t.co/D5nOhwQjgD https://t.co/8M2tlrsnYM,0,0,coder3
wendys_all_h1_01146,batch1_fortune100,20260618expand/classifier_improvement/data/human_labeling_template/coder_splits/coder3_labeling_template.csv,Bristol-Myers Squibb,1633460057030668293,https://x.com/bmsnews/status/1633460057030668293,Wed Mar 08 13:30:00 +0000 2023,"Like many with #AFib, the most common type of irregular heartbeat, @kaj33 ignored shortness of breath, chest pain, heart racing &amp; other common symptoms. However, he discovered that AFib shouldn’t be ignored. Learn more about Kareem’s AFib story: https://t.co/ITBbiBaZvf",0,0,coder3
wendys_all_h1_01147,batch1_fortune100,20260618expand/classifier_improvement/data/human_labeling_template/coder_splits/coder3_labeling_template.csv,Massachusetts Mutual Life,1331221030040309763,https://x.com/massmutual/status/1331221030040309763,Tue Nov 24 13:00:01 +0000 2020,"Planning to retire in 2021? Be sure to test your budget, review your health insurance, and time your Social Security benefits carefully.",0,0,coder3
wendys_all_h1_01148,batch1_fortune100,20260618expand/classifier_improvement/data/human_labeling_template/coder_splits/coder3_labeling_template.csv,Tyson Foods,1161643619121582081,https://x.com/tysonfoods/status/1161643619121582081,Wed Aug 14 14:19:55 +0000 2019,Day 2 of our Animal Welfare Advisory Panel’s sessions included lively discussions on how to best collaborate with our supply chain to ensure the success of our commitment to having the most transparent welfare practices in food. #RaisingExpectations https://t.co/1PT3ng8TT0,0,0,coder3
wendys_all_h1_01149,batch1_fortune100,20260618expand/classifier_improvement/data/human_labeling_template/coder_splits/coder3_labeling_template.csv,McKesson,1757792841474900346,https://x.com/mckesson/status/1757792841474900346,Wed Feb 14 15:44:06 +0000 2024,"What’s on the horizon for independent #pharmacy? Crystal Lennartz, our new President of Health Mart &amp; Health Mart Atlas, discusses our solutions, services &amp; advocacy efforts to elevate the role independent pharmacies play in people’s lives. https://t.co/UT10mmNiJf https://t.co/e3uPf9DMff",0,0,coder3
wendys_all_h1_01150,batch1_fortune100,20260618expand/classifier_improvement/data/human_labeling_template/coder_splits/coder3_labeling_template.csv,Enterprise Products Partners,1681264843394015235,https://x.com/EProd_Careers/status/1681264843394015235,Tue Jul 18 11:29:09 +0000 2023,"If you’re ready to start a new career in Lake Charles, LA, the Enterprise Products team awaits you. Click here to learn more about this fantastic opportunity. https://t.co/1GUT7kOBTu #OperationsJobs",0,0,coder3
wendys_all_h1_01151,batch1_fortune100,20260618expand/classifier_improvement/data/human_labeling_template/coder_splits/coder3_labeling_template.csv,AT&T,1873066383669330399,https://x.com/ATT/status/1873066383669330399,Sat Dec 28 18:00:00 +0000 2024,My mom just asked if she could use her tablet to make a phone call... this is gonna be a loooooooong winter break...,1,1,coder3
wendys_all_h1_01152,batch1_fortune100,20260618expand/classifier_improvement/data/human_labeling_template/coder_splits/coder3_labeling_template.csv,MetLife,1551560473891553287,https://x.com/metlife/status/1551560473891553287,Mon Jul 25 13:30:18 +0000 2022,"From helping you navigate life’s unexpected moments to supporting our employees’ physical, mental and emotional well-being, enacting meaningful change in people’s lives is part of our commitment to sustainability at MetLife. Learn more: https://t.co/WT40jWear7 #Sustainability https://t.co/IdGgWTzk09",0,0,coder3
wendys_all_h1_01153,batch1_fortune100,20260618expand/classifier_improvement/data/human_labeling_template/coder_splits/coder3_labeling_template.csv,Travelers,1503415671841071104,https://x.com/travelers/status/1503415671841071104,Mon Mar 14 17:00:02 +0000 2022,Former U.S. Secretary of Defense Chuck Hagel joins host Joan Woodward March 16 to discuss the geopolitical challenges facing the United States and what they mean for businesses on #WednesdayswithWoodward. Register now: https://t.co/OvpGPnyn50 https://t.co/furxoEMLEy,0,0,coder3
wendys_all_h1_01154,batch1_fortune100,20260618expand/classifier_improvement/data/human_labeling_template/coder_splits/coder3_labeling_template.csv,Cigna Group,1506300293855723527,https://x.com/Cigna/status/1506300293855723527,Tue Mar 22 16:02:30 +0000 2022,"We asked our leaders to lend their wisdom to the next generation of women leaders. See what advice Noelle Eder, Executive Vice President and Global Chief Information Officer at Cigna, shared in the full article. https://t.co/qWoUXhi1JD #CignaNews #WomensHistoryMonth https://t.co/M5I5GLr9yW",0,0,coder3
wendys_all_h1_01155,batch1_fortune100,20260618expand/classifier_improvement/data/human_labeling_template/coder_splits/coder3_labeling_template.csv,McKesson,1574451264938823680,https://x.com/mckesson/status/1574451264938823680,Mon Sep 26 17:30:08 +0000 2022,"In the spring of 2019, St. Joseph's Health decided to maximize its current Patient Assistance Program (PAP) by partnering with McKesson RxO. Download the case study to learn how we helped them save millions in PAP recovery. https://t.co/Plek1W4ypv https://t.co/nL2TVDUTZl",0,0,coder3
wendys_all_h1_01156,batch1_fortune100,20260618expand/classifier_improvement/data/human_labeling_template/coder_splits/coder3_labeling_template.csv,Albertsons,1414726806347784192,https://x.com/albertsons/status/1414726806347784192,Mon Jul 12 23:22:09 +0000 2021,Albertsons chocolate chip cookies top 2 and they not 2,1,1,coder3
wendys_all_h1_01157,batch1_fortune100,20260618expand/classifier_improvement/data/human_labeling_template/coder_splits/coder3_labeling_template.csv,PepsiCo,1572948758781894657,https://x.com/pepsico/status/1572948758781894657,Thu Sep 22 13:59:42 +0000 2022,"From brand-led initiatives designed to uplift Hispanic communities to unlocking economic opportunities for Hispanic-owned small businesses, we’re committed to investing in Hispanic people, businesses, and communities: https://t.co/yNMrEXmNfT https://t.co/WmF19Xec8L",0,0,coder3
wendys_all_h1_01158,batch1_fortune100,20260618expand/classifier_improvement/data/human_labeling_template/coder_splits/coder3_labeling_template.csv,TD Synnex,1491796600393375752,https://x.com/tdsynnex/status/1491796600393375752,Thu Feb 10 15:30:00 +0000 2022,"After a virtual real estate property sold for $2.43 million in the metaverse, it's finally time that we learn what the #metaverse is and why there's such significant market value: https://t.co/TGkuGMlvFe",0,0,coder3
wendys_all_h1_01159,batch1_fortune100,20260618expand/classifier_improvement/data/human_labeling_template/coder_splits/coder3_labeling_template.csv,United Airlines Holdings,1695101635452706950,https://x.com/united/status/1695101635452706950,Fri Aug 25 15:51:38 +0000 2023,Please line up according to your boarding group. 😉⬇️ Still holding out hope for a surprise episode... #TheSummerITurnedPretty #TSITP https://t.co/Frkhy6eDDl,1,1,coder3
wendys_all_h1_01160,batch1_fortune100,20260618expand/classifier_improvement/data/human_labeling_template/coder_splits/coder3_labeling_template.csv,Exxon Mobil,1257656323623223296,https://x.com/exxonmobil/status/1257656323623223296,Tue May 05 13:00:08 +0000 2020,#Think2020 is now streaming. Let's get thinking💡 Join our digital event to gain the critical insights you need to adapt and recover from the impacts of COVID-19: https://t.co/kWYbKzBaTG https://t.co/LGJHgpuQ7N,0,0,coder3
wendys_all_h1_01161,batch1_fortune100,20260618expand/classifier_improvement/data/human_labeling_template/coder_splits/coder3_labeling_template.csv,New York Life Insurance,1527303073869201408,https://x.com/NewYorkLife/status/1527303073869201408,Thu May 19 15:00:03 +0000 2022,"Your paycheck is not just a paycheck. It's groceries, a mortgage payment—everything you need to help provide for your family. Learn how New York Life's disability insurance can help protect against loss of income due to a disabling event. #DIAM22",0,0,coder3
wendys_all_h1_01162,batch1_fortune100,20260618expand/classifier_improvement/data/human_labeling_template/coder_splits/coder3_labeling_template.csv,United Airlines Holdings,1851309103060033795,https://x.com/united/status/1851309103060033795,Tue Oct 29 17:04:20 +0000 2024,"Now that we’re flying to Marrakesh, you have to go there. Sorry, we don’t make the rules. The only nonstop flight from the U.S. to Marrakesh, Morocco is now flying 3x weekly from New York/Newark. https://t.co/JuP1DNq1Sk",1,1,coder3
wendys_all_h1_01163,batch1_fortune100,20260618expand/classifier_improvement/data/human_labeling_template/coder_splits/coder3_labeling_template.csv,ConocoPhillips,1889738221908795604,https://x.com/conocophillips/status/1889738221908795604,Wed Feb 12 18:07:56 +0000 2025,"Deep inside this de-oiled tank, our team worked diligently to ensure every detail met safety and asset integrity standards during last year's historic turnaround at #Surmont CPF2. Discover the meticulous planning behind this safe and efficient project: https://t.co/y60RVtchyU https://t.co/vuJEtojUgb",0,0,coder3
wendys_all_h1_01164,batch1_fortune100,20260618expand/classifier_improvement/data/human_labeling_template/coder_splits/coder3_labeling_template.csv,USAA,1594771222956367872,https://x.com/usaa/status/1594771222956367872,Mon Nov 21 19:14:23 +0000 2022,Hot off the press! Navy’s uniforms just dropped for the @ArmyNavyGame presented by USAA. This year’s uniform pays respect to the 54 United States Naval Academy graduates who have gone on to become astronauts. Learn more about the uniforms here: https://t.co/CPaCsVmbpX #Sea2Stars https://t.co/hpjX3s2nb2,0,0,coder3
wendys_all_h1_01165,batch1_fortune100,20260618expand/classifier_improvement/data/human_labeling_template/coder_splits/coder3_labeling_template.csv,AT&T,1960402472234631276,https://x.com/ATT/status/1960402472234631276,Tue Aug 26 18:02:26 +0000 2025,Who dropped the big news about their love story in your group chat?! 💍👰‍♀️📲,1,1,coder3
wendys_all_h1_01166,batch1_fortune100,20260618expand/classifier_improvement/data/human_labeling_template/coder_splits/coder3_labeling_template.csv,Nationwide,1603148521967861769,https://x.com/nationwide/status/1603148521967861769,Wed Dec 14 22:02:47 +0000 2022,"RT @NFL: Vote for the #WPMOY nominee you want to win $25,000 for the charity of their choice. Tweet #WPMOYChallenge and the nominee's last…",0,0,coder3
wendys_all_h1_01167,batch1_fortune100,20260618expand/classifier_improvement/data/human_labeling_template/coder_splits/coder3_labeling_template.csv,CVS Health,1441415662635683852,https://x.com/cvshealth/status/1441415662635683852,Fri Sep 24 14:54:08 +0000 2021,"It seems increasingly evident that there won’t be a single ‘cure’ for #cancer. Rather, each patient will be treated according to his or her specific needs. Read about what’s new in #oncology trends and research. https://t.co/xzOhlM96iQ https://t.co/UOWkUJxcWL",0,0,coder3
wendys_all_h1_01168,batch1_fortune100,20260618expand/classifier_improvement/data/human_labeling_template/coder_splits/coder3_labeling_template.csv,Enterprise Products Partners,1680200234239164416,https://x.com/EProd_Careers/status/1680200234239164416,Sat Jul 15 12:58:47 +0000 2023,"If you’re ready to start a new career in Houma, LA, the Enterprise Products team awaits you. Click here to learn more about this fantastic opportunity. https://t.co/PLf4jmMzY9 #Tankerman",0,0,coder3
wendys_all_h1_01169,batch1_fortune100,20260618expand/classifier_improvement/data/human_labeling_template/coder_splits/coder3_labeling_template.csv,Tesla,2053858969207427454,https://x.com/tesla/status/2053858969207427454,Mon May 11 15:25:11 +0000 2026,Summon your Tesla &amp; it will come pick you up,1,1,coder3
wendys_all_h1_01170,batch1_fortune100,20260618expand/classifier_improvement/data/human_labeling_template/coder_splits/coder3_labeling_template.csv,Target,1470821774204051460,https://x.com/target/status/1470821774204051460,Tue Dec 14 18:23:32 +0000 2021,Target is a TV show &amp; you’re the star,1,1,coder3
wendys_all_h1_01171,batch1_fortune100,20260618expand/classifier_improvement/data/human_labeling_template/coder_splits/coder3_labeling_template.csv,Enterprise Products Partners,1678525740147408896,https://x.com/EProd_Careers/status/1678525740147408896,Mon Jul 10 22:04:56 +0000 2023,Discover exciting and rewarding ways to apply your talents at Enterprise Products. Click here to find out more! https://t.co/rs2JNUProc,0,0,coder3
wendys_all_h1_01172,batch1_fortune100,20260618expand/classifier_improvement/data/human_labeling_template/coder_splits/coder3_labeling_template.csv,Coca-Cola,1562854822994640897,https://x.com/cocacola/status/1562854822994640897,Thu Aug 25 17:30:00 +0000 2022,"What's a dream that lives rent-free in your mind? Share your dreams, and maybe we'll share something new…🤫✨ #CocaColaDreamworld #RealMagic #TasteTheWonder #CocaColaCreations",1,1,coder3
wendys_all_h1_01173,batch1_fortune100,20260618expand/classifier_improvement/data/human_labeling_template/coder_splits/coder3_labeling_template.csv,Home Depot,770624985866051584,https://x.com/HDCares/status/770624985866051584,Tue Aug 30 14:11:28 +0000 2016,@dbbsanders We love how much you love us! Thank you for your continued loyalty! HAPPY BIRTHDAY TO YOU!! -TeamCare,1,1,coder3
wendys_all_h1_01174,batch1_fortune100,20260618expand/classifier_improvement/data/human_labeling_template/coder_splits/coder3_labeling_template.csv,Eli Lilly,1354781291259039749,https://x.com/EliLillyandCo/status/1354781291259039749,Thu Jan 28 13:20:05 +0000 2021,We’re recognizing the diabetes community through an expanded partnership with @lifeforachild and @BeyondType1 on an initiative to expand access to care for youth with diabetes around the world. Learn more: https://t.co/UMjUuTMRnq #WeAreLilly https://t.co/4hirHBeLii,0,0,coder3
wendys_all_h1_01175,batch1_fortune100,20260618expand/classifier_improvement/data/human_labeling_template/coder_splits/coder3_labeling_template.csv,Target,1335997836404678658,https://x.com/target/status/1335997836404678658,Mon Dec 07 17:21:20 +0000 2020,Does anyone have Santa's meeting ID?,1,1,coder3
wendys_all_h1_01176,batch1_fortune100,20260618expand/classifier_improvement/data/human_labeling_template/coder_splits/coder3_labeling_template.csv,Bristol-Myers Squibb,1749556323207762218,https://x.com/bmsnews/status/1749556323207762218,Mon Jan 22 22:15:07 +0000 2024,"#MEDIA: Announcing 8-year data at @ASCO #GU24 from our Phase 3 trial for an #immunotherapy combination in previously untreated advanced or metastatic #renalcellcarcinoma, the longest reported follow up in this patient population. https://t.co/liQY3Ksq53 https://t.co/imCq3abaoa",0,0,coder3
wendys_all_h1_01177,batch1_fortune100,20260618expand/classifier_improvement/data/human_labeling_template/coder_splits/coder3_labeling_template.csv,Ingram Micro Holding,2052434077555568798,https://x.com/IngramMicroInc/status/2052434077555568798,Thu May 07 17:03:11 +0000 2026,"Proud moment! Ingram Micro earns the AI Apps on Microsoft Azure Specialization, further advancing our AI leadership and empowering our partners to move from AI exploration to real-world impact. Read the full release: https://t.co/FUlpYlpLJz #IngramMicro https://t.co/f00QjCXlhf",0,0,coder3
wendys_all_h1_01178,batch1_fortune100,20260618expand/classifier_improvement/data/human_labeling_template/coder_splits/coder3_labeling_template.csv,Cigna Group,1521520843209203713,https://x.com/Cigna/status/1521520843209203713,Tue May 03 16:03:32 +0000 2022,Cigna is proud to work collaboratively with Leapfrog to support their mission of promoting patient safety.,1,1,coder3
wendys_all_h1_01179,batch1_fortune100,20260618expand/classifier_improvement/data/human_labeling_template/coder_splits/coder3_labeling_template.csv,Bristol-Myers Squibb,1592880171480219653,https://x.com/bmsnews/status/1592880171480219653,Wed Nov 16 14:00:01 +0000 2022,"Emmanuel Chantelot, VP, Head of International Policy and Govt. Affairs, writes in @EFPIA’s blog that the way forward in the fight against cancer lies with innovation and how partnership is critical to nurture an EU pharmaceutical research ecosystem. https://t.co/NiRxYjwlfe https://t.co/TNpBQYyqoW",0,0,coder3
wendys_all_h1_01180,batch1_fortune100,20260618expand/classifier_improvement/data/human_labeling_template/coder_splits/coder3_labeling_template.csv,Cisco Systems,1928204969750003925,https://x.com/Cisco/status/1928204969750003925,Thu May 29 21:41:03 +0000 2025,"RT @Webex: The reviews are in, and @Cisco Systems is a 2025 Customers’ Choice for Contact Center as a Service on @Gartner_inc Peer Insights…",1,1,coder3
wendys_all_h1_01181,batch1_fortune100,20260618expand/classifier_improvement/data/human_labeling_template/coder_splits/coder3_labeling_template.csv,Energy Transfer,1924839278103994403,https://x.com/energytransfer/status/1924839278103994403,Tue May 20 14:47:00 +0000 2025,"#Oilandgas output supports communities across the nation. In OK, increased production boosted state revenue $11.45 million, which will support infrastructure and education investments. 👏👏https://t.co/1fzDOtBjo8",0,0,coder3
wendys_all_h1_01182,batch1_fortune100,20260618expand/classifier_improvement/data/human_labeling_template/coder_splits/coder3_labeling_template.csv,Bristol-Myers Squibb,1518930392396480513,https://x.com/bmsnews/status/1518930392396480513,Tue Apr 26 12:30:00 +0000 2022,The Robert A. Winn Diversity in Clinical Trials Award Program established by the BMS Foundation welcomed a donation of $14M from @GileadSciences. Here’s how #pharmaindustry companies &amp; institutions who share Dr. Winn’s vision of #healthequity can support the program.,0,0,coder3
wendys_all_h1_01183,batch1_fortune100,20260618expand/classifier_improvement/data/human_labeling_template/coder_splits/coder3_labeling_template.csv,Johnson & Johnson,1762477205332832499,https://x.com/JNJNews/status/1762477205332832499,Tue Feb 27 13:58:05 +0000 2024,Get ready to dive into the future of healthcare. Stop by the #JNJ Interactive Lounge at @sxsw between 3/8-3/12 for a journey through cutting-edge innovations shaping the health and medtech world. #SXSW https://t.co/kFNXvHrHnh https://t.co/oyUpgiWP7a,0,0,coder3
wendys_all_h1_01184,batch1_fortune100,20260618expand/classifier_improvement/data/human_labeling_template/coder_splits/coder3_labeling_template.csv,Nvidia,2061312819480392042,https://x.com/nvidia/status/2061312819480392042,Mon Jun 01 05:04:08 +0000 2026,"News at #NVIDIAGTC Taipei: NVIDIA announces the NVIDIA Isaac GR00T Reference Humanoid Robot, the first open humanoid robot reference design for robotics research. Read the release ⬇️ https://t.co/G46tIwZvpf",0,0,coder3
wendys_all_h1_01185,batch1_fortune100,20260618expand/classifier_improvement/data/human_labeling_template/coder_splits/coder3_labeling_template.csv,Humana,1605971429685706752,https://x.com/humana/status/1605971429685706752,Thu Dec 22 17:00:01 +0000 2022,"Colorful and super easy—try an Italian roasted vegetable medley with peppers, eggplant, asparagus or squash. “There’s no rule about which vegetables you can use,” says Chef Nino. “The healthiest vegetable is going to be the vegetable you will eat.” 💚",1,1,coder3
wendys_all_h1_01186,batch1_fortune100,20260618expand/classifier_improvement/data/human_labeling_template/coder_splits/coder3_labeling_template.csv,Energy Transfer,2027344545617215714,https://x.com/energytransfer/status/2027344545617215714,Fri Feb 27 11:26:20 +0000 2026,"🚨Greenpeace has its FAFO moment! North Dakota Judge James Gion just dropped the hammer: He’s ordering Greenpeace International, Greenpeace USA & Greenpeace Fund to pay Energy Transfer ~$345 MILLION for their role in the 2016-17 Dakota Access Pipeline protests. Key points: • Jury in March 2025 found them liable on defamation, conspiracy, trespass, nuisance & tortious interference — awarded over $667M • Judge Gion cut it nearly in half, but $345M is still a body blow • Remember the chaos? 761 arrests, millions of pounds of trash, 178 agencies needed for cleanup along the Missouri River • Greenpeace’s response: “We can’t afford it” + “we’ll appeal to the ND Supreme Court” Play stupid games, win stupid prizes. You don’t get to incite years of disruption against critical American energy infrastructure and walk away scot-free. Actions have consequences — even for professional protesters. Justice at last. Link: https://t.co/t8sCR2r3BW #DAPL #Greenpeace #FAFO #EnergyReality",0,0,coder3
wendys_all_h1_01187,batch1_fortune100,20260618expand/classifier_improvement/data/human_labeling_template/coder_splits/coder3_labeling_template.csv,Enterprise Products Partners,1682096484576292864,https://x.com/EProd_Careers/status/1682096484576292864,Thu Jul 20 18:33:48 +0000 2023,"Join the Enterprise Products team, one of Houston’s Top Work Places! Check out our open opportunities here. https://t.co/EYpNiCEg0P #TechnicianJobs",0,0,coder3
wendys_all_h1_01188,batch1_fortune100,20260618expand/classifier_improvement/data/human_labeling_template/coder_splits/coder3_labeling_template.csv,Target,1519701667301756929,https://x.com/target/status/1519701667301756929,Thu Apr 28 15:34:46 +0000 2022,im at target rn and ppl literally don’t know they’re in the presence of target twitter,1,1,coder3
wendys_all_h1_01189,batch1_fortune100,20260618expand/classifier_improvement/data/human_labeling_template/coder_splits/coder3_labeling_template.csv,Caterpillar,1471231173993058306,https://x.com/CaterpillarInc/status/1471231173993058306,Wed Dec 15 21:30:20 +0000 2021,The perfect gift for on the job! Give the gift of Cat durability this holiday season: https://t.co/b9vEQEifWD https://t.co/G11yCNc3Aw,0,0,coder3
wendys_all_h1_01190,batch1_fortune100,20260618expand/classifier_improvement/data/human_labeling_template/coder_splits/coder3_labeling_template.csv,Sysco,1527288145850511360,https://x.com/sysco/status/1527288145850511360,Thu May 19 14:00:44 +0000 2022,"This Mexican Street Roasted Corn Dip is our deconstructed version of the popular Mexican Street Roasted Corn, made with roasted corn, jalapeños, cream cheese, and spices to create a unique and flavorful addition to your menu. ⁣ See product details here. https://t.co/jZbM1Bside https://t.co/GlD2YNMUI6",0,0,coder3
wendys_all_h1_01191,batch1_fortune100,20260618expand/classifier_improvement/data/human_labeling_template/coder_splits/coder3_labeling_template.csv,Comcast,1986826211872645549,https://x.com/comcast/status/1986826211872645549,Fri Nov 07 16:00:57 +0000 2025,Two weeks until we’re all changed for good 💫 https://t.co/C3Qpo3Iht9,0,0,coder3
wendys_all_h1_01192,batch1_fortune100,20260618expand/classifier_improvement/data/human_labeling_template/coder_splits/coder3_labeling_template.csv,TIAA,1572618762834132992,https://x.com/tiaa/status/1572618762834132992,Wed Sep 21 16:08:25 +0000 2022,"RT @WomensSportsFdn: #TakeActionTuesday: WSF is hosting our next FREE Virtual Town Hall, presented by @TIAA, Wednesday, Sept. 28 at 3pm ET.…",0,0,coder3
wendys_all_h1_01193,batch1_fortune100,20260618expand/classifier_improvement/data/human_labeling_template/coder_splits/coder3_labeling_template.csv,TJX,702677140811161600,https://x.com/tjmaxx/status/702677140811161600,Thu Feb 25 02:11:00 +0000 2016,@foxowl7 Our customer service team would like to look into this for you. Please give them a call at 1-800-926-6299 M-F between 9AM-6PM EST.,0,0,coder3
wendys_all_h1_01194,batch1_fortune100,20260618expand/classifier_improvement/data/human_labeling_template/coder_splits/coder3_labeling_template.csv,Exxon Mobil,1605629225087602688,https://x.com/exxonmobil/status/1605629225087602688,Wed Dec 21 18:20:13 +0000 2022,Here’s how: 💰~$17B for lower-emission initiatives; ~15%⬆️ 💨 40% methane emission intensity reductions from operated assets by EOY ’21 vs. ’16 🌠 9% Scope 1 and 2 emission intensity reduction from operated assets by EOY ’21 vs. ’16 Read more: https://t.co/ffHJQaJ4xy,0,0,coder3
wendys_all_h1_01195,batch1_fortune100,20260618expand/classifier_improvement/data/human_labeling_template/coder_splits/coder3_labeling_template.csv,Nationwide,1723567239251775590,https://x.com/nationwide/status/1723567239251775590,Sun Nov 12 05:03:46 +0000 2023,Ali Krieger went out on top 🏆 https://t.co/4SeEaTev91,1,1,coder3
wendys_all_h1_01196,batch1_fortune100,20260618expand/classifier_improvement/data/human_labeling_template/coder_splits/coder3_labeling_template.csv,AT&T,1837889337851015248,https://x.com/ATT/status/1837889337851015248,Sun Sep 22 16:18:59 +0000 2024,"🗡️ 2:30 pm PT / 4:30pm CT Head over to our stage for 1v1 with @loltyler1 in esports or maybe rock, paper, scissors - who knows? 🎮✨ Steaming live at https://t.co/e25lZnoYiX. 🤝 4:30 pm - Meet &amp; Greet #TwitchCon2024",0,0,coder3
wendys_all_h1_01197,batch1_fortune100,20260618expand/classifier_improvement/data/human_labeling_template/coder_splits/coder3_labeling_template.csv,MetLife,1417233967556726784,https://x.com/metlife/status/1417233967556726784,Mon Jul 19 21:24:43 +0000 2021,"Just 4 more days left to apply for #InclusiveFintech50, a competition for startups driving financial inclusion and resilience for populations hit hard by the pandemic. Here’s how to supercharge your company’s impact with support from MetLife Foundation: https://t.co/oM1su6NEwc https://t.co/kYjokKhJYe",0,0,coder3
wendys_all_h1_01198,batch1_fortune100,20260618expand/classifier_improvement/data/human_labeling_template/coder_splits/coder3_labeling_template.csv,ConocoPhillips,1772993336863031303,https://x.com/conocophillips/status/1772993336863031303,Wed Mar 27 14:25:26 +0000 2024,"The Beta Crude Connector (BCC) offers crude oil gathering and transportation in the Midland Basin. A wholly owned subsidiary of #ConocoPhillips, the BCC provides equal service opportunities to all shippers, facilitating a fair and competitive environment: https://t.co/apVswRFseh https://t.co/9WonPuSZKB",0,0,coder3
wendys_all_h1_01199,batch1_fortune100,20260618expand/classifier_improvement/data/human_labeling_template/coder_splits/coder3_labeling_template.csv,Enterprise Products Partners,1679317436213116929,https://x.com/EProd_Careers/status/1679317436213116929,Thu Jul 13 02:30:51 +0000 2023,Enterprise Products is an organization rich in energy-related opportunities. Could this one be right for you? Click here to find out. https://t.co/NO3SliWibt #OperationsJobs,0,0,coder3
wendys_all_h1_01200,batch1_fortune100,20260618expand/classifier_improvement/data/human_labeling_template/coder_splits/coder3_labeling_template.csv,Chevron,1873777109375529281,https://x.com/chevron/status/1873777109375529281,Mon Dec 30 17:04:10 +0000 2024,“There can be no nobler nor more ambitious task…than to help shape a just and peaceful world that is truly humane.” President Carter https://t.co/NR3svEmOaA,0,0,coder3
wendys_all_h1_01201,batch1_fortune100,20260618expand/classifier_improvement/data/human_labeling_template/coder_splits/coder3_labeling_template.csv,Enterprise Products Partners,1680732627974901760,https://x.com/EProd_Careers/status/1680732627974901760,Mon Jul 17 00:14:19 +0000 2023,"If you are a highly motivated achiever with a passion for success, we invite you to learn more about Enterprise Products. Apply today! https://t.co/uvgiFkCHNk #MarineServices",0,0,coder3
wendys_all_h1_01202,batch1_fortune100,20260618expand/classifier_improvement/data/human_labeling_template/coder_splits/coder3_labeling_template.csv,Comcast,1832920806931701822,https://x.com/comcast/status/1832920806931701822,Sun Sep 08 23:15:49 +0000 2024,"Merci, Paris. 🇫🇷 #ParisParalympics https://t.co/C5tvrbecWe",0,0,coder3
wendys_all_h1_01203,batch1_fortune100,20260618expand/classifier_improvement/data/human_labeling_template/coder_splits/coder3_labeling_template.csv,Ford Motor,1646944074417446938,https://x.com/Ford/status/1646944074417446938,Fri Apr 14 18:30:40 +0000 2023,"When Formula Drift pro @VaughnGittinJr helps design the All-New 2024 MUSTANG sports car’s optional drift brake, you know things are about to go sideways 😏 @RTR_Vehicles #ReadyToReveal https://t.co/TSKIOuME2O",1,1,coder3
wendys_all_h1_01204,batch1_fortune100,20260618expand/classifier_improvement/data/human_labeling_template/coder_splits/coder3_labeling_template.csv,Bank of America,1647277320510795776,https://x.com/bankofamerica/status/1647277320510795776,Sat Apr 15 16:34:52 +0000 2023,"For 42. Today, we celebrate the life and legacy of a legend that means so much to our game. Thank you for paving the way, Jackie. #Jackie42 https://t.co/kq6OnEUR1a",1,1,coder3
wendys_all_h1_01205,batch1_fortune100,20260618expand/classifier_improvement/data/human_labeling_template/coder_splits/coder3_labeling_template.csv,Elevance Health,1560235442615771136,https://x.com/elevancehealth/status/1560235442615771136,Thu Aug 18 12:01:31 +0000 2022,"Our health is impacted not only by physical and behavioral drivers, but by social factors as well. We call these the social drivers of health rather than social “determinants.” Find out why: #SDOH #WholeHealth https://t.co/CWGD4Z45BS https://t.co/eoFgVkhqih",0,0,coder3
wendys_all_h1_01206,batch1_fortune100,20260618expand/classifier_improvement/data/human_labeling_template/coder_splits/coder3_labeling_template.csv,Goldman Sachs Group,1914786161890857131,https://x.com/GoldmanSachs/status/1914786161890857131,Tue Apr 22 20:59:30 +0000 2025,"Dom Wilson, senior advisor in the Goldman Sachs Global Markets Research Group, shares how investors are navigating market uncertainty. Listen to his perspective on the latest episode of Exchanges: https://t.co/MdcvSKNmUo https://t.co/Di1AT4GPCt",0,0,coder3
wendys_all_h1_01207,batch1_fortune100,20260618expand/classifier_improvement/data/human_labeling_template/coder_splits/coder3_labeling_template.csv,Comcast,1814327437062262957,https://x.com/comcast/status/1814327437062262957,Fri Jul 19 15:52:24 +0000 2024,"RT @Olympics: One week today. Seven days’ time. Next Friday! 🙌 Whichever way you say it, Paris 2024 is almost here! 🤩 #Paris2024 @Paris20…",1,1,coder3
wendys_all_h1_01208,batch1_fortune100,20260618expand/classifier_improvement/data/human_labeling_template/coder_splits/coder3_labeling_template.csv,Tyson Foods,1154390901940215809,https://x.com/tysonfoods/status/1154390901940215809,Thu Jul 25 14:00:13 +0000 2019,We’re excited to welcome @TysonFoods to our global membership! We look forward to working with them on their #waterstewardship journey. Learn more about their current water-related efforts here: https://t.co/LNmpTUOJXM https://t.co/widOQq4yFQ,1,1,coder3
wendys_all_h1_01209,batch1_fortune100,20260618expand/classifier_improvement/data/human_labeling_template/coder_splits/coder3_labeling_template.csv,Coca-Cola,1533478755661914115,https://x.com/cocacola/status/1533478755661914115,Sun Jun 05 16:00:00 +0000 2022,Byte = Virtual + Reality 👨🏿‍💻 #CocaColaCreations #CocaColaByte,1,1,coder3
wendys_all_h1_01210,batch1_fortune100,20260618expand/classifier_improvement/data/human_labeling_template/coder_splits/coder3_labeling_template.csv,AT&T,1715473774508720592,https://x.com/ATT/status/1715473774508720592,Fri Oct 20 21:03:14 +0000 2023,#TwitchConLasVegas is officially here! Check out the AT&amp;T Connected Courtyard for interactive games &amp; a chance to meet your favorite streamers! https://t.co/kjqv8b7w7t,0,0,coder3
wendys_all_h1_01211,batch1_fortune100,20260618expand/classifier_improvement/data/human_labeling_template/coder_splits/coder3_labeling_template.csv,Amazon,1895150960852218252,https://x.com/amazon/status/1895150960852218252,Thu Feb 27 16:36:13 +0000 2025,"A step forward in quantum computing with #AWS. 🚀 Meet Ocelot, our first quantum computing chip tackling one of the field's biggest hurdles; error correction. With up to 90% lower correction overhead, we're bringing quantum systems closer to reality. 🔗 https://t.co/7WuTd8VX5Z https://t.co/xlnxsjcdxw",0,0,coder3
wendys_all_h1_01212,batch1_fortune100,20260618expand/classifier_improvement/data/human_labeling_template/coder_splits/coder3_labeling_template.csv,Nationwide,1586357190368952320,https://x.com/nationwide/status/1586357190368952320,Sat Oct 29 14:00:01 +0000 2022,"Tonight, we make HISTORY. 🏆 @ThornsFC, looking for their third @NWSL title take on cinderella @thekccurrent, looking to become the first team to go from worst to first in league history. 👀 The @NWSL Final in PRIMETIME at 8PM ET on @CBS and streaming on @paramountplus Premium. https://t.co/NPWyePEi3j",1,1,coder3
wendys_all_h1_01213,batch1_fortune100,20260618expand/classifier_improvement/data/human_labeling_template/coder_splits/coder3_labeling_template.csv,Enterprise Products Partners,1682820999434104832,https://x.com/EProd_Careers/status/1682820999434104832,Sat Jul 22 18:32:46 +0000 2023,"Join the Enterprise Products team, one of Houston’s Top Work Places! Check out our open opportunities here. https://t.co/bjIH3Urnj7 #PlantOperator",0,0,coder3
wendys_all_h1_01214,batch1_fortune100,20260618expand/classifier_improvement/data/human_labeling_template/coder_splits/coder3_labeling_template.csv,United Airlines Holdings,1978569811907989649,https://x.com/united/status/1978569811907989649,Wed Oct 15 21:12:57 +0000 2025,"Lightning-fast @Starlink Wi-Fi is now on board our first mainline aircraft. 🛰️ Stay connected from gate to gate on allllll your devices just like you’re at home. That means live streaming, live sports, live gaming, even live watching your pet cam. 😉 Starlink Wi-Fi is already available on more than half of our regional fleet, and it’s rolling out on more planes every day. Free for MileagePlus members.",1,1,coder3
wendys_all_h1_01215,batch1_fortune100,20260618expand/classifier_improvement/data/human_labeling_template/coder_splits/coder3_labeling_template.csv,Merck,2013569951584391510,https://x.com/merck/status/2013569951584391510,Tue Jan 20 11:11:01 +0000 2026,"In collaboration with @moderna_tx, we announced five-year follow-up data from a Phase 2b study evaluating our investigational individualized neoantigen therapy in combination with immunotherapy for #melanoma, reinforcing our commitment to advance cancer research. Learn more here: https://t.co/R712CON007",0,0,coder3
wendys_all_h1_01216,batch1_fortune100,20260618expand/classifier_improvement/data/human_labeling_template/coder_splits/coder3_labeling_template.csv,StoneX Group,2021694617775702096,https://x.com/StoneX_Official/status/2021694617775702096,Wed Feb 11 21:15:32 +0000 2026,"Early market performance often shapes investor expectations long before fundamentals fully play out. Historical data suggests January returns can influence sentiment, risk appetite, and positioning for the rest of the year, even as exceptions remind markets to stay cautious. Michael Lytle, Chief Investment Officer at StoneX Wealth Management, explains why the January Barometer continues to resonate with investors and how to interpret its signals responsibly. Watch the full conversation: https://t.co/RoiRCvBRYW #StoneX #Equities #MarketOutlook",0,0,coder3
wendys_all_h1_01217,batch1_fortune100,20260618expand/classifier_improvement/data/human_labeling_template/coder_splits/coder3_labeling_template.csv,Energy Transfer,1998795757193744537,https://x.com/energytransfer/status/1998795757193744537,Wed Dec 10 16:43:39 +0000 2025,"Every Dallas Stars goal = better for our community! Through our Goals for Good program with the @DS_Foundation , Energy Transfer will donate $200 for every goal scored this season to support local initiatives for children in under-resourced areas of Dallas. Together, we’re turning goals on the ice into brighter futures off the ice!",1,1,coder3
wendys_all_h1_01218,batch1_fortune100,20260618expand/classifier_improvement/data/human_labeling_template/coder_splits/coder3_labeling_template.csv,MetLife,1711456531135213591,https://x.com/metlife/status/1711456531135213591,Mon Oct 09 19:00:09 +0000 2023,New York Times bestselling author and workplace researcher @DanSchawbel discusses the unique organizational support managers need and how employers can develop a supportive culture in their workplace on the new episode of #PuttingNumbersToWork. Listen: https://t.co/hqVmJ5oIAX https://t.co/EUm9NRmNdm,0,0,coder3
wendys_all_h1_01219,batch1_fortune100,20260618expand/classifier_improvement/data/human_labeling_template/coder_splits/coder3_labeling_template.csv,United Airlines Holdings,1754383570339246082,https://x.com/united/status/1754383570339246082,Mon Feb 05 05:56:52 +0000 2024,Welcome to Fabulous Las Vegas! https://t.co/oMXSrikKGk,0,0,coder3
wendys_all_h1_01220,batch1_fortune100,20260618expand/classifier_improvement/data/human_labeling_template/coder_splits/coder3_labeling_template.csv,Energy Transfer,2041922033030676687,https://x.com/energytransfer/status/2041922033030676687,Wed Apr 08 16:52:04 +0000 2026,"Nicely done, Justin! #ProudPartner",1,1,coder3
wendys_all_h1_01221,batch1_fortune100,20260618expand/classifier_improvement/data/human_labeling_template/coder_splits/coder3_labeling_template.csv,Centene,1880269303146049964,https://x.com/centene/status/1880269303146049964,Fri Jan 17 15:01:50 +0000 2025,"Dr. Martin Luther King Jr. showed service can be a powerful force for change. His legacy inspires us to give our time, talents, and skills to build healthier, stronger communities through service. https://t.co/kDMHwtlZVb #MLKDay #CommunityImpact https://t.co/m5bixIryfK",0,0,coder3
wendys_all_h1_01222,batch1_fortune100,20260618expand/classifier_improvement/data/human_labeling_template/coder_splits/coder3_labeling_template.csv,Cisco Systems,1973460943628881942,https://x.com/Cisco/status/1973460943628881942,Wed Oct 01 18:52:08 +0000 2025,RT @CiscoSecure: It's officially #CybersecurityAwarenessMonth! What better way to kick it off than by launching the Cisco Security YouTube…,1,1,coder3
wendys_all_h1_01223,batch1_fortune100,20260618expand/classifier_improvement/data/human_labeling_template/coder_splits/coder3_labeling_template.csv,Walt Disney,1822803667340423504,https://x.com/Disney/status/1822803667340423504,Mon Aug 12 01:13:55 +0000 2024,The Dapper Dans stopped by from @Disneyland to surprise #D23 and celebrate Disney Legend Martha Blanding! https://t.co/gTEnVyJAF1,1,1,coder3
wendys_all_h1_01224,batch1_fortune100,20260618expand/classifier_improvement/data/human_labeling_template/coder_splits/coder3_labeling_template.csv,Delta Air Lines,1882083839616663806,https://x.com/Delta/status/1882083839616663806,Wed Jan 22 15:12:09 +0000 2025,RT @ATLairport: Please continue to monitor all ATL Airport social platforms and our stories for updates. ☁️✈️ https://t.co/wqB6Kd91Ig,0,0,coder3
wendys_all_h1_01225,batch1_fortune100,20260618expand/classifier_improvement/data/human_labeling_template/coder_splits/coder3_labeling_template.csv,Comcast,1803137216161485220,https://x.com/comcast/status/1803137216161485220,Tue Jun 18 18:46:27 +0000 2024,"Things at @UniversalORL just got a lot dreamier ☁️✨ DreamWorks Land is now open to all! Learn how we’re investing in our parks, developing products for younger audiences &amp; bringing beloved stories to life: https://t.co/s80gm6EI2W https://t.co/KO7EEDXGSe",1,1,coder3
wendys_all_h1_01226,batch1_fortune100,20260618expand/classifier_improvement/data/human_labeling_template/coder_splits/coder3_labeling_template.csv,Morgan Stanley,1648442530227441669,https://x.com/morganstanley/status/1648442530227441669,Tue Apr 18 21:45:00 +0000 2023,"Funding solutions for climate change, ocean conservation and biodiversity can have a positive impact on both the planet and investor portfolios. Here’s how: https://t.co/4XCXGIWkS8 #InvestInOurPlanet #EarthWeek",0,0,coder3
wendys_all_h1_01227,batch1_fortune100,20260618expand/classifier_improvement/data/human_labeling_template/coder_splits/coder3_labeling_template.csv,Uber Technologies,1849128589515436267,https://x.com/Uber/status/1849128589515436267,Wed Oct 23 16:39:45 +0000 2024,Let’s talk about your Uber fares and what they pay for. Learn who gets the most and why it might not be what you’d expect. https://t.co/EMZCfaeYLL,0,0,coder3
wendys_all_h1_01228,batch1_fortune100,20260618expand/classifier_improvement/data/human_labeling_template/coder_splits/coder3_labeling_template.csv,Nationwide,1585990794057588737,https://x.com/nationwide/status/1585990794057588737,Fri Oct 28 13:44:06 +0000 2022,"What's your @NWSL championship game prediction? Don't forget to tune it at 8 p.m. ET on @CBS, @Paramountplus‼ https://t.co/fvnuHNlfUL",0,0,coder3
wendys_all_h1_01229,batch1_fortune100,20260618expand/classifier_improvement/data/human_labeling_template/coder_splits/coder3_labeling_template.csv,HCA Healthcare,1759548589208945113,https://x.com/hcahealthcare/status/1759548589208945113,Mon Feb 19 12:00:49 +0000 2024,"Heart arrhythmias, also known as heart rhythm problems, happen when the electrical signals that tell the heart when to beat and pump blood aren't working properly. An irregular heartbeat can be harmless, but other heart rhythm issues can be life-threatening. #HealthierTomorrows https://t.co/FvylBEv1XX",0,0,coder3
wendys_all_h1_01230,batch1_fortune100,20260618expand/classifier_improvement/data/human_labeling_template/coder_splits/coder3_labeling_template.csv,General Dynamics,1550576580098916352,https://x.com/generaldynamics/status/1550576580098916352,Fri Jul 22 20:20:39 +0000 2022,RT @GDMS: 👉43% of our interns become full time employees? As part of the #GDMissionSystems team you'll have both the resources and the su…,0,0,coder3
wendys_all_h1_01231,batch1_fortune100,20260618expand/classifier_improvement/data/human_labeling_template/coder_splits/coder3_labeling_template.csv,Nvidia,1967602621902151763,https://x.com/nvidia/status/1967602621902151763,Mon Sep 15 14:53:16 +0000 2025,"The UK-LLM initiative is creating an AI that thinks in both English and Welsh. Working with @ucl and @BangorUni, the project builds on NVIDIA’s Nemotron open-source models to bring smarter AI tools to regional languages, helping open up fair access to healthcare, education, legal advice, and more.",1,1,coder3
wendys_all_h1_01232,batch1_fortune100,20260618expand/classifier_improvement/data/human_labeling_template/coder_splits/coder3_labeling_template.csv,Coca-Cola,1672347997919739904,https://x.com/cocacola/status/1672347997919739904,Fri Jun 23 20:56:48 +0000 2023,This @JIDsv and @NewJeans_ADOR collaboration is Real Magic. 🎤 🎶 Watch the full performance here https://t.co/ShHRSvdX9c https://t.co/TjjJccgBjE,1,1,coder3
wendys_all_h1_01233,batch1_fortune100,20260618expand/classifier_improvement/data/human_labeling_template/coder_splits/coder3_labeling_template.csv,General Motors,1387091761386905607,https://x.com/GM/status/1387091761386905607,Tue Apr 27 17:10:21 +0000 2021,"It's an honor to be named to @TIME's Top 100 Most Influential Companies. Our electric transformation is driven by our vision of a safe, sustainable future, and we're excited to continue working to bring everybody into the EV movement. #Time100Companies https://t.co/NPFbawhVO2 https://t.co/gDZjbCJ8hP",0,0,coder3
wendys_all_h1_01234,batch1_fortune100,20260618expand/classifier_improvement/data/human_labeling_template/coder_splits/coder3_labeling_template.csv,Allstate,1567625553255235584,https://x.com/allstate/status/1567625553255235584,Wed Sep 07 21:27:11 +0000 2022,"Are you prepared to evacuate quickly if a wildfire is near you? In case of immediate evacuation, here are the 7P's to remember! You can also carry a thumb drive or external hard drive for important data instead of your PC. For more info: https://t.co/4PbDmtxrVj #CAwx #CAfire https://t.co/p7uqgAxn55",1,1,coder3
wendys_all_h1_01235,batch1_fortune100,20260618expand/classifier_improvement/data/human_labeling_template/coder_splits/coder3_labeling_template.csv,Massachusetts Mutual Life,1194692032754790405,https://x.com/massmutual/status/1194692032754790405,Wed Nov 13 19:02:31 +0000 2019,RT @HavenLifeInsure: Meet AgeUp: A new kind of annuity product that is designed to help protect families from the financial risk of loved o…,0,0,coder3
wendys_all_h1_01236,batch1_fortune100,20260618expand/classifier_improvement/data/human_labeling_template/coder_splits/coder3_labeling_template.csv,Merck,1401854207087595522,https://x.com/merck/status/1401854207087595522,Mon Jun 07 10:51:02 +0000 2021,We announced new data from our Phase 3 trial in advanced #kidneycancer. Learn more about our latest research: https://t.co/oDtO2kEjdA #ASCO21 https://t.co/8S0Mj69lfo,0,0,coder3
wendys_all_h1_01237,batch1_fortune100,20260618expand/classifier_improvement/data/human_labeling_template/coder_splits/coder3_labeling_template.csv,Tyson Foods,1135920220134989825,https://x.com/tysonfoods/status/1135920220134989825,Tue Jun 04 14:44:19 +0000 2019,"Asia and Mahogany are 24-year-old twin truck drivers, committed to each other, their jobs and our customers. To learn more about trucking from this dynamic duo, they opened their door and let us in for a quick Q&amp;A. #RaisingExpectations #TheFeedBlog https://t.co/evC2E6CX1N",0,0,coder3
wendys_all_h1_01238,batch1_fortune100,20260618expand/classifier_improvement/data/human_labeling_template/coder_splits/coder3_labeling_template.csv,Enterprise Products Partners,1681644768688996352,https://x.com/EProd_Careers/status/1681644768688996352,Wed Jul 19 12:38:50 +0000 2023,Enterprise Products is an organization rich in energy-related opportunities. Could this one be right for you? Click here to find out. https://t.co/8Gwee6GcoA #MarineServices,0,0,coder3
wendys_all_h1_01239,batch1_fortune100,20260618expand/classifier_improvement/data/human_labeling_template/coder_splits/coder3_labeling_template.csv,Cisco Systems,2057433223085347006,https://x.com/Cisco/status/2057433223085347006,Thu May 21 12:08:00 +0000 2026,"350,000 fans. Millions watching worldwide. One unified network powering it all. 🏁 From seamless connectivity at the track to real-time global race production, Cisco technology helps bring “The Greatest Spectacle in Racing®” to life at Indianapolis Motor Speedway. Learn more: https://t.co/JHU9IPARea #Indy500",1,1,coder3
wendys_all_h1_01240,batch1_fortune100,20260618expand/classifier_improvement/data/human_labeling_template/coder_splits/coder3_labeling_template.csv,HCA Healthcare,2034336692161634726,https://x.com/hcahealthcare/status/2034336692161634726,Wed Mar 18 18:30:38 +0000 2026,"We are honored to announce that HCA Healthcare has been recognized as one of the 2026 #WorldsMostEthicalCompanies by Ethisphere. Take a closer look at what this represents for our patients, colleagues and communities: https://t.co/ONqxlowipy. https://t.co/Sl581pF8Td",1,1,coder3
wendys_all_h1_01241,batch1_fortune100,20260618expand/classifier_improvement/data/human_labeling_template/coder_splits/coder3_labeling_template.csv,Elevance Health,1402011734366359561,https://x.com/elevancehealth/status/1402011734366359561,Mon Jun 07 21:17:00 +0000 2021,"We are finding new ways to improve quality and achieve savings. Find out how we are pioneering tomorrow’s healthcare by providing affordable, high-quality access to care for our customers.",0,0,coder3
wendys_all_h1_01242,batch1_fortune100,20260618expand/classifier_improvement/data/human_labeling_template/coder_splits/coder3_labeling_template.csv,Walmart,1757428296898216019,https://x.com/walmart/status/1757428296898216019,Tue Feb 13 15:35:32 +0000 2024,Happy Galentine’s Day! @ your bestie who you’re having a Galentine’s hang with today. ⬇️,1,1,coder3
wendys_all_h1_01243,batch1_fortune100,20260618expand/classifier_improvement/data/human_labeling_template/coder_splits/coder3_labeling_template.csv,Home Depot,784535404003332096,https://x.com/HDCares/status/784535404003332096,Fri Oct 07 23:26:30 +0000 2016,"@JoshMSr Typically 2-3 hours. You will be notified once the order is ready. If this timeframe has expired, pls contact store MGMT. -TeamCare",0,0,coder3
wendys_all_h1_01244,batch1_fortune100,20260618expand/classifier_improvement/data/human_labeling_template/coder_splits/coder3_labeling_template.csv,Kroger,1225527206673309697,https://x.com/kroger/status/1225527206673309697,Thu Feb 06 21:10:29 +0000 2020,@antarasharma_ We shared your desire to have a Kroger store in your area with our Real Estate Department for further review. Thank you and have a great weekend!,0,0,coder3
wendys_all_h1_01245,batch1_fortune100,20260618expand/classifier_improvement/data/human_labeling_template/coder_splits/coder3_labeling_template.csv,Chevron,1948174190726832515,https://x.com/chevron/status/1948174190726832515,Thu Jul 24 00:11:37 +0000 2025,"We’re built for long-term growth. The Chevron-Hess merger is official, with best-in-class upstream operating cash margins and the largest acreage position in the Gulf of America. ​​ ​​ 📺Get key takeaways from Chairman and CEO Mike Wirth on CNBC here: ​https://t.co/WcCIoxqSha",0,0,coder3
wendys_all_h1_01246,batch1_fortune100,20260618expand/classifier_improvement/data/human_labeling_template/coder_splits/coder3_labeling_template.csv,Johnson & Johnson,1339223813414850561,https://x.com/JNJNews/status/1339223813414850561,Wed Dec 16 15:00:13 +0000 2020,"Despite being a preventable &amp; treatable disease, #TB killed over 1.4 million people in 2019. See how #JNJ is working to help bring us closer to a TB-free world by stepping up our R&amp;D efforts, educating frontline healthcare workers and the public &amp; more: https://t.co/LdVBnJ9ZWg https://t.co/RyRtm21DBR",0,0,coder3
wendys_all_h1_01247,batch1_fortune100,20260618expand/classifier_improvement/data/human_labeling_template/coder_splits/coder3_labeling_template.csv,Nike,1948386730228240523,https://x.com/nike/status/1948386730228240523,Thu Jul 24 14:16:10 +0000 2025,RT @nikebasketball: Hoopers get your hard hats. It’s time to go to work. The Sabrina 3 ‘Blueprint’ is available now. https://t.co/hTF7SR0…,1,1,coder3
wendys_all_h1_01248,batch1_fortune100,20260618expand/classifier_improvement/data/human_labeling_template/coder_splits/coder3_labeling_template.csv,Tesla,1983911108248285581,https://x.com/tesla/status/1983911108248285581,Thu Oct 30 14:57:22 +0000 2025,"My firm, @atreidesmgmt, will be voting in favor of Elon Musk’s performance-based compensation package. And I would prefer that *every* company I invest in have a comparable plan. I believe shareholders should generally support thoughtfully structured performance-based CEO compensation packages because they incentivize CEOs to create transformational growth and value. The basic logic of these plans is the CEO gets 10% of the incremental value creation if they 10x the stock with a 2x hurdle. So shareholders get a 900% stock increase and the CEO gets an incremental 10%. The first Tesla plan incented Elon to >10x the value of Tesla. He achieved all of the milestones and may never be paid for this. The Axon plan incented Rick Smith to >5x the value of Axon and he did. And when milestones aren’t met (such as Farfetch), then the CEOs don’t receive the payouts. The new Tesla plan is arguably better than the first as it also includes financial and technological milestones in addition to market cap-based incentives. Tesla was founded to fight climate change and decarbonize the world. They have succeeded: because of Tesla the world is now on a glide path to significantly lower per capita emissions as EVs of all types replace combustion engines. The world is going to run on sunlight. And while Optimus has the potential to be a great product that will bring about sustainable abundance, Elon absolutely wants to make sure that it is also a safe product. We have all seen ""Terminator"" and ensuring the safety of Optimus is why he needs a greater voting stake in Tesla. Elon's involvement is integral to maintaining Tesla’s current course and trajectory. Without proper alignment and incentivization, I think it is possible that he will focus more on his other goals: (i) helping humanity become a multiplanetary civilization, (ii) creating a BCI to improve the lives of paralyzed and soon blind humans that also paves the way for humans to continue to add value to the world post ASI, (iii) helping to create a multipolar AI world that is safer for humans, and (iv) ensuring that at least one of these AIs is dedicated to the truth. All of these are worthy goals, but so is sustainable abundance here on earth and so is having at least one public company that benefits from his efforts and is accessible to all Americans. If this vote fails, Robyn Denholm, the chair of Tesla’s board, noted that Elon might leave. Elon is mission critical for Optimus and if he leaves, it seems possible that Optimus might be made by a company other than Tesla – whether xAI or SpaceX or some JV - with Tesla receiving some sort of revenue share in return for their contributions to date in the spirit of fairness that Elon has always followed with his investors. I believe it is highly likely that Tesla’s stock would decline significantly should Elon leave and even more should the Optimus team leave with him. If this compensation package is approved, I will be rooting for him as a shareholder as he works super hard to achieve the value-creating milestones that would benefit both him and shareholders. I do not know how other shareholders feel, but I would certainly like another 10x in Tesla and simply do not believe this is possible without Elon. Every vote matters because from my perspective many proxy voting firms are no longer primarily focused on shareholder value creation and the corporate governance departments at many investment firms feel bound to follow their decisions. The silliness of their concerns about dilution are self-evident in that the dilution would only occur after substantial share price appreciation for Tesla. I want my 10x. I should note that @atreidesmgmt is an investor in many of Elon Musk’s companies. @atreidesmgmt invests in these companies because I regard Elon as an exceptional founder who has repeatedly created significant value in different industries.",1,1,coder3
wendys_all_h1_01249,batch1_fortune100,20260618expand/classifier_improvement/data/human_labeling_template/coder_splits/coder3_labeling_template.csv,Uber Technologies,1805762569661300814,https://x.com/Uber/status/1805762569661300814,Wed Jun 26 00:38:40 +0000 2024,"Thank you, @TIME, for recognizing @Uber as one of the World's Most Sustainable Companies! So proud of our team's efforts to lead the charge towards an all-electric future. Much more to come! ⚡⚡",1,1,coder3
wendys_all_h1_01250,batch1_fortune100,20260618expand/classifier_improvement/data/human_labeling_template/coder_splits/coder3_labeling_template.csv,Archer Daniels Midland,1494549747092410369,https://x.com/ADMupdates/status/1494549747092410369,Fri Feb 18 05:50:01 +0000 2022,"Meet the Landreth family, one of ADM's Grower Connect partners. The Landreth family farm was founded in 1868 in Reardan, WA and the Landreths are working hard to keep their farm sustainable for generations to come. 👨‍🌾 https://t.co/rDqmq1d6T4",0,0,coder3
wendys_all_h1_01251,batch1_fortune100,20260618expand/classifier_improvement/data/human_labeling_template/coder_splits/coder3_labeling_template.csv,Nationwide,1888021170206724446,https://x.com/nationwide/status/1888021170206724446,Sat Feb 08 00:24:59 +0000 2025,Ready to find out how @denzelward is so much more than an athlete? 💪 https://t.co/4cvOchcsqn,1,1,coder3
wendys_all_h1_01252,batch1_fortune100,20260618expand/classifier_improvement/data/human_labeling_template/coder_splits/coder3_labeling_template.csv,Home Depot,822125470867222530,https://x.com/HDCares/status/822125470867222530,Thu Jan 19 16:56:01 +0000 2017,"@drmontecalvo Sorry for the inconvenience! For help, Pls send ur order number/contact info to TeamSocial@homedepot.com. -TeamCare",0,0,coder3
wendys_all_h1_01253,batch1_fortune100,20260618expand/classifier_improvement/data/human_labeling_template/coder_splits/coder3_labeling_template.csv,TJX,718506478160777216,https://x.com/tjmaxx/status/718506478160777216,Fri Apr 08 18:31:08 +0000 2016,Just when you thought the deals couldn't get any better! #clearance #maxxfinds #tjmaxx https://t.co/YbyXr74aEX,1,1,coder3
wendys_all_h1_01254,batch1_fortune100,20260618expand/classifier_improvement/data/human_labeling_template/coder_splits/coder3_labeling_template.csv,Target,1480570184519802894,https://x.com/target/status/1480570184519802894,Mon Jan 10 16:00:14 +0000 2022,"My first words were ""tah-git""",1,1,coder3
wendys_all_h1_01255,batch1_fortune100,20260618expand/classifier_improvement/data/human_labeling_template/coder_splits/coder3_labeling_template.csv,Centene,1732074526614180060,https://x.com/centene/status/1732074526614180060,Tue Dec 05 16:28:42 +0000 2023,"""Most of us live in a digitally native environment. Finding the right way to tap into that [...] has been important."" Sarah M. London, CEO of Centene, joined @brucejapsen to discuss using tech to bridge gaps in access at the 2023 #ForbesHealth Summit. https://t.co/a3U5y5GBXT https://t.co/iByV28jQOo",0,0,coder3
wendys_all_h1_01256,batch1_fortune100,20260618expand/classifier_improvement/data/human_labeling_template/coder_splits/coder3_labeling_template.csv,Nationwide,1731125208717635964,https://x.com/nationwide/status/1731125208717635964,Sun Dec 03 01:36:27 +0000 2023,A GOAL FOR COLUMBUUUUUUS https://t.co/KzS7hLc03B,1,1,coder3
wendys_all_h1_01257,batch1_fortune100,20260618expand/classifier_improvement/data/human_labeling_template/coder_splits/coder3_labeling_template.csv,USAA,1938576359023931610,https://x.com/usaa/status/1938576359023931610,Fri Jun 27 12:33:15 +0000 2025,"Retired Army Sergeant Michael C. spent years recovering from the physical wounds he suffered in Afghanistan, but his invisible wounds became a battle of their own. With the support of @WWP, Michael found connection, purpose and a path to healing. If you or someone you know is struggling, visit https://t.co/2PSqAPy5LI",0,0,coder3
wendys_all_h1_01258,batch1_fortune100,20260618expand/classifier_improvement/data/human_labeling_template/coder_splits/coder3_labeling_template.csv,AT&T,1777817980782756139,https://x.com/ATT/status/1777817980782756139,Tue Apr 09 21:56:51 +0000 2024,.@Catchin24,0,0,coder3
wendys_all_h1_01259,batch1_fortune100,20260618expand/classifier_improvement/data/human_labeling_template/coder_splits/coder3_labeling_template.csv,Elevance Health,1560688083879792640,https://x.com/elevancehealth/status/1560688083879792640,Fri Aug 19 18:00:10 +0000 2022,"Behavioral Health and physical health are often treated separately, without regard for the connections between the two. Explore how #BehavioralHealth — and inequities in behavioral health — can change physical health outcomes. (3/4) #MentalHealth https://t.co/wK849yJKTk https://t.co/JNCx9P5v7j",0,0,coder3
wendys_all_h1_01260,batch1_fortune100,20260618expand/classifier_improvement/data/human_labeling_template/coder_splits/coder3_labeling_template.csv,Freddie Mac,1965090253909442949,https://x.com/FreddieMac/status/1965090253909442949,Mon Sep 08 16:30:00 +0000 2025,"Offering both quality and value, manufactured homes play an important role in creating affordable housing in markets that need additional supply. Learn how we're making these homes more accessible nationwide through our ChoiceHome® program. https://t.co/ic8bKjXZbm https://t.co/1ByIYpAF3C",0,0,coder3
wendys_all_h1_01261,batch1_fortune100,20260618expand/classifier_improvement/data/human_labeling_template/coder_splits/coder3_labeling_template.csv,General Dynamics,1511041777628766215,https://x.com/generaldynamics/status/1511041777628766215,Mon Apr 04 18:03:28 +0000 2022,RT @GDBIW: Today Region 10 Technical High School students toured the BIW Training Academy and the @smccmaine Virtual Welding Lab. We're pro…,0,0,coder3
wendys_all_h1_01262,batch1_fortune100,20260618expand/classifier_improvement/data/human_labeling_template/coder_splits/coder3_labeling_template.csv,Dell Technologies,1899460319149265107,https://x.com/Dell/status/1899460319149265107,Tue Mar 11 14:00:05 +0000 2025,"Lightweight, stylish, and works as hard as you do—whether that’s crushing deadlines or curating the perfect work nook. Learn more: https://t.co/lEVGLKDC5T https://t.co/BN8hdv61Ls",1,1,coder3
wendys_all_h1_01263,batch1_fortune100,20260618expand/classifier_improvement/data/human_labeling_template/coder_splits/coder3_labeling_template.csv,Ford Motor,1609218073529126915,https://x.com/Ford/status/1609218073529126915,Sat Dec 31 16:01:01 +0000 2022,"From the tough terrain of our Bronco® Off-Roadeos to the city streets of coast-to-coast Auto Shows, Ford® fans joined us for an incredible ride in 2022 🚙🛻⚡️🏆 #FordRearview https://t.co/cJ9kigZZvY",1,1,coder3
wendys_all_h1_01264,batch1_fortune100,20260618expand/classifier_improvement/data/human_labeling_template/coder_splits/coder3_labeling_template.csv,Boeing,1611437709289000964,https://x.com/boeing/status/1611437709289000964,Fri Jan 06 19:01:03 +0000 2023,Join us in celebrating the final 747 delivery with your favorite #QueenOfTheSkies stories. Share your favorite 747 memories using the hashtag #ThankYou747 for an opportunity to be featured on our social channels. https://t.co/5L06cZl8W5,1,1,coder3
wendys_all_h1_01265,batch1_fortune100,20260618expand/classifier_improvement/data/human_labeling_template/coder_splits/coder3_labeling_template.csv,Ingram Micro Holding,1979179397031612540,https://x.com/IngramMicroInc/status/1979179397031612540,Fri Oct 17 13:35:14 +0000 2025,"Excited to showcase our focus and solutions at GITEX GLOBAL 2025 in Dubai! It's been an amazing experience connecting with our leadership, visionary vendors, trusted partners, and valued customers. Together, we're shaping the future of technology! 💡 #ingrammicro #ingrammicrogulf https://t.co/aIjSl9bs7v",1,1,coder3
wendys_all_h1_01266,batch1_fortune100,20260618expand/classifier_improvement/data/human_labeling_template/coder_splits/coder3_labeling_template.csv,USAA,1662443710091608066,https://x.com/usaa/status/1662443710091608066,Sat May 27 13:00:41 +0000 2023,It’s important that we remember those who have paid the ultimate sacrifice. #MemorialDay #PoppyInMemory https://t.co/RqPzq5i8fg,1,1,coder3
wendys_all_h1_01267,batch1_fortune100,20260618expand/classifier_improvement/data/human_labeling_template/coder_splits/coder3_labeling_template.csv,General Motors,1534194238648369152,https://x.com/GM/status/1534194238648369152,Tue Jun 07 15:23:05 +0000 2022,Let's keep truckin' along with another set of EV clues. Do you know which one it is? I'm a household name. I'm designed with towing in mind. My multi-flex tailgate has six different functions. You know where to cast your vote. 👇,1,1,coder3
wendys_all_h1_01268,batch1_fortune100,20260618expand/classifier_improvement/data/human_labeling_template/coder_splits/coder3_labeling_template.csv,Elevance Health,1526639325873569799,https://x.com/elevancehealth/status/1526639325873569799,Tue May 17 19:02:33 +0000 2022,"Over 2.2 million birthing people live in areas with no obstetric providers or birth centers. Too often, social drivers affect #MaternalHealth outcomes. Learn how we are addressing all of the factors #DrivingOurHealth so that mom and baby can reach their full potential.",0,0,coder3
wendys_all_h1_01269,batch1_fortune100,20260618expand/classifier_improvement/data/human_labeling_template/coder_splits/coder3_labeling_template.csv,StoneX Group,1978955869581664273,https://x.com/StoneX_Official/status/1978955869581664273,Thu Oct 16 22:47:01 +0000 2025,The Canadian Business Barometer long-term index dipped 3.9 points to 46.2 in October 2025.,0,0,coder3
wendys_all_h1_01270,batch1_fortune100,20260618expand/classifier_improvement/data/human_labeling_template/coder_splits/coder3_labeling_template.csv,Ingram Micro Holding,1674486160876515329,https://x.com/IngramMicroInc/status/1674486160876515329,Thu Jun 29 18:33:05 +0000 2023,Media and marketing should be fun! Take these tips from @IngramMicroInc to step up your B2B marketing. #channelpartners #tech https://t.co/iEuEvwlv0A https://t.co/NMNJPOeg12,0,0,coder3
wendys_all_h1_01271,batch1_fortune100,20260618expand/classifier_improvement/data/human_labeling_template/coder_splits/coder3_labeling_template.csv,AbbVie,1892015738635907279,https://x.com/abbvie/status/1892015738635907279,Wed Feb 19 00:57:58 +0000 2025,"[Video description: On-screen text reads, “Oncology News”]",0,0,coder3
wendys_all_h1_01272,batch1_fortune100,20260618expand/classifier_improvement/data/human_labeling_template/coder_splits/coder3_labeling_template.csv,AbbVie,1775177673569878380,https://x.com/abbvie/status/1775177673569878380,Tue Apr 02 15:05:13 +0000 2024,Science’s most profound mysteries are still out there. Our #scientists and #engineers – with backgrounds ranging from #AI to #genomics – are collaborating to solve them. Explore how we’re making the big bets: https://t.co/rWULgTcVMf https://t.co/3YUMY7iq9y,0,0,coder3
wendys_all_h1_01273,batch1_fortune100,20260618expand/classifier_improvement/data/human_labeling_template/coder_splits/coder3_labeling_template.csv,Walmart,2020919050998604047,https://x.com/walmart/status/2020919050998604047,Mon Feb 09 17:53:43 +0000 2026,Credit equiv. to delivery fee on eligible orders. Valid 1x/user. Redeem by 2/10/26 10AM EST. Min. $35. Not transferable. Void where prohibited by law. Not appl. to alcohol or Rx. Customer responsible for all appl. taxes. Subj. to change or expire w/out notice. Restrictions apply.,0,0,coder3
wendys_all_h1_01274,batch1_fortune100,20260618expand/classifier_improvement/data/human_labeling_template/coder_splits/coder3_labeling_template.csv,Walt Disney,1932105584649621821,https://x.com/Disney/status/1932105584649621821,Mon Jun 09 16:00:42 +0000 2025,"Watch the brand new trailer for Marvel Television’s #Ironheart 🤍 Don't miss the 3-episode premiere on June 24 at 6pm PT/ 9pm ET, only on @DisneyPlus. https://t.co/cS1Y60pEAc",1,1,coder3
wendys_all_h1_01275,batch1_fortune100,20260618expand/classifier_improvement/data/human_labeling_template/coder_splits/coder3_labeling_template.csv,Boeing,1864804231682871415,https://x.com/boeing/status/1864804231682871415,Thu Dec 05 22:49:09 +0000 2024,Check out @ATAG_aviation’s latest report. It looks at the work we do with customers &amp; industry partners through ATAG and @iccaia_aero as well as governments worldwide to maintain &amp; grow aviation's economic &amp; societal benefits &amp; to reduce impact on our planet. #ICAO80,0,0,coder3
wendys_all_h1_01276,batch1_fortune100,20260618expand/classifier_improvement/data/human_labeling_template/coder_splits/coder3_labeling_template.csv,Energy Transfer,2038637736928637217,https://x.com/energytransfer/status/2038637736928637217,Mon Mar 30 15:21:27 +0000 2026,RT @EnergyInDepth: Today’s #SundaySpotlight goes to #OilAndGas bringing the energy all tournament long as teams battle for the Final Four🏀…,1,1,coder3
wendys_all_h1_01277,batch1_fortune100,20260618expand/classifier_improvement/data/human_labeling_template/coder_splits/coder3_labeling_template.csv,Walt Disney,1907915952899109204,https://x.com/Disney/status/1907915952899109204,Thu Apr 03 21:59:45 +0000 2025,RT @DisneyStudios: There's one in every family ¯\_(ツ)_/¯ #LiloAndStitch arrives only in theaters May 23! https://t.co/hehrSsR935,1,1,coder3
wendys_all_h1_01278,batch1_fortune100,20260618expand/classifier_improvement/data/human_labeling_template/coder_splits/coder3_labeling_template.csv,Walmart,1824113826049978800,https://x.com/walmart/status/1824113826049978800,Thu Aug 15 16:00:01 +0000 2024,"Not right now, Mommy is ordering Sleepy time tea. #NationalRelaxationDay",1,1,coder3
wendys_all_h1_01279,batch1_fortune100,20260618expand/classifier_improvement/data/human_labeling_template/coder_splits/coder3_labeling_template.csv,Publix Super Markets,1873036185221595381,https://x.com/Publix/status/1873036185221595381,Sat Dec 28 16:00:00 +0000 2024,Which Publix item was your most purchased of 2024? 🥪🍪🍗,0,0,coder3
wendys_all_h1_01280,batch1_fortune100,20260618expand/classifier_improvement/data/human_labeling_template/coder_splits/coder3_labeling_template.csv,Energy Transfer,1991627844376461518,https://x.com/energytransfer/status/1991627844376461518,Thu Nov 20 22:00:55 +0000 2025,"Proud to share that Executive Chairman Kelcy Warren and Co-CEOs Tom Long and Mackie McCrea were named to this year’s Dallas 500. Their leadership keeps Energy Transfer strong and growing, and it’s great to see that recognized in the Dallas business community. https://t.co/S5Etzu4OZe",0,0,coder3
wendys_all_h1_01281,batch1_fortune100,20260618expand/classifier_improvement/data/human_labeling_template/coder_splits/coder3_labeling_template.csv,Merck,1401987631601303557,https://x.com/merck/status/1401987631601303557,Mon Jun 07 19:41:13 +0000 2021,"Carolyn, a three-time #breastcancer survivor, encourages all women to follow their doctor’s advice regarding screening. Her story inspires us to continue driving research forward. #NationalCancerSurvivorMonth #ASCO21",0,0,coder3
wendys_all_h1_01282,batch1_fortune100,20260618expand/classifier_improvement/data/human_labeling_template/coder_splits/coder3_labeling_template.csv,Uber Technologies,2027045656183939494,https://x.com/Uber/status/2027045656183939494,Thu Feb 26 15:38:39 +0000 2026,Introducing Uber Air 🚁 The future is here. These all-electric @jobyaviation air taxis are coming to the Uber app this year! https://t.co/kg7ZmJKslP,1,1,coder3
wendys_all_h1_01283,batch1_fortune100,20260618expand/classifier_improvement/data/human_labeling_template/coder_splits/coder3_labeling_template.csv,Comcast,1856447367031005279,https://x.com/comcast/status/1856447367031005279,Tue Nov 12 21:21:58 +0000 2024,Grab the 🍿 because an even greater selection of entertainment is coming to @Netflix audiences. Netflix and Universal Filmed Entertainment Group have expanded their U.S. licensing deal for feature films. More: https://t.co/JQ1SDYIeXT https://t.co/LE0iOkmnMj,1,1,coder3
wendys_all_h1_01284,batch1_fortune100,20260618expand/classifier_improvement/data/human_labeling_template/coder_splits/coder3_labeling_template.csv,TJX,840280909064609792,https://x.com/tjmaxx/status/840280909064609792,Fri Mar 10 19:19:15 +0000 2017,"@taliababsings Hello Talia, Thanks for reaching out about this. Please give Customer Service a call at 1-800-926-6299 M-F between 9-6EST.",0,0,coder3
wendys_all_h1_01285,batch1_fortune100,20260618expand/classifier_improvement/data/human_labeling_template/coder_splits/coder3_labeling_template.csv,Liberty Mutual Insurance Group,1668648174192582656,https://x.com/LibertyMutual/status/1668648174192582656,Tue Jun 13 15:55:01 +0000 2023,Who founded the first insurance company in the United States? https://t.co/uXBiOKOtPF,0,0,coder3
wendys_all_h1_01286,batch1_fortune100,20260618expand/classifier_improvement/data/human_labeling_template/coder_splits/coder3_labeling_template.csv,Enterprise Products Partners,1679645410837790721,https://x.com/EProd_Careers/status/1679645410837790721,Fri Jul 14 00:14:06 +0000 2023,"If you’re ready to start a new career in Farmington, NM, the Enterprise Products team awaits you. Click here to learn more about this fantastic opportunity. https://t.co/2Sg8RRv83q #TechnicianJobs",0,0,coder3
wendys_all_h1_01287,batch1_fortune100,20260618expand/classifier_improvement/data/human_labeling_template/coder_splits/coder3_labeling_template.csv,Ingram Micro Holding,1830999700599656680,https://x.com/IngramMicroInc/status/1830999700599656680,Tue Sep 03 16:02:01 +0000 2024,"We're excited to announce our new photovoltaic system in Staubing, Germany which converts sunlight into electrical energy! 🌞 We use 65% of the electricity produced, with the rest feeding the public grid. Super cool! #ingrammicro #IngramMicroESG https://t.co/wGhqythKfb",1,1,coder3
wendys_all_h1_01288,batch1_fortune100,20260618expand/classifier_improvement/data/human_labeling_template/coder_splits/coder3_labeling_template.csv,Walt Disney,1901059284743712783,https://x.com/Disney/status/1901059284743712783,Sat Mar 15 23:53:48 +0000 2025,Snow White &amp; the Evil Queen make a royal entrance at the World Premiere of #SnowWhite in Los Angeles.👑 https://t.co/NYpo8kbprb,1,1,coder3
wendys_all_h1_01289,batch1_fortune100,20260618expand/classifier_improvement/data/human_labeling_template/coder_splits/coder3_labeling_template.csv,Comcast,2014363218387325059,https://x.com/comcast/status/2014363218387325059,Thu Jan 22 15:43:10 +0000 2026,"A whole new way to watch sports is coming to @Peacock. 📱🏒🏀 From behind‑the‑scenes Winter Olympic moments to alternate NBA game angles and bench views, Peacock lets fans choose how they watch — plus interactive games, highlights, and more: https://t.co/dbAhX8qSR5 https://t.co/Prmm24KEto",1,1,coder3
wendys_all_h1_01290,batch1_fortune100,20260618expand/classifier_improvement/data/human_labeling_template/coder_splits/coder3_labeling_template.csv,Home Depot,1525611922426630144,https://x.com/homedepot/status/1525611922426630144,Sat May 14 23:00:01 +0000 2022,We interrupt your scroll for this very important reminder: make your move easier this summer with our moving calculator! https://t.co/RyGIwI3WCs 📸: _roza.cook_ on IG https://t.co/fXxivFgiMw,0,0,coder3
wendys_all_h1_01291,batch1_fortune100,20260618expand/classifier_improvement/data/human_labeling_template/coder_splits/coder3_labeling_template.csv,Nvidia,1981466261566497195,https://x.com/nvidia/status/1981466261566497195,Thu Oct 23 21:02:25 +0000 2025,"We’re honored to be named No. 1 on @TIME’s inaugural America’s Growth Leaders list. This recognition reflects the impact of every NVIDIAN, researcher, and partner fueling our mission to redefine what’s possible in computing. See TIME and Statista's full list: https://t.co/ItObjFCg4o #NVIDIAlife",0,0,coder3
wendys_all_h1_01292,batch1_fortune100,20260618expand/classifier_improvement/data/human_labeling_template/coder_splits/coder3_labeling_template.csv,Chevron,1679928754293075968,https://x.com/chevron/status/1679928754293075968,Fri Jul 14 19:00:01 +0000 2023,Chevron’s history in the Middle East is a tale of trial and perseverance. Learn how we made our comeback after a five-year production stop. https://t.co/n0ViHYneTx,0,0,coder3
wendys_all_h1_01293,batch1_fortune100,20260618expand/classifier_improvement/data/human_labeling_template/coder_splits/coder3_labeling_template.csv,Archer Daniels Midland,1478050557474521089,https://x.com/ADMupdates/status/1478050557474521089,Mon Jan 03 17:08:08 +0000 2022,"💧1 in 9 people globally lack access to clean water​. 💦ADM's partnership with @Water has contributed over 26.4 million gallons of water per year to watershed health​, 🌊 The partnership has provided safe water access to more than 500,000 living in disadvantaged communities. https://t.co/P0ZVINLGXL",0,0,coder3
wendys_all_h1_01294,batch1_fortune100,20260618expand/classifier_improvement/data/human_labeling_template/coder_splits/coder3_labeling_template.csv,Amazon,1728503847784436037,https://x.com/amazon/status/1728503847784436037,Sat Nov 25 20:00:06 +0000 2023,"Friendship may be priceless, but these gifts are all under $35. Shop Amazon's Holiday Shop for your bestie now. https://t.co/ZzxPB2nLfQ https://t.co/9YEDM6Bpq8",1,1,coder3
wendys_all_h1_01295,batch1_fortune100,20260618expand/classifier_improvement/data/human_labeling_template/coder_splits/coder3_labeling_template.csv,Massachusetts Mutual Life,1298355718546960384,https://x.com/massmutual/status/1298355718546960384,Tue Aug 25 20:25:00 +0000 2020,"Some life events can remind you that you need some financial know-how, especially if you haven’t planned ahead.",0,0,coder3
wendys_all_h1_01296,batch1_fortune100,20260618expand/classifier_improvement/data/human_labeling_template/coder_splits/coder3_labeling_template.csv,Archer Daniels Midland,1563268567881359361,https://x.com/ADMupdates/status/1563268567881359361,Fri Aug 26 20:54:05 +0000 2022,"TGI-#InternationalDogDay ! 🐶🐾 As unique and diverse as our people force, meet #TeamADM's PAW-sitively adorable canine companions. You’ll thank us later! https://t.co/ZKm5v3nf1e",1,1,coder3
wendys_all_h1_01297,batch1_fortune100,20260618expand/classifier_improvement/data/human_labeling_template/coder_splits/coder3_labeling_template.csv,HCA Healthcare,1787965205613330596,https://x.com/hcahealthcare/status/1787965205613330596,Tue May 07 21:58:18 +0000 2024,Nearly 1 in 4 stroke survivors will have another stroke. Talk to your doctor about managing risk factors to help prevent another one. The HCA Healthcare Foundation is proud to be a national sponsor of @American_Heart’s Getting to the Heart of Stroke™ initiative. #StrokeMonth https://t.co/Rshz0iXhi7,0,0,coder3
wendys_all_h1_01298,batch1_fortune100,20260618expand/classifier_improvement/data/human_labeling_template/coder_splits/coder3_labeling_template.csv,Archer Daniels Midland,1717842345029140745,https://x.com/ADMupdates/status/1717842345029140745,Fri Oct 27 09:55:05 +0000 2023,"Did you know? ADM BioSolutions offers functional, plant-based rheology modifiers that can replace commonly used synthetic, petrochemical-based thickeners to enhance viscosity in personal care products. https://t.co/gjkm8dLLKR",0,0,coder3
wendys_all_h1_01299,batch1_fortune100,20260618expand/classifier_improvement/data/human_labeling_template/coder_splits/coder3_labeling_template.csv,Capital One Financial,1589052500518240256,https://x.com/CapitalOne/status/1589052500518240256,Sun Nov 06 00:30:13 +0000 2022,We brought #MajorLeagueBenefits home to fans! Our Bring Home the #WorldSeries Kit is made to awaken the senses with tasty treats and souvenirs that make you feel like you’re truly at the game. https://t.co/JJF4AagpaQ,0,0,coder3
wendys_all_h1_01300,batch1_fortune100,20260618expand/classifier_improvement/data/human_labeling_template/coder_splits/coder3_labeling_template.csv,Nvidia,2021337380184051848,https://x.com/nvidia/status/2021337380184051848,Tue Feb 10 21:36:00 +0000 2026,"👏 NVIDIA and @Samsung are building an AI factory to transform global intelligent manufacturing. Through this collaboration, Samsung and NVIDIA are setting a global benchmark for AI-driven semiconductor manufacturing at scale and increase operational efficiency in autonomous fab environments. Learn more now: https://t.co/5B4RW7nM4V #SEMICONKorea",0,0,coder3
wendys_all_h1_01301,batch1_fortune100,20260618expand/classifier_improvement/data/human_labeling_template/coder_splits/coder3_labeling_template.csv,Nvidia,2023926641961955484,https://x.com/nvidia/status/2023926641961955484,Wed Feb 18 01:04:48 +0000 2026,"At #IndiaAIImpactSummit2026, we revealed how agentic #AI is reshaping India's tech landscape. With NVIDIA AI Enterprise and Nemotron models, India's technology leaders including @Infosys, @Persistentsys, @tech_mahindra and @Wipro are accelerating productivity across industries — from call centers to telecommunications and healthcare. Read more: https://t.co/kkbpIr0NlL",0,0,coder3
wendys_all_h1_01302,batch1_fortune100,20260618expand/classifier_improvement/data/human_labeling_template/coder_splits/coder3_labeling_template.csv,Kroger,1422594071651094529,https://x.com/kroger/status/1422594071651094529,Tue Aug 03 16:23:51 +0000 2021,How it started: How it's going: https://t.co/VhjOHpvb36,0,0,coder3
wendys_all_h1_01303,batch1_fortune100,20260618expand/classifier_improvement/data/human_labeling_template/coder_splits/coder3_labeling_template.csv,USAA,1882515506357580254,https://x.com/usaa/status/1882515506357580254,Thu Jan 23 19:47:26 +0000 2025,"#ad Amazing day in Portland, Maine, surprising Staff Sgt. Matt Jabaut with tickets to the Super Bowl, thanks to @USAA, @NFL, and @AmericanLegion! He's given so much for us and I'm honored to help give something back. Can't wait to see you in NOLA! #SaluteToService https://t.co/e0Mx1RUkf5",1,1,coder3
wendys_all_h1_01304,batch1_fortune100,20260618expand/classifier_improvement/data/human_labeling_template/coder_splits/coder3_labeling_template.csv,Publix Super Markets,1588184250150522881,https://x.com/Publix/status/1588184250150522881,Thu Nov 03 15:00:06 +0000 2022,It’s okay to subtweet us today. #NationalSandwichDay https://t.co/TAPjVetBnz,1,1,coder3
wendys_all_h1_01305,batch1_fortune100,20260618expand/classifier_improvement/data/human_labeling_template/coder_splits/coder3_labeling_template.csv,PepsiCo,1559540406265778180,https://x.com/pepsico/status/1559540406265778180,Tue Aug 16 13:59:42 +0000 2022,"Can fashion act as a vehicle to end childhood hunger? Can a low-tech irrigation system help improve crop yields? Find out on our #JourneytoZeroHunger podcast, featuring Eran Pollak, David Hertz + Lauren Bush Lauren: https://t.co/uzlbYz77XI https://t.co/QZi0G1WV8z",0,0,coder3
wendys_all_h1_01306,batch1_fortune100,20260618expand/classifier_improvement/data/human_labeling_template/coder_splits/coder3_labeling_template.csv,Home Depot,776778260214640640,https://x.com/HDCares/status/776778260214640640,Fri Sep 16 13:42:23 +0000 2016,@brojasonh We'd like further insight regarding ur visit. Pls send add’l details/contact info/post to TeamSocial@homedepot.com. -TeamCare,0,0,coder3
wendys_all_h1_01307,batch1_fortune100,20260618expand/classifier_improvement/data/human_labeling_template/coder_splits/coder3_labeling_template.csv,Prudential Financial,1409504962929905668,https://x.com/Prudential/status/1409504962929905668,Mon Jun 28 13:32:25 +0000 2021,"Today at #AspenIdeas, tune in to Prudential Vice Chair Rob Falzon’s discussion with Professor @ZeynepTon of @MIT about the evolving needs of the American workforce and the role employers play in supporting workers desire for greater flexibility, skilling, &amp; financial resiliency.",0,0,coder3
wendys_all_h1_01308,batch1_fortune100,20260618expand/classifier_improvement/data/human_labeling_template/coder_splits/coder3_labeling_template.csv,JPMorgan Chase,1405489362444468229,https://x.com/jpmorgan/status/1405489362444468229,Thu Jun 17 11:35:51 +0000 2021,"A decade after launching in the UK, today we’re excited to announce the next chapter for Nutmeg. We will become wholly owned by @jpmorgan @Chase and form the bedrock of their digital wealth management offering outside the US 👇https://t.co/OCCR8ern51",0,0,coder3
wendys_all_h1_01309,batch1_fortune100,20260618expand/classifier_improvement/data/human_labeling_template/coder_splits/coder3_labeling_template.csv,Tesla,2018402303028703447,https://x.com/tesla/status/2018402303028703447,Mon Feb 02 19:13:03 +0000 2026,"Dear @elonmusk, My husband and I are in our 70s, and we just bought our first Tesla Model Y and Full Self-Driving. After two weeks it's clear our Model Y is more than a car; it's like a robot companion! It will help us stay independent as we age and are not able to drive ourselves. Thank you for your visionary work in making this possible for humankind. We're so grateful! Warm regards, Vickie (@firecracker1956)",1,1,coder3
wendys_all_h1_01310,batch1_fortune100,20260618expand/classifier_improvement/data/human_labeling_template/coder_splits/coder3_labeling_template.csv,Walmart,1943342199376072745,https://x.com/walmart/status/1943342199376072745,Thu Jul 10 16:11:00 +0000 2025,you'll like the way you frolic i guarantee it https://t.co/DM4YpxS6bx,1,1,coder3
wendys_all_h1_01311,batch1_fortune100,20260618expand/classifier_improvement/data/human_labeling_template/coder_splits/coder3_labeling_template.csv,FedEx,1640337885999116289,https://x.com/fedex/status/1640337885999116289,Mon Mar 27 13:00:02 +0000 2023,"During a severe storm, a children’s hospital sent a bone marrow biopsy crucial for the treatment of a customer’s son. The customer contacted Arianne Cento. She rushed the request, and found the right team member for a successful delivery. Thank you, Arianne! #WomensHistoryMonth https://t.co/F3ycjkZiPJ",1,1,coder3
wendys_all_h1_01312,batch1_fortune100,20260618expand/classifier_improvement/data/human_labeling_template/coder_splits/coder3_labeling_template.csv,Morgan Stanley,1662141545552973824,https://x.com/morganstanley/status/1662141545552973824,Fri May 26 17:00:00 +0000 2023,Morgan Stanley Wealth Management suggests six questions couples should ask each other about money. Have you asked your partner about their five-year money goals? https://t.co/6GsOL03yXK,0,0,coder3
wendys_all_h1_01313,batch1_fortune100,20260618expand/classifier_improvement/data/human_labeling_template/coder_splits/coder3_labeling_template.csv,Massachusetts Mutual Life,1467885987225161733,https://x.com/massmutual/status/1467885987225161733,Mon Dec 06 15:57:46 +0000 2021,"After the sudden death of her husband, a widow is building her life as an entrepreneur. Listen to the fourth episode of Fair Shares from @MassMutual here: https://t.co/qnN6GoAwmI",0,0,coder3
wendys_all_h1_01314,batch1_fortune100,20260618expand/classifier_improvement/data/human_labeling_template/coder_splits/coder3_labeling_template.csv,Liberty Mutual Insurance Group,1055162758117933056,https://x.com/LibertyMutual/status/1055162758117933056,Wed Oct 24 18:23:00 +0000 2018,Sometimes teens can feel embarrassed to let their parents know they want to be picked-up when with friends. Creating a secret code is a great way to discreetly get the message across. #LetsMasterThis,1,1,coder3
wendys_all_h1_01315,batch1_fortune100,20260618expand/classifier_improvement/data/human_labeling_template/coder_splits/coder3_labeling_template.csv,Merck,1928422705159602648,https://x.com/merck/status/1928422705159602648,Fri May 30 12:06:15 +0000 2025,"Today at #ASCO25, we continue to advance our oncology pipeline with the presentation of new data from a Phase 2/3 study of our investigational #hematology candidate in diffuse large B-cell lymphoma. Learn more here: https://t.co/HVPdgunL9F https://t.co/N2uONz7XVG",0,0,coder3
wendys_all_h1_01316,batch1_fortune100,20260618expand/classifier_improvement/data/human_labeling_template/coder_splits/coder3_labeling_template.csv,MetLife,1572586454857154564,https://x.com/metlife/status/1572586454857154564,Wed Sep 21 14:00:02 +0000 2022,"Have you considered all your family's expenses, including day-to-day bills like groceries, utility bills or gas? Life Insurance is about making sure they're covered for it all – the big and small – in case something happens. Learn how we can help. https://t.co/w6kpHfoZmn #LIAM https://t.co/FijJtaSVBi",0,0,coder3
wendys_all_h1_01317,batch1_fortune100,20260618expand/classifier_improvement/data/human_labeling_template/coder_splits/coder3_labeling_template.csv,General Dynamics,1554926025754218498,https://x.com/generaldynamics/status/1554926025754218498,Wed Aug 03 20:23:48 +0000 2022,"A Virginia-class #submarine section makes its way to the sea shuttle through @gdelectricboat’s Quonset Point, RI shipyard. https://t.co/DxkGC1jWx5",0,0,coder3
wendys_all_h1_01318,batch1_fortune100,20260618expand/classifier_improvement/data/human_labeling_template/coder_splits/coder3_labeling_template.csv,Nvidia,2032853345430548810,https://x.com/nvidia/status/2032853345430548810,Sat Mar 14 16:16:20 +0000 2026,"RT @NVIDIAGTC: Before Jensen Huang’s GTC 2026 keynote, the conversation starts with our GTC Live pregame. Join us Monday morning at 8 a.m.…",0,0,coder3
wendys_all_h1_01319,batch1_fortune100,20260618expand/classifier_improvement/data/human_labeling_template/coder_splits/coder3_labeling_template.csv,Delta Air Lines,1923462028758269970,https://x.com/Delta/status/1923462028758269970,Fri May 16 19:34:18 +0000 2025,"From ramp to runway, meet the everyday heroes behind every Delta journey. Watch the @MissionFilm collection on board with Delta Sync and catch Mission: Impossible - The Final Reckoning, only in theaters May 23. https://t.co/7MsWQXZ5Uc",1,1,coder3
wendys_all_h1_01320,batch1_fortune100,20260618expand/classifier_improvement/data/human_labeling_template/coder_splits/coder3_labeling_template.csv,Procter & Gamble,1694834234131656929,https://x.com/ProcterGamble/status/1694834234131656929,Thu Aug 24 22:09:04 +0000 2023,"RT @M25M_org: Our team, with @ProcterGamble, has been helping provide the comforts of home to people recovering from the Hawaii wildfires.…",1,1,coder3
wendys_all_h1_01321,batch1_fortune100,20260618expand/classifier_improvement/data/human_labeling_template/coder_splits/coder3_labeling_template.csv,Coca-Cola,1537870560012779521,https://x.com/cocacola/status/1537870560012779521,Fri Jun 17 18:51:28 +0000 2022,#Toronto the views from the 6 now include the 2026 World Cup ⚽️. Are your face paints ready?,1,1,coder3
wendys_all_h1_01322,batch1_fortune100,20260618expand/classifier_improvement/data/human_labeling_template/coder_splits/coder3_labeling_template.csv,Cisco Systems,2060081194436292890,https://x.com/Cisco/status/2060081194436292890,Thu May 28 19:30:05 +0000 2026,"""If you want your team to move faster, you have to move faster."" Cisco Chair and CEO, Chuck Robbins joined @Semafor’s The CEO Signal to discuss the realities of leading through AI-driven change and share his perspectives on why momentum matters more than perfection. Watch the full interview here: https://t.co/H2N6yerFm4",0,0,coder3
wendys_all_h1_01323,batch1_fortune100,20260618expand/classifier_improvement/data/human_labeling_template/coder_splits/coder3_labeling_template.csv,Kroger,1455240759934914573,https://x.com/kroger/status/1455240759934914573,Mon Nov 01 18:30:08 +0000 2021,Mix up your work lunch with something fresh! Introducing Bento Boxes! Click here for the recipe: https://t.co/AijNfVXmGr https://t.co/dEGzUbP5Zf,0,0,coder3
wendys_all_h1_01324,batch1_fortune100,20260618expand/classifier_improvement/data/human_labeling_template/coder_splits/coder3_labeling_template.csv,TJX,809392233359310848,https://x.com/tjmaxx/status/809392233359310848,Thu Dec 15 13:38:40 +0000 2016,@_Shaante please give us a call at 800-926-6299 M-F 9-6 EST so we can assist further.,0,0,coder3
wendys_all_h1_01325,batch1_fortune100,20260618expand/classifier_improvement/data/human_labeling_template/coder_splits/coder3_labeling_template.csv,Amazon,2008975276584432051,https://x.com/amazon/status/2008975276584432051,Wed Jan 07 18:53:25 +0000 2026,"RT @amazonnews: Building AI that thinks with us means tackling some of the field’s toughest challenges. 🎧 Making a Mind, a new podcast ho…",0,0,coder3
wendys_all_h1_01326,batch1_fortune100,20260618expand/classifier_improvement/data/human_labeling_template/coder_splits/coder3_labeling_template.csv,Enterprise Products Partners,1682147019492823042,https://x.com/EProd_Careers/status/1682147019492823042,Thu Jul 20 21:54:36 +0000 2023,Discover exciting and rewarding ways to apply your talents at Enterprise Products. Click here to find out more! https://t.co/mHYMOGYleQ #OperationsJobs,0,0,coder3
wendys_all_h1_01327,batch1_fortune100,20260618expand/classifier_improvement/data/human_labeling_template/coder_splits/coder3_labeling_template.csv,Travelers,1645422942480728070,https://x.com/travelers/status/1645422942480728070,Mon Apr 10 13:46:14 +0000 2023,The @Travelers 2023 Risk Index on Distracted Driving says that 70% of survey participants believe distracted driving is a bigger issue now compared to only a few years ago. https://t.co/zXuAJliXL9 #autoinsurance #distracteddriving #insurtech,0,0,coder3
wendys_all_h1_01328,batch1_fortune100,20260618expand/classifier_improvement/data/human_labeling_template/coder_splits/coder3_labeling_template.csv,Tesla,2030805931563630928,https://x.com/tesla/status/2030805931563630928,Mon Mar 09 00:40:39 +0000 2026,"Meet Ian, 68 years old. He just bought his first EV, a Tesla with FSD. He wrote to me about what a life-changing experience it has been: “I have Parkinson’s and FSD is a godsend. It really helps me by not needing to constantly keep my foot on the accelerator pedal.” https://t.co/GaEH5ynGkf",1,1,coder3
wendys_all_h1_01329,batch1_fortune100,20260618expand/classifier_improvement/data/human_labeling_template/coder_splits/coder3_labeling_template.csv,Progressive,2048764695792775216,https://x.com/progressive/status/2048764695792775216,Mon Apr 27 14:02:22 +0000 2026,Know someone who cleans house just like their folks used to? Share this advice from #DrRick https://t.co/E3g3teWrCA,1,1,coder3
wendys_all_h1_01330,batch1_fortune100,20260618expand/classifier_improvement/data/human_labeling_template/coder_splits/coder3_labeling_template.csv,Enterprise Products Partners,1682028886362845185,https://x.com/EProd_Careers/status/1682028886362845185,Thu Jul 20 14:05:11 +0000 2023,"Think you would excel as our next Planner, Maintenance (Midland, TX)? Consider Enterprise Products as YOUR pipeline for career success! Apply today. https://t.co/UI3QV3RBIs #MaintenancePlanner",0,0,coder3
wendys_all_h1_01331,batch1_fortune100,20260618expand/classifier_improvement/data/human_labeling_template/coder_splits/coder3_labeling_template.csv,General Dynamics,1528768206546010114,https://x.com/generaldynamics/status/1528768206546010114,Mon May 23 16:01:58 +0000 2022,"Last week Bath-built USS Momsen (DDG 92) underwent a replenishment-at-sea in the Gulf of Oman, during which fuel and stores were transferred from the dry cargo and ammunition ship USNS Charles Drew (T-AKE 10). #BathBuiltinAction (Photo credit via @USNavy) https://t.co/5Xk0wsBc0p",0,0,coder3
wendys_all_h1_01332,batch1_fortune100,20260618expand/classifier_improvement/data/human_labeling_template/coder_splits/coder3_labeling_template.csv,FedEx,1598117129315930119,https://x.com/fedex/status/1598117129315930119,Thu Dec 01 00:49:49 +0000 2022,The best players through the air and on the ground for Week 12 have been named: @MikeWhiteQB and @iAM_JoshJacobs! Congrats to both on their FedEx #AirandGround victories. https://t.co/O6G2CdnF0h,1,1,coder3
wendys_all_h1_01333,batch1_fortune100,20260618expand/classifier_improvement/data/human_labeling_template/coder_splits/coder3_labeling_template.csv,Lowe's,1441050450506178561,https://x.com/lowes/status/1441050450506178561,Thu Sep 23 14:42:55 +0000 2021,It's a showdown of historic NFC powers on SNF! Who are you taking this Sunday night? NBC Sports // @lowes,0,0,coder3
wendys_all_h1_01334,batch1_fortune100,20260618expand/classifier_improvement/data/human_labeling_template/coder_splits/coder3_labeling_template.csv,Comcast,1840808057540133315,https://x.com/comcast/status/1840808057540133315,Mon Sep 30 17:36:56 +0000 2024,"Photographer Aldo Delara's new project, created in partnership with Comcast, is inspired by his Mexican American heritage, capturing the jaripeos that are a big part of the culture. Learn how we're celebrating #HispanicHeritageMonth across our platforms: https://t.co/gUVLsZAcf0",0,0,coder3
wendys_all_h1_01335,batch1_fortune100,20260618expand/classifier_improvement/data/human_labeling_template/coder_splits/coder3_labeling_template.csv,Home Depot,760943200848777222,https://x.com/HDCares/status/760943200848777222,Wed Aug 03 20:59:31 +0000 2016,@rcamus23 Oh no! Please send order number/contact info/post to TeamSocial@homedepot.com so we can look into this. -TeamCare,0,0,coder3
wendys_all_h1_01336,batch1_fortune100,20260618expand/classifier_improvement/data/human_labeling_template/coder_splits/coder3_labeling_template.csv,Eli Lilly,2057476508076187683,https://x.com/EliLillyandCo/status/2057476508076187683,Thu May 21 15:00:00 +0000 2026,"Why is it so hard to maintain long-term weight loss? Without a plan for maintenance, your body may work to push your weight back up. Learn more: https://t.co/qTGBOKpJdG #WeAreLilly https://t.co/BMyLEyqRr9",0,0,coder3
wendys_all_h1_01337,batch1_fortune100,20260618expand/classifier_improvement/data/human_labeling_template/coder_splits/coder3_labeling_template.csv,Lowe's,1370402087801065475,https://x.com/lowes/status/1370402087801065475,Fri Mar 12 15:51:33 +0000 2021,We're so proud of our associates in Texas for helping those still in need after the severe winter storms. Thanks to @TODAYshow for showing them in action!,1,1,coder3
wendys_all_h1_01338,batch1_fortune100,20260618expand/classifier_improvement/data/human_labeling_template/coder_splits/coder3_labeling_template.csv,Amazon,1902071355526484361,https://x.com/amazon/status/1902071355526484361,Tue Mar 18 18:55:24 +0000 2025,"Alexa+ is designed to leverage state-of-the-art architecture that connects LLMs, agentic capabilities, third-party services, and more. Here are 5 things you really need to know about Amazon's smartest, most conversational, and personalized AI assistant to date 🤩👇. https://t.co/Pxpm1gbWdw",1,1,coder3
wendys_all_h1_01339,batch1_fortune100,20260618expand/classifier_improvement/data/human_labeling_template/coder_splits/coder3_labeling_template.csv,Walmart,1905275003735617771,https://x.com/walmart/status/1905275003735617771,Thu Mar 27 15:05:33 +0000 2025,crashing out bc I grabbed a basket but need a cart and that’s a long walk back,1,1,coder3
wendys_all_h1_01340,batch1_fortune100,20260618expand/classifier_improvement/data/human_labeling_template/coder_splits/coder3_labeling_template.csv,JPMorgan Chase,2054577406904537403,https://x.com/jpmorgan/status/2054577406904537403,Wed May 13 15:00:00 +0000 2026,"A strong start to the year. Matthieu Wiltz, J.P. Morgan Co-CEO for EMEA, shares why first quarter momentum in corporate transactions and financing activity looks constructive, supported by a solid pipeline, strong investor appetite, and high cash levels that can help underpin continued performance in the months ahead. https://t.co/udlFOokyXJ",0,0,coder3
wendys_all_h1_01341,batch1_fortune100,20260618expand/classifier_improvement/data/human_labeling_template/coder_splits/coder3_labeling_template.csv,Tyson Foods,1509533785544613890,https://x.com/tysonfoods/status/1509533785544613890,Thu Mar 31 14:11:14 +0000 2022,Excited to see what’s ahead for these @McDonalds All-Americans and next year’s @RazorbackMBB team! #WPS,1,1,coder3
wendys_all_h1_01342,batch1_fortune100,20260618expand/classifier_improvement/data/human_labeling_template/coder_splits/coder3_labeling_template.csv,Home Depot,768895850307284992,https://x.com/HDCares/status/768895850307284992,Thu Aug 25 19:40:30 +0000 2016,@SeanGilrein Oh No! Please send add’l details/contact info and order # to TeamSocial@homedepot.com so we can address. –TeamCare,0,0,coder3
wendys_all_h1_01343,batch1_fortune100,20260618expand/classifier_improvement/data/human_labeling_template/coder_splits/coder3_labeling_template.csv,Bristol-Myers Squibb,1537148691987025921,https://x.com/bmsnews/status/1537148691987025921,Wed Jun 15 19:03:01 +0000 2022,"At #BIO2022, we shared our perspective on leveraging digital innovation to drive breakthroughs for patients. https://t.co/iZZTvrZ5ac",0,0,coder3
wendys_all_h1_01344,batch1_fortune100,20260618expand/classifier_improvement/data/human_labeling_template/coder_splits/coder3_labeling_template.csv,TJX,695606241620594692,https://x.com/tjmaxx/status/695606241620594692,Fri Feb 05 13:53:46 +0000 2016,@OddErikaah - Thank you for reaching out regarding this matter. Please contact Associate Relations at 1-800-859-6488.,0,0,coder3
wendys_all_h1_01345,batch1_fortune100,20260618expand/classifier_improvement/data/human_labeling_template/coder_splits/coder3_labeling_template.csv,HP,1728133680541950384,https://x.com/hp/status/1728133680541950384,Fri Nov 24 19:29:11 +0000 2023,Need some #BlackFriday shopping inspo? We’ve got ya covered 😉 Pick the tech emoji combo that most relates to you then head to https://t.co/WpZ8GBMw42 to shop today’s deals: https://t.co/oEkujTqSIT https://t.co/tPpgIRq65p,1,1,coder3
wendys_all_h1_01346,batch1_fortune100,20260618expand/classifier_improvement/data/human_labeling_template/coder_splits/coder3_labeling_template.csv,CVS Health,1576965400956379140,https://x.com/cvshealth/status/1576965400956379140,Mon Oct 03 16:00:24 +0000 2022,"In celebration of Customer Service Week, we recognize our outstanding #TeamCVS colleagues who bring that purpose to life through the incredible care they provide every day. Thank you for your unwavering dedication and exceptional customer service. Happy #CustomerServiceWeek! https://t.co/Pl3US3YsFm",1,1,coder3
wendys_all_h1_01347,batch1_fortune100,20260618expand/classifier_improvement/data/human_labeling_template/coder_splits/coder3_labeling_template.csv,Microsoft,1978930144728215717,https://x.com/microsoft/status/1978930144728215717,Thu Oct 16 21:04:47 +0000 2025,"The computer you can talk to is here 🙌 Stay in your flow, brainstorm and get answers - simply by asking. Try Copilot on Windows 11 today: https://t.co/3Tw3YroD2t https://t.co/TqW5kKRtJS",1,1,coder3
wendys_all_h1_01348,batch1_fortune100,20260618expand/classifier_improvement/data/human_labeling_template/coder_splits/coder3_labeling_template.csv,Morgan Stanley,2018809070292005255,https://x.com/morganstanley/status/2018809070292005255,Tue Feb 03 22:09:24 +0000 2026,Our Chief Cross-Asset Strategist Serena Tang and senior leaders from Investment Management Andrew Slimmon and Jitania Kandhari unpack new investment trends from supportive monetary and fiscal policy and shifting market leadership. Tune into the latest Thoughts on the Market. https://t.co/Q5ex9jpYMG,0,0,coder3
wendys_all_h1_01349,batch1_fortune100,20260618expand/classifier_improvement/data/human_labeling_template/coder_splits/coder3_labeling_template.csv,Morgan Stanley,1620889726877147157,https://x.com/morganstanley/status/1620889726877147157,Wed Feb 01 21:00:00 +0000 2023,"Investors are increasingly focusing on short-term market dynamics, but the three opportunities could be long-term secular transitions. Here are the 3 major trends we’re watching. https://t.co/iOnAbcXJdr",0,0,coder3
wendys_all_h1_01350,batch1_fortune100,20260618expand/classifier_improvement/data/human_labeling_template/coder_splits/coder3_labeling_template.csv,Humana,1635695615861567527,https://x.com/humana/status/1635695615861567527,Tue Mar 14 17:33:19 +0000 2023,"In her 18 months at Humana, Carolyn has already made a lasting impact and has driven work that put Humana in the top 10 organizations for diversity from DiversityInc in 2022.",0,0,coder3
wendys_all_h1_01351,batch1_fortune100,20260618expand/classifier_improvement/data/human_labeling_template/coder_splits/coder3_labeling_template.csv,Walt Disney,1961789517964144781,https://x.com/Disney/status/1961789517964144781,Sat Aug 30 13:54:04 +0000 2025,RT @DisneyParks: Worlds are colliding. A red overlay and music from Nine Inch Nails are on the way to Walt Disney World and Shanghai Disne…,1,1,coder3
wendys_all_h1_01352,batch1_fortune100,20260618expand/classifier_improvement/data/human_labeling_template/coder_splits/coder3_labeling_template.csv,Enterprise Products Partners,1682570360020160514,https://x.com/EProd_Careers/status/1682570360020160514,Sat Jul 22 01:56:49 +0000 2023,Discover exciting and rewarding ways to apply your talents at Enterprise Products. Click here to find out more! https://t.co/BAj5aoYEUO #MaintenanceJobs,0,0,coder3
wendys_all_h1_01353,batch1_fortune100,20260618expand/classifier_improvement/data/human_labeling_template/coder_splits/coder3_labeling_template.csv,Tesla,2048654664783007801,https://x.com/tesla/status/2048654664783007801,Mon Apr 27 06:45:08 +0000 2026,"FSD v14.3.2 pulled onto the shoulder to avoid a car coming up at full speed that hadn't started its lane change yet, then got back into the lane, and then changed lanes to let another car merge onto the highway at the same time. @Tesla_AI @aelluswamy @elonmusk My first reaction was ""what the hell is going on."" I let it do its thing because since v14, FSD has shown me on many occasions that it was right and I was wrong. It really is becoming safer than humans at handling dangerous situations. I also want to point out that if this had been someone newer to FSD, they probably would have disengaged the moment FSD started swerving toward the shoulder, and would've posted ""FSD tried to run me into the ditch"".",1,1,coder3
wendys_all_h1_01354,batch1_fortune100,20260618expand/classifier_improvement/data/human_labeling_template/coder_splits/coder3_labeling_template.csv,Alphabet,2056786395067552140,https://x.com/google/status/2056786395067552140,Tue May 19 17:17:44 +0000 2026,"Meet Gemini Omni — our new AI model that can create anything from any input, starting with video. 🪄 #GoogleIO",0,0,coder3
wendys_all_h1_01355,batch1_fortune100,20260618expand/classifier_improvement/data/human_labeling_template/coder_splits/coder3_labeling_template.csv,Boeing,1547253298125758465,https://x.com/boeing/status/1547253298125758465,Wed Jul 13 16:15:07 +0000 2022,Our majestic 737-10 has touched down for its first UK visit as we prepare for the highly-anticipated #FIA2022! 🇬🇧✈️ https://t.co/iajKpKwl6Y,0,0,coder3
wendys_all_h1_01356,batch1_fortune100,20260618expand/classifier_improvement/data/human_labeling_template/coder_splits/coder3_labeling_template.csv,Tesla,1882065767715479883,https://x.com/tesla/status/1882065767715479883,Wed Jan 22 14:00:20 +0000 2025,New Model 3 wins Edmunds Top Rated award in Electric Car category Thanks @edmunds! https://t.co/aIeO68xOhy,1,1,coder3
wendys_all_h1_01357,batch1_fortune100,20260618expand/classifier_improvement/data/human_labeling_template/coder_splits/coder3_labeling_template.csv,TJX,696713080802254848,https://x.com/tjmaxx/status/696713080802254848,Mon Feb 08 15:11:57 +0000 2016,"@colesteger1 Hello, thank you for reaching out regarding this matter. Please contact Associate Relations at 1-800-859-6488.",0,0,coder3
wendys_all_h1_01358,batch1_fortune100,20260618expand/classifier_improvement/data/human_labeling_template/coder_splits/coder3_labeling_template.csv,Travelers,1498397059661107200,https://x.com/travelers/status/1498397059661107200,Mon Feb 28 20:37:52 +0000 2022,"What is your business’s risk tolerance and strategy? Join host Joan Woodward for three March webinars as she explores climate, geopolitical and road risk on #WednesdayswithWoodward. Register now for the webinars: https://t.co/wdVM6VfYMh https://t.co/WzDX9C0fgv",0,0,coder3
wendys_all_h1_01359,batch1_fortune100,20260618expand/classifier_improvement/data/human_labeling_template/coder_splits/coder3_labeling_template.csv,Humana,1688595864963411968,https://x.com/humana/status/1688595864963411968,Mon Aug 07 17:00:01 +0000 2023,"We believe everyone's health journey is unique. And, we aim to act with intention, improving #healthequity by understanding each person's unique needs and circumstances, as well as removing non-medical barriers to care.",0,0,coder3
wendys_all_h1_01360,batch1_fortune100,20260618expand/classifier_improvement/data/human_labeling_template/coder_splits/coder3_labeling_template.csv,Prudential Financial,1155896879185629189,https://x.com/Prudential/status/1155896879185629189,Mon Jul 29 17:44:26 +0000 2019,"For Memphis entrepreneur Audrey Willis, #financialwellness means protecting her income—and her family—from the unexpected. What does financial wellness mean to you? https://t.co/qemcs2ZnvD",0,0,coder3
wendys_all_h1_01361,batch1_fortune100,20260618expand/classifier_improvement/data/human_labeling_template/coder_splits/coder3_labeling_template.csv,Delta Air Lines,1989050029970190521,https://x.com/Delta/status/1989050029970190521,Thu Nov 13 19:17:36 +0000 2025,"Planned FAA-directed cancellations are complete through Nov. 14. With minimal ATC constraints, we expect normal operations and are closely monitoring for any potential disruptions. As always, safety remains our top priority.",0,0,coder3
wendys_all_h1_01362,batch1_fortune100,20260618expand/classifier_improvement/data/human_labeling_template/coder_splits/coder3_labeling_template.csv,Goldman Sachs Group,1928513855245734065,https://x.com/GoldmanSachs/status/1928513855245734065,Fri May 30 18:08:27 +0000 2025,"What factors could drive emerging market equities higher in the months ahead? Stratford Dennis, head of emerging market equities in Global Banking &amp; Markets, discusses with Mike Washington on the Goldman Sachs trading floor: https://t.co/iUrf5wIjTW https://t.co/udVj5oTWQu",0,0,coder3
wendys_all_h1_01363,batch1_fortune100,20260618expand/classifier_improvement/data/human_labeling_template/coder_splits/coder3_labeling_template.csv,Massachusetts Mutual Life,1454508401829072896,https://x.com/massmutual/status/1454508401829072896,Sat Oct 30 18:00:01 +0000 2021,"As they celebrate the season with 🍭 and costumes, financial experts say parents should engage their children in age-appropriate dialogue that can help pave the way for responsible saving and spending habits down the road. Learn how. https://t.co/GH5l59NLeR https://t.co/Oo4Cx2Dhvf",0,0,coder3
wendys_all_h1_01364,batch1_fortune100,20260618expand/classifier_improvement/data/human_labeling_template/coder_splits/coder3_labeling_template.csv,Enterprise Products Partners,1680646596810383360,https://x.com/EProd_Careers/status/1680646596810383360,Sun Jul 16 18:32:28 +0000 2023,"Enterprise Products is the name to know in energy…and we want to know more about what would make you a great Inland Wheelman – Starting Pay: $600/day – \*Offering $5,000 sign on bonus\*. Apply today! https://t.co/wN8RXfjzJ4 #MarineServices",0,0,coder3
wendys_all_h1_01365,batch1_fortune100,20260618expand/classifier_improvement/data/human_labeling_template/coder_splits/coder3_labeling_template.csv,Goldman Sachs Group,1806329886400749667,https://x.com/GoldmanSachs/status/1806329886400749667,Thu Jun 27 14:12:59 +0000 2024,Goldman Sachs will finish rolling out its first generative artificial intelligence tool—for code generation—to thousands of developers across the company by the end of the month https://t.co/2E8WZHeWD0 https://t.co/2E8WZHeWD0,0,0,coder3
wendys_all_h1_01366,batch1_fortune100,20260618expand/classifier_improvement/data/human_labeling_template/coder_splits/coder3_labeling_template.csv,TJX,734407540373659650,https://x.com/tjmaxx/status/734407540373659650,Sun May 22 15:36:16 +0000 2016,"@MathEweCoalSun Hello, thanks for reaching out to us about this. Which store location were you in?",0,0,coder3
wendys_all_h1_01367,batch1_fortune100,20260618expand/classifier_improvement/data/human_labeling_template/coder_splits/coder3_labeling_template.csv,MetLife,1622601574940872705,https://x.com/metlife/status/1622601574940872705,Mon Feb 06 14:22:16 +0000 2023,"Finding the right financial advisor to help you on your journey to financial wellness can be hard, and even more so for communities facing resource inequities. Upwise from MetLife and @WeAreOfColor shared some insights to help navigate the search: https://t.co/U743fvrzjU https://t.co/YFt7d5lkmQ",0,0,coder3
wendys_all_h1_01368,batch1_fortune100,20260618expand/classifier_improvement/data/human_labeling_template/coder_splits/coder3_labeling_template.csv,Ford Motor,1527289402766106625,https://x.com/Ford/status/1527289402766106625,Thu May 19 14:05:43 +0000 2022,"""For me, it's all about cars, movement and our mutual passion for things that get us around."" -@JimFarley98, CEO @Ford. Listen to #DRIVEpod for free, only on @Spotify, starting Wednesday, May 25 🎙️🎧 https://t.co/aAigpkHEv0",0,0,coder3
wendys_all_h1_01369,batch1_fortune100,20260618expand/classifier_improvement/data/human_labeling_template/coder_splits/coder3_labeling_template.csv,Wells Fargo,1841209471806157202,https://x.com/wellsfargo/status/1841209471806157202,Tue Oct 01 20:12:00 +0000 2024,"Our thoughts are with our customers, employees, and communities impacted by Hurricane Helene. We are donating more than $1 million to support relief efforts across the Southeast. https://t.co/6tLSthaLlb https://t.co/M3wDc9AOqZ",0,0,coder3
wendys_all_h1_01370,batch1_fortune100,20260618expand/classifier_improvement/data/human_labeling_template/coder_splits/coder3_labeling_template.csv,Chevron,1610693111851937793,https://x.com/chevron/status/1610693111851937793,Wed Jan 04 17:42:17 +0000 2023,"The correct answer is A, “Livestock waste.” Trapping dairy methane helps reduce GHG emissions and helps create renewable fuel.",0,0,coder3
wendys_all_h1_01371,batch1_fortune100,20260618expand/classifier_improvement/data/human_labeling_template/coder_splits/coder3_labeling_template.csv,Marathon Petroleum,1956420342878003265,https://x.com/MarathonPetroCo/status/1956420342878003265,Fri Aug 15 18:18:52 +0000 2025,Learn more about this unforgettable experience and how our sponsorship is helping carry the museum’s mission forward. 🔗 https://t.co/QYI8dawIUC https://t.co/EzFLei9VJt,0,0,coder3
wendys_all_h1_01372,batch1_fortune100,20260618expand/classifier_improvement/data/human_labeling_template/coder_splits/coder3_labeling_template.csv,PepsiCo,1448378057409056772,https://x.com/pepsico/status/1448378057409056772,Wed Oct 13 20:00:13 +0000 2021,"From launching Juntos Crecemos to supporting Hispanic-owned businesses to creating scholarships, we’re committed to uplifting Hispanic people, businesses, and communities. Thanks for recognizing our efforts on your 2021 Corporate Inclusion Index, @HACRORG! https://t.co/8D0NG76DgK",0,0,coder3
wendys_all_h1_01373,batch1_fortune100,20260618expand/classifier_improvement/data/human_labeling_template/coder_splits/coder3_labeling_template.csv,Caterpillar,1590365479327391744,https://x.com/CaterpillarInc/status/1590365479327391744,Wed Nov 09 15:27:32 +0000 2022,"We are proud to be name one of America’s Best Employers for Veterans 2022. Military service builds strong work ethic, discipline and an understanding of teamwork that can carry into a fulfilling and successful career with Caterpillar. #iAmCaterpillar",0,0,coder3
wendys_all_h1_01374,batch1_fortune100,20260618expand/classifier_improvement/data/human_labeling_template/coder_splits/coder3_labeling_template.csv,Lockheed Martin,1865776915757371618,https://x.com/lockheedmartin/status/1865776915757371618,Sun Dec 08 15:14:15 +0000 2024,All of the other reindeer — used to laugh and call him names ... 🔴 The 19th Maintenance Squadron worked together to transform a C-130A Hercules display aircraft outside the base into a Rudolph the Red-Nosed Reindeer display. @LRAFB https://t.co/FvRlXUL1TU,1,1,coder3
wendys_all_h1_01375,batch1_fortune100,20260618expand/classifier_improvement/data/human_labeling_template/coder_splits/coder3_labeling_template.csv,Liberty Mutual Insurance Group,1037410180533821440,https://x.com/LibertyMutual/status/1037410180533821440,Wed Sep 05 18:40:35 +0000 2018,@StacieinAtlanta @LibertyMutual A3. How much actual coverage I needed #LetsMasterThis,0,0,coder3
wendys_all_h1_01376,batch1_fortune100,20260618expand/classifier_improvement/data/human_labeling_template/coder_splits/coder3_labeling_template.csv,Ingram Micro Holding,1706814943423787250,https://x.com/IngramMicroInc/status/1706814943423787250,Tue Sep 26 23:36:08 +0000 2023,RT @IngramMicroUSA: “Xvantage is enabling us and you to do in seconds and minutes what once took hours and days to accomplish.” -@thekirkro…,0,0,coder3
wendys_all_h1_01377,batch1_fortune100,20260618expand/classifier_improvement/data/human_labeling_template/coder_splits/coder3_labeling_template.csv,MetLife,1357312952915922946,https://x.com/metlife/status/1357312952915922946,Thu Feb 04 13:00:00 +0000 2021,News to smile about: Dental insurance can help pay for clear aligners. 😁😁 Learn more here: https://t.co/SBhi25Y4Eq #NationalChildrensDentalHealthMonth,0,0,coder3
wendys_all_h1_01378,batch1_fortune100,20260618expand/classifier_improvement/data/human_labeling_template/coder_splits/coder3_labeling_template.csv,Home Depot,799314291656630273,https://x.com/HDCares/status/799314291656630273,Thu Nov 17 18:12:32 +0000 2016,@YPIusa Our pleasure!! We are happy to help. -TeamCare,0,0,coder3
wendys_all_h1_01379,batch1_fortune100,20260618expand/classifier_improvement/data/human_labeling_template/coder_splits/coder3_labeling_template.csv,Lowe's,1357802184327516162,https://x.com/lowes/status/1357802184327516162,Fri Feb 05 21:24:02 +0000 2021,True or False: The @Buccaneers are the first team to play a Super Bowl in their home stadium,0,0,coder3
wendys_all_h1_01380,batch1_fortune100,20260618expand/classifier_improvement/data/human_labeling_template/coder_splits/coder3_labeling_template.csv,Dell Technologies,1932090309229293880,https://x.com/Dell/status/1932090309229293880,Mon Jun 09 15:00:00 +0000 2025,hOw MaNy LiKeS fOr A fReE pC?,1,1,coder3
wendys_all_h1_01381,batch1_fortune100,20260618expand/classifier_improvement/data/human_labeling_template/coder_splits/coder3_labeling_template.csv,TD Synnex,1516856006399119365,https://x.com/tdsynnex/status/1516856006399119365,Wed Apr 20 19:07:08 +0000 2022,"Jennifer, one of our #recruiters here at TD SYNNEX, describes her #1 interview tip that will instantly help you stand out from other candidates. What’s the best question you can ask a prospective employer during an interview? https://t.co/FwP4D5Uya5",0,0,coder3
wendys_all_h1_01382,batch1_fortune100,20260618expand/classifier_improvement/data/human_labeling_template/coder_splits/coder3_labeling_template.csv,Nationwide,1624941573975801856,https://x.com/nationwide/status/1624941573975801856,Mon Feb 13 01:20:35 +0000 2023,✨Manifesting a rendition of our jingle during the halftime show✨,0,0,coder3
wendys_all_h1_01383,batch1_fortune100,20260618expand/classifier_improvement/data/human_labeling_template/coder_splits/coder3_labeling_template.csv,Albertsons,1380264188740796422,https://x.com/albertsons/status/1380264188740796422,Thu Apr 08 21:00:01 +0000 2021,"Like for DriveUp &amp; Go™, RT for Grocery Delivery 😎",1,1,coder3
wendys_all_h1_01384,batch1_fortune100,20260618expand/classifier_improvement/data/human_labeling_template/coder_splits/coder3_labeling_template.csv,Walt Disney,1950538821671813401,https://x.com/Disney/status/1950538821671813401,Wed Jul 30 12:47:49 +0000 2025,"Hopps &amp; Wilde are BACK 🦊🐰 Get ready for #Zootopia2, only in theaters November 26! https://t.co/n85JaHD5XW",0,0,coder3
wendys_all_h1_01385,batch1_fortune100,20260618expand/classifier_improvement/data/human_labeling_template/coder_splits/coder3_labeling_template.csv,Walmart,2020670702961988062,https://x.com/walmart/status/2020670702961988062,Mon Feb 09 01:26:52 +0000 2026,Credit equiv. to delivery fee on eligible orders. Valid 1x/user. Redeem by 2/9/26 10PM EST. Min. $35. Not transferable. Void where prohibited by law. Not appl. to alcohol or Rx. Customer responsible for all appl. taxes. Subj. to change or expire w/out notice. Restrictions apply.,0,0,coder3
wendys_all_h1_01386,batch1_fortune100,20260618expand/classifier_improvement/data/human_labeling_template/coder_splits/coder3_labeling_template.csv,Massachusetts Mutual Life,1577328007555039232,https://x.com/massmutual/status/1577328007555039232,Tue Oct 04 16:01:16 +0000 2022,"When Covid closed multiple Metropolitan Dallas YMCAs, MassMutual financial professional and chairman of the @YMCADallas board, Daniel Drabinski, helped re-open his local Y and raise $600,000 to give residents access to basic needs services. https://t.co/YZUPVzd9Gd #LiveMutual https://t.co/D7erSCkSNY",0,0,coder3
wendys_all_h1_01387,batch1_fortune100,20260618expand/classifier_improvement/data/human_labeling_template/coder_splits/coder3_labeling_template.csv,Tyson Foods,1158706660409577472,https://x.com/tysonfoods/status/1158706660409577472,Tue Aug 06 11:49:30 +0000 2019,Our Summer Intern Mike interviews our participants to obtain their feedback on our Meet Up &amp; Eat UP program. The kids have a blast participating in these mock interviews! #TysonCommunities @TysonFoods @CampusCompactIL https://t.co/FNMfHcRUOL,0,0,coder3
wendys_all_h1_01388,batch1_fortune100,20260618expand/classifier_improvement/data/human_labeling_template/coder_splits/coder3_labeling_template.csv,Lockheed Martin,1983942341875417422,https://x.com/lockheedmartin/status/1983942341875417422,Thu Oct 30 17:01:28 +0000 2025,The battlefield isn’t always visible. 🛜 The same waves that power military technologies can also be used to disrupt them. That’s why dominance in the electromagnetic spectrum is critical. Learn how spectrum dominance turns the invisible into a strategic edge. ⬇️ https://t.co/Ua1lRVVpOh,0,0,coder3
wendys_all_h1_01389,batch1_fortune100,20260618expand/classifier_improvement/data/human_labeling_template/coder_splits/coder3_labeling_template.csv,Dell Technologies,1841518708050596287,https://x.com/Dell/status/1841518708050596287,Wed Oct 02 16:40:48 +0000 2024,"Keeping it cool this Wednesday, just like the XPS 13 😎 How are you channeling chill vibes this week? https://t.co/6juGk2Sqtt",1,1,coder3
wendys_all_h1_01390,batch1_fortune100,20260618expand/classifier_improvement/data/human_labeling_template/coder_splits/coder3_labeling_template.csv,Target,1397966878329524224,https://x.com/target/status/1397966878329524224,Thu May 27 17:24:11 +0000 2021,Who's your crush?,1,1,coder3
wendys_all_h1_01391,batch1_fortune100,20260618expand/classifier_improvement/data/human_labeling_template/coder_splits/coder3_labeling_template.csv,HP,1753455820249997819,https://x.com/hp/status/1753455820249997819,Fri Feb 02 16:30:19 +0000 2024,Excited that HP will be the first brand to appear on @realmadrid’s kit sleeve in 121 years of the club’s history. A new collaboration centered around: Community 🤝 Innovation Tech 🤝 Sport HP 🤝 Real Madrid Learn more: https://t.co/t7sRZEsehC https://t.co/eEKB7aDITC,1,1,coder3
wendys_all_h1_01392,batch1_fortune100,20260618expand/classifier_improvement/data/human_labeling_template/coder_splits/coder3_labeling_template.csv,USAA,1651685646610624522,https://x.com/usaa/status/1651685646610624522,Thu Apr 27 20:31:59 +0000 2023,Who’s ready for the 2023 #NFLDraft? Honored to be participate in @USAA’s chalk talk speaking with #Military members from @whitemanairforcebase &amp; @fortleavenworth while enjoying some Kansas City BBQ! Thank you to all our armed forces for your service &amp;sacrifice. #SaluteToService https://t.co/sVL52lUoM7,1,1,coder3
wendys_all_h1_01393,batch1_fortune100,20260618expand/classifier_improvement/data/human_labeling_template/coder_splits/coder3_labeling_template.csv,RTX,1808149859758711025,https://x.com/RTX_News/status/1808149859758711025,Tue Jul 02 14:44:55 +0000 2024,NEWS: Raytheon signs contract with Mitsubishi Electric Corporation (MELCO) to repair allied forces fighter radars. Details: https://t.co/HvDgq7VmEr https://t.co/eEcmxxp9XM,0,0,coder3
wendys_all_h1_01394,batch1_fortune100,20260618expand/classifier_improvement/data/human_labeling_template/coder_splits/coder3_labeling_template.csv,Cisco Systems,2045127140178309466,https://x.com/Cisco/status/2045127140178309466,Fri Apr 17 13:08:01 +0000 2026,Explore the ways our employees make an impact: https://t.co/VRBWn98XYC Hear more about Anmol's journey at Cisco: https://t.co/zaO2c4vfS7,0,0,coder3
wendys_all_h1_01395,batch1_fortune100,20260618expand/classifier_improvement/data/human_labeling_template/coder_splits/coder3_labeling_template.csv,IBM,1680203083949768707,https://x.com/ibm/status/1680203083949768707,Sat Jul 15 13:10:06 +0000 2023,(6/6) 2023 AI Draw Analysis &amp; AI Commentary AI Draw Analysis showcases a player’s potential path to the final. AI Commentary joins AI Highlights to give fans even more ways to experience the tournament. https://t.co/iyygPCeECi,0,0,coder3
wendys_all_h1_01396,batch1_fortune100,20260618expand/classifier_improvement/data/human_labeling_template/coder_splits/coder3_labeling_template.csv,Comcast,1917998963929604276,https://x.com/comcast/status/1917998963929604276,Thu May 01 17:46:02 +0000 2025,"Introducing a new Premium Unlimited plan from Xfinity Mobile, delivering gig speeds + upgraded features including: 📱 4K UHD streaming ✌️ Twice a year phone upgrades 🛜 More hotspot data 💰 Big savings Learn more: https://t.co/s7og7KNtSo https://t.co/34mZOtiJZI",0,0,coder3
wendys_all_h1_01397,batch1_fortune100,20260618expand/classifier_improvement/data/human_labeling_template/coder_splits/coder3_labeling_template.csv,Cisco Systems,1899550900634403141,https://x.com/Cisco/status/1899550900634403141,Tue Mar 11 20:00:01 +0000 2025,"🚀 AI is reshaping networking—stay ahead! 🎧 In this episode of #CiscoChampionRadio, we cover: 🔹 Must-have AI skills 🔹 Real-world AI applications 🔹 Free AI learning (34 CEE credits!) Listen here: https://t.co/MhiGRvZs7w https://t.co/LcxbZRq02E",0,0,coder3
wendys_all_h1_01398,batch1_fortune100,20260618expand/classifier_improvement/data/human_labeling_template/coder_splits/coder3_labeling_template.csv,Bristol-Myers Squibb,1507430021496979468,https://x.com/bmsnews/status/1507430021496979468,Fri Mar 25 18:51:38 +0000 2022,"This #KidneyCancerAwarenessMonth, we join @kidneycan in applauding all caregivers and their dedication to #kidneycancer patients.",0,0,coder3
wendys_all_h1_01399,batch1_fortune100,20260618expand/classifier_improvement/data/human_labeling_template/coder_splits/coder3_labeling_template.csv,Humana,1606379114906222593,https://x.com/humana/status/1606379114906222593,Fri Dec 23 20:00:00 +0000 2022,ICYMI -- Take a moment to focus on you during the hustle and bustle of the holiday season. Give yourself permission to breathe deeply and relax. Meditation and mindfulness help reduce stress which promotes whole-person health.,0,0,coder3
wendys_all_h1_01400,batch1_fortune100,20260618expand/classifier_improvement/data/human_labeling_template/coder_splits/coder3_labeling_template.csv,Sysco,1550971529042661376,https://x.com/sysco/status/1550971529042661376,Sat Jul 23 22:30:02 +0000 2022,"Give customers the best of land &amp; sea with two iconic summer favorites. ⁣ Whether you prefer to pair a flavorful steak with delicious codfish, shrimp, or salmon - you can't go wrong adding a surf and turf option to your menu. Shop Portico Seafood here. https://t.co/EaJbVw75Yf https://t.co/H8fWvfVVZE",0,0,coder3
wendys_all_h1_01401,batch1_fortune100,20260618expand/classifier_improvement/data/human_labeling_template/coder_splits/coder3_labeling_template.csv,Ingram Micro Holding,1858903086451839107,https://x.com/IngramMicroInc/status/1858903086451839107,Tue Nov 19 16:00:07 +0000 2024,We’re proud to announce Ingram Micro Hungary has won the “Family Friendly Business of 2024” award! We believe in a workplace where our employees feel genuinely supported and appreciated. #ingrammicro #ingrammicrohungary #ingrammicroesg https://t.co/Vogo8gzMd3,0,0,coder3
wendys_all_h1_01402,batch1_fortune100,20260618expand/classifier_improvement/data/human_labeling_template/coder_splits/coder3_labeling_template.csv,Bristol-Myers Squibb,1897980628252971353,https://x.com/bmsnews/status/1897980628252971353,Fri Mar 07 12:00:19 +0000 2025,#MEDIA: The European Commission has issued a positive decision for our dual #immunotherapy combination as a first-line treatment option for adult patients with unresectable or advanced #hepatocellularcarcinoma. https://t.co/biyV9N6ooR https://t.co/gF9C0s9Der,0,0,coder3
wendys_all_h1_01403,batch1_fortune100,20260618expand/classifier_improvement/data/human_labeling_template/coder_splits/coder3_labeling_template.csv,Walt Disney,2051331150053089525,https://x.com/Disney/status/2051331150053089525,Mon May 04 16:00:32 +0000 2026,Star Wars returns to the big screen. Don’t miss Star Wars: The Mandalorian and Grogu only in theaters and IMAX May 22. Get tickets now. https://t.co/oO5Cz6UMdF https://t.co/WR5CEWrSEA,0,0,coder3
wendys_all_h1_01404,batch1_fortune100,20260618expand/classifier_improvement/data/human_labeling_template/coder_splits/coder3_labeling_template.csv,AbbVie,1932864688309563643,https://x.com/abbvie/status/1932864688309563643,Wed Jun 11 18:17:07 +0000 2025,NEWS: The @US_FDA has approved a label expansion for our #hepatitisC therapy to treat eligible patients with acute #HCV. Learn more about our commitment to help reduce the spread of the virus: https://t.co/pPLb6e6nyk https://t.co/sx4Vzi3Yb1,0,0,coder3
wendys_all_h1_01405,batch1_fortune100,20260618expand/classifier_improvement/data/human_labeling_template/coder_splits/coder3_labeling_template.csv,Walmart,1687131211011948544,https://x.com/walmart/status/1687131211011948544,Thu Aug 03 16:00:00 +0000 2023,Our job is just... store,1,1,coder3
wendys_all_h1_01406,batch1_fortune100,20260618expand/classifier_improvement/data/human_labeling_template/coder_splits/coder3_labeling_template.csv,Travelers,1653845733806579713,https://x.com/travelers/status/1653845733806579713,Wed May 03 19:35:24 +0000 2023,RT @BCCCC: [CASE STUDY at #BCConf23] Travelers EDGE® leaders shared about a program designed to increase the number of diverse individuals…,0,0,coder3
wendys_all_h1_01407,batch1_fortune100,20260618expand/classifier_improvement/data/human_labeling_template/coder_splits/coder3_labeling_template.csv,General Dynamics,1595802420596027397,https://x.com/generaldynamics/status/1595802420596027397,Thu Nov 24 15:32:00 +0000 2022,"Thank you to Corporate Member @GulfstreamAero!👏 Specializing in business jets, #Gulfstream is constantly breaking #aviation records, won the 2014 #CollierTrophy for the Gulfstream G650 Business Jet, and was the first to earn NAA's #Sustainable Wings Certificate. https://t.co/SQM93q71rF",1,1,coder3
wendys_all_h1_01408,batch1_fortune100,20260618expand/classifier_improvement/data/human_labeling_template/coder_splits/coder3_labeling_template.csv,StoneX Group,1988675708084785248,https://x.com/StoneX_Official/status/1988675708084785248,Wed Nov 12 18:30:11 +0000 2025,"Our carbon team had an amazing time at COP 30 event in Brazil, discussing the latest updates in carbon market. Follow for more updates on StoneX consulting. #COP #SustainableInvesting https://t.co/I5pRRVWS2o",0,0,coder3
wendys_all_h1_01409,batch1_fortune100,20260618expand/classifier_improvement/data/human_labeling_template/coder_splits/coder3_labeling_template.csv,Phillips 66,1434924431525220359,https://x.com/Phillips66co/status/1434924431525220359,Mon Sep 06 17:00:18 +0000 2021,"There’s power in knowledge. This Labor Day, let’s remember all the professionals out there who keep this country running. In honor of them, let’s look at the science behind welding. #TheScienceOf https://t.co/HW92dcw0kM",0,0,coder3
wendys_all_h1_01410,batch1_fortune100,20260618expand/classifier_improvement/data/human_labeling_template/coder_splits/coder3_labeling_template.csv,Bank of America,1692573597192143194,https://x.com/bankofamerica/status/1692573597192143194,Fri Aug 18 16:26:06 +0000 2023,Holiday decor creeping into stores near you already? Never mind decorating – when do you start saving for your holiday shopping?,1,1,coder3
wendys_all_h1_01411,batch1_fortune100,20260618expand/classifier_improvement/data/human_labeling_template/coder_splits/coder3_labeling_template.csv,Microsoft,1991990002528501767,https://x.com/microsoft/status/1991990002528501767,Fri Nov 21 22:00:00 +0000 2025,How it started vs how it went. 🥛 https://t.co/MApUrY7laZ,0,0,coder3
wendys_all_h1_01412,batch1_fortune100,20260618expand/classifier_improvement/data/human_labeling_template/coder_splits/coder3_labeling_template.csv,PepsiCo,1412869426572103682,https://x.com/pepsico/status/1412869426572103682,Wed Jul 07 20:21:35 +0000 2021,"Black-owned businesses have been disproportionately affected by the COVID pandemic, with 41% of them closing since Feb 2020. We’ve partnered with @NatUrbanLeague to create our Black Restaurant Accelerator to help. Meet a few of our first grantees in the thread below 👇 https://t.co/VVPBmxcude",0,0,coder3
wendys_all_h1_01413,batch1_fortune100,20260618expand/classifier_improvement/data/human_labeling_template/coder_splits/coder3_labeling_template.csv,Nvidia,2050338262342856876,https://x.com/nvidia/status/2050338262342856876,Fri May 01 22:15:09 +0000 2026,We are officially one month away from #NVIDIAGTC Taipei at COMPUTEX. Join us as we return to Taiwan to unveil the next era of AI redefining the world. See you in Taipei. https://t.co/ap91p5cM0s,0,0,coder3
wendys_all_h1_01414,batch1_fortune100,20260618expand/classifier_improvement/data/human_labeling_template/coder_splits/coder3_labeling_template.csv,AbbVie,1705313520558932393,https://x.com/abbvie/status/1705313520558932393,Fri Sep 22 20:10:01 +0000 2023,"[Video description: Animation of cells and a scientist. On-screen text reads, ""Oncology research is in a renaissance. In less than 30 years, survival rates have nearly doubled for some blood cancers...""]",0,0,coder3
wendys_all_h1_01415,batch1_fortune100,20260618expand/classifier_improvement/data/human_labeling_template/coder_splits/coder3_labeling_template.csv,Delta Air Lines,1471844166640537602,https://x.com/Delta/status/1471844166640537602,Fri Dec 17 14:06:09 +0000 2021,.@KerryNBC has an exclusive first look at Delta’s new Olympic plane for #TeamUSA ✈️ https://t.co/yEULrhgqLv,0,0,coder3
wendys_all_h1_01416,batch1_fortune100,20260618expand/classifier_improvement/data/human_labeling_template/coder_splits/coder3_labeling_template.csv,Enterprise Products Partners,1680999189185204224,https://x.com/EProd_Careers/status/1680999189185204224,Mon Jul 17 17:53:32 +0000 2023,Enterprise Products is the name to know in energy…and we want to know more about what would make you a great Inland Tankerman – Pay Range: $310 - $350 (Depending Upon Experience). Apply today! https://t.co/7ZGRA8P1Yd #MarineServices,0,0,coder3
wendys_all_h1_01417,batch1_fortune100,20260618expand/classifier_improvement/data/human_labeling_template/coder_splits/coder3_labeling_template.csv,Tesla,2047807885128937564,https://x.com/tesla/status/2047807885128937564,Fri Apr 24 22:40:20 +0000 2026,Safety is best when it’s proactive,0,0,coder3
wendys_all_h1_01418,batch1_fortune100,20260618expand/classifier_improvement/data/human_labeling_template/coder_splits/coder3_labeling_template.csv,Bank of America,1981369618720825786,https://x.com/bankofamerica/status/1981369618720825786,Thu Oct 23 14:38:23 +0000 2025,"RT @XMobileArena: We’re proud to announce that @BankofAmerica is the new official banking partner for the @NHLFlyers, @Sixers, and Xfinity…",1,1,coder3
wendys_all_h1_01419,batch1_fortune100,20260618expand/classifier_improvement/data/human_labeling_template/coder_splits/coder3_labeling_template.csv,AbbVie,1892235304611803371,https://x.com/abbvie/status/1892235304611803371,Wed Feb 19 15:30:27 +0000 2025,"We are excited to join the scientific community at #ECCO2025, where we will explore research aimed at transforming the lives of over 4 million patients living with #IBD. Discover our focus: https://t.co/0SpDRv7oWB https://t.co/xtySaf6veo",0,0,coder3
wendys_all_h1_01420,batch1_fortune100,20260618expand/classifier_improvement/data/human_labeling_template/coder_splits/coder3_labeling_template.csv,Tesla,2023434871847149836,https://x.com/tesla/status/2023434871847149836,Mon Feb 16 16:30:41 +0000 2026,"Doug DeMuro ranked the @Tesla Model S as the #1 most important car of the last 30 years in his new video. Doug: ""The Model S really changed the world. It made you think that EVs could be cool, fast, luxurious. It really reset any public opinion about EVs, that you didn't have to make major compromises; They (Tesla) created a cultural icon. If you created a list of the top 10 all-time cars that changed the world, Model S is in the top 5.""",1,1,coder3
wendys_all_h1_01421,batch1_fortune100,20260618expand/classifier_improvement/data/human_labeling_template/coder_splits/coder3_labeling_template.csv,American Express,1527710170100514819,https://x.com/americanexpress/status/1527710170100514819,Fri May 20 17:57:42 +0000 2022,"RT @Adweek: EXCLUSIVE | American Express and Delta are launching a co-branded “If You Travel, You Know (IYTYK)” campaign to inform Delta Sk…",0,0,coder3
wendys_all_h1_01422,batch1_fortune100,20260618expand/classifier_improvement/data/human_labeling_template/coder_splits/coder3_labeling_template.csv,Progressive,1826997332174643257,https://x.com/progressive/status/1826997332174643257,Fri Aug 23 14:58:02 +0000 2024,I’m working late … cause I’m obsessed with bundling your home and auto insurance 🎵 https://t.co/weEnVBKwFH,1,1,coder3
wendys_all_h1_01423,batch1_fortune100,20260618expand/classifier_improvement/data/human_labeling_template/coder_splits/coder3_labeling_template.csv,Publix Super Markets,1559600879816380418,https://x.com/Publix/status/1559600879816380418,Tue Aug 16 18:00:00 +0000 2022,It’s the best wurst day ever! #NationalBratwurstDay,1,1,coder3
wendys_all_h1_01424,batch1_fortune100,20260618expand/classifier_improvement/data/human_labeling_template/coder_splits/coder3_labeling_template.csv,General Motors,1542211942047260672,https://x.com/GM/status/1542211942047260672,Wed Jun 29 18:22:34 +0000 2022,RT @Buick: 📣 Shoutout to all the owners that made Buick “The #1 Brand in Initial Quality” in the entire U.S. automotive industry according…,1,1,coder3
wendys_all_h1_01425,batch1_fortune100,20260618expand/classifier_improvement/data/human_labeling_template/coder_splits/coder3_labeling_template.csv,Tesla,2003961221104783860,https://x.com/tesla/status/2003961221104783860,Wed Dec 24 22:49:21 +0000 2025,Cars that can’t drive themselves https://t.co/XWKuJkrxkm,1,1,coder3
wendys_all_h1_01426,batch1_fortune100,20260618expand/classifier_improvement/data/human_labeling_template/coder_splits/coder3_labeling_template.csv,New York Life Insurance,1438878693443702786,https://x.com/NewYorkLife/status/1438878693443702786,Fri Sep 17 14:53:08 +0000 2021,"As a small business owner, attracting and retaining talent is probably top of mind. Learn how employee benefits from New York Life can help give your workers the protection they want, and your business the boost it deserves. #SmallBusinessWeek",0,0,coder3
wendys_all_h1_01427,batch1_fortune100,20260618expand/classifier_improvement/data/human_labeling_template/coder_splits/coder3_labeling_template.csv,Marathon Petroleum,1906797594879148176,https://x.com/MarathonPetroCo/status/1906797594879148176,Mon Mar 31 19:55:47 +0000 2025,"From its annual golf outing to employee contributions, find out how our team in Robinson, Illinois, once again stepped up to support the United Way of Crawford County and strengthen its community programs. 🫶 Full story here: 🔗 https://t.co/g7fW0NAmxl https://t.co/RSVqxMHPV8",1,1,coder3
wendys_all_h1_01428,batch1_fortune100,20260618expand/classifier_improvement/data/human_labeling_template/coder_splits/coder3_labeling_template.csv,Freddie Mac,2033906239684411539,https://x.com/FreddieMac/status/2033906239684411539,Tue Mar 17 14:00:10 +0000 2026,"From pioneering automated underwriting with Loan Product Advisor® to launching new tools that empower lenders and borrowers, we’re proud to be recognized as a @HousingWire Tech100 award winner. Explore the technology that's moving the industry forward: https://t.co/NmxGBHqDZx https://t.co/cM1QlFBiKA",0,0,coder3
wendys_all_h1_01429,batch1_fortune100,20260618expand/classifier_improvement/data/human_labeling_template/coder_splits/coder3_labeling_template.csv,AbbVie,1905672358016225736,https://x.com/abbvie/status/1905672358016225736,Fri Mar 28 17:24:30 +0000 2025,#BipolarDisorder can go unrecognized for years. That’s why we’re committed to advancing research in mental health to better understand this complex condition. Learn more about our leadership in psychiatry: https://t.co/558EkC4EYY #WorldBipolarDay https://t.co/1ejMJMWKn7,0,0,coder3
wendys_all_h1_01430,batch1_fortune100,20260618expand/classifier_improvement/data/human_labeling_template/coder_splits/coder3_labeling_template.csv,Phillips 66,1313481521811128320,https://x.com/Phillips66co/status/1313481521811128320,Tue Oct 06 14:09:32 +0000 2020,"(3/3) social distancing, temperature checks, practicing good hygiene and keeping common surfaces clean, so we can continue to bring energy to our communities. https://t.co/KpINkglY2u",0,0,coder3
wendys_all_h1_01431,batch1_fortune100,20260618expand/classifier_improvement/data/human_labeling_template/coder_splits/coder3_labeling_template.csv,Elevance Health,1400815351651201032,https://x.com/elevancehealth/status/1400815351651201032,Fri Jun 04 14:03:00 +0000 2021,"#BehavioralHealth has long been stigmatized, with many refusing to discuss it with their physicians. That’s changing. Findings from our inaugural State of the Nation’s Mental Health Report suggest the pandemic has encouraged people to speak up. Learn more.",0,0,coder3
wendys_all_h1_01432,batch1_fortune100,20260618expand/classifier_improvement/data/human_labeling_template/coder_splits/coder3_labeling_template.csv,Kroger,1316438588951687168,https://x.com/kroger/status/1316438588951687168,Wed Oct 14 17:59:52 +0000 2020,#Ad Fridge Check! We used the @KrogerChefbot to get some easy recipe ideas for some ingredients in our fridge and you can too! Thanks to @KrogerCo for sponsoring this video! #ChefbotFridgeCheck https://t.co/QlxoTa2AAO,1,1,coder3
wendys_all_h1_01433,batch1_fortune100,20260618expand/classifier_improvement/data/human_labeling_template/coder_splits/coder3_labeling_template.csv,Home Depot,858325387457294337,https://x.com/HDCares/status/858325387457294337,Sat Apr 29 14:21:33 +0000 2017,@AuntAnne1969 Let's look into this! Please send your order number/contact info/tweet to TeamSocial@homedepot.com for help.,0,0,coder3
wendys_all_h1_01434,batch1_fortune100,20260618expand/classifier_improvement/data/human_labeling_template/coder_splits/coder3_labeling_template.csv,Bank of America,1575168164626694149,https://x.com/bankofamerica/status/1575168164626694149,Wed Sep 28 16:58:50 +0000 2022,Received a request to send money using Zelle® to yourself or to share a code to resolve fraud? It's likely a scam.,0,0,coder3
wendys_all_h1_01435,batch1_fortune100,20260618expand/classifier_improvement/data/human_labeling_template/coder_splits/coder3_labeling_template.csv,Elevance Health,1574429073476026369,https://x.com/elevancehealth/status/1574429073476026369,Mon Sep 26 16:01:57 +0000 2022,Employers can help reduce #HealthDisparities among associates — and the larger community — by adopting #HealthEquity programs that work to ensure everyone has an equal chance to be as healthy as possible. Here are some ways to start: https://t.co/nTtY0HMJsu https://t.co/K3HliYNJ6P,0,0,coder3
wendys_all_h1_01436,batch1_fortune100,20260618expand/classifier_improvement/data/human_labeling_template/coder_splits/coder3_labeling_template.csv,American Airlines Group,2059290122953118101,https://x.com/AmericanAir/status/2059290122953118101,Tue May 26 15:06:39 +0000 2026,"Your scrolling just got an upgrade. Coming in 2027, @Starlink to American flights. ✈️ A more seamless, high-speed in-flight connection — built for streaming, browsing, gaming, and staying connected in real time, gate to gate. Want to learn more? Head to our Newsroom. https://t.co/1ilXrMDRjD",1,1,coder3
wendys_all_h1_01437,batch1_fortune100,20260618expand/classifier_improvement/data/human_labeling_template/coder_splits/coder3_labeling_template.csv,Lockheed Martin,2021736011357667620,https://x.com/lockheedmartin/status/2021736011357667620,Thu Feb 12 00:00:01 +0000 2026,"Deploying a HC-130J tanker and two @SikorskyAir HH-60W helicopters, members of the 563rd Rescue Group flew 400 miles over open water, refueling multiple times, to assist a 19-year-old who's medical concerns had left him paralyzed aboard a tanker out at sea. Click for more:",0,0,coder3
wendys_all_h1_01438,batch1_fortune100,20260618expand/classifier_improvement/data/human_labeling_template/coder_splits/coder3_labeling_template.csv,Home Depot,788395344640020482,https://x.com/HDCares/status/788395344640020482,Tue Oct 18 15:04:32 +0000 2016,@carlyithomas Oh no! Please send add’l details/contact info to TeamSocial@homedepot.com so we can look into this. -TeamCare,0,0,coder3
wendys_all_h1_01439,batch1_fortune100,20260618expand/classifier_improvement/data/human_labeling_template/coder_splits/coder3_labeling_template.csv,Capital One Financial,1674079153652396032,https://x.com/CapitalOne/status/1674079153652396032,Wed Jun 28 15:35:47 +0000 2023,Who else is ready for #CapitalOnesTheMatch?! Tune in tomorrow at 6:30 p.m. ET 👇,0,0,coder3
wendys_all_h1_01440,batch1_fortune100,20260618expand/classifier_improvement/data/human_labeling_template/coder_splits/coder3_labeling_template.csv,Galaxy Digital,1039881167225409537,https://x.com/galaxydigital/status/1039881167225409537,Wed Sep 12 14:19:24 +0000 2018,"If you need to evacuate for Hurricane #Florence, today is your last day to go before the storm arrives. You can text SHELTER and your zip code (i.e. SHELTER 12345) to 4FEMA (43362) to locate an open emergency shelter near you. https://t.co/vv0UPzw0wS",0,0,coder3
wendys_all_h1_01441,batch1_fortune100,20260618expand/classifier_improvement/data/human_labeling_template/coder_splits/coder3_labeling_template.csv,Bristol-Myers Squibb,1534943915937341440,https://x.com/bmsnews/status/1534943915937341440,Thu Jun 09 17:02:02 +0000 2022,"In meeting with Congress today, our researchers are excited to share their work to transform patient’s lives through science and discuss the importance of continued medical innovation. #PhRMAFlyIn22",1,1,coder3
wendys_all_h1_01442,batch1_fortune100,20260618expand/classifier_improvement/data/human_labeling_template/coder_splits/coder3_labeling_template.csv,Eli Lilly,2065816967454376436,https://x.com/EliLillyandCo/status/2065816967454376436,Sat Jun 13 15:22:00 +0000 2026,"In an oral presentation at #EHA2026, initial clinical results will be shared from a Phase 1 study evaluating a first-in-class therapy in previously treated myelofibrosis. Learn more here: https://t.co/3ylZ3ZWTrr https://t.co/4ZETvgbeaZ",0,0,coder3
wendys_all_h1_01443,batch1_fortune100,20260618expand/classifier_improvement/data/human_labeling_template/coder_splits/coder3_labeling_template.csv,Energy Transfer,2024637184607998380,https://x.com/energytransfer/status/2024637184607998380,Fri Feb 20 00:08:15 +0000 2026,Energy Transfer LP Files 2025 Annual Report https://t.co/5g9NSweQzH https://t.co/ya9asuuKkw,0,0,coder3
wendys_all_h1_01444,batch1_fortune100,20260618expand/classifier_improvement/data/human_labeling_template/coder_splits/coder3_labeling_template.csv,Lockheed Martin,1977797375776436569,https://x.com/lockheedmartin/status/1977797375776436569,Mon Oct 13 18:03:34 +0000 2025,Doing what F-16s do best — protecting the skies. 🇺🇸 🇪🇬,1,1,coder3
wendys_all_h1_01445,batch1_fortune100,20260618expand/classifier_improvement/data/human_labeling_template/coder_splits/coder3_labeling_template.csv,Home Depot,1722963728855945551,https://x.com/homedepot/status/1722963728855945551,Fri Nov 10 13:05:38 +0000 2023,The work doesn't end here. We are growing our commitment to veteran causes by pledging to invest more than $750 million by 2030! We are proud to serve those who've served us all 🇺🇸 https://t.co/G7hXAJR7ZB,1,1,coder3
wendys_all_h1_01446,batch1_fortune100,20260618expand/classifier_improvement/data/human_labeling_template/coder_splits/coder3_labeling_template.csv,Sysco,1839306706045509890,https://x.com/sysco/status/1839306706045509890,Thu Sep 26 14:11:06 +0000 2024,"Special thanks to @FeedingAmerica and @Sysco for their grant supporting Food Bank operations, including the procurement and distribution of millions of pounds of food and hygiene items, annually! 🍏💛 https://t.co/OvfPkHD6oL",1,1,coder3
wendys_all_h1_01447,batch1_fortune100,20260618expand/classifier_improvement/data/human_labeling_template/coder_splits/coder3_labeling_template.csv,Morgan Stanley,2057760567985680889,https://x.com/morganstanley/status/2057760567985680889,Fri May 22 09:48:45 +0000 2026,"Sitting down with @Bloomberg at the Morgan Stanley and MUFG Japan Summit 2026, CEO of Morgan Stanley Japan Alberto Tamura shares his perspective on the yen, geopolitical dynamics and the opportunities being shaped by AI. https://t.co/FKg75gKn6a",0,0,coder3
wendys_all_h1_01448,batch1_fortune100,20260618expand/classifier_improvement/data/human_labeling_template/coder_splits/coder3_labeling_template.csv,Tesla,2057492622898577875,https://x.com/tesla/status/2057492622898577875,Thu May 21 16:04:02 +0000 2026,Model S &amp; X Signature Delivery Event https://t.co/GGlLffX0am,0,0,coder3
wendys_all_h1_01449,batch1_fortune100,20260618expand/classifier_improvement/data/human_labeling_template/coder_splits/coder3_labeling_template.csv,StoneX Group,1979276335458505083,https://x.com/StoneX_Official/status/1979276335458505083,Fri Oct 17 20:00:26 +0000 2025,"We are at the Ag Women Connect event in Lubbock, Texas this week. Stop by our booth to visit @Bellymaven, Senior Risk Management Consultant, and learn more about our service offerings for agriculture. #Agriculture #WomenInAg #OOTT https://t.co/OR9Xhc20IX",0,0,coder3
wendys_all_h1_01450,batch1_fortune100,20260618expand/classifier_improvement/data/human_labeling_template/coder_splits/coder3_labeling_template.csv,Pfizer,1570425434352787458,https://x.com/pfizer/status/1570425434352787458,Thu Sep 15 14:52:55 +0000 2022,RT @femalequotient: The Hispanic community faces disproportionate health issues with the highest uninsured rate of any ethnic group in the…,0,0,coder3
wendys_all_h1_01451,batch1_fortune100,20260618expand/classifier_improvement/data/human_labeling_template/coder_splits/coder3_labeling_template.csv,Tyson Foods,1171513085317664769,https://x.com/tysonfoods/status/1171513085317664769,Tue Sep 10 19:57:39 +0000 2019,"School lunch debt continues to rise across the country. We are focusing on resources for districts to help educate not only their staff, but parents who may not understand how federal lunch programs work. We all want a healthy future for our students. #FeedingTheFuture #TysonK12",0,0,coder3
wendys_all_h1_01452,batch1_fortune100,20260618expand/classifier_improvement/data/human_labeling_template/coder_splits/coder3_labeling_template.csv,Bank of America,1703863217733214467,https://x.com/bankofamerica/status/1703863217733214467,Mon Sep 18 20:07:02 +0000 2023,"Our Better Money Habits® Volunteer Champions provide financial education for everyone. For BMH Champion, Scott Russo, that meant providing resources and financial education to @SpecialOlympics athletes. https://t.co/BV50P9ep6B https://t.co/N4RMAnoOVz",0,0,coder3
wendys_all_h1_01453,batch1_fortune100,20260618expand/classifier_improvement/data/human_labeling_template/coder_splits/coder3_labeling_template.csv,Eli Lilly,1539737962644213766,https://x.com/EliLillyandCo/status/1539737962644213766,Wed Jun 22 22:31:51 +0000 2022,"When a loved one suffers from #Alzheimers, you lose the person they once were. It’s time to #EndAlz so families don’t have to know that pain. Watch the full story: https://t.co/3vRupmJw2m #WeAreLilly https://t.co/5f0I6h86JX",0,0,coder3
wendys_all_h1_01454,batch1_fortune100,20260618expand/classifier_improvement/data/human_labeling_template/coder_splits/coder3_labeling_template.csv,Albertsons,1400566809821126659,https://x.com/albertsons/status/1400566809821126659,Thu Jun 03 21:35:23 +0000 2021,Fresh berries are a 🥰 for your body and a 😍 for your taste buds. Just grab some fresh cuts from the produce department and go! https://t.co/8ARGGdlGcl,0,0,coder3
wendys_all_h1_01455,batch1_fortune100,20260618expand/classifier_improvement/data/human_labeling_template/coder_splits/coder3_labeling_template.csv,Broadcom,2057574735987331163,https://x.com/broadcom/status/2057574735987331163,Thu May 21 21:30:19 +0000 2026,"RT @UCLAengineering: .@UCLA Samueli has launched a $125 million Semiconductor Hub with @Broadcom, @Applied4Tech, @GlobalFoundries, @Meta an…",0,0,coder3
wendys_all_h1_01456,batch1_fortune100,20260618expand/classifier_improvement/data/human_labeling_template/coder_splits/coder3_labeling_template.csv,Merck,1372145370961166343,https://x.com/merck/status/1372145370961166343,Wed Mar 17 11:18:44 +0000 2021,Learn more about our latest update in classical Hodgkin #lymphoma (cHL): https://t.co/vCutzndj9q $MRK https://t.co/XX6NCVeIGy,0,0,coder3
wendys_all_h1_01457,batch1_fortune100,20260618expand/classifier_improvement/data/human_labeling_template/coder_splits/coder3_labeling_template.csv,Charter Communications,1505907291006066690,https://x.com/CharterNewsroom/status/1505907291006066690,Mon Mar 21 14:00:51 +0000 2022,Spectrum Enterprise Launches Enterprise Network Edge Solution. Learn More: https://t.co/KtIZSfp9yN https://t.co/Fa0sVFqlWl,0,0,coder3
wendys_all_h1_01458,batch1_fortune100,20260618expand/classifier_improvement/data/human_labeling_template/coder_splits/coder3_labeling_template.csv,Energy Transfer,1944789799182749725,https://x.com/energytransfer/status/1944789799182749725,Mon Jul 14 16:03:15 +0000 2025,"""The worst environments in the world are where it is poor. They simply can't afford to clean up the environment. That's not the priority. This concept of energy or the environment is misplaced. It's energy and the environment. Lift social systems up, and you protect the environment."" WATCH: Dr Scott Tinker @SwitchEAlliance breaks down why affordable, reliable, abundant energy is the key to lifting people out of poverty and stewarding the natural world. 🧵(1/4)",0,0,coder3
wendys_all_h1_01459,batch1_fortune100,20260618expand/classifier_improvement/data/human_labeling_template/coder_splits/coder3_labeling_template.csv,Bank of America,1702655186836086858,https://x.com/bankofamerica/status/1702655186836086858,Fri Sep 15 12:06:45 +0000 2023,How often do you think about the Roman Empire? Probably more often than you think about your budget. 👀,1,1,coder3
wendys_all_h1_01460,batch1_fortune100,20260618expand/classifier_improvement/data/human_labeling_template/coder_splits/coder3_labeling_template.csv,Dell Technologies,2008561699238932570,https://x.com/Dell/status/2008561699238932570,Tue Jan 06 15:30:01 +0000 2026,"With an @intel Core Ultra Series 3 processor and @Microsoft Copilot+, performance and graphics just got an upgrade. Up to 78% faster AI and 50%+ faster graphics vs the previous gen. ⚡",0,0,coder3
wendys_all_h1_01461,batch1_fortune100,20260618expand/classifier_improvement/data/human_labeling_template/coder_splits/coder3_labeling_template.csv,Lockheed Martin,1998408676701241393,https://x.com/lockheedmartin/status/1998408676701241393,Tue Dec 09 15:05:31 +0000 2025,"First flight complete. ✅ Finland’s first F-35 has successfully taken to the skies, a defining step for @FinnishAirForce future airpower. ✈️ https://t.co/UeOOAGRhHX",0,0,coder3
wendys_all_h1_01462,batch1_fortune100,20260618expand/classifier_improvement/data/human_labeling_template/coder_splits/coder3_labeling_template.csv,Morgan Stanley,2031721705891066073,https://x.com/morganstanley/status/2031721705891066073,Wed Mar 11 13:19:36 +0000 2026,"In this Blueprint episode, TWFG Founder and CEO Gordy Bunch shares his goal of turning $10,000 into a public insurance company that empowers agents and communities. See how vision became reality with the support of Morgan Stanley across wealth management and the IPO journey. https://t.co/MZlrePolti",0,0,coder3
wendys_all_h1_01463,batch1_fortune100,20260618expand/classifier_improvement/data/human_labeling_template/coder_splits/coder3_labeling_template.csv,Nike,2056061628336963688,https://x.com/nike/status/2056061628336963688,Sun May 17 17:17:46 +0000 2026,"Jannik Sinner can do it all. 6 consecutive titles, a career Golden Masters, and a new record set on home soil. This isn't just history — it's his story in the making. https://t.co/ccPdjJbbjL",0,0,coder3
wendys_all_h1_01464,batch1_fortune100,20260618expand/classifier_improvement/data/human_labeling_template/coder_splits/coder3_labeling_template.csv,Nationwide,1583958722799632384,https://x.com/nationwide/status/1583958722799632384,Sat Oct 22 23:09:22 +0000 2022,Nationwide is on OUR side #NWSL,0,0,coder3
wendys_all_h1_01465,batch1_fortune100,20260618expand/classifier_improvement/data/human_labeling_template/coder_splits/coder3_labeling_template.csv,Boeing,1599559298463301632,https://x.com/boeing/status/1599559298463301632,Mon Dec 05 00:20:29 +0000 2022,"We’re pleased to share that Dr. Brendan Nelson has been named president of Boeing International, succeeding Sir Michael Arthur who will retire in early 2023. Maria Fernandez will start as president of Boeing Australia, New Zealand and South Pacific: https://t.co/Nlk7RJF8p7 https://t.co/KrculrKQ6J",0,0,coder3
wendys_all_h1_01466,batch1_fortune100,20260618expand/classifier_improvement/data/human_labeling_template/coder_splits/coder3_labeling_template.csv,Humana,1587836943454375939,https://x.com/humana/status/1587836943454375939,Wed Nov 02 16:00:02 +0000 2022,"From the start of the pandemic through 12/31/21, we provided more than 1.6 million meals to more than 94,000 at-risk members. Learn more about our Basic Needs Program and Humana impact on the communities we serve → https://t.co/4qfj89dAVu https://t.co/0JvSHn7Dpo",0,0,coder3
wendys_all_h1_01467,batch1_fortune100,20260618expand/classifier_improvement/data/human_labeling_template/coder_splits/coder3_labeling_template.csv,Kroger,1575950125570330624,https://x.com/kroger/status/1575950125570330624,Fri Sep 30 20:46:04 +0000 2022,Did you know our @rachaelray meals are also available in stores?! 🍔 Rachael Ray’s Steakhouse Burger gives you the flavor of a burger from your favorite steakhouse without having to get all dressed up. Find this tasty #recipe at the link here: https://t.co/bj6IybO2wS https://t.co/Jjc8qGQAxM,1,1,coder3
wendys_all_h1_01468,batch1_fortune100,20260618expand/classifier_improvement/data/human_labeling_template/coder_splits/coder3_labeling_template.csv,Comcast,1780606892319863196,https://x.com/comcast/status/1780606892319863196,Wed Apr 17 14:38:59 +0000 2024,RT @TODAYshow: Good morning! Or should we say… Bonjour 🇫🇷 We are celebrating 100 Days until #Paris2024 on our TODAY plaza! https://t.co/K6Z…,1,1,coder3
wendys_all_h1_01469,batch1_fortune100,20260618expand/classifier_improvement/data/human_labeling_template/coder_splits/coder3_labeling_template.csv,Tesla,2031751255060885911,https://x.com/tesla/status/2031751255060885911,Wed Mar 11 15:17:01 +0000 2026,"Macrohard or Digital Optimus is a joint xAI-Tesla project, coming as part of Tesla’s investment agreement with xAI. Grok is the master conductor/navigator with deep understanding of the world to direct digital Optimus, which is processing and actioning the past 5 secs of real-time computer screen video and keyboard/mouse actions. Grok is like a much more advanced and sophisticated version of turn-by-turn navigation software. You can think of it as Digital Optimus AI being System 1 (instinctive part of the mind) and Grok being System 2. (thinking part of the mind). This will run very competitively on the super low cost Tesla AI4 ($650) paired with relatively frugal use of the much more expensive xAI Nvidia hardware. And it will be the only real-time smart AI system. This is a big deal. In principle, it is capable of emulating the function of entire companies. That is why the program is called MACROHARD, a funny reference to Microsoft. No other company can yet do this.",1,1,coder3
wendys_all_h1_01470,batch1_fortune100,20260618expand/classifier_improvement/data/human_labeling_template/coder_splits/coder3_labeling_template.csv,Chevron,1635731953533194240,https://x.com/chevron/status/1635731953533194240,Tue Mar 14 19:57:42 +0000 2023,"Today, we announced a deal with @corteva and Bunge to produce winter canola, a plant-based oil, that will help support the growing domestic renewable fuels market. Learn more about the joint venture here: https://t.co/A7SlTXHv2T",0,0,coder3
wendys_all_h1_01471,batch1_fortune100,20260618expand/classifier_improvement/data/human_labeling_template/coder_splits/coder3_labeling_template.csv,FedEx,1786394542641463652,https://x.com/fedex/status/1786394542641463652,Fri May 03 13:57:03 +0000 2024,"Celebrate #AAPIHeritageMonth with us as we recognize some of our Asian American and Pacific Islander team members and small business owners who are supporting, building, and strengthening the FedEx network. https://t.co/Q1Y9DusWgg",0,0,coder3
wendys_all_h1_01472,batch1_fortune100,20260618expand/classifier_improvement/data/human_labeling_template/coder_splits/coder3_labeling_template.csv,Target,1291039893028823042,https://x.com/target/status/1291039893028823042,Wed Aug 05 15:54:31 +0000 2020,We’re ready to fast forward to Spooky Szn if you are. 🎃,1,1,coder3
wendys_all_h1_01473,batch1_fortune100,20260618expand/classifier_improvement/data/human_labeling_template/coder_splits/coder3_labeling_template.csv,JPMorgan Chase,1400150222026809344,https://x.com/jpmorgan/status/1400150222026809344,Wed Jun 02 18:00:01 +0000 2021,JPMorgan Chase’s Melinda Yee Franklin is using her public and private sector experience to foster community engagement.,0,0,coder3
wendys_all_h1_01474,batch1_fortune100,20260618expand/classifier_improvement/data/human_labeling_template/coder_splits/coder3_labeling_template.csv,Morgan Stanley,1661377171342909452,https://x.com/morganstanley/status/1661377171342909452,Wed May 24 14:22:39 +0000 2023,"As homebuilders’ confidence in new construction increases, will home sales follow? Jim Egan and Jay Bacow, Co-Heads of U.S. Securitized Products Research, discuss. https://t.co/hjx0oJckUX https://t.co/gfxqeBNAIr",0,0,coder3
wendys_all_h1_01475,batch1_fortune100,20260618expand/classifier_improvement/data/human_labeling_template/coder_splits/coder3_labeling_template.csv,Energy Transfer,2011907856857973223,https://x.com/energytransfer/status/2011907856857973223,Thu Jan 15 21:06:27 +0000 2026,"Natural gas pipelines play a vital role in keeping our power grid reliable, resilient, and affordable. By delivering a steady, on-demand supply of energy, pipelines help ensure electricity is available when communities need it most—during peak demand, extreme weather, and everyday life.",0,0,coder3
wendys_all_h1_01476,batch1_fortune100,20260618expand/classifier_improvement/data/human_labeling_template/coder_splits/coder3_labeling_template.csv,JPMorgan Chase,1405232747241684994,https://x.com/jpmorgan/status/1405232747241684994,Wed Jun 16 18:36:09 +0000 2021,"As NYC’s largest poverty-fighting organization, @RobinHoodNYC is helping to rebuild New York City from the pandemic. 100% of proceeds from the Investor's Conference goes directly to initiatives to elevate the community.",0,0,coder3
wendys_all_h1_01477,batch1_fortune100,20260618expand/classifier_improvement/data/human_labeling_template/coder_splits/coder3_labeling_template.csv,StoneX Group,2041478762504536319,https://x.com/StoneX_Official/status/2041478762504536319,Tue Apr 07 11:30:40 +0000 2026,"Workplace culture – things have changed. In the first episode of At the Table by Women of StoneX, our guests discuss how these shifts are creating a more inclusive environment for women at every stage of their careers. Learn more: https://t.co/8oNTq4bJ4g https://t.co/7BHAvQYoWM",0,0,coder3
wendys_all_h1_01478,batch1_fortune100,20260618expand/classifier_improvement/data/human_labeling_template/coder_splits/coder3_labeling_template.csv,Morgan Stanley,1918386590209974698,https://x.com/morganstanley/status/1918386590209974698,Fri May 02 19:26:19 +0000 2025,"After winning the Canadian elections, the Liberal-led government is likely to increase spending to support the economy. https://t.co/LmcWf5pbS8 https://t.co/STHLxm0Z0t",0,0,coder3
wendys_all_h1_01479,batch1_fortune100,20260618expand/classifier_improvement/data/human_labeling_template/coder_splits/coder3_labeling_template.csv,StoneX Group,2016579582271361522,https://x.com/StoneX_Official/status/2016579582271361522,Wed Jan 28 18:30:13 +0000 2026,"We are at the OABA Industry Conference. Arlan Suderman, Chief Commodities Economist, and Bailey Elchinger, Regional Director at StoneX, spoke at the general and breakout sessions. Thank you to all those who attended. https://t.co/OJmPOz0H5d",0,0,coder3
wendys_all_h1_01480,batch1_fortune100,20260618expand/classifier_improvement/data/human_labeling_template/coder_splits/coder3_labeling_template.csv,Albertsons,1233138776383188992,https://x.com/albertsons/status/1233138776383188992,Thu Feb 27 21:16:09 +0000 2020,Happy Strawberry Day! https://t.co/OYv5OrXB2Z,1,1,coder3
wendys_all_h1_01481,batch1_fortune100,20260618expand/classifier_improvement/data/human_labeling_template/coder_splits/coder3_labeling_template.csv,United Airlines Holdings,1757427643899580871,https://x.com/united/status/1757427643899580871,Tue Feb 13 15:32:56 +0000 2024,Normalize hopping on a plane with your besties to go celebrate Galentine's Day *elsewhere* https://t.co/0u11XPzm0e,1,1,coder3
wendys_all_h1_01482,batch1_fortune100,20260618expand/classifier_improvement/data/human_labeling_template/coder_splits/coder3_labeling_template.csv,Microsoft,1859295713911316783,https://x.com/microsoft/status/1859295713911316783,Wed Nov 20 18:00:16 +0000 2024,"🚀 NASA and Microsoft have joined forces to create the Earth Copilot, an AI tool which takes the more than 100 petabytes of data that NASA’s satellites capture and makes it accessible to anyone using natural language for the first time. https://t.co/GhJOx61Mn6 #MSIgnite https://t.co/2Mw1RAvJLG",1,1,coder3
wendys_all_h1_01483,wendys_all_human,20260615wendy's/data/wendys_final_humor_presence_dataset.csv,Wendy's,1198285151702118400,https://x.com/Wendys/status/1198285151702118400,Sat Nov 23 17:00:17 +0000 2019,Time for the biggest game of the day: @PennStateFball vs @OhioStateFBall Come hang out with @LaVarArrington &amp; @BeanieWells26 on the sideline of The Shoe for our @Wendys Watch Party! https://t.co/eTL9bPNbBT,0,0,final_humor_binary
wendys_all_h1_01484,wendys_all_human,20260615wendy's/data/wendys_final_humor_presence_dataset.csv,Wendy's,1198363148094328832,https://x.com/Wendys/status/1198363148094328832,Sat Nov 23 22:10:13 +0000 2019,"To be fair, you have to have a very high IQ to understand Rick and Morty. So make sure you watch it this Sunday night, genius.",1,1,final_humor_binary
wendys_all_h1_01485,wendys_all_human,20260615wendy's/data/wendys_final_humor_presence_dataset.csv,Wendy's,1198858858267127809,https://x.com/Wendys/status/1198858858267127809,Mon Nov 25 07:00:00 +0000 2019,What's the most disrespectful diss track of all time?,1,1,final_humor_binary
wendys_all_h1_01486,wendys_all_human,20260615wendy's/data/wendys_final_humor_presence_dataset.csv,Wendy's,1202638489126342657,https://x.com/Wendys/status/1202638489126342657,Thu Dec 05 17:18:54 +0000 2019,This is no drill. Frosty Key Tags are back. Get your $2 hookup for a free Jr. Frosty all year. Proceeds help support @DTFA. https://t.co/hlpZZouIcK,0,0,final_humor_binary
wendys_all_h1_01487,wendys_all_human,20260615wendy's/data/wendys_final_humor_presence_dataset.csv,Wendy's,1205531387975090177,https://x.com/Wendys/status/1205531387975090177,Fri Dec 13 16:54:15 +0000 2019,Wendy’s cups should be square but no one wants to poke that tiger,1,1,final_humor_binary
wendys_all_h1_01488,wendys_all_human,20260615wendy's/data/wendys_final_humor_presence_dataset.csv,Wendy's,1205577307810910209,https://x.com/Wendys/status/1205577307810910209,Fri Dec 13 19:56:43 +0000 2019,"10 patties of fresh, never frozen Canadian beef. This is our dream. #PowerYourDreams https://t.co/2FLxlUIBZc",0,0,final_humor_binary
wendys_all_h1_01489,wendys_all_human,20260615wendy's/data/wendys_final_humor_presence_dataset.csv,Wendy's,1205932906406920194,https://x.com/Wendys/status/1205932906406920194,Sat Dec 14 19:29:44 +0000 2019,Watch Rick and Morty with us on Sunday and try to get five in a row on this game your grandma loves that we can’t legally say the name of! Schwifty! https://t.co/rw8leGuV1n,1,1,final_humor_binary
wendys_all_h1_01490,wendys_all_human,20260615wendy's/data/wendys_final_humor_presence_dataset.csv,Wendy's,1205941546538938368,https://x.com/Wendys/status/1205941546538938368,Sat Dec 14 20:04:04 +0000 2019,"Rick and Morty are back again this Sunday, so come by our place and grab a Baconator to eat while you watch.",0,0,final_humor_binary
wendys_all_h1_01491,wendys_all_human,20260615wendy's/data/wendys_final_humor_presence_dataset.csv,Wendy's,1207030238447898625,https://x.com/Wendys/status/1207030238447898625,Tue Dec 17 20:10:09 +0000 2019,"Sir, this is a",0,0,final_humor_binary
wendys_all_h1_01492,wendys_all_human,20260615wendy's/data/wendys_final_humor_presence_dataset.csv,Wendy's,1207700570213101585,https://x.com/Wendys/status/1207700570213101585,Thu Dec 19 16:33:48 +0000 2019,"meryl can have a little french fries, as a treat.",1,1,final_humor_binary
wendys_all_h1_01493,wendys_all_human,20260615wendy's/data/wendys_final_humor_presence_dataset.csv,Wendy's,1216801098608017413,https://x.com/Wendys/status/1216801098608017413,Mon Jan 13 19:16:03 +0000 2020,Not saying eating our french fries gets you an #Oscar nomination but also...sup,1,1,final_humor_binary
wendys_all_h1_01494,wendys_all_human,20260615wendy's/data/wendys_final_humor_presence_dataset.csv,Wendy's,1216894246021713920,https://x.com/Wendys/status/1216894246021713920,Tue Jan 14 01:26:11 +0000 2020,Looked who dropped by to see what Spicy Nuggets were supposed to taste like.,1,1,final_humor_binary
wendys_all_h1_01495,wendys_all_human,20260615wendy's/data/wendys_final_humor_presence_dataset.csv,Wendy's,1217123276549427201,https://x.com/Wendys/status/1217123276549427201,Tue Jan 14 16:36:16 +0000 2020,That's what we call a glow up.,1,1,final_humor_binary
wendys_all_h1_01496,wendys_all_human,20260615wendy's/data/wendys_final_humor_presence_dataset.csv,Wendy's,1220437845388730370,https://x.com/Wendys/status/1220437845388730370,Thu Jan 23 20:07:11 +0000 2020,Is it a garbage truck?,1,1,final_humor_binary
wendys_all_h1_01497,wendys_all_human,20260615wendy's/data/wendys_final_humor_presence_dataset.csv,Wendy's,1221885535737864192,https://x.com/Wendys/status/1221885535737864192,Mon Jan 27 19:59:47 +0000 2020,Picking up their order.,0,0,final_humor_binary
wendys_all_h1_01498,wendys_all_human,20260615wendy's/data/wendys_final_humor_presence_dataset.csv,Wendy's,1224794757559455746,https://x.com/Wendys/status/1224794757559455746,Tue Feb 04 20:40:00 +0000 2020,When they ask what your weaknesses are during the interview.,1,1,final_humor_binary
wendys_all_h1_01499,wendys_all_human,20260615wendy's/data/wendys_final_humor_presence_dataset.csv,Wendy's,1228371313938567174,https://x.com/Wendys/status/1228371313938567174,Fri Feb 14 17:31:57 +0000 2020,Thanks for the huge nugget @Wendys 😂😂😍😋 https://t.co/4vgfPGyUZR,0,0,final_humor_binary
wendys_all_h1_01500,wendys_all_human,20260615wendy's/data/wendys_final_humor_presence_dataset.csv,Wendy's,1228373033167048705,https://x.com/Wendys/status/1228373033167048705,Fri Feb 14 17:38:47 +0000 2020,Proud of this big spicy boi,0,0,final_humor_binary
wendys_all_h1_01501,wendys_all_human,20260615wendy's/data/wendys_final_humor_presence_dataset.csv,Wendy's,1229264235387129856,https://x.com/Wendys/status/1229264235387129856,Mon Feb 17 04:40:06 +0000 2020,BURGER KING is testing a sandwich with nothing but french fries: https://t.co/cMELl6fZaV https://t.co/D1taIscJk2,1,1,final_humor_binary
wendys_all_h1_01502,wendys_all_human,20260615wendy's/data/wendys_final_humor_presence_dataset.csv,Wendy's,1233494419925585924,https://x.com/Wendys/status/1233494419925585924,Fri Feb 28 20:49:21 +0000 2020,Here lies mediocrity. #EggRIPMuffin https://t.co/fYxcn8LObe,1,1,final_humor_binary
wendys_all_h1_01503,wendys_all_human,20260615wendy's/data/wendys_final_humor_presence_dataset.csv,Wendy's,1234275836905369603,https://x.com/Wendys/status/1234275836905369603,Mon Mar 02 00:34:25 +0000 2020,Y’all got any plans for breakfast tomorrow orrrrrrrrr…..?,0,0,final_humor_binary
wendys_all_h1_01504,wendys_all_human,20260615wendy's/data/wendys_final_humor_presence_dataset.csv,Wendy's,1234448367230627840,https://x.com/Wendys/status/1234448367230627840,Mon Mar 02 12:00:00 +0000 2020,BREAKFAST NEWS! Wendy's is now serving up breakfast. Sources say it's “pretty lit.” https://t.co/meBemp31hH,1,1,final_humor_binary
wendys_all_h1_01505,wendys_all_human,20260615wendy's/data/wendys_final_humor_presence_dataset.csv,Wendy's,1235705290755960832,https://x.com/Wendys/status/1235705290755960832,Thu Mar 05 23:14:34 +0000 2020,"We love you too sweet, sweet Guillermo.",1,1,final_humor_binary
wendys_all_h1_01506,wendys_all_human,20260615wendy's/data/wendys_final_humor_presence_dataset.csv,Wendy's,1236305605188636672,https://x.com/Wendys/status/1236305605188636672,Sat Mar 07 15:00:00 +0000 2020,"Yep, your new favorite is free with purchase in the Wendy's app. https://t.co/drxmKsYTyu https://t.co/gmJWGNgvBD",0,0,final_humor_binary
wendys_all_h1_01507,wendys_all_human,20260615wendy's/data/wendys_final_humor_presence_dataset.csv,Wendy's,1237012795327238144,https://x.com/Wendys/status/1237012795327238144,Mon Mar 09 13:50:07 +0000 2020,Better come and get you some. https://t.co/Z5bXZ97iAy,0,0,final_humor_binary
wendys_all_h1_01508,wendys_all_human,20260615wendy's/data/wendys_final_humor_presence_dataset.csv,Wendy's,1237741943809028096,https://x.com/Wendys/status/1237741943809028096,Wed Mar 11 14:07:30 +0000 2020,Honey. Butter. Chicken. Biscuit. Free. (with any purchase in our app),0,0,final_humor_binary
wendys_all_h1_01509,wendys_all_human,20260615wendy's/data/wendys_final_humor_presence_dataset.csv,Wendy's,1242894464760328192,https://x.com/Wendys/status/1242894464760328192,Wed Mar 25 19:21:46 +0000 2020,Don’t miss our best catches! Hop in the stream now! https://t.co/J4Z5cZlvtz #ACNH https://t.co/mnAaUVZ3TJ,0,0,final_humor_binary
wendys_all_h1_01510,wendys_all_human,20260615wendy's/data/wendys_final_humor_presence_dataset.csv,Wendy's,1247262166392221698,https://x.com/Wendys/status/1247262166392221698,Mon Apr 06 20:37:28 +0000 2020,The Wooden Award winner will be revealed tomorrow. Who’s your choice? ( 📍 @Wendys) https://t.co/SQdg3QVmoi,0,0,final_humor_binary
wendys_all_h1_01511,wendys_all_human,20260615wendy's/data/wendys_final_humor_presence_dataset.csv,Wendy's,1247574856784379906,https://x.com/Wendys/status/1247574856784379906,Tue Apr 07 17:19:59 +0000 2020,Picking up a new hobby. Come paint with us on Twitch. https://t.co/P0GZ7DIn5g https://t.co/8mllJ9tke4,0,0,final_humor_binary
wendys_all_h1_01512,wendys_all_human,20260615wendy's/data/wendys_final_humor_presence_dataset.csv,Wendy's,1248677421588586496,https://x.com/Wendys/status/1248677421588586496,Fri Apr 10 18:21:11 +0000 2020,"Come on now! You can't hit them with the old fruit and scoot! Might be out of oranges, but at least you've still got the Free Dave's Single in the app.",1,1,final_humor_binary
wendys_all_h1_01513,wendys_all_human,20260615wendy's/data/wendys_final_humor_presence_dataset.csv,Wendy's,1248679862384185347,https://x.com/Wendys/status/1248679862384185347,Fri Apr 10 18:30:53 +0000 2020,Shout out to LostMermaid. It's never too late to reply back. Even if it has been like...a year. The internet can see you. Let's grab that Free Dave's Single while we wait.,1,1,final_humor_binary
wendys_all_h1_01514,wendys_all_human,20260615wendy's/data/wendys_final_humor_presence_dataset.csv,Wendy's,1248693897263448071,https://x.com/Wendys/status/1248693897263448071,Fri Apr 10 19:26:39 +0000 2020,"Um, hey, Cousin. Give the HDMI back. This is not a game. You have 48 hours. In the meantime we will enjoy a Free Dave's Single.",1,1,final_humor_binary
wendys_all_h1_01515,wendys_all_human,20260615wendy's/data/wendys_final_humor_presence_dataset.csv,Wendy's,1248698613045366785,https://x.com/Wendys/status/1248698613045366785,Fri Apr 10 19:45:23 +0000 2020,"Shout out to the girl that keeps ""losing"" her phone. Maybe while she downloads the findmyphone app you can enjoy a Free Dave's Single in our app.",1,1,final_humor_binary
wendys_all_h1_01516,wendys_all_human,20260615wendy's/data/wendys_final_humor_presence_dataset.csv,Wendy's,1250053580716990467,https://x.com/Wendys/status/1250053580716990467,Tue Apr 14 13:29:33 +0000 2020,"Had so much fun last week, we figured we’d do it again! Get your hands on a free Breakfast Baconator in the Wendy's app and help us solve this bad boy. https://t.co/KhIgxDbUYH",1,1,final_humor_binary
wendys_all_h1_01517,wendys_all_human,20260615wendy's/data/wendys_final_humor_presence_dataset.csv,Wendy's,1252250012676997123,https://x.com/Wendys/status/1252250012676997123,Mon Apr 20 14:57:23 +0000 2020,"Everyone could use some extra love right now, so we’re trading our usual roasting for a little toasting. Let’s use this thread to shout out the special people in our lives that we think deserve some shine right now.",1,1,final_humor_binary
wendys_all_h1_01518,wendys_all_human,20260615wendy's/data/wendys_final_humor_presence_dataset.csv,Wendy's,1252355382657216512,https://x.com/Wendys/status/1252355382657216512,Mon Apr 20 21:56:05 +0000 2020,"Not gonna lie, all this love y’all are showing has inspired us. We wish we could give you a hug, but instead…how about a nug? This Friday, we’ll be giving out free 4pc spicy and crispy nugs at every Wendy’s drive-thru. No purchase necessary, not a single string attached.",1,1,final_humor_binary
wendys_all_h1_01519,wendys_all_human,20260615wendy's/data/wendys_final_humor_presence_dataset.csv,Wendy's,1252379047335608320,https://x.com/Wendys/status/1252379047335608320,Mon Apr 20 23:30:07 +0000 2020,We’re giving America a GroupNug this Friday. ♥ this tweet and we’ll remind you when to get your free 4pc nuggets! https://t.co/AKWHpSXdD6,1,1,final_humor_binary
wendys_all_h1_01520,wendys_all_human,20260615wendy's/data/wendys_final_humor_presence_dataset.csv,Wendy's,1252980092113993730,https://x.com/Wendys/status/1252980092113993730,Wed Apr 22 15:18:27 +0000 2020,"Everyone has become their own hairstylist. We all need a nug. This Friday ONLY, we’re giving America a big GroupNug. Get FREE 4pc nuggets when you visit our drive-thru. https://t.co/dXYeMJFsWu",1,1,final_humor_binary
wendys_all_h1_01521,wendys_all_human,20260615wendy's/data/wendys_final_humor_presence_dataset.csv,Wendy's,1253342185157607433,https://x.com/Wendys/status/1253342185157607433,Thu Apr 23 15:17:17 +0000 2020,"America, come get your GroupNug. Come to the Wendy’s drive-thru tomorrow and get your free 4pc. nuggets! https://t.co/GRTmEcX3Ar",0,0,final_humor_binary
wendys_all_h1_01522,wendys_all_human,20260615wendy's/data/wendys_final_humor_presence_dataset.csv,Wendy's,1254067898349428737,https://x.com/Wendys/status/1254067898349428737,Sat Apr 25 15:21:01 +0000 2020,"We gave you a GroupNug, now send some to a friend. Use Postmates code: NUGHUG and send a loved one free 10pc. nugs with free delivery fee by ordering Wendy’s through Postmates! This weekend only.",0,0,final_humor_binary
wendys_all_h1_01523,wendys_all_human,20260615wendy's/data/wendys_final_humor_presence_dataset.csv,Wendy's,1254757690321932288,https://x.com/Wendys/status/1254757690321932288,Mon Apr 27 13:02:00 +0000 2020,Now that really honey butters my biscuit! https://t.co/xkZxxXsVwM,1,1,final_humor_binary
wendys_all_h1_01524,wendys_all_human,20260615wendy's/data/wendys_final_humor_presence_dataset.csv,Wendy's,1255888429910577153,https://x.com/Wendys/status/1255888429910577153,Thu Apr 30 15:55:09 +0000 2020,"Spicy, spicy! Very nice-y. Score yourself one FREE Spicy Chicken Sandwich with mobile purchase in the Wendy's app! 🔥🔥🔥 https://t.co/wIYUkeVVJA",0,0,final_humor_binary
wendys_all_h1_01525,wendys_all_human,20260615wendy's/data/wendys_final_humor_presence_dataset.csv,Wendy's,1255937272907776001,https://x.com/Wendys/status/1255937272907776001,Thu Apr 30 19:09:14 +0000 2020,Come and see the Wendy-est Mortys in the entire multiverse. We’re playing with Wendy Morty and Breakfast Morty in Pocket Mortys! Check out our stream right now: https://t.co/sQfjVH1iaa,0,0,final_humor_binary
wendys_all_h1_01526,wendys_all_human,20260615wendy's/data/wendys_final_humor_presence_dataset.csv,Wendy's,1256297367860625414,https://x.com/Wendys/status/1256297367860625414,Fri May 01 19:00:08 +0000 2020,Be on the lookout for this Honey Butter Chicken Biscuit. @wendys #ad https://t.co/71Cd9mpyi6,0,0,final_humor_binary
wendys_all_h1_01527,wendys_all_human,20260615wendy's/data/wendys_final_humor_presence_dataset.csv,Wendy's,1256977275754610688,https://x.com/Wendys/status/1256977275754610688,Sun May 03 16:01:50 +0000 2020,That Honey Butter Chicken Biscuit is one bad boi. See it in action during the Rick and Morty premiere tonight!,0,0,final_humor_binary
wendys_all_h1_01528,wendys_all_human,20260615wendy's/data/wendys_final_humor_presence_dataset.csv,Wendy's,1257082671118913537,https://x.com/Wendys/status/1257082671118913537,Sun May 03 23:00:38 +0000 2020,"This week, we will be hiding codes. Lots of codes. Codes that will score you free Wendy's. Hidden across our entire internet presence. The clues start Monday. Think you can solve the Cyber Search? https://t.co/FB2IXQSyAq",1,1,final_humor_binary
wendys_all_h1_01529,wendys_all_human,20260615wendy's/data/wendys_final_humor_presence_dataset.csv,Wendy's,1257152398566592516,https://x.com/Wendys/status/1257152398566592516,Mon May 04 03:37:43 +0000 2020,"No, this is THE Wendy's.",1,1,final_humor_binary
wendys_all_h1_01530,wendys_all_human,20260615wendy's/data/wendys_final_humor_presence_dataset.csv,Wendy's,1259528627017748480,https://x.com/Wendys/status/1259528627017748480,Sun May 10 17:00:00 +0000 2020,Since you’ve been asking. https://t.co/mZBOLo0daZ,0,0,final_humor_binary
wendys_all_h1_01531,wendys_all_human,20260615wendy's/data/wendys_final_humor_presence_dataset.csv,Wendy's,1259832419311661058,https://x.com/Wendys/status/1259832419311661058,Mon May 11 13:07:09 +0000 2020,Treat yo self. https://t.co/cHqfuIdNRK,0,0,final_humor_binary
wendys_all_h1_01532,wendys_all_human,20260615wendy's/data/wendys_final_humor_presence_dataset.csv,Wendy's,1260917780594884608,https://x.com/Wendys/status/1260917780594884608,Thu May 14 13:00:00 +0000 2020,"Sorry, private meeting. Elite breakfast foods only. https://t.co/skbJUhiqgc",1,1,final_humor_binary
wendys_all_h1_01533,wendys_all_human,20260615wendy's/data/wendys_final_humor_presence_dataset.csv,Wendy's,1261339056618835968,https://x.com/Wendys/status/1261339056618835968,Fri May 15 16:54:00 +0000 2020,2 for $5 is your Spicy Nugg hookup. https://t.co/YqGE1mbsex,0,0,final_humor_binary
wendys_all_h1_01534,wendys_all_human,20260615wendy's/data/wendys_final_humor_presence_dataset.csv,Wendy's,1263549059962408962,https://x.com/Wendys/status/1263549059962408962,Thu May 21 19:15:46 +0000 2020,"Alright Wendys, your time has come. Do you have what it takes to be the Queen of the Hill? Suit up and enter our Super Smash Bros tournament on https://t.co/P0GZ7DIn5g. We’ll see ya at the top. https://t.co/PUgtPzPZ8e",1,1,final_humor_binary
wendys_all_h1_01535,wendys_all_human,20260615wendy's/data/wendys_final_humor_presence_dataset.csv,Wendy's,1266084754832719872,https://x.com/Wendys/status/1266084754832719872,Thu May 28 19:11:42 +0000 2020,"#NationalRoastDay starts right here tomorrow at 11am ET. For everyone that’s said “Roast Me Wendy’s,”...Tomorrow’s lookin’ good. Let’s roll, jabronis.",1,1,final_humor_binary
wendys_all_h1_01536,wendys_all_human,20260615wendy's/data/wendys_final_humor_presence_dataset.csv,Wendy's,1266395345996652552,https://x.com/Wendys/status/1266395345996652552,Fri May 29 15:45:53 +0000 2020,We’re moving National Roast Day because there are going to be better times for it. Love you guys.,1,1,final_humor_binary
wendys_all_h1_01537,wendys_all_human,20260615wendy's/data/wendys_final_humor_presence_dataset.csv,Wendy's,1268326640972595206,https://x.com/Wendys/status/1268326640972595206,Wed Jun 03 23:40:10 +0000 2020,"We’re about putting our money where our mouth is. So here’s our money and here’s our mouth. We are committed to donating $500k to support social justice, the youth and education in the Black community starting with the Thurgood Marshall College Fund and we’ll have receipts.",1,1,final_humor_binary
wendys_all_h1_01538,wendys_all_human,20260615wendy's/data/wendys_final_humor_presence_dataset.csv,Wendy's,1276283355768803330,https://x.com/Wendys/status/1276283355768803330,Thu Jun 25 22:37:18 +0000 2020,"So much has happened over the past couple of weeks, including the death of Rayshard Brooks. We’ve taken the time to ensure we’re focused on the best ways to support positive change.",0,0,final_humor_binary
wendys_all_h1_01539,wendys_all_human,20260615wendy's/data/wendys_final_humor_presence_dataset.csv,Wendy's,1276283357219950593,https://x.com/Wendys/status/1276283357219950593,Thu Jun 25 22:37:19 +0000 2020,"Today, we are announcing new partnerships with the Urban League (@CULempowering) and the YWCA(@ywcacolumbus). These two organizations are committed to fighting racism and empowering Black youth, and we’re eager to be a part of their mission.",0,0,final_humor_binary
wendys_all_h1_01540,wendys_all_human,20260615wendy's/data/wendys_final_humor_presence_dataset.csv,Wendy's,1276283357979164674,https://x.com/Wendys/status/1276283357979164674,Thu Jun 25 22:37:19 +0000 2020,We’ll also be chatting with @tmcf_hbcu next week to learn more about their history supporting students at #HBCUs. Check out the conversation on 7/2.,0,0,final_humor_binary
wendys_all_h1_01541,wendys_all_human,20260615wendy's/data/wendys_final_humor_presence_dataset.csv,Wendy's,1278697646312611841,https://x.com/Wendys/status/1278697646312611841,Thu Jul 02 14:30:50 +0000 2020,"This acronym #HBCU might be new to some of our followers, what exactly does that stand for? https://t.co/afDXa92aiC",0,0,final_humor_binary
wendys_all_h1_01542,wendys_all_human,20260615wendy's/data/wendys_final_humor_presence_dataset.csv,Wendy's,1278698388054310913,https://x.com/Wendys/status/1278698388054310913,Thu Jul 02 14:33:47 +0000 2020,Black College Communities deserve to be honored and celebrated. Thanks @tmcf_hbcu for taking the time and sharing all of this great info today.,0,0,final_humor_binary
wendys_all_h1_01543,wendys_all_human,20260615wendy's/data/wendys_final_humor_presence_dataset.csv,Wendy's,1283561455787347973,https://x.com/Wendys/status/1283561455787347973,Thu Jul 16 00:37:53 +0000 2020,"Sorry, Nick. No dice.",1,1,final_humor_binary
wendys_all_h1_01544,wendys_all_human,20260615wendy's/data/wendys_final_humor_presence_dataset.csv,Wendy's,1285658885366386688,https://x.com/Wendys/status/1285658885366386688,Tue Jul 21 19:32:19 +0000 2020,We’re heading back to the island for a quick swim. Grab a Strawberry Lemonade to sip while we dip in the stream. https://t.co/P0GZ7DIn5g,1,1,final_humor_binary
wendys_all_h1_01545,wendys_all_human,20260615wendy's/data/wendys_final_humor_presence_dataset.csv,Wendy's,1286650842225848321,https://x.com/Wendys/status/1286650842225848321,Fri Jul 24 13:14:00 +0000 2020,"Wakey wakey, eggs and bac-y-nator.",1,1,final_humor_binary
wendys_all_h1_01546,wendys_all_human,20260615wendy's/data/wendys_final_humor_presence_dataset.csv,Wendy's,1288908749411946497,https://x.com/Wendys/status/1288908749411946497,Thu Jul 30 18:46:07 +0000 2020,Real ones know. https://t.co/TRqxRULx4s,0,0,final_humor_binary
wendys_all_h1_01547,wendys_all_human,20260615wendy's/data/wendys_final_humor_presence_dataset.csv,Wendy's,1291462568511406081,https://x.com/Wendys/status/1291462568511406081,Thu Aug 06 19:54:05 +0000 2020,The burgers are square for a reason.,1,1,final_humor_binary
wendys_all_h1_01548,wendys_all_human,20260615wendy's/data/wendys_final_humor_presence_dataset.csv,Wendy's,1291837518455779328,https://x.com/Wendys/status/1291837518455779328,Fri Aug 07 20:44:00 +0000 2020,4:44 on the clock I’m in my drop top getting some eats.,1,1,final_humor_binary
wendys_all_h1_01549,wendys_all_human,20260615wendy's/data/wendys_final_humor_presence_dataset.csv,Wendy's,1292880058399567876,https://x.com/Wendys/status/1292880058399567876,Mon Aug 10 17:46:41 +0000 2020,Don’t know who needs to hear this but pepper isn’t spicy...this new 444 is thoughhhhh 🥵 https://t.co/H2tx5WJFVc,0,0,final_humor_binary
wendys_all_h1_01550,wendys_all_human,20260615wendy's/data/wendys_final_humor_presence_dataset.csv,Wendy's,1293256222922203138,https://x.com/Wendys/status/1293256222922203138,Tue Aug 11 18:41:25 +0000 2020,Hope your server maintenance is as active as your twitter 😉 (and make sure the crowns aren’t paper),1,1,final_humor_binary
wendys_all_h1_01551,wendys_all_human,20260615wendy's/data/wendys_final_humor_presence_dataset.csv,Wendy's,1294001894227161089,https://x.com/Wendys/status/1294001894227161089,Thu Aug 13 20:04:27 +0000 2020,We’re going to run it back and play @FallGuysGame. Check out our stream here! https://t.co/P0GZ7DIn5g,0,0,final_humor_binary
wendys_all_h1_01552,wendys_all_human,20260615wendy's/data/wendys_final_humor_presence_dataset.csv,Wendy's,1294005354607542274,https://x.com/Wendys/status/1294005354607542274,Thu Aug 13 20:18:12 +0000 2020,Wendy's back on the Fall Guys again 0 dubs so far 😂👌,1,1,final_humor_binary
wendys_all_h1_01553,wendys_all_human,20260615wendy's/data/wendys_final_humor_presence_dataset.csv,Wendy's,1296100179976822785,https://x.com/Wendys/status/1296100179976822785,Wed Aug 19 15:02:17 +0000 2020,Been working on the ol' photoshop skills. Hit us up and we’ll spice up your profile pic.,1,1,final_humor_binary
wendys_all_h1_01554,wendys_all_human,20260615wendy's/data/wendys_final_humor_presence_dataset.csv,Wendy's,1296530892731682818,https://x.com/Wendys/status/1296530892731682818,Thu Aug 20 19:33:47 +0000 2020,The 444 squad is heating things up in Fortnite today. Grab a new Spicy Crispy Chicken Sandwich in the 444 and check out our squad stream on Twitch. https://t.co/P0GZ7DIn5g,0,0,final_humor_binary
wendys_all_h1_01555,wendys_all_human,20260615wendy's/data/wendys_final_humor_presence_dataset.csv,Wendy's,1296875748834320388,https://x.com/Wendys/status/1296875748834320388,Fri Aug 21 18:24:07 +0000 2020,I dip... you dip...,1,1,final_humor_binary
wendys_all_h1_01556,wendys_all_human,20260615wendy's/data/wendys_final_humor_presence_dataset.csv,Wendy's,1297919369109012481,https://x.com/Wendys/status/1297919369109012481,Mon Aug 24 15:31:06 +0000 2020,"Some of you are still sleeping on our breakfast? Tag a friend that needs a lesson in good, morning eating.",1,1,final_humor_binary
wendys_all_h1_01557,wendys_all_human,20260615wendy's/data/wendys_final_humor_presence_dataset.csv,Wendy's,1298984742822412288,https://x.com/Wendys/status/1298984742822412288,Thu Aug 27 14:04:31 +0000 2020,One for you and one for you. 😎 https://t.co/dk6c4f4GqQ,1,1,final_humor_binary
wendys_all_h1_01558,wendys_all_human,20260615wendy's/data/wendys_final_humor_presence_dataset.csv,Wendy's,1299061951050518531,https://x.com/Wendys/status/1299061951050518531,Thu Aug 27 19:11:19 +0000 2020,Try our new Spicy Crispy Chicken Sandwich in the 444 while you watch us play with new peeps on our Fortnite squad stream. One of those peeps could be you! https://t.co/sQfjVH1iaa,0,0,final_humor_binary
wendys_all_h1_01559,wendys_all_human,20260615wendy's/data/wendys_final_humor_presence_dataset.csv,Wendy's,1300451564763709440,https://x.com/Wendys/status/1300451564763709440,Mon Aug 31 15:13:08 +0000 2020,Friends don’t let friends miss a breakfast BOGO. https://t.co/1BDp1fKpa4,1,1,final_humor_binary
wendys_all_h1_01560,wendys_all_human,20260615wendy's/data/wendys_final_humor_presence_dataset.csv,Wendy's,1303726230966075392,https://x.com/Wendys/status/1303726230966075392,Wed Sep 09 16:05:30 +0000 2020,Sliding into your mentions like https://t.co/kKfWx8zdMO,1,1,final_humor_binary
wendys_all_h1_01561,wendys_all_human,20260615wendy's/data/wendys_final_humor_presence_dataset.csv,Wendy's,1306035620494671874,https://x.com/Wendys/status/1306035620494671874,Wed Sep 16 01:02:11 +0000 2020,"Concert is live! Get your food on with Uber Eats, you can order the Pretzel Bacon Pub Cheeseburger, Spicy Nuggs, and whatever else you want with $0 Delivery Fee on Wendy's orders with $10 min. Terms and other fees apply. See Uber Eats for availability. https://t.co/IfR64uwusI",0,0,final_humor_binary
wendys_all_h1_01562,wendys_all_human,20260615wendy's/data/wendys_final_humor_presence_dataset.csv,Wendy's,1308105339255107589,https://x.com/Wendys/status/1308105339255107589,Mon Sep 21 18:06:30 +0000 2020,Just making sure they see this,0,0,final_humor_binary
wendys_all_h1_01563,wendys_all_human,20260615wendy's/data/wendys_final_humor_presence_dataset.csv,Wendy's,1309543210793009152,https://x.com/Wendys/status/1309543210793009152,Fri Sep 25 17:20:06 +0000 2020,"Pretzel Bacon Pub Cheeseburger. @DrPepper. We call it the Dr PubberCombo. Well, not officially, but you could. https://t.co/Hcn54JRQiy",1,1,final_humor_binary
wendys_all_h1_01564,wendys_all_human,20260615wendy's/data/wendys_final_humor_presence_dataset.csv,Wendy's,1309849985589145601,https://x.com/Wendys/status/1309849985589145601,Sat Sep 26 13:39:07 +0000 2020,"Celebrate National Breakfast day with the Queen 👑. Here’s $5 off breakfast when ya order thru @Grubhub. No minimum, just lots of yum. YA WELCOME.",0,0,final_humor_binary
wendys_all_h1_01565,wendys_all_human,20260615wendy's/data/wendys_final_humor_presence_dataset.csv,Wendy's,1310646202082492417,https://x.com/Wendys/status/1310646202082492417,Mon Sep 28 18:22:59 +0000 2020,"don't think they'll live long, or prosper tbh",1,1,final_humor_binary
wendys_all_h1_01566,wendys_all_human,20260615wendy's/data/wendys_final_humor_presence_dataset.csv,Wendy's,1313576456031797256,https://x.com/Wendys/status/1313576456031797256,Tue Oct 06 20:26:46 +0000 2020,"We’re going LIVE on 10/8 at 3pm ET with @mike_haracz, diving face first into the new Pretzel Bacon Pub Cheeseburger. Set your reminder now! https://t.co/12qD4oXp4p",0,0,final_humor_binary
wendys_all_h1_01567,wendys_all_human,20260615wendy's/data/wendys_final_humor_presence_dataset.csv,Wendy's,1314250917953318912,https://x.com/Wendys/status/1314250917953318912,Thu Oct 08 17:06:51 +0000 2020,Burger King could never https://t.co/5aCAxQtEXM,1,1,final_humor_binary
wendys_all_h1_01568,wendys_all_human,20260615wendy's/data/wendys_final_humor_presence_dataset.csv,Wendy's,1314279488394596353,https://x.com/Wendys/status/1314279488394596353,Thu Oct 08 19:00:22 +0000 2020,"We’re LIVE with former [redacted] chef, Chef @mike_haracz! Check it out as he gets down on the Pretzel Bacon Pub Cheeseburger. https://t.co/12qD4oXp4p",0,0,final_humor_binary
wendys_all_h1_01569,wendys_all_human,20260615wendy's/data/wendys_final_humor_presence_dataset.csv,Wendy's,1315790897695666176,https://x.com/Wendys/status/1315790897695666176,Mon Oct 12 23:06:10 +0000 2020,the first thing you order when you leave the bubble,1,1,final_humor_binary
wendys_all_h1_01570,wendys_all_human,20260615wendy's/data/wendys_final_humor_presence_dataset.csv,Wendy's,1316371848960061440,https://x.com/Wendys/status/1316371848960061440,Wed Oct 14 13:34:40 +0000 2020,"You put in the work, now it’s time for your reward. Head to @UberEats now and get up to 30% off breakfast today through Friday morning with code: WENDYS30",1,1,final_humor_binary
wendys_all_h1_01571,wendys_all_human,20260615wendy's/data/wendys_final_humor_presence_dataset.csv,Wendy's,1318582764652867591,https://x.com/Wendys/status/1318582764652867591,Tue Oct 20 16:00:03 +0000 2020,Here’s some advice about spice: It’s always better on a donut (like the Spicy Ghost Pepper Donut). 🔥🍩 #DunkinSpicySide https://t.co/gcdvThyXpK,1,1,final_humor_binary
wendys_all_h1_01572,wendys_all_human,20260615wendy's/data/wendys_final_humor_presence_dataset.csv,Wendy's,1318616066386481152,https://x.com/Wendys/status/1318616066386481152,Tue Oct 20 18:12:23 +0000 2020,Stick to pushing the food that’s so “good”you took it out of your name. My grandma has more heat in her roasts.,1,1,final_humor_binary
wendys_all_h1_01573,wendys_all_human,20260615wendy's/data/wendys_final_humor_presence_dataset.csv,Wendy's,1318624118070280192,https://x.com/Wendys/status/1318624118070280192,Tue Oct 20 18:44:23 +0000 2020,lol hope they'll still take your return at Spirit Halloween after the stink of this tweet gets on the costume,1,1,final_humor_binary
wendys_all_h1_01574,wendys_all_human,20260615wendy's/data/wendys_final_humor_presence_dataset.csv,Wendy's,1319708105542979588,https://x.com/Wendys/status/1319708105542979588,Fri Oct 23 18:31:46 +0000 2020,128. Get a free croissant sandwich in the app tomorrow morning and count for yourself.,0,0,final_humor_binary
wendys_all_h1_01575,wendys_all_human,20260615wendy's/data/wendys_final_humor_presence_dataset.csv,Wendy's,1321203076171182080,https://x.com/Wendys/status/1321203076171182080,Tue Oct 27 21:32:14 +0000 2020,that fry is longer than waiting for a text back,1,1,final_humor_binary
wendys_all_h1_01576,wendys_all_human,20260615wendy's/data/wendys_final_humor_presence_dataset.csv,Wendy's,1321490902083395585,https://x.com/Wendys/status/1321490902083395585,Wed Oct 28 16:35:57 +0000 2020,when it's thanksgiving in 2009,0,0,final_humor_binary
wendys_all_h1_01577,wendys_all_human,20260615wendy's/data/wendys_final_humor_presence_dataset.csv,Wendy's,1326221906916352003,https://x.com/Wendys/status/1326221906916352003,Tue Nov 10 17:55:17 +0000 2020,Y’all want a free chicken sandwich?,1,1,final_humor_binary
wendys_all_h1_01578,wendys_all_human,20260615wendy's/data/wendys_final_humor_presence_dataset.csv,Wendy's,1326978186907934722,https://x.com/Wendys/status/1326978186907934722,Thu Nov 12 20:00:28 +0000 2020,"The Citadel of Ricks Giftshop and @wendys are having an intergalactic mystery giveaway. Comment what you think it is, and visit the Adult Swim Festival this Saturday to find out. https://t.co/x00SKqsoBP #ad https://t.co/110NI0Rg3W",0,0,final_humor_binary
wendys_all_h1_01579,wendys_all_human,20260615wendy's/data/wendys_final_humor_presence_dataset.csv,Wendy's,1327327865160036352,https://x.com/Wendys/status/1327327865160036352,Fri Nov 13 19:09:58 +0000 2020,"Only an impostor would not watch this stream. Don’t be sus, join us live: https://t.co/P0GZ7DIn5g",1,1,final_humor_binary
wendys_all_h1_01580,wendys_all_human,20260615wendy's/data/wendys_final_humor_presence_dataset.csv,Wendy's,1328412660241723395,https://x.com/Wendys/status/1328412660241723395,Mon Nov 16 19:00:33 +0000 2020,We’re LIVE! Join us for the BIG reveal! https://t.co/ZeJ0fIdqvH,0,0,final_humor_binary
wendys_all_h1_01581,wendys_all_human,20260615wendy's/data/wendys_final_humor_presence_dataset.csv,Wendy's,1328791788988096512,https://x.com/Wendys/status/1328791788988096512,Tue Nov 17 20:07:04 +0000 2020,WE’RE GOIN’ TO WENDY’S https://t.co/mPMwZMygLo,1,1,final_humor_binary
wendys_all_h1_01582,wendys_all_human,20260615wendy's/data/wendys_final_humor_presence_dataset.csv,Wendy's,1329177361267429376,https://x.com/Wendys/status/1329177361267429376,Wed Nov 18 21:39:12 +0000 2020,Putting stories in the Wendy's app. jk no one asked for that. https://t.co/AqIA0o1C2V,1,1,final_humor_binary
wendys_all_h1_01583,wendys_all_human,20260615wendy's/data/wendys_final_humor_presence_dataset.csv,Wendy's,1332670830015180803,https://x.com/Wendys/status/1332670830015180803,Sat Nov 28 13:01:00 +0000 2020,🥓 Morning win! 🥓 $5 off Breakfast thru Grubhub. Get it. https://t.co/mhOghjfBS4,1,1,final_humor_binary
wendys_all_h1_01584,wendys_all_human,20260615wendy's/data/wendys_final_humor_presence_dataset.csv,Wendy's,1333864403498795008,https://x.com/Wendys/status/1333864403498795008,Tue Dec 01 20:03:50 +0000 2020,"Made my first sale on #Redbubble, now I have to figure out how to spend my 22¢! ☺️ @Wendys #AmongUs https://t.co/e7xNqM7tME",1,1,final_humor_binary
wendys_all_h1_01585,wendys_all_human,20260615wendy's/data/wendys_final_humor_presence_dataset.csv,Wendy's,1333884282247532544,https://x.com/Wendys/status/1333884282247532544,Tue Dec 01 21:22:49 +0000 2020,"We’re not gonna say there was a right answer to this, but this seems like y’all were on it. Get to Wendy’s and see for yourself, with a free Breakfast Baconator with purchase in the app.",1,1,final_humor_binary
wendys_all_h1_01586,wendys_all_human,20260615wendy's/data/wendys_final_humor_presence_dataset.csv,Wendy's,1334521075930173446,https://x.com/Wendys/status/1334521075930173446,Thu Dec 03 15:33:13 +0000 2020,When do you prefer to Baconate?,0,0,final_humor_binary
wendys_all_h1_01587,wendys_all_human,20260615wendy's/data/wendys_final_humor_presence_dataset.csv,Wendy's,1334613261128495106,https://x.com/Wendys/status/1334613261128495106,Thu Dec 03 21:39:32 +0000 2020,"Baconator O’Clock=the perf time to baconate, if we do say so ourselves. Get to Wendy’s and start baconating with a free Breakfast Baconator with purchase in the app.",1,1,final_humor_binary
wendys_all_h1_01588,wendys_all_human,20260615wendy's/data/wendys_final_humor_presence_dataset.csv,Wendy's,1335041387566411777,https://x.com/Wendys/status/1335041387566411777,Sat Dec 05 02:00:45 +0000 2020,Get your favorite burger before we listen to all our favorite hits. Get a FREE Baconator on @postmates with any order of $15 or more with code: BACONATOR (that one’s easy to remember). https://t.co/K7xiyEljYQ,0,0,final_humor_binary
wendys_all_h1_01589,wendys_all_human,20260615wendy's/data/wendys_final_humor_presence_dataset.csv,Wendy's,1336068202917466113,https://x.com/Wendys/status/1336068202917466113,Mon Dec 07 22:00:57 +0000 2020,"Soooo you guys keep asking us to stream more on @Twitch so how about this. We partnered with @UberEats and five of the biggest streamers and we’re going to stream for five days straight. You ask and you shall receive. W’s in the chat all day, let’s go. https://t.co/IiVQtgeT16 https://t.co/G5RgtnVQcL",0,0,final_humor_binary
wendys_all_h1_01590,wendys_all_human,20260615wendy's/data/wendys_final_humor_presence_dataset.csv,Wendy's,1337140424444669954,https://x.com/Wendys/status/1337140424444669954,Thu Dec 10 21:01:34 +0000 2020,We’re live and we’re taking next-gen to the next level. Watch @itshafu enjoy the sweet taste of victory and other dope menu items thanks to @UberEats. The graphics on these games aren’t the only thing crispy round here. Iykyk lol. https://t.co/IiVQtgeT16,1,1,final_humor_binary
wendys_all_h1_01591,wendys_all_human,20260615wendy's/data/wendys_final_humor_presence_dataset.csv,Wendy's,1338523478648107011,https://x.com/Wendys/status/1338523478648107011,Mon Dec 14 16:37:20 +0000 2020,Ain’t no party like a Baconator party cause a Baconator party…,1,1,final_humor_binary
wendys_all_h1_01592,wendys_all_human,20260615wendy's/data/wendys_final_humor_presence_dataset.csv,Wendy's,1339620945347178500,https://x.com/Wendys/status/1339620945347178500,Thu Dec 17 17:18:16 +0000 2020,"Listen, the family photo shoot turned out great, but Baconator makes everything better. Send us your family holiday card, and we will Baconate the heck out of it.",1,1,final_humor_binary
wendys_all_h1_01593,wendys_all_human,20260615wendy's/data/wendys_final_humor_presence_dataset.csv,Wendy's,1340008979494301696,https://x.com/Wendys/status/1340008979494301696,Fri Dec 18 19:00:11 +0000 2020,"First we wake, then we BACONATE! @MMATAband, you ready?",1,1,final_humor_binary
wendys_all_h1_01594,wendys_all_human,20260615wendy's/data/wendys_final_humor_presence_dataset.csv,Wendy's,1340011507661365248,https://x.com/Wendys/status/1340011507661365248,Fri Dec 18 19:10:14 +0000 2020,It’s almost time to #wakeandbaconate. Join us live with @MMATAband on Monday 12/21 at 12pm ET. Set your reminders now! https://t.co/ehn3t8x7Za,0,0,final_humor_binary
wendys_all_h1_01595,wendys_all_human,20260615wendy's/data/wendys_final_humor_presence_dataset.csv,Wendy's,1342838056269840385,https://x.com/Wendys/status/1342838056269840385,Sat Dec 26 14:21:55 +0000 2020,"Right now on Uber Eats you can get a $0 delivery fee on orders of $15 or more. So bring on the burgers and nuggs, y’all. https://t.co/rohZdtqoT7",0,0,final_humor_binary
wendys_all_h1_01596,wendys_all_human,20260615wendy's/data/wendys_final_humor_presence_dataset.csv,Wendy's,1346894350182182912,https://x.com/Wendys/status/1346894350182182912,Wed Jan 06 19:00:11 +0000 2021,"Hey funny zoom background guy, it’s a new year. That means finding something else to make up for your lack of personality, and also #NationalRoastDay is about to be back! SOON.",1,1,final_humor_binary
wendys_all_h1_01597,wendys_all_human,20260615wendy's/data/wendys_final_humor_presence_dataset.csv,Wendy's,1355230683392860162,https://x.com/Wendys/status/1355230683392860162,Fri Jan 29 19:05:48 +0000 2021,"We’re back on Twitch, getting dubs in Overwatch. Speaking of dubs, you can also get yourself two select breakfast sandwiches for $4 now! https://t.co/P0GZ7DIn5g",0,0,final_humor_binary
wendys_all_h1_01598,wendys_all_human,20260615wendy's/data/wendys_final_humor_presence_dataset.csv,Wendy's,1355323114280906760,https://x.com/Wendys/status/1355323114280906760,Sat Jan 30 01:13:05 +0000 2021,Time for the Knuckle Huck. Watch them bust out the moves you’ll still be thinking about when you’re eating your Honey Butter Chicken Biscuit tomorrow morning.,0,0,final_humor_binary
wendys_all_h1_01599,wendys_all_human,20260615wendy's/data/wendys_final_humor_presence_dataset.csv,Wendy's,1356328102188748802,https://x.com/Wendys/status/1356328102188748802,Mon Feb 01 19:46:33 +0000 2021,"Making a mcstake can happen, just glad you learned from it.",1,1,final_humor_binary
wendys_all_h1_01600,wendys_all_human,20260615wendy's/data/wendys_final_humor_presence_dataset.csv,Wendy's,1358460514238681089,https://x.com/Wendys/status/1358460514238681089,Sun Feb 07 17:00:00 +0000 2021,"If football isn’t your thing, that’s cool. $0 delivery is for everyone. Get Wendy’s delivered with $0 delivery fee on all orders of $15 or more with Grubhub.",0,0,final_humor_binary
wendys_all_h1_01601,wendys_all_human,20260615wendy's/data/wendys_final_humor_presence_dataset.csv,Wendy's,1359215493626949637,https://x.com/Wendys/status/1359215493626949637,Tue Feb 09 19:00:01 +0000 2021,rOaSt Me WeNdY’s Fine. Come back on Thursday cause we’re roasting everyone on Thursday cause Thursday is #NationalRoastDay,1,1,final_humor_binary
wendys_all_h1_01602,wendys_all_human,20260615wendy's/data/wendys_final_humor_presence_dataset.csv,Wendy's,1359577880326524935,https://x.com/Wendys/status/1359577880326524935,Wed Feb 10 19:00:01 +0000 2021,"#NationalRoastDay is tomorrow. If you didn’t know, now you know. Either way, you’re a jabroni.",1,1,final_humor_binary
wendys_all_h1_01603,wendys_all_human,20260615wendy's/data/wendys_final_humor_presence_dataset.csv,Wendy's,1359902805901910026,https://x.com/Wendys/status/1359902805901910026,Thu Feb 11 16:31:09 +0000 2021,"Dude, your eyes need to start practicing some social distancing. #NationalRoastDay",1,1,final_humor_binary
wendys_all_h1_01604,wendys_all_human,20260615wendy's/data/wendys_final_humor_presence_dataset.csv,Wendy's,1359908897054732290,https://x.com/Wendys/status/1359908897054732290,Thu Feb 11 16:55:21 +0000 2021,Even Papa John wouldn't eat 40 of you in 30 days. #NationalRoastDay,1,1,final_humor_binary
wendys_all_h1_01605,wendys_all_human,20260615wendy's/data/wendys_final_humor_presence_dataset.csv,Wendy's,1359919274958196736,https://x.com/Wendys/status/1359919274958196736,Thu Feb 11 17:36:35 +0000 2021,Congrats on being the world’s first stale flavored chip. #NationalRoastDay,1,1,final_humor_binary
wendys_all_h1_01606,wendys_all_human,20260615wendy's/data/wendys_final_humor_presence_dataset.csv,Wendy's,1359943682221363204,https://x.com/Wendys/status/1359943682221363204,Thu Feb 11 19:13:35 +0000 2021,You're what people put up to scare the scarecrows. Loved your work in trolls world tour If you give this guy a swirlie he'll clean your toilet. Washed up Ryan Cabrera is definitely on the way down. Boom 4for4 #NationalRoastDay,1,1,final_humor_binary
wendys_all_h1_01607,wendys_all_human,20260615wendy's/data/wendys_final_humor_presence_dataset.csv,Wendy's,1359973584878391306,https://x.com/Wendys/status/1359973584878391306,Thu Feb 11 21:12:24 +0000 2021,Looks like you're about to open up a circle pit at a Build-A-Bear. #NationalRoastDay,1,1,final_humor_binary
wendys_all_h1_01608,wendys_all_human,20260615wendy's/data/wendys_final_humor_presence_dataset.csv,Wendy's,1360011130048049153,https://x.com/Wendys/status/1360011130048049153,Thu Feb 11 23:41:35 +0000 2021,"Well, that was fun. To all of those we torched, as they say, “you roast the ones you love.” If we didn’t get to you, maybe that’s the biggest burn of all. Either way, Free Frosty-ccino in the Wendy’s app all week long! #NationalRoastDay",1,1,final_humor_binary
wendys_all_h1_01609,wendys_all_human,20260615wendy's/data/wendys_final_humor_presence_dataset.csv,Wendy's,1360298310762979329,https://x.com/Wendys/status/1360298310762979329,Fri Feb 12 18:42:45 +0000 2021,Savor the moment. The best roasts of #NationalRoastDay 2021 are right here. https://t.co/naLA8BFQrw,1,1,final_humor_binary
wendys_all_h1_01610,wendys_all_human,20260615wendy's/data/wendys_final_humor_presence_dataset.csv,Wendy's,1361826031137652737,https://x.com/Wendys/status/1361826031137652737,Tue Feb 16 23:53:21 +0000 2021,Oh no...how embarrassing. Hopefully no one reads this.,1,1,final_humor_binary
wendys_all_h1_01611,wendys_all_human,20260615wendy's/data/wendys_final_humor_presence_dataset.csv,Wendy's,1362850965838258179,https://x.com/Wendys/status/1362850965838258179,Fri Feb 19 19:46:05 +0000 2021,We’re kicking bass and takin lakes! We’re reelin in some fresh fish and dealin out our new Crispy Panko Fish Sandwich. Check out our stream now! It’s guaranteed to be as exciting as actual fishing: https://t.co/P0GZ7DIn5g,1,1,final_humor_binary
wendys_all_h1_01612,wendys_all_human,20260615wendy's/data/wendys_final_humor_presence_dataset.csv,Wendy's,1364258730125197314,https://x.com/Wendys/status/1364258730125197314,Tue Feb 23 17:00:02 +0000 2021,"What’s poppin? Is that a thing people say still? Anyway, the answer is this Jalapeño Popper Chicken Sandwich. It rules.",1,1,final_humor_binary
wendys_all_h1_01613,wendys_all_human,20260615wendy's/data/wendys_final_humor_presence_dataset.csv,Wendy's,1365376931051548678,https://x.com/Wendys/status/1365376931051548678,Fri Feb 26 19:03:22 +0000 2021,"Well, you convinced us to play genshin impact, but now you have to come to the stream and help us figure out what we’re doing. Let’s do it! https://t.co/P0GZ7DIn5g",1,1,final_humor_binary
wendys_all_h1_01614,wendys_all_human,20260615wendy's/data/wendys_final_humor_presence_dataset.csv,Wendy's,1365415423047577602,https://x.com/Wendys/status/1365415423047577602,Fri Feb 26 21:36:19 +0000 2021,Should I ban george again?,1,1,final_humor_binary
wendys_all_h1_01615,wendys_all_human,20260615wendy's/data/wendys_final_humor_presence_dataset.csv,Wendy's,1367313189030006787,https://x.com/Wendys/status/1367313189030006787,Thu Mar 04 03:17:22 +0000 2021,it’s all boneless,1,1,final_humor_binary
wendys_all_h1_01616,wendys_all_human,20260615wendy's/data/wendys_final_humor_presence_dataset.csv,Wendy's,1369742953468604420,https://x.com/Wendys/status/1369742953468604420,Wed Mar 10 20:12:23 +0000 2021,It’s Biscuitball time! Get your FREE Honey Butter Chicken Biscuit N-N-N-NOOOOW. https://t.co/VUOxg9hz3r,0,0,final_humor_binary
wendys_all_h1_01617,wendys_all_human,20260615wendy's/data/wendys_final_humor_presence_dataset.csv,Wendy's,1370109813070381066,https://x.com/Wendys/status/1370109813070381066,Thu Mar 11 20:30:09 +0000 2021,It’s FREE HONEY BUTTER CHICKEN BISCUITBALL TIME. ❤️ this tweet and we’ll remind you on Thursday 3/18 when you can score a free Honey Butter Chicken Biscuit. https://t.co/YuVPLdfMj9,0,0,final_humor_binary
wendys_all_h1_01618,wendys_all_human,20260615wendy's/data/wendys_final_humor_presence_dataset.csv,Wendy's,1370124888049061895,https://x.com/Wendys/status/1370124888049061895,Thu Mar 11 21:30:03 +0000 2021,"It’s MARCH MADNESS TIME, BABY. Choose wisely in our tournament polls and we’ll hook you up with some sweet deals. ❤️ this tweet and we’ll hit you up when it’s time to vote in each tourney round. https://t.co/rvWMGK1xv6",1,1,final_humor_binary
wendys_all_h1_01619,wendys_all_human,20260615wendy's/data/wendys_final_humor_presence_dataset.csv,Wendy's,1370466586314866690,https://x.com/Wendys/status/1370466586314866690,Fri Mar 12 20:07:50 +0000 2021,"We’re back to making an Impact. Grab your FREE Spicy 10-Piece in our app, and then hop in the stream. https://t.co/P0GZ7DIn5g",1,1,final_humor_binary
wendys_all_h1_01620,wendys_all_human,20260615wendy's/data/wendys_final_humor_presence_dataset.csv,Wendy's,1370782992117866498,https://x.com/Wendys/status/1370782992117866498,Sat Mar 13 17:05:07 +0000 2021,Utah State’s Marco Anthony says he chose the No. 44 jersey because of Wendy’s “4 for $4” deal 😭 @brhoops(via @CBSSports) https://t.co/4uCGrqzGJ4,0,0,final_humor_binary
wendys_all_h1_01621,wendys_all_human,20260615wendy's/data/wendys_final_humor_presence_dataset.csv,Wendy's,1370809149626417152,https://x.com/Wendys/status/1370809149626417152,Sat Mar 13 18:49:04 +0000 2021,"I’d say your favorite combo is your new jersey number, but then everybody would be 44.",1,1,final_humor_binary
wendys_all_h1_01622,wendys_all_human,20260615wendy's/data/wendys_final_humor_presence_dataset.csv,Wendy's,1371526729534222338,https://x.com/Wendys/status/1371526729534222338,Mon Mar 15 18:20:28 +0000 2021,"Ok, true story time: they are square because they have four equal sides that meat at 90 degree angles",1,1,final_humor_binary
wendys_all_h1_01623,wendys_all_human,20260615wendy's/data/wendys_final_humor_presence_dataset.csv,Wendy's,1371829641674158086,https://x.com/Wendys/status/1371829641674158086,Tue Mar 16 14:24:08 +0000 2021,I’m having @Wendys breakfast W or L,1,1,final_humor_binary
wendys_all_h1_01624,wendys_all_human,20260615wendy's/data/wendys_final_humor_presence_dataset.csv,Wendy's,1372241709497774085,https://x.com/Wendys/status/1372241709497774085,Wed Mar 17 17:41:33 +0000 2021,"Direct deposit $1,400 Me at @Wendys: 🚨Bag alert major bag alert!!!🚨 💰💰💰",1,1,final_humor_binary
wendys_all_h1_01625,wendys_all_human,20260615wendy's/data/wendys_final_humor_presence_dataset.csv,Wendy's,1372888082979061767,https://x.com/Wendys/status/1372888082979061767,Fri Mar 19 12:30:00 +0000 2021,"FREE Honey Butter Chicken Biscuit today and Saturday, NO CATCH. See? No losers in Biscuitball.🤘🏽🍯 https://t.co/VjyFP6uFAj",1,1,final_humor_binary
wendys_all_h1_01626,wendys_all_human,20260615wendy's/data/wendys_final_humor_presence_dataset.csv,Wendy's,1372971843255164934,https://x.com/Wendys/status/1372971843255164934,Fri Mar 19 18:02:50 +0000 2021,"Watch us drain some threes in 2k, and score a free Honey Butter Chicken Biscuit this Saturday. 😎🍯 https://t.co/P0GZ7DIn5g",1,1,final_humor_binary
wendys_all_h1_01627,wendys_all_human,20260615wendy's/data/wendys_final_humor_presence_dataset.csv,Wendy's,1376979649578872837,https://x.com/Wendys/status/1376979649578872837,Tue Mar 30 19:28:26 +0000 2021,What’s better than Wendy’s Honey Butter Chicken Biscuit? Wendy’s $1.99 Honey Butter Chicken Biscuit. Get yours today! https://t.co/0xe5ukedCm,1,1,final_humor_binary
wendys_all_h1_01628,wendys_all_human,20260615wendy's/data/wendys_final_humor_presence_dataset.csv,Wendy's,1377644234833063936,https://x.com/Wendys/status/1377644234833063936,Thu Apr 01 15:29:15 +0000 2021,Buy-bu-bu-bu-buy,1,1,final_humor_binary
wendys_all_h1_01629,wendys_all_human,20260615wendy's/data/wendys_final_humor_presence_dataset.csv,Wendy's,1377655396085727235,https://x.com/Wendys/status/1377655396085727235,Thu Apr 01 16:13:36 +0000 2021,Free Junior Bacon Cheeseburger for all ya wah wah babies,1,1,final_humor_binary
wendys_all_h1_01630,wendys_all_human,20260615wendy's/data/wendys_final_humor_presence_dataset.csv,Wendy's,1378437146709782530,https://x.com/Wendys/status/1378437146709782530,Sat Apr 03 20:00:00 +0000 2021,"Friends finish each other's sentences, like how @Wendys has a $0 delivery fee on",1,1,final_humor_binary
wendys_all_h1_01631,wendys_all_human,20260615wendy's/data/wendys_final_humor_presence_dataset.csv,Wendy's,1382148071656591360,https://x.com/Wendys/status/1382148071656591360,Wed Apr 14 01:45:54 +0000 2021,Yellow Wendy’s use to hit different 📈 https://t.co/NIRiwHv43w,1,1,final_humor_binary
wendys_all_h1_01632,wendys_all_human,20260615wendy's/data/wendys_final_humor_presence_dataset.csv,Wendy's,1382339375309189120,https://x.com/Wendys/status/1382339375309189120,Wed Apr 14 14:26:04 +0000 2021,everybody says yellow Wendy's but nobody says hello Wendy's,0,0,final_humor_binary
wendys_all_h1_01633,wendys_all_human,20260615wendy's/data/wendys_final_humor_presence_dataset.csv,Wendy's,1383119249741348866,https://x.com/Wendys/status/1383119249741348866,Fri Apr 16 18:05:00 +0000 2021,We’re hunting monsters in Monster Hunter Rise on Twitch. And if you’re hunting a great deal get the $1.99 Honey Butter Chicken Biscuit this month. Watch the stream now! https://t.co/P0GZ7DIn5g,1,1,final_humor_binary
wendys_all_h1_01634,wendys_all_human,20260615wendy's/data/wendys_final_humor_presence_dataset.csv,Wendy's,1385655564835901449,https://x.com/Wendys/status/1385655564835901449,Fri Apr 23 18:03:25 +0000 2021,"Wendy, Honey, Butter and Chicken Biscuit are on the hunt again. Watch us stream Monster Hunter Rise on Twitch and grab a Honey Butter Chicken Biscuit for a $1.99 the next time you get breakfast. https://t.co/P0GZ7DIn5g",1,1,final_humor_binary
wendys_all_h1_01635,wendys_all_human,20260615wendy's/data/wendys_final_humor_presence_dataset.csv,Wendy's,1388192293216309250,https://x.com/Wendys/status/1388192293216309250,Fri Apr 30 18:03:28 +0000 2021,"Oh, snap! $1 Any Size Fries and Pokemon Snap? Watch us play it on Twitch and grab yourself some $1 fries in our app! https://t.co/P0GZ7DIn5g",1,1,final_humor_binary
wendys_all_h1_01636,wendys_all_human,20260615wendy's/data/wendys_final_humor_presence_dataset.csv,Wendy's,1390327056567783424,https://x.com/Wendys/status/1390327056567783424,Thu May 06 15:26:15 +0000 2021,Cold brew with Frosty creamer is,0,0,final_humor_binary
wendys_all_h1_01637,wendys_all_human,20260615wendy's/data/wendys_final_humor_presence_dataset.csv,Wendy's,1397493144254623748,https://x.com/Wendys/status/1397493144254623748,Wed May 26 10:01:44 +0000 2021,Britain just got a new favourite redhead. #SorryNotSorryRonald 😉,1,1,final_humor_binary
wendys_all_h1_01638,wendys_all_human,20260615wendy's/data/wendys_final_humor_presence_dataset.csv,Wendy's,1397992184213917701,https://x.com/Wendys/status/1397992184213917701,Thu May 27 19:04:44 +0000 2021,Every time I eat the Bourbon Bacon Cheeseburger I say “Time to get my Bourb-ON!” And then everybody laughs because I’m the only one at the table.,1,1,final_humor_binary
wendys_all_h1_01639,wendys_all_human,20260615wendy's/data/wendys_final_humor_presence_dataset.csv,Wendy's,1400982621757247491,https://x.com/Wendys/status/1400982621757247491,Sat Jun 05 01:07:40 +0000 2021,Thank you Julien https://t.co/42jvTo4e68,1,1,final_humor_binary
wendys_all_h1_01640,wendys_all_human,20260615wendy's/data/wendys_final_humor_presence_dataset.csv,Wendy's,1402298901428899840,https://x.com/Wendys/status/1402298901428899840,Tue Jun 08 16:18:06 +0000 2021,Did you hear we have a new salad?,0,0,final_humor_binary
wendys_all_h1_01641,wendys_all_human,20260615wendy's/data/wendys_final_humor_presence_dataset.csv,Wendy's,1403047227170435083,https://x.com/Wendys/status/1403047227170435083,Thu Jun 10 17:51:40 +0000 2021,"Void where prohibited. Offer good while supplies last. Ends 6/10/21 or while supplies last. No purchase necessary. Limit one/person. Must be U.S. resident, 18+ only.",0,0,final_humor_binary
wendys_all_h1_01642,wendys_all_human,20260615wendy's/data/wendys_final_humor_presence_dataset.csv,Wendy's,1403414138236383237,https://x.com/Wendys/status/1403414138236383237,Fri Jun 11 18:09:39 +0000 2021,The Summer Strawberry Chicken Salad is here. And so is Sim Wendy. Come play Sims 4 with us on Twitch. https://t.co/P0GZ7DIn5g,0,0,final_humor_binary
wendys_all_h1_01643,wendys_all_human,20260615wendy's/data/wendys_final_humor_presence_dataset.csv,Wendy's,1404796001978880013,https://x.com/Wendys/status/1404796001978880013,Tue Jun 15 13:40:41 +0000 2021,"Sausage, Egg &amp; Swiss croissant for me. Honey Butter Chicken Biscuit for Samwise. This 2 for $4 has us covered for breakfast AND second breakfast.",0,0,final_humor_binary
wendys_all_h1_01644,wendys_all_human,20260615wendy's/data/wendys_final_humor_presence_dataset.csv,Wendy's,1406015436915945475,https://x.com/Wendys/status/1406015436915945475,Fri Jun 18 22:26:17 +0000 2021,"Sir, this is a Morty’s. https://t.co/u7B1GLMGLL",1,1,final_humor_binary
wendys_all_h1_01645,wendys_all_human,20260615wendy's/data/wendys_final_humor_presence_dataset.csv,Wendy's,1406047214963728385,https://x.com/Wendys/status/1406047214963728385,Sat Jun 19 00:32:33 +0000 2021,"If someone sees a Mr. Meeseeks walking around 14645 Roscoe Blvd, Panorama City, CA, please let him know that his break is over. The sooner he finishes his shift, the sooner he can disappear.",1,1,final_humor_binary
wendys_all_h1_01646,wendys_all_human,20260615wendy's/data/wendys_final_humor_presence_dataset.csv,Wendy's,1406685219315404801,https://x.com/Wendys/status/1406685219315404801,Sun Jun 20 18:47:45 +0000 2021,“And that’s the way the news goes!” https://t.co/147w3Q4SHX,1,1,final_humor_binary
wendys_all_h1_01647,wendys_all_human,20260615wendy's/data/wendys_final_humor_presence_dataset.csv,Wendy's,1407742489528836099,https://x.com/Wendys/status/1407742489528836099,Wed Jun 23 16:48:58 +0000 2021,I am tired of lunch. These clowns. I am tired of people caught in the freezers of their beef. https://t.co/8qMWdd2CGf,1,1,final_humor_binary
wendys_all_h1_01648,wendys_all_human,20260615wendy's/data/wendys_final_humor_presence_dataset.csv,Wendy's,1415355158700171268,https://x.com/Wendys/status/1415355158700171268,Wed Jul 14 16:59:00 +0000 2021,"Get your favorite Wendy’s meal, get your favorite chair, and get ready for @edsheeran to go live tonight at 9pm ET! Tune in here: https://t.co/wmQvIcdfAH",1,1,final_humor_binary
wendys_all_h1_01649,wendys_all_human,20260615wendy's/data/wendys_final_humor_presence_dataset.csv,Wendy's,1415476190920548354,https://x.com/Wendys/status/1415476190920548354,Thu Jul 15 00:59:56 +0000 2021,It’s showtime! Get a FREE 4 piece spicy nuggets with FREE delivery on orders of $15 or more through @grubhub. Things are guaranteed to get spicy. @pandoramusic https://t.co/wmQvIcdfAH,1,1,final_humor_binary
wendys_all_h1_01650,wendys_all_human,20260615wendy's/data/wendys_final_humor_presence_dataset.csv,Wendy's,1417137962215743489,https://x.com/Wendys/status/1417137962215743489,Mon Jul 19 15:03:13 +0000 2021,We’re taking BOGO $1 headshots. Who wants one?,1,1,final_humor_binary
wendys_all_h1_01651,wendys_all_human,20260615wendy's/data/wendys_final_humor_presence_dataset.csv,Wendy's,1417199040542949378,https://x.com/Wendys/status/1417199040542949378,Mon Jul 19 19:05:56 +0000 2021,Replying to your own tweet about BOGO $1 headshots knowing you’re going to big brain yourself https://t.co/ukbFR9wKJF,1,1,final_humor_binary
wendys_all_h1_01652,wendys_all_human,20260615wendy's/data/wendys_final_humor_presence_dataset.csv,Wendy's,1417914905617965066,https://x.com/Wendys/status/1417914905617965066,Wed Jul 21 18:30:31 +0000 2021,Our BOGO $1 is for the big brains (not smol).,1,1,final_humor_binary
wendys_all_h1_01653,wendys_all_human,20260615wendy's/data/wendys_final_humor_presence_dataset.csv,Wendy's,1418692734001496069,https://x.com/Wendys/status/1418692734001496069,Fri Jul 23 22:01:20 +0000 2021,We’re teaming up with our friends over at @Grubhub to deliver you more than just food. Tune into our Facebook page on 7/25 at 7pm ET for a can’t-miss livestream event. https://t.co/F5SkQ4Wetv,0,0,final_humor_binary
wendys_all_h1_01654,wendys_all_human,20260615wendy's/data/wendys_final_humor_presence_dataset.csv,Wendy's,1419376178671009792,https://x.com/Wendys/status/1419376178671009792,Sun Jul 25 19:17:06 +0000 2021,"Hey @Grubhub, what kind of food are you going to have at this livestream tonight? Asking for a hungry friend.",1,1,final_humor_binary
wendys_all_h1_01655,wendys_all_human,20260615wendy's/data/wendys_final_humor_presence_dataset.csv,Wendy's,1419719465453953024,https://x.com/Wendys/status/1419719465453953024,Mon Jul 26 18:01:12 +0000 2021,Expand your ✨🧠𝑀𝐼𝐼𝐼𝐼𝐼𝒩𝒟🧠✨and keep your pockets lined with BOGO $1.,1,1,final_humor_binary
wendys_all_h1_01656,wendys_all_human,20260615wendy's/data/wendys_final_humor_presence_dataset.csv,Wendy's,1425189040211566593,https://x.com/Wendys/status/1425189040211566593,Tue Aug 10 20:15:20 +0000 2021,"Verified tweets for verified eats. There’s only one top dog in the spicy nugget game, and that’s verified. #WendysSpicyNuggs",1,1,final_humor_binary
wendys_all_h1_01657,wendys_all_human,20260615wendy's/data/wendys_final_humor_presence_dataset.csv,Wendy's,1425503905832701956,https://x.com/Wendys/status/1425503905832701956,Wed Aug 11 17:06:30 +0000 2021,Do you love Wendy’s? Do you love Wendy’s Spicy Nuggs? Do you also love Discord? Then you’re going to triple love our Genshin Impact stream on Twitch. Watch us live or hang out in our new Spice Club channel on Discord https://t.co/P0GZ7DIn5g,1,1,final_humor_binary
wendys_all_h1_01658,wendys_all_human,20260615wendy's/data/wendys_final_humor_presence_dataset.csv,Wendy's,1425937918149943298,https://x.com/Wendys/status/1425937918149943298,Thu Aug 12 21:51:06 +0000 2021,https://t.co/HAMiQPcCFm,0,0,final_humor_binary
wendys_all_h1_01659,wendys_all_human,20260615wendy's/data/wendys_final_humor_presence_dataset.csv,Wendy's,1427345012677910533,https://x.com/Wendys/status/1427345012677910533,Mon Aug 16 19:02:24 +0000 2021,Best Spicy Nuggs on the block. Verified. #WendysSpicyNuggs,1,1,final_humor_binary
wendys_all_h1_01660,wendys_all_human,20260615wendy's/data/wendys_final_humor_presence_dataset.csv,Wendy's,1428703371024900102,https://x.com/Wendys/status/1428703371024900102,Fri Aug 20 13:00:02 +0000 2021,"Croissant or ✨𝒬𝒲𝒜𝒮𝒜𝒰𝒩𝒯✨, no matter how you say it grab one this a.m. for just $1.99.",1,1,final_humor_binary
wendys_all_h1_01661,wendys_all_human,20260615wendy's/data/wendys_final_humor_presence_dataset.csv,Wendy's,1430213213367513093,https://x.com/Wendys/status/1430213213367513093,Tue Aug 24 16:59:36 +0000 2021,There are Wendy’s Spicy Nuggs and then there are the knockoffs. #WendysSpicyNuggs,1,1,final_humor_binary
wendys_all_h1_01662,wendys_all_human,20260615wendy's/data/wendys_final_humor_presence_dataset.csv,Wendy's,1431621266583261187,https://x.com/Wendys/status/1431621266583261187,Sat Aug 28 14:14:42 +0000 2021,Just cause we’re the Official Breakfast of College Football doesn’t mean we are playing around with breakfast. ¯\_(ツ)_/¯,1,1,final_humor_binary
wendys_all_h1_01663,wendys_all_human,20260615wendy's/data/wendys_final_humor_presence_dataset.csv,Wendy's,1434154280542474244,https://x.com/Wendys/status/1434154280542474244,Sat Sep 04 14:00:00 +0000 2021,"Best way to get game ready? A good breakfast, duh. Don’t worry tho. We’ve got ya covered.",1,1,final_humor_binary
wendys_all_h1_01664,wendys_all_human,20260615wendy's/data/wendys_final_humor_presence_dataset.csv,Wendy's,1435333827812106244,https://x.com/Wendys/status/1435333827812106244,Tue Sep 07 20:07:06 +0000 2021,Use your big brain to win the right to sit on your big brain. Our Tetris 99 tournament for the Wendy’s Big Brain Bean Bag Chair starts NOW at https://t.co/P0GZ7DIn5g https://t.co/ZKC1qBpjXc,1,1,final_humor_binary
wendys_all_h1_01665,wendys_all_human,20260615wendy's/data/wendys_final_humor_presence_dataset.csv,Wendy's,1438222894014865408,https://x.com/Wendys/status/1438222894014865408,Wed Sep 15 19:27:13 +0000 2021,Who else has a “normal person voice” they use when they pull up to order at the drive-thru?,1,1,final_humor_binary
wendys_all_h1_01666,wendys_all_human,20260615wendy's/data/wendys_final_humor_presence_dataset.csv,Wendy's,1438927615797104640,https://x.com/Wendys/status/1438927615797104640,Fri Sep 17 18:07:32 +0000 2021,Soda in the water cup is about as sneaky as three kids in a trench coat,1,1,final_humor_binary
wendys_all_h1_01667,wendys_all_human,20260615wendy's/data/wendys_final_humor_presence_dataset.csv,Wendy's,1439257913428615168,https://x.com/Wendys/status/1439257913428615168,Sat Sep 18 16:00:01 +0000 2021,"Every Saturday and Sunday in September, get a free 6pc Spicy Nuggs w/ purchase AND free delivery in the Wendy’s App! Your coffee table should be so lucky.",1,1,final_humor_binary
wendys_all_h1_01668,wendys_all_human,20260615wendy's/data/wendys_final_humor_presence_dataset.csv,Wendy's,1440059703296348161,https://x.com/Wendys/status/1440059703296348161,Mon Sep 20 21:06:02 +0000 2021,Mid donalds,1,1,final_humor_binary
wendys_all_h1_01669,wendys_all_human,20260615wendy's/data/wendys_final_humor_presence_dataset.csv,Wendy's,1440121644920365059,https://x.com/Wendys/status/1440121644920365059,Tue Sep 21 01:12:10 +0000 2021,Another fun week of College Football is in the books 🙌 Set a reminder to join @RJ_Young and @GeoffSchwartz tomorrow as they discuss all the biggest storylines from Week 3 (Brought to you by @Wendys) 🏈⬇️ https://t.co/1pZF6U42I1,0,0,final_humor_binary
wendys_all_h1_01670,wendys_all_human,20260615wendy's/data/wendys_final_humor_presence_dataset.csv,Wendy's,1440360796404400131,https://x.com/Wendys/status/1440360796404400131,Tue Sep 21 17:02:29 +0000 2021,RT @CFBONFOX: Another fun week of College Football is in the books 🙌 Set a reminder to join @RJ_Young and @GeoffSchwartz tomorrow as they…,0,0,final_humor_binary
wendys_all_h1_01671,wendys_all_human,20260615wendy's/data/wendys_final_humor_presence_dataset.csv,Wendy's,1442528227717693445,https://x.com/Wendys/status/1442528227717693445,Mon Sep 27 16:35:05 +0000 2021,Them Breakfast Baconators From @Wendys Be The Shirt.,1,1,final_humor_binary
wendys_all_h1_01672,wendys_all_human,20260615wendy's/data/wendys_final_humor_presence_dataset.csv,Wendy's,1442530592109645832,https://x.com/Wendys/status/1442530592109645832,Mon Sep 27 16:44:28 +0000 2021,"Best breakfast sandwich, no bull shirt.",1,1,final_humor_binary
wendys_all_h1_01673,wendys_all_human,20260615wendy's/data/wendys_final_humor_presence_dataset.csv,Wendy's,1442946786688057344,https://x.com/Wendys/status/1442946786688057344,Tue Sep 28 20:18:17 +0000 2021,"Did you know that every time there’s a pick-six, a Breakfast Baconator gets its six-strips-of-bacon wings?",1,1,final_humor_binary
wendys_all_h1_01674,wendys_all_human,20260615wendy's/data/wendys_final_humor_presence_dataset.csv,Wendy's,1445048052235051010,https://x.com/Wendys/status/1445048052235051010,Mon Oct 04 15:27:58 +0000 2021,"if u were the person who ran the McDonald's account for a day, what would u tweet",1,1,final_humor_binary
wendys_all_h1_01675,wendys_all_human,20260615wendy's/data/wendys_final_humor_presence_dataset.csv,Wendy's,1445088131145940995,https://x.com/Wendys/status/1445088131145940995,Mon Oct 04 18:07:13 +0000 2021,Can you lend us a hand? We might lend one back,1,1,final_humor_binary
wendys_all_h1_01676,wendys_all_human,20260615wendy's/data/wendys_final_humor_presence_dataset.csv,Wendy's,1445105618357002243,https://x.com/Wendys/status/1445105618357002243,Mon Oct 04 19:16:42 +0000 2021,"where the things that should be fresh are frozen, and the things that should be frozen are out of order.",1,1,final_humor_binary
wendys_all_h1_01677,wendys_all_human,20260615wendy's/data/wendys_final_humor_presence_dataset.csv,Wendy's,1450114742375362565,https://x.com/Wendys/status/1450114742375362565,Mon Oct 18 15:01:11 +0000 2021,"Alright friendys, Fanta has 3 new Mystery Mixes, and you could win $10,000 if you guess any of the flavors. Best case scenario? You win $10k. Worst case scenario? You enjoy a delicious new beverage. That’s what we call a win/win.#WhatTheFanta #Sweepstakes https://t.co/nnx7w1wTsX https://t.co/L5iczmWZjM",1,1,final_humor_binary
wendys_all_h1_01678,wendys_all_human,20260615wendy's/data/wendys_final_humor_presence_dataset.csv,Wendy's,1451256272007872517,https://x.com/Wendys/status/1451256272007872517,Thu Oct 21 18:37:12 +0000 2021,When you eat all the fries otw home: “T’was just the appetizer.”,1,1,final_humor_binary
wendys_all_h1_01679,wendys_all_human,20260615wendy's/data/wendys_final_humor_presence_dataset.csv,Wendy's,1451578964280025096,https://x.com/Wendys/status/1451578964280025096,Fri Oct 22 15:59:28 +0000 2021,repost if you dip your phone i̶̹̦̔͌̊̍͒̉͊̀ņ̷̖̯̩̯̈́͑̀̀̌͊̃ͅ ̷̡̬̤̺̖̫͐̔͌͜t̸̹̠̥́̄͆̕̚͜͝h̴̡̠͕̩͕͉̅̀́͜ė̴̺̄ ̷̢̭̖̱̦̇͆̅̎ẅ̴̻͈̝̩̰͈́͑͛̑̅̍̈́̽ͅḛ̴̈͗̃͂n̷͍̜͇̮̩̳̈̚͝d̴̥̘̤̞̟̙͉͊̿́y̴̢̫͖͍͖͐͂̀͜s̴̨̱̠̳͝͠ ̵̧̯̰͚̩̒͗f̵̡̙̗̻̬̑͌͊̈́̓r̶̞̬͔̞͖̈́̐̉o̷͎̐́s̶̬̮̝̬̝̘͉̊͗̃̈́̒͝ͅt̵̢͍̳͚͉̙͓͔̏̾́y̴̯̐̍̿̓̚͝͝,1,1,final_humor_binary
wendys_all_h1_01680,wendys_all_human,20260615wendy's/data/wendys_final_humor_presence_dataset.csv,Wendy's,1453067485343801349,https://x.com/Wendys/status/1453067485343801349,Tue Oct 26 18:34:19 +0000 2021,Dave’s single so why can’t you be? Grow up.,1,1,final_humor_binary
wendys_all_h1_01681,wendys_all_human,20260615wendy's/data/wendys_final_humor_presence_dataset.csv,Wendy's,1453783325517262852,https://x.com/Wendys/status/1453783325517262852,Thu Oct 28 17:58:49 +0000 2021,Fries or sauce forks: what do you call them where you're from???,1,1,final_humor_binary
wendys_all_h1_01682,wendys_all_human,20260615wendy's/data/wendys_final_humor_presence_dataset.csv,Wendy's,1453805031463993346,https://x.com/Wendys/status/1453805031463993346,Thu Oct 28 19:25:04 +0000 2021,Changing name to Meat,1,1,final_humor_binary
wendys_all_h1_01683,wendys_all_human,20260615wendy's/data/wendys_final_humor_presence_dataset.csv,Wendy's,1454154005559627781,https://x.com/Wendys/status/1454154005559627781,Fri Oct 29 18:31:46 +0000 2021,"Add a spooky thrill with a quick story of fright and freezing to your next drive thru visit. Don't worry, you're safe…you’re at Wendy's...right? https://t.co/7R4UXJ3WiK",1,1,final_humor_binary
wendys_all_h1_01684,wendys_all_human,20260615wendy's/data/wendys_final_humor_presence_dataset.csv,Wendy's,1455209020629950464,https://x.com/Wendys/status/1455209020629950464,Mon Nov 01 16:24:01 +0000 2021,https://t.co/DXk93t9deq,0,0,final_humor_binary
wendys_all_h1_01685,wendys_all_human,20260615wendy's/data/wendys_final_humor_presence_dataset.csv,Wendy's,1455253881135538184,https://x.com/Wendys/status/1455253881135538184,Mon Nov 01 19:22:17 +0000 2021,"Ghosts, ghouls, monsters. None of these are nearly as terrifying as cold and soggy fries. Try Wendy’s new hot and crispy fries and save yourself the scares. https://t.co/l2VERKj3PO",1,1,final_humor_binary
wendys_all_h1_01686,wendys_all_human,20260615wendy's/data/wendys_final_humor_presence_dataset.csv,Wendy's,1456269198896680968,https://x.com/Wendys/status/1456269198896680968,Thu Nov 04 14:36:47 +0000 2021,How many fingers am I holding up? Just one… for the $1 hot &amp; buttery Breakfast Biscuit.,1,1,final_humor_binary
wendys_all_h1_01687,wendys_all_human,20260615wendy's/data/wendys_final_humor_presence_dataset.csv,Wendy's,1459189091984150532,https://x.com/Wendys/status/1459189091984150532,Fri Nov 12 15:59:24 +0000 2021,Heard My Space was back https://t.co/6CpTXW2TPX,1,1,final_humor_binary
wendys_all_h1_01688,wendys_all_human,20260615wendy's/data/wendys_final_humor_presence_dataset.csv,Wendy's,1460682535650971649,https://x.com/Wendys/status/1460682535650971649,Tue Nov 16 18:53:49 +0000 2021,the internet just couldn't handle how rad these picks are,1,1,final_humor_binary
wendys_all_h1_01689,wendys_all_human,20260615wendy's/data/wendys_final_humor_presence_dataset.csv,Wendy's,1461318275560706052,https://x.com/Wendys/status/1461318275560706052,Thu Nov 18 13:00:01 +0000 2021,breakfast biscuits. one dollar. that's all. #advertisement,0,0,final_humor_binary
wendys_all_h1_01690,wendys_all_human,20260615wendy's/data/wendys_final_humor_presence_dataset.csv,Wendy's,1461680665083006976,https://x.com/Wendys/status/1461680665083006976,Fri Nov 19 13:00:01 +0000 2021,"you hand over the dollar, we'll hand over the breakfast biscuit. no funny business.",0,0,final_humor_binary
wendys_all_h1_01691,wendys_all_human,20260615wendy's/data/wendys_final_humor_presence_dataset.csv,Wendy's,1466406802673717250,https://x.com/Wendys/status/1466406802673717250,Thu Dec 02 14:00:00 +0000 2021,How much is a breakfast biscuit at Wendy's? 8÷2(2+2)÷16 Dollars,1,1,final_humor_binary
wendys_all_h1_01692,wendys_all_human,20260615wendy's/data/wendys_final_humor_presence_dataset.csv,Wendy's,1466438148829941770,https://x.com/Wendys/status/1466438148829941770,Thu Dec 02 16:04:34 +0000 2021,"Even if I didn’t pass math, I still got this breakfast biscuit for just $1. So that’s pretty nice.",1,1,final_humor_binary
wendys_all_h1_01693,wendys_all_human,20260615wendy's/data/wendys_final_humor_presence_dataset.csv,Wendy's,1468943521403052038,https://x.com/Wendys/status/1468943521403052038,Thu Dec 09 14:00:01 +0000 2021,Me sleeping knowing I’m getting $1 biscuits tomorrow a.m.: 👁👄👁,1,1,final_humor_binary
wendys_all_h1_01694,wendys_all_human,20260615wendy's/data/wendys_final_humor_presence_dataset.csv,Wendy's,1471541646902935552,https://x.com/Wendys/status/1471541646902935552,Thu Dec 16 18:04:03 +0000 2021,Potatoes wish they could be our fries when they grow up.,1,1,final_humor_binary
wendys_all_h1_01695,wendys_all_human,20260615wendy's/data/wendys_final_humor_presence_dataset.csv,Wendy's,1480539931294511104,https://x.com/Wendys/status/1480539931294511104,Mon Jan 10 14:00:01 +0000 2022,What’s up? You’re up. So go pick up any Wendy’s Breakfast Sammie and get a free drink.,1,1,final_humor_binary
wendys_all_h1_01696,wendys_all_human,20260615wendy's/data/wendys_final_humor_presence_dataset.csv,Wendy's,1480986154765885443,https://x.com/Wendys/status/1480986154765885443,Tue Jan 11 19:33:09 +0000 2022,"There’s still one more holiday that’s just around the corner, and I know exactly what you’re getting 🔥🔥🔥 See ya tomorrow for National Roast Day 😉",0,0,final_humor_binary
wendys_all_h1_01697,wendys_all_human,20260615wendy's/data/wendys_final_humor_presence_dataset.csv,Wendy's,1481295012646334468,https://x.com/Wendys/status/1481295012646334468,Wed Jan 12 16:00:26 +0000 2022,"It’s #NationalRoastDay™ Drop the “roast me” below 👇 Oh, and don’t forget to get free medium fries with purchase, in the app. Gotta do something with all this salt.",1,1,final_humor_binary
wendys_all_h1_01698,wendys_all_human,20260615wendy's/data/wendys_final_humor_presence_dataset.csv,Wendy's,1481299190139473924,https://x.com/Wendys/status/1481299190139473924,Wed Jan 12 16:17:02 +0000 2022,@Wendys Roast me https://t.co/wjiBaHP4Sb,0,0,final_humor_binary
wendys_all_h1_01699,wendys_all_human,20260615wendy's/data/wendys_final_humor_presence_dataset.csv,Wendy's,1481299289582231566,https://x.com/Wendys/status/1481299289582231566,Wed Jan 12 16:17:26 +0000 2022,"Dang, your hair didn't even show up to your birthday party. #NationalRoastDay",1,1,final_humor_binary
wendys_all_h1_01700,wendys_all_human,20260615wendy's/data/wendys_final_humor_presence_dataset.csv,Wendy's,1481306650132848645,https://x.com/Wendys/status/1481306650132848645,Wed Jan 12 16:46:41 +0000 2022,"For something that pretends to be a sport, your ""athletes"" sure suck at rounding bases. #NationalRoastDay",1,1,final_humor_binary
wendys_all_h1_01701,wendys_all_human,20260615wendy's/data/wendys_final_humor_presence_dataset.csv,Wendy's,1481341396430766085,https://x.com/Wendys/status/1481341396430766085,Wed Jan 12 19:04:45 +0000 2022,"Everyone good? Feeling great? Still many hours left in the day, but take a quick lunch break because we’re trying to push this free medium fries with purchase thing in the app and I want to keep my job.",1,1,final_humor_binary
wendys_all_h1_01702,wendys_all_human,20260615wendy's/data/wendys_final_humor_presence_dataset.csv,Wendy's,1481342770623225856,https://x.com/Wendys/status/1481342770623225856,Wed Jan 12 19:10:13 +0000 2022,New stuff sounds like my little brother trying to cuss for the first time. #NationalRoastDay,1,1,final_humor_binary
wendys_all_h1_01703,wendys_all_human,20260615wendy's/data/wendys_final_humor_presence_dataset.csv,Wendy's,1481395692220395527,https://x.com/Wendys/status/1481395692220395527,Wed Jan 12 22:40:30 +0000 2022,I heard when they breed the dogs to have faces like that it's really bad for the animal. #NationalRoastDay,1,1,final_humor_binary
wendys_all_h1_01704,wendys_all_human,20260615wendy's/data/wendys_final_humor_presence_dataset.csv,Wendy's,1483829962012569606,https://x.com/Wendys/status/1483829962012569606,Wed Jan 19 15:53:25 +0000 2022,Top free drink in your state according to our psychic. https://t.co/zWigqhWQDc,1,1,final_humor_binary
wendys_all_h1_01705,wendys_all_human,20260615wendy's/data/wendys_final_humor_presence_dataset.csv,Wendy's,1483861582073548809,https://x.com/Wendys/status/1483861582073548809,Wed Jan 19 17:59:04 +0000 2022,From our lawyers: Not based on actual data. “Coca-Cola” is a registered trademark of The Coca-Cola Company.,1,1,final_humor_binary
wendys_all_h1_01706,wendys_all_human,20260615wendy's/data/wendys_final_humor_presence_dataset.csv,Wendy's,1485407829506904069,https://x.com/Wendys/status/1485407829506904069,Mon Jan 24 00:23:18 +0000 2022,Tune in for the cool and crispy moves on the Knuckle Huck while crushing some of those hot and crispy Official Fries of X Games Aspen. (That’s our fries),1,1,final_humor_binary
wendys_all_h1_01707,wendys_all_human,20260615wendy's/data/wendys_final_humor_presence_dataset.csv,Wendy's,1486700523201839104,https://x.com/Wendys/status/1486700523201839104,Thu Jan 27 14:00:00 +0000 2022,"Whatever wakes ya up, drink it ✨free✨ from a Wendy’s cup. Free drink with any breakfast sandwich.",1,1,final_humor_binary
wendys_all_h1_01708,wendys_all_human,20260615wendy's/data/wendys_final_humor_presence_dataset.csv,Wendy's,1491487068584824843,https://x.com/Wendys/status/1491487068584824843,Wed Feb 09 19:00:02 +0000 2022,Soggy fries where? I don’t have any.,1,1,final_humor_binary
wendys_all_h1_01709,wendys_all_human,20260615wendy's/data/wendys_final_humor_presence_dataset.csv,Wendy's,1491535958713458690,https://x.com/Wendys/status/1491535958713458690,Wed Feb 09 22:14:18 +0000 2022,"hi, i'm johnny knoxville and... Sir, this is a Wendy's.",1,1,final_humor_binary
wendys_all_h1_01710,wendys_all_human,20260615wendy's/data/wendys_final_humor_presence_dataset.csv,Wendy's,1493720865254428676,https://x.com/Wendys/status/1493720865254428676,Tue Feb 15 22:56:20 +0000 2022,Come hang with the cool kids while we watch @eNASCARCocaCola Series opener of the @iRacing Series at Daytona tonight! Starts at 9pm EST on Twitch. I’m cheering for @Dr_Bob41 in that Wendy’s car. 🏎 https://t.co/uEukJGdbM6,1,1,final_humor_binary
wendys_all_h1_01711,wendys_all_human,20260615wendy's/data/wendys_final_humor_presence_dataset.csv,Wendy's,1494385125680893961,https://x.com/Wendys/status/1494385125680893961,Thu Feb 17 18:55:52 +0000 2022,Lil ✨sweet✨. Lil 🔥spicy🔥. Wendy’s NEW Hot Honey Chicken Sandwich really can do it all.,1,1,final_humor_binary
wendys_all_h1_01712,wendys_all_human,20260615wendy's/data/wendys_final_humor_presence_dataset.csv,Wendy's,1498426568946892801,https://x.com/Wendys/status/1498426568946892801,Mon Feb 28 22:35:08 +0000 2022,"Wendy’s Pick ‘Em is BACK, baby! Hit the ❤️, and we’ll hit you up when it’s time to make your picks for EVERY round of March Madness. Winning picks win sweet deals, so Choose Wisely #ForTheWendys https://t.co/7l8jasWATw",0,0,final_humor_binary
wendys_all_h1_01713,wendys_all_human,20260615wendy's/data/wendys_final_humor_presence_dataset.csv,Wendy's,1498659324910047233,https://x.com/Wendys/status/1498659324910047233,Tue Mar 01 14:00:01 +0000 2022,"Crispy, chicken &amp; habanero hot honey on a fluffy biscuit - Wendy’s NEW Hot Honey Chicken. How’s that for a “good morning”?",1,1,final_humor_binary
wendys_all_h1_01714,wendys_all_human,20260615wendy's/data/wendys_final_humor_presence_dataset.csv,Wendy's,1500883144530092034,https://x.com/Wendys/status/1500883144530092034,Mon Mar 07 17:16:41 +0000 2022,"What if I told ya the classic ✨Dave’s Single ✨ was just $1 in the app? Welp, this is me telling you.",1,1,final_humor_binary
wendys_all_h1_01715,wendys_all_human,20260615wendy's/data/wendys_final_humor_presence_dataset.csv,Wendy's,1503438625672937479,https://x.com/Wendys/status/1503438625672937479,Mon Mar 14 18:31:15 +0000 2022,"RT @Wendys: Wendy’s Pick ‘Em is BACK, baby! Hit the ❤️, and we’ll hit you up when it’s time to make your picks for EVERY round of March M…",1,1,final_humor_binary
wendys_all_h1_01716,wendys_all_human,20260615wendy's/data/wendys_final_humor_presence_dataset.csv,Wendy's,1503780715489423360,https://x.com/Wendys/status/1503780715489423360,Tue Mar 15 17:10:36 +0000 2022,Hoops and @wendys Breakfast go hand in hand and there’s only one place to get them together - VEGAS baby! #ad https://t.co/Cj5g1diqBR,1,1,final_humor_binary
wendys_all_h1_01717,wendys_all_human,20260615wendy's/data/wendys_final_humor_presence_dataset.csv,Wendy's,1503793289081851912,https://x.com/Wendys/status/1503793289081851912,Tue Mar 15 18:00:33 +0000 2022,Let's get moderately schwifty then hit up Morty's Mayhem at Resorts World for the good brekky.,1,1,final_humor_binary
wendys_all_h1_01718,wendys_all_human,20260615wendy's/data/wendys_final_humor_presence_dataset.csv,Wendy's,1504835309258817538,https://x.com/Wendys/status/1504835309258817538,Fri Mar 18 15:01:10 +0000 2022,Rounding out the first week of #BestOfTweets Brand Bracket. On deck: top hats and hot takes. 🥜 @MrPeanut’s nonstop nuttiness VS 🍟 @Wendys infamous spice Vote now!,1,1,final_humor_binary
wendys_all_h1_01719,wendys_all_human,20260615wendy's/data/wendys_final_humor_presence_dataset.csv,Wendy's,1505869975839559681,https://x.com/Wendys/status/1505869975839559681,Mon Mar 21 11:32:34 +0000 2022,Hey @Wendys really like your new skin in Fortnite Season 2 https://t.co/zJvGQRQChl,0,0,final_humor_binary
wendys_all_h1_01720,wendys_all_human,20260615wendy's/data/wendys_final_humor_presence_dataset.csv,Wendy's,1506347581982613504,https://x.com/Wendys/status/1506347581982613504,Tue Mar 22 19:10:24 +0000 2022,Update: they added goats to Fortnite,0,0,final_humor_binary
wendys_all_h1_01721,wendys_all_human,20260615wendy's/data/wendys_final_humor_presence_dataset.csv,Wendy's,1507071241999560707,https://x.com/Wendys/status/1507071241999560707,Thu Mar 24 19:05:58 +0000 2022,"After reviewing the play, we see a good clean block.",0,0,final_humor_binary
wendys_all_h1_01722,wendys_all_human,20260615wendy's/data/wendys_final_humor_presence_dataset.csv,Wendy's,1508469601495138308,https://x.com/Wendys/status/1508469601495138308,Mon Mar 28 15:42:33 +0000 2022,https://t.co/14lbopsZSJ,0,0,final_humor_binary
wendys_all_h1_01723,wendys_all_human,20260615wendy's/data/wendys_final_humor_presence_dataset.csv,Wendy's,1508851162983723016,https://x.com/Wendys/status/1508851162983723016,Tue Mar 29 16:58:45 +0000 2022,Quarterfinals of the #BestOfTweets Brand Bracket is a matter of taste. Whose Tweets satisfy your appetite? 🍉 @SourPatchKids’ sweet mischief VS 🍟 @Wendys infamous spice Vote now!,0,0,final_humor_binary
wendys_all_h1_01724,wendys_all_human,20260615wendy's/data/wendys_final_humor_presence_dataset.csv,Wendy's,1508870042414424071,https://x.com/Wendys/status/1508870042414424071,Tue Mar 29 18:13:46 +0000 2022,RT @TwitterMktg: Quarterfinals of the #BestOfTweets Brand Bracket is a matter of taste. Whose Tweets satisfy your appetite? 🍉 @SourPatch…,0,0,final_humor_binary
wendys_all_h1_01725,wendys_all_human,20260615wendy's/data/wendys_final_humor_presence_dataset.csv,Wendy's,1509185783776878598,https://x.com/Wendys/status/1509185783776878598,Wed Mar 30 15:08:24 +0000 2022,Ready Player Bun https://t.co/0F6ynAtppa,0,0,final_humor_binary
wendys_all_h1_01726,wendys_all_human,20260615wendy's/data/wendys_final_humor_presence_dataset.csv,Wendy's,1509591862335655943,https://x.com/Wendys/status/1509591862335655943,Thu Mar 31 18:02:01 +0000 2022,"The #BestOfTweets Brand Bracket Semifinals are here. In this round, Conversation Starters and Iconic Mascots collide. But you pick who will advance to the finals. ✈️ @Delta’s travel tips VS 🍟 @Wendys infamous spice Vote now!",1,1,final_humor_binary
wendys_all_h1_01727,wendys_all_human,20260615wendy's/data/wendys_final_humor_presence_dataset.csv,Wendy's,1509595960548204557,https://x.com/Wendys/status/1509595960548204557,Thu Mar 31 18:18:18 +0000 2022,"RT @TwitterMktg: The #BestOfTweets Brand Bracket Semifinals are here. In this round, Conversation Starters and Iconic Mascots collide. Bu…",0,0,final_humor_binary
wendys_all_h1_01728,wendys_all_human,20260615wendy's/data/wendys_final_humor_presence_dataset.csv,Wendy's,1510643384419037186,https://x.com/Wendys/status/1510643384419037186,Sun Apr 03 15:40:23 +0000 2022,STIUCSIB KCAB ERA STIUCSIB KCUB,0,0,final_humor_binary
wendys_all_h1_01729,wendys_all_human,20260615wendy's/data/wendys_final_humor_presence_dataset.csv,Wendy's,1510996113079296010,https://x.com/Wendys/status/1510996113079296010,Mon Apr 04 15:02:00 +0000 2022,"Oh it’s on! @Wendys and @Skittles faced fierce competition, but now it’s time to decide once and for all who the best brand on Twitter is. And it’s all up to you. Who should win #BestOfTweets Brand Bracket ‘22? 🍟 @Wendys VS 🌈 @Skittles Vote now!",1,1,final_humor_binary
wendys_all_h1_01730,wendys_all_human,20260615wendy's/data/wendys_final_humor_presence_dataset.csv,Wendy's,1511409448329351168,https://x.com/Wendys/status/1511409448329351168,Tue Apr 05 18:24:27 +0000 2022,"Yo, shout-out to @Wendys for giving me the best tomato I’ve ever seen. https://t.co/FRLApQsEBJ",0,0,final_humor_binary
wendys_all_h1_01731,wendys_all_human,20260615wendy's/data/wendys_final_humor_presence_dataset.csv,Wendy's,1511410018083647489,https://x.com/Wendys/status/1511410018083647489,Tue Apr 05 18:26:43 +0000 2022,That tomatonator is sounding good for lunch,1,1,final_humor_binary
wendys_all_h1_01732,wendys_all_human,20260615wendy's/data/wendys_final_humor_presence_dataset.csv,Wendy's,1511766482291765248,https://x.com/Wendys/status/1511766482291765248,Wed Apr 06 18:03:11 +0000 2022,When they say “let’s split some nuggs” but they actually mean “do you wanna speed eat in silence as we each try to get the most”.,1,1,final_humor_binary
wendys_all_h1_01733,wendys_all_human,20260615wendy's/data/wendys_final_humor_presence_dataset.csv,Wendy's,1513983410930335753,https://x.com/Wendys/status/1513983410930335753,Tue Apr 12 20:52:28 +0000 2022,"Well, no one else was using the drive thru. 🤷‍♀️",1,1,final_humor_binary
wendys_all_h1_01734,wendys_all_human,20260615wendy's/data/wendys_final_humor_presence_dataset.csv,Wendy's,1514667895497887748,https://x.com/Wendys/status/1514667895497887748,Thu Apr 14 18:12:22 +0000 2022,"Dropped a Spicy Nugget under the front seat one time, but it’s gone now. Not because someone (not me) got out of the car and got down there and found it and ate it…because that definitely didn’t totally happen.",1,1,final_humor_binary
wendys_all_h1_01735,wendys_all_human,20260615wendy's/data/wendys_final_humor_presence_dataset.csv,Wendy's,1522284287239897092,https://x.com/Wendys/status/1522284287239897092,Thu May 05 18:37:11 +0000 2022,"Shout out to all the zero like ratio tweets out there just existing, living the life they want instead of the one they were told to.",1,1,final_humor_binary
wendys_all_h1_01736,wendys_all_human,20260615wendy's/data/wendys_final_humor_presence_dataset.csv,Wendy's,1533917869230243847,https://x.com/Wendys/status/1533917869230243847,Mon Jun 06 21:04:53 +0000 2022,Hey. https://t.co/fW8RyRzuxb,0,0,final_humor_binary
wendys_all_h1_01737,wendys_all_human,20260615wendy's/data/wendys_final_humor_presence_dataset.csv,Wendy's,1535310096577732608,https://x.com/Wendys/status/1535310096577732608,Fri Jun 10 17:17:06 +0000 2022,Who’s had the Strawberry Frosty?,0,0,final_humor_binary
wendys_all_h1_01738,wendys_all_human,20260615wendy's/data/wendys_final_humor_presence_dataset.csv,Wendy's,1536788752739205121,https://x.com/Wendys/status/1536788752739205121,Tue Jun 14 19:12:45 +0000 2022,This is the first Strawberry Frosty Moon in 4.53 billion years! This won’t happen again until the heat death of the universe 🤯🤯🤯 @NASA @neiltyson,1,1,final_humor_binary
wendys_all_h1_01739,wendys_all_human,20260615wendy's/data/wendys_final_humor_presence_dataset.csv,Wendy's,1537503288240881665,https://x.com/Wendys/status/1537503288240881665,Thu Jun 16 18:32:04 +0000 2022,IT’S STRAWBERRY FROSTY TIME. https://t.co/86ir3U0trr,0,0,final_humor_binary
wendys_all_h1_01740,wendys_all_human,20260615wendy's/data/wendys_final_humor_presence_dataset.csv,Wendy's,1537586561033744384,https://x.com/Wendys/status/1537586561033744384,Fri Jun 17 00:02:57 +0000 2022,https://t.co/6YIJpwJgV2,0,0,final_humor_binary
wendys_all_h1_01741,wendys_all_human,20260615wendy's/data/wendys_final_humor_presence_dataset.csv,Wendy's,1541483384542842883,https://x.com/Wendys/status/1541483384542842883,Mon Jun 27 18:07:32 +0000 2022,They’re a 10 but they say they’re lovin’ it 🧐,1,1,final_humor_binary
wendys_all_h1_01742,wendys_all_human,20260615wendy's/data/wendys_final_humor_presence_dataset.csv,Wendy's,1545154011778748419,https://x.com/Wendys/status/1545154011778748419,Thu Jul 07 21:13:18 +0000 2022,sneak a Frosty in your purse https://t.co/piZUzsFJBo,1,1,final_humor_binary
wendys_all_h1_01743,wendys_all_human,20260615wendy's/data/wendys_final_humor_presence_dataset.csv,Wendy's,1546869599492243457,https://x.com/Wendys/status/1546869599492243457,Tue Jul 12 14:50:26 +0000 2022,"If your egg wants to go jellyfishing, you picked the wrong breakfast. https://t.co/FZHhrnjNIh",1,1,final_humor_binary
wendys_all_h1_01744,wendys_all_human,20260615wendy's/data/wendys_final_humor_presence_dataset.csv,Wendy's,1546922193661181953,https://x.com/Wendys/status/1546922193661181953,Tue Jul 12 18:19:26 +0000 2022,When i text you “🗣” know that sir this is a Wendy’s,1,1,final_humor_binary
wendys_all_h1_01745,wendys_all_human,20260615wendy's/data/wendys_final_humor_presence_dataset.csv,Wendy's,1548667210620600321,https://x.com/Wendys/status/1548667210620600321,Sun Jul 17 13:53:30 +0000 2022,what if we…. kissed outside the emo wendys? @Wendys https://t.co/8Mwko14vwZ,0,0,final_humor_binary
wendys_all_h1_01746,wendys_all_human,20260615wendy's/data/wendys_final_humor_presence_dataset.csv,Wendy's,1549035671314366464,https://x.com/Wendys/status/1549035671314366464,Mon Jul 18 14:17:38 +0000 2022,RT @AltPress: what if we…. kissed outside the emo wendys? @Wendys https://t.co/8Mwko14vwZ,0,0,final_humor_binary
wendys_all_h1_01747,wendys_all_human,20260615wendy's/data/wendys_final_humor_presence_dataset.csv,Wendy's,1549774834535645196,https://x.com/Wendys/status/1549774834535645196,Wed Jul 20 15:14:48 +0000 2022,https://t.co/hFkP7ZtIMm,0,0,final_humor_binary
wendys_all_h1_01748,wendys_all_human,20260615wendy's/data/wendys_final_humor_presence_dataset.csv,Wendy's,1549785096974209024,https://x.com/Wendys/status/1549785096974209024,Wed Jul 20 15:55:35 +0000 2022,https://t.co/iTACbFhf5B,0,0,final_humor_binary
wendys_all_h1_01749,wendys_all_human,20260615wendy's/data/wendys_final_humor_presence_dataset.csv,Wendy's,1550527908137025536,https://x.com/Wendys/status/1550527908137025536,Fri Jul 22 17:07:15 +0000 2022,babe wake up wendy’s is talking to emo bands again,1,1,final_humor_binary
wendys_all_h1_01750,wendys_all_human,20260615wendy's/data/wendys_final_humor_presence_dataset.csv,Wendy's,1550536004293074949,https://x.com/Wendys/status/1550536004293074949,Fri Jul 22 17:39:25 +0000 2022,RT @sad_dad_time: babe wake up wendy’s is talking to emo bands again,1,1,final_humor_binary
wendys_all_h1_01751,wendys_all_human,20260615wendy's/data/wendys_final_humor_presence_dataset.csv,Wendy's,1551575748741324801,https://x.com/Wendys/status/1551575748741324801,Mon Jul 25 14:31:00 +0000 2022,"Free medium fry with any Frosty. Name a better duo, we’ll wait.",1,1,final_humor_binary
wendys_all_h1_01752,wendys_all_human,20260615wendy's/data/wendys_final_humor_presence_dataset.csv,Wendy's,1552389305695453184,https://x.com/Wendys/status/1552389305695453184,Wed Jul 27 20:23:47 +0000 2022,It’s always BeReal this and BeReal that when it would BeReal nice if you called your mother,1,1,final_humor_binary
wendys_all_h1_01753,wendys_all_human,20260615wendy's/data/wendys_final_humor_presence_dataset.csv,Wendy's,1554830029871230979,https://x.com/Wendys/status/1554830029871230979,Wed Aug 03 14:02:21 +0000 2022,"If you love us so much, put a 💍 on it baybeee Tweet us your fry proposal with #ChooseHotAndCrispy for a chance at FREE FRIES for one year. https://t.co/roTbEnTrOY",1,1,final_humor_binary
wendys_all_h1_01754,wendys_all_human,20260615wendy's/data/wendys_final_humor_presence_dataset.csv,Wendy's,1555191966182301697,https://x.com/Wendys/status/1555191966182301697,Thu Aug 04 14:00:33 +0000 2022,"@Haley23096395 finally, someone without condiment issues #ChooseHotAndCrispy https://t.co/XBOBxYrPsn",0,0,final_humor_binary
wendys_all_h1_01755,wendys_all_human,20260615wendy's/data/wendys_final_humor_presence_dataset.csv,Wendy's,1555191970682867712,https://x.com/Wendys/status/1555191970682867712,Thu Aug 04 14:00:34 +0000 2022,"@ChaosYT_ call us mrs. steal ur anime boi, @BurgerKing #ChooseHotAndCrispy https://t.co/uEfjlwXbV2",1,1,final_humor_binary
wendys_all_h1_01756,wendys_all_human,20260615wendy's/data/wendys_final_humor_presence_dataset.csv,Wendy's,1555191981285974016,https://x.com/Wendys/status/1555191981285974016,Thu Aug 04 14:00:37 +0000 2022,@HustleBunnee can we get an amen up in here? #ChooseHotAndCrispy https://t.co/mtlz7F1bty,1,1,final_humor_binary
wendys_all_h1_01757,wendys_all_human,20260615wendy's/data/wendys_final_humor_presence_dataset.csv,Wendy's,1555191997006286852,https://x.com/Wendys/status/1555191997006286852,Thu Aug 04 14:00:40 +0000 2022,@FaceleeFreebie I do… not plan on wearing chains #ChooseHotAndCrispy https://t.co/X0Byoml3pt,1,1,final_humor_binary
wendys_all_h1_01758,wendys_all_human,20260615wendy's/data/wendys_final_humor_presence_dataset.csv,Wendy's,1555192002639175681,https://x.com/Wendys/status/1555192002639175681,Thu Aug 04 14:00:42 +0000 2022,@MichaelaBarger7 we only have fries for you (and millions of others) #ChooseHotAndCrispy https://t.co/g2AUqoXZYG,1,1,final_humor_binary
wendys_all_h1_01759,wendys_all_human,20260615wendy's/data/wendys_final_humor_presence_dataset.csv,Wendy's,1555198547494051842,https://x.com/Wendys/status/1555198547494051842,Thu Aug 04 14:26:42 +0000 2022,"@facelessfreebie Whoops! My b, bestie. Messed up your handle. Hope that proposal still stands.",1,1,final_humor_binary
wendys_all_h1_01760,wendys_all_human,20260615wendy's/data/wendys_final_humor_presence_dataset.csv,Wendy's,1559627059491704832,https://x.com/Wendys/status/1559627059491704832,Tue Aug 16 19:44:02 +0000 2022,You know what rhymes with Roast? Toast. Let’s do a whole Toast Day thing. Might be fun.,1,1,final_humor_binary
wendys_all_h1_01761,wendys_all_human,20260615wendy's/data/wendys_final_humor_presence_dataset.csv,Wendy's,1559639856925626369,https://x.com/Wendys/status/1559639856925626369,Tue Aug 16 20:34:53 +0000 2022,"Whoa, chill. No one said anything about compliments. Just trying to tell you we have new French Toast Sticks. Are you guys new here? https://t.co/EEXGiyMieO",1,1,final_humor_binary
wendys_all_h1_01762,wendys_all_human,20260615wendy's/data/wendys_final_humor_presence_dataset.csv,Wendy's,1559912735525183488,https://x.com/Wendys/status/1559912735525183488,Wed Aug 17 14:39:12 +0000 2022,Are you telling me the French Toasted this stick?,1,1,final_humor_binary
wendys_all_h1_01763,wendys_all_human,20260615wendy's/data/wendys_final_humor_presence_dataset.csv,Wendy's,1560334081308647425,https://x.com/Wendys/status/1560334081308647425,Thu Aug 18 18:33:29 +0000 2022,Q: What’s going on in Wendy’s? A: New French Toast Sticks https://t.co/3i6O1Lnhwi,0,0,final_humor_binary
wendys_all_h1_01764,wendys_all_human,20260615wendy's/data/wendys_final_humor_presence_dataset.csv,Wendy's,1560446512961830912,https://x.com/Wendys/status/1560446512961830912,Fri Aug 19 02:00:15 +0000 2022,Me tomorrow morning https://t.co/tbRMnHer3z,0,0,final_humor_binary
wendys_all_h1_01765,wendys_all_human,20260615wendy's/data/wendys_final_humor_presence_dataset.csv,Wendy's,1562500966313627649,https://x.com/Wendys/status/1562500966313627649,Wed Aug 24 18:03:54 +0000 2022,"It’s always true crime this true crime that, but the real true crime is that there’s no gallon sized cup with a curly straw for strawberry lemonade 😩",0,0,final_humor_binary
wendys_all_h1_01766,wendys_all_human,20260615wendy's/data/wendys_final_humor_presence_dataset.csv,Wendy's,1562870837283135495,https://x.com/Wendys/status/1562870837283135495,Thu Aug 25 18:33:39 +0000 2022,She's still his favorite mom. https://t.co/8Ip4FPIdwI,1,1,final_humor_binary
wendys_all_h1_01767,wendys_all_human,20260615wendy's/data/wendys_final_humor_presence_dataset.csv,Wendy's,1567614811046920193,https://x.com/Wendys/status/1567614811046920193,Wed Sep 07 20:44:30 +0000 2022,"Aw geez, the Rick and Morty merch is limited edition?? Better order a Rick and Morty combo through the @ubereats app to win some before it’s gone.",1,1,final_humor_binary
wendys_all_h1_01768,wendys_all_human,20260615wendy's/data/wendys_final_humor_presence_dataset.csv,Wendy's,1569796617984741378,https://x.com/Wendys/status/1569796617984741378,Tue Sep 13 21:14:13 +0000 2022,We’re back on Twitch playing Cooking Mama to see if our new French Toast Sticks live up to mama’s standards. Come find out https://t.co/P0GZ7DIn5g https://t.co/p9o9SwgxUc,0,0,final_humor_binary
wendys_all_h1_01769,wendys_all_human,20260615wendy's/data/wendys_final_humor_presence_dataset.csv,Wendy's,1570174502453084160,https://x.com/Wendys/status/1570174502453084160,Wed Sep 14 22:15:48 +0000 2022,https://t.co/mZzgtv9uEi,0,0,final_humor_binary
wendys_all_h1_01770,wendys_all_human,20260615wendy's/data/wendys_final_humor_presence_dataset.csv,Wendy's,1570426440428187650,https://x.com/Wendys/status/1570426440428187650,Thu Sep 15 14:56:55 +0000 2022,You shouldn’t have said anything … https://t.co/iRUrFOCaNs,1,1,final_humor_binary
wendys_all_h1_01771,wendys_all_human,20260615wendy's/data/wendys_final_humor_presence_dataset.csv,Wendy's,1572656302614085632,https://x.com/Wendys/status/1572656302614085632,Wed Sep 21 18:37:35 +0000 2022,Walking outside after they say the ice cream machine’s broke https://t.co/fEK83Gk9rr,1,1,final_humor_binary
wendys_all_h1_01772,wendys_all_human,20260615wendy's/data/wendys_final_humor_presence_dataset.csv,Wendy's,1573323893967822851,https://x.com/Wendys/status/1573323893967822851,Fri Sep 23 14:50:21 +0000 2022,He was just excited. https://t.co/BpyGBb6pIS,1,1,final_humor_binary
wendys_all_h1_01773,wendys_all_human,20260615wendy's/data/wendys_final_humor_presence_dataset.csv,Wendy's,1574473925165449216,https://x.com/Wendys/status/1574473925165449216,Mon Sep 26 19:00:10 +0000 2022,Sci-fi is when you have this Wendy; fantasy is when you have that Wendy https://t.co/NwLaLK2Cs3,1,1,final_humor_binary
wendys_all_h1_01774,wendys_all_human,20260615wendy's/data/wendys_final_humor_presence_dataset.csv,Wendy's,1574773606520848384,https://x.com/Wendys/status/1574773606520848384,Tue Sep 27 14:51:00 +0000 2022,*Dolphin noises* https://t.co/AWi27iAoSa,0,0,final_humor_binary
wendys_all_h1_01775,wendys_all_human,20260615wendy's/data/wendys_final_humor_presence_dataset.csv,Wendy's,1577337977071706113,https://x.com/Wendys/status/1577337977071706113,Tue Oct 04 16:40:53 +0000 2022,Low vibration angel numbers astrology overwatch 2 house of the dragon sir this is a wendy’s Mario movie spooky season breath of the wild 2 soup-core Minecraft streaming Fortnite anime vibes aesthetic gen z Elden ring corn,1,1,final_humor_binary
wendys_all_h1_01776,wendys_all_human,20260615wendy's/data/wendys_final_humor_presence_dataset.csv,Wendy's,1577345554614566913,https://x.com/Wendys/status/1577345554614566913,Tue Oct 04 17:11:00 +0000 2022,Got tired of chasing trends. Please have a cheeseburger for lunch,1,1,final_humor_binary
wendys_all_h1_01777,wendys_all_human,20260615wendy's/data/wendys_final_humor_presence_dataset.csv,Wendy's,1578434005996695553,https://x.com/Wendys/status/1578434005996695553,Fri Oct 07 17:16:07 +0000 2022,"Purple and covered in nerds, just like @Twitch #TwitchCon2022 https://t.co/xZYQpzthC6",1,1,final_humor_binary
wendys_all_h1_01778,wendys_all_human,20260615wendy's/data/wendys_final_humor_presence_dataset.csv,Wendy's,1580580422408622081,https://x.com/Wendys/status/1580580422408622081,Thu Oct 13 15:25:13 +0000 2022,"Who’s a TRUE Reggaeton OG? No need to guess, he is here at #PandoraLIVE El Pulso! Join us by RSVP at https://t.co/bcSKvW6MqW for the show at 8:50pm ET tonight at https://t.co/0qvXb4uABp @pandora",1,1,final_humor_binary
wendys_all_h1_01779,wendys_all_human,20260615wendy's/data/wendys_final_humor_presence_dataset.csv,Wendy's,1581410264339009536,https://x.com/Wendys/status/1581410264339009536,Sat Oct 15 22:22:42 +0000 2022,"I had about 6 French Toast Sticks and I’d do it again. BGs, start your day with @wendys new #FrenchToastSticks #BravoCon #ad https://t.co/jXUuOFStao",1,1,final_humor_binary
wendys_all_h1_01780,wendys_all_human,20260615wendy's/data/wendys_final_humor_presence_dataset.csv,Wendy's,1581745509441556482,https://x.com/Wendys/status/1581745509441556482,Sun Oct 16 20:34:51 +0000 2022,https://t.co/W8EugGOUMD,0,0,final_humor_binary
wendys_all_h1_01781,wendys_all_human,20260615wendy's/data/wendys_final_humor_presence_dataset.csv,Wendy's,1582484431620567040,https://x.com/Wendys/status/1582484431620567040,Tue Oct 18 21:31:04 +0000 2022,You afraid of ghosts? Come hang while we stream Ghostbusters! Thanks. 👻https://t.co/P0GZ7DZXWO,1,1,final_humor_binary
wendys_all_h1_01782,wendys_all_human,20260615wendy's/data/wendys_final_humor_presence_dataset.csv,Wendy's,1585376361237340160,https://x.com/Wendys/status/1585376361237340160,Wed Oct 26 21:02:34 +0000 2022,Secure the city. Secure the bag. Come hang while we stream Gotham Knights. 🦇 https://t.co/ppA1jjEaki,1,1,final_humor_binary
wendys_all_h1_01783,wendys_all_human,20260615wendy's/data/wendys_final_humor_presence_dataset.csv,Wendy's,1586797319466295296,https://x.com/Wendys/status/1586797319466295296,Sun Oct 30 19:08:56 +0000 2022,But for real. Get some free nuggets.,0,0,final_humor_binary
wendys_all_h1_01784,wendys_all_human,20260615wendy's/data/wendys_final_humor_presence_dataset.csv,Wendy's,1592632537486340097,https://x.com/Wendys/status/1592632537486340097,Tue Nov 15 21:36:01 +0000 2022,Hey this new one is Peppermint https://t.co/uKFvPSP35a,0,0,final_humor_binary
wendys_all_h1_01785,wendys_all_human,20260615wendy's/data/wendys_final_humor_presence_dataset.csv,Wendy's,1596217383001108480,https://x.com/Wendys/status/1596217383001108480,Fri Nov 25 19:00:55 +0000 2022,USA! USA! USA! Let’s get these fries,1,1,final_humor_binary
wendys_all_h1_01786,wendys_all_human,20260615wendy's/data/wendys_final_humor_presence_dataset.csv,Wendy's,1596229186192302080,https://x.com/Wendys/status/1596229186192302080,Fri Nov 25 19:47:49 +0000 2022,"Right proper match, innit? @wendysuk",1,1,final_humor_binary
wendys_all_h1_01787,wendys_all_human,20260615wendy's/data/wendys_final_humor_presence_dataset.csv,Wendy's,1596245866121416704,https://x.com/Wendys/status/1596245866121416704,Fri Nov 25 20:54:05 +0000 2022,No one lost. THEREFORE EVERYONE WINS. Free fries with purchase in the Wendy’s app. https://t.co/Wf19A9jLy2,1,1,final_humor_binary
wendys_all_h1_01788,wendys_all_human,20260615wendy's/data/wendys_final_humor_presence_dataset.csv,Wendy's,1598469601288982528,https://x.com/Wendys/status/1598469601288982528,Fri Dec 02 00:10:25 +0000 2022,Jim Cramer says he likes these 3 best-of-breed restaurant stocks https://t.co/wTyUzClLrx,1,1,final_humor_binary
wendys_all_h1_01789,wendys_all_human,20260615wendy's/data/wendys_final_humor_presence_dataset.csv,Wendy's,1598721162506215424,https://x.com/Wendys/status/1598721162506215424,Fri Dec 02 16:50:02 +0000 2022,https://t.co/pENxCGoER5,0,0,final_humor_binary
wendys_all_h1_01790,wendys_all_human,20260615wendy's/data/wendys_final_humor_presence_dataset.csv,Wendy's,1599873034529042432,https://x.com/Wendys/status/1599873034529042432,Mon Dec 05 21:07:10 +0000 2022,https://t.co/kP4yInqjEm,0,0,final_humor_binary
wendys_all_h1_01791,wendys_all_human,20260615wendy's/data/wendys_final_humor_presence_dataset.csv,Wendy's,1602425619618332673,https://x.com/Wendys/status/1602425619618332673,Mon Dec 12 22:10:14 +0000 2022,Love it when a USC Trojan gets what’s rightfully theirs. cc:@ReggieBush https://t.co/rrT0EuFiyt,1,1,final_humor_binary
wendys_all_h1_01792,wendys_all_human,20260615wendy's/data/wendys_final_humor_presence_dataset.csv,Wendy's,1604865566057144320,https://x.com/Wendys/status/1604865566057144320,Mon Dec 19 15:45:42 +0000 2022,"Since the job seems open, should I step up as the head of Twitter? I will abide by this poll.",1,1,final_humor_binary
wendys_all_h1_01793,wendys_all_human,20260615wendy's/data/wendys_final_humor_presence_dataset.csv,Wendy's,1604918638804598784,https://x.com/Wendys/status/1604918638804598784,Mon Dec 19 19:16:36 +0000 2022,@youngbucks @AEW @BranCutler @Minimates @KennyOmegamanX @IsiahKassidy @GarciaWrestling @PAvalon 👀👀👀👀👀👀 https://t.co/TU917wcGV2,0,0,final_humor_binary
wendys_all_h1_01794,wendys_all_human,20260615wendy's/data/wendys_final_humor_presence_dataset.csv,Wendy's,1604919683584401410,https://x.com/Wendys/status/1604919683584401410,Mon Dec 19 19:20:45 +0000 2022,"Dave’s Double, No Cheese.",1,1,final_humor_binary
wendys_all_h1_01795,wendys_all_human,20260615wendy's/data/wendys_final_humor_presence_dataset.csv,Wendy's,1604921931530207236,https://x.com/Wendys/status/1604921931530207236,Mon Dec 19 19:29:41 +0000 2022,"RT @youngbucks: Dave’s Double, No Cheese.",0,0,final_humor_binary
wendys_all_h1_01796,wendys_all_human,20260615wendy's/data/wendys_final_humor_presence_dataset.csv,Wendy's,1605335737368342528,https://x.com/Wendys/status/1605335737368342528,Tue Dec 20 22:54:00 +0000 2022,"Want to know the secret behind my voice? Warming up with @wendys Holiday Peppermint Frosty. It is literally INSANE, so good guys. Go out and get one and let me know how much you love it #ad https://t.co/BFFtbYe5ln",1,1,final_humor_binary
wendys_all_h1_01797,wendys_all_human,20260615wendy's/data/wendys_final_humor_presence_dataset.csv,Wendy's,1606445952969150464,https://x.com/Wendys/status/1606445952969150464,Sat Dec 24 00:25:36 +0000 2022,Anyone seen this yet?,0,0,final_humor_binary
wendys_all_h1_01798,wendys_all_human,20260615wendy's/data/wendys_final_humor_presence_dataset.csv,Wendy's,1615817267605901313,https://x.com/Wendys/status/1615817267605901313,Wed Jan 18 21:03:51 +0000 2023,It souled out. https://t.co/M7gRH2Tfmv,0,0,final_humor_binary
wendys_all_h1_01799,wendys_all_human,20260615wendy's/data/wendys_final_humor_presence_dataset.csv,Wendy's,1616440426835369984,https://x.com/Wendys/status/1616440426835369984,Fri Jan 20 14:20:04 +0000 2023,My coworker got me breakfast 😎 @Wendys https://t.co/DOT0WiIr0z,0,0,final_humor_binary
wendys_all_h1_01800,wendys_all_human,20260615wendy's/data/wendys_final_humor_presence_dataset.csv,Wendy's,1616469866348683264,https://x.com/Wendys/status/1616469866348683264,Fri Jan 20 16:17:03 +0000 2023,RT @TheJoker621: My coworker got me breakfast 😎 @Wendys https://t.co/DOT0WiIr0z,0,0,final_humor_binary
wendys_all_h1_01801,wendys_all_human,20260615wendy's/data/wendys_final_humor_presence_dataset.csv,Wendy's,1616553921287278617,https://x.com/Wendys/status/1616553921287278617,Fri Jan 20 21:51:03 +0000 2023,“Death is simply another stage of life.” - Grand Elder Guru https://t.co/JfUz7Ilh69,0,0,final_humor_binary
wendys_all_h1_01802,wendys_all_human,20260615wendy's/data/wendys_final_humor_presence_dataset.csv,Wendy's,1618685219955171328,https://x.com/Wendys/status/1618685219955171328,Thu Jan 26 19:00:04 +0000 2023,I'm back. https://t.co/uY7P5KEC18,0,0,final_humor_binary
wendys_all_h1_01803,wendys_all_human,20260615wendy's/data/wendys_final_humor_presence_dataset.csv,Wendy's,1619013166251544577,https://x.com/Wendys/status/1619013166251544577,Fri Jan 27 16:43:13 +0000 2023,🧐 https://t.co/zfKntViVIe,0,0,final_humor_binary
wendys_all_h1_01804,wendys_all_human,20260615wendy's/data/wendys_final_humor_presence_dataset.csv,Wendy's,1620468613915504645,https://x.com/Wendys/status/1620468613915504645,Tue Jan 31 17:06:39 +0000 2023,"Put out garlic fries and didn’t even think about how it would make the vampires feel. My bad, y’all. That one’s on me.",1,1,final_humor_binary
wendys_all_h1_01805,wendys_all_human,20260615wendy's/data/wendys_final_humor_presence_dataset.csv,Wendy's,1620815679707582465,https://x.com/Wendys/status/1620815679707582465,Wed Feb 01 16:05:45 +0000 2023,https://t.co/GIrRuNlcDy,0,0,final_humor_binary
wendys_all_h1_01806,wendys_all_human,20260615wendy's/data/wendys_final_humor_presence_dataset.csv,Wendy's,1623545691305046016,https://x.com/Wendys/status/1623545691305046016,Thu Feb 09 04:53:51 +0000 2023,A successful Trios Title defense means one thing.. an ELITE @Wendys feast. https://t.co/aA03WhTYrA,1,1,final_humor_binary
wendys_all_h1_01807,wendys_all_human,20260615wendy's/data/wendys_final_humor_presence_dataset.csv,Wendy's,1625165317189009409,https://x.com/Wendys/status/1625165317189009409,Mon Feb 13 16:09:40 +0000 2023,Where's the beef?,1,1,final_humor_binary
wendys_all_h1_01808,wendys_all_human,20260615wendy's/data/wendys_final_humor_presence_dataset.csv,Wendy's,1625171069064839168,https://x.com/Wendys/status/1625171069064839168,Mon Feb 13 16:32:31 +0000 2023,.@Wendys https://t.co/BJXFKYHQZo,0,0,final_humor_binary
wendys_all_h1_01809,wendys_all_human,20260615wendy's/data/wendys_final_humor_presence_dataset.csv,Wendy's,1625171742267256839,https://x.com/Wendys/status/1625171742267256839,Mon Feb 13 16:35:12 +0000 2023,"Just kidding, found it. #Daytona500 #NASCAR",1,1,final_humor_binary
wendys_all_h1_01810,wendys_all_human,20260615wendy's/data/wendys_final_humor_presence_dataset.csv,Wendy's,1626647347584286720,https://x.com/Wendys/status/1626647347584286720,Fri Feb 17 18:18:43 +0000 2023,That’s the perfect place for people that don’t like beef tbh,1,1,final_humor_binary
wendys_all_h1_01811,wendys_all_human,20260615wendy's/data/wendys_final_humor_presence_dataset.csv,Wendy's,1633912561732145156,https://x.com/Wendys/status/1633912561732145156,Thu Mar 09 19:28:06 +0000 2023,say hi before you keep scrolling pls,0,0,final_humor_binary
wendys_all_h1_01812,wendys_all_human,20260615wendy's/data/wendys_final_humor_presence_dataset.csv,Wendy's,1641560467918270465,https://x.com/Wendys/status/1641560467918270465,Thu Mar 30 21:58:08 +0000 2023,Your hour starts now! From now until 7 PM EDT get up to ❗️$30 off❗️ when you add a Biggie Bag to your Wendy's DoorDash order. DON'T FORGET: make sure your cart has at least a $12 subtotal before you apply the code. Promo code BIGGIE,0,0,final_humor_binary
wendys_all_h1_01813,wendys_all_human,20260615wendy's/data/wendys_final_humor_presence_dataset.csv,Wendy's,1644140500218179585,https://x.com/Wendys/status/1644140500218179585,Fri Apr 07 00:50:16 +0000 2023,"I’m a burger girl, in a burger world https://t.co/E5UsSIHwBE",1,1,final_humor_binary
wendys_all_h1_01814,wendys_all_human,20260615wendy's/data/wendys_final_humor_presence_dataset.csv,Wendy's,1646128960802111489,https://x.com/Wendys/status/1646128960802111489,Wed Apr 12 12:31:42 +0000 2023,thanks for the roast @Wendys https://t.co/CCFo2CXouL,0,0,final_humor_binary
wendys_all_h1_01815,wendys_all_human,20260615wendy's/data/wendys_final_humor_presence_dataset.csv,Wendy's,1646136173037772800,https://x.com/Wendys/status/1646136173037772800,Wed Apr 12 13:00:22 +0000 2023,*clears throat* It’s #NationalRoastDay on TikTok https://t.co/YhNuzeZpuP,0,0,final_humor_binary
wendys_all_h1_01816,wendys_all_human,20260615wendy's/data/wendys_final_humor_presence_dataset.csv,Wendy's,1646139417172783117,https://x.com/Wendys/status/1646139417172783117,Wed Apr 12 13:13:15 +0000 2023,Play the full clip 😉,0,0,final_humor_binary
wendys_all_h1_01817,wendys_all_human,20260615wendy's/data/wendys_final_humor_presence_dataset.csv,Wendy's,1648334094319882240,https://x.com/Wendys/status/1648334094319882240,Tue Apr 18 14:34:07 +0000 2023,"McDonald's announced they're changing their burgers. Big Macs &amp; other burgers are getting softer buns, meltier cheese, tastier onions, and Big Macs are getting more Big Mac sauce. The changes are rolling out slowly. What do you think of this? https://t.co/7NvFsRco8w",1,1,final_humor_binary
wendys_all_h1_01818,wendys_all_human,20260615wendy's/data/wendys_final_humor_presence_dataset.csv,Wendy's,1648372138863214613,https://x.com/Wendys/status/1648372138863214613,Tue Apr 18 17:05:17 +0000 2023,This is where the yellow boxes are 🟨,0,0,final_humor_binary
wendys_all_h1_01819,wendys_all_human,20260615wendy's/data/wendys_final_humor_presence_dataset.csv,Wendy's,1648417729508958215,https://x.com/Wendys/status/1648417729508958215,Tue Apr 18 20:06:27 +0000 2023,Where’s the beef?,1,1,final_humor_binary
wendys_all_h1_01820,wendys_all_human,20260615wendy's/data/wendys_final_humor_presence_dataset.csv,Wendy's,1650820225728741378,https://x.com/Wendys/status/1650820225728741378,Tue Apr 25 11:13:07 +0000 2023,Hey @Wendys..... what's happening on your fb,1,1,final_humor_binary
wendys_all_h1_01821,wendys_all_human,20260615wendy's/data/wendys_final_humor_presence_dataset.csv,Wendy's,1651965168270671872,https://x.com/Wendys/status/1651965168270671872,Fri Apr 28 15:02:42 +0000 2023,https://t.co/dyZwO11Voc,0,0,final_humor_binary
wendys_all_h1_01822,wendys_all_human,20260615wendy's/data/wendys_final_humor_presence_dataset.csv,Wendy's,1653824235846901769,https://x.com/Wendys/status/1653824235846901769,Wed May 03 18:09:59 +0000 2023,How are you doing? https://t.co/X1mGkQwZsh,0,0,final_humor_binary
wendys_all_h1_01823,wendys_all_human,20260615wendy's/data/wendys_final_humor_presence_dataset.csv,Wendy's,1654276971214299136,https://x.com/Wendys/status/1654276971214299136,Fri May 05 00:08:59 +0000 2023,"Dearest @Wendys — if you help promote our Remember Right Now 20 Year Anniversary Tour with a RT, we will send *you* free food for a month! [wsg on select dates: @RookieOfTheYear + @ValenciaShane + @heybobnanna] 🖤🖤🖤 TICKETS: https://t.co/5bxGHadYA7 https://t.co/JspQNpNNjr",0,0,final_humor_binary
wendys_all_h1_01824,wendys_all_human,20260615wendy's/data/wendys_final_humor_presence_dataset.csv,Wendy's,1654284843490988033,https://x.com/Wendys/status/1654284843490988033,Fri May 05 00:40:16 +0000 2023,"RT @Spitalfield98: Dearest @Wendys — if you help promote our Remember Right Now 20 Year Anniversary Tour with a RT, we will send *you* free…",0,0,final_humor_binary
wendys_all_h1_01825,wendys_all_human,20260615wendy's/data/wendys_final_humor_presence_dataset.csv,Wendy's,1654524291231129600,https://x.com/Wendys/status/1654524291231129600,Fri May 05 16:31:45 +0000 2023,https://t.co/PBcoTxw1zV,0,0,final_humor_binary
wendys_all_h1_01826,wendys_all_human,20260615wendy's/data/wendys_final_humor_presence_dataset.csv,Wendy's,1655950878724202499,https://x.com/Wendys/status/1655950878724202499,Tue May 09 15:00:30 +0000 2023,"Starting tomorrow, we’ll be fulfilling a handful of requests for anyone that needs a message from the one and only me. While you’re waiting, go ahead and grab a free fry when you get a Strawberry Frosty in the app https://t.co/7aEzQi8dIK https://t.co/RqhVNDehES",0,0,final_humor_binary
wendys_all_h1_01827,wendys_all_human,20260615wendy's/data/wendys_final_humor_presence_dataset.csv,Wendy's,1658178790713876486,https://x.com/Wendys/status/1658178790713876486,Mon May 15 18:33:25 +0000 2023,A Frosty is a sweet treat. It is a drink. It is a sauce. It is fearless. It’s Frosty and it’s the new look for summer 🍓,1,1,final_humor_binary
wendys_all_h1_01828,wendys_all_human,20260615wendy's/data/wendys_final_humor_presence_dataset.csv,Wendy's,1661089747027017748,https://x.com/Wendys/status/1661089747027017748,Tue May 23 19:20:31 +0000 2023,"Thank you to everyone who participated in our little breakfast experimeat. If you missed it, we hope you can figure yourself out and grab some $3 Breakfast.",0,0,final_humor_binary
wendys_all_h1_01829,wendys_all_human,20260615wendy's/data/wendys_final_humor_presence_dataset.csv,Wendy's,1662099102618857473,https://x.com/Wendys/status/1662099102618857473,Fri May 26 14:11:21 +0000 2023,https://t.co/Hf7jv9iDRg,0,0,final_humor_binary
wendys_all_h1_01830,wendys_all_human,20260615wendy's/data/wendys_final_humor_presence_dataset.csv,Wendy's,1663376242433720321,https://x.com/Wendys/status/1663376242433720321,Tue May 30 02:46:14 +0000 2023,guess this means they went with our script 💅🔥⛏️ @nuggets @miamiHEAT @NBA #HeatNuggets https://t.co/mcdvyAyQQL,1,1,final_humor_binary
wendys_all_h1_01831,wendys_all_human,20260615wendy's/data/wendys_final_humor_presence_dataset.csv,Wendy's,1667183491551821832,https://x.com/Wendys/status/1667183491551821832,Fri Jun 09 14:54:53 +0000 2023,@TheDrum You know why Wendys hasnt posted a ChatGPT ad? They dont cut corners.,1,1,final_humor_binary
wendys_all_h1_01832,wendys_all_human,20260615wendy's/data/wendys_final_humor_presence_dataset.csv,Wendy's,1668661154325966852,https://x.com/Wendys/status/1668661154325966852,Tue Jun 13 16:46:36 +0000 2023,https://t.co/MbvA7eagxO,0,0,final_humor_binary
wendys_all_h1_01833,wendys_all_human,20260615wendy's/data/wendys_final_humor_presence_dataset.csv,Wendy's,1669414854078218240,https://x.com/Wendys/status/1669414854078218240,Thu Jun 15 18:41:32 +0000 2023,https://t.co/qPNHucr5nI,0,0,final_humor_binary
wendys_all_h1_01834,wendys_all_human,20260615wendy's/data/wendys_final_humor_presence_dataset.csv,Wendy's,1671254412919205888,https://x.com/Wendys/status/1671254412919205888,Tue Jun 20 20:31:17 +0000 2023,https://t.co/wyUBSllNxt,0,0,final_humor_binary
wendys_all_h1_01835,wendys_all_human,20260615wendy's/data/wendys_final_humor_presence_dataset.csv,Wendy's,1673337925763776513,https://x.com/Wendys/status/1673337925763776513,Mon Jun 26 14:30:25 +0000 2023,And Baconate https://t.co/IUvcqDW4f4,0,0,final_humor_binary
wendys_all_h1_01836,wendys_all_human,20260615wendy's/data/wendys_final_humor_presence_dataset.csv,Wendy's,1674801534251552769,https://x.com/Wendys/status/1674801534251552769,Fri Jun 30 15:26:16 +0000 2023,Straw #Barbie Frosty? https://t.co/G92L2Fo8f8,0,0,final_humor_binary
wendys_all_h1_01837,wendys_all_human,20260615wendy's/data/wendys_final_humor_presence_dataset.csv,Wendy's,1677057469187518465,https://x.com/Wendys/status/1677057469187518465,Thu Jul 06 20:50:33 +0000 2023,I AM SUING OUR THREADS ACCOUNT,0,0,final_humor_binary
wendys_all_h1_01838,wendys_all_human,20260615wendy's/data/wendys_final_humor_presence_dataset.csv,Wendy's,1681758534982148097,https://x.com/Wendys/status/1681758534982148097,Wed Jul 19 20:10:54 +0000 2023,F*dge it. 27 minutes of food footage https://t.co/sgKlje7vmI,0,0,final_humor_binary
wendys_all_h1_01839,wendys_all_human,20260615wendy's/data/wendys_final_humor_presence_dataset.csv,Wendy's,1683273880004173824,https://x.com/Wendys/status/1683273880004173824,Mon Jul 24 00:32:21 +0000 2023,That’s his most expensive X yet 😮,0,0,final_humor_binary
wendys_all_h1_01840,wendys_all_human,20260615wendy's/data/wendys_final_humor_presence_dataset.csv,Wendy's,1684338270325424129,https://x.com/Wendys/status/1684338270325424129,Wed Jul 26 23:01:51 +0000 2023,My red flag is thinking she still thinks about me https://t.co/AYfjEK0Gve,0,0,final_humor_binary
wendys_all_h1_01841,wendys_all_human,20260615wendy's/data/wendys_final_humor_presence_dataset.csv,Wendy's,1692596616299999573,https://x.com/Wendys/status/1692596616299999573,Fri Aug 18 17:57:34 +0000 2023,https://t.co/PZH0rWXOC4,0,0,final_humor_binary
wendys_all_h1_01842,wendys_all_human,20260615wendy's/data/wendys_final_humor_presence_dataset.csv,Wendy's,1699796550636200229,https://x.com/Wendys/status/1699796550636200229,Thu Sep 07 14:47:33 +0000 2023,https://t.co/l4bH6S4RXz,0,0,final_humor_binary
wendys_all_h1_01843,wendys_all_human,20260615wendy's/data/wendys_final_humor_presence_dataset.csv,Wendy's,1699798695691395159,https://x.com/Wendys/status/1699798695691395159,Thu Sep 07 14:56:04 +0000 2023,https://t.co/OQOqI9VO8g,0,0,final_humor_binary
wendys_all_h1_01844,wendys_all_human,20260615wendy's/data/wendys_final_humor_presence_dataset.csv,Wendy's,1703862493611802817,https://x.com/Wendys/status/1703862493611802817,Mon Sep 18 20:04:09 +0000 2023,"Today is the day that is good and nothing bad happens. Yup, National Cheeseburger day. Celebrate with a 1 cent jbc with any purchase in the app.",0,0,final_humor_binary
wendys_all_h1_01845,wendys_all_human,20260615wendy's/data/wendys_final_humor_presence_dataset.csv,Wendy's,1705356808959787436,https://x.com/Wendys/status/1705356808959787436,Fri Sep 22 23:02:01 +0000 2023,"Fun fact, these are doubloons. https://t.co/GjW2QACWt3",0,0,final_humor_binary
wendys_all_h1_01846,wendys_all_human,20260615wendy's/data/wendys_final_humor_presence_dataset.csv,Wendy's,1708846678881513926,https://x.com/Wendys/status/1708846678881513926,Mon Oct 02 14:09:31 +0000 2023,“I’m emo” - Jimmy Butler (Via @ByTimReynolds ) https://t.co/IrL9Nqqvyv,0,0,final_humor_binary
wendys_all_h1_01847,wendys_all_human,20260615wendy's/data/wendys_final_humor_presence_dataset.csv,Wendy's,1708923043551338818,https://x.com/Wendys/status/1708923043551338818,Mon Oct 02 19:12:58 +0000 2023,The Starting Lineup Corner Three Days Grace Step Back Sunday,0,0,final_humor_binary
wendys_all_h1_01848,wendys_all_human,20260615wendy's/data/wendys_final_humor_presence_dataset.csv,Wendy's,1716894851499966760,https://x.com/Wendys/status/1716894851499966760,Tue Oct 24 19:10:05 +0000 2023,WHERE IS WENDY,1,1,final_humor_binary
wendys_all_h1_01849,wendys_all_human,20260615wendy's/data/wendys_final_humor_presence_dataset.csv,Wendy's,1720855479293731083,https://x.com/Wendys/status/1720855479293731083,Sat Nov 04 17:28:12 +0000 2023,Attack this croissant am i right https://t.co/h3zS2Rfkhw,0,0,final_humor_binary
wendys_all_h1_01850,wendys_all_human,20260615wendy's/data/wendys_final_humor_presence_dataset.csv,Wendy's,1720890415690256753,https://x.com/Wendys/status/1720890415690256753,Sat Nov 04 19:47:02 +0000 2023,helping @LisaBarlow7 get her rings insured today just in case. #BravoCon https://t.co/aH8xmU9sGB,0,0,final_humor_binary
wendys_all_h1_01851,wendys_all_human,20260615wendy's/data/wendys_final_humor_presence_dataset.csv,Wendy's,1724568790820687971,https://x.com/Wendys/status/1724568790820687971,Tue Nov 14 23:23:35 +0000 2023,https://t.co/2m6fIRFQvX,0,0,final_humor_binary
wendys_all_h1_01852,wendys_all_human,20260615wendy's/data/wendys_final_humor_presence_dataset.csv,Wendy's,1724894653793833227,https://x.com/Wendys/status/1724894653793833227,Wed Nov 15 20:58:27 +0000 2023,On the 1st Wednesday of Nuggetmas my true love gave to me: FREE NUGGETS. . . . . Get a free 6 pc Nuggs today with any purchase from our in-app offer. Limited time only at participating U.S. Wendy’s. Account registration required.,1,1,final_humor_binary
wendys_all_h1_01853,wendys_all_human,20260615wendy's/data/wendys_final_humor_presence_dataset.csv,Wendy's,1744381160086524197,https://x.com/Wendys/status/1744381160086524197,Mon Jan 08 15:30:52 +0000 2024,sometimes a vanilla frosty after 8 months is enough to stop the voices,1,1,final_humor_binary
wendys_all_h1_01854,wendys_all_human,20260615wendy's/data/wendys_final_humor_presence_dataset.csv,Wendy's,1747408308141494598,https://x.com/Wendys/status/1747408308141494598,Tue Jan 16 23:59:40 +0000 2024,Order up! The House is getting 𝗕𝗶𝗴𝗴𝗶𝗲𝗿 in 2024. 🍔: https://t.co/ikk9c2Ivgu https://t.co/th9UsnrRTu,0,0,final_humor_binary
wendys_all_h1_01855,wendys_all_human,20260615wendy's/data/wendys_final_humor_presence_dataset.csv,Wendy's,1747413044945117351,https://x.com/Wendys/status/1747413044945117351,Wed Jan 17 00:18:29 +0000 2024,RT @TeamTrackhouse: Order up! The House is getting 𝗕𝗶𝗴𝗴𝗶𝗲𝗿 in 2024. 🍔: https://t.co/ikk9c2Ivgu https://t.co/th9UsnrRTu,0,0,final_humor_binary
wendys_all_h1_01856,wendys_all_human,20260615wendy's/data/wendys_final_humor_presence_dataset.csv,Wendy's,1748061377682387211,https://x.com/Wendys/status/1748061377682387211,Thu Jan 18 19:14:44 +0000 2024,Finally got mine 🥰 https://t.co/Wbg0cebnYJ,0,0,final_humor_binary
wendys_all_h1_01857,wendys_all_human,20260615wendy's/data/wendys_final_humor_presence_dataset.csv,Wendy's,1750522723510493356,https://x.com/Wendys/status/1750522723510493356,Thu Jan 25 14:15:15 +0000 2024,McDonald’s is releasing a Double Big Mac https://t.co/M8IhDWesyG,0,0,final_humor_binary
wendys_all_h1_01858,wendys_all_human,20260615wendy's/data/wendys_final_humor_presence_dataset.csv,Wendy's,1750997136404029658,https://x.com/Wendys/status/1750997136404029658,Fri Jan 26 21:40:23 +0000 2024,https://t.co/A2e8OWmrfx,0,0,final_humor_binary
wendys_all_h1_01859,wendys_all_human,20260615wendy's/data/wendys_final_humor_presence_dataset.csv,Wendy's,1752389070351675762,https://x.com/Wendys/status/1752389070351675762,Tue Jan 30 17:51:26 +0000 2024,Pookie looking absolutely fire https://t.co/zx9zjINi7m,0,0,final_humor_binary
wendys_all_h1_01860,wendys_all_human,20260615wendy's/data/wendys_final_humor_presence_dataset.csv,Wendy's,1755671017173774387,https://x.com/Wendys/status/1755671017173774387,Thu Feb 08 19:12:43 +0000 2024,"Speaking of burglary, we’re taking this AMA. Ask us anything. https://t.co/w9JkcBUkg9 https://t.co/bJbwt5CfLx",0,0,final_humor_binary
wendys_all_h1_01861,wendys_all_human,20260615wendy's/data/wendys_final_humor_presence_dataset.csv,Wendy's,1755700112045580732,https://x.com/Wendys/status/1755700112045580732,Thu Feb 08 21:08:20 +0000 2024,Thanks for a great AMA! @McDonalds thank you for the paid support and letting us take over for the day. Talk soon!,0,0,final_humor_binary
wendys_all_h1_01862,wendys_all_human,20260615wendy's/data/wendys_final_humor_presence_dataset.csv,Wendy's,1757109191762747848,https://x.com/Wendys/status/1757109191762747848,Mon Feb 12 18:27:31 +0000 2024,. @joshcellars burgers are fun red wine is posh wanna pair up? nvm blame it on the Josh https://t.co/i8bRaSup6s,1,1,final_humor_binary
wendys_all_h1_01863,wendys_all_human,20260615wendy's/data/wendys_final_humor_presence_dataset.csv,Wendy's,1757549861858119986,https://x.com/Wendys/status/1757549861858119986,Tue Feb 13 23:38:35 +0000 2024,"Critics are calling “Wendy and Josh Are Just Friends,” “Like Normal People, but much shorter and more burgers.” Grab a Baconator, pour a glass of @joshcellars, and cozy up with our Valentine’s Day read: https://t.co/UPHQnPnp7k",0,0,final_humor_binary
wendys_all_h1_01864,wendys_all_human,20260615wendy's/data/wendys_final_humor_presence_dataset.csv,Wendy's,1757905771189190791,https://x.com/Wendys/status/1757905771189190791,Wed Feb 14 23:12:50 +0000 2024,Struggling to keep the romance fresh? Let Wendy’s &amp; Josh help with perfect pairing package. https://t.co/BSFaYwVdlv,1,1,final_humor_binary
wendys_all_h1_01865,wendys_all_human,20260615wendy's/data/wendys_final_humor_presence_dataset.csv,Wendy's,1767666525698207989,https://x.com/Wendys/status/1767666525698207989,Tue Mar 12 21:38:36 +0000 2024,The voices did not stop. They are louder now,0,0,final_humor_binary
wendys_all_h1_01866,wendys_all_human,20260615wendy's/data/wendys_final_humor_presence_dataset.csv,Wendy's,1767684773659418706,https://x.com/Wendys/status/1767684773659418706,Tue Mar 12 22:51:06 +0000 2024,everything’s fine https://t.co/38Ku9IouH6,0,0,final_humor_binary
wendys_all_h1_01867,wendys_all_human,20260615wendy's/data/wendys_final_humor_presence_dataset.csv,Wendy's,1769784989338464723,https://x.com/Wendys/status/1769784989338464723,Mon Mar 18 17:56:37 +0000 2024,fry put my hand up on fry hip. When fry dip you dip we dip,0,0,final_humor_binary
wendys_all_h1_01868,wendys_all_human,20260615wendy's/data/wendys_final_humor_presence_dataset.csv,Wendy's,1769882785836371981,https://x.com/Wendys/status/1769882785836371981,Tue Mar 19 00:25:13 +0000 2024,@tuasleftnut @MarchMadnessMBB @CBSSportsCBB @SickosCBB @SickosCommittee In that case https://t.co/OolCKBv0XX,0,0,final_humor_binary
wendys_all_h1_01869,wendys_all_human,20260615wendy's/data/wendys_final_humor_presence_dataset.csv,Wendy's,1775209957358522399,https://x.com/Wendys/status/1775209957358522399,Tue Apr 02 17:13:30 +0000 2024,New @Cinnabon Pull-Apart? It’s okay to have just a lil’ treat. 🥹,1,1,final_humor_binary
wendys_all_h1_01870,wendys_all_human,20260615wendy's/data/wendys_final_humor_presence_dataset.csv,Wendy's,1778907905896435764,https://x.com/Wendys/status/1778907905896435764,Fri Apr 12 22:07:49 +0000 2024,Does this make sense or have you not experienced joy? https://t.co/AjFkef0wfY,0,0,final_humor_binary
wendys_all_h1_01871,wendys_all_human,20260615wendy's/data/wendys_final_humor_presence_dataset.csv,Wendy's,1779914355594727486,https://x.com/Wendys/status/1779914355594727486,Mon Apr 15 16:47:06 +0000 2024,I thought I could file my taxes on tumblr but apparently that is incorrect,0,0,final_humor_binary
wendys_all_h1_01872,wendys_all_human,20260615wendy's/data/wendys_final_humor_presence_dataset.csv,Wendy's,1781058134250758398,https://x.com/Wendys/status/1781058134250758398,Thu Apr 18 20:32:04 +0000 2024,You're welcome https://t.co/cJVqUJJ8u3,0,0,final_humor_binary
wendys_all_h1_01873,wendys_all_human,20260615wendy's/data/wendys_final_humor_presence_dataset.csv,Wendy's,1783192374044184957,https://x.com/Wendys/status/1783192374044184957,Wed Apr 24 17:52:46 +0000 2024,You can get chili for $1 with purchase in the app today. Which means you should get a @Cinnabon Pull-Apart to go with it and then like walk around and make people mad or sumthn. https://t.co/FGv8IS89zC,1,1,final_humor_binary
wendys_all_h1_01874,wendys_all_human,20260615wendy's/data/wendys_final_humor_presence_dataset.csv,Wendy's,1783201437113082357,https://x.com/Wendys/status/1783201437113082357,Wed Apr 24 18:28:47 +0000 2024,Congrats 👑@reggiebush Can we get our burger back now https://t.co/nSSLMRUv7m,1,1,final_humor_binary
wendys_all_h1_01875,wendys_all_human,20260615wendy's/data/wendys_final_humor_presence_dataset.csv,Wendy's,1785401765271101734,https://x.com/Wendys/status/1785401765271101734,Tue Apr 30 20:12:06 +0000 2024,Look between CAPS LOCK and RETURN on your keyboard. That’s the alphabet. Use it to write an original joke.,1,1,final_humor_binary
wendys_all_h1_01876,wendys_all_human,20260615wendy's/data/wendys_final_humor_presence_dataset.csv,Wendy's,1785674044190175475,https://x.com/Wendys/status/1785674044190175475,Wed May 01 14:14:03 +0000 2024,McDonald’s announced plans to create their largest burger ever https://t.co/IMnQErb8sy,1,1,final_humor_binary
wendys_all_h1_01877,wendys_all_human,20260615wendy's/data/wendys_final_humor_presence_dataset.csv,Wendy's,1785760296335822857,https://x.com/Wendys/status/1785760296335822857,Wed May 01 19:56:47 +0000 2024,I’ll say it again https://t.co/C0TO0cW54C,0,0,final_humor_binary
wendys_all_h1_01878,wendys_all_human,20260615wendy's/data/wendys_final_humor_presence_dataset.csv,Wendy's,1787542849061626009,https://x.com/Wendys/status/1787542849061626009,Mon May 06 18:00:00 +0000 2024,me inventing the mcflurry fries,0,0,final_humor_binary
wendys_all_h1_01879,wendys_all_human,20260615wendy's/data/wendys_final_humor_presence_dataset.csv,Wendy's,1787884953876705769,https://x.com/Wendys/status/1787884953876705769,Tue May 07 16:39:24 +0000 2024,same energy https://t.co/piNJhbGVin,0,0,final_humor_binary
wendys_all_h1_01880,wendys_all_human,20260615wendy's/data/wendys_final_humor_presence_dataset.csv,Wendy's,1793669887094927716,https://x.com/Wendys/status/1793669887094927716,Thu May 23 15:46:40 +0000 2024,What’s this called? https://t.co/yn4TwIhXnu,0,0,final_humor_binary
wendys_all_h1_01881,wendys_all_human,20260615wendy's/data/wendys_final_humor_presence_dataset.csv,Wendy's,1793780306484285515,https://x.com/Wendys/status/1793780306484285515,Thu May 23 23:05:26 +0000 2024,"Burger King to launch $5 value meal ahead of McDonald's, Bloomberg News reports https://t.co/X7zmrnINjM https://t.co/jAgCVLjwkH",0,0,final_humor_binary
wendys_all_h1_01882,wendys_all_human,20260615wendy's/data/wendys_final_humor_presence_dataset.csv,Wendy's,1793796655512183145,https://x.com/Wendys/status/1793796655512183145,Fri May 24 00:10:24 +0000 2024,Stop taking the concept of a Biggie Bag and making it worse,1,1,final_humor_binary
wendys_all_h1_01883,wendys_all_human,20260615wendy's/data/wendys_final_humor_presence_dataset.csv,Wendy's,1801106753884434800,https://x.com/Wendys/status/1801106753884434800,Thu Jun 13 04:18:07 +0000 2024,Wait now I wanna see ur likes,0,0,final_humor_binary
wendys_all_h1_01884,wendys_all_human,20260615wendy's/data/wendys_final_humor_presence_dataset.csv,Wendy's,1801112110136500397,https://x.com/Wendys/status/1801112110136500397,Thu Jun 13 04:39:24 +0000 2024,Like this tweet (no one will see it),0,0,final_humor_binary
wendys_all_h1_01885,wendys_all_human,20260615wendy's/data/wendys_final_humor_presence_dataset.csv,Wendy's,1806116941091811827,https://x.com/Wendys/status/1806116941091811827,Thu Jun 27 00:06:49 +0000 2024,Whoever becomes a nugget tonight gets FREE saucy nuggets for a year 👀,0,0,final_humor_binary
wendys_all_h1_01886,wendys_all_human,20260615wendy's/data/wendys_final_humor_presence_dataset.csv,Wendy's,1806180519689834523,https://x.com/Wendys/status/1806180519689834523,Thu Jun 27 04:19:27 +0000 2024,"Never change Deuce. DaRon Holmes II (@DaRonagon) joked about getting free @Wendys sauces as a new member of the Nuggets and that he needs an inhaler for the altitude in Denver. 😂 @WDTN You got a great one, @nuggets fans. (📽️: @NBA) https://t.co/tJ1bDyME5N",0,0,final_humor_binary
wendys_all_h1_01887,wendys_all_human,20260615wendy's/data/wendys_final_humor_presence_dataset.csv,Wendy's,1806348032662802747,https://x.com/Wendys/status/1806348032662802747,Thu Jun 27 15:25:05 +0000 2024,ANYTHING IS SAUCE-A-BLEEEEEEEEEE,0,0,final_humor_binary
wendys_all_h1_01888,wendys_all_human,20260615wendy's/data/wendys_final_humor_presence_dataset.csv,Wendy's,1808626600872665366,https://x.com/Wendys/status/1808626600872665366,Wed Jul 03 22:19:18 +0000 2024,.@shanevg97 you asked for some sauce for your race in Chicago. This work? https://t.co/e67YBsIvdK,1,1,final_humor_binary
wendys_all_h1_01889,wendys_all_human,20260615wendy's/data/wendys_final_humor_presence_dataset.csv,Wendy's,1810007794310840603,https://x.com/Wendys/status/1810007794310840603,Sun Jul 07 17:47:41 +0000 2024,Whenever i need new tires i just pull up to a pit crew during a nascar race @NASCARChicago,1,1,final_humor_binary
wendys_all_h1_01890,wendys_all_human,20260615wendy's/data/wendys_final_humor_presence_dataset.csv,Wendy's,1810406280198299682,https://x.com/Wendys/status/1810406280198299682,Mon Jul 08 20:11:07 +0000 2024,"Missing messy? Well, our saucy nuggs are just sitting there waiting for ya. Go messy!",0,0,final_humor_binary
wendys_all_h1_01891,wendys_all_human,20260615wendy's/data/wendys_final_humor_presence_dataset.csv,Wendy's,1810668075450036606,https://x.com/Wendys/status/1810668075450036606,Tue Jul 09 13:31:24 +0000 2024,"McDonald’s are giving away free fries on National French Fry Day, July 12th https://t.co/B8V25hppkI",0,0,final_humor_binary
wendys_all_h1_01892,wendys_all_human,20260615wendy's/data/wendys_final_humor_presence_dataset.csv,Wendy's,1811077661101301959,https://x.com/Wendys/status/1811077661101301959,Wed Jul 10 16:38:57 +0000 2024,Workin’ on the ol’ photoshop skills again… Hit us up if your profile pic needs some sauce,1,1,final_humor_binary
wendys_all_h1_01893,wendys_all_human,20260615wendy's/data/wendys_final_humor_presence_dataset.csv,Wendy's,1811499139739398639,https://x.com/Wendys/status/1811499139739398639,Thu Jul 11 20:33:45 +0000 2024,.@nytgames it’s literally been a word since 2007 https://t.co/flCQAfCAjP,0,0,final_humor_binary
wendys_all_h1_01894,wendys_all_human,20260615wendy's/data/wendys_final_humor_presence_dataset.csv,Wendy's,1811795717297508777,https://x.com/Wendys/status/1811795717297508777,Fri Jul 12 16:12:15 +0000 2024,That’s cute. We’ve got free fries every Friday in the app. All year long.,0,0,final_humor_binary
wendys_all_h1_01895,wendys_all_human,20260615wendy's/data/wendys_final_humor_presence_dataset.csv,Wendy's,1818340302802850216,https://x.com/Wendys/status/1818340302802850216,Tue Jul 30 17:38:05 +0000 2024,My saucy nuggs get such a good block from the table they do a yurchenko double pike into my mouth,1,1,final_humor_binary
wendys_all_h1_01896,wendys_all_human,20260615wendy's/data/wendys_final_humor_presence_dataset.csv,Wendy's,1820231911635087503,https://x.com/Wendys/status/1820231911635087503,Sun Aug 04 22:54:40 +0000 2024,"Unhappy Hour: get a $1 Honey Buddy w purchase in the app. Monday mornings, it’s literally the least we could do. Hope that’s enough.",0,0,final_humor_binary
wendys_all_h1_01897,wendys_all_human,20260615wendy's/data/wendys_final_humor_presence_dataset.csv,Wendy's,1821610561962176956,https://x.com/Wendys/status/1821610561962176956,Thu Aug 08 18:12:56 +0000 2024,"Wordle 1,146 1/6 🟩🟩🟩🟩🟩",0,0,final_humor_binary
wendys_all_h1_01898,wendys_all_human,20260615wendy's/data/wendys_final_humor_presence_dataset.csv,Wendy's,1821610694745485569,https://x.com/Wendys/status/1821610694745485569,Thu Aug 08 18:13:28 +0000 2024,@NYTGames why u flirtin with me,0,0,final_humor_binary
wendys_all_h1_01899,wendys_all_human,20260615wendy's/data/wendys_final_humor_presence_dataset.csv,Wendy's,1821635837161029764,https://x.com/Wendys/status/1821635837161029764,Thu Aug 08 19:53:22 +0000 2024,@NYTGames Why ru playing games 😔 @NYTGames,0,0,final_humor_binary
wendys_all_h1_01900,wendys_all_human,20260615wendy's/data/wendys_final_humor_presence_dataset.csv,Wendy's,1822772454533579005,https://x.com/Wendys/status/1822772454533579005,Sun Aug 11 23:09:53 +0000 2024,Unhappy Hour is tomorrow so yew can get a $1 Honey Buddy w purchase in the app. Does that help?,0,0,final_humor_binary
wendys_all_h1_01901,wendys_all_human,20260615wendy's/data/wendys_final_humor_presence_dataset.csv,Wendy's,1825310472368791724,https://x.com/Wendys/status/1825310472368791724,Sun Aug 18 23:15:03 +0000 2024,Unhappy Hour means you can get a $1 Honey Buddy w purchase in the app. Also means monday morning but forget that part.,1,1,final_humor_binary
wendys_all_h1_01902,wendys_all_human,20260615wendy's/data/wendys_final_humor_presence_dataset.csv,Wendy's,1826432151862026427,https://x.com/Wendys/status/1826432151862026427,Thu Aug 22 01:32:13 +0000 2024,Can’t wait to watch… “Any Given Day but Sunday” a thread 🧵,0,0,final_humor_binary
wendys_all_h1_01903,wendys_all_human,20260615wendy's/data/wendys_final_humor_presence_dataset.csv,Wendy's,1826432485950898219,https://x.com/Wendys/status/1826432485950898219,Thu Aug 22 01:33:32 +0000 2024,“Forgetting Sarah Marshall’s Order”,0,0,final_humor_binary
wendys_all_h1_01904,wendys_all_human,20260615wendy's/data/wendys_final_humor_presence_dataset.csv,Wendy's,1826432611092136230,https://x.com/Wendys/status/1826432611092136230,Thu Aug 22 01:34:02 +0000 2024,“Appetite Gone in 60 Seconds”,0,0,final_humor_binary
wendys_all_h1_01905,wendys_all_human,20260615wendy's/data/wendys_final_humor_presence_dataset.csv,Wendy's,1826432938801570164,https://x.com/Wendys/status/1826432938801570164,Thu Aug 22 01:35:20 +0000 2024,“We Bought A Streaming App”,0,0,final_humor_binary
wendys_all_h1_01906,wendys_all_human,20260615wendy's/data/wendys_final_humor_presence_dataset.csv,Wendy's,1826437118563889607,https://x.com/Wendys/status/1826437118563889607,Thu Aug 22 01:51:57 +0000 2024,“The Bland Budapest Motel”,0,0,final_humor_binary
wendys_all_h1_01907,wendys_all_human,20260615wendy's/data/wendys_final_humor_presence_dataset.csv,Wendy's,1827852148366843989,https://x.com/Wendys/status/1827852148366843989,Sun Aug 25 23:34:46 +0000 2024,Unhappy Hour means you can get a $1 Honey Buddy w purchase in the app. See? Life still has meaning - even on Monday mornings. https://t.co/9ANLjAkbTt,1,1,final_humor_binary
wendys_all_h1_01908,wendys_all_human,20260615wendy's/data/wendys_final_humor_presence_dataset.csv,Wendy's,1833595083490238906,https://x.com/Wendys/status/1833595083490238906,Tue Sep 10 19:55:09 +0000 2024,???!?!?!?!WHO EATS A BURRITO LIKE THIS?!?!?!?! @Wendys https://t.co/QkwBdIHaql,0,0,final_humor_binary
wendys_all_h1_01909,wendys_all_human,20260615wendy's/data/wendys_final_humor_presence_dataset.csv,Wendy's,1834347199402229959,https://x.com/Wendys/status/1834347199402229959,Thu Sep 12 21:43:47 +0000 2024,Absolutely no fun was had at our commercial shoot today… 🤣🚀 Special thanks to our amazing partners at @Wendys 🫶 https://t.co/QoZNAgR4ZG,0,0,final_humor_binary
wendys_all_h1_01910,wendys_all_human,20260615wendy's/data/wendys_final_humor_presence_dataset.csv,Wendy's,1834619968442323418,https://x.com/Wendys/status/1834619968442323418,Fri Sep 13 15:47:40 +0000 2024,POV: me going straight from bed to the couch every Saturday,1,1,final_humor_binary
wendys_all_h1_01911,wendys_all_human,20260615wendy's/data/wendys_final_humor_presence_dataset.csv,Wendy's,1835137149286379953,https://x.com/Wendys/status/1835137149286379953,Sun Sep 15 02:02:46 +0000 2024,@Wendys this is not how you eat burritos. 😀😃🙂🙃 https://t.co/UJTtycnwjr,0,0,final_humor_binary
wendys_all_h1_01912,wendys_all_human,20260615wendy's/data/wendys_final_humor_presence_dataset.csv,Wendy's,1836585948496162855,https://x.com/Wendys/status/1836585948496162855,Thu Sep 19 01:59:46 +0000 2024,"When you have a leaky faucet, you go to Angie’s List, but when you have a grievance, you go to Angie’s Scroll #RHOSLC",0,0,final_humor_binary
wendys_all_h1_01913,wendys_all_human,20260615wendy's/data/wendys_final_humor_presence_dataset.csv,Wendy's,1839266928679845920,https://x.com/Wendys/status/1839266928679845920,Thu Sep 26 11:33:02 +0000 2024,Downtown Chicago. 6AM. @Wendys trolling @McDonalds and I’m here for it. https://t.co/bhfpszCtxE,0,0,final_humor_binary
wendys_all_h1_01914,wendys_all_human,20260615wendy's/data/wendys_final_humor_presence_dataset.csv,Wendy's,1839411514715090949,https://x.com/Wendys/status/1839411514715090949,Thu Sep 26 21:07:34 +0000 2024,I scream. You scream. We all scream for working ice cream machines. https://t.co/8cAJRNFGKS,0,0,final_humor_binary
wendys_all_h1_01915,wendys_all_human,20260615wendy's/data/wendys_final_humor_presence_dataset.csv,Wendy's,1841265943395082611,https://x.com/Wendys/status/1841265943395082611,Tue Oct 01 23:56:24 +0000 2024,"If you want something done right, you gotta do it yourself. https://t.co/jEKOYLjxGc",1,1,final_humor_binary
wendys_all_h1_01916,wendys_all_human,20260615wendy's/data/wendys_final_humor_presence_dataset.csv,Wendy's,1841548608854016300,https://x.com/Wendys/status/1841548608854016300,Wed Oct 02 18:39:37 +0000 2024,BBBBRRREAKING NEWWWS https://t.co/Vw5FulLl0U,0,0,final_humor_binary
wendys_all_h1_01917,wendys_all_human,20260615wendy's/data/wendys_final_humor_presence_dataset.csv,Wendy's,1842315701081530795,https://x.com/Wendys/status/1842315701081530795,Fri Oct 04 21:27:46 +0000 2024,when wendy’s krabby patty kollab gets announced but you gotta wait til tuesday https://t.co/UBztx3sg66,0,0,final_humor_binary
wendys_all_h1_01918,wendys_all_human,20260615wendy's/data/wendys_final_humor_presence_dataset.csv,Wendy's,1843405888624963775,https://x.com/Wendys/status/1843405888624963775,Mon Oct 07 21:39:47 +0000 2024,America tomorrow https://t.co/BG87XHjcvj,0,0,final_humor_binary
wendys_all_h1_01919,wendys_all_human,20260615wendy's/data/wendys_final_humor_presence_dataset.csv,Wendy's,1843779609789378824,https://x.com/Wendys/status/1843779609789378824,Tue Oct 08 22:24:49 +0000 2024,REV UP THOSE FRYERS https://t.co/iGRVIYwGjO,0,0,final_humor_binary
wendys_all_h1_01920,wendys_all_human,20260615wendy's/data/wendys_final_humor_presence_dataset.csv,Wendy's,1844751905022447697,https://x.com/Wendys/status/1844751905022447697,Fri Oct 11 14:48:22 +0000 2024,this guy https://t.co/YwNEDcYzgH,0,0,final_humor_binary
wendys_all_h1_01921,wendys_all_human,20260615wendy's/data/wendys_final_humor_presence_dataset.csv,Wendy's,1847306069816594818,https://x.com/Wendys/status/1847306069816594818,Fri Oct 18 15:57:42 +0000 2024,When mom doesn’t stop for a Wendy’s Krabby Patty Kollab burger https://t.co/jZgDsddw1l,1,1,final_humor_binary
wendys_all_h1_01922,wendys_all_human,20260615wendy's/data/wendys_final_humor_presence_dataset.csv,Wendy's,1849526709361480181,https://x.com/Wendys/status/1849526709361480181,Thu Oct 24 19:01:44 +0000 2024,but this IS how you eat Wendy's Breakfast Burrito,0,0,final_humor_binary
wendys_all_h1_01923,wendys_all_human,20260615wendy's/data/wendys_final_humor_presence_dataset.csv,Wendy's,1859336640713330801,https://x.com/Wendys/status/1859336640713330801,Wed Nov 20 20:42:54 +0000 2024,It’s the only book u can read upside-down https://t.co/vJ0ZsNeQFY,0,0,final_humor_binary
wendys_all_h1_01924,wendys_all_human,20260615wendy's/data/wendys_final_humor_presence_dataset.csv,Wendy's,1859714761916555425,https://x.com/Wendys/status/1859714761916555425,Thu Nov 21 21:45:25 +0000 2024,“U changed my life” I’m literally just a salted caramel frosty,0,0,final_humor_binary
wendys_all_h1_01925,wendys_all_human,20260615wendy's/data/wendys_final_humor_presence_dataset.csv,Wendy's,1861447874346934316,https://x.com/Wendys/status/1861447874346934316,Tue Nov 26 16:32:11 +0000 2024,REPORT: Naive Little Salted Caramel Frosty Totally Unaware Woman’s Happiness Rests on Her Shoulders,0,0,final_humor_binary
wendys_all_h1_01926,wendys_all_human,20260615wendy's/data/wendys_final_humor_presence_dataset.csv,Wendy's,1864360277942075898,https://x.com/Wendys/status/1864360277942075898,Wed Dec 04 17:25:03 +0000 2024,my aesthetic is Laufey + salted caramel frosty 🥺,0,0,final_humor_binary
wendys_all_h1_01927,wendys_all_human,20260615wendy's/data/wendys_final_humor_presence_dataset.csv,Wendy's,1865181393224974679,https://x.com/Wendys/status/1865181393224974679,Fri Dec 06 23:47:52 +0000 2024,"idk, i like our version better https://t.co/lxLle9WjFt",0,0,final_humor_binary
wendys_all_h1_01928,wendys_all_human,20260615wendy's/data/wendys_final_humor_presence_dataset.csv,Wendy's,1868743844931797186,https://x.com/Wendys/status/1868743844931797186,Mon Dec 16 19:43:46 +0000 2024,Frosty Key Tag: It’s like the best investment of your life except it’s free frosty treats but same vibes.,0,0,final_humor_binary
wendys_all_h1_01929,wendys_all_human,20260615wendy's/data/wendys_final_humor_presence_dataset.csv,Wendy's,1869053674779291778,https://x.com/Wendys/status/1869053674779291778,Tue Dec 17 16:14:56 +0000 2024,Keep things roasty this holiday season. https://t.co/UG4KDOSndU,0,0,final_humor_binary
wendys_all_h1_01930,wendys_all_human,20260615wendy's/data/wendys_final_humor_presence_dataset.csv,Wendy's,1869446006234104036,https://x.com/Wendys/status/1869446006234104036,Wed Dec 18 18:13:55 +0000 2024,Do you pronounce it caramel or do u pronounce it wrong?,0,0,final_humor_binary
wendys_all_h1_01931,wendys_all_human,20260615wendy's/data/wendys_final_humor_presence_dataset.csv,Wendy's,1874116245085446380,https://x.com/Wendys/status/1874116245085446380,Tue Dec 31 15:31:46 +0000 2024,"2025 = 45^2 It's a perfect square. It will probably be the only perfect square year you ever get to live in. The last time that occurred was in 1936. The next will be in 2116. So, make 2025 a perfect year for you.",1,1,final_humor_binary
wendys_all_h1_01932,wendys_all_human,20260615wendy's/data/wendys_final_humor_presence_dataset.csv,Wendy's,1879575467256422436,https://x.com/Wendys/status/1879575467256422436,Wed Jan 15 17:04:46 +0000 2025,4pc in 4k https://t.co/w8cOOHtz6P,0,0,final_humor_binary
wendys_all_h1_01933,wendys_all_human,20260615wendy's/data/wendys_final_humor_presence_dataset.csv,Wendy's,1879984832446623928,https://x.com/Wendys/status/1879984832446623928,Thu Jan 16 20:11:27 +0000 2025,Can’t believe we’re getting TikTok ban before gta 6,1,1,final_humor_binary
wendys_all_h1_01934,wendys_all_human,20260615wendy's/data/wendys_final_humor_presence_dataset.csv,Wendy's,1881055482015805887,https://x.com/Wendys/status/1881055482015805887,Sun Jan 19 19:05:49 +0000 2025,Thank you Mr. Beast,0,0,final_humor_binary
wendys_all_h1_01935,wendys_all_human,20260615wendy's/data/wendys_final_humor_presence_dataset.csv,Wendy's,1886095648572760240,https://x.com/Wendys/status/1886095648572760240,Sun Feb 02 16:53:39 +0000 2025,If i see my shadow u get 6 more weeks of vanilla frosty,1,1,final_humor_binary
wendys_all_h1_01936,wendys_all_human,20260615wendy's/data/wendys_final_humor_presence_dataset.csv,Wendy's,1889052840129114344,https://x.com/Wendys/status/1889052840129114344,Mon Feb 10 20:44:28 +0000 2025,"if you thought my burgers were fresh, wait till u see my whip 🏁",0,0,final_humor_binary
wendys_all_h1_01937,wendys_all_human,20260615wendy's/data/wendys_final_humor_presence_dataset.csv,Wendy's,1892979312707473537,https://x.com/Wendys/status/1892979312707473537,Fri Feb 21 16:46:52 +0000 2025,Im gonna show up at your door selling Thin Mints Frosty,1,1,final_humor_binary
wendys_all_h1_01938,wendys_all_human,20260615wendy's/data/wendys_final_humor_presence_dataset.csv,Wendy's,1893347732040880523,https://x.com/Wendys/status/1893347732040880523,Sat Feb 22 17:10:50 +0000 2025,Your outie dips their fries in their Thin Mints Frosty Your outie keeps their thin mints in the freezer Your outie uses X in light mode,1,1,final_humor_binary
wendys_all_h1_01939,wendys_all_human,20260615wendy's/data/wendys_final_humor_presence_dataset.csv,Wendy's,1899970489797271587,https://x.com/Wendys/status/1899970489797271587,Wed Mar 12 23:47:19 +0000 2025,BIGGIE BAGS FLY FREE https://t.co/59iYwMlcCW,0,0,final_humor_binary
wendys_all_h1_01940,wendys_all_human,20260615wendy's/data/wendys_final_humor_presence_dataset.csv,Wendy's,1901851793795219858,https://x.com/Wendys/status/1901851793795219858,Tue Mar 18 04:22:56 +0000 2025,March Madness bracket if you picked each matchup by which School's home stadium is closest to an @Wendys location https://t.co/HBiHGjsNdg,1,1,final_humor_binary
wendys_all_h1_01941,wendys_all_human,20260615wendy's/data/wendys_final_humor_presence_dataset.csv,Wendy's,1903112530345521579,https://x.com/Wendys/status/1903112530345521579,Fri Mar 21 15:52:40 +0000 2025,hang the banner @VandyMBB https://t.co/uqk1MMR3d6,0,0,final_humor_binary
wendys_all_h1_01942,wendys_all_human,20260615wendy's/data/wendys_final_humor_presence_dataset.csv,Wendy's,1903162702585008400,https://x.com/Wendys/status/1903162702585008400,Fri Mar 21 19:12:02 +0000 2025,"Freeze your meeting, not your burger. Download the Chrome extension to get back to the game faster. https://t.co/YDWr58Z49k https://t.co/i5Ll8LGNgK",0,0,final_humor_binary
wendys_all_h1_01943,wendys_all_human,20260615wendy's/data/wendys_final_humor_presence_dataset.csv,Wendy's,1904565120010723568,https://x.com/Wendys/status/1904565120010723568,Tue Mar 25 16:04:44 +0000 2025,"For all of March Madness®, get a $1 JBC or Double Stack in the Wendy’s app. Don’t worry about forgetting, we have a simple hashtag to help you remember: #DollarJBCorDoubleStackinWendysAppWithOfferLegalSaidToIncludeWithAdditionalPurchase",1,1,final_humor_binary
wendys_all_h1_01944,wendys_all_human,20260615wendy's/data/wendys_final_humor_presence_dataset.csv,Wendy's,1904642614470545836,https://x.com/Wendys/status/1904642614470545836,Tue Mar 25 21:12:40 +0000 2025,morning routine https://t.co/QwyhwqGTzo,0,0,final_humor_binary
wendys_all_h1_01945,wendys_all_human,20260615wendy's/data/wendys_final_humor_presence_dataset.csv,Wendy's,1905005766244815166,https://x.com/Wendys/status/1905005766244815166,Wed Mar 26 21:15:42 +0000 2025,"If you see Drew and I both frozen on the same meeting, no you didn’t https://t.co/YDWr58YwjM https://t.co/xRa29ojreh",0,0,final_humor_binary
wendys_all_h1_01946,wendys_all_human,20260615wendy's/data/wendys_final_humor_presence_dataset.csv,Wendy's,1905709754686788031,https://x.com/Wendys/status/1905709754686788031,Fri Mar 28 19:53:06 +0000 2025,"Freeze your meeting, not your burgers. https://t.co/YDWr58Z49k https://t.co/ADx5QdbXzs",0,0,final_humor_binary
wendys_all_h1_01947,wendys_all_human,20260615wendy's/data/wendys_final_humor_presence_dataset.csv,Wendy's,1906741707875483676,https://x.com/Wendys/status/1906741707875483676,Mon Mar 31 16:13:43 +0000 2025,"Get a $1 JBC or Double Stack all March Madness®. And now for the legal, but we added an emoji to make it cute. #INTHEWENDYSAPPWITHOFFERANDADDITIONALPURCHASE",1,1,final_humor_binary
wendys_all_h1_01948,wendys_all_human,20260615wendy's/data/wendys_final_humor_presence_dataset.csv,Wendy's,1907472436305813963,https://x.com/Wendys/status/1907472436305813963,Wed Apr 02 16:37:22 +0000 2025,Keep your game fresh this March Madness with a $1 JBC or Double Stack in the Wendy’s app (w/ additional purchase). #NothingBeatsFresh,1,1,final_humor_binary
wendys_all_h1_01949,wendys_all_human,20260615wendy's/data/wendys_final_humor_presence_dataset.csv,Wendy's,1909664559243178141,https://x.com/Wendys/status/1909664559243178141,Tue Apr 08 17:48:05 +0000 2025,"Sorry to say, but Frosty is out :/",0,0,final_humor_binary
wendys_all_h1_01950,wendys_all_human,20260615wendy's/data/wendys_final_humor_presence_dataset.csv,Wendy's,1910713017144127729,https://x.com/Wendys/status/1910713017144127729,Fri Apr 11 15:14:17 +0000 2025,"Okay we lied (kinda) but also Strawberry, Brownie Batter, and Caramel Frosty Swirls! https://t.co/3rC3oIORjZ https://t.co/cMj5lYqypC",0,0,final_humor_binary
wendys_all_h1_01951,wendys_all_human,20260615wendy's/data/wendys_final_humor_presence_dataset.csv,Wendy's,1911781221559844913,https://x.com/Wendys/status/1911781221559844913,Mon Apr 14 13:58:57 +0000 2025,Katy Perry seemingly kisses the ground after returning from Space. https://t.co/ugi07THOjC,0,0,final_humor_binary
wendys_all_h1_01952,wendys_all_human,20260615wendy's/data/wendys_final_humor_presence_dataset.csv,Wendy's,1911933396550287524,https://x.com/Wendys/status/1911933396550287524,Tue Apr 15 00:03:38 +0000 2025,I kissed the ground and i liked it,0,0,final_humor_binary
wendys_all_h1_01953,wendys_all_human,20260615wendy's/data/wendys_final_humor_presence_dataset.csv,Wendy's,1914680845526278493,https://x.com/Wendys/status/1914680845526278493,Tue Apr 22 14:01:01 +0000 2025,Tasting something fresh for Talladega @Wendys 👀 https://t.co/V25KNexqQn,0,0,final_humor_binary
wendys_all_h1_01954,wendys_all_human,20260615wendy's/data/wendys_final_humor_presence_dataset.csv,Wendy's,1914683170374459772,https://x.com/Wendys/status/1914683170374459772,Tue Apr 22 14:10:15 +0000 2025,get ready to taste a fresh way to Frosty,0,0,final_humor_binary
wendys_all_h1_01955,wendys_all_human,20260615wendy's/data/wendys_final_humor_presence_dataset.csv,Wendy's,1914824035609027011,https://x.com/Wendys/status/1914824035609027011,Tue Apr 22 23:30:00 +0000 2025,Can't get Daniel to stop doing swirls in his Talladega @Wendys car https://t.co/o7I4ijkleN,1,1,final_humor_binary
wendys_all_h1_01956,wendys_all_human,20260615wendy's/data/wendys_final_humor_presence_dataset.csv,Wendy's,1914826173638414390,https://x.com/Wendys/status/1914826173638414390,Tue Apr 22 23:38:30 +0000 2025,when we say Frosty Swirls just know the car is making the swirls,0,0,final_humor_binary
wendys_all_h1_01957,wendys_all_human,20260615wendy's/data/wendys_final_humor_presence_dataset.csv,Wendy's,1917664473776623724,https://x.com/Wendys/status/1917664473776623724,Wed Apr 30 19:36:53 +0000 2025,100 fries vs. 1 girlfriend who said she wasn’t hungry,0,0,final_humor_binary
wendys_all_h1_01958,wendys_all_human,20260615wendy's/data/wendys_final_humor_presence_dataset.csv,Wendy's,1920237379442397554,https://x.com/Wendys/status/1920237379442397554,Wed May 07 22:00:42 +0000 2025,.@TSA do I still need a real id if I have a Frosty key tag,0,0,final_humor_binary
wendys_all_h1_01959,wendys_all_human,20260615wendy's/data/wendys_final_humor_presence_dataset.csv,Wendy's,1934989870239261157,https://x.com/Wendys/status/1934989870239261157,Tue Jun 17 15:01:50 +0000 2025,if you can guess what it is you win @TakisUSA https://t.co/P9mgUnvngw,0,0,final_humor_binary
wendys_all_h1_01960,wendys_all_human,20260615wendy's/data/wendys_final_humor_presence_dataset.csv,Wendy's,1938000813210714481,https://x.com/Wendys/status/1938000813210714481,Wed Jun 25 22:26:14 +0000 2025,mommy? https://t.co/d3bMKmPhaE,0,0,final_humor_binary
wendys_all_h1_01961,wendys_all_human,20260615wendy's/data/wendys_final_humor_presence_dataset.csv,Wendy's,1942767810238632071,https://x.com/Wendys/status/1942767810238632071,Wed Jul 09 02:08:35 +0000 2025,She’s got bette davis friesssss,0,0,final_humor_binary
wendys_all_h1_01962,wendys_all_human,20260615wendy's/data/wendys_final_humor_presence_dataset.csv,Wendy's,1942770676286505156,https://x.com/Wendys/status/1942770676286505156,Wed Jul 09 02:19:58 +0000 2025,Am I too chronically online,0,0,final_humor_binary
wendys_all_h1_01963,wendys_all_human,20260615wendy's/data/wendys_final_humor_presence_dataset.csv,Wendy's,1946349498231345200,https://x.com/Wendys/status/1946349498231345200,Fri Jul 18 23:20:56 +0000 2025,kinda want to see how they share chili,0,0,final_humor_binary
wendys_all_h1_01964,wendys_all_human,20260615wendy's/data/wendys_final_humor_presence_dataset.csv,Wendy's,1948426303293579682,https://x.com/Wendys/status/1948426303293579682,Thu Jul 24 16:53:25 +0000 2025,i hope my misfortune comes with fries https://t.co/II0cqSofil,0,0,final_humor_binary
wendys_all_h1_01965,wendys_all_human,20260615wendy's/data/wendys_final_humor_presence_dataset.csv,Wendy's,1957893154453041344,https://x.com/Wendys/status/1957893154453041344,Tue Aug 19 19:51:18 +0000 2025,Today is the most important day on the calendar (national baked potato day),0,0,final_humor_binary
wendys_all_h1_01966,wendys_all_human,20260615wendy's/data/wendys_final_humor_presence_dataset.csv,Wendy's,1965414892438958172,https://x.com/Wendys/status/1965414892438958172,Tue Sep 09 14:00:00 +0000 2025,Here comes the sun with SVG's @Wendys car lighting up Saturday's race with a breakfast worth getting up for. https://t.co/Im0FWviGot,1,1,final_humor_binary
wendys_all_h1_01967,wendys_all_human,20260615wendy's/data/wendys_final_humor_presence_dataset.csv,Wendy's,1976057070555132086,https://x.com/Wendys/status/1976057070555132086,Wed Oct 08 22:48:13 +0000 2025,Canceling my hair appointment at angie’s 1.5 salons,1,1,final_humor_binary
wendys_all_h1_01968,wendys_all_human,20260615wendy's/data/wendys_final_humor_presence_dataset.csv,Wendy's,1980393481068831176,https://x.com/Wendys/status/1980393481068831176,Mon Oct 20 21:59:34 +0000 2025,ok so maybe don’t hang it in the louvre,1,1,final_humor_binary
wendys_all_h1_01969,wendys_all_human,20260615wendy's/data/wendys_final_humor_presence_dataset.csv,Wendy's,1988671571091980633,https://x.com/Wendys/status/1988671571091980633,Wed Nov 12 18:13:44 +0000 2025,.@fibulaa said we’re Tendy’s now and who are we to argue? Try our new chicken tendys today! https://t.co/8FccP5qRR5,1,1,final_humor_binary
wendys_all_h1_01970,wendys_all_human,20260615wendy's/data/wendys_final_humor_presence_dataset.csv,Wendy's,1991966149815496874,https://x.com/Wendys/status/1991966149815496874,Fri Nov 21 20:25:13 +0000 2025,"don’t ask for her ig, ask for her wendy's order https://t.co/97FPbtJodn",0,0,final_humor_binary
wendys_all_h1_01971,wendys_all_human,20260615wendy's/data/wendys_final_humor_presence_dataset.csv,Wendy's,1993735456609972272,https://x.com/Wendys/status/1993735456609972272,Wed Nov 26 17:35:49 +0000 2025,Let’s get u to bed wendy https://t.co/DY3BoVEDUi,0,0,final_humor_binary
wendys_all_h1_01972,wendys_all_human,20260615wendy's/data/wendys_final_humor_presence_dataset.csv,Wendy's,1996272892787778047,https://x.com/Wendys/status/1996272892787778047,Wed Dec 03 17:38:41 +0000 2025,"we would never do “a nicer ham restaurant.” Or would we, Tim Robinson? https://t.co/ztdidCUJQ5",0,0,final_humor_binary
wendys_all_h1_01973,wendys_all_human,20260615wendy's/data/wendys_final_humor_presence_dataset.csv,Wendy's,1996659770724696551,https://x.com/Wendys/status/1996659770724696551,Thu Dec 04 19:16:00 +0000 2025,im hot and im cold https://t.co/BVtiB1CiRA,0,0,final_humor_binary
wendys_all_h1_01974,wendys_all_human,20260615wendy's/data/wendys_final_humor_presence_dataset.csv,Wendy's,2001787068914225487,https://x.com/Wendys/status/2001787068914225487,Thu Dec 18 22:50:03 +0000 2025,Attn insomniacs drop your sleep score below &amp; i’ll give you an energy drink deal based on how much your score sucks (but hurry bc you have to share it by 12/22),1,1,final_humor_binary
wendys_all_h1_01975,wendys_all_human,20260615wendy's/data/wendys_final_humor_presence_dataset.csv,Wendy's,2001787158034866204,https://x.com/Wendys/status/2001787158034866204,Thu Dec 18 22:50:24 +0000 2025,We’ll go first! Here’s my sleep score 😴 https://t.co/TPfPApvtJj,0,0,final_humor_binary
wendys_all_h1_01976,wendys_all_human,20260615wendy's/data/wendys_final_humor_presence_dataset.csv,Wendy's,2001787208093614204,https://x.com/Wendys/status/2001787208093614204,Thu Dec 18 22:50:36 +0000 2025,DMing myself 75% off an energy drink rn lol,1,1,final_humor_binary
wendys_all_h1_01977,wendys_all_human,20260615wendy's/data/wendys_final_humor_presence_dataset.csv,Wendy's,2009777266847363171,https://x.com/Wendys/status/2009777266847363171,Sat Jan 10 00:00:14 +0000 2026,life is so crazy bc wdym i’m giving out bogo dave’s singles or doubles on doordash just bc some lady asked where’s the beef 42 years ago,1,1,final_humor_binary
wendys_all_h1_01978,wendys_all_human,20260615wendy's/data/wendys_final_humor_presence_dataset.csv,Wendy's,2012226909820621147,https://x.com/Wendys/status/2012226909820621147,Fri Jan 16 18:14:15 +0000 2026,TENDYS VS CLOWNS. WHO U GOT? Streaming some College Football ‘26 later today on twitch https://t.co/FJANT6bsl5,1,1,final_humor_binary
wendys_all_h1_01979,wendys_all_human,20260615wendy's/data/wendys_final_humor_presence_dataset.csv,Wendy's,2012261535259726070,https://x.com/Wendys/status/2012261535259726070,Fri Jan 16 20:31:50 +0000 2026,CLOWNS ARE GOIN DOWN. We’re live right now over on https://t.co/P0GZ7DIn5g,1,1,final_humor_binary
wendys_all_h1_01980,wendys_all_human,20260615wendy's/data/wendys_final_humor_presence_dataset.csv,Wendy's,2014093064155889768,https://x.com/Wendys/status/2014093064155889768,Wed Jan 21 21:49:41 +0000 2026,We don’t chikin out on Sundays https://t.co/pA1BXe0Sc0,0,0,final_humor_binary
wendys_all_h1_01981,wendys_all_human,20260615wendy's/data/wendys_final_humor_presence_dataset.csv,Wendy's,2014446063961178239,https://x.com/Wendys/status/2014446063961178239,Thu Jan 22 21:12:22 +0000 2026,If Scottie Scheffler wins this week I will only eat Wendy’s chili for a month. It’s not happening folks. ZERO chance.,1,1,final_humor_binary
wendys_all_h1_01982,wendys_all_human,20260615wendy's/data/wendys_final_humor_presence_dataset.csv,Wendy's,2015935710449009033,https://x.com/Wendys/status/2015935710449009033,Mon Jan 26 23:51:42 +0000 2026,kind of seems like you just wanted a reason to eat nothing but wendys chili for a month?,1,1,final_humor_binary
wendys_all_h1_01983,wendys_all_human,20260615wendy's/data/wendys_final_humor_presence_dataset.csv,Wendy's,2019221773569728518,https://x.com/Wendys/status/2019221773569728518,Thu Feb 05 01:29:20 +0000 2026,also okc receives a first round pick somehow @ShamsCharania https://t.co/WUoYrt9zY7,0,0,final_humor_binary
wendys_all_h1_01984,wendys_all_human,20260615wendy's/data/wendys_final_humor_presence_dataset.csv,Wendy's,2020685488789815407,https://x.com/Wendys/status/2020685488789815407,Mon Feb 09 02:25:37 +0000 2026,Has a kicker ever won MVP?,1,1,final_humor_binary
wendys_all_h1_01985,wendys_all_human,20260615wendy's/data/wendys_final_humor_presence_dataset.csv,Wendy's,2021268433296367729,https://x.com/Wendys/status/2021268433296367729,Tue Feb 10 17:02:02 +0000 2026,"We're cooking something up. Use code DAYTONA in the @Wendys app to get a $1 Classic or Spicy Chicken Sandwich with purchase, starting at the beginning of the race on Sunday 2/15 and available all day Monday 2/16. https://t.co/nsXc16Pwpj",0,0,final_humor_binary
wendys_all_h1_01986,wendys_all_human,20260615wendy's/data/wendys_final_humor_presence_dataset.csv,Wendy's,2021355348100313369,https://x.com/Wendys/status/2021355348100313369,Tue Feb 10 22:47:24 +0000 2026,Sir this is a DAYTONA discount code,0,0,final_humor_binary
wendys_all_h1_01987,wendys_all_human,20260615wendy's/data/wendys_final_humor_presence_dataset.csv,Wendy's,2022846838726922625,https://x.com/Wendys/status/2022846838726922625,Sun Feb 15 01:34:03 +0000 2026,Based on the results from today’s dunk contest this would blow the judges minds https://t.co/6nP4bbhJ2h,0,0,final_humor_binary
wendys_all_h1_01988,wendys_all_human,20260615wendy's/data/wendys_final_humor_presence_dataset.csv,Wendy's,2026335579764343176,https://x.com/Wendys/status/2026335579764343176,Tue Feb 24 16:37:04 +0000 2026,McDonald's is launching the Big Arch burger in the US on March 3 https://t.co/U5n8YWn3U4,0,0,final_humor_binary
wendys_all_h1_01989,wendys_all_human,20260615wendy's/data/wendys_final_humor_presence_dataset.csv,Wendy's,2027105501260202278,https://x.com/Wendys/status/2027105501260202278,Thu Feb 26 19:36:27 +0000 2026,i’ll take ew for 400 https://t.co/ShRmiSgG6W,0,0,final_humor_binary
wendys_all_h1_01990,wendys_all_human,20260615wendy's/data/wendys_final_humor_presence_dataset.csv,Wendy's,2027127868791431190,https://x.com/Wendys/status/2027127868791431190,Thu Feb 26 21:05:20 +0000 2026,No trowaway votes around here… https://t.co/KuKsN6ZoOj,1,1,final_humor_binary
wendys_all_h1_01991,wendys_all_human,20260615wendy's/data/wendys_final_humor_presence_dataset.csv,Wendy's,2029249180762341501,https://x.com/Wendys/status/2029249180762341501,Wed Mar 04 17:34:40 +0000 2026,Wendy’s US President posts new video amid burger battle with McDonald’s &amp; Burger King. https://t.co/R6IALUetCC,1,1,final_humor_binary
wendys_all_h1_01992,wendys_all_human,20260615wendy's/data/wendys_final_humor_presence_dataset.csv,Wendy's,2029290891425529996,https://x.com/Wendys/status/2029290891425529996,Wed Mar 04 20:20:25 +0000 2026,This is what it looks like when you don’t have to pretend to like your “product”,0,0,final_humor_binary
wendys_all_h1_01993,wendys_all_human,20260615wendy's/data/wendys_final_humor_presence_dataset.csv,Wendy's,2029585417066946625,https://x.com/Wendys/status/2029585417066946625,Thu Mar 05 15:50:45 +0000 2026,Ever wish you could eat Wendy’s professionally? Now you can (oh and make $100k). See how to apply at https://t.co/mNIqecbPOQ #WendysCTOcontest https://t.co/bQZSEBjfAx,0,0,final_humor_binary
wendys_all_h1_01994,wendys_all_human,20260615wendy's/data/wendys_final_humor_presence_dataset.csv,Wendy's,2029687889098068156,https://x.com/Wendys/status/2029687889098068156,Thu Mar 05 22:37:57 +0000 2026,"Our first Chief Tasting Officer application is in, and lets just say the bar is LOW. Apply now and make your video more than a McNibble. Link in bio to enter the first #WendysCTOcontest https://t.co/JXujBHw5pP",1,1,final_humor_binary
wendys_all_h1_01995,wendys_all_human,20260615wendy's/data/wendys_final_humor_presence_dataset.csv,Wendy's,2029952811224514866,https://x.com/Wendys/status/2029952811224514866,Fri Mar 06 16:10:39 +0000 2026,"Breaking: The Raiders are releasing last season’s starting QB Geno Smith, barring a trade before the start of the new league year, sources tell @AdamSchefter. By releasing Smith, the Raiders will open up $8M in salary cap space while taking on $18.5M in dead money. Get breaking news alerts from Adam Schefter through the ESPN App: https://t.co/wLAog0kJUB",0,0,final_humor_binary
wendys_all_h1_01996,wendys_all_human,20260615wendy's/data/wendys_final_humor_presence_dataset.csv,Wendy's,2030021566528893409,https://x.com/Wendys/status/2030021566528893409,Fri Mar 06 20:43:52 +0000 2026,".@maurahiggins Since being a faithful fell through, here’s a job to get u more Birkins https://t.co/mNIqecbPOQ. No purch nec. 50 US/DC, 18+. Ends 3/30. Rules: To qualify tag @Wendys and #WendysCTOContest https://t.co/RWQGC4PJmA",0,0,final_humor_binary
wendys_all_h1_01997,wendys_all_human,20260615wendy's/data/wendys_final_humor_presence_dataset.csv,Wendy's,2030030060720164942,https://x.com/Wendys/status/2030030060720164942,Fri Mar 06 21:17:37 +0000 2026,.@GenoSmith3 in case things don’t work out in free agency we’re looking for a Chief Tasting Officer…,1,1,final_humor_binary
wendys_all_h1_01998,wendys_all_human,20260615wendy's/data/wendys_final_humor_presence_dataset.csv,Wendy's,2030030225254359259,https://x.com/Wendys/status/2030030225254359259,Fri Mar 06 21:18:16 +0000 2026,"No purch nec. 50 US/DC, 18+. Ends 3/30. Rules: https://t.co/mNIqecbPOQ. To qualify tag @Wendys and #WendysCTOcontest",0,0,final_humor_binary
wendys_all_h1_01999,wendys_all_human,20260615wendy's/data/wendys_final_humor_presence_dataset.csv,Wendy's,2030448455412252800,https://x.com/Wendys/status/2030448455412252800,Sun Mar 08 01:00:10 +0000 2026,"Travis and Jason Kelce’s mom, Donna Kelce, is in the middle of a home renovation ... TMZ has learned. Read more: https://t.co/4KursdUOlk https://t.co/FsAv2tPWyz",0,0,final_humor_binary
wendys_all_h1_02000,wendys_all_human,20260615wendy's/data/wendys_final_humor_presence_dataset.csv,Wendy's,2031738937870364955,https://x.com/Wendys/status/2031738937870364955,Wed Mar 11 14:28:05 +0000 2026,travis gonna love the drive thru at his mom's house https://t.co/ssjGEuifjO,1,1,final_humor_binary
wendys_all_h1_02001,wendys_all_human,20260615wendy's/data/wendys_final_humor_presence_dataset.csv,Wendy's,2031884901557965271,https://x.com/Wendys/status/2031884901557965271,Thu Mar 12 00:08:05 +0000 2026,What the fries at the bottom of my biggie bag see when I go scavenging for them https://t.co/qO9JGCgaXs,1,1,final_humor_binary
wendys_all_h1_02002,wendys_all_human,20260615wendy's/data/wendys_final_humor_presence_dataset.csv,Wendy's,2032563031024996510,https://x.com/Wendys/status/2032563031024996510,Fri Mar 13 21:02:44 +0000 2026,"Head to https://t.co/lkd5mlJoiZ to see how to apply. WHAT ARE YOU WAITING FOR?!?!?!?! IT’S $100,000 !!!!! No purch nec. 50 US/DC, 18+. Ends 3/30. Rules: https://t.co/mNIqecbPOQ #WendysCTOContest https://t.co/WD3ZxE9iee",0,0,final_humor_binary
wendys_all_h1_02003,wendys_all_human,20260615wendy's/data/wendys_final_humor_presence_dataset.csv,Wendy's,2033326344264888604,https://x.com/Wendys/status/2033326344264888604,Sun Mar 15 23:35:52 +0000 2026,Congrats to our Aunt on winning Best Supporting Actress! https://t.co/5EVi2wrFcH,0,0,final_humor_binary
wendys_all_h1_02004,wendys_all_human,20260615wendy's/data/wendys_final_humor_presence_dataset.csv,Wendy's,2033636564551524646,https://x.com/Wendys/status/2033636564551524646,Mon Mar 16 20:08:34 +0000 2026,truly life changing https://t.co/0tX6CyMW2P,0,0,final_humor_binary
wendys_all_h1_02005,wendys_all_human,20260615wendy's/data/wendys_final_humor_presence_dataset.csv,Wendy's,2034753037797904417,https://x.com/Wendys/status/2034753037797904417,Thu Mar 19 22:05:02 +0000 2026,Coen Carr AGAIN 😤 https://t.co/Hwfed2ciRF,0,0,final_humor_binary
wendys_all_h1_02006,wendys_all_human,20260615wendy's/data/wendys_final_humor_presence_dataset.csv,Wendy's,2035036863413805229,https://x.com/Wendys/status/2035036863413805229,Fri Mar 20 16:52:52 +0000 2026,"A championship-caliber roster that dunks on and off the court: introducing the Official Wendy’s Dunk Team 🤝Tune in for the dunks, then try your own with the Dunk Menu, only in the app. https://t.co/ACwbEmgmQE",0,0,final_humor_binary
wendys_all_h1_02007,wendys_all_human,20260615wendy's/data/wendys_final_humor_presence_dataset.csv,Wendy's,2035089780396953839,https://x.com/Wendys/status/2035089780396953839,Fri Mar 20 20:23:08 +0000 2026,"“Hold my Frosty” – Coen Carr, probably. @Coencarr2 https://t.co/8hGMcWQRSr",0,0,final_humor_binary
wendys_all_h1_02008,wendys_all_human,20260615wendy's/data/wendys_final_humor_presence_dataset.csv,Wendy's,2035213787020575096,https://x.com/Wendys/status/2035213787020575096,Sat Mar 21 04:35:53 +0000 2026,Tarris Reed throws it down 🔨 https://t.co/kGW6Ewxnon,1,1,final_humor_binary
wendys_all_h1_02009,wendys_all_human,20260615wendy's/data/wendys_final_humor_presence_dataset.csv,Wendy's,2035411565797634404,https://x.com/Wendys/status/2035411565797634404,Sat Mar 21 17:41:48 +0000 2026,YAXEL LENDEBORG. ABSOLUTELY DISGUSTING. #MarchMadness https://t.co/GzFu2ZqKzo,1,1,final_humor_binary
wendys_all_h1_02010,wendys_all_human,20260615wendy's/data/wendys_final_humor_presence_dataset.csv,Wendy's,2035414922763350398,https://x.com/Wendys/status/2035414922763350398,Sat Mar 21 17:55:08 +0000 2026,"Tarris Reed stat line: buckets, boards, and dunks. Basically a Dunk Menu combo. https://t.co/rktHfBeiwV",1,1,final_humor_binary
wendys_all_h1_02011,wendys_all_human,20260615wendy's/data/wendys_final_humor_presence_dataset.csv,Wendy's,2035415108646490534,https://x.com/Wendys/status/2035415108646490534,Sat Mar 21 17:55:52 +0000 2026,I hope Yaxel doesn’t dunk his fries in his Frosty this violently https://t.co/l75Yp2p6YX,1,1,final_humor_binary
wendys_all_h1_02012,wendys_all_human,20260615wendy's/data/wendys_final_humor_presence_dataset.csv,Wendy's,2035438297070096829,https://x.com/Wendys/status/2035438297070096829,Sat Mar 21 19:28:01 +0000 2026,Fears ➡️ Carr 🔨 https://t.co/Y7Wa3vl7X5,0,0,final_humor_binary
wendys_all_h1_02013,wendys_all_human,20260615wendy's/data/wendys_final_humor_presence_dataset.csv,Wendy's,2035444365800214846,https://x.com/Wendys/status/2035444365800214846,Sat Mar 21 19:52:08 +0000 2026,"On and off the court, Coen Carr can’t stop (won’t stop) dunking. https://t.co/pvLNEM1zSj",1,1,final_humor_binary
wendys_all_h1_02014,wendys_all_human,20260615wendy's/data/wendys_final_humor_presence_dataset.csv,Wendy's,2036210859299455486,https://x.com/Wendys/status/2036210859299455486,Mon Mar 23 22:37:54 +0000 2026,“Fries + Frosty = The Best of Both Worlds” https://t.co/ixuIhrXwcR,0,0,final_humor_binary
wendys_all_h1_02015,wendys_all_human,20260615wendy's/data/wendys_final_humor_presence_dataset.csv,Wendy's,2037342589230408021,https://x.com/Wendys/status/2037342589230408021,Fri Mar 27 01:34:59 +0000 2026,TREY KAUFMAN-RENN GAME-WINNER 🚨 PURDUE ADVANCES TO THE ELITE 8 🤯 https://t.co/CYj7ltsGXT,0,0,final_humor_binary
wendys_all_h1_02016,wendys_all_human,20260615wendy's/data/wendys_final_humor_presence_dataset.csv,Wendy's,2037346325923278851,https://x.com/Wendys/status/2037346325923278851,Fri Mar 27 01:49:50 +0000 2026,Okay not a dunk but that’s STILL OUR GUY @jmilly2410,0,0,final_humor_binary
wendys_all_h1_02017,wendys_all_human,20260615wendy's/data/wendys_final_humor_presence_dataset.csv,Wendy's,2038736376653554124,https://x.com/Wendys/status/2038736376653554124,Mon Mar 30 21:53:24 +0000 2026,"After a tough fight to make it on the bracket, we have our finalists! America, we want to hear from you! Tell us what you want to see back on the menu. Voting starts… NOW! Better luck next time to the Sunroom, Salad SuperBar, Giant JBC, and Trex burger. https://t.co/Ypg0dTCSnT",0,0,final_humor_binary
wendys_all_h1_02018,wendys_all_human,20260615wendy's/data/wendys_final_humor_presence_dataset.csv,Wendy's,2038737391863869923,https://x.com/Wendys/status/2038737391863869923,Mon Mar 30 21:57:26 +0000 2026,Vote!,0,0,final_humor_binary
wendys_all_h1_02019,wendys_all_human,20260615wendy's/data/wendys_final_humor_presence_dataset.csv,Wendy's,2038737532473803096,https://x.com/Wendys/status/2038737532473803096,Mon Mar 30 21:58:00 +0000 2026,Vote!,0,0,final_humor_binary
wendys_all_h1_02020,wendys_all_human,20260615wendy's/data/wendys_final_humor_presence_dataset.csv,Wendy's,2038737809075565002,https://x.com/Wendys/status/2038737809075565002,Mon Mar 30 21:59:06 +0000 2026,Vote!,0,0,final_humor_binary
wendys_all_h1_02021,wendys_all_human,20260615wendy's/data/wendys_final_humor_presence_dataset.csv,Wendy's,2038738065678811271,https://x.com/Wendys/status/2038738065678811271,Mon Mar 30 22:00:07 +0000 2026,Vote!,0,0,final_humor_binary
wendys_all_h1_02022,wendys_all_human,20260615wendy's/data/wendys_final_humor_presence_dataset.csv,Wendy's,2039713760378487274,https://x.com/Wendys/status/2039713760378487274,Thu Apr 02 14:37:11 +0000 2026,We’ve got our final four! It’s time to decide who will make it to the championship and ultimately end up back on the menu. Get your votes in now! https://t.co/Yat9QPbeFA,0,0,final_humor_binary
wendys_all_h1_02023,wendys_all_human,20260615wendy's/data/wendys_final_humor_presence_dataset.csv,Wendy's,2039714041212358979,https://x.com/Wendys/status/2039714041212358979,Thu Apr 02 14:38:18 +0000 2026,Vote!,0,0,final_humor_binary
wendys_all_h1_02024,wendys_all_human,20260615wendy's/data/wendys_final_humor_presence_dataset.csv,Wendy's,2039714223337463977,https://x.com/Wendys/status/2039714223337463977,Thu Apr 02 14:39:01 +0000 2026,Vote!,0,0,final_humor_binary
wendys_all_h1_02025,wendys_all_human,20260615wendy's/data/wendys_final_humor_presence_dataset.csv,Wendy's,2039789214120996993,https://x.com/Wendys/status/2039789214120996993,Thu Apr 02 19:37:00 +0000 2026,Congrats to these Official Wendy’s Dunk Team athletes on making it to the Final Four. You dunked into hoops. You dunked into Frosty. You dunked into our hearts. https://t.co/b6IeqJW8YD,1,1,final_humor_binary
wendys_all_h1_02026,wendys_all_human,20260615wendy's/data/wendys_final_humor_presence_dataset.csv,Wendy's,2039900754387869992,https://x.com/Wendys/status/2039900754387869992,Fri Apr 03 03:00:14 +0000 2026,Help us give the people what they want! If there’s a dunk during the natty everyone in America gets a free small fry and classic Frosty on April 7th https://t.co/UnfLgpYclZ,0,0,final_humor_binary
wendys_all_h1_02027,wendys_all_human,20260615wendy's/data/wendys_final_humor_presence_dataset.csv,Wendy's,2039915068729541060,https://x.com/Wendys/status/2039915068729541060,Fri Apr 03 03:57:06 +0000 2026,"Offer only available in-restaurant upon request at participating U.S. Wendy’s on April 7, 2026. No purchase necessary. Limit one (1) free Small Fry and Small Frosty Classic per person. A la carte only. While supplies last. Not valid for digital or delivery orders or with any other discount or offer. No substitutions.",0,0,final_humor_binary
wendys_all_h1_02028,wendys_all_human,20260615wendy's/data/wendys_final_humor_presence_dataset.csv,Wendy's,2040186885704683992,https://x.com/Wendys/status/2040186885704683992,Fri Apr 03 21:57:13 +0000 2026,Scroll for a #MarchMadness surprise 👀 🏀 https://t.co/FJ4PuPVkOq,0,0,final_humor_binary
wendys_all_h1_02029,wendys_all_human,20260615wendy's/data/wendys_final_humor_presence_dataset.csv,Wendy's,2040186889131479302,https://x.com/Wendys/status/2040186889131479302,Fri Apr 03 21:57:13 +0000 2026,keep scrolling 👇👇👇 https://t.co/O8onjjhdsH,0,0,final_humor_binary
wendys_all_h1_02030,wendys_all_human,20260615wendy's/data/wendys_final_humor_presence_dataset.csv,Wendy's,2040186893468393651,https://x.com/Wendys/status/2040186893468393651,Fri Apr 03 21:57:14 +0000 2026,YOU COULD GO ALL THE WAY https://t.co/JG6srzZZTh,1,1,final_humor_binary
wendys_all_h1_02031,wendys_all_human,20260615wendy's/data/wendys_final_humor_presence_dataset.csv,Wendy's,2040186917312979266,https://x.com/Wendys/status/2040186917312979266,Fri Apr 03 21:57:20 +0000 2026,Oh good you made it. Introducing: The Official Dunks Menu 🏀 Order in the Wendy’s app all March Madness® long for the chance to win prizes in the Dunkstakes https://t.co/hI3HxiD7VV,0,0,final_humor_binary
wendys_all_h1_02032,wendys_all_human,20260615wendy's/data/wendys_final_humor_presence_dataset.csv,Wendy's,2041187699764163013,https://x.com/Wendys/status/2041187699764163013,Mon Apr 06 16:14:05 +0000 2026,woke up thinking about who’s gonna dunk in the national championship game tonight to unlock a free small fry and Frosty for America tomorrow,1,1,final_humor_binary
wendys_all_h1_02033,wendys_all_human,20260615wendy's/data/wendys_final_humor_presence_dataset.csv,Wendy's,2041187810728727004,https://x.com/Wendys/status/2041187810728727004,Mon Apr 06 16:14:32 +0000 2026,"Offer only available in-restaurant upon request at participating U.S. Wendy’s on April 7, 2026. No purchase necessary. Limit one (1) free Small Fry and Small Frosty Classic per person. A la carte only. While supplies last.",0,0,final_humor_binary
wendys_all_h1_02034,wendys_all_human,20260615wendy's/data/wendys_final_humor_presence_dataset.csv,Wendy's,2041241219603554599,https://x.com/Wendys/status/2041241219603554599,Mon Apr 06 19:46:45 +0000 2026,Tonight we are anti lay ups and anti fundamentals and pro massive jams,1,1,final_humor_binary
wendys_all_h1_02035,wendys_all_human,20260615wendy's/data/wendys_final_humor_presence_dataset.csv,Wendy's,2041270386478780749,https://x.com/Wendys/status/2041270386478780749,Mon Apr 06 21:42:39 +0000 2026,ONLY A FEW HOURS UNTIL SOMEONE DUNKS THEIR WAY INTO AMERICAN HISTORY,1,1,final_humor_binary
wendys_all_h1_02036,wendys_all_human,20260615wendy's/data/wendys_final_humor_presence_dataset.csv,Wendy's,2041272778461258077,https://x.com/Wendys/status/2041272778461258077,Mon Apr 06 21:52:10 +0000 2026,The Bourbon Bacon Cheeseburger and Pretzel Bacon Pub Burger have made it to our championship! Get your votes in to decide who will be crowned the winner and end up back on the menu https://t.co/VIgjuIMDNF,1,1,final_humor_binary
wendys_all_h1_02037,wendys_all_human,20260615wendy's/data/wendys_final_humor_presence_dataset.csv,Wendy's,2041273129272824054,https://x.com/Wendys/status/2041273129272824054,Mon Apr 06 21:53:33 +0000 2026,Get your votes in!,0,0,final_humor_binary
wendys_all_h1_02038,wendys_all_human,20260615wendy's/data/wendys_final_humor_presence_dataset.csv,Wendy's,2041274790418485741,https://x.com/Wendys/status/2041274790418485741,Mon Apr 06 22:00:09 +0000 2026,Who shall fulfill the prophecy?!?!?!?! Tag us when you see who unlocks it 👀 https://t.co/mmdG7uqh7a,1,1,final_humor_binary
wendys_all_h1_02039,wendys_all_human,20260615wendy's/data/wendys_final_humor_presence_dataset.csv,Wendy's,2041274861461586245,https://x.com/Wendys/status/2041274861461586245,Mon Apr 06 22:00:26 +0000 2026,"Offer only available in-restaurant upon request at participating U.S. Wendy’s on April 7, 2026. No purchase necessary. Limit one (1) free Small Fry and Small Frosty Classic per person. A la carte only. While supplies last.",0,0,final_humor_binary
wendys_all_h1_02040,wendys_all_human,20260615wendy's/data/wendys_final_humor_presence_dataset.csv,Wendy's,2041286930231373912,https://x.com/Wendys/status/2041286930231373912,Mon Apr 06 22:48:24 +0000 2026,You: Wow I hope so and so team wins Me: DUNKS DUNKS DUNKS DUNKS,1,1,final_humor_binary
wendys_all_h1_02041,wendys_all_human,20260615wendy's/data/wendys_final_humor_presence_dataset.csv,Wendy's,2041317545412546926,https://x.com/Wendys/status/2041317545412546926,Tue Apr 07 00:50:03 +0000 2026,Tip off time here we goooooo 🫣🏀,1,1,final_humor_binary
wendys_all_h1_02042,wendys_all_human,20260615wendy's/data/wendys_final_humor_presence_dataset.csv,Wendy's,2041332103036412007,https://x.com/Wendys/status/2041332103036412007,Tue Apr 07 01:47:54 +0000 2026,GET UP RODDY GAYLE 🤯 https://t.co/Yz0SkHVdwC,1,1,final_humor_binary
wendys_all_h1_02043,wendys_all_human,20260615wendy's/data/wendys_final_humor_presence_dataset.csv,Wendy's,2041332610928951432,https://x.com/Wendys/status/2041332610928951432,Tue Apr 07 01:49:55 +0000 2026,"WE HAVE A DUNK 🚨that means all of America gets free small fry and Frosty on April 7th. Not to be dramatic, but that was the greatest moment in dunk history.",1,1,final_humor_binary
wendys_all_h1_02044,wendys_all_human,20260615wendy's/data/wendys_final_humor_presence_dataset.csv,Wendy's,2041332734883201293,https://x.com/Wendys/status/2041332734883201293,Tue Apr 07 01:50:24 +0000 2026,"Offer only available in-restaurant upon request at participating U.S. Wendy’s on April 7, 2026. No purchase necessary. Limit one (1) free Small Fry and Small Frosty Classic per person. A la carte only. While supplies last.",0,0,final_humor_binary
wendys_all_h1_02045,wendys_all_human,20260615wendy's/data/wendys_final_humor_presence_dataset.csv,Wendy's,2041526852036988999,https://x.com/Wendys/status/2041526852036988999,Tue Apr 07 14:41:45 +0000 2026,🫵 YOU GET A FREE FRY AND FROSTY 🫵 AND YOU GET A FREE FRY AND FROSTY 🫵 AND YOU GET A FREE FRY AND FROSTY 🫵 https://t.co/OQ2OI18i5U,0,0,final_humor_binary
wendys_all_h1_02046,wendys_all_human,20260615wendy's/data/wendys_final_humor_presence_dataset.csv,Wendy's,2041526924149690528,https://x.com/Wendys/status/2041526924149690528,Tue Apr 07 14:42:03 +0000 2026,"Offer only available in-restaurant upon request at participating U.S. Wendy’s on April 7, 2026. No purchase necessary. Limit one (1) free Small Fry and Small Frosty Classic per person. A la carte only. While supplies last.",0,0,final_humor_binary
wendys_all_h1_02047,wendys_all_human,20260615wendy's/data/wendys_final_humor_presence_dataset.csv,Wendy's,2041987332509782141,https://x.com/Wendys/status/2041987332509782141,Wed Apr 08 21:11:33 +0000 2026,The universe called. It said add me on Co-Star. @ wendys_official https://t.co/7HYmQbBfv7,1,1,final_humor_binary
wendys_all_h1_02048,wendys_all_human,20260615wendy's/data/wendys_final_humor_presence_dataset.csv,Wendy's,2042276646711894177,https://x.com/Wendys/status/2042276646711894177,Thu Apr 09 16:21:10 +0000 2026,WE’VE GOT OUR WINNER🏆 the Pretzel Bacon Pub Burger is coming back to the menu soon https://t.co/jdeIQgJBnp,0,0,final_humor_binary
wendys_all_h1_02049,wendys_all_human,20260615wendy's/data/wendys_final_humor_presence_dataset.csv,Wendy's,2042345361310957745,https://x.com/Wendys/status/2042345361310957745,Thu Apr 09 20:54:13 +0000 2026,still rich still craving @wendys new spicy chicken sandwich #wendyspartner,0,0,final_humor_binary
wendys_all_h1_02050,wendys_all_human,20260615wendy's/data/wendys_final_humor_presence_dataset.csv,Wendy's,2042359791239024659,https://x.com/Wendys/status/2042359791239024659,Thu Apr 09 21:51:34 +0000 2026,She a baddie with her baddie friend (I'm the baddie friend),1,1,final_humor_binary
wendys_all_h1_02051,wendys_all_human,20260615wendy's/data/wendys_final_humor_presence_dataset.csv,Wendy's,2047463502583869524,https://x.com/Wendys/status/2047463502583869524,Thu Apr 23 23:51:53 +0000 2026,THIS would happen at Wendy's 👀 https://t.co/lNjM2bD6pb,1,1,final_humor_binary
wendys_all_h1_02052,wendys_all_human,20260615wendy's/data/wendys_final_humor_presence_dataset.csv,Wendy's,2048730947017654333,https://x.com/Wendys/status/2048730947017654333,Mon Apr 27 11:48:16 +0000 2026,"Sweet &amp; Sour is BACK… but only for a limited time unless y’all get loud. Go get the sauce in-restaurant + like, comment and share this post to save it. SWEET &amp; SOUR ARMY DO UR THING. https://t.co/ndF0vOrTpo",0,0,final_humor_binary
wendys_all_h1_02053,wendys_all_human,20260615wendy's/data/wendys_final_humor_presence_dataset.csv,Wendy's,2050243908991328359,https://x.com/Wendys/status/2050243908991328359,Fri May 01 16:00:14 +0000 2026,"that bow is not just blue, it's not turquoise, it's not lapis, it's actually cerulean. https://t.co/mswbnGHkgg",1,1,final_humor_binary
wendys_all_h1_02054,wendys_all_human,20260615wendy's/data/wendys_final_humor_presence_dataset.csv,Wendy's,2050307931778732264,https://x.com/Wendys/status/2050307931778732264,Fri May 01 20:14:38 +0000 2026,I'm trying to get as crispy as the bacon on our Baconator this Girls Trip 😎☀️🌺 https://t.co/8oGyl5S3GO,1,1,final_humor_binary
wendys_all_h1_02055,wendys_all_human,20260615wendy's/data/wendys_final_humor_presence_dataset.csv,Wendy's,2050328345645133837,https://x.com/Wendys/status/2050328345645133837,Fri May 01 21:35:45 +0000 2026,new spicy chicken sandwich slaps https://t.co/nDUnSsL79R,0,0,final_humor_binary
wendys_all_h1_02056,wendys_all_human,20260615wendy's/data/wendys_final_humor_presence_dataset.csv,Wendy's,2052513071906619715,https://x.com/Wendys/status/2052513071906619715,Thu May 07 22:17:04 +0000 2026,The necklace of every mom’s dreams is here. Tag a mom and tell us why she deserves one below and we might just surprise a few ❤️ https://t.co/p9208Rvu4D,0,0,final_humor_binary
wendys_all_h1_02057,wendys_all_human,20260615wendy's/data/wendys_final_humor_presence_dataset.csv,Wendy's,2052536825336729602,https://x.com/Wendys/status/2052536825336729602,Thu May 07 23:51:28 +0000 2026,Rick Devens after last night’s tribal council @Rick_Devens @MrBeast #Survivor50,1,1,final_humor_binary
wendys_all_h1_02058,wendys_all_human,20260615wendy's/data/wendys_final_humor_presence_dataset.csv,Wendy's,2052727809756348567,https://x.com/Wendys/status/2052727809756348567,Fri May 08 12:30:22 +0000 2026,"Sir, this is a banana https://t.co/mtSrVrahpo",1,1,final_humor_binary
wendys_all_h1_02059,wendys_all_human,20260615wendy's/data/wendys_final_humor_presence_dataset.csv,Wendy's,2052863834503700774,https://x.com/Wendys/status/2052863834503700774,Fri May 08 21:30:53 +0000 2026,Their love story is almost as fresh as our beef ❤️ https://t.co/OydNIkjSGV,1,1,final_humor_binary
wendys_all_h1_02060,wendys_all_human,20260615wendy's/data/wendys_final_humor_presence_dataset.csv,Wendy's,2054257059399389281,https://x.com/Wendys/status/2054257059399389281,Tue May 12 17:47:03 +0000 2026,Did you know? One cookie dough frosty is the equivalent of 12 dancing fruit videos?,1,1,final_humor_binary
wendys_all_h1_02061,wendys_all_human,20260615wendy's/data/wendys_final_humor_presence_dataset.csv,Wendy's,2054933542442848652,https://x.com/Wendys/status/2054933542442848652,Thu May 14 14:35:09 +0000 2026,🟨🟦🍟 https://t.co/y9M33fb83V,0,0,final_humor_binary
wendys_all_h1_02062,wendys_all_human,20260615wendy's/data/wendys_final_humor_presence_dataset.csv,Wendy's,2056485781707821429,https://x.com/Wendys/status/2056485781707821429,Mon May 18 21:23:12 +0000 2026,"If you have flaming locks of auburn hair and a face card that never declines, we have the perfect contest for you 😉 Wendy’s Look-Alike Contest is 3:30-5:30pm May 26th at Seaport Square in NYC! https://t.co/sEUa15Db7G",0,0,final_humor_binary
wendys_all_h1_02063,wendys_all_human,20260615wendy's/data/wendys_final_humor_presence_dataset.csv,Wendy's,2056803537636467033,https://x.com/Wendys/status/2056803537636467033,Tue May 19 18:25:51 +0000 2026,might change my name to Wemby’s and only serve french fries after last night’s game,1,1,final_humor_binary
wendys_all_h1_02064,wendys_all_human,20260615wendy's/data/wendys_final_humor_presence_dataset.csv,Wendy's,2057509387422380064,https://x.com/Wendys/status/2057509387422380064,Thu May 21 17:10:39 +0000 2026,"From one redheaded baddie to another, we just wanted to formally invite you to compete in our Wendy’s look-alike contest this weekend for #worldredheadday https://t.co/Plz0ZCapd2",1,1,final_humor_binary
wendys_all_h1_02065,wendys_all_human,20260615wendy's/data/wendys_final_humor_presence_dataset.csv,Wendy's,2057589742649192842,https://x.com/Wendys/status/2057589742649192842,Thu May 21 22:29:57 +0000 2026,it's not roasting if it's true 😌 @Jeopardy https://t.co/Da3mvCbEFB,1,1,final_humor_binary
wendys_all_h1_02066,wendys_all_human,20260615wendy's/data/wendys_final_humor_presence_dataset.csv,Wendy's,2057590262373785937,https://x.com/Wendys/status/2057590262373785937,Thu May 21 22:32:01 +0000 2026,@James_Holzhauer,0,0,final_humor_binary
wendys_all_h1_02067,wendys_all_human,20260615wendy's/data/wendys_final_humor_presence_dataset.csv,Wendy's,2057590511653794039,https://x.com/Wendys/status/2057590511653794039,Thu May 21 22:33:00 +0000 2026,This isn’t my living room btw I was at a friends house,1,1,final_humor_binary
wendys_all_h1_02068,wendys_all_human,20260615wendy's/data/wendys_final_humor_presence_dataset.csv,Wendy's,2057593602490970314,https://x.com/Wendys/status/2057593602490970314,Thu May 21 22:45:17 +0000 2026,Hi @KenJennings,0,0,final_humor_binary
wendys_all_h1_02069,wendys_all_human,20260615wendy's/data/wendys_final_humor_presence_dataset.csv,Wendy's,2059351523583311924,https://x.com/Wendys/status/2059351523583311924,Tue May 26 19:10:38 +0000 2026,Be there. Seaport Square.,0,0,final_humor_binary
wendys_all_h1_02070,wendys_all_human,20260615wendy's/data/wendys_final_humor_presence_dataset.csv,Wendy's,2059459943040753916,https://x.com/Wendys/status/2059459943040753916,Wed May 27 02:21:27 +0000 2026,"It’s giving fan behavior but I’m a fan of me too, so I get it! https://t.co/ecpi4sU0kz",1,1,final_humor_binary
wendys_all_h1_02071,wendys_all_human,20260615wendy's/data/wendys_final_humor_presence_dataset.csv,Wendy's,2059700189909111001,https://x.com/Wendys/status/2059700189909111001,Wed May 27 18:16:07 +0000 2026,Big star energy. Pocket-sized legends. https://t.co/oNQdB0s9Mn,1,1,final_humor_binary
wendys_all_h1_02072,wendys_all_human,20260615wendy's/data/wendys_final_humor_presence_dataset.csv,Wendy's,2060393163458498982,https://x.com/Wendys/status/2060393163458498982,Fri May 29 16:09:45 +0000 2026,28 and 10? Fine. Free FRENCH fries in the app with $5 purchase for everybody (including aliens 👽),1,1,final_humor_binary
wendys_all_h1_02073,wendys_all_human,20260615wendy's/data/wendys_final_humor_presence_dataset.csv,Wendy's,2060405944735957384,https://x.com/Wendys/status/2060405944735957384,Fri May 29 17:00:32 +0000 2026,rich asf craving the new Ice Spicy Meal on DoorDash https://t.co/kVe28gJjYt,1,1,final_humor_binary
wendys_all_h1_02074,wendys_all_human,20260615wendy's/data/wendys_final_humor_presence_dataset.csv,Wendy's,2060433958609813857,https://x.com/Wendys/status/2060433958609813857,Fri May 29 18:51:51 +0000 2026,"Y’all nearly crashed the system with all your applications, but we’ve finally made our top selections. Stay tuned for an announcement coming real soon 👀👀👀 https://t.co/f6wqnO0yeF",1,1,final_humor_binary
wendys_all_h1_02075,wendys_all_human,20260615wendy's/data/wendys_final_humor_presence_dataset.csv,Wendy's,2061565494453555359,https://x.com/Wendys/status/2061565494453555359,Mon Jun 01 21:48:10 +0000 2026,"Came for a Frosty, stayed for the door to the backrooms https://t.co/0BMCyHc7XK",1,1,final_humor_binary
wendys_all_h1_02076,wendys_all_human,20260615wendy's/data/wendys_final_humor_presence_dataset.csv,Wendy's,2063002561263640786,https://x.com/Wendys/status/2063002561263640786,Fri Jun 05 20:58:33 +0000 2026,"The KPIs, ROIs, and LOLs are about to go off the charts. Congratulations to our NEW Chief Tasting Officer Amber Luster 🎉🎉🎉 We can’t wait to see all the incredible things you do with your title. And thank you to all our fans who submitted an application❤️ https://t.co/WxU0LzL72Z",0,0,final_humor_binary
wendys_all_h1_02077,wendys_all_human,20260615wendy's/data/wendys_final_humor_presence_dataset.csv,Wendy's,2064504139749417369,https://x.com/Wendys/status/2064504139749417369,Wed Jun 10 00:25:18 +0000 2026,What does one wear to meet a minion,0,0,final_humor_binary
wendys_all_h1_02078,wendys_all_human,20260615wendy's/data/wendys_final_humor_presence_dataset.csv,Wendy's,2064726596179706275,https://x.com/Wendys/status/2064726596179706275,Wed Jun 10 15:09:15 +0000 2026,Her: Gimme 10 Me: minutes or nuggets?,1,1,final_humor_binary
wendys_all_h1_02079,wendys_all_human,20260615wendy's/data/wendys_final_humor_presence_dataset.csv,Wendy's,2065192194277818396,https://x.com/Wendys/status/2065192194277818396,Thu Jun 11 21:59:23 +0000 2026,if u dress up i will love u forever. Come experience the most bananas drive-thru ever. https://t.co/FDvzC4JTr1,1,1,final_humor_binary
wendys_all_h1_02080,wendys_all_human,data/manual_labels/wendys_human_humor_labels.csv,Wendy's,,,Fri Apr 10 18:21:11 +0000 2020,"Come on now! You can't hit them with the old fruit and scoot! Might be out of oranges, but at least you've still got the Free Dave's Single in the app.",1,humor,humor
wendys_all_h1_02081,wendys_all_human,data/manual_labels/wendys_human_humor_labels.csv,Wendy's,,,Fri Apr 10 18:30:53 +0000 2020,Shout out to LostMermaid. It's never too late to reply back. Even if it has been like...a year. The internet can see you. Let's grab that Free Dave's Single while we wait.,1,humor,humor
wendys_all_h1_02082,wendys_all_human,data/manual_labels/wendys_human_humor_labels.csv,Wendy's,,,Fri Apr 10 19:26:39 +0000 2020,"Um, hey, Cousin. Give the HDMI back. This is not a game. You have 48 hours. In the meantime we will enjoy a Free Dave's Single.",1,humor,humor
wendys_all_h1_02083,wendys_all_human,data/manual_labels/wendys_human_humor_labels.csv,Wendy's,,,Fri Apr 10 19:45:23 +0000 2020,"Shout out to the girl that keeps ""losing"" her phone. Maybe while she downloads the findmyphone app you can enjoy a Free Dave's Single in our app.",1,humor,humor
wendys_all_h1_02084,wendys_all_human,data/manual_labels/wendys_human_humor_labels.csv,Wendy's,,,Fri Aug 07 20:44:00 +0000 2020,4:44 on the clock I’m in my drop top getting some eats.,1,humor,humor
wendys_all_h1_02085,wendys_all_human,data/manual_labels/wendys_human_humor_labels.csv,Wendy's,,,Fri Dec 13 16:54:15 +0000 2019,Wendy’s cups should be square but no one wants to poke that tiger,1,humor,humor
wendys_all_h1_02086,wendys_all_human,data/manual_labels/wendys_human_humor_labels.csv,Wendy's,,,Fri Dec 13 19:56:43 +0000 2019,"10 patties of fresh, never frozen Canadian beef. This is our dream. #PowerYourDreams https://t.co/2FLxlUIBZc",0,non_humor,humor
wendys_all_h1_02087,wendys_all_human,data/manual_labels/wendys_human_humor_labels.csv,Wendy's,,,Fri Feb 14 17:31:57 +0000 2020,Thanks for the huge nugget @Wendys 😂😂😍😋 https://t.co/4vgfPGyUZR,0,non_humor,humor
wendys_all_h1_02088,wendys_all_human,data/manual_labels/wendys_human_humor_labels.csv,Wendy's,,,Fri Feb 14 17:38:47 +0000 2020,Proud of this big spicy boi,0,non_humor,humor
wendys_all_h1_02089,wendys_all_human,data/manual_labels/wendys_human_humor_labels.csv,Wendy's,,,Fri Feb 28 20:49:21 +0000 2020,Here lies mediocrity. #EggRIPMuffin https://t.co/fYxcn8LObe,1,humor,humor
wendys_all_h1_02090,wendys_all_human,data/manual_labels/wendys_human_humor_labels.csv,Wendy's,,,Fri Jul 24 13:14:00 +0000 2020,"Wakey wakey, eggs and bac-y-nator.",1,humor,humor
wendys_all_h1_02091,wendys_all_human,data/manual_labels/wendys_human_humor_labels.csv,Wendy's,,,Fri May 01 19:00:08 +0000 2020,Be on the lookout for this Honey Butter Chicken Biscuit. @wendys #ad https://t.co/71Cd9mpyi6,0,non_humor,humor
wendys_all_h1_02092,wendys_all_human,data/manual_labels/wendys_human_humor_labels.csv,Wendy's,,,Fri May 15 16:54:00 +0000 2020,2 for $5 is your Spicy Nugg hookup. https://t.co/YqGE1mbsex,0,non_humor,humor
wendys_all_h1_02093,wendys_all_human,data/manual_labels/wendys_human_humor_labels.csv,Wendy's,,,Fri May 29 15:45:53 +0000 2020,We’re moving National Roast Day because there are going to be better times for it. Love you guys.,1,humor,humor
wendys_all_h1_02094,wendys_all_human,data/manual_labels/wendys_human_humor_labels.csv,Wendy's,,,Mon Apr 06 20:37:28 +0000 2020,The Wooden Award winner will be revealed tomorrow. Who’s your choice? ( 📍 @Wendys) https://t.co/SQdg3QVmoi,0,non_humor,humor
wendys_all_h1_02095,wendys_all_human,data/manual_labels/wendys_human_humor_labels.csv,Wendy's,,,Mon Apr 20 14:57:23 +0000 2020,"Everyone could use some extra love right now, so we’re trading our usual roasting for a little toasting. Let’s use this thread to shout out the special people in our lives that we think deserve some shine right now.",1,humor,humor
wendys_all_h1_02096,wendys_all_human,data/manual_labels/wendys_human_humor_labels.csv,Wendy's,,,Mon Apr 20 21:56:05 +0000 2020,"Not gonna lie, all this love y’all are showing has inspired us. We wish we could give you a hug, but instead…how about a nug? This Friday, we’ll be giving out free 4pc spicy and crispy nugs at every Wendy’s drive-thru. No purchase necessary, not a single string attached.",1,humor,humor
wendys_all_h1_02097,wendys_all_human,data/manual_labels/wendys_human_humor_labels.csv,Wendy's,,,Mon Apr 20 23:30:07 +0000 2020,We’re giving America a GroupNug this Friday. ♥ this tweet and we’ll remind you when to get your free 4pc nuggets! https://t.co/AKWHpSXdD6,1,humor,humor
wendys_all_h1_02098,wendys_all_human,data/manual_labels/wendys_human_humor_labels.csv,Wendy's,,,Mon Apr 27 13:02:00 +0000 2020,Now that really honey butters my biscuit! https://t.co/xkZxxXsVwM,1,humor,humor
wendys_all_h1_02099,wendys_all_human,data/manual_labels/wendys_human_humor_labels.csv,Wendy's,,,Mon Aug 10 17:46:41 +0000 2020,Don’t know who needs to hear this but pepper isn’t spicy...this new 444 is thoughhhhh 🥵 https://t.co/H2tx5WJFVc,0,non_humor,humor
wendys_all_h1_02100,wendys_all_human,data/manual_labels/wendys_human_humor_labels.csv,Wendy's,,,Mon Feb 17 04:40:06 +0000 2020,BURGER KING is testing a sandwich with nothing but french fries: https://t.co/cMELl6fZaV https://t.co/D1taIscJk2,1,humor,humor
wendys_all_h1_02101,wendys_all_human,data/manual_labels/wendys_human_humor_labels.csv,Wendy's,,,Mon Jan 13 19:16:03 +0000 2020,Not saying eating our french fries gets you an #Oscar nomination but also...sup,1,humor,humor
wendys_all_h1_02102,wendys_all_human,data/manual_labels/wendys_human_humor_labels.csv,Wendy's,,,Mon Jan 27 19:59:47 +0000 2020,Picking up their order.,0,non_humor,humor
wendys_all_h1_02103,wendys_all_human,data/manual_labels/wendys_human_humor_labels.csv,Wendy's,,,Mon Mar 02 00:34:25 +0000 2020,Y’all got any plans for breakfast tomorrow orrrrrrrrr…..?,0,non_humor,humor
wendys_all_h1_02104,wendys_all_human,data/manual_labels/wendys_human_humor_labels.csv,Wendy's,,,Mon Mar 02 12:00:00 +0000 2020,BREAKFAST NEWS! Wendy's is now serving up breakfast. Sources say it's “pretty lit.” https://t.co/meBemp31hH,1,humor,humor
wendys_all_h1_02105,wendys_all_human,data/manual_labels/wendys_human_humor_labels.csv,Wendy's,,,Mon Mar 09 13:50:07 +0000 2020,Better come and get you some. https://t.co/Z5bXZ97iAy,0,non_humor,humor
wendys_all_h1_02106,wendys_all_human,data/manual_labels/wendys_human_humor_labels.csv,Wendy's,,,Mon May 04 03:37:43 +0000 2020,"No, this is THE Wendy's.",1,humor,humor
wendys_all_h1_02107,wendys_all_human,data/manual_labels/wendys_human_humor_labels.csv,Wendy's,,,Mon May 11 13:07:09 +0000 2020,Treat yo self. https://t.co/cHqfuIdNRK,0,non_humor,humor
wendys_all_h1_02108,wendys_all_human,data/manual_labels/wendys_human_humor_labels.csv,Wendy's,,,Mon Nov 25 07:00:00 +0000 2019,What's the most disrespectful diss track of all time?,1,humor,humor
wendys_all_h1_02109,wendys_all_human,data/manual_labels/wendys_human_humor_labels.csv,Wendy's,,,Sat Apr 25 15:21:01 +0000 2020,"We gave you a GroupNug, now send some to a friend. Use Postmates code: NUGHUG and send a loved one free 10pc. nugs with free delivery fee by ordering Wendy’s through Postmates! This weekend only.",0,non_humor,humor
wendys_all_h1_02110,wendys_all_human,data/manual_labels/wendys_human_humor_labels.csv,Wendy's,,,Sat Dec 14 19:29:44 +0000 2019,Watch Rick and Morty with us on Sunday and try to get five in a row on this game your grandma loves that we can’t legally say the name of! Schwifty! https://t.co/rw8leGuV1n,1,humor,humor
wendys_all_h1_02111,wendys_all_human,data/manual_labels/wendys_human_humor_labels.csv,Wendy's,,,Sat Dec 14 20:04:04 +0000 2019,"Rick and Morty are back again this Sunday, so come by our place and grab a Baconator to eat while you watch.",0,none,humor
wendys_all_h1_02112,wendys_all_human,data/manual_labels/wendys_human_humor_labels.csv,Wendy's,,,Sat Mar 07 15:00:00 +0000 2020,"Yep, your new favorite is free with purchase in the Wendy's app. https://t.co/drxmKsYTyu https://t.co/gmJWGNgvBD",0,non_humor,humor
wendys_all_h1_02113,wendys_all_human,data/manual_labels/wendys_human_humor_labels.csv,Wendy's,,,Sat Nov 23 17:00:17 +0000 2019,Time for the biggest game of the day: @PennStateFball vs @OhioStateFBall Come hang out with @LaVarArrington &amp; @BeanieWells26 on the sideline of The Shoe for our @Wendys Watch Party! https://t.co/eTL9bPNbBT,0,none,humor
wendys_all_h1_02114,wendys_all_human,data/manual_labels/wendys_human_humor_labels.csv,Wendy's,,,Sat Nov 23 22:10:13 +0000 2019,"To be fair, you have to have a very high IQ to understand Rick and Morty. So make sure you watch it this Sunday night, genius.",1,humor,humor
wendys_all_h1_02115,wendys_all_human,data/manual_labels/wendys_human_humor_labels.csv,Wendy's,,,Sun May 03 16:01:50 +0000 2020,That Honey Butter Chicken Biscuit is one bad boi. See it in action during the Rick and Morty premiere tonight!,0,non_humor,humor
wendys_all_h1_02116,wendys_all_human,data/manual_labels/wendys_human_humor_labels.csv,Wendy's,,,Sun May 03 23:00:38 +0000 2020,"This week, we will be hiding codes. Lots of codes. Codes that will score you free Wendy's. Hidden across our entire internet presence. The clues start Monday. Think you can solve the Cyber Search? https://t.co/FB2IXQSyAq",1,humor,humor
wendys_all_h1_02117,wendys_all_human,data/manual_labels/wendys_human_humor_labels.csv,Wendy's,,,Sun May 10 17:00:00 +0000 2020,Since you’ve been asking. https://t.co/mZBOLo0daZ,0,non_humor,humor
wendys_all_h1_02118,wendys_all_human,data/manual_labels/wendys_human_humor_labels.csv,Wendy's,,,Thu Apr 23 15:17:17 +0000 2020,"America, come get your GroupNug. Come to the Wendy’s drive-thru tomorrow and get your free 4pc. nuggets! https://t.co/GRTmEcX3Ar",0,non_humor,humor
wendys_all_h1_02119,wendys_all_human,data/manual_labels/wendys_human_humor_labels.csv,Wendy's,,,Thu Apr 30 15:55:09 +0000 2020,"Spicy, spicy! Very nice-y. Score yourself one FREE Spicy Chicken Sandwich with mobile purchase in the Wendy's app! 🔥🔥🔥 https://t.co/wIYUkeVVJA",0,non_humor,humor
wendys_all_h1_02120,wendys_all_human,data/manual_labels/wendys_human_humor_labels.csv,Wendy's,,,Thu Apr 30 19:09:14 +0000 2020,Come and see the Wendy-est Mortys in the entire multiverse. We’re playing with Wendy Morty and Breakfast Morty in Pocket Mortys! Check out our stream right now: https://t.co/sQfjVH1iaa,0,non_humor,humor
wendys_all_h1_02121,wendys_all_human,data/manual_labels/wendys_human_humor_labels.csv,Wendy's,,,Thu Aug 06 19:54:05 +0000 2020,The burgers are square for a reason.,1,humor,humor
wendys_all_h1_02122,wendys_all_human,data/manual_labels/wendys_human_humor_labels.csv,Wendy's,,,Thu Dec 05 17:18:54 +0000 2019,This is no drill. Frosty Key Tags are back. Get your $2 hookup for a free Jr. Frosty all year. Proceeds help support @DTFA. https://t.co/hlpZZouIcK,0,non_humor,humor
wendys_all_h1_02123,wendys_all_human,data/manual_labels/wendys_human_humor_labels.csv,Wendy's,,,Thu Dec 19 16:33:48 +0000 2019,"meryl can have a little french fries, as a treat.",1,humor,humor
wendys_all_h1_02124,wendys_all_human,data/manual_labels/wendys_human_humor_labels.csv,Wendy's,,,Thu Jan 23 20:07:11 +0000 2020,Is it a garbage truck?,1,humor,humor
wendys_all_h1_02125,wendys_all_human,data/manual_labels/wendys_human_humor_labels.csv,Wendy's,,,Thu Jul 02 14:30:50 +0000 2020,"This acronym #HBCU might be new to some of our followers, what exactly does that stand for? https://t.co/afDXa92aiC",0,non_humor,humor
wendys_all_h1_02126,wendys_all_human,data/manual_labels/wendys_human_humor_labels.csv,Wendy's,,,Thu Jul 02 14:33:47 +0000 2020,Black College Communities deserve to be honored and celebrated. Thanks @tmcf_hbcu for taking the time and sharing all of this great info today.,0,non_humor,humor
wendys_all_h1_02127,wendys_all_human,data/manual_labels/wendys_human_humor_labels.csv,Wendy's,,,Thu Jul 16 00:37:53 +0000 2020,"Sorry, Nick. No dice.",1,humor,humor
wendys_all_h1_02128,wendys_all_human,data/manual_labels/wendys_human_humor_labels.csv,Wendy's,,,Thu Jul 30 18:46:07 +0000 2020,Real ones know. https://t.co/TRqxRULx4s,0,non_humor,humor
wendys_all_h1_02129,wendys_all_human,data/manual_labels/wendys_human_humor_labels.csv,Wendy's,,,Thu Jun 25 22:37:18 +0000 2020,"So much has happened over the past couple of weeks, including the death of Rayshard Brooks. We’ve taken the time to ensure we’re focused on the best ways to support positive change.",0,non_humor,humor
wendys_all_h1_02130,wendys_all_human,data/manual_labels/wendys_human_humor_labels.csv,Wendy's,,,Thu Jun 25 22:37:19 +0000 2020,We’ll also be chatting with @tmcf_hbcu next week to learn more about their history supporting students at #HBCUs. Check out the conversation on 7/2.,0,non_humor,humor
wendys_all_h1_02131,wendys_all_human,data/manual_labels/wendys_human_humor_labels.csv,Wendy's,,,Thu Jun 25 22:37:19 +0000 2020,"Today, we are announcing new partnerships with the Urban League (@CULempowering) and the YWCA(@ywcacolumbus). These two organizations are committed to fighting racism and empowering Black youth, and we’re eager to be a part of their mission.",0,non_humor,humor
wendys_all_h1_02132,wendys_all_human,data/manual_labels/wendys_human_humor_labels.csv,Wendy's,,,Thu Mar 05 23:14:34 +0000 2020,"We love you too sweet, sweet Guillermo.",1,humor,humor
wendys_all_h1_02133,wendys_all_human,data/manual_labels/wendys_human_humor_labels.csv,Wendy's,,,Thu May 14 13:00:00 +0000 2020,"Sorry, private meeting. Elite breakfast foods only. https://t.co/skbJUhiqgc",1,humor,humor
wendys_all_h1_02134,wendys_all_human,data/manual_labels/wendys_human_humor_labels.csv,Wendy's,,,Thu May 21 19:15:46 +0000 2020,"Alright Wendys, your time has come. Do you have what it takes to be the Queen of the Hill? Suit up and enter our Super Smash Bros tournament on https://t.co/P0GZ7DIn5g. We’ll see ya at the top. https://t.co/PUgtPzPZ8e",1,humor,humor
wendys_all_h1_02135,wendys_all_human,data/manual_labels/wendys_human_humor_labels.csv,Wendy's,,,Thu May 28 19:11:42 +0000 2020,"#NationalRoastDay starts right here tomorrow at 11am ET. For everyone that’s said “Roast Me Wendy’s,”...Tomorrow’s lookin’ good. Let’s roll, jabronis.",1,humor,humor
wendys_all_h1_02136,wendys_all_human,data/manual_labels/wendys_human_humor_labels.csv,Wendy's,,,Tue Apr 07 17:19:59 +0000 2020,Picking up a new hobby. Come paint with us on Twitch. https://t.co/P0GZ7DIn5g https://t.co/8mllJ9tke4,0,non_humor,humor
wendys_all_h1_02137,wendys_all_human,data/manual_labels/wendys_human_humor_labels.csv,Wendy's,,,Tue Apr 14 13:29:33 +0000 2020,"Had so much fun last week, we figured we’d do it again! Get your hands on a free Breakfast Baconator in the Wendy's app and help us solve this bad boy. https://t.co/KhIgxDbUYH",1,humor,humor
wendys_all_h1_02138,wendys_all_human,data/manual_labels/wendys_human_humor_labels.csv,Wendy's,,,Tue Aug 11 18:41:25 +0000 2020,Hope your server maintenance is as active as your twitter 😉 (and make sure the crowns aren’t paper),1,humor,humor
wendys_all_h1_02139,wendys_all_human,data/manual_labels/wendys_human_humor_labels.csv,Wendy's,,,Tue Dec 17 20:10:09 +0000 2019,"Sir, this is a",0,non_humor,humor
wendys_all_h1_02140,wendys_all_human,data/manual_labels/wendys_human_humor_labels.csv,Wendy's,,,Tue Feb 04 20:40:00 +0000 2020,When they ask what your weaknesses are during the interview.,1,humor,humor
wendys_all_h1_02141,wendys_all_human,data/manual_labels/wendys_human_humor_labels.csv,Wendy's,,,Tue Jan 14 01:26:11 +0000 2020,Looked who dropped by to see what Spicy Nuggets were supposed to taste like.,1,humor,humor
wendys_all_h1_02142,wendys_all_human,data/manual_labels/wendys_human_humor_labels.csv,Wendy's,,,Tue Jan 14 16:36:16 +0000 2020,That's what we call a glow up.,1,humor,humor
wendys_all_h1_02143,wendys_all_human,data/manual_labels/wendys_human_humor_labels.csv,Wendy's,,,Tue Jul 21 19:32:19 +0000 2020,We’re heading back to the island for a quick swim. Grab a Strawberry Lemonade to sip while we dip in the stream. https://t.co/P0GZ7DIn5g,1,humor,humor
wendys_all_h1_02144,wendys_all_human,data/manual_labels/wendys_human_humor_labels.csv,Wendy's,,,Wed Apr 22 15:18:27 +0000 2020,"Everyone has become their own hairstylist. We all need a nug. This Friday ONLY, we’re giving America a big GroupNug. Get FREE 4pc nuggets when you visit our drive-thru. https://t.co/dXYeMJFsWu",1,humor,humor
wendys_all_h1_02145,wendys_all_human,data/manual_labels/wendys_human_humor_labels.csv,Wendy's,,,Wed Jun 03 23:40:10 +0000 2020,"We’re about putting our money where our mouth is. So here’s our money and here’s our mouth. We are committed to donating $500k to support social justice, the youth and education in the Black community starting with the Thurgood Marshall College Fund and we’ll have receipts.",1,humor,humor
wendys_all_h1_02146,wendys_all_human,data/manual_labels/wendys_human_humor_labels.csv,Wendy's,,,Wed Mar 11 14:07:30 +0000 2020,Honey. Butter. Chicken. Biscuit. Free. (with any purchase in our app),0,non_humor,humor
wendys_all_h1_02147,wendys_all_human,data/manual_labels/wendys_human_humor_labels.csv,Wendy's,,,Wed Mar 25 19:21:46 +0000 2020,Don’t miss our best catches! Hop in the stream now! https://t.co/J4Z5cZlvtz #ACNH https://t.co/mnAaUVZ3TJ,0,non_humor,humor
