후보_ID,표본_층화,Fortune_순위,회사명,X_계정,트윗_ID,트윗_URL,작성일시,본문,유머_존재여부,유머_유형,배정_코더,검토_상태,총_인게이지먼트,웬디스_유머_존재여부,웬디스_유머_유형,풀체인_유머_존재여부,풀체인_유머_유형,분류기_불일치,신뢰도,메모,검토자_ID
C01304,random_fortune_sample,19,Centene,@centene,1653112137110151187,https://x.com/centene/status/1653112137110151187,Mon May 01 19:00:21 +0000 2023,"To address the holistic needs of diverse and complex Medicare members, Centene partners with providers like @GalileoHealth, who set a new standard of care offering virtual and in-home care as well as mobile clinics to meet members where they are. https://t.co/a8ftyYr8DB",,,coder1,pending,4,1,aggressive,humor,affiliative,0,,,
C00398,humor_presence_uncertain,8,McKesson,@mckesson,1973192707771154472,https://x.com/mckesson/status/1973192707771154472,Wed Oct 01 01:06:16 +0000 2025,"Breakthroughs in cancer care begin with bold research. Sarah Cannon Research Institute (SCRI) leads the way by conducting community-based clinical trials. As a leading oncology research organization, SCRI brings promising therapies closer to patients: https://t.co/KmY3No8qIM https://t.co/mbZtg9noI3",,,coder1,pending,7,0,non_humorous,non_humor,not_applicable,0,,,
C00387,high_engagement_posts,69,Nationwide,@nationwide,1975572191535374606,https://x.com/nationwide/status/1975572191535374606,Tue Oct 07 14:41:29 +0000 2025,"Grateful for all the blessings and lessons, friends and relationships built on this journey! Thank you! ❤️",,,coder1,pending,1641,1,affiliative,non_humor,not_applicable,1,,,
C00550,full_chain_aggressive,57,Albertsons,@albertsons,1400134020894269448,https://x.com/albertsons/status/1400134020894269448,Wed Jun 02 16:55:38 +0000 2021,It’s Rotisserie Chicken Day! Pick up a Signature Café® or Open Nature® whole roasted chicken from the Deli today 🍗 https://t.co/NgYNDLxmQf,,,coder1,pending,7,1,self-enhancing,humor,aggressive,0,,,
C00598,firm_balanced_sample,28,Verizon Communications,@Verizon,1975186874726584722,https://x.com/Verizon/status/1975186874726584722,Mon Oct 06 13:10:22 +0000 2025,".@Verizon has announced that Dan Schulman has been appointed CEO. Dan has served on Verizon's Board since 2018. He will bring a proven record of transformative leadership and deep telecom industry experience to help us enter our next chapter of growth.

https://t.co/Ma3hRFgzMR https://t.co/H5OLuht3Nc",,,coder1,pending,931,0,non_humorous,non_humor,not_applicable,0,,,
C01114,random_fortune_sample,2,Walmart,@walmart,1930579275033239628,https://x.com/walmart/status/1930579275033239628,Thu Jun 05 10:55:42 +0000 2025,"Just got my Nintendo Switch 2 from @Walmart, right on time as promised! 🎮🚚 Thrilled with the delivery and they even tossed in some sweet goodies! 🙌 https://t.co/7ylI2oeXsY",,,coder1,pending,256,1,affiliative,ambiguous,ambiguous_or_review,0,,,
C01366,random_fortune_sample,85,Charter Communications,@CharterNewsroom,1858533867281404259,https://x.com/CharterNewsroom/status/1858533867281404259,Mon Nov 18 15:32:58 +0000 2024,"Spectrum Promotes Steve Williams to Senior Vice President, Network Engineering and Technology: https://t.co/CfN8F050Oj https://t.co/2hRizNvaGn",,,coder1,pending,7,0,non_humorous,ambiguous,ambiguous_or_review,0,,,
C00135,wendys_transfer_aggressive,16,Nvidia,@nvidia,2049963129673527509,https://x.com/nvidia/status/2049963129673527509,Thu Apr 30 21:24:31 +0000 2026,"""AI has created more than half a million jobs. Companies that use AI grow faster. When they grow faster, they hire more people.""

NVIDIA CEO Jensen Huang counters threats of job displacement in his conversation with SCSP's @Ylli_Bajraktari on Memos to the President. https://t.co/Z21ctNpgQR",,,coder1,pending,988,1,aggressive,non_humor,not_applicable,1,,,
C01118,firm_balanced_sample,100,Massachusetts Mutual Life,@massmutual,1211341610505490432,https://x.com/massmutual/status/1211341610505490432,Sun Dec 29 17:42:00 +0000 2019,Second on our list of most popular blog posts is a look at applying for a mortgage when you're already retired. It can be a little tricky.,,,coder1,pending,2,1,affiliative,non_humor,not_applicable,1,,,
C01165,high_engagement_posts,46,PepsiCo,@pepsico,1494703335202557954,https://x.com/pepsico/status/1494703335202557954,Fri Feb 18 16:00:20 +0000 2022,"Innovation Alert: New @rockstarenergy Unplugged is now on shelves (and online!). Made with hemp seed oil + B vitamins, with only 80mg of caffeine, in 3 tasty flavors. https://t.co/NzCL1Fi3GH",,,coder1,pending,1754,0,non_humorous,humor,affiliative,1,,,
C00214,firm_balanced_sample,96,Travelers,@travelers,1588195594488668168,https://x.com/travelers/status/1588195594488668168,Thu Nov 03 15:45:11 +0000 2022,"“Factors unrelated to an individual’s injury, such as fear, unrealistic expectations, lack of sleep or minimal social support, can hinder the recovery process,” said Dr. Marcos Iglesias, chief medical director @Travelers. 

https://t.co/Vja4fAVlXi",,,coder1,pending,2,0,non_humorous,ambiguous,ambiguous_or_review,0,,,
C01182,random_fortune_sample,35,AT&T,@ATT,1915857247399190686,https://x.com/ATT/status/1915857247399190686,Fri Apr 25 19:55:37 +0000 2025,🔥#ATTAnnihilatorCup is back starting 5/1! Thursdays in May… friendships will be tested (@ludwig @loltyler1 💙) - while other alliances may be formed… - https://t.co/zsyZDaDMtm https://t.co/hCDrr0xwd4,,,coder1,pending,89,0,non_humorous,ambiguous,ambiguous_or_review,0,,,
C00790,wendys_transfer_aggressive,27,Kroger,@kroger,1521489766511828992,https://x.com/kroger/status/1521489766511828992,Tue May 03 14:00:02 +0000 2022,Imagine dating someone who has never tried Kroger sushi 🚩,,,coder1,pending,46,1,aggressive,non_humor,not_applicable,1,,,
C00761,random_fortune_sample,20,Bank of America,@bankofamerica,1655587004397113347,https://x.com/bankofamerica/status/1655587004397113347,Mon May 08 14:54:35 +0000 2023,"Fredbird likes to rest his wings, but why is he glued to his phone? https://t.co/SENaHqH8tC",,,coder1,pending,27,1,aggressive,non_humor,not_applicable,1,,,
C00511,random_fortune_sample,20,Bank of America,@bankofamerica,1646591003640381440,https://x.com/bankofamerica/status/1646591003640381440,Thu Apr 13 19:07:42 +0000 2023,"RT @bryantparknyc: Free concerts are back baby ✨🎤🎭!

We're excited to announce our upcoming season of Picnic Performances presented by @Ban…",,,coder1,pending,16,0,non_humorous,ambiguous,ambiguous_or_review,0,,,
C00445,random_fortune_sample,58,Archer Daniels Midland,@ADMupdates,1745003882923634783,https://x.com/ADMupdates/status/1745003882923634783,Wed Jan 10 08:45:20 +0000 2024,"As a global leader in nutrition, ADM has identified shifts influencing food and beverage development trends in the Europe, Middle East and Africa (EMEA) region. Here’s what this means for the culinary space in the months ahead:

Discover the full report: https://t.co/Z9gnuJjhgB https://t.co/dNYD2jyFpv",,,coder1,pending,4,1,affiliative,ambiguous,ambiguous_or_review,0,,,
C00706,humor_presence_uncertain,83,Cisco Systems,@Cisco,1981164349088813487,https://x.com/Cisco/status/1981164349088813487,Thu Oct 23 01:02:43 +0000 2025,"RT @semafor: “We see youth on the African continent using AI tools more than anywhere else in the world.” — @Cisco EVP &amp; Chief People, Poli…",,,coder1,pending,13,0,non_humorous,humor,self_enhancing,1,,,
C01008,classifier_disagreement,78,Prudential Financial,@Prudential,1503758069867679744,https://x.com/Prudential/status/1503758069867679744,Tue Mar 15 15:40:36 +0000 2022,"At Prudential, doing the right thing underscores what we stand for and how we do business around the world. It's an honor to see this commitment recognized as we are named among the World's Most Ethical Companies for the eighth consecutive year.
https://t.co/WF8v4Diu9g https://t.co/QAJqjv90fH",,,coder1,pending,16,1,affiliative,non_humor,not_applicable,1,,,
C00786,firm_balanced_sample,93,USAA,@usaa,1734921400891088951,https://x.com/usaa/status/1734921400891088951,Wed Dec 13 13:01:09 +0000 2023,"Happy birthday to the @USNationalGuard! We thank the nearly 450,000 Guardsmen who are “Always Ready, Always There!” to serve our communities and our nation. https://t.co/H2myMO8GGG",,,coder1,pending,41,0,non_humorous,ambiguous,ambiguous_or_review,0,,,
C00633,low_engagement_posts,79,TJX,@tjmaxx,760123227603660801,https://x.com/tjmaxx/status/760123227603660801,Mon Aug 01 14:41:14 +0000 2016,@jayda_3298 thanks for reaching out. Please call Associate Relations at 1-800-859-6488,,,coder1,pending,0,1,affiliative,non_humor,not_applicable,1,,,
C01426,low_engagement_posts,91,General Dynamics,@generaldynamics,1599846946629308416,https://x.com/generaldynamics/status/1599846946629308416,Mon Dec 05 19:23:30 +0000 2022,"RT @GD_OTS: The accuracy, dependability, and capability of our products set us apart as the go-to solution, protecting the best with the be…",,,coder1,pending,1,0,non_humorous,humor,self_enhancing,1,,,
C00551,firm_balanced_sample,20,Bank of America,@bankofamerica,1699433172314751278,https://x.com/bankofamerica/status/1699433172314751278,Wed Sep 06 14:43:36 +0000 2023,"Every day we're entering further into the digital age and small businesses are taking note. Compared to 2022, more entrepreneurs are digitally optimizing their businesses. 

Learn more from our 2023 Small Business Owner Report: https://t.co/Sg5acA7Z6A https://t.co/4wRMGPIXhS",,,coder1,pending,45,0,non_humorous,non_humor,not_applicable,0,,,
C00069,full_chain_aggressive,62,New York Life Insurance,@NewYorkLife,1514302397975195654,https://x.com/NewYorkLife/status/1514302397975195654,Wed Apr 13 18:00:00 +0000 2022,The #BraveofHeartFund continues to honor the hard work and sacrifice of healthcare workers by partnering with @ScholAmerica to offer scholarship funding for their families.,,,coder1,pending,3,1,affiliative,humor,aggressive,0,,,
C01350,low_engagement_posts,25,Home Depot,@HDCares,768230715238547456,https://x.com/HDCares/status/768230715238547456,Tue Aug 23 23:37:30 +0000 2016,"@baristaze For help, pls send order details to TeamSocial@homedepot.com so we can share w/ our Home Installs team. –TeamCare",,,coder1,pending,0,0,non_humorous,non_humor,not_applicable,0,,,
C00559,classifier_disagreement,79,TJX,@tjmaxx,741337148218060801,https://x.com/tjmaxx/status/741337148218060801,Fri Jun 10 18:32:04 +0000 2016,I just posted a recap of my West Coast tour with @tjmaxx! What do you guys think? https://t.co/isRqY7hehl #ad #RoadToReal,,,coder1,pending,15,1,affiliative,non_humor,not_applicable,1,,,
C00763,classifier_disagreement,22,Ford Motor,@Ford,1637899870915952643,https://x.com/Ford/status/1637899870915952643,Mon Mar 20 19:32:14 +0000 2023,RT @FordTrucks: The goal was to forge a path to greatness… objective complete ✅ 🛻 https://t.co/sWzMI75YDV,,,coder1,pending,29,0,non_humorous,humor,affiliative,1,,,
C01290,high_engagement_posts,42,Target,@target,1398293063097884673,https://x.com/target/status/1398293063097884673,Fri May 28 15:00:19 +0000 2021,The #Evermore vinyl is here. ❤️ Share your photos with the Target exclusive version of @TaylorSwift13's album: https://t.co/LJhZYRcjdu https://t.co/pMl2LzGIrw,,,coder1,pending,4967,0,non_humorous,ambiguous,ambiguous_or_review,0,,,
C00641,random_fortune_sample,44,Walt Disney,@Disney,1822093532741648554,https://x.com/Disney/status/1822093532741648554,Sat Aug 10 02:12:05 +0000 2024,"Get ready, Disney fans! The Disney Entertainment Showcase at #D23: The Ultimate Disney Fan Event is about to begin. Follow along for live updates! https://t.co/cowfthQ6Fg",,,coder1,pending,1258,0,non_humorous,ambiguous,ambiguous_or_review,0,,,
C00134,type_uncertain,69,Nationwide,@nationwide,2015530114788786234,https://x.com/nationwide/status/2015530114788786234,Sun Jan 25 21:00:00 +0000 2026,"This trophy isn’t just heavy, it’s a 30+ lb symbol of impact. The Walter Payton @NFL Man of the Year award honors players who lead on and off the field. https://t.co/ZpZpBBSjDx",,,coder1,pending,1174,1,affiliative,ambiguous,ambiguous_or_review,0,,,
C00316,classifier_disagreement,2,Walmart,@walmart,1903115776803963231,https://x.com/walmart/status/1903115776803963231,Fri Mar 21 16:05:34 +0000 2025,Having free will means I can go on three Walmart runs in a day,,,coder1,pending,160,1,affiliative,non_humor,not_applicable,1,,,
C00347,random_fortune_sample,92,Uber Technologies,@Uber,1925592688365379954,https://x.com/Uber/status/1925592688365379954,Thu May 22 16:40:47 +0000 2025,RT @UberEats: The deals are deal-ing 🙌 Whether you're a jetsetter scoring @Delta Skymiles ✈️ living your best life in pajamas with @McDonal…,,,coder1,pending,6,0,non_humorous,ambiguous,ambiguous_or_review,0,,,
C00374,high_engagement_posts,44,Walt Disney,@Disney,2033328504268296232,https://x.com/Disney/status/2033328504268296232,Sun Mar 15 23:44:27 +0000 2026,"Make the memories that never leave you, where magic meets the sea. 🚢🌙✨ https://t.co/qARpm1zEjz",,,coder1,pending,4344,0,non_humorous,ambiguous,ambiguous_or_review,0,,,
C00295,low_engagement_posts,89,Enterprise Products Partners,@EProd_Careers,1677827465656537095,https://x.com/EProd_Careers/status/1677827465656537095,Sat Jul 08 23:50:14 +0000 2023,Discover exciting and rewarding ways to apply your talents at Enterprise Products. Click here to find out more! https://t.co/ckxjaxRmue,,,coder1,pending,0,1,aggressive,non_humor,not_applicable,1,,,
C01442,low_engagement_posts,89,Enterprise Products Partners,@EProd_Careers,1683562774671261698,https://x.com/EProd_Careers/status/1683562774671261698,Mon Jul 24 19:40:19 +0000 2023,"We want to find the right people to drive our success at Enterprise Products. Could that be you? Click here to learn more about joining our team in Mentone, TX. https://t.co/KmJbc3EqE4 #OperationsJobs",,,coder1,pending,0,1,affiliative,ambiguous,ambiguous_or_review,0,,,
C00527,type_uncertain,36,Goldman Sachs Group,@GoldmanSachs,1782942764616872101,https://x.com/GoldmanSachs/status/1782942764616872101,Wed Apr 24 01:20:55 +0000 2024,"India’s renewable energy capacity could double by the end of the decade, and integrated transmission grid will be the main enabler, said our Co-head of APAC Natural Resources and Clean Energy Research Nikhil Bhandari on CNBC: https://t.co/Je4cDXXa9B https://t.co/Rs47dFXqMa",,,coder1,pending,55,1,affiliative,non_humor,not_applicable,1,,,
C01213,random_fortune_sample,89,Enterprise Products Partners,@EProd_Careers,1681387496972898304,https://x.com/EProd_Careers/status/1681387496972898304,Tue Jul 18 19:36:32 +0000 2023,"Think you would excel as our next Inland Wheelman – Starting Pay: $600/day – \*Offering $5,000 sign on bonus\*? Consider Enterprise Products as YOUR pipeline for career success! Apply today. https://t.co/y7t5PDbKuy #Wheelman",,,coder1,pending,0,1,affiliative,non_humor,not_applicable,1,,,
C01063,type_uncertain,9,Exxon Mobil,@exxonmobil,1486027928727138305,https://x.com/exxonmobil/status/1486027928727138305,Tue Jan 25 17:27:21 +0000 2022,"RT @CNBC: Darren Woods, CEO and chairman of Exxon Mobil, joined CNBC's 'Squawk Box' to discuss the company's pledge to hit net-zero greenho…",,,coder1,pending,17,1,self-defeating,non_humor,not_applicable,1,,,
C00384,type_uncertain,59,MetLife,@metlife,1376960895105048581,https://x.com/metlife/status/1376960895105048581,Tue Mar 30 18:13:54 +0000 2021,"Congrats to Tiffany Loo on having her artwork selected as one of the two-story-high murals that will be on display at @MetLifeStadium in 2021.

She and @BartScott57 discuss the inspiration behind the mural, which honors the millions of essential workers in our community 💚 https://t.co/28TlW327Ed",,,coder1,pending,98,1,affiliative,humor,self_enhancing,0,,,
C01083,humor_presence_uncertain,75,ConocoPhillips,@conocophillips,1694348600699162951,https://x.com/conocophillips/status/1694348600699162951,Wed Aug 23 13:59:20 +0000 2023,"Six months ago, the 36th Annual Rodeo Run helped raise money for 800+ scholarships awarded to Texas students. Our thanks to the 11,000+ participants and to @RODEOHOUSTON, one of the largest scholarship providers in the U.S. https://t.co/Ev0eGax6xC https://t.co/Qo7VYClVRI",,,coder1,pending,9,0,non_humorous,humor,self_enhancing,1,,,
C00702,humor_presence_uncertain,75,ConocoPhillips,@conocophillips,1676624032144441345,https://x.com/conocophillips/status/1676624032144441345,Wed Jul 05 16:08:14 +0000 2023,"As the face of #ConocoPhillips' community outreach in Bartlesville, Karen is a well-known community leader. She's driven several local projects, including new playground equipment at an elementary school. Discover more about impact on the community here: https://t.co/zHa6pdRcjo https://t.co/CiCed1XPRd",,,coder1,pending,10,1,aggressive,ambiguous,ambiguous_or_review,0,,,
C00406,full_chain_aggressive,31,StoneX Group,@StoneX_Official,2031671667634676030,https://x.com/StoneX_Official/status/2031671667634676030,Wed Mar 11 10:00:46 +0000 2026,"Honesty, humility, hard work and discipline – core values driving success for StoneX and @Saracens. 

Discover what this means for their players as they gear up for The Showdown 6 in association with StoneX, March 28. https://t.co/PetKgCvypK",,,coder1,pending,1,1,affiliative,humor,aggressive,0,,,
C00877,random_fortune_sample,36,Goldman Sachs Group,@GoldmanSachs,1833615252644053016,https://x.com/GoldmanSachs/status/1833615252644053016,Tue Sep 10 21:15:17 +0000 2024,RT @NYSE: The NYSE welcomes @GoldmanSachs One Million Black Women: Black in Business to celebrate the start of the latest cohort of 300 sch…,,,coder1,pending,58,0,non_humorous,ambiguous,ambiguous_or_review,0,,,
C01410,random_fortune_sample,99,Nike,@nike,2042244384633274492,https://x.com/nike/status/2042244384633274492,Thu Apr 09 14:12:59 +0000 2026,"Don’t Mess With Tejas.

The Ranger’s 2026 City Connect uniform reimagines elements of past Rangers looks while celebrating the Mexican influence woven into the state’s identity — and into the name the team proudly represents. 

From the “Tejas” name across the chest to the paper picador patch, these uniforms are a reminder that whether pronounced with an X or a J, the it’s the same place and a shared pride in calling Tejas home. 

Available now at https://t.co/eacxrL7nY7",,,coder1,pending,888,1,affiliative,humor,self_enhancing,0,,,
C00435,humor_presence_uncertain,67,Eli Lilly,@EliLillyandCo,1335964652099022853,https://x.com/EliLillyandCo/status/1335964652099022853,Mon Dec 07 15:09:28 +0000 2020,"Loxo Oncology at Lilly announced results from the Phase 1/2 BRUIN study in #CLL and #SLL.

We’re proud to share these data at #ASH20. Learn more: https://t.co/dCd78MA1Jo https://t.co/vnuDdPEFwh",,,coder1,pending,8,1,affiliative,ambiguous,ambiguous_or_review,0,,,
C01009,type_uncertain,33,Freddie Mac,@FreddieMac,1961458841066823937,https://x.com/FreddieMac/status/1961458841066823937,Fri Aug 29 16:00:04 +0000 2025,"By preserving rents at workforce housing properties, modest-to-low income tenants can be supported. With our Workforce Housing Preservation, learn how borrowers are leading the way with a private-sector approach to providing attainable housing.  https://t.co/osMgzGBgR9 https://t.co/2euQtOpkNz",,,coder1,pending,8,1,affiliative,non_humor,not_applicable,1,,,
C01169,type_uncertain,93,USAA,@usaa,1608581443869106176,https://x.com/usaa/status/1608581443869106176,Thu Dec 29 21:51:16 +0000 2022,USAA is proud to be the Official Military Appreciation Sponsor of today’s @valeroalamobowl in San Antonio. Visit us at the #FANZONE pre-game! https://t.co/I97IhHrwIU,,,coder1,pending,30,1,affiliative,non_humor,not_applicable,1,,,
C00392,humor_presence_uncertain,12,JPMorgan Chase,@jpmorgan,1629498558813466628,https://x.com/jpmorgan/status/1629498558813466628,Sat Feb 25 15:08:25 +0000 2023,Energy is high tonight in #Dubai for the @DDFTennis @WTA Women’s Final 🎾. We’re proud to be supporters for the eighth year running. https://t.co/Q4IvPJRuwT,,,coder1,pending,70,0,non_humorous,humor,self_enhancing,1,,,
C00298,full_chain_aggressive,99,Nike,@nike,1948385111910609004,https://x.com/nike/status/1948385111910609004,Thu Jul 24 14:09:44 +0000 2025,"Hoopers get your hard hats. It’s time to go to work. 

The Sabrina 3 ‘Blueprint’ is available now. https://t.co/hTF7SR0lP3",,,coder1,pending,2610,0,non_humorous,humor,aggressive,1,,,
C00158,firm_balanced_sample,94,TIAA,@tiaa,1623083192285818880,https://x.com/tiaa/status/1623083192285818880,Tue Feb 07 22:16:03 +0000 2023,RT @p4parity: 📢 Join us on 2/22 at 1:45pm ET for a Black History Month leadership talk with our CEO Sandra Quince and @TIAA Chief Human Res…,,,coder1,pending,5,0,non_humorous,non_humor,not_applicable,0,,,
C00934,random_fortune_sample,37,Comcast,@comcast,1811061384756539628,https://x.com/comcast/status/1811061384756539628,Wed Jul 10 15:34:16 +0000 2024,"RT @LIFT_Labs: Coming soon to Black Experience on @Xfinity, @Peacock, and @Xumoplay—#CultureCapitalSeries, the story of nine game-changing…",,,coder1,pending,3,0,non_humorous,ambiguous,ambiguous_or_review,0,,,
C01123,random_fortune_sample,10,Cencora,@CencoraGlobal,1852376355708551300,https://x.com/CencoraGlobal/status/1852376355708551300,Fri Nov 01 15:45:13 +0000 2024,"Tim Cernohous reflects on his first time attending ThoughtSpot, highlighting the invigorating experience of engaging with customers and understanding their evolving needs and challenges. 

Read his thoughts:https://t.co/xSACZ8jiZt https://t.co/0xi8Ijn41G",,,coder1,pending,4,0,non_humorous,humor,affiliative,1,,,
C00880,classifier_disagreement,53,Energy Transfer,@energytransfer,2051653481413407221,https://x.com/energytransfer/status/2051653481413407221,Tue May 05 13:21:22 +0000 2026,"#EarningsCall: In our NGL segment, NGL exports were up 19%, setting a new Partnership record.
NGL transportation volumes were up 12%, with NGL fractionation volumes also up 11%, setting a new Partnership record.",,,coder1,pending,1,1,aggressive,non_humor,not_applicable,1,,,
C00183,random_fortune_sample,10,Cencora,@CencoraGlobal,1653792406527983617,https://x.com/CencoraGlobal/status/1653792406527983617,Wed May 03 16:03:30 +0000 2023,"We are proud to be listed as one of @Forbes' Best Employers for Diversity in America. 

We are committed to playing a meaningful role in our communities and workplaces by creating pathways for every team member to thrive. https://t.co/hBC1tiVbgd",,,coder1,pending,8,1,affiliative,non_humor,not_applicable,1,,,
C01358,humor_presence_uncertain,31,StoneX Group,@StoneX_Official,2053762237349707782,https://x.com/StoneX_Official/status/2053762237349707782,Mon May 11 09:00:49 +0000 2026,"Coffee prices are under pressure as a record Brazil crop and rising global supply point to a surplus in 2026, reshaping the market outlook despite ongoing risks. 

Download the StoneX 2026 Commodities Outlook: https://t.co/Z4M2zkydIg https://t.co/ekmcNFM8rZ",,,coder1,pending,2,0,non_humorous,non_humor,not_applicable,0,,,
C00514,random_fortune_sample,52,Lowe's,@lowes,1360606770222297091,https://x.com/lowes/status/1360606770222297091,Sat Feb 13 15:08:27 +0000 2021,"April almost didn’t apply for the Lowe’s Small Business Grant but decided to give it another shot. Receiving her grant has allowed April to hire five employees, stock up on inventory and continue feeding the community. https://t.co/PTwhLRJg6d",,,coder1,pending,11,1,aggressive,ambiguous,ambiguous_or_review,0,,,
C01230,high_engagement_posts,84,HP,@hp,2033132157359509931,https://x.com/hp/status/2033132157359509931,Sun Mar 15 10:44:14 +0000 2026,"Congratulations to @LewisHamilton  and @ScuderiaFerrari HP on a strong P3 finish in Shanghai — his first Grand Prix podium with the team, and a result that reflects growth, trust, and execution at the highest level. https://t.co/JXw4Cmy3sh",,,coder1,pending,4981,1,affiliative,ambiguous,ambiguous_or_review,0,,,
C00375,wendys_transfer_aggressive,64,Allstate,@allstate,1394700249030090758,https://x.com/allstate/status/1394700249030090758,Tue May 18 17:03:46 +0000 2021,RT @WeAreAFCA: Have a student-athlete who stands out amongst all the rest for their dedication to giving back? Submit your nomination for t…,,,coder1,pending,3,1,aggressive,ambiguous,ambiguous_or_review,0,,,
C01142,type_uncertain,22,Ford Motor,@Ford,1631323643551653890,https://x.com/Ford/status/1631323643551653890,Thu Mar 02 16:00:39 +0000 2023,"In honor of Women’s History Month, we’re celebrating female athletes in our community who are breaking barriers and defying stereotypes on the courts and racetracks 🎾 🏎 #WHM #ItsHerTurn https://t.co/fg9IDZMjr4",,,coder1,pending,176,1,affiliative,humor,self_enhancing,0,,,
C00308,high_engagement_posts,78,Prudential Financial,@Prudential,1131224531199299584,https://x.com/Prudential/status/1131224531199299584,Wed May 22 15:45:20 +0000 2019,Saving for college and retirement at the same time is tough. Especially for a town that’s booming with babies. https://t.co/bYoNsvMicx,,,coder1,pending,1713,0,non_humorous,ambiguous,ambiguous_or_review,0,,,
C00928,high_engagement_posts,44,Walt Disney,@Disney,1975453298514870431,https://x.com/Disney/status/1975453298514870431,Tue Oct 07 06:49:03 +0000 2025,"Nine Inch Nails closes out the #TronAres World Premiere. 

Experience the movie this Friday in theaters. https://t.co/GXxoltKhGB",,,coder1,pending,1856,0,non_humorous,ambiguous,ambiguous_or_review,0,,,
C00492,classifier_disagreement,96,Travelers,@travelers,1669438706028105748,https://x.com/travelers/status/1669438706028105748,Thu Jun 15 20:16:18 +0000 2023,"RT @TeamRubicon: Three massive storms. Zero headlines. A community needing support. That was the story of Selma, Alabama, which endured a h…",,,coder1,pending,21,1,aggressive,non_humor,not_applicable,1,,,
C01320,wendys_transfer_aggressive,87,Tyson Foods,@tysonfoods,1142116478566699008,https://x.com/tysonfoods/status/1142116478566699008,Fri Jun 21 17:06:02 +0000 2019,"""Children come out all the time, but my story is unique, because I got to experience it twice."" This mother's love/support of her two LGBTQ children is what #PrideMonth is all about. Check it out on #TheFeedBlog #InclusionMatters #RaisingExpectations https://t.co/TCLlIE0VNa",,,coder1,pending,2,1,aggressive,ambiguous,ambiguous_or_review,0,,,
C00723,low_engagement_posts,25,Home Depot,@HDCares,778327020979752960,https://x.com/HDCares/status/778327020979752960,Tue Sep 20 20:16:37 +0000 2016,@DCGirl53 We hate to keep you waiting! Pls send ur order number/contact info to TeamSocial@homedepot.com for help.  -TeamCare,,,coder1,pending,0,0,non_humorous,non_humor,not_applicable,0,,,
C01402,wendys_transfer_aggressive,72,Publix Super Markets,@Publix,1542145867825795073,https://x.com/Publix/status/1542145867825795073,Wed Jun 29 14:00:01 +0000 2022,"If you could be any Publix Bakery item, which would you be? 🍪🎂🥐",,,coder1,pending,252,1,aggressive,non_humor,not_applicable,1,,,
C00099,low_engagement_posts,69,Nationwide,@nationwide,1723495377733914641,https://x.com/nationwide/status/1723495377733914641,Sun Nov 12 00:18:13 +0000 2023,"Beautiful day for Fan Fest ☀️

@NWSL | #NWSLChampionship https://t.co/MFGnlgzkGq",,,coder1,pending,0,0,non_humorous,non_humor,not_applicable,0,,,
C00683,type_uncertain,67,Eli Lilly,@EliLillyandCo,1983515507811582403,https://x.com/EliLillyandCo/status/1983515507811582403,Wed Oct 29 12:45:23 +0000 2025,"We just made it easier to get authentic obesity management medicines at DTC prices. 

We’re teaming up with @Walmart so patients can access LillyDirect prices, with pickup at a Walmart pharmacy! 

Learn more: https://t.co/IG1QFZREzt https://t.co/1FLHyp9vKN",,,coder1,pending,24,1,affiliative,ambiguous,ambiguous_or_review,0,,,
C00603,humor_presence_uncertain,6,CVS Health,@cvshealth,1530187071817670657,https://x.com/cvshealth/status/1530187071817670657,Fri May 27 14:00:02 +0000 2022,"As part of our strategy to improve primary care and meet our customers where they are, we are launching CVS Health Virtual Primary Care, an innovative virtual care solution designed to offer a more seamless and consumer-focused health care experience. https://t.co/cE6I61OqgA https://t.co/8r3NxV44Q8",,,coder1,pending,16,1,affiliative,ambiguous,ambiguous_or_review,0,,,
C01163,humor_presence_uncertain,79,TJX,@tjmaxx,786225976464158720,https://x.com/tjmaxx/status/786225976464158720,Wed Oct 12 15:24:14 +0000 2016,@PauAher48 Thanks for reaching out. Please let us know the location of the store you were in so we can address this with the Store Manager.,,,coder1,pending,0,1,affiliative,ambiguous,ambiguous_or_review,0,,,
C00133,random_fortune_sample,37,Comcast,@comcast,1785752234178879611,https://x.com/comcast/status/1785752234178879611,Wed May 01 19:24:44 +0000 2024,"RT @nbc: We are AANHPI AMPLIFIED at @NBCUniversal, celebrating our Asian American, Native Hawaiian, and Pacific Islander colleagues across…",,,coder1,pending,9,0,non_humorous,ambiguous,ambiguous_or_review,0,,,
C00609,high_engagement_posts,44,Walt Disney,@Disney,1844787544413577527,https://x.com/Disney/status/1844787544413577527,Fri Oct 11 17:09:59 +0000 2024,"RT @DisneyStudios: #LiloAndStitch, coming to theaters on May 23, 2025! https://t.co/bJ2e5fQzAt",,,coder1,pending,1661,0,non_humorous,ambiguous,ambiguous_or_review,0,,,
C01332,humor_presence_uncertain,88,Intel,@intel,2051398969712906527,https://x.com/intel/status/2051398969712906527,Mon May 04 20:30:02 +0000 2026,"Together, @IBM watsonx, #IntelXeon 6, and #IntelAI accelerators help organizations run AI workloads with greater flexibility and better price-performance—and that partnership is on display at IBM #Think2026.

Learn more about Intel at IBM Think: https://t.co/gB9DgBRwS6 https://t.co/xx76liM2Np",,,coder1,pending,89,0,non_humorous,ambiguous,ambiguous_or_review,0,,,
C00846,random_fortune_sample,21,Chevron,@chevron,1797649884381900805,https://x.com/chevron/status/1797649884381900805,Mon Jun 03 15:21:45 +0000 2024,The correct answer is all of the above.,,,coder1,pending,12,1,aggressive,ambiguous,ambiguous_or_review,0,,,
C00548,full_chain_aggressive,57,Albertsons,@albertsons,1043500840739205121,https://x.com/albertsons/status/1043500840739205121,Sat Sep 22 14:02:42 +0000 2018,Autumn is here and comfort food is what's for dinner! This Peppered Beef Cross Rib Roast will hit the spot. Find a store to get everything you need: https://t.co/0H7rm61uyi https://t.co/D23og5uK4h,,,coder1,pending,16,0,non_humorous,humor,aggressive,1,,,
C00360,random_fortune_sample,87,Tyson Foods,@tysonfoods,1247223980508897281,https://x.com/tysonfoods/status/1247223980508897281,Mon Apr 06 18:05:43 +0000 2020,"This picture could be the near term future of entering US workplaces, infrared body temperature scanners to detect if employees have a fever, a common symptom of COVID-19. @TysonFoods  is deploying now, Goldman Sachs and UPS are looking into it. @CNBC 
https://t.co/VTdn0VgrVa",,,coder1,pending,30,1,affiliative,ambiguous,ambiguous_or_review,0,,,
C01069,classifier_disagreement,45,Johnson & Johnson,@JNJNews,1328744715244634112,https://x.com/JNJNews/status/1328744715244634112,Tue Nov 17 17:00:01 +0000 2020,"With the holidays coming soon, the U.S. is seeing its highest number of novel coronavirus cases to date. Dr. Alison Schwartz and Johnson &amp; Johnson’s Dr. Paul Stoffels share tips on staying protected and quarantining effectively. https://t.co/VnyKhFPqqP",,,coder1,pending,20,0,non_humorous,humor,affiliative,1,,,
C00442,random_fortune_sample,82,Oracle,@oracle,1977856876172673319,https://x.com/oracle/status/1977856876172673319,Mon Oct 13 22:00:00 +0000 2025,Tomorrow! Make sure to tune into Larry Ellison’s keynote live from #AIWorld: https://t.co/kcW3zWfNmU https://t.co/1cmh0GW62y,,,coder1,pending,123,0,non_humorous,non_humor,not_applicable,0,,,
C00355,random_fortune_sample,56,American Express,@americanexpress,1527849147327553538,https://x.com/americanexpress/status/1527849147327553538,Sat May 21 03:09:57 +0000 2022,"Got my @americanexpress exclusive crewneck, Harry absolutely killed it tonight, and I had the best time. #withamex https://t.co/tjBu0Ruo7O",,,coder1,pending,41,0,non_humorous,ambiguous,ambiguous_or_review,0,,,
C00978,wendys_transfer_aggressive,65,Caterpillar,@CaterpillarInc,1473319283556073476,https://x.com/CaterpillarInc/status/1473319283556073476,Tue Dec 21 15:47:44 +0000 2021,"As January 1 gets closer, don’t just think about change: do it! Start your training as a Cat dealer technician: https://t.co/VKPz9Yfki3. https://t.co/N1YDd5sKJ3",,,coder1,pending,20,1,aggressive,non_humor,not_applicable,1,,,
C01359,random_fortune_sample,81,United Airlines Holdings,@united,1833176186714775731,https://x.com/united/status/1833176186714775731,Mon Sep 09 16:10:36 +0000 2024,Why make a wish at 11:11 when you can wish upon a triple 7? https://t.co/H2IAzSN3Ns,,,coder1,pending,828,0,non_humorous,non_humor,not_applicable,0,,,
C00951,classifier_disagreement,93,USAA,@usaa,1603396595491422209,https://x.com/usaa/status/1603396595491422209,Thu Dec 15 14:28:32 +0000 2022,"We're one day away from #CODEBOWLlll, presented by @usaa! Will another branch snatch the 🏆 from the Guardians (of the Solar System)? 

Tune in on @CallofDuty's Twitch, Facebook, and YouTube to see U.S. and U.K. teams throw down in Call of Duty #Warzone 2.0. https://t.co/KBlsCVEwIp",,,coder1,pending,56,0,non_humorous,humor,affiliative,1,,,
C00781,humor_presence_uncertain,54,Procter & Gamble,@ProcterGamble,1699768768442802198,https://x.com/ProcterGamble/status/1699768768442802198,Thu Sep 07 12:57:09 +0000 2023,"RT @M25M_org: Our team will begin providing free laundry services through @tide tomorrow, 9/7 from 9 AM - 5 PM EDT, or until capacity is re…",,,coder1,pending,5,0,non_humorous,ambiguous,ambiguous_or_review,0,,,
C00369,type_uncertain,69,Nationwide,@nationwide,1623892886252138496,https://x.com/nationwide/status/1623892886252138496,Fri Feb 10 03:53:29 +0000 2023,"To the man doing everything he can 4️⃣ his community, we salute @dak as the 2022 NFL Walter Payton Man of the Year. 👏👏👏

#DallasCowboys  | @Nationwide | #NFLHonors https://t.co/X8tfqV7GGn",,,coder1,pending,16182,1,affiliative,ambiguous,ambiguous_or_review,0,,,
C01471,wendys_transfer_aggressive,55,Sysco,@sysco,1548351778894188548,https://x.com/sysco/status/1548351778894188548,Sat Jul 16 17:00:05 +0000 2022,"Chef Aaron Holt of Iowa had a blast  presenting Tempura Fried Green Beans with Bacon Jam Aioli during a business review with a Sysco customer.

Talk to your Sales Consultant about booking your own Business Review. https://t.co/um7NYtR6oC",,,coder1,pending,9,1,aggressive,ambiguous,ambiguous_or_review,0,,,
C01468,classifier_disagreement,61,Lockheed Martin,@lockheedmartin,1866121403633668560,https://x.com/lockheedmartin/status/1866121403633668560,Mon Dec 09 14:03:08 +0000 2024,"Go Behind the Wings of the F-16 with Greg, a @usairforce veteran and sustainment project engineer. Greg plays a vital role in ensuring our operators have the most reliable, mission-ready aircraft to carry out critical operations and safeguard our nation. https://t.co/yS91TLp133",,,coder1,pending,482,0,non_humorous,humor,self_enhancing,1,,,
C00755,random_fortune_sample,79,TJX,@tjmaxx,799355437812510720,https://x.com/tjmaxx/status/799355437812510720,Thu Nov 17 20:56:02 +0000 2016,"RT @HaylieDuff: Last chance! Tweet using #BringBackHolidays &amp; #Contest for a flight home thanks to @marshalls, @tjmaxx &amp; @homegoods! #ad ht…",,,coder1,pending,134,0,non_humorous,ambiguous,ambiguous_or_review,0,,,
C01103,classifier_disagreement,61,Lockheed Martin,@lockheedmartin,1986508884475891714,https://x.com/lockheedmartin/status/1986508884475891714,Thu Nov 06 19:00:00 +0000 2025,Seamless integration. Enhanced mission capabilities. That’s the STAR.OS™ solution. Our new integration framework enables different AI systems to work together effectively and efficiently for national security. #AI Learn more: 👇,,,coder1,pending,211,1,self-enhancing,non_humor,not_applicable,1,,,
C01295,high_engagement_posts,44,Walt Disney,@Disney,1930798597638869015,https://x.com/Disney/status/1930798597638869015,Fri Jun 06 01:27:12 +0000 2025,"Disneyland Resort announces plans for a new parking structure and transportation hub on the east side of the resort that will provide approx. 6,000 parking spaces and feature a pedestrian bridge with public access to and from Harbor Boulevard and more. https://t.co/LCTtoWmKp6 https://t.co/d4fZaYc5Rj",,,coder1,pending,3010,0,non_humorous,ambiguous,ambiguous_or_review,0,,,
C00401,firm_balanced_sample,79,TJX,@tjmaxx,856137195987644416,https://x.com/tjmaxx/status/856137195987644416,Sun Apr 23 13:26:28 +0000 2017,"@haley_mckibben Hi Haley, Thanks for letting us know. We will share your feedback with the Store Manager.",,,coder1,pending,0,0,non_humorous,non_humor,not_applicable,0,,,
C00962,full_chain_aggressive,62,New York Life Insurance,@NewYorkLife,1500897243800522752,https://x.com/NewYorkLife/status/1500897243800522752,Mon Mar 07 18:12:42 +0000 2022,The #BraveofHeartFund continues to honor the hard work and sacrifice of healthcare workers by partnering with @ScholAmerica to offer scholarship funding for their families.,,,coder1,pending,1,1,affiliative,humor,aggressive,0,,,
C00521,humor_presence_uncertain,49,RTX,@RTX_News,1865042382061801886,https://x.com/RTX_News/status/1865042382061801886,Fri Dec 06 14:35:29 +0000 2024,RT @ModBattlespace: The #JSE is an incredible example of the power of converged testing and training environments. But any future environme…,,,coder1,pending,2,0,non_humorous,ambiguous,ambiguous_or_review,0,,,
C01255,low_engagement_posts,25,Home Depot,@HDCares,846865985609109506,https://x.com/HDCares/status/846865985609109506,Tue Mar 28 23:25:59 +0000 2017,@amaandalvarez What’s going on? Email us add’l details/contact info/tweet to TeamSocial@homedepot.com so we can address this.,,,coder1,pending,0,1,affiliative,ambiguous,ambiguous_or_review,0,,,
C01231,wendys_transfer_aggressive,62,New York Life Insurance,@NewYorkLife,1582406282119708674,https://x.com/NewYorkLife/status/1582406282119708674,Tue Oct 18 16:20:32 +0000 2022,1 in 13 U.S. children will grieve the death of a parent or sibling before they reach adulthood. Join us 11/1 to discuss grief beyond a single moment in time. Attendees will learn from experts in bereavement space including #NYLFoundation thought leaders.,,,coder1,pending,9,1,aggressive,non_humor,not_applicable,1,,,
C00354,firm_balanced_sample,77,AbbVie,@abbvie,1989347589230403924,https://x.com/abbvie/status/1989347589230403924,Fri Nov 14 15:00:00 +0000 2025,How are we working to address the needs of those living with #ParkinsonsDisease? Learn about our efforts from our sponsored article with @statnews: https://t.co/7y3p57v96n https://t.co/OAeS0p32bh,,,coder1,pending,7,0,non_humorous,ambiguous,ambiguous_or_review,0,,,
C00617,wendys_transfer_aggressive,89,Enterprise Products Partners,@EProd_Careers,1681386239830933504,https://x.com/EProd_Careers/status/1681386239830933504,Tue Jul 18 19:31:32 +0000 2023,"If you’re ready to start a new career in Carlsbad, NM, the Enterprise Products team awaits you. Click here to learn more about this fantastic opportunity. https://t.co/e5ZlU1lAnF #TechnicianJobs",,,coder1,pending,0,1,aggressive,non_humor,not_applicable,1,,,
C00991,humor_presence_uncertain,45,Johnson & Johnson,@JNJNews,1370423321351839753,https://x.com/JNJNews/status/1370423321351839753,Fri Mar 12 17:15:55 +0000 2021,"WHO today listed the #COVID19 vaccine developed by Janssen (Johnson &amp; Johnson), for emergency use in all countries and for COVAX roll-out https://t.co/zwKdoxuntn https://t.co/naclx9Xnzs",,,coder1,pending,737,0,non_humorous,ambiguous,ambiguous_or_review,0,,,
C00994,high_engagement_posts,43,Tesla,@tesla,2056491309029011639,https://x.com/tesla/status/2056491309029011639,Mon May 18 21:45:10 +0000 2026,"FSD has eyes in the back of its head

Human drivers – even the best &amp; most responsible ones – do not",,,coder1,pending,4464,1,aggressive,ambiguous,ambiguous_or_review,0,,,
C00244,firm_balanced_sample,15,Cardinal Health,@cardinalhealth,1722615036492075144,https://x.com/cardinalhealth/status/1722615036492075144,Thu Nov 09 14:00:03 +0000 2023,"Theranostics Week! Join us for a series of educational webinars dedicated to #theranostics and the groundbreaking field of #nuclearmedicine. Earn up to six hours of CE credit. #HCPs 

Register today at https://t.co/sl9LET2NBw https://t.co/7WM8p3FIL1",,,coder1,pending,4,1,affiliative,ambiguous,ambiguous_or_review,0,,,
C00676,humor_presence_uncertain,96,Travelers,@travelers,1674407783104380928,https://x.com/travelers/status/1674407783104380928,Thu Jun 29 13:21:39 +0000 2023,".@mojganlefebvre, EVP and Chief Technology &amp; Operations Officer at Travelers, spoke with @builtbygirls for the video series “How I Started in STEM” to help inspire the next generation to pursue careers in #STEM. Hear her story today. https://t.co/MUAYNaIEn8",,,coder1,pending,3,1,affiliative,humor,self_enhancing,0,,,
C00348,firm_balanced_sample,19,Centene,@centene,1632535155830149121,https://x.com/centene/status/1632535155830149121,Mon Mar 06 00:14:46 +0000 2023,"“Since she started using Ambetter, she’s able to go to her doctor’s appointments, she’s able to get the help she needs.” https://t.co/AkASQENYIH #Centene https://t.co/WZyZoraJQN",,,coder1,pending,8,0,non_humorous,ambiguous,ambiguous_or_review,0,,,
C00794,firm_balanced_sample,2,Walmart,@walmart,1702716870376268122,https://x.com/walmart/status/1702716870376268122,Fri Sep 15 16:11:51 +0000 2023,The goal in life is to be known as the fam with the best snacks at every game.,,,coder1,pending,202,1,affiliative,ambiguous,ambiguous_or_review,0,,,
C01228,random_fortune_sample,64,Allstate,@allstate,1317123186312597506,https://x.com/allstate/status/1317123186312597506,Fri Oct 16 15:20:13 +0000 2020,@GoSTL Who knows which song we used in our new commercial about smooth driving? 🎵,,,coder1,pending,9,1,self-enhancing,non_humor,not_applicable,1,,,
C00193,type_uncertain,86,American Airlines Group,@AmericanAir,1851681135115313246,https://x.com/AmericanAir/status/1851681135115313246,Wed Oct 30 17:42:39 +0000 2024,"We're celebrating our largest international hub in style as the official airline sponsor of this year's Latin GRAMMY Awards®, which will take place in Miami. Music is part of la Hispanidad, or Latinos’ culture identity, and we are proud to showcase how it connects families and wanderlusters to countries and cities across Latin America. https://t.co/HN4kRXE10E",,,coder1,pending,140,1,affiliative,ambiguous,ambiguous_or_review,0,,,
C00215,firm_balanced_sample,3,UnitedHealth Group,@UnitedHealthGrp,1644331216034824193,https://x.com/UnitedHealthGrp/status/1644331216034824193,Fri Apr 07 13:28:06 +0000 2023,"See how we're working with @RainbowHealthMN to help every person, regardless of race, place, or circumstance, live their healthiest life: https://t.co/ZJwzBx1A12 https://t.co/zNFv9twoMG",,,coder1,pending,15,0,non_humorous,ambiguous,ambiguous_or_review,0,,,
C01316,random_fortune_sample,27,Kroger,@kroger,1040305365433364480,https://x.com/kroger/status/1040305365433364480,Thu Sep 13 18:25:01 +0000 2018,This is a souper awesome spin on the Japanese classic and a great way to use the leftover broth from other recipes. Recipe: https://t.co/TvqF5evkkc #FamilyMealsMonth #ZeroHungerZeroWaste https://t.co/9DJDdrLpjK,,,coder1,pending,46,0,non_humorous,humor,affiliative,1,,,
C01312,high_engagement_posts,35,AT&T,@ATT,2052583778573340817,https://x.com/ATT/status/2052583778573340817,Fri May 08 02:58:02 +0000 2026,"Week 1 @ATT Annihilator Cup Call of Duty champions with the sqaud.🕺

@HutchMF 
@yvonnie 
@theburntpeanut 
@Doublelift1",,,coder1,pending,3549,0,non_humorous,ambiguous,ambiguous_or_review,0,,,
C00493,random_fortune_sample,82,Oracle,@oracle,1976286529254240350,https://x.com/oracle/status/1976286529254240350,Thu Oct 09 14:00:00 +0000 2025,Behind every high-speed lap is a high-performance partnership. Join @redbullracing in Las Vegas next week for Oracle AI World. #AIWorld https://t.co/jcYPZQU8PR https://t.co/g7icmQQieJ,,,coder1,pending,2212,0,non_humorous,non_humor,not_applicable,0,,,
C00386,classifier_disagreement,19,Centene,@centene,1823803525534511124,https://x.com/centene/status/1823803525534511124,Wed Aug 14 19:26:59 +0000 2024,"Centene is committed to eliminating barriers to health. Last week, Centene Foundation, @littlebitSTL and other community organizations collaborated on solutions to promote school attendance and meet the needs of under-resourced children. #STL https://t.co/ITNQO8vgIQ",,,coder1,pending,5,0,non_humorous,humor,affiliative,1,,,
C00085,type_uncertain,44,Walt Disney,@Disney,1859883769664266533,https://x.com/Disney/status/1859883769664266533,Fri Nov 22 08:57:00 +0000 2024,"The stars, filmmakers, and some of the biggest fans of #Moana2 celebrated going beyond the reef at the world premiere in O'ahu! 🌺🪝🌊",,,coder1,pending,326,1,affiliative,ambiguous,ambiguous_or_review,0,,,
C00806,humor_presence_uncertain,59,MetLife,@metlife,1514211804594987012,https://x.com/metlife/status/1514211804594987012,Wed Apr 13 12:00:01 +0000 2022,"From richer benefits to work-life balance, workers want more. Learn how a focus on the whole employee can help you. https://t.co/992cxHHiT2 #MetLifeBenefitTrends2022 #BenefitTrends https://t.co/ARVs8pfSZ3",,,coder1,pending,3,0,non_humorous,non_humor,not_applicable,0,,,
C00734,humor_presence_uncertain,44,Walt Disney,@Disney,1962148384476721580,https://x.com/Disney/status/1962148384476721580,Sun Aug 31 13:40:04 +0000 2025,It's what we live for: collectibles like these 🫧  A new collectible Ursula doll by Mattel arrives September 8 🖤💜 https://t.co/SRywQNZi09 https://t.co/klsHXGgzWN,,,coder1,pending,706,0,non_humorous,ambiguous,ambiguous_or_review,0,,,
C01033,humor_presence_uncertain,45,Johnson & Johnson,@JNJNews,1617907617367560192,https://x.com/JNJNews/status/1617907617367560192,Tue Jan 24 15:30:09 +0000 2023,"Joe Wolk, Executive Vice President and Chief Financial Officer, #JNJ, on J&amp;J’s Q4 2022 #earnings and full-year financial performance. https://t.co/D0Y3P0P6z2",,,coder1,pending,15,0,non_humorous,non_humor,not_applicable,0,,,
C01443,high_engagement_posts,61,Lockheed Martin,@lockheedmartin,1908112445068988677,https://x.com/lockheedmartin/status/1908112445068988677,Fri Apr 04 11:00:32 +0000 2025,"Thumbs up for securing America's skies 👍🇺🇸 3,100+ F-16s in 28 countries demand peace though strength around the clock. https://t.co/lFX2topuo7",,,coder1,pending,2310,1,affiliative,non_humor,not_applicable,1,,,
C00545,classifier_disagreement,9,Exxon Mobil,@exxonmobil,1214184851517181953,https://x.com/exxonmobil/status/1214184851517181953,Mon Jan 06 14:00:01 +0000 2020,"Enter the quantum decade with #IBMQuantum's @dariogila and experts from @exxonmobil, @Daimler at #CES2020 and via live stream: https://t.co/sljzE7qpEf https://t.co/0aBhiMwDz3",,,coder1,pending,85,0,non_humorous,humor,affiliative,1,,,
C00185,wendys_transfer_aggressive,43,Tesla,@tesla,2036952504878194991,https://x.com/tesla/status/2036952504878194991,Wed Mar 25 23:44:56 +0000 2026,❤️,,,coder1,pending,5466,1,aggressive,ambiguous,ambiguous_or_review,0,,,
C01015,low_engagement_posts,25,Home Depot,@HDCares,763025158986690560,https://x.com/HDCares/status/763025158986690560,Tue Aug 09 14:52:28 +0000 2016,@BrockSells Pls confirm the email address you sent the email from so we can confirm receipt of your email. -TeamCare,,,coder1,pending,0,1,affiliative,non_humor,not_applicable,1,,,
C00946,type_uncertain,74,TD Synnex,@tdsynnex,1539326777742528512,https://x.com/tdsynnex/status/1539326777742528512,Tue Jun 21 19:17:57 +0000 2022,"Last Sunday, we sponsored the 10-year anniversary concert for Barcelona's English Choir in Spain.

It was an incredible evening! Thanks to all of those who attended and volunteered to make it possible.

#WeAreTDSYNNEX https://t.co/zgFIw0y4FO",,,coder1,pending,4,1,affiliative,ambiguous,ambiguous_or_review,0,,,
C00455,type_uncertain,34,Humana,@humana,1590773788806975500,https://x.com/humana/status/1590773788806975500,Thu Nov 10 18:30:01 +0000 2022,Humana members with questions about services available to them should call the toll-free phone number on the back of their Humana ID card. More information and additional resources can be found here → https://t.co/1RUBBPEbmA,,,coder1,pending,1,1,aggressive,humor,affiliative,0,,,
C01157,wendys_transfer_aggressive,69,Nationwide,@nationwide,1733624348504707443,https://x.com/nationwide/status/1733624348504707443,Sat Dec 09 23:07:08 +0000 2023,FINAL. WHISTLE.,,,coder1,pending,1161,1,aggressive,ambiguous,ambiguous_or_review,0,,,
C00836,low_engagement_posts,91,General Dynamics,@generaldynamics,1531709290108567555,https://x.com/generaldynamics/status/1531709290108567555,Tue May 31 18:48:47 +0000 2022,"RT @GDBIW: “The best prepared win, the second best prepared lose and by God the Barnum is going to be the best prepared,” said DDG 124 name…",,,coder1,pending,1,1,affiliative,non_humor,not_applicable,1,,,
C01096,humor_presence_uncertain,14,Cigna Group,@Cigna,1653470981770424320,https://x.com/Cigna/status/1653470981770424320,Tue May 02 18:46:16 +0000 2023,"Did you know mental health conditions can intensify physical health symptoms and even double or triple health care costs?Employers can curtail these costs with integrated health benefits to provide a more holistic care experience.

https://t.co/5h7Iy7h5sn

#CignaNews https://t.co/PZJ5kqMhBh",,,coder1,pending,23,1,affiliative,ambiguous,ambiguous_or_review,0,,,
C00101,random_fortune_sample,42,Target,@target,1450852993495191560,https://x.com/target/status/1450852993495191560,Wed Oct 20 15:54:43 +0000 2021,"Joe would think the self-checkout machine is flirting with him, tbh",,,coder1,pending,1259,1,aggressive,ambiguous,ambiguous_or_review,0,,,
C00655,high_engagement_posts,44,Walt Disney,@Disney,1892982628833485011,https://x.com/Disney/status/1892982628833485011,Fri Feb 21 17:00:03 +0000 2025,"In ONE MONTH, return to the magical story that started it all 🍎✨

Experience Disney’s #SnowWhite only in theaters March 21. https://t.co/RAyPgDwFm4",,,coder1,pending,2208,1,aggressive,ambiguous,ambiguous_or_review,0,,,
C00182,wendys_transfer_aggressive,45,Johnson & Johnson,@JNJNews,1319684631696936961,https://x.com/JNJNews/status/1319684631696936961,Fri Oct 23 16:58:29 +0000 2020,RT @healthevoices: From how they found their purpose to how they attracted a digital audience on #socialmedia – the #HealtheVoicesHCP Advis…,,,coder1,pending,9,1,aggressive,ambiguous,ambiguous_or_review,0,,,
C00403,high_engagement_posts,46,PepsiCo,@pepsico,1486776066551205896,https://x.com/pepsico/status/1486776066551205896,Thu Jan 27 19:00:11 +0000 2022,Looking for delicious drinks with low or no added sugars? See some of the options we’ve created around the world! 🌍 https://t.co/CMCrKVbeQc,,,coder1,pending,12132,0,non_humorous,ambiguous,ambiguous_or_review,0,,,
C00795,humor_presence_uncertain,89,Enterprise Products Partners,@EProd_Careers,1680021465280942080,https://x.com/EProd_Careers/status/1680021465280942080,Sat Jul 15 01:08:25 +0000 2023,"If you’re ready to start a new career in Seminole, TX, the Enterprise Products team awaits you. Click here to learn more about this fantastic opportunity. https://t.co/mTDpni5NE8 #TechnicianJobs",,,coder1,pending,0,1,aggressive,non_humor,not_applicable,1,,,
C00112,random_fortune_sample,90,Ingram Micro Holding,@IngramMicroInc,2005745023174992062,https://x.com/IngramMicroInc/status/2005745023174992062,Mon Dec 29 20:57:33 +0000 2025,"Proud moment for Ingram Micro India!

Honored with 3 awards at the HPE Top Partners Meet 2025 in Udaipur: Best Region FY’25, Top Volume Promotion Distributor FY’24 and Top Distributor for Driving DX FY’24. 

Thank you to @HPE and our team for making this possible! #IngramMicro https://t.co/jGJ3QaXIvJ",,,coder1,pending,1,1,affiliative,ambiguous,ambiguous_or_review,0,,,
C00188,high_engagement_posts,99,Nike,@nike,2058548585306759361,https://x.com/nike/status/2058548585306759361,Sun May 24 14:00:03 +0000 2026,This player became the youngest man in history to complete the Career Grand Slam. Who is he? https://t.co/KM8EjBH7BF,,,coder1,pending,3382,0,non_humorous,ambiguous,ambiguous_or_review,0,,,
C01212,low_engagement_posts,79,TJX,@tjmaxx,773589780412112896,https://x.com/tjmaxx/status/773589780412112896,Wed Sep 07 18:32:30 +0000 2016,@swiftbaIIerini Thanks for reaching out about this. Please give Customer Service a call at 1-800-926-6299 M-F between 9-6EST.,,,coder1,pending,0,1,aggressive,non_humor,not_applicable,1,,,
C01245,humor_presence_uncertain,91,General Dynamics,@generaldynamics,1536381770958004224,https://x.com/generaldynamics/status/1536381770958004224,Mon Jun 13 16:15:33 +0000 2022,RT @GDBIW: The men &amp; women of General Dynamics Bath Iron Works are honored to be the builder of the future USS J. William Middendorf. Amb.…,,,coder1,pending,1,1,aggressive,humor,affiliative,0,,,
C01194,high_engagement_posts,44,Walt Disney,@Disney,1898437297885823429,https://x.com/Disney/status/1898437297885823429,Sat Mar 08 18:14:57 +0000 2025,"Walt Disney Imagineering shares a new look at the Monsters, Inc. coaster loading area and first-ever vertical lift that will hoist riders in the air like never before as they zoom into the door vault! https://t.co/9Rwf0YtRGX 🚪🎢 #SXSW https://t.co/fnTaDIA6AR",,,coder1,pending,8126,1,aggressive,ambiguous,ambiguous_or_review,0,,,
C01282,humor_presence_uncertain,29,Phillips 66,@Phillips66co,1422950455806763013,https://x.com/Phillips66co/status/1422950455806763013,Wed Aug 04 16:00:00 +0000 2021,"The growth of knotweed over the years has been dangerous to the environment, particularly in the Skagit Watershed area. That’s why we’re teaming up with Skagit Fisheries to help eradicate any knotweed in the area. Head to the link to learn more: https://t.co/6T1by9GyIj",,,coder1,pending,3,1,affiliative,ambiguous,ambiguous_or_review,0,,,
C00033,classifier_disagreement,72,Publix Super Markets,@Publix,1937556327464603941,https://x.com/Publix/status/1937556327464603941,Tue Jun 24 17:00:01 +0000 2025,Did your wedding have a #Publix cake? We want to see it! 🎂,,,coder1,pending,80,1,affiliative,non_humor,not_applicable,1,,,
C01495,random_fortune_sample,58,Archer Daniels Midland,@ADMupdates,1364225093996453898,https://x.com/ADMupdates/status/1364225093996453898,Tue Feb 23 14:46:23 +0000 2021,"Thank you to @ethisphere, for naming us as one of the #WorldsMostEthicalCompanies again. We're extremely proud to be recognized for our commitment to ethical business practices, transparency and corporate citizenship: https://t.co/RocSfjdPjE https://t.co/lxf0SgRWlY",,,coder1,pending,15,0,non_humorous,humor,self_enhancing,1,,,
C00326,low_engagement_posts,89,Enterprise Products Partners,@EProd_Careers,1680270719291396096,https://x.com/EProd_Careers/status/1680270719291396096,Sat Jul 15 17:38:52 +0000 2023,Enterprise Products is an organization rich in energy-related opportunities. Could this one be right for you? Click here to find out. https://t.co/mZC98rEIW6 #PlantOperator,,,coder1,pending,0,1,affiliative,ambiguous,ambiguous_or_review,0,,,
C01034,wendys_transfer_aggressive,82,Oracle,@oracle,1815416512900915578,https://x.com/oracle/status/1815416512900915578,Mon Jul 22 16:00:00 +0000 2024,What are vector databases? How are they used? And why are they important for #GenAI? We break down their advantages: https://t.co/aW52uGhANJ,,,coder1,pending,51,1,aggressive,non_humor,not_applicable,1,,,
C00952,low_engagement_posts,77,AbbVie,@abbvie,1904878912229818714,https://x.com/abbvie/status/1904878912229818714,Wed Mar 26 12:51:38 +0000 2025,"[Video description: On-screen text reads, “Oncology News.”]",,,coder1,pending,0,1,aggressive,non_humor,not_applicable,1,,,
C00624,wendys_transfer_aggressive,91,General Dynamics,@generaldynamics,1585648039255019520,https://x.com/generaldynamics/status/1585648039255019520,Thu Oct 27 15:02:07 +0000 2022,"As a tribute to President Theodore Roosevelt, an avid supporter of the Navy, Navy Day is recognized on October 27th to salute sailors for their time serving in the Navy. It was later determined that the Navy was established on October 13th, so both holidays are celebrated. https://t.co/ZAhIa3lMH0",,,coder1,pending,8,1,aggressive,humor,affiliative,0,,,
C00563,wendys_transfer_aggressive,69,Nationwide,@nationwide,1756855653782491155,https://x.com/nationwide/status/1756855653782491155,Mon Feb 12 01:40:03 +0000 2024,She rocked that! 🎸,,,coder1,pending,9,1,aggressive,ambiguous,ambiguous_or_review,0,,,
C01003,wendys_transfer_aggressive,43,Tesla,@tesla,2047125344826826806,https://x.com/tesla/status/2047125344826826806,Thu Apr 23 01:28:10 +0000 2026,"FSD 14.3.2 feels very gentle 

the way it backs out, the way it drives

like you’re being cradled",,,coder1,pending,922,1,aggressive,ambiguous,ambiguous_or_review,0,,,
C00589,full_chain_aggressive,56,American Express,@americanexpress,1532756195638902785,https://x.com/americanexpress/status/1532756195638902785,Fri Jun 03 16:08:48 +0000 2022,"The first-ever @AmericanExpress Food Village at the #USWomensOpen features three local, woman-owned favorites from the Southern Pines community. 

If you’re at @PineNeedlesGolf this week, make sure to grab a bite like @HallyLead! #ShopSmall https://t.co/YaJJF0F6QF",,,coder1,pending,99,1,aggressive,humor,aggressive,0,,,
C01177,random_fortune_sample,93,USAA,@usaa,1868030324271378767,https://x.com/usaa/status/1868030324271378767,Sat Dec 14 20:28:30 +0000 2024,Army predictions: First to the tailgate. Second to sing. #GoArmy #ArmyNavy https://t.co/am8Xcdl9rD,,,coder1,pending,51,0,non_humorous,non_humor,not_applicable,0,,,
C01115,low_engagement_posts,24,Citigroup,@Citi,1846206383961563321,https://x.com/Citi/status/1846206383961563321,Tue Oct 15 15:07:57 +0000 2024,"“In Markets, revenues were up slightly on the back of a better-than-expected September.” – Jane Fraser, CEO

More information: https://t.co/a5qKCalzzc https://t.co/s1M6QHby0N",,,coder1,pending,0,0,non_humorous,ambiguous,ambiguous_or_review,0,,,
C00582,full_chain_aggressive,92,Uber Technologies,@Uber,1967569061791117348,https://x.com/Uber/status/1967569061791117348,Mon Sep 15 12:39:54 +0000 2025,Tokyo this month? Say less. Use Uber Taxi for your upcoming trip to Japan 🇯🇵 https://t.co/kjg0YfvzIc,,,coder1,pending,352,1,affiliative,humor,aggressive,0,,,
C00016,random_fortune_sample,74,TD Synnex,@tdsynnex,1517509644230569984,https://x.com/tdsynnex/status/1517509644230569984,Fri Apr 22 14:24:27 +0000 2022,"On behalf of all of us at TD SYNNEX, Happy #EarthDay! Learn more about this year's theme, #InvestInOurPlanet, and how one by one, we can all build a healthier planet: https://t.co/SgFvbCe0qf https://t.co/5jbsDtgtYs",,,coder1,pending,2,0,non_humorous,non_humor,not_applicable,0,,,
C00092,full_chain_aggressive,27,Kroger,@kroger,1317202478086184960,https://x.com/kroger/status/1317202478086184960,Fri Oct 16 20:35:17 +0000 2020,I’ve learned you humans like to...roast each other on Twitter? I prefer roasting a chicken in the kitchen. With lemon and olive oil. https://t.co/wUZylxjtik,,,coder1,pending,36,1,affiliative,humor,aggressive,0,,,
C00965,high_engagement_posts,43,Tesla,@tesla,2020895331613839748,https://x.com/tesla/status/2020895331613839748,Mon Feb 09 16:19:28 +0000 2026,"NEWS: Tesla has overtaken Toyota to become France’s most reliable car brand, as per a new nationwide reliability ranking published by Auto Plus magazine. https://t.co/ivSYpT0clm",,,coder1,pending,4467,1,aggressive,non_humor,not_applicable,1,,,
C00289,wendys_transfer_aggressive,11,Microsoft,@microsoft,1904209092161286218,https://x.com/microsoft/status/1904209092161286218,Mon Mar 24 16:30:00 +0000 2025,"Universities are turning the tide against cybercrime by leveraging the skills of their own students, who gain hands-on experience in security operations centers (SOCs) while defending their institutions. Win + win. https://t.co/81MWGyH00s",,,coder1,pending,206,1,aggressive,non_humor,not_applicable,1,,,
C00191,classifier_disagreement,53,Energy Transfer,@energytransfer,1979235375936676276,https://x.com/energytransfer/status/1979235375936676276,Fri Oct 17 17:17:40 +0000 2025,RT @TXforNatGas: U.S. #oilandgas producers — especially in Texas — are proving that rising energy demand can be met responsibly. The latest…,,,coder1,pending,1,1,aggressive,non_humor,not_applicable,1,,,
C00311,wendys_transfer_aggressive,12,JPMorgan Chase,@jpmorgan,1617629556508364802,https://x.com/jpmorgan/status/1617629556508364802,Mon Jan 23 21:05:15 +0000 2023,The globe's 🌎 top players go head-to-head under the chandeliers at Grand Central Terminal for @ToCSquash. #ToC2023 https://t.co/68d3rnDxwL,,,coder1,pending,62,1,aggressive,ambiguous,ambiguous_or_review,0,,,
C01057,classifier_disagreement,83,Cisco Systems,@Cisco,1887865935312146449,https://x.com/Cisco/status/1887865935312146449,Fri Feb 07 14:08:08 +0000 2025,"- Driving efficiency
- Reducing costs
– Boosting competitiveness with #sustainable tech.

Learn how we're are making an impact that help businesses as well as the planet.🌍 
https://t.co/dmrrXHvGpA https://t.co/E66LWe7wux",,,coder1,pending,24,1,self-enhancing,non_humor,not_applicable,1,,,
C00397,classifier_disagreement,78,Prudential Financial,@Prudential,1509177148724195340,https://x.com/Prudential/status/1509177148724195340,Wed Mar 30 14:34:06 +0000 2022,Prudential's sponsorship of @USAClimbing has helped the sport further its advancements in access and equity for everyone. Join us in celebrating #WomensHistoryMonth as coach Claire Gordon describes how those accomplishments are changing the culture of #sportclimbing. https://t.co/zevaCfoBSH,,,coder1,pending,16,1,affiliative,non_humor,not_applicable,1,,,
C00114,type_uncertain,93,USAA,@usaa,1923505189543199103,https://x.com/usaa/status/1923505189543199103,Fri May 16 22:25:48 +0000 2025,"Armed Forces Day is an acknowledgement of all members currently serving in the U.S. military. We are grateful for your service, sacrifice and commitment to protecting our freedom. #ArmedForcesDay2025 #MilitaryAppreciation https://t.co/n4QUJEYgaO",,,coder1,pending,44,1,affiliative,ambiguous,ambiguous_or_review,0,,,
C00848,classifier_disagreement,39,Morgan Stanley,@morganstanley,1568962574061903872,https://x.com/morganstanley/status/1568962574061903872,Sun Sep 11 14:00:02 +0000 2022,"Join us today for a moment of silence as we remember and honor the colleagues, friends, neighbors, first responders and so many more who lost their lives 21 years ago. https://t.co/7k2sDCNKWA",,,coder1,pending,67,1,affiliative,non_humor,not_applicable,1,,,
C00814,wendys_transfer_aggressive,34,Humana,@humana,1704918491571138795,https://x.com/humana/status/1704918491571138795,Thu Sep 21 18:00:18 +0000 2023,"Just what the Dr. ordered—a dose of fun. Millions of people across the country, including seniors like Jerry ""Dr. J"" Brinegar, find themselves drawn to pickleball. This low-impact, high-energy sport is easy to learn and a great way to stay active at any age. https://t.co/tGqPlAex2b",,,coder1,pending,6,1,aggressive,ambiguous,ambiguous_or_review,0,,,
C00009,firm_balanced_sample,68,Merck,@merck,1370119419280646144,https://x.com/merck/status/1370119419280646144,Thu Mar 11 21:08:19 +0000 2021,RT @JNJNews: #JNJ is honored to collaborate with @Merck and the Biden Administration to ramp up production and manufacturing of the Johnson…,,,coder1,pending,40,0,non_humorous,humor,affiliative,1,,,
C00072,full_chain_aggressive,93,USAA,@usaa,1752059351378899308,https://x.com/usaa/status/1752059351378899308,Mon Jan 29 20:01:15 +0000 2024,"Last week, we invited Zach Collins of the San Antonio Spurs to Joint Base San Antonio’s Medical and Education Training Campus (METC). Zach got a first-hand look at a combat trauma patient simulator lab &amp; assisted with a mock laparoscopic surgery in the operating room. #GoSpursGo https://t.co/0ioarudnb3",,,coder1,pending,182,1,affiliative,humor,aggressive,0,,,
C01490,full_chain_aggressive,27,Kroger,@kroger,1367852425244274690,https://x.com/kroger/status/1367852425244274690,Fri Mar 05 15:00:06 +0000 2021,Remix your leftover roasted veggies into something delicious just like @AshleyRodriguez’s Creamy Vegetable Soup recipe 😋 Click here for more recipe ideas: https://t.co/f4KiCTZdcH #mealplanning #leftovers https://t.co/LjHL4htL4c,,,coder1,pending,16,1,aggressive,humor,aggressive,0,,,
C00918,random_fortune_sample,83,Cisco Systems,@Cisco,2057810710063698012,https://x.com/Cisco/status/2057810710063698012,Fri May 22 13:08:00 +0000 2026,"Learn how The Cisco Foundation Regenerative Future Fund is supporting two early-stage biochar companies that are transforming waste, protecting water, and building more resilient communities. https://t.co/SV7IgmbBu7 https://t.co/JOOP4IL3tT",,,coder1,pending,31,0,non_humorous,non_humor,not_applicable,0,,,
C00557,high_engagement_posts,42,Target,@target,1357735803384922114,https://x.com/target/status/1357735803384922114,Fri Feb 05 17:00:15 +0000 2021,"Enjoy two Mario adventures solo or with your friends and family! Purchase the Super Mario 3D World + Bowser’s Fury game for the Nintendo Switch system on 2/12 in stores and receive a free &amp; exclusive Reusable Water Bottle, only at Target! https://t.co/r19ZxjLSFL https://t.co/D0dMGtFjaP",,,coder1,pending,3408,1,affiliative,humor,affiliative,0,,,
C01225,random_fortune_sample,15,Cardinal Health,@cardinalhealth,1620900918622396427,https://x.com/cardinalhealth/status/1620900918622396427,Wed Feb 01 21:44:28 +0000 2023,"1 in 5 #Medicare beneficiaries have #diabetes, yet many currently face coverage gaps for continuous glucose monitors. Here’s how we’re advocating for expanding coverage and increasing access across-the-board: https://t.co/8kKK6Jm5tS https://t.co/zsaWMtrwIF",,,coder1,pending,6,0,non_humorous,humor,self_enhancing,1,,,
C01322,random_fortune_sample,18,Elevance Health,@elevancehealth,1570825431003037700,https://x.com/elevancehealth/status/1570825431003037700,Fri Sep 16 17:22:21 +0000 2022,"In response to the findings and to support maternal health, we've formed partnerships with local organizations and committed to investing up to $30 million through @ElevanceFND over the next three years. ➡️ https://t.co/JmnPO6B6V3 https://t.co/GLN5XrFqU7",,,coder1,pending,4,0,non_humorous,humor,affiliative,1,,,
C01414,random_fortune_sample,18,Elevance Health,@elevancehealth,1516874753075732481,https://x.com/elevancehealth/status/1516874753075732481,Wed Apr 20 20:21:37 +0000 2022,"@AnthemInc is committed to addressing the social drivers of health, like food insecurity. Anthem volunteers recently joined with @IndyMayorJoe, @IndianaFever &amp; others to dedicate a new food pantry and garden at an Indianapolis Public School. 

https://t.co/yCuspYCHz2",,,coder1,pending,2,0,non_humorous,ambiguous,ambiguous_or_review,0,,,
C00108,low_engagement_posts,90,Ingram Micro Holding,@IngramMicroInc,2056767365841637558,https://x.com/IngramMicroInc/status/2056767365841637558,Tue May 19 16:02:07 +0000 2026,"Anyone can move boxes. We go further.

With 40+ years of executional experience, Ingram Micro handles the full product lifecycle—from fulfillment and returns to repair and IT asset recovery.

Learn more: https://t.co/ukZhKq38xF

#IngramMicro https://t.co/5swJlpgYnB",,,coder1,pending,0,0,non_humorous,ambiguous,ambiguous_or_review,0,,,
C01466,random_fortune_sample,48,UPS,@ups,1984621448497869027,https://x.com/ups/status/1984621448497869027,Sat Nov 01 14:00:00 +0000 2025,The difference a day makes... 🎃🎄 https://t.co/zy2EhsiVBE,,,coder1,pending,70,0,non_humorous,non_humor,not_applicable,0,,,
C00783,humor_presence_uncertain,26,Fannie Mae,@fanniemae,1826291934349971769,https://x.com/fanniemae/status/1826291934349971769,Wed Aug 21 16:15:02 +0000 2024,"Despite the recent decline in mortgage rates, our economists expect total home sales to remain sluggish as many consumers hold out for improved affordability. Read the ESR Group’s latest Economic and Housing Outlook here: https://t.co/raveRHZSSt https://t.co/yquTKDfkSt",,,coder1,pending,18,0,non_humorous,ambiguous,ambiguous_or_review,0,,,
C01014,type_uncertain,60,HCA Healthcare,@hcahealthcare,1760812607882063928,https://x.com/hcahealthcare/status/1760812607882063928,Thu Feb 22 23:43:34 +0000 2024,We're proud to announce HCA Healthcare’s Sarah Cannon Cancer Institute (SCCI) has successfully established an integrated management process that safely transitioned more than 75% of HCA Healthcare's CAR T-cell therapy patients into an outpatient setting for monitoring.,,,coder1,pending,19,1,affiliative,non_humor,not_applicable,1,,,
C00100,classifier_disagreement,91,General Dynamics,@generaldynamics,1599847054582611968,https://x.com/generaldynamics/status/1599847054582611968,Mon Dec 05 19:23:56 +0000 2022,RT @GulfstreamAero: Do you know why your body feels tired after flying on most aircraft? #SoundOn to learn how the Gulfstream cabin environ…,,,coder1,pending,19,1,aggressive,non_humor,not_applicable,1,,,
C00035,type_uncertain,51,Progressive,@progressive,1850977951950795250,https://x.com/progressive/status/1850977951950795250,Mon Oct 28 19:08:27 +0000 2024,Turning into your parents is like the house that hands out raisins at #Halloween: to be avoided at all costs. #DrRick https://t.co/PyFY5TBQBs,,,coder1,pending,32,1,aggressive,ambiguous,ambiguous_or_review,0,,,
C00208,humor_presence_uncertain,37,Comcast,@comcast,2010731074444558467,https://x.com/comcast/status/2010731074444558467,Mon Jan 12 15:10:20 +0000 2026,"RT @NBCOlympics: The hero’s journey began in Ancient Greece, and will continue in Milan Cortina.

The #WinterOlympics start February 6 on N…",,,coder1,pending,36,0,non_humorous,ambiguous,ambiguous_or_review,0,,,
C01085,classifier_disagreement,68,Merck,@merck,1536832152675004418,https://x.com/merck/status/1536832152675004418,Tue Jun 14 22:05:12 +0000 2022,“Complex Innovative Design - What’s in a Name? A Global Perspective on the Changing Design Landscape for Clinical Trials and What That Means for Developers” at #BIO2022 moderated by our own Alexis Miller. https://t.co/ujLkcNzidz,,,coder1,pending,6,1,affiliative,non_humor,not_applicable,1,,,
C00025,wendys_transfer_aggressive,20,Bank of America,@bankofamerica,1726280506432778320,https://x.com/bankofamerica/status/1726280506432778320,Sun Nov 19 16:45:20 +0000 2023,"When it comes to handling your business finances, where do you seek guidance the most?",,,coder1,pending,31,1,aggressive,non_humor,not_applicable,1,,,
C00926,classifier_disagreement,27,Kroger,@kroger,1119235910418219008,https://x.com/kroger/status/1119235910418219008,Fri Apr 19 13:46:50 +0000 2019,Of course we have a favorite #Krogering bag! How about you? 🛍,,,coder1,pending,21,1,affiliative,non_humor,not_applicable,1,,,
C00127,low_engagement_posts,77,AbbVie,@abbvie,1950897443224347042,https://x.com/abbvie/status/1950897443224347042,Thu Jul 31 12:32:51 +0000 2025,"[Video description: AbbVie logo followed by graph animations, with text reading, ""Q2 2025 Financial Results.""]",,,coder1,pending,0,1,aggressive,non_humor,not_applicable,1,,,
C01265,humor_presence_uncertain,83,Cisco Systems,@Cisco,1978568564329062459,https://x.com/Cisco/status/1978568564329062459,Wed Oct 15 21:08:00 +0000 2025,"For the 5th year in a row, Cisco is the #1 pure B2B brand globally, according to Interbrand's 2025 Best Global Brands Report! 🎉 https://t.co/47HTiTjztT",,,coder1,pending,51,0,non_humorous,non_humor,not_applicable,0,,,
C00010,random_fortune_sample,66,IBM,@ibm,2046349314394353859,https://x.com/ibm/status/2046349314394353859,Mon Apr 20 22:04:30 +0000 2026,"DYK @IBM won the 2026 Adobe Customer Experience Orchestration AI Technology Partner of the Year award and @ibmconsulting Western Europe was named the 2026 Adobe CXO Partner of the Year. https://t.co/UAHmWGGXVq

Attending #AdobeSummit? Congratulate the team. See you there. https://t.co/l9tvP2DU80",,,coder1,pending,29,0,non_humorous,ambiguous,ambiguous_or_review,0,,,
C00709,wendys_transfer_aggressive,53,Energy Transfer,@energytransfer,2049519829900480814,https://x.com/energytransfer/status/2049519829900480814,Wed Apr 29 16:03:00 +0000 2026,The Stanley Cup playoffs are here and the game does not happen without #oilandgas 🏒🏆 https://t.co/rgaiApSk5z,,,coder1,pending,9,1,aggressive,non_humor,not_applicable,1,,,
C00483,wendys_transfer_aggressive,57,Albertsons,@albertsons,1435241446936924163,https://x.com/albertsons/status/1435241446936924163,Tue Sep 07 14:00:01 +0000 2021,Hey students — who’s on the countdown to winter break? 😂,,,coder1,pending,11,1,aggressive,ambiguous,ambiguous_or_review,0,,,
C00710,classifier_disagreement,82,Oracle,@oracle,1968298940941365417,https://x.com/oracle/status/1968298940941365417,Wed Sep 17 13:00:11 +0000 2025,"When we said AI, cloud, security, multicloud, and success, the @8x8 team shared their unfiltered reactions—and gave us a look into how they define success in the digital era. Watch the full video 👇 https://t.co/9vrbGkPHAc",,,coder1,pending,52,1,affiliative,non_humor,not_applicable,1,,,
C00967,random_fortune_sample,81,United Airlines Holdings,@united,1754347053021618316,https://x.com/united/status/1754347053021618316,Mon Feb 05 03:31:46 +0000 2024,Desert drip. https://t.co/7NaITa3id1,,,coder1,pending,4632,0,non_humorous,non_humor,not_applicable,0,,,
C00322,random_fortune_sample,35,AT&T,@ATT,1694002694027891187,https://x.com/ATT/status/1694002694027891187,Tue Aug 22 15:04:49 +0000 2023,Congrats to the inaugural Leagues Cup champions.🏆 https://t.co/l1oNsVyg6F,,,coder1,pending,87,0,non_humorous,ambiguous,ambiguous_or_review,0,,,
C01342,random_fortune_sample,59,MetLife,@metlife,1597965547081465856,https://x.com/metlife/status/1597965547081465856,Wed Nov 30 14:47:29 +0000 2022,"""This conference speaks to who we are at MetLife. I am proud to work for a company that is highly committed to the advancement of women in STEM,"" Bill Pappas, Head of Tech &amp; Ops on why the #TTX2022 is important.",,,coder1,pending,9,1,aggressive,non_humor,not_applicable,1,,,
C01002,classifier_disagreement,61,Lockheed Martin,@lockheedmartin,1912160123453157786,https://x.com/lockheedmartin/status/1912160123453157786,Tue Apr 15 15:04:34 +0000 2025,Watch the full tour here: https://t.co/AYcCXw0EuE,,,coder1,pending,30,1,aggressive,non_humor,not_applicable,1,,,
C00788,random_fortune_sample,25,Home Depot,@homedepot,1679113532506361871,https://x.com/homedepot/status/1679113532506361871,Wed Jul 12 13:00:37 +0000 2023,"Honestly, this scares even us. https://t.co/Lky1GMQaOl",,,coder1,pending,92,0,non_humorous,non_humor,not_applicable,0,,,
C00343,random_fortune_sample,1,Amazon,@amazon,1972714545337745877,https://x.com/amazon/status/1972714545337745877,Mon Sep 29 17:26:13 +0000 2025,🏀 25 days until the @NBA tips off on @PrimeVideo. You ready? 🤩 https://t.co/0GXUjtje3k,,,coder1,pending,96,0,non_humorous,ambiguous,ambiguous_or_review,0,,,
C01144,random_fortune_sample,65,Caterpillar,@CaterpillarInc,1677414726563684360,https://x.com/CaterpillarInc/status/1677414726563684360,Fri Jul 07 20:30:10 +0000 2023,The final buzzer has sounded on this @NHL season. We had fantastic NHL experiences with our customers and look forward to hitting the rink together next season! 🏒 #NHL https://t.co/4FWr0gwVNq,,,coder1,pending,105,0,non_humorous,ambiguous,ambiguous_or_review,0,,,
C00636,wendys_transfer_aggressive,76,Galaxy Digital,@galaxydigital,1007617926902542336,https://x.com/galaxydigital/status/1007617926902542336,Fri Jun 15 13:36:49 +0000 2018,Your agencies are doing awesome work--celebrate their success and get other agencies in the community excited about your platform! https://t.co/eeF0waNWjG,,,coder1,pending,2,1,aggressive,ambiguous,ambiguous_or_review,0,,,
C01293,low_engagement_posts,25,Home Depot,@HDCares,861291964809007105,https://x.com/HDCares/status/861291964809007105,Sun May 07 18:49:41 +0000 2017,@CPurdie_bcps Thx for letting us know how we’re doing! Pls share your full experience at TeamSocial@homedepot.com.,,,coder1,pending,0,1,affiliative,ambiguous,ambiguous_or_review,0,,,
C00721,classifier_disagreement,31,StoneX Group,@StoneX_Official,2022250674914742740,https://x.com/StoneX_Official/status/2022250674914742740,Fri Feb 13 10:05:07 +0000 2026,"We are honored to be recognized as the Non-Bank FCM of the Year at the FOW International Awards Ceremony 2026. 

As a Gold Sponsor, we are proud to support the celebration of excellence and innovation across global derivatives. https://t.co/hQh9IRjn4c",,,coder1,pending,2,1,affiliative,non_humor,not_applicable,1,,,
C00707,humor_presence_uncertain,44,Walt Disney,@Disney,1859883789335609760,https://x.com/Disney/status/1859883789335609760,Fri Nov 22 08:57:05 +0000 2024,"The stars, filmmakers, and some of the biggest fans of #Moana2 celebrated going beyond the reef at the world premiere in O'ahu! 🌺🪝🌊 https://t.co/nr65ZnSTXO",,,coder1,pending,372,1,affiliative,ambiguous,ambiguous_or_review,0,,,
C01038,type_uncertain,44,Walt Disney,@Disney,2033353400742543396,https://x.com/Disney/status/2033353400742543396,Mon Mar 16 01:23:23 +0000 2026,"RT @starwars: Grogu, Pedro Pascal, and Sigourney Weaver stun at the Oscars.

Experience The Mandalorian and Grogu May 22 only in theaters a…",,,coder1,pending,1416,1,self-defeating,humor,affiliative,0,,,
C01077,random_fortune_sample,31,StoneX Group,@StoneX_Official,1991446563613274513,https://x.com/StoneX_Official/status/1991446563613274513,Thu Nov 20 10:00:34 +0000 2025,"What is volatility?

Volatility measures how quickly an asset’s price can change, so high volatility is like a tense rugby match with lots of surprises. The @Saracens team shared their take.

Follow us for more. Learn more about the partnership: https://t.co/0ht0bsK9AB

#YourSaracens #Finance #Volatility",,,coder1,pending,0,0,non_humorous,non_humor,not_applicable,0,,,
C00855,classifier_disagreement,69,Nationwide,@nationwide,1731141315495108685,https://x.com/nationwide/status/1731141315495108685,Sun Dec 03 02:40:27 +0000 2023,"How many times have we watched that last goal?

A lot. 

THANK YOU, CHRISTIAN RAMIREZ!",,,coder1,pending,11,1,affiliative,non_humor,not_applicable,1,,,
C01306,humor_presence_uncertain,23,General Motors,@GM,1450464889613525014,https://x.com/GM/status/1450464889613525014,Tue Oct 19 14:12:32 +0000 2021,"Congratulations to Dr. Mei Cai on being named the 2021 Technologist of the Year by the Women of Color STEM Conference! As the Director of Battery Cell Systems Research, Dr. Cai has played a pivotal role in developing our upcoming Ultium battery chemistry. https://t.co/5WYdhiXI5j https://t.co/ik38ZqPSSU",,,coder1,pending,71,0,non_humorous,ambiguous,ambiguous_or_review,0,,,
C01029,random_fortune_sample,69,Nationwide,@nationwide,1831037830589780111,https://x.com/nationwide/status/1831037830589780111,Tue Sep 03 18:33:32 +0000 2024,RT @NWSL: We're hosting an appreciation game for each Lauren Holiday Impact Award nominee over the next couple months. Join us in celebrati…,,,coder1,pending,23,1,self-enhancing,non_humor,not_applicable,1,,,
C00574,firm_balanced_sample,36,Goldman Sachs Group,@GoldmanSachs,1985718409711997090,https://x.com/GoldmanSachs/status/1985718409711997090,Tue Nov 04 14:38:56 +0000 2025,"China's power demand for data centers is set to rise more than 25% this year, boosted in part by companies’ efforts to bring AI to market, according to Goldman Sachs Research. Read more: https://t.co/b3qKR5GF06",,,coder1,pending,101,0,non_humorous,ambiguous,ambiguous_or_review,0,,,
C00870,wendys_transfer_aggressive,84,HP,@hp,2011502319045583326,https://x.com/hp/status/2011502319045583326,Wed Jan 14 18:14:59 +0000 2026,"The new HP EliteBook X G2 is built for the future of work. Ultra-light design meets future-ready performance for tomorrow’s AI apps, all-day battery with intelligent power, and security that’s resilient against quantum threats. 

A smarter way to work starts here. https://t.co/eyghFmgPqJ",,,coder1,pending,137,1,aggressive,non_humor,not_applicable,1,,,
C01031,firm_balanced_sample,6,CVS Health,@cvshealth,1387431240593285124,https://x.com/cvshealth/status/1387431240593285124,Wed Apr 28 15:39:19 +0000 2021,"This year, pharmacists will take on larger roles and help administer the world's most awaited vaccine. See how their roles will be augmented in the years ahead in the #HealthTrendsReport2021: https://t.co/I0eElg0TYQ https://t.co/SBCi9rZYZ6",,,coder1,pending,3,0,non_humorous,non_humor,not_applicable,0,,,
C01433,full_chain_aggressive,50,FedEx,@fedex,1980324690167230787,https://x.com/fedex/status/1980324690167230787,Mon Oct 20 17:26:13 +0000 2025,"Who owned the spotlight in Week 7?👀Cast your vote for the FedEx #AirandGround @NFL Players of the Week nominees: @Real10jayy(Ja’Marr Chase), Justin Herbert, @JalenHurts, @PatrickMahomes, @CMC_22(Christian McCaffrey) and @JayT23(Jonathan Taylor) at https://t.co/mfg3Ffmcx4! https://t.co/yZZgEsgPyg",,,coder1,pending,36,0,non_humorous,humor,aggressive,1,,,
C00981,full_chain_aggressive,22,Ford Motor,@Ford,1935351813886071168,https://x.com/Ford/status/1935351813886071168,Wed Jun 18 15:00:04 +0000 2025,"Americans work hard. Shouldn’t they also play hard?
Ford and Lincoln are offering employee pricing to everyone in America. Ford Motor Company. From America, For America.

Disclaimer: Offer available on the purchase or lease of the following eligible new 2024–2025 Ford and Lincoln vehicles ONLY: Mustang®, Escape®, Bronco®, Bronco Sport®, F-150®, F-150® Lightning®, Mustang Mach-E®, Maverick®, Ranger®, Transit® and E-Transit™ (Cargo Vans), Corsair® and Nautilus®; new 2024 Super Duty® (pickup models only), Expedition®, and Navigator® only; and new 2025 Ford Explorer® and Aviator® only. Excludes all Bronco Stroppe models, Raptor® models, Mustang Dark Horse®, Mustang GTD, all Super Duty chassis cab/cutaway models; also excludes 2025 Expedition®, Navigator®, and Transit® (Wagon). U.S. residents only. Prior purchases not eligible. A/X/Z/D Plan ineligible. Place a new retail order or take new retail delivery from an authorized Ford Dealer or Lincoln Retailer’s stock by 7/7/25. The 2025 Mustang Mach-E SUV inventory may be limited and may vary by location. See a participating dealer or retailer for details and current inventory status.",,,coder1,pending,764,1,affiliative,humor,aggressive,0,,,
C01300,random_fortune_sample,65,Caterpillar,@CaterpillarInc,1537820119820382208,https://x.com/CaterpillarInc/status/1537820119820382208,Fri Jun 17 15:31:02 +0000 2022,"Some dads go the extra mile for their kids. As we get ready to celebrate Father’s Day, hear how MotoGP star @jackmilleraus’s dad did just that!

Find out more about our sponsorship with Jack at https://t.co/RgIKpXYUKv.

#LetsDoTheWork #MotoGP #JM43 https://t.co/GKQTzFIFmr",,,coder1,pending,11,0,non_humorous,non_humor,not_applicable,0,,,
C00516,random_fortune_sample,35,AT&T,@ATT,1960365555208069349,https://x.com/ATT/status/1960365555208069349,Tue Aug 26 15:35:44 +0000 2025,Starting off STRONG. ⛳️ https://t.co/YAsJRSBrB0,,,coder1,pending,183,0,non_humorous,non_humor,not_applicable,0,,,
C00730,wendys_transfer_aggressive,74,TD Synnex,@tdsynnex,1509616281305370625,https://x.com/tdsynnex/status/1509616281305370625,Thu Mar 31 19:39:03 +0000 2022,"Establishing a culture around sustainability, inclusion and community engagement is a grassroots effort; it starts with co-workers who are passionate about making a difference 🍃 🌍 ♻️ https://t.co/gtThT1M1wF",,,coder1,pending,1,1,aggressive,non_humor,not_applicable,1,,,
C00791,random_fortune_sample,56,American Express,@americanexpress,1410961579860975616,https://x.com/americanexpress/status/1410961579860975616,Fri Jul 02 14:00:29 +0000 2021,"In our video series “The Game Plan,” hear from financial experts about tips and tools to build a strong financial future, produced in partnership with @TransUnion &amp; @VantageScore. https://t.co/7XZe6eLwZu https://t.co/4aUs6sRtwo",,,coder1,pending,29,0,non_humorous,humor,self_enhancing,1,,,
C01240,high_engagement_posts,47,Boeing,@boeing,1329058897022345217,https://x.com/boeing/status/1329058897022345217,Wed Nov 18 13:48:28 +0000 2020,"Boeing responds to FAA approval to resume 737 MAX operations, acknowledges more work to do with other global regulators. 

Release: https://t.co/Jzh87pPKoL https://t.co/XTtH6VF3SQ",,,coder1,pending,2008,0,non_humorous,humor,affiliative,1,,,
C00095,classifier_disagreement,1,Amazon,@amazon,1973437420730458305,https://x.com/amazon/status/1973437420730458305,Wed Oct 01 17:18:40 +0000 2025,"🏀 Ever wonder how much space a star player creates just by being on the court? Introducing @NBA Inside the Game powered by @awscloud – a new basketball intelligence platform powered by AWS AI. 

Soon you'll see new stats like Defensive Box Score, Shot Difficulty (xFG%), and Gravity in real-time. It's not just about who scored, but how they did it.",,,coder1,pending,169,1,aggressive,non_humor,not_applicable,1,,,
C01292,random_fortune_sample,75,ConocoPhillips,@conocophillips,1762154714748359100,https://x.com/conocophillips/status/1762154714748359100,Mon Feb 26 16:36:37 +0000 2024,"Located on the Texas Gulf Coast, with proximity to prolific gas basins like the Haynesville and Permian, Port Arthur #LNG (PALNG) Phase 1 is set for startup in 2027. Learn more: https://t.co/qxcdY9rOVt https://t.co/ufPPVV7xUs",,,coder1,pending,12,0,non_humorous,ambiguous,ambiguous_or_review,0,,,
C00900,low_engagement_posts,25,Home Depot,@HDCares,812760126260178944,https://x.com/HDCares/status/812760126260178944,Sat Dec 24 20:41:29 +0000 2016,@jrromo1 We’re glad to hear of the great experience. Share more details w/ us at TeamSocial@homdepot.com. –TeamCare,,,coder1,pending,0,0,non_humorous,non_humor,not_applicable,0,,,
C00138,random_fortune_sample,34,Humana,@humana,1578807438345531392,https://x.com/humana/status/1578807438345531392,Sat Oct 08 18:00:00 +0000 2022,"Social isolation is hard at any age and for Mr. Earl—celebrating 103 years!—friends keep him going. “If I didn’t have friends, I would have been dead years ago,” he says. “I like friends who come to visit me—even if it’s for 10 or 15 minutes, to break up the day.” (1/4)",,,coder1,pending,4,1,affiliative,non_humor,not_applicable,1,,,
C00555,high_engagement_posts,44,Walt Disney,@Disney,1904186448896790958,https://x.com/Disney/status/1904186448896790958,Mon Mar 24 15:00:02 +0000 2025,"Welcome to the rebellion.

Watch the new trailer for the critically acclaimed series, Andor. The final season streams April 22, only on @DisneyPlus. https://t.co/b1K16Kvoqo",,,coder1,pending,26191,0,non_humorous,humor,affiliative,1,,,
C01042,type_uncertain,58,Archer Daniels Midland,@ADMupdates,1643673433295790083,https://x.com/ADMupdates/status/1643673433295790083,Wed Apr 05 17:54:19 +0000 2023,"At ADM, our mission is to help feed and clothe the world while preserving the land for future generations. We are proud to support programs that develop and advance local farming. 🌎​

ADM partnered with several international organizations to enable change across the globe. https://t.co/uVMFuY88sS",,,coder1,pending,12,1,affiliative,ambiguous,ambiguous_or_review,0,,,
C00999,humor_presence_uncertain,100,Massachusetts Mutual Life,@massmutual,1541252189460602886,https://x.com/massmutual/status/1541252189460602886,Mon Jun 27 02:48:51 +0000 2022,THE @Avalanche ARE THE 2021-22 #StanleyCup CHAMPIONS!!! 🏔🏆 https://t.co/YWmGwWuRA5,,,coder1,pending,26780,0,non_humorous,ambiguous,ambiguous_or_review,0,,,
C01349,classifier_disagreement,9,Exxon Mobil,@exxonmobil,1255938165753499652,https://x.com/exxonmobil/status/1255938165753499652,Thu Apr 30 19:12:47 +0000 2020,We're helping those on the front lines of fighting the pandemic with critical supplies. We're #AllTogether in this. https://t.co/Dgek3Ni4kf,,,coder1,pending,119,0,non_humorous,humor,affiliative,1,,,
C00377,wendys_transfer_aggressive,78,Prudential Financial,@Prudential,1146415631354519552,https://x.com/Prudential/status/1146415631354519552,Wed Jul 03 13:49:20 +0000 2019,Do not click like.,,,coder1,pending,1887,1,aggressive,non_humor,not_applicable,1,,,
C01068,classifier_disagreement,39,Morgan Stanley,@morganstanley,1681270608707846144,https://x.com/morganstanley/status/1681270608707846144,Tue Jul 18 11:52:04 +0000 2023,"$MS 2Q 2023 earnings: Wealth Management delivered strong net new client assets of $90 billion and record net revenues of $6.7 billion, which reflect higher net interest income and the positive impact of DCP https://t.co/GCDE19KmsN",,,coder1,pending,23,1,affiliative,non_humor,not_applicable,1,,,
C01066,humor_presence_uncertain,36,Goldman Sachs Group,@GoldmanSachs,1795893016328094055,https://x.com/GoldmanSachs/status/1795893016328094055,Wed May 29 19:00:35 +0000 2024,Are corporate bond investors getting too complacent? Gurpreet Garewal of Goldman Sachs Asset Management separates the signal from the noise. https://t.co/AWuZAFO1EA,,,coder1,pending,76,0,non_humorous,non_humor,not_applicable,0,,,
C00992,humor_presence_uncertain,22,Ford Motor,@Ford,1570447113150173184,https://x.com/Ford/status/1570447113150173184,Thu Sep 15 16:19:03 +0000 2022,RT @jimfarley98: Nearly 60 years after its debut...this is the all-new 7th generation @FordMustang and Mustang GT. Whether manual or automa…,,,coder1,pending,169,0,non_humorous,non_humor,not_applicable,0,,,
C01297,wendys_transfer_aggressive,41,Dell Technologies,@Dell,1955630425155493974,https://x.com/Dell/status/1955630425155493974,Wed Aug 13 14:00:01 +0000 2025,Drop a 💙 if you're heading back to school this month. https://t.co/VBA9Q1f4Hg,,,coder1,pending,80,1,aggressive,ambiguous,ambiguous_or_review,0,,,
C00173,random_fortune_sample,35,AT&T,@ATT,1969853025003974677,https://x.com/ATT/status/1969853025003974677,Sun Sep 21 19:55:33 +0000 2025,It's heist o'clock #100T,,,coder1,pending,33,1,aggressive,non_humor,not_applicable,1,,,
C00475,random_fortune_sample,16,Nvidia,@nvidia,2018394111569744024,https://x.com/nvidia/status/2018394111569744024,Mon Feb 02 18:40:30 +0000 2026,"The clock is ticking! ⏳ Today is your final chance to lock in early-bird pricing for #NVIDIAGTC 2026.

By registering now, you can save over $300 with alumni and early-bird discounts. 

🔗 Secure your spot at the world's premier AI conference today: https://t.co/DvKVQwFoOH https://t.co/iRd7unAMn0",,,coder1,pending,234,0,non_humorous,non_humor,not_applicable,0,,,
C00352,firm_balanced_sample,55,Sysco,@sysco,1469347402683457539,https://x.com/sysco/status/1469347402683457539,Fri Dec 10 16:44:54 +0000 2021,#SyscoGivesBack,,,coder1,pending,8,1,aggressive,ambiguous,ambiguous_or_review,0,,,
C00058,classifier_disagreement,77,AbbVie,@abbvie,1895474150061293805,https://x.com/abbvie/status/1895474150061293805,Fri Feb 28 14:00:28 +0000 2025,"@EMA_News [Video description: On-screen text reads, “Immunology News.”]",,,coder1,pending,1,1,aggressive,non_humor,not_applicable,1,,,
C01277,full_chain_aggressive,57,Albertsons,@albertsons,1339616356090720256,https://x.com/albertsons/status/1339616356090720256,Thu Dec 17 17:00:02 +0000 2020,This lamb leg with mint pesto tastes as good as it looks 🤤 See our 12 favorite roast recipes for your dinner table: https://t.co/rR8kDNBAH7 https://t.co/k62AE0CwJC,,,coder1,pending,5,0,non_humorous,humor,aggressive,1,,,
C00037,firm_balanced_sample,82,Oracle,@oracle,1862851580854198713,https://x.com/oracle/status/1862851580854198713,Sat Nov 30 13:30:01 +0000 2024,"Learn how you can quickly and easily leverage #GenAI capabilities where you need them across your entire tech stack—apps, infrastructure, and more: https://t.co/g0109ttKIy https://t.co/oOu5YJ68WS",,,coder1,pending,71,1,affiliative,non_humor,not_applicable,1,,,
C00796,random_fortune_sample,20,Bank of America,@bankofamerica,1698333894519537669,https://x.com/bankofamerica/status/1698333894519537669,Sun Sep 03 13:55:28 +0000 2023,"So, what’s getting summer shoppers in the holiday spirit? In addition to inflation concerns, many are hoping to beat the crowds, spread out their spending and avoid peak prices by shopping in the off-season. Read more from @Axios. https://t.co/IzgX8BDINV",,,coder1,pending,19,0,non_humorous,ambiguous,ambiguous_or_review,0,,,
C00382,firm_balanced_sample,46,PepsiCo,@pepsico,1351591525273268232,https://x.com/pepsico/status/1351591525273268232,Tue Jan 19 18:05:05 +0000 2021,"Our job isn’t to satisfy customers, it’s to delight them. Find out how Jeff Swearingen, head of our Demand Accelerator, is creating smiles on #ItsACustomersWorld with Andy Murray and #WaltonCCLI https://t.co/w4hm8Y2u13 https://t.co/o7FUw8igkT",,,coder1,pending,20,0,non_humorous,ambiguous,ambiguous_or_review,0,,,
C01095,wendys_transfer_aggressive,53,Energy Transfer,@energytransfer,1976026702020223258,https://x.com/energytransfer/status/1976026702020223258,Wed Oct 08 20:47:33 +0000 2025,"Press Release: 
Energy Transfer LP (NYSE: ET) today announced that it plans to release earnings for the third quarter of 2025 on Wednesday, November 5, 2025, after the market closes.

https://t.co/uJ2c2bf3ZR",,,coder1,pending,9,1,aggressive,non_humor,not_applicable,1,,,
C01004,full_chain_aggressive,2,Walmart,@walmart,1836525610983641139,https://x.com/walmart/status/1836525610983641139,Wed Sep 18 22:00:01 +0000 2024,"New Walmart+ benefit? Say less. Have to have those Have-sies. 🍟 #WalmartPlus​
​
Terms apply, https://t.co/8cs3WwLjhP https://t.co/OaOs4mLKAS",,,coder1,pending,69,0,non_humorous,humor,aggressive,1,,,
C00993,humor_presence_uncertain,19,Centene,@centene,1845117332080738472,https://x.com/centene/status/1845117332080738472,Sat Oct 12 15:00:27 +0000 2024,We’re proud to address social isolation in school with @BeyondDiff through No One Eats Alone Day to help students create a culture of belonging. https://t.co/52VvvIwlqM https://t.co/t4YLF2V7jM,,,coder1,pending,3,0,non_humorous,ambiguous,ambiguous_or_review,0,,,
C00532,humor_presence_uncertain,20,Bank of America,@bankofamerica,1722640091963605280,https://x.com/bankofamerica/status/1722640091963605280,Thu Nov 09 15:39:37 +0000 2023,"These recognitions demonstrate our unwavering commitment to supporting service members and their families as they transition to civilian life and build careers with our company. 

We’re proud to give back to those who have sacrificed so much --&gt; https://t.co/Vbse6O7E5J https://t.co/Y5Y9H9HtN2",,,coder1,pending,210,1,affiliative,humor,self_enhancing,0,,,
C00917,low_engagement_posts,25,Home Depot,@HDCares,791064411389714433,https://x.com/HDCares/status/791064411389714433,Tue Oct 25 23:50:27 +0000 2016,@sjordan409 We’re happy to hear of the positive experience! Pls email your full experience to TeamSocial@homedepot.com. –TeamCare,,,coder1,pending,0,1,affiliative,non_humor,not_applicable,1,,,
C00253,random_fortune_sample,22,Ford Motor,@Ford,1752738575366430747,https://x.com/Ford/status/1752738575366430747,Wed Jan 31 17:00:15 +0000 2024,"New 2025 Ford Explorer®. Tomorrow. Enough said.

Disclaimer: Available spring 2024 https://t.co/xiiqVUfZB2",,,coder1,pending,481,0,non_humorous,non_humor,not_applicable,0,,,
C00674,humor_presence_uncertain,34,Humana,@humana,1709931681745096751,https://x.com/humana/status/1709931681745096751,Thu Oct 05 14:00:56 +0000 2023,"Retirement looks different for everyone. Some prefer a slower pace to life, while others—like Robin—prefer to dive into their next chapter. At 70-years-old, she's left retirement and is making a splash at her community pool as a lifeguard—a role she originally held at age 17. https://t.co/Lno9cW1Orr",,,coder1,pending,2,1,affiliative,ambiguous,ambiguous_or_review,0,,,
C01465,full_chain_aggressive,27,Kroger,@kroger,1488231943212781573,https://x.com/kroger/status/1488231943212781573,Mon Jan 31 19:25:19 +0000 2022,Brussel Sprouts Roasted with Syrup or Shaved with Vinaigrette?,,,coder1,pending,12,0,non_humorous,humor,aggressive,1,,,
C00828,humor_presence_uncertain,79,TJX,@tjmaxx,793154251677638657,https://x.com/tjmaxx/status/793154251677638657,Mon Oct 31 18:14:44 +0000 2016,@PrietoJenelle Thanks for reaching out about this. Please give Customer Service a call at 1-800-926-6299 M-F between 9-6EST.,,,coder1,pending,0,1,aggressive,non_humor,not_applicable,1,,,
C01143,humor_presence_uncertain,39,Morgan Stanley,@morganstanley,1983220970530734102,https://x.com/morganstanley/status/1983220970530734102,Tue Oct 28 17:15:00 +0000 2025,Our CIO and Chief U.S. Equity Strategist Mike Wilson discusses the outlook for stocks after the preliminary U.S.-China trade agreement and ahead of the Fed meeting and big tech earnings. https://t.co/zl44oEPVJB https://t.co/5LDNJli2LM,,,coder1,pending,33,0,non_humorous,ambiguous,ambiguous_or_review,0,,,
C00875,type_uncertain,51,Progressive,@progressive,1888756455622234381,https://x.com/progressive/status/1888756455622234381,Mon Feb 10 01:06:45 +0000 2025,This game has more picks than a banjo convention. My pick? Quality coverage for your home and auto with Progressive.,,,coder1,pending,10,1,affiliative,ambiguous,ambiguous_or_review,0,,,
C00739,wendys_transfer_aggressive,12,JPMorgan Chase,@jpmorgan,1408460587982524416,https://x.com/jpmorgan/status/1408460587982524416,Fri Jun 25 16:22:26 +0000 2021,"What does a post-Brexit world look like? Five years after the historic UK referendum, part I of our two-part podcast explores the resulting policy, economy and political forces.",,,coder1,pending,31,1,aggressive,ambiguous,ambiguous_or_review,0,,,
C01298,wendys_transfer_aggressive,50,FedEx,@fedex,1648330491832020992,https://x.com/fedex/status/1648330491832020992,Tue Apr 18 14:19:48 +0000 2023,"RT @TowerLightsCLE: PURPLE, ORANGE | For FedEx as they celebrate their 50th year in business and to highlight the FedEx Cares campaign to p…",,,coder1,pending,4,1,aggressive,ambiguous,ambiguous_or_review,0,,,
C00499,wendys_transfer_aggressive,22,Ford Motor,@Ford,1606380439970758656,https://x.com/Ford/status/1606380439970758656,Fri Dec 23 20:05:16 +0000 2022,RT @FordTrucks: What are you gonna haul with your new 2023 Ford Super Duty® truck? Maybe the question is: what won’t you haul? 🛻 #LAAutoSho…,,,coder1,pending,21,1,aggressive,ambiguous,ambiguous_or_review,0,,,
C00953,firm_balanced_sample,78,Prudential Financial,@Prudential,1172210767396892672,https://x.com/Prudential/status/1172210767396892672,Thu Sep 12 18:10:00 +0000 2019,"Roughly 70,000 people — including 18,000 children — across #HurricaneDorian-affected parts of The #Bahamas need help.

@uniceflac is working with local government to address immediate needs like safe water. Send help now: https://t.co/ZWDVvxARuK https://t.co/2HT4co0nfn",,,coder1,pending,9,0,non_humorous,humor,self_defeating,1,,,
C00486,full_chain_aggressive,78,Prudential Financial,@Prudential,1464673939553202186,https://x.com/Prudential/status/1464673939553202186,Sat Nov 27 19:14:14 +0000 2021,"This #SmallBusinessSaturday, we’re especially proud to be working with the @PruCenter and the @NJDevils to help local black-owned businesses thrive in Newark and New Jersey. #BuyBlack",,,coder1,pending,8,1,affiliative,humor,aggressive,0,,,
C00658,humor_presence_uncertain,87,Tyson Foods,@tysonfoods,1525678025622315010,https://x.com/tysonfoods/status/1525678025622315010,Sun May 15 03:22:41 +0000 2022,"RT @hbcuworldseries: 13 Games played within 4 days =an amazing week  of Black College Baseball ! 

Thank you to all the fans, teams, coache…",,,coder1,pending,17,0,non_humorous,non_humor,not_applicable,0,,,
C00916,low_engagement_posts,91,General Dynamics,@generaldynamics,1507022030461452292,https://x.com/generaldynamics/status/1507022030461452292,Thu Mar 24 15:50:25 +0000 2022,"RT @GDMS: Hear from Brian Morrison, vice president and general manager Cyber Systems at General Dynamics Mission Systems about how his team…",,,coder1,pending,1,1,affiliative,non_humor,not_applicable,1,,,
C00767,full_chain_aggressive,35,AT&T,@ATT,1902405053006094376,https://x.com/ATT/status/1902405053006094376,Wed Mar 19 17:01:24 +0000 2025,"WWI generals: ‘We need a fast, reliable, unbreakable communication system.’ The Hello Girls: say less. Watch how it went down - https://t.co/yKwK0iMBel https://t.co/JmxslxfBYJ",,,coder1,pending,29,0,non_humorous,humor,aggressive,1,,,
C00815,full_chain_aggressive,96,Travelers,@travelers,1555637270400696322,https://x.com/travelers/status/1555637270400696322,Fri Aug 05 19:30:02 +0000 2022,Summer nights are the perfect time to roast marshmallows around the fire. 🔥 Help keep your family and guests safe by following these tips: https://t.co/IJzv3cMgxl https://t.co/WbrdECy26I,,,coder1,pending,9,1,aggressive,humor,aggressive,0,,,
C01250,full_chain_aggressive,23,General Motors,@GM,1441419091755945986,https://x.com/GM/status/1441419091755945986,Fri Sep 24 15:07:46 +0000 2021,"Recently, approximately 100 team members cleared weeds, brush and trash from the perimeter of our Factory ZERO #mfg campus. This is the 11th annual GM Cares week, offering employees the opportunity to volunteer and improve the communities where they work and live. https://t.co/PSh7PxXGfT",,,coder1,pending,20,1,affiliative,humor,aggressive,0,,,
C00656,firm_balanced_sample,58,Archer Daniels Midland,@ADMupdates,1679220104851062794,https://x.com/ADMupdates/status/1679220104851062794,Wed Jul 12 20:04:06 +0000 2023,"Through our work w/@Nestle to expand regen agriculture, we’ve helped wheat farmers remove or sequester more than 3,800 metrics tons of CO2e. This is equivalent to removing nearly 850 cars from the road. Thanks to the farmers we work w/every day. #regenag https://t.co/YoMHSB5p3e. https://t.co/rQfodK11Nj",,,coder1,pending,10,0,non_humorous,ambiguous,ambiguous_or_review,0,,,
C00886,wendys_transfer_aggressive,77,AbbVie,@abbvie,1701585864013275288,https://x.com/abbvie/status/1701585864013275288,Tue Sep 12 13:17:38 +0000 2023,"[Video description: On-screen text reads, “Immunology News.”]",,,coder1,pending,0,1,aggressive,non_humor,not_applicable,1,,,
C00045,low_engagement_posts,79,TJX,@tjmaxx,826233299186106369,https://x.com/tjmaxx/status/826233299186106369,Tue Jan 31 00:59:03 +0000 2017,@laurenpoole20 Please give our Customer Service a call directly at 1-800-926-6299 M-F 9-6 EST. They would be happy to address this.,,,coder1,pending,0,1,aggressive,non_humor,not_applicable,1,,,
C00107,type_uncertain,5,Alphabet,@Alphabetlnc,630866578582540288,https://x.com/Alphabetlnc/status/630866578582540288,Mon Aug 10 22:21:27 +0000 2015,"Hello, world!",,,coder1,pending,84,1,aggressive,ambiguous,ambiguous_or_review,0,,,
C00980,humor_presence_uncertain,35,AT&T,@ATT,1837684512295125289,https://x.com/ATT/status/1837684512295125289,Sun Sep 22 02:45:04 +0000 2024,POV: you just played 2v2 against TWO of your fav streamers - @extraemilyy &amp; @emiru... live at #TwitchCon2024! https://t.co/oTMlQaTNjW,,,coder1,pending,54,1,aggressive,humor,self_enhancing,0,,,
C00576,classifier_disagreement,25,Home Depot,@HDCares,860945403063263232,https://x.com/HDCares/status/860945403063263232,Sat May 06 19:52:34 +0000 2017,@jquagga What happened? Please send more details/contact info/tweet to TeamSocial@homedepot.com so we can address.,,,coder1,pending,0,1,affiliative,non_humor,not_applicable,1,,,
C01444,wendys_transfer_aggressive,66,IBM,@ibm,1712910496871891280,https://x.com/ibm/status/1712910496871891280,Fri Oct 13 19:17:41 +0000 2023,"Your roots are your strength, your attitude shapes your destiny...”

In this #HispanicHeritageMonth blog, Clarissa Sylvana Stam offers insight into her experience in tech as a Latina IBMer and the power of resiliency, growth, and self-confidence. 🇵🇪🇵🇷 https://t.co/xRxPdJRhYv",,,coder1,pending,70,1,aggressive,humor,affiliative,0,,,
C00495,random_fortune_sample,1,Amazon,@amazon,2052427102650249523,https://x.com/amazon/status/2052427102650249523,Thu May 07 16:35:28 +0000 2026,"RT @awscloud: Agents that reason, plan, and act can now transact.

AgentCore payments in Amazon Bedrock AgentCore is now in preview. AI age…",,,coder1,pending,50,1,affiliative,ambiguous,ambiguous_or_review,0,,,
C01078,random_fortune_sample,5,Alphabet,@google,2059393463670436350,https://x.com/google/status/2059393463670436350,Tue May 26 21:57:18 +0000 2026,"Neural Expressive is a new design language for @GeminiApp, with fluid animations, vibrant colors, haptic feedback and more improved experiences across the app. See it in action with @JoshWoodward at #GoogleIO ⬇️ https://t.co/oZ5xvS6A2z",,,coder1,pending,638,0,non_humorous,ambiguous,ambiguous_or_review,0,,,
C00464,classifier_disagreement,77,AbbVie,@abbvie,1851665666191008007,https://x.com/abbvie/status/1851665666191008007,Wed Oct 30 16:41:11 +0000 2024,"[Image description: Summary of AbbVie's Q3 2024 Financial Results, including Raised 2024 Adjusted Diluted EPS Guidance Range, Quarterly Dividend Growth, Adjusted R&amp;D Investment and Net Revenues by Therapeutic Area.]",,,coder1,pending,4,1,affiliative,non_humor,not_applicable,1,,,
C01287,firm_balanced_sample,88,Intel,@intel,2034328986520543302,https://x.com/intel/status/2034328986520543302,Wed Mar 18 18:00:01 +0000 2026,"#EmbeddedWorld 2026 was a powerful reminder that the future of AI is real-time, open, and built for the edge. Thanks to our partners, customers, and innovators who helped make this week unforgettable. Let’s keep building what’s next. #EW26

Watch the keynote: https://t.co/3vr91iQJZ3",,,coder1,pending,129,1,affiliative,ambiguous,ambiguous_or_review,0,,,
C00670,random_fortune_sample,16,Nvidia,@nvidia,2028918190965694939,https://x.com/nvidia/status/2028918190965694939,Tue Mar 03 19:39:26 +0000 2026,"NVIDIA is partnering with @CoherentCorp to pioneer next-generation silicon photonics to enable AI infrastructure at unprecedented scale, speed, and energy efficiency.
https://t.co/XQuV1v2CKC",,,coder1,pending,179,0,non_humorous,humor,affiliative,1,,,
C01447,type_uncertain,52,Lowe's,@lowes,1402616087171174401,https://x.com/lowes/status/1402616087171174401,Wed Jun 09 13:18:29 +0000 2021,"Picture this: you #LetDadLooseAtLowes for Father's Day. What's he grabbing first? 

No matter what's at the top of his gift list, we've got him covered: https://t.co/CcJ4GkDzZi",,,coder1,pending,25,1,affiliative,non_humor,not_applicable,1,,,
C00159,high_engagement_posts,44,Walt Disney,@Disney,1961796041076040173,https://x.com/Disney/status/1961796041076040173,Sat Aug 30 14:19:59 +0000 2025,"Here's your first look at #DiaryOfAWimpyKid: The Last Straw, coming to @DisneyPlus December 5! #DestinationD23 https://t.co/MIlk9OSuEU",,,coder1,pending,1938,1,aggressive,ambiguous,ambiguous_or_review,0,,,
C01360,humor_presence_uncertain,58,Archer Daniels Midland,@ADMupdates,1547653955391369216,https://x.com/ADMupdates/status/1547653955391369216,Thu Jul 14 18:47:11 +0000 2022,"ADM Cares partnered with @lagosfoodbank for a volunteer community engagement and food donations initiative in the Papa-Asafa community in Lagos, Nigeria.

We are proud to see our global partners and #TeamADM stepping up to make an impact every day. https://t.co/wq5AeasrBo",,,coder1,pending,8,0,non_humorous,ambiguous,ambiguous_or_review,0,,,
C00050,random_fortune_sample,89,Enterprise Products Partners,@EProd_Careers,1677450798949883904,https://x.com/EProd_Careers/status/1677450798949883904,Fri Jul 07 22:53:30 +0000 2023,We want to find the right people to drive our success at Enterprise Products. Could that be you? Click here to learn more about joining our team in US. https://t.co/R4oRC6Fr99,,,coder1,pending,0,1,affiliative,ambiguous,ambiguous_or_review,0,,,
C00847,wendys_transfer_aggressive,29,Phillips 66,@Phillips66co,1453013653591142403,https://x.com/Phillips66co/status/1453013653591142403,Tue Oct 26 15:00:25 +0000 2021,"BOO! Take a look at what our team at @76 is brewing up this month. 🎃

Join in on the fun and check out more from 76® brand.",,,coder1,pending,3,1,aggressive,ambiguous,ambiguous_or_review,0,,,
C00687,wendys_transfer_aggressive,20,Bank of America,@bankofamerica,1669367073145847809,https://x.com/bankofamerica/status/1669367073145847809,Thu Jun 15 15:31:40 +0000 2023,"From your original crew to new summer hires, get $10-$20 cash back on eligible monthly payroll service fees as a Preferred Rewards for Business member.",,,coder1,pending,33,1,aggressive,ambiguous,ambiguous_or_review,0,,,
C00421,full_chain_aggressive,30,Marathon Petroleum,@MarathonPetroCo,1996298810742407371,https://x.com/MarathonPetroCo/status/1996298810742407371,Wed Dec 03 19:21:40 +0000 2025,"Our Marathon Pipe Line (MPL) team in Southern California, joined by their families, partnered with the Aquarium of the Pacific and local organizations for the 2025 California Coastal Cleanup. 🌊

Together, 140 volunteers helped remove more than 1,000 pounds of trash along the Long Beach Peninsula, making a visible impact on the shoreline. 🤝

“We were proud to be part of this cleanup effort and represent MPL and Marathon as a whole,” said Kendra Leggette, Sr. Administrative Assistant at MPL in Southern California. “This is our home too, and being able to do this with our local community members and our families makes it even more meaningful.”

#MarathonPetroleum #MPCgives",,,coder1,pending,9,1,affiliative,humor,aggressive,0,,,
C00113,random_fortune_sample,78,Prudential Financial,@Prudential,1585617786377732096,https://x.com/Prudential/status/1585617786377732096,Thu Oct 27 13:01:54 +0000 2022,We’re so proud to join @VLJNJ in recognizing Josh for #CelebrateProBono week. He’s one of many employee volunteers who are making a difference in our communities. #PruTalent,,,coder1,pending,18,1,self-enhancing,ambiguous,ambiguous_or_review,0,,,
C00719,random_fortune_sample,72,Publix Super Markets,@Publix,1583141003875131393,https://x.com/Publix/status/1583141003875131393,Thu Oct 20 17:00:03 +0000 2022,"We're celebrating #AmericanPharmacistsMonth with a look back at our very first Publix Pharmacy, which opened October 30, 1986, in Altamonte Springs, Florida. https://t.co/MCLHxmE1KS",,,coder1,pending,54,1,affiliative,ambiguous,ambiguous_or_review,0,,,
C00885,high_engagement_posts,43,Tesla,@tesla,1985708615773405410,https://x.com/tesla/status/1985708615773405410,Tue Nov 04 14:00:01 +0000 2025,"Tesla shareholders, there are only 2 days left to vote &amp; make your voice heard

Vote with the Board’s recommendations on ALL proposals – we need your support to execute our ambitious vision.

Voting is quick and easy, detailed instructions below
https://t.co/eTLMrahepN",,,coder1,pending,5564,0,non_humorous,ambiguous,ambiguous_or_review,0,,,
C01417,humor_presence_uncertain,72,Publix Super Markets,@Publix,1657732497604583427,https://x.com/Publix/status/1657732497604583427,Sun May 14 13:00:01 +0000 2023,Moms deserve the world. They also deserve their favorite #PubSub. Happy Mother’s Day!,,,coder1,pending,129,1,aggressive,non_humor,not_applicable,1,,,
C00743,wendys_transfer_aggressive,43,Tesla,@tesla,1998847904744927662,https://x.com/tesla/status/1998847904744927662,Wed Dec 10 20:10:51 +0000 2025,Drop a pin for your Home or Work location,,,coder1,pending,3340,1,aggressive,ambiguous,ambiguous_or_review,0,,,
C00984,random_fortune_sample,60,HCA Healthcare,@hcahealthcare,1832170822804332758,https://x.com/hcahealthcare/status/1832170822804332758,Fri Sep 06 21:35:38 +0000 2024,"With 105 trauma centers treating more than 176,000 patients annually, HCA Healthcare is proud to leverage real-time data, research and experience to enhance care delivery. Read more on #HCAHealthcareMag: https://t.co/SrtyUr8FPN. https://t.co/B3KgF58ekF",,,coder1,pending,3,0,non_humorous,non_humor,not_applicable,0,,,
C00402,random_fortune_sample,8,McKesson,@mckesson,1773823722601730336,https://x.com/mckesson/status/1773823722601730336,Fri Mar 29 21:25:06 +0000 2024,"In honor of #NationalDoctorsDay on March 30, we celebrate the dedication and expertise of physicians worldwide. Join us in expressing gratitude to doctors like Mark Fleming for their tireless efforts in providing high-quality healthcare. #ThankaDoctor https://t.co/mgiLLJYxKr",,,coder1,pending,7,1,affiliative,ambiguous,ambiguous_or_review,0,,,
C01153,classifier_disagreement,86,American Airlines Group,@AmericanAir,1783828433895600329,https://x.com/AmericanAir/status/1783828433895600329,Fri Apr 26 12:00:15 +0000 2024,"Happy World Pilots’ Day to the more than 15,000 professional aviators of American! Maybe we’re partial, but our pilots are simply the best and go above and beyond to safely and expertly care for our customers on every flight, every day. https://t.co/WWLMw4pZ3G",,,coder1,pending,399,0,non_humorous,humor,self_enhancing,1,,,
C00970,firm_balanced_sample,97,Bristol-Myers Squibb,@bmsnews,1938418857024143822,https://x.com/bmsnews/status/1938418857024143822,Fri Jun 27 02:07:24 +0000 2025,"#MEDIA: @US_FDA  has approved the removal of REMS and streamlined patient monitoring requirements for our #CARTcelltherapies, a landmark update that will help foster increased patient access for this important treatment modality. https://t.co/5Zn8CRxhT3 https://t.co/0SKrUh3zUS",,,coder1,pending,30,0,non_humorous,ambiguous,ambiguous_or_review,0,,,
C00012,firm_balanced_sample,95,Liberty Mutual Insurance Group,@LibertyMutual,1111742329948438528,https://x.com/LibertyMutual/status/1111742329948438528,Fri Mar 29 21:30:01 +0000 2019,"Meet the biggest thing to hit insurance since collision coverage: LiMu Emu and Doug. Saving people from overpaying for insurance, one customized policy at a time. https://t.co/uAGS85e7d9",,,coder1,pending,29,1,self-enhancing,ambiguous,ambiguous_or_review,0,,,
C00716,humor_presence_uncertain,58,Archer Daniels Midland,@ADMupdates,1392849154913849346,https://x.com/ADMupdates/status/1392849154913849346,Thu May 13 14:28:11 +0000 2021,"#TeamADM has once again been recognized for its unparalleled commitment science-baked, innovative solutions by earning the 2021 NutraIngredients Editor’s Choice Award for Functional Food Innovation. Read the full story here: https://t.co/xrTGqmzp0Q #NIAwards21 @NutraEurope https://t.co/e8QMcvDSI2",,,coder1,pending,12,0,non_humorous,ambiguous,ambiguous_or_review,0,,,
C00955,classifier_disagreement,19,Centene,@centene,1801636092073902372,https://x.com/centene/status/1801636092073902372,Fri Jun 14 15:21:31 +0000 2024,"Centene’s inclusive culture and diverse workforce are key drivers of health equity. Last month, Centene employees gathered for our annual DEI Summit to discuss the impact of diversity, equity, and inclusion on our business and communities. https://t.co/NjdcBcAAEU #Centene https://t.co/eDA7sZ7WmN",,,coder1,pending,9,0,non_humorous,humor,self_enhancing,1,,,
C00474,high_engagement_posts,42,Target,@target,1295694742857101314,https://x.com/target/status/1295694742857101314,Tue Aug 18 12:11:14 +0000 2020,Shout out to all the community managers out there that are having really awkward meetings today with their higher-ups about why they should put their logo on a bean in a video game for $130k lol,,,coder1,pending,87835,1,aggressive,humor,self_defeating,0,,,
C00420,wendys_transfer_aggressive,1,Amazon,@amazon,1748344584344571945,https://x.com/amazon/status/1748344584344571945,Fri Jan 19 14:00:06 +0000 2024,New Year’s Resi: Find someone who looks at you the way your cat looks at Amazon boxes. https://t.co/ob6pYRC1GD,,,coder1,pending,360,1,aggressive,ambiguous,ambiguous_or_review,0,,,
C00592,low_engagement_posts,100,Massachusetts Mutual Life,@massmutual,1391371648419438596,https://x.com/massmutual/status/1391371648419438596,Sun May 09 12:37:06 +0000 2021,"From the day you were born, your mom has been there to nurture, encourage, and support you, no matter what. This #MothersDay, how are you thanking the person who has always looked out for you? #LiveMutual",,,coder1,pending,1,1,affiliative,non_humor,not_applicable,1,,,
C01341,classifier_disagreement,37,Comcast,@comcast,1820901369613599069,https://x.com/comcast/status/1820901369613599069,Tue Aug 06 19:14:51 +0000 2024,"Truly out of this world adventures coming to Universal Epic Universe in 2025 🌟

Five distinct worlds will immerse guests in ways they've never experienced. Learn more about how we're investing in our parks to deliver unique and exciting experiences: https://t.co/QWiKAABG28",,,coder1,pending,10,1,affiliative,non_humor,not_applicable,1,,,
C00414,random_fortune_sample,37,Comcast,@comcast,1874817932636872976,https://x.com/comcast/status/1874817932636872976,Thu Jan 02 14:00:02 +0000 2025,"America runs on WiFi, not cellular. We've built our world-class Xfinity network to ensure our customers are connected to fast, reliable WiFi – in and out of the home.",,,coder1,pending,12,1,affiliative,humor,self_enhancing,0,,,
C00873,high_engagement_posts,44,Walt Disney,@Disney,1995758624275345637,https://x.com/Disney/status/1995758624275345637,Tue Dec 02 07:35:10 +0000 2025,Billie Eilish celebrates Avatar: Fire and Ash with Director James Cameron and Suzy Amis Cameron at the world premiere in Hollywood. https://t.co/F0W6eaicrg,,,coder1,pending,1862,1,affiliative,humor,affiliative,0,,,
C00740,random_fortune_sample,21,Chevron,@chevron,2017311659971543312,https://x.com/chevron/status/2017311659971543312,Fri Jan 30 18:59:14 +0000 2026,"Mike Wirth, $CVX CEO, on our 4Q 2025 results. 
 
$CVX 4Q 2025 materials (including cautionary statements and non-GAAP reconciliation appendix) here: https://t.co/47b9MqbND8 https://t.co/omrRfRuLNb",,,coder1,pending,23,0,non_humorous,non_humor,not_applicable,0,,,
C00949,low_engagement_posts,25,Home Depot,@HDCares,802201923352985600,https://x.com/HDCares/status/802201923352985600,Fri Nov 25 17:26:57 +0000 2016,@NOvieraLE Price adjustments are @ store's discretion. Pls contact store mgmt for a consensus.-TeamCare,,,coder1,pending,0,0,non_humorous,non_humor,not_applicable,0,,,
C00654,random_fortune_sample,11,Microsoft,@microsoft,2048829906478682304,https://x.com/microsoft/status/2048829906478682304,Mon Apr 27 18:21:29 +0000 2026,"Super to see Accenture roll out 740,000+ M365 Copilot seats—our largest deployment to date!
https://t.co/4sIMBwcRAV",,,coder1,pending,3467,0,non_humorous,ambiguous,ambiguous_or_review,0,,,
C00129,wendys_transfer_aggressive,56,American Express,@americanexpress,1464581629691760643,https://x.com/americanexpress/status/1464581629691760643,Sat Nov 27 13:07:25 +0000 2021,"Here's everything you need to know about shopping small this Small Business Saturday.
https://t.co/G8tSme24N9",,,coder1,pending,40,1,aggressive,non_humor,not_applicable,1,,,
C00691,high_engagement_posts,22,Ford Motor,@Ford,1577837778125176832,https://x.com/Ford/status/1577837778125176832,Thu Oct 06 01:46:55 +0000 2022,"#FordMustang was born to race. Introducing the all-new 2023 #Mustang GT ‘Gen3’ Supercar, powered by a 600+HP @Ford Coyote V8 production-based engine. See you on the track in 2023! 🏁 #MustangRacing https://t.co/dW67hhYSXj",,,coder1,pending,1610,0,non_humorous,non_humor,not_applicable,0,,,
C01098,firm_balanced_sample,51,Progressive,@progressive,1933602409521295667,https://x.com/progressive/status/1933602409521295667,Fri Jun 13 19:08:33 +0000 2025,"RT @Superman: On July 11, the entire world will look up.  Get tickets now for #Superman -Only In Theaters and @Imax https://t.co/Bo4DiDHkVJ…",,,coder1,pending,4395,0,non_humorous,humor,affiliative,1,,,
C00395,wendys_transfer_aggressive,21,Chevron,@chevron,1940841379690959358,https://x.com/chevron/status/1940841379690959358,Thu Jul 03 18:33:38 +0000 2025,"The correct answer is 5 steps. Gasoline starts deep underground and travels through oil wells, refineries, and distribution systems before reaching the pump. 🚗 Discover more surprising facts about the fuel behind your summer road trip: https://t.co/0fVDqS9buZ",,,coder1,pending,32,1,aggressive,ambiguous,ambiguous_or_review,0,,,
C01401,random_fortune_sample,99,Nike,@nike,2058491751988367514,https://x.com/nike/status/2058491751988367514,Sun May 24 10:14:13 +0000 2026,"Strength is found in diversity. Patta and Nike reimagine Dutch football through the spirit of the New Netherlands.

X2: NIKE ’26 COLLAB KITS. EARLY ACCESS AVAILABLE AT PATTA &amp; @ OnsOranje

COMING TO SNKRS AND SELECT RETAILERS THIS SUMMER https://t.co/qMFuAfMxO0",,,coder1,pending,2285,1,aggressive,ambiguous,ambiguous_or_review,0,,,
C00038,random_fortune_sample,83,Cisco Systems,@Cisco,2044326864391467410,https://x.com/Cisco/status/2044326864391467410,Wed Apr 15 08:08:00 +0000 2026,"Faster response. More precise location. Better outcomes when it matters most. Learn how emergency services are using real time intelligence to save lives, with insight from Iron Bow CTO, Greg Stemberger ➡️ https://t.co/MzG8q9XT2m https://t.co/8uVY1VBTRi",,,coder1,pending,39,0,non_humorous,non_humor,not_applicable,0,,,
C00081,random_fortune_sample,29,Phillips 66,@Phillips66co,1403439734316318720,https://x.com/Phillips66co/status/1403439734316318720,Fri Jun 11 19:51:21 +0000 2021,"We definitely felt the #GoodEnergy yesterday at our volunteer event with @Phillips66co!❤️🤗We are so grateful to the #P66 employees that spent their afternoon assembling 5,000 Child ID Kits that will be distributed at back-to-school and community events this year. #thankyou https://t.co/wh7mTDzgdd",,,coder1,pending,2,1,affiliative,ambiguous,ambiguous_or_review,0,,,
C00840,low_engagement_posts,25,Home Depot,@HDCares,750355057279983617,https://x.com/HDCares/status/750355057279983617,Tue Jul 05 15:46:01 +0000 2016,@DaPeters217 Did you notice this within the first 48 hours from install? -TeamCare https://t.co/tkRI18DyqB,,,coder1,pending,0,1,affiliative,non_humor,not_applicable,1,,,
C00373,humor_presence_uncertain,51,Progressive,@progressive,1848378828642791750,https://x.com/progressive/status/1848378828642791750,Mon Oct 21 15:00:28 +0000 2024,"No matter how you’re doing, Progressive has your back. 
@ColtMcCoy https://t.co/IVyTieSMjn",,,coder1,pending,34,0,non_humorous,non_humor,not_applicable,0,,,
C00239,full_chain_aggressive,85,Charter Communications,@CharterNewsroom,2045174224000578050,https://x.com/CharterNewsroom/status/2045174224000578050,Fri Apr 17 16:15:07 +0000 2026,"Moving doesn’t have to be hard. At West Point Park Apartments in Florida, Spectrum’s bulk services agreement means fast WiFi and cable setup before the first moving box hits the floor. 

Work from home that day and stream your favorite shows at night. That simple. 

#Spectrum https://t.co/VbDApTP67D",,,coder1,pending,3,1,affiliative,humor,aggressive,0,,,
C01216,wendys_transfer_aggressive,58,Archer Daniels Midland,@ADMupdates,1560248196319821825,https://x.com/ADMupdates/status/1560248196319821825,Thu Aug 18 12:52:12 +0000 2022,"Congratulations DJ Rossini, ADM Head of Global Security and Senior Counsel, for recently being named the 2022 FBI Director’s Manuel J. Gonzalez Ethics Award for his commitment to integrity during his time W/@FBIChicago prior to joining #TeamADM.",,,coder1,pending,5,1,aggressive,ambiguous,ambiguous_or_review,0,,,
C01146,classifier_disagreement,43,Tesla,@tesla,2041751061531390171,https://x.com/tesla/status/2041751061531390171,Wed Apr 08 05:32:41 +0000 2026,"Introducing Tesla Self-Driving 14.3: Self-Driving that doesn't waste your time

The most humanlike self-driving you've ever experienced https://t.co/oGeokakWBg",,,coder1,pending,2076,1,aggressive,non_humor,not_applicable,1,,,
C00236,random_fortune_sample,49,RTX,@RTX_News,2062945720311640082,https://x.com/RTX_News/status/2062945720311640082,Fri Jun 05 17:12:42 +0000 2026,"@DeptofWar As mission demands evolve, RTX continues to invest in advanced manufacturing, workforce development and production capacity to help ensure customers have the capabilities they need, when they need them.",,,coder1,pending,4,1,aggressive,ambiguous,ambiguous_or_review,0,,,
C01185,humor_presence_uncertain,55,Sysco,@sysco,1775205877274038449,https://x.com/sysco/status/1775205877274038449,Tue Apr 02 16:57:17 +0000 2024,"On March 22, we held an event in Louisville, KY to express our appreciation for the remarkable efforts of the first responders who aided in rescuing our delivery partner from the Clark Memorial Bridge. https://t.co/lOQtfDYSh9",,,coder1,pending,20,1,affiliative,humor,self_enhancing,0,,,
C01013,humor_presence_uncertain,27,Kroger,@kroger,1412048683194011651,https://x.com/kroger/status/1412048683194011651,Mon Jul 05 14:00:15 +0000 2021,"Ever wondered what a day in the life of a produce manager is like 🧐 Let Beth, our Head of Fresh from Las Vegas, NV tell you all about it &amp; click https://t.co/NdJPPXEqix to shop our fresh produce! https://t.co/s0BsECJI4u",,,coder1,pending,12,0,non_humorous,non_humor,not_applicable,0,,,
C01388,humor_presence_uncertain,25,Home Depot,@HDCares,780908274027786240,https://x.com/HDCares/status/780908274027786240,Tue Sep 27 23:13:35 +0000 2016,@crsofr We'd like further insight regarding ur visit @ Castleton. Send add’l details/contact info to TeamSocial@homedepot.com. -TeamCare,,,coder1,pending,0,0,non_humorous,non_humor,not_applicable,0,,,
C00792,classifier_disagreement,100,Massachusetts Mutual Life,@massmutual,1422920306033836037,https://x.com/massmutual/status/1422920306033836037,Wed Aug 04 14:00:12 +0000 2021,"Every 7 seconds an American suffers from a disabling injury or illness. Let us help you plan ahead in case the worst happens. 

Talk to us about disability income insurance today, feel comfortable about tomorrow. https://t.co/FyYcyqNwHw",,,coder1,pending,7,1,affiliative,non_humor,not_applicable,1,,,
C00565,firm_balanced_sample,80,Performance Food Group,@PFGCareers,649970920069689345,https://x.com/PFGCareers/status/649970920069689345,Fri Oct 02 15:35:17 +0000 2015,Performance Food Group Company (NYSE: $PFGC) rang the Opening Bell to celebrate their recent listing http://t.co/DxEq4NOn2g,,,coder1,pending,27,0,non_humorous,ambiguous,ambiguous_or_review,0,,,
C00760,classifier_disagreement,11,Microsoft,@microsoft,1904965993753186406,https://x.com/microsoft/status/1904965993753186406,Wed Mar 26 18:37:40 +0000 2025,RT @satyanadella: Our Researcher and Analyst agents are like having a highly skilled expert on call for you 24/7 across your work data and…,,,coder1,pending,196,1,affiliative,non_humor,not_applicable,1,,,
C01166,full_chain_aggressive,27,Kroger,@kroger,1159132317300002817,https://x.com/kroger/status/1159132317300002817,Wed Aug 07 16:00:54 +0000 2019,"Ready to make something #TastyTonight? 😍 Take the delicious flavors of buffalo dip, provolone and oven-roasted turkey, and roll them into a family-sized Buffalo Sandwich Roll for everyone to enjoy! @tasty https://t.co/5EaYv4X5aN https://t.co/6IlYL8D4Px",,,coder1,pending,19,0,non_humorous,humor,aggressive,1,,,
C01238,random_fortune_sample,45,Johnson & Johnson,@JNJNews,1354040224515551232,https://x.com/JNJNews/status/1354040224515551232,Tue Jan 26 12:15:21 +0000 2021,$JNJ reports Q4 2020 and full-year performance results. See the release for full financial details and non-GAAP reconciliations: https://t.co/oiAcclISNR #earnings https://t.co/mP9sEWsVQU,,,coder1,pending,68,0,non_humorous,non_humor,not_applicable,0,,,
C01148,random_fortune_sample,37,Comcast,@comcast,1839681408387666227,https://x.com/comcast/status/1839681408387666227,Fri Sep 27 15:00:02 +0000 2024,#TheWildRobotMovie is NOW PLAYING only in theaters! Your task is to get tickets and join Roz in theaters this weekend! 🤖🎟️ https://t.co/PXV4n90Lvc https://t.co/oq0cN0Ap83,,,coder1,pending,1411,0,non_humorous,ambiguous,ambiguous_or_review,0,,,
C00090,humor_presence_uncertain,36,Goldman Sachs Group,@GoldmanSachs,1726956479213679034,https://x.com/GoldmanSachs/status/1726956479213679034,Tue Nov 21 13:31:24 +0000 2023,Our Chief China Equity Strategist Kinger Lau explains in this CNBC interview why the risk-reward ratio in Chinese stocks looks attractive as we head into 2024: https://t.co/c8IG3Aieog,,,coder1,pending,38,0,non_humorous,ambiguous,ambiguous_or_review,0,,,
C01371,wendys_transfer_aggressive,16,Nvidia,@nvidia,2065464144908713999,https://x.com/nvidia/status/2065464144908713999,Fri Jun 12 16:00:01 +0000 2026,"What if compliance wasn't the reason your AI initiative never made it past the pilot stage? 🔒

NVIDIA AI Enterprise's government-ready software gives teams around the world a secure, production-ready foundation — so they can focus on deploying AI, not managing vulnerabilities. https://t.co/6iGhBhpmSJ",,,coder1,pending,215,1,aggressive,non_humor,not_applicable,1,,,
C00093,full_chain_aggressive,95,Liberty Mutual Insurance Group,@LibertyMutual,1123645005015519232,https://x.com/LibertyMutual/status/1123645005015519232,Wed May 01 17:47:00 +0000 2019,Hope for the best but prepare for the worst. You should always have a plan in place in the event you get into an accident. #LetsMasterThis https://t.co/v16h4exh8m,,,coder1,pending,29,1,affiliative,humor,aggressive,0,,,
C00561,random_fortune_sample,39,Morgan Stanley,@morganstanley,1601637873287151633,https://x.com/morganstanley/status/1601637873287151633,Sat Dec 10 18:00:00 +0000 2022,"Wondering what to give this holiday season? Consider a gift that keeps on giving – contributions to a 529 plan can help cover future tuition bills, and may provide potential tax benefits for the gift giver. https://t.co/tTt7Y0DqGY",,,coder1,pending,14,1,affiliative,ambiguous,ambiguous_or_review,0,,,
C01189,high_engagement_posts,88,Intel,@intel,2052864667836649722,https://x.com/intel/status/2052864667836649722,Fri May 08 21:34:11 +0000 2026,It was an honor to be shown the awesome @Intel fab in Oregon this week. Looking forward to a great partnership with @SpaceX &amp; @Tesla!,,,coder1,pending,127472,1,affiliative,ambiguous,ambiguous_or_review,0,,,
C01155,wendys_transfer_aggressive,92,Uber Technologies,@Uber,1836061823243882841,https://x.com/Uber/status/1836061823243882841,Tue Sep 17 15:17:05 +0000 2024,"Did you know there are more than 7 million monthly drivers and couriers on the Uber platform around the world? 🚗 Unlike many riders and consumers who pop in and out, the amount of time they spend on the app is measured in hours and days – not minutes. ⌚ New features and app improvements have an outsized impact on their daily lives, and yours as a customer, which is why we must continuously find ways to improve their experience, day in and day out. 

At our 'Only on Uber' event in Washington, DC today, we unveiled important new features designed to help make the things drivers and couriers do every day safer, fairer, and easier, adding up to an experience they can find only on Uber. #OnOurWay

More here: https://t.co/88jRTFrvgZ",,,coder1,pending,266,1,aggressive,humor,self_enhancing,0,,,
C00126,low_engagement_posts,89,Enterprise Products Partners,@EProd_Careers,1682410717268545537,https://x.com/EProd_Careers/status/1682410717268545537,Fri Jul 21 15:22:27 +0000 2023,Enterprise Products is an organization rich in energy-related opportunities. Could this one be right for you? Click here to find out. https://t.co/YKvb8wXliW #TechnicianJobs,,,coder1,pending,0,1,affiliative,ambiguous,ambiguous_or_review,0,,,
C00661,humor_presence_uncertain,89,Enterprise Products Partners,@EProd_Careers,1681097627423899648,https://x.com/EProd_Careers/status/1681097627423899648,Tue Jul 18 00:24:42 +0000 2023,Make the most of your talents in a fast-paced environment driven by people who strive for achievement. Join us at Enterprise Products. Apply now! https://t.co/KZP19RHJGJ #TechnicianJobs,,,coder1,pending,0,1,aggressive,non_humor,not_applicable,1,,,
C00221,low_engagement_posts,100,Massachusetts Mutual Life,@massmutual,1209509349355339781,https://x.com/massmutual/status/1209509349355339781,Tue Dec 24 16:21:15 +0000 2019,"@MarketWatch If you guessed the Saturday before Christmas, you'd be correct!",,,coder1,pending,1,1,affiliative,non_humor,not_applicable,1,,,
C01325,full_chain_aggressive,55,Sysco,@sysco,1737865766278758445,https://x.com/sysco/status/1737865766278758445,Thu Dec 21 16:01:01 +0000 2023,"Last month a group of Sysco Culinary Specialists were invited to an exclusive @RealCalifMilk educational experience at the Culinary Institute of America at Copia in Napa, CA! The chefs also enjoyed a tour of the women-owned Point Reyes Farmstead Cheese Company. https://t.co/pQIqNyztfV",,,coder1,pending,15,1,aggressive,humor,aggressive,0,,,
C00629,random_fortune_sample,52,Lowe's,@lowes,1471662466455289859,https://x.com/lowes/status/1471662466455289859,Fri Dec 17 02:04:08 +0000 2021,RT @USA_Network: It's party time on tonight's season finale!! 🎉 🛍 Tweet using #AmericasBigDeal and your tweet may be featured in the show!,,,coder1,pending,1,1,aggressive,humor,affiliative,0,,,
C00976,classifier_disagreement,10,Cencora,@CencoraGlobal,1620826733472616468,https://x.com/CencoraGlobal/status/1620826733472616468,Wed Feb 01 16:49:41 +0000 2023,"We are proud to announce that we are contributing to @ArielInvests Project Black, which will invest in middle-market companies that are not currently minority owned, as well as existing Black-, Latino- and Latina-owned businesses.  

Learn more: https://t.co/LyAym64zRD https://t.co/sxk5zRKQYA",,,coder1,pending,6,1,affiliative,non_humor,not_applicable,1,,,
C00029,random_fortune_sample,50,FedEx,@fedex,1758153872403489004,https://x.com/fedex/status/1758153872403489004,Thu Feb 15 15:38:42 +0000 2024,Found a friend on the route 🐾  @OriginalMurdick https://t.co/9MBIj9O9fe,,,coder1,pending,55,0,non_humorous,ambiguous,ambiguous_or_review,0,,,
C00167,type_uncertain,14,Cigna Group,@TheCignaGroup,1654557926202195970,https://x.com/TheCignaGroup/status/1654557926202195970,Fri May 05 18:45:24 +0000 2023,"Our mission at The Cigna Group is to improve the health and vitality for all we serve. Our environmental, social and governance (ESG) commitments focus our pledge to influence a healthy society, workforce, environment, and company. Learn more here: https://t.co/9UoE3jTXal https://t.co/AtLobRA0cm",,,coder1,pending,0,1,affiliative,ambiguous,ambiguous_or_review,0,,,
C01354,low_engagement_posts,89,Enterprise Products Partners,@EProd_Careers,1683094874462240768,https://x.com/EProd_Careers/status/1683094874462240768,Sun Jul 23 12:41:03 +0000 2023,Think you would excel as our next Inland Tankerman – Pay Range: $310 - $350 (Depending Upon Experience)? Consider Enterprise Products as YOUR pipeline for career success! Apply today. https://t.co/joWoKGy46d #MarineServices,,,coder1,pending,0,1,affiliative,non_humor,not_applicable,1,,,
C00912,low_engagement_posts,89,Enterprise Products Partners,@EProd_Careers,1681462492680323077,https://x.com/EProd_Careers/status/1681462492680323077,Wed Jul 19 00:34:32 +0000 2023,"If you are a highly motivated achiever with a passion for success, we invite you to learn more about Enterprise Products. Apply today! https://t.co/ve7zZJJAhH",,,coder1,pending,0,0,non_humorous,non_humor,not_applicable,0,,,
C00154,high_engagement_posts,37,Comcast,@comcast,1903069204624052610,https://x.com/comcast/status/1903069204624052610,Fri Mar 21 13:00:30 +0000 2025,"GOOD NEWS!

#WickedMovie is now streaming on Peacock. https://t.co/due2lwIWnZ",,,coder1,pending,2256,0,non_humorous,non_humor,not_applicable,0,,,
C00832,humor_presence_uncertain,44,Walt Disney,@Disney,1908550197057409026,https://x.com/Disney/status/1908550197057409026,Sat Apr 05 16:00:00 +0000 2025,"This October, worlds will collide. 

#TronAres. Only in theaters 10.10.25 https://t.co/9Q1RAUBHBU",,,coder1,pending,42048,0,non_humorous,non_humor,not_applicable,0,,,
C00228,random_fortune_sample,27,Kroger,@kroger,1455535189728403464,https://x.com/kroger/status/1455535189728403464,Tue Nov 02 14:00:06 +0000 2021,We're introducing new hydroponic farming techniques to make our fresh produce even fresher! 🍅 Click https://t.co/GMS7t2ukoA  to celebrate with some Private Selection Ruby Rows Cherry Tomatoes! https://t.co/voXVnTttMU,,,coder1,pending,21,0,non_humorous,ambiguous,ambiguous_or_review,0,,,
C01500,humor_presence_uncertain,27,Kroger,@kroger,1337411841761415168,https://x.com/kroger/status/1337411841761415168,Fri Dec 11 15:00:05 +0000 2020,"Cheers! Sip on this cranberry cocktail by @PlatingsPairing this holiday season, garnished with cranberries and fresh mint for a crisp taste. Enjoy your holiday season responsibly. https://t.co/kLCX9k1Sxw",,,coder1,pending,5,0,non_humorous,ambiguous,ambiguous_or_review,0,,,
C00924,classifier_disagreement,50,FedEx,@fedex,1943317159364419666,https://x.com/fedex/status/1943317159364419666,Thu Jul 10 14:31:30 +0000 2025,"Hi, this is Divin. I am very sorry for the inconvenience. I'd like to help. Kindly DM us your full name, complete delivery address, tracking number, phone number and email address. Thank you. https://t.co/3U6sZOr8Cm",,,coder1,pending,15,1,aggressive,non_humor,not_applicable,1,,,
C01089,random_fortune_sample,1,Amazon,@amazon,1841704735725773225,https://x.com/amazon/status/1841704735725773225,Thu Oct 03 05:00:00 +0000 2024,"Don’t miss out on millions of early holiday deals and exclusive savings for Prime Members during Prime Big Deal Days, starting October 8. ⬇️ https://t.co/5phQ9sNOMx",,,coder1,pending,255,0,non_humorous,ambiguous,ambiguous_or_review,0,,,
C01054,random_fortune_sample,74,TD Synnex,@tdsynnex,1438958360070664193,https://x.com/tdsynnex/status/1438958360070664193,Fri Sep 17 20:09:42 +0000 2021,"📂 IT ecosystem
 └📂 distribution and solutions aggregation
      └📂 funny tweets
           └⚠️ no files were found",,,coder1,pending,5,1,aggressive,non_humor,not_applicable,1,,,
C00623,humor_presence_uncertain,22,Ford Motor,@Ford,2046604875648106620,https://x.com/Ford/status/2046604875648106620,Tue Apr 21 15:00:01 +0000 2026,Life’s better in 4WD.,,,coder1,pending,523,0,non_humorous,non_humor,not_applicable,0,,,
C00605,random_fortune_sample,44,Walt Disney,@Disney,2028679520409079903,https://x.com/Disney/status/2028679520409079903,Tue Mar 03 03:51:03 +0000 2026,Congratulations to all 22 Children's and Family Emmy® wins from across the Walt Disney Company. https://t.co/dJUAmGZWK9,,,coder1,pending,739,1,affiliative,non_humor,not_applicable,1,,,
C00463,humor_presence_uncertain,88,Intel,@intel,1959036565323133431,https://x.com/intel/status/1959036565323133431,Fri Aug 22 23:34:48 +0000 2025,RT @LipBuTan1: Just met with President Trump to announce a historic agreement: the U.S. government is investing $8.9B in @Intel to boost Am…,,,coder1,pending,355,0,non_humorous,humor,affiliative,1,,,
C00646,random_fortune_sample,91,General Dynamics,@generaldynamics,1527009070997295104,https://x.com/generaldynamics/status/1527009070997295104,Wed May 18 19:31:47 +0000 2022,"RT @gatewayairport: We celebrated the start of Gulfstream’s brand new, state of the art Maintenance, Repair and Overhaul facility. This fac…",,,coder1,pending,11,0,non_humorous,ambiguous,ambiguous_or_review,0,,,
C01219,random_fortune_sample,95,Liberty Mutual Insurance Group,@LibertyMutual,1219425124790738945,https://x.com/LibertyMutual/status/1219425124790738945,Tue Jan 21 01:03:00 +0000 2020,"Raise your hand if you shout appraisals at the TV while watching #AntiquesRoadshow! ✋✋✋

#ProudSponsor",,,coder1,pending,43,1,aggressive,ambiguous,ambiguous_or_review,0,,,
C01020,wendys_transfer_aggressive,27,Kroger,@kroger,1265262848537759745,https://x.com/kroger/status/1265262848537759745,Tue May 26 12:45:45 +0000 2020,❤️,,,coder1,pending,72,1,aggressive,ambiguous,ambiguous_or_review,0,,,
C01413,firm_balanced_sample,14,Cigna Group,@Cigna,1580631077046976513,https://x.com/Cigna/status/1580631077046976513,Thu Oct 13 18:46:30 +0000 2022,"Life can be stressful. Tell us, which of the following do you rely on to manage your stress and emotional health? 

Learn more tips for handling stress: https://t.co/b3taOL7Z8p",,,coder1,pending,8,1,affiliative,ambiguous,ambiguous_or_review,0,,,
C01319,wendys_transfer_aggressive,27,Kroger,@kroger,1395777833021186050,https://x.com/kroger/status/1395777833021186050,Fri May 21 16:25:42 +0000 2021,"@BillMurphyTalks Hey Bill, Yikes! We are so sorry that you were not satisfied with the Harris Teeter Seltzer Water. We have suppliers all over the country, so there is a chance the taste will not be the same.  Your opinion does count!!!",,,coder1,pending,5,1,aggressive,non_humor,not_applicable,1,,,
C00613,high_engagement_posts,43,Tesla,@tesla,2017412837006795051,https://x.com/tesla/status/2017412837006795051,Sat Jan 31 01:41:16 +0000 2026,"What it’s like to drive a Tesla for over 250,000 miles",,,coder1,pending,5693,1,aggressive,ambiguous,ambiguous_or_review,0,,,
C01404,high_engagement_posts,47,Boeing,@boeing,1792908628992618765,https://x.com/boeing/status/1792908628992618765,Tue May 21 13:21:42 +0000 2024,https://t.co/RpmvqdkEGh,,,coder1,pending,2373,0,non_humorous,non_humor,not_applicable,0,,,
C00722,random_fortune_sample,97,Bristol-Myers Squibb,@bmsnews,1517249167663509504,https://x.com/bmsnews/status/1517249167663509504,Thu Apr 21 21:09:25 +0000 2022,"With @EdpRenewables, we executed a 15-year power purchase agreement at Cattlemen Solar Park in TX, a big step toward reaching our long-term environmental sustainability goals to buy 100% of electricity from renewable sources by 2030.",,,coder1,pending,7,0,non_humorous,ambiguous,ambiguous_or_review,0,,,
C00379,firm_balanced_sample,64,Allstate,@allstate,1289234358444802048,https://x.com/allstate/status/1289234358444802048,Fri Jul 31 16:19:58 +0000 2020,"If you are in #Florida or the Southeast, use this #Hurricane preparedness guide to help get ready for #HurricaneIsaias: https://t.co/WgCnEvkUaz",,,coder1,pending,1,1,affiliative,ambiguous,ambiguous_or_review,0,,,
C00195,wendys_transfer_aggressive,79,TJX,@tjmaxx,783386541876011008,https://x.com/tjmaxx/status/783386541876011008,Tue Oct 04 19:21:20 +0000 2016,@mevanslauren Thanks for reaching out about this. Please give Customer Service a call at 1-800-926-6299 M-F between 9-6EST.,,,coder1,pending,0,1,aggressive,non_humor,not_applicable,1,,,
C00274,type_uncertain,95,Liberty Mutual Insurance Group,@LibertyMutual,1674070216274329606,https://x.com/LibertyMutual/status/1674070216274329606,Wed Jun 28 15:00:16 +0000 2023,"But if you're reading this, you're already aware… https://t.co/x9JxINKIFi",,,coder1,pending,19,1,affiliative,ambiguous,ambiguous_or_review,0,,,
C01012,humor_presence_uncertain,95,Liberty Mutual Insurance Group,@LibertyMutual,1097990460679876608,https://x.com/LibertyMutual/status/1097990460679876608,Tue Feb 19 22:45:00 +0000 2019,"Did you know: After a recent update, the most valuable item in the #AntiquesRoadshow archive is a 1904 Diego Rivera oil painting. #TriviaTuesday. #ProudSponsor",,,coder1,pending,17,1,aggressive,ambiguous,ambiguous_or_review,0,,,
C01247,high_engagement_posts,11,Microsoft,@microsoft,2032515189086761005,https://x.com/microsoft/status/2032515189086761005,Fri Mar 13 17:52:38 +0000 2026,"We’re the first cloud to bring up an NVIDIA Vera Rubin NVL72 system for validation, another big step in building the next generation of AI infrastructure with NVIDIA. https://t.co/apPyKh0HRK",,,coder1,pending,7748,1,affiliative,humor,self_enhancing,0,,,
C00525,random_fortune_sample,71,Delta Air Lines,@Delta,2017338952823316890,https://x.com/Delta/status/2017338952823316890,Fri Jan 30 20:47:41 +0000 2026,"We’re making schedule adjustments for winter weather this weekend in BOS, PVD, ATL &amp; the Southeast, with safety front and center.

Traveling through these cities? Explore flexible options &amp; change your flight in the Delta app or https://t.co/yQj0bzerMw. https://t.co/oCyvlPY5XL",,,coder1,pending,287,0,non_humorous,ambiguous,ambiguous_or_review,0,,,
C00756,full_chain_aggressive,43,Tesla,@tesla,2014453312696025464,https://x.com/tesla/status/2014453312696025464,Thu Jan 22 21:41:11 +0000 2026,"We just set the 1st Fully Autonomous, ZERO-Intervention Cannonball Run Record from LA-NY.

In the middle of WINTER, through extreme cold, snow, ice, slush & rain, FSD drove 100% of the 3081 miles of our journey.

58 hrs, 22 min non-stop, except for charging.

FSD 14.2.2.3 is an absolute game changer for personal autonomy.

Incredibly, my Model S could have gotten to NYC faster WITHOUT us on board.

@ElonMusk was right. Once an autonomous vehicle is mature, most human input is an error.

A comedy of human errors added hours and hundreds of miles, but FSD stunned us with its consistent and comfortable behavior.

MUCH more (hilarious) detail to follow.

Thank you to my co-passengers @dackboor & Paul Pham, Tesla experts/enthusiasts who agreed to do this in the worst weather possible.

Congrats to @aelluswamy and team for this incredible step forward.

Data, pix and video coming soon.

1/x

https://t.co/d2gaScrwdT @elonmusk @Scobleizer @wholemars @itskyleconner @SawyerMerritt @alex_avoigt @DavidMoss",,,coder1,pending,7315,1,affiliative,humor,aggressive,0,,,
C00752,firm_balanced_sample,23,General Motors,@GM,1549381820856287232,https://x.com/GM/status/1549381820856287232,Tue Jul 19 13:13:06 +0000 2022,"We see you, @Chevrolet. 🏋️✨",,,coder1,pending,129,0,non_humorous,non_humor,not_applicable,0,,,
C00758,random_fortune_sample,8,McKesson,@mckesson,1592605130133831683,https://x.com/mckesson/status/1592605130133831683,Tue Nov 15 19:47:06 +0000 2022,"With specialized teams devoted to your growth, we’re here to consult on more than just quality products. Learn more: https://t.co/kgkBMAAXJ7 https://t.co/bw5tSy0rWR",,,coder1,pending,6,0,non_humorous,ambiguous,ambiguous_or_review,0,,,
C01223,wendys_transfer_aggressive,64,Allstate,@allstate,1334897908425121793,https://x.com/allstate/status/1334897908425121793,Fri Dec 04 16:30:37 +0000 2020,"Our head coach @coachbriankelly never backs down from a challenge, even if it's from @mikegolicjr ! 

Coach Kelly is joining the @Allstate  #GoodHandsChallenge which donates $10 per flick to college scholarships. 

Next up @julianlove27  and all @FightingIrish  fans!

#GoIrish https://t.co/Ij2B7dvMzp",,,coder1,pending,300,1,aggressive,non_humor,not_applicable,1,,,
C01396,high_engagement_posts,44,Walt Disney,@Disney,1913072451258663225,https://x.com/Disney/status/1913072451258663225,Fri Apr 18 03:29:50 +0000 2025,"RT @starwars: The Chosen One, Hayden Christensen thanks the fans and kicks off #StarWarsCelebration weekend. https://t.co/7ZPwSgWeiC",,,coder1,pending,1879,0,non_humorous,ambiguous,ambiguous_or_review,0,,,
C00889,random_fortune_sample,16,Nvidia,@nvidia,1940472489517436985,https://x.com/nvidia/status/1940472489517436985,Wed Jul 02 18:07:48 +0000 2025,"RT @nvidianewsroom: Here’s to our ongoing collaboration with @OpenAI, as we continue to shape the future of AI together.
https://t.co/123x2…",,,coder1,pending,74,0,non_humorous,humor,affiliative,1,,,
C00039,wendys_transfer_aggressive,45,Johnson & Johnson,@JNJNews,1617567977116762112,https://x.com/JNJNews/status/1617567977116762112,Mon Jan 23 17:00:33 +0000 2023,"Innovators at #JNJ are aiming to help improve maternal health outcomes by studying rare diseases like #HDFN. For #MaternalHealth Awareness Day, learn about the passion these innovators have for their work and the progress J&amp;J is making to help pregnant people and their babies.",,,coder1,pending,17,1,aggressive,humor,affiliative,0,,,
C00892,high_engagement_posts,5,Alphabet,@google,2044447030353752349,https://x.com/google/status/2044447030353752349,Wed Apr 15 16:05:30 +0000 2026,"Gemini 3.1 Flash TTS is our most controllable text-to-speech model yet.

With new Audio Tags, you can easily direct vocal style, delivery, and pace through text commands. 🧵",,,coder1,pending,2395,1,affiliative,ambiguous,ambiguous_or_review,0,,,
C00809,classifier_disagreement,42,Target,@target,1494352268187119620,https://x.com/target/status/1494352268187119620,Thu Feb 17 16:45:19 +0000 2022,Are you Target? Bc I like everything I see,,,coder1,pending,1145,1,aggressive,non_humor,not_applicable,1,,,
C01459,humor_presence_uncertain,58,Archer Daniels Midland,@ADMupdates,1476239112894095373,https://x.com/ADMupdates/status/1476239112894095373,Wed Dec 29 17:10:06 +0000 2021,Happy 50th anniversary to our ARTCO (American River Transportation Company) colleagues! Congratulations to our #TeamADM members who help make our business a success. 🎉 https://t.co/JH0DtOLPTZ,,,coder1,pending,19,0,non_humorous,non_humor,not_applicable,0,,,
C01173,humor_presence_uncertain,60,HCA Healthcare,@hcahealthcare,1849186202878161308,https://x.com/hcahealthcare/status/1849186202878161308,Wed Oct 23 20:28:41 +0000 2024,"Across HCA Healthcare, emergency room (ER) nurses care for patients who are facing severe, often-life threatening emergencies. Please join us in thanking nurses like @HCAFLHealthcare's Rashuan Spencer for providing patient-centered, lifesaving care. #HCANursing https://t.co/KX6LVsf4dS",,,coder1,pending,2,0,non_humorous,non_humor,not_applicable,0,,,
C01484,classifier_disagreement,96,Travelers,@travelers,1712822661322014781,https://x.com/travelers/status/1712822661322014781,Fri Oct 13 13:28:39 +0000 2023,"#TravelersInstitute President Joan Woodward joined @DisabilityIN's Jill Houghton and Bruce Soltys from Travelers for a conversation about hiring and retaining workers with disabilities. 

🖥️ Watch the replay now: https://t.co/W2sD9kQ7Ko #WednesdayswithWoodward https://t.co/iSYWTXT33B",,,coder1,pending,10,0,non_humorous,humor,affiliative,1,,,
C00698,random_fortune_sample,43,Tesla,@tesla,2047018643880583330,https://x.com/tesla/status/2047018643880583330,Wed Apr 22 18:24:11 +0000 2026,"RT @TeslaCharging: Earn a unique Earth Day badge by charging your Tesla today. Both Supercharging &amp; home charging count. 

Happy Earth Day…",,,coder1,pending,476,0,non_humorous,non_humor,not_applicable,0,,,
C00270,classifier_disagreement,25,Home Depot,@HDCares,762396275820093441,https://x.com/HDCares/status/762396275820093441,Sun Aug 07 21:13:31 +0000 2016,@jlsmith210 Sorry we let you down! Pls send ur order # and contact info to TeamSocial@homedepot.com for assistance. -TeamCare,,,coder1,pending,0,1,affiliative,non_humor,not_applicable,1,,,
C00365,random_fortune_sample,52,Lowe's,@lowes,1493031032425267200,https://x.com/lowes/status/1493031032425267200,Mon Feb 14 01:15:11 +0000 2022,Thank you to all of those who supported the USO in @Lowes #HomeTeamsForHometowns Twitter poll. We will use these funds to continue supporting service members and their families. Now it’s time to see if it will be @Bengals or @RamsNFL who win the #SuperBowl !,,,coder1,pending,39,1,affiliative,ambiguous,ambiguous_or_review,0,,,
C00843,classifier_disagreement,44,Walt Disney,@Disney,1978491059047985265,https://x.com/Disney/status/1978491059047985265,Wed Oct 15 16:00:01 +0000 2025,"Experience Avatar like never before! Go behind the scenes of the global phenomenon with an epic two-part event.
 
Watch Fire And Water: Making The Avatar Films, streaming November 7 on @DisneyPlus. https://t.co/s7i7ZLArVJ",,,coder1,pending,3875,0,non_humorous,humor,self_enhancing,1,,,
C00812,humor_presence_uncertain,65,Caterpillar,@CaterpillarInc,1676237024821407745,https://x.com/CaterpillarInc/status/1676237024821407745,Tue Jul 04 14:30:24 +0000 2023,"Let's light up the sky. 🎇

Wishing everyone a Happy and Safe 4th of July! https://t.co/ANuPTVoXJ8",,,coder1,pending,350,1,affiliative,ambiguous,ambiguous_or_review,0,,,
C00971,humor_presence_uncertain,67,Eli Lilly,@EliLillyandCo,1894758894380908880,https://x.com/EliLillyandCo/status/1894758894380908880,Wed Feb 26 14:38:17 +0000 2025,"We’re dramatically investing to support future breakthroughs in medicine with 4 new U.S. sites. See the details of this latest commitment that more than doubles our domestic manufacturing investment, exceeding $50 billion since 2020: https://t.co/aifA5unYrl #WeAreLilly https://t.co/BjjkyPxBZd",,,coder1,pending,75,0,non_humorous,humor,self_enhancing,1,,,
C00303,random_fortune_sample,18,Elevance Health,@elevancehealth,1575482513396764673,https://x.com/elevancehealth/status/1575482513396764673,Thu Sep 29 13:47:56 +0000 2022,"Join us on October 6, 1-2 pm ET, for a PQA #Webinar sponsored by @ElevanceHealth. Panelists will discuss #pharmacoequity, explore how it's operationalized and the latest research. https://t.co/08HNr43Yek #healthequity https://t.co/pwm6M920de",,,coder1,pending,6,0,non_humorous,non_humor,not_applicable,0,,,
C00650,random_fortune_sample,24,Citigroup,@Citi,1801300828369608815,https://x.com/Citi/status/1801300828369608815,Thu Jun 13 17:09:18 +0000 2024,"RT @moneymoverscnbc: ""We're going to see some better inflation prints over the next few months, and that's going to open the door for rate…",,,coder1,pending,4,1,affiliative,ambiguous,ambiguous_or_review,0,,,
C01275,high_engagement_posts,71,Delta Air Lines,@Delta,1504804827993313283,https://x.com/Delta/status/1504804827993313283,Fri Mar 18 13:00:03 +0000 2022,"#sweepstakes We think #NFTs are great. But how about a Nice Free Trip* instead? Visit the link for your chance to win.

*Trip = flight, hotel, activity for two. No Purch Nec US 50 Res 18+ Full Rules: https://t.co/UmRBFR7wP8 #sweepstakes",,,coder1,pending,1540,1,affiliative,non_humor,not_applicable,1,,,
C00640,random_fortune_sample,78,Prudential Financial,@Prudential,1208073499761369089,https://x.com/Prudential/status/1208073499761369089,Fri Dec 20 17:15:41 +0000 2019,"RT @kalamarides: #Smallbiz workers deserve the same opportunity as others to save for a secure retirement, and the passage of #SECUREAct le…",,,coder1,pending,3,0,non_humorous,non_humor,not_applicable,0,,,
C00518,humor_presence_uncertain,25,Home Depot,@HDCares,776473656901926912,https://x.com/HDCares/status/776473656901926912,Thu Sep 15 17:32:00 +0000 2016,@Flora_Finching Thanks for your kudos! Share more insight w/ us by emailing your full experience to TeamSocial@homedepot.com. –TeamCare,,,coder1,pending,0,0,non_humorous,non_humor,not_applicable,0,,,
C00751,random_fortune_sample,44,Walt Disney,@Disney,1938267101883470108,https://x.com/Disney/status/1938267101883470108,Thu Jun 26 16:04:23 +0000 2025,"should’ve known he couldn’t keep a secret.

a 626 day surprise: #LiloAndStitch 2 is now in development! https://t.co/1fVCqEhR0W",,,coder1,pending,12812,0,non_humorous,non_humor,not_applicable,0,,,
C01425,high_engagement_posts,44,Walt Disney,@Disney,1854989402721615945,https://x.com/Disney/status/1854989402721615945,Fri Nov 08 20:48:32 +0000 2024,"Any Gabrielly, voice of Moana in Brazil, with a special performance of ""Beyond"" from #Moana2 🎶 https://t.co/yMuY8w9xsm",,,coder1,pending,2451,0,non_humorous,ambiguous,ambiguous_or_review,0,,,
C00727,full_chain_aggressive,10,Cencora,@CencoraGlobal,1553037690123214851,https://x.com/CencoraGlobal/status/1553037690123214851,Fri Jul 29 15:20:14 +0000 2022,"Lamont Robinson, director of supplier diversity, joined Chain Drug Review to discuss the origin our of diversity, equity and inclusion programs and how diverse-owned business can benefit from programs like the one at AmerisourceBergen. 

Watch: https://t.co/PVQDa7MP49",,,coder1,pending,5,1,affiliative,humor,aggressive,0,,,
C01399,firm_balanced_sample,75,ConocoPhillips,@conocophillips,1742555875254980776,https://x.com/conocophillips/status/1742555875254980776,Wed Jan 03 14:37:50 +0000 2024,"""To me, it's all about building trust,"" Amy said. Learn more about this #ConocoPhillips consultant who was recently recognized with a Lifetime Achievement SPIRIT Award for her commitment and contributions in Midland, TX. https://t.co/LBQPTYhP58 https://t.co/OKwugkoBDe",,,coder1,pending,10,1,aggressive,non_humor,not_applicable,1,,,
C01327,type_uncertain,22,Ford Motor,@Ford,1923070593454281075,https://x.com/Ford/status/1923070593454281075,Thu May 15 17:38:53 +0000 2025,"RT @jimfarley98: It’s always a great time when I get to hang with @JayLeno! Whether we’re talking about cars, history, or... pirates, he al…",,,coder1,pending,26,1,affiliative,humor,self_enhancing,0,,,
C01215,firm_balanced_sample,18,Elevance Health,@elevancehealth,1426915532712906755,https://x.com/elevancehealth/status/1426915532712906755,Sun Aug 15 14:35:48 +0000 2021,"How payers, providers are tackling homelessness &amp; extending care access https://t.co/CeJir2RDQB",,,coder1,pending,5,0,non_humorous,ambiguous,ambiguous_or_review,0,,,
C00243,high_engagement_posts,43,Tesla,@tesla,2064350518907167166,https://x.com/tesla/status/2064350518907167166,Tue Jun 09 14:14:52 +0000 2026,"FSD Supervised now approved in Denmark 🇩🇰

Rollout will begin soon https://t.co/Xpxwcme10k",,,coder1,pending,17298,0,non_humorous,ambiguous,ambiguous_or_review,0,,,
C00911,random_fortune_sample,97,Bristol-Myers Squibb,@bmsnews,1768321192820199825,https://x.com/bmsnews/status/1768321192820199825,Thu Mar 14 17:00:00 +0000 2024,"This #KidneyCancerAwarenessMonth, we honor those impacted by a kidney cancer diagnosis including patients and their loved ones. We are eager to explore new novel combinations for patients in earlier and advanced stages of disease. #KCAM24",,,coder1,pending,6,1,affiliative,non_humor,not_applicable,1,,,
C00023,type_uncertain,25,Home Depot,@HDCares,743544934771335169,https://x.com/HDCares/status/743544934771335169,Thu Jun 16 20:45:01 +0000 2016,@Pauleadamian Thx for the positive feedback! We have saved your praise under case#2295206 and we'll share w/ the Store Manager. -TeamCare,,,coder1,pending,2,1,affiliative,non_humor,not_applicable,1,,,
C01474,full_chain_aggressive,34,Humana,@humana,1729908079615971408,https://x.com/humana/status/1729908079615971408,Wed Nov 29 17:00:00 +0000 2023,"In its fifth year, our Supplier Diversity Mentor-Protégé Program (MPP) fosters one-on-one mentorship and monthly learning sessions with Humana leaders, participants and external partners to create new opportunities for success and collaboration among diverse-owned business.",,,coder1,pending,1,1,affiliative,humor,aggressive,0,,,
C01204,humor_presence_uncertain,57,Albertsons,@albertsons,1017103816867524608,https://x.com/albertsons/status/1017103816867524608,Wed Jul 11 17:50:21 +0000 2018,"🍉 During grilling season anything is possible to put on the grill, even this juicy watermelon! Pick up watermelon at Albertsons for your grilling festivities! 👉 https://t.co/feHY7MxOBH https://t.co/4mY1KUmgzf",,,coder1,pending,16,0,non_humorous,humor,self_enhancing,1,,,
C00422,random_fortune_sample,14,Cigna Group,@Cigna,1471195874311262212,https://x.com/Cigna/status/1471195874311262212,Wed Dec 15 19:10:04 +0000 2021,We are so proud of our employees and the incredible work they do in their communities every day – so we’re sharing their stories of giving and volunteerism! https://t.co/IminiQOuaZ #CignaNews #CignaFoundation https://t.co/lUJuewmc1K,,,coder1,pending,5,1,affiliative,ambiguous,ambiguous_or_review,0,,,
C01272,full_chain_aggressive,90,Ingram Micro Holding,@IngramMicroInc,1737930444589486126,https://x.com/IngramMicroInc/status/1737930444589486126,Thu Dec 21 20:18:01 +0000 2023,"We're proud to share snapshots of our ESG initiatives in India, Switzerland, and Chile. From creating lanterns from the trash In India, office cleanups in Switzerland and electronic waste collection in Chile, we’re working for a sustainable future. #ingrammicro #ingrammicroesg https://t.co/PwyzpoopE8",,,coder1,pending,4,1,affiliative,humor,aggressive,0,,,
C01045,wendys_transfer_aggressive,71,Delta Air Lines,@Delta,1742976691838779399,https://x.com/Delta/status/1742976691838779399,Thu Jan 04 18:30:00 +0000 2024,"New year, new destinations. What’s on your 2024 travel list?",,,coder1,pending,761,1,aggressive,ambiguous,ambiguous_or_review,0,,,
C00460,random_fortune_sample,1,Amazon,@amazon,1728092140939669892,https://x.com/amazon/status/1728092140939669892,Fri Nov 24 16:44:07 +0000 2023,Big game. Big deals. Big touchdown dance. It’s the first ever #BlackFridayNFL game! Shop Amazon’s Black Friday Deals now and exclusive Big Deal Drops during the game! https://t.co/ZO2mc1eUjQ,,,coder1,pending,180,1,aggressive,ambiguous,ambiguous_or_review,0,,,
C00712,type_uncertain,89,Enterprise Products Partners,@EProd_Careers,1681672682272858112,https://x.com/EProd_Careers/status/1681672682272858112,Wed Jul 19 14:29:46 +0000 2023,Discover exciting and rewarding ways to apply your talents at Enterprise Products. Click here to find out more! https://t.co/0UHOvrnH2p #ProjectEngineer,,,coder1,pending,0,1,aggressive,non_humor,not_applicable,1,,,
C01190,classifier_disagreement,11,Microsoft,@microsoft,1988705896135029206,https://x.com/microsoft/status/1988705896135029206,Wed Nov 12 20:30:08 +0000 2025,Let’s settle this.,,,coder1,pending,344,1,affiliative,non_humor,not_applicable,1,,,
C00874,humor_presence_uncertain,45,Johnson & Johnson,@JNJNews,1622656375020040192,https://x.com/JNJNews/status/1622656375020040192,Mon Feb 06 18:00:01 +0000 2023,"Watch how pharmacists work closely with doctors using real-time heart monitoring to improve patient outcomes. This #AmericanHeartMonth, join #JNJ in thanking pharmacists for keeping patients #hearthealthy. #YouStandByUsAll https://t.co/GNfXCkt5SK",,,coder1,pending,24,0,non_humorous,non_humor,not_applicable,0,,,
C01258,type_uncertain,69,Nationwide,@nationwide,2020659257402630175,https://x.com/nationwide/status/2020659257402630175,Mon Feb 09 00:41:23 +0000 2026,"We love your passion for the game and the community, @Bwagz!",,,coder1,pending,7,1,affiliative,ambiguous,ambiguous_or_review,0,,,
C01380,wendys_transfer_aggressive,60,HCA Healthcare,@hcahealthcare,1920510936453882018,https://x.com/hcahealthcare/status/1920510936453882018,Thu May 08 16:07:43 +0000 2025,"🏥Hi! I’m Liz Lee, an emergency room nurse at @HCAFLHealthcare in Lake City, Florida. In honor of #NationalNursesWeek, I’m taking over HCA Healthcare’s social media to give you a glimpse into providing life-saving care in the ER. Follow along and learn more about my journey! https://t.co/DJjBCQs5IZ",,,coder1,pending,16,1,aggressive,non_humor,not_applicable,1,,,
C00391,wendys_transfer_aggressive,77,AbbVie,@abbvie,1867578155726233942,https://x.com/abbvie/status/1867578155726233942,Fri Dec 13 14:31:44 +0000 2024,"[Video description: On-screen text reads, “Immunology News.”]",,,coder1,pending,1,1,aggressive,non_humor,not_applicable,1,,,
C00424,full_chain_aggressive,34,Humana,@humana,1603434717025550337,https://x.com/humana/status/1603434717025550337,Thu Dec 15 17:00:01 +0000 2022,Take a moment to focus on you during the hustle and bustle of the holiday season. 🎄 Give yourself permission to breathe deeply and relax. 🕎 Meditation and mindfulness help reduce stress which promotes whole-person health.,,,coder1,pending,6,1,affiliative,humor,aggressive,0,,,
C00171,random_fortune_sample,44,Walt Disney,@Disney,1907932218456158683,https://x.com/Disney/status/1907932218456158683,Thu Apr 03 23:04:23 +0000 2025,🚨NEW ANIMAL JUST DROPPED🚨 Meet the newest addition to Zootopia 2 with Quinta Brunson as the quokka therapist Dr. Fuzzby! https://t.co/0iIk8hEvET,,,coder1,pending,6129,1,aggressive,ambiguous,ambiguous_or_review,0,,,
C00177,humor_presence_uncertain,27,Kroger,@kroger,1200560572535857152,https://x.com/kroger/status/1200560572535857152,Fri Nov 29 23:42:00 +0000 2019,"RT @DHLUS: This #Thanksgiving holiday, we helped deliver happiness to Indianapolis families in need. With the help of @Kroger, @Butterball…",,,coder1,pending,3,0,non_humorous,ambiguous,ambiguous_or_review,0,,,
C00429,type_uncertain,29,Phillips 66,@Phillips66co,1549076674913894404,https://x.com/Phillips66co/status/1549076674913894404,Mon Jul 18 17:00:34 +0000 2022,"The Black Employee Network at Phillips 66 has a bold mission to promote diversity, inclusion, and equality in the workplace. It provides programs, activities, and initiatives to promote continual learning in order to attract and retain top talent. https://t.co/OeRzMe45fy",,,coder1,pending,9,1,affiliative,humor,affiliative,0,,,
C00526,high_engagement_posts,43,Tesla,@tesla,2056814647211401488,https://x.com/tesla/status/2056814647211401488,Tue May 19 19:10:00 +0000 2026,https://t.co/vzXgnM51kM,,,coder1,pending,2958,0,non_humorous,non_humor,not_applicable,0,,,
C01348,random_fortune_sample,61,Lockheed Martin,@lockheedmartin,2041531763592212876,https://x.com/lockheedmartin/status/2041531763592212876,Tue Apr 07 15:01:16 +0000 2026,"The dawn of a new era of human space exploration has arrived.

Last night, the Orion spacecraft we built for @NASA completed its closest approach of the Moon and the crew delivered a view of Earth few have ever seen. We're proud to support the Artemis program and the missions to come.",,,coder1,pending,1257,1,affiliative,humor,self_enhancing,0,,,
C00936,full_chain_aggressive,50,FedEx,@fedex,1563194454801993731,https://x.com/fedex/status/1563194454801993731,Fri Aug 26 15:59:35 +0000 2022,We’re proud to support women-owned businesses! And we work to help them succeed with mentorship opportunities and leadership development. 💜🧡#WomensEqualityDay https://t.co/6nklmvJlRx,,,coder1,pending,55,1,affiliative,humor,aggressive,0,,,
C00973,humor_presence_uncertain,34,Humana,@humana,1631414078064214018,https://x.com/humana/status/1631414078064214018,Thu Mar 02 22:00:01 +0000 2023,"We've expanded our relationship with the nation's largest network of independent primary care, @AledadeACO, and are pleased to announce a 10-year collaboration with the health services company.",,,coder1,pending,42,0,non_humorous,ambiguous,ambiguous_or_review,0,,,
C01218,humor_presence_uncertain,92,Uber Technologies,@Uber,1901671798166458843,https://x.com/Uber/status/1901671798166458843,Mon Mar 17 16:27:42 +0000 2025,"If you guessed Massachusetts....
🍀
You're wrong. South Carolina, Illinois &amp; Iowa outdid the rest of the country last year booking 1.5x their daily trips on St. Patrick's Day! Who do you think will go out the most this year? https://t.co/F5C9Hm1ZcA",,,coder1,pending,182,0,non_humorous,ambiguous,ambiguous_or_review,0,,,
C00297,wendys_transfer_aggressive,89,Enterprise Products Partners,@EProd_Careers,1680341410694975489,https://x.com/EProd_Careers/status/1680341410694975489,Sat Jul 15 22:19:46 +0000 2023,Discover exciting and rewarding ways to apply your talents at Enterprise Products. Click here to find out more! https://t.co/BMfKrHZlM2 #TechnicianJobs,,,coder1,pending,0,1,aggressive,non_humor,not_applicable,1,,,
C00301,high_engagement_posts,99,Nike,@nike,1908990712386839019,https://x.com/nike/status/1908990712386839019,Sun Apr 06 21:10:27 +0000 2025,Top Dogs. @uconnwbb https://t.co/YCGbsjv11Y,,,coder1,pending,10111,0,non_humorous,non_humor,not_applicable,0,,,
C00745,random_fortune_sample,89,Enterprise Products Partners,@EProd_Careers,1681729286456360960,https://x.com/EProd_Careers/status/1681729286456360960,Wed Jul 19 18:14:41 +0000 2023,"If you are a highly motivated achiever with a passion for success, we invite you to learn more about Enterprise Products. Apply today! https://t.co/XTMPnkhGba",,,coder1,pending,0,0,non_humorous,non_humor,not_applicable,0,,,
C00372,random_fortune_sample,56,American Express,@americanexpress,1421171367899246597,https://x.com/americanexpress/status/1421171367899246597,Fri Jul 30 18:10:32 +0000 2021,"It’s finally summer and @dramabookshop is back! We followed along as @Lin_Manuel helped revitalize and reimagine this NYC institution. Watch The Drama Book Shop: The Next Hundred Years now: https://t.co/R2iOWWMeQp. This summer, let’s go #ShopSmall. https://t.co/WxyxJz1zC1",,,coder1,pending,35,0,non_humorous,ambiguous,ambiguous_or_review,0,,,
C00145,firm_balanced_sample,30,Marathon Petroleum,@MarathonPetroCo,1984289734198251899,https://x.com/MarathonPetroCo/status/1984289734198251899,Fri Oct 31 16:01:53 +0000 2025,"Fall is in full color in some parts of the country, including around our Findlay, Ohio, headquarters. 🍂 We’re sharing a few of our favorite views as most of the U.S. and Canada prepare to “fall back” to standard time this Sunday at 2 a.m. 🕑 

Enjoy that extra hour and take a few minutes to check your smoke and CO detectors. It’s also a good time to refresh your home safety supplies. A little time spent now can make a big difference later. 🍁

#FallBack #DaylightSavingTime #TurnAndTest #FindlayOhio #MarathonPetroleum

🧵 1/2",,,coder1,pending,6,1,affiliative,ambiguous,ambiguous_or_review,0,,,
C01326,type_uncertain,45,Johnson & Johnson,@JNJNews,1376889447866900485,https://x.com/JNJNews/status/1376889447866900485,Tue Mar 30 13:30:00 +0000 2021,"Since the start of the pandemic, #COVID19 has impacted the lives of people all across the globe. This #NationalDoctorsDay, take a look back at one cardiologist’s time on the front line in Wuhan—from answering a call to volunteer to treating patients: https://t.co/wHH5CYCtNJ https://t.co/9yv00CM7gf",,,coder1,pending,79,1,affiliative,ambiguous,ambiguous_or_review,0,,,
C00807,full_chain_aggressive,92,Uber Technologies,@Uber,2034601189623652612,https://x.com/Uber/status/2034601189623652612,Thu Mar 19 12:01:39 +0000 2026,"I’m excited to announce a partnership with @Uber. As part of this, Uber plans to invest up to $1.25 billion in Rivian and deploy up to 50,000 R2 robotaxis.

This partnership accelerates our path to Level 4 autonomy and supports our goal of building one of the safest autonomous platforms in the world—across both shared and personally owned vehicles.

The combination of Rivian’s rapidly growing data flywheel, our in-house RAP1 inference platform (800 TOPS), and our multi-modal perception stack provides a powerful foundation to scale autonomy quickly and responsibly over the next couple of years.",,,coder1,pending,5840,1,affiliative,humor,aggressive,0,,,
C00260,classifier_disagreement,50,FedEx,@fedex,1704610500540084234,https://x.com/fedex/status/1704610500540084234,Wed Sep 20 21:36:28 +0000 2023,Did your vote win? @GenoSmith3 and @CMC_22 are your Week 2 FedEx #AirandGround @NFL Players of the Week. Congratulate them using #AirandGround! https://t.co/KppQOKwhrW,,,coder1,pending,25,0,non_humorous,humor,affiliative,1,,,
C00823,full_chain_aggressive,59,MetLife,@metlife,1583533598581620737,https://x.com/metlife/status/1583533598581620737,Fri Oct 21 19:00:05 +0000 2022,Remote workers struggle more with understanding their employee benefits and are two times more likely to say they enrolled in the wrong type of benefits. Open enrollment is the perfect time to enhance your benefits communications. Explore more: https://t.co/JDjF2N4wjt #HR https://t.co/l3b1u9txjg,,,coder1,pending,3,0,non_humorous,humor,aggressive,1,,,
C00175,classifier_disagreement,42,Target,@target,1559206364316139522,https://x.com/target/status/1559206364316139522,Mon Aug 15 15:52:20 +0000 2022,no one is more optimistic than someone who only grabs a basket,,,coder1,pending,721,1,self-defeating,non_humor,not_applicable,1,,,
C00850,random_fortune_sample,65,Caterpillar,@CaterpillarInc,1430953409214140424,https://x.com/CaterpillarInc/status/1430953409214140424,Thu Aug 26 18:00:53 +0000 2021,Get sustainable power at a lower cost — find the latest information on our solar solutions at https://t.co/OXdAX6HY4B. #SustainablePower #CatMicrogrid #RenewableEnergy https://t.co/kJ5hUk47BT,,,coder1,pending,9,0,non_humorous,ambiguous,ambiguous_or_review,0,,,
C00405,random_fortune_sample,39,Morgan Stanley,@morganstanley,1900215301167284657,https://x.com/morganstanley/status/1900215301167284657,Thu Mar 13 16:00:06 +0000 2025,"Following two years of S&amp;P 500 returns exceeding 25%, further gains may be more muted in 2025, though AI adoption could lead to a stronger rally. https://t.co/alcXAZW3NW https://t.co/8rea8nw3g9",,,coder1,pending,32,0,non_humorous,ambiguous,ambiguous_or_review,0,,,
C00856,low_engagement_posts,31,StoneX Group,@StoneX_Official,2044143786150744128,https://x.com/StoneX_Official/status/2044143786150744128,Tue Apr 14 20:00:31 +0000 2026,"We're heading to Smarter Faster Payments 2026 in San Diego April 26-29. 

Visit the StoneX Payments team at Booth #438 to learn how we help institutions expand their global payment services through our Swift centric network, 180+ country reach, and flexible API or Swift integrations.

Stop by to meet our team and learn how StoneX can support your international payments strategy.",,,coder1,pending,0,1,affiliative,ambiguous,ambiguous_or_review,0,,,
C00909,random_fortune_sample,43,Tesla,@tesla,2035087674349113626,https://x.com/tesla/status/2035087674349113626,Fri Mar 20 20:14:46 +0000 2026,Truckers love @tesla_semi,,,coder1,pending,3619,1,affiliative,non_humor,not_applicable,1,,,
C00036,wendys_transfer_aggressive,42,Target,@target,1570434727265419266,https://x.com/target/status/1570434727265419266,Thu Sep 15 15:29:50 +0000 2022,"going to Target, need anything?",,,coder1,pending,5111,1,aggressive,ambiguous,ambiguous_or_review,0,,,
C00070,random_fortune_sample,20,Bank of America,@bankofamerica,1646523477846007809,https://x.com/bankofamerica/status/1646523477846007809,Thu Apr 13 14:39:22 +0000 2023,"For travelers 18-34, 80% are willing to pay to upgrade their experience. If you’re planning a trip, you should still anticipate full flights and a packed house at popular destinations. ⬇ https://t.co/7V8XO2MH0E",,,coder1,pending,27,1,aggressive,humor,affiliative,0,,,
C00383,humor_presence_uncertain,70,Broadcom,@broadcom,1960462346221941068,https://x.com/broadcom/status/1960462346221941068,Tue Aug 26 22:00:21 +0000 2025,"From behind the curtain to center stage, here's a glimpse of our general session presenters just before kicking off #VMwareExplore in Las Vegas this morning. 🎤 https://t.co/arrPWM2SOf",,,coder1,pending,40,1,affiliative,ambiguous,ambiguous_or_review,0,,,
C01395,classifier_disagreement,79,TJX,@tjmaxx,833360116195979264,https://x.com/tjmaxx/status/833360116195979264,Sun Feb 19 16:58:29 +0000 2017,@jeremyrhall Our customer service team can address this issue for you. Please give them a call at 1-800-926-6299 M-F between 9AM-6PM EST,,,coder1,pending,0,1,affiliative,non_humor,not_applicable,1,,,
C00307,high_engagement_posts,84,HP,@hp,1792617617766629733,https://x.com/hp/status/1792617617766629733,Mon May 20 18:05:19 +0000 2024,"A new AI era begins. Introducing the fastest, most intelligent Windows PCs ever. https://t.co/byVlr70zNH

#CopilotPCs https://t.co/UHloOYj4Sd",,,coder1,pending,6969,0,non_humorous,non_humor,not_applicable,0,,,
C00098,classifier_disagreement,9,Exxon Mobil,@exxonmobil,1415386999557611526,https://x.com/exxonmobil/status/1415386999557611526,Wed Jul 14 19:05:31 +0000 2021,"We’re joining @airliquidegroup , @BorealisGroup, @TotalEnergies and @YARA_france to help decarbonize the industrial area in Normandy, France and explore development of a CO2 infrastructure, including capture and storage. Together, we can make a difference. https://t.co/f9eWpyyZ11 https://t.co/wv6o6I2Mdk",,,coder1,pending,56,0,non_humorous,humor,affiliative,1,,,
C00896,wendys_transfer_aggressive,99,Nike,@nike,2058549006137950582,https://x.com/nike/status/2058549006137950582,Sun May 24 14:01:43 +0000 2026,"This player has won in Wheelchair Singles at the Grand Slam in Paris 5 times, and the Wheelchair Doubles 6 times. Who is she? https://t.co/l0jgeBBGvj",,,coder1,pending,179,1,aggressive,ambiguous,ambiguous_or_review,0,,,
C00968,humor_presence_uncertain,90,Ingram Micro Holding,@IngramMicroInc,1765044635129278521,https://x.com/IngramMicroInc/status/1765044635129278521,Tue Mar 05 16:00:08 +0000 2024,"At the Microsoft Channel Connect @IngramMicroMx was recognized for the ""Highest Sales Growth in Windows Pro Devices"" and ""Highest Selling in Software"" 🏆 We are grateful for this honor! #ingrammicro #ingrammicromx https://t.co/Uh0tbfbJrW",,,coder1,pending,0,1,affiliative,ambiguous,ambiguous_or_review,0,,,
C00732,classifier_disagreement,93,USAA,@usaa,1753093738161709250,https://x.com/usaa/status/1753093738161709250,Thu Feb 01 16:31:32 +0000 2024,"#ad A hard fought season creates perspective and @USARMY veteran LTC Russ Hall understands the greater picture. I’m teaming with #USAA and @VFWHQ to award West Point graduate LTC Russ Hall with a trip to #SuperBowlLVIII. 

See you in Vegas, Russ! #SaluteToService https://t.co/8QU8sE0Nk1",,,coder1,pending,222,0,non_humorous,humor,self_enhancing,1,,,
C00234,full_chain_aggressive,69,Nationwide,@nationwide,1860396607557996876,https://x.com/nationwide/status/1860396607557996876,Sat Nov 23 18:54:50 +0000 2024,"The 2024 Lauren Holiday Impact Award nominees and @nationwide kicked off their morning with WeCode KC, a minority and woman-owned nonprofit dedicated to empowering local youth through tech innovation! 💻🙌 https://t.co/LfQjIlU8Ch",,,coder1,pending,111,0,non_humorous,humor,aggressive,1,,,
C00933,classifier_disagreement,94,TIAA,@tiaa,1549741311414132738,https://x.com/tiaa/status/1549741311414132738,Wed Jul 20 13:01:36 +0000 2022,"In the face of rising costs, the CREF Accounts have been providing the opportunity for growth along with the confidence of income for life over the past 70 years. https://t.co/DyEJHGnebL https://t.co/8sTF2c1qdn",,,coder1,pending,3,0,non_humorous,humor,affiliative,1,,,
C00242,random_fortune_sample,12,JPMorgan Chase,@jpmorgan,1651028356400570370,https://x.com/jpmorgan/status/1651028356400570370,Wed Apr 26 01:00:09 +0000 2023,"J.P.モルガンは認定NPO法人キッズドアと連携し、高校生100名を対象にしたキャリア教育プログラムを支援してきました。
このたび、プログラムに参加した高校生約30名がJ.P.モルガンの東京オフィスを訪問し、オフィス見学や、将来就きたい仕事についての発表を行いました。 https://t.co/z8003vCN2Z",,,coder1,pending,84,0,non_humorous,non_humor,not_applicable,0,,,
C01090,classifier_disagreement,11,Microsoft,@microsoft,1858951533507059934,https://x.com/microsoft/status/1858951533507059934,Tue Nov 19 19:12:37 +0000 2024,"Need a quick way to stay on top of tasks, compile reports, or catch up after vacation? Simplify everyday tasks with Copilot Actions. #MSIgnite https://t.co/6da2Sgxv16 https://t.co/8A8Oq1kvlN",,,coder1,pending,201,1,aggressive,non_humor,not_applicable,1,,,
C00428,classifier_disagreement,60,HCA Healthcare,@hcahealthcare,1875291676367057022,https://x.com/hcahealthcare/status/1875291676367057022,Fri Jan 03 21:22:31 +0000 2025,"We're continuing our 2024 #Top10 countdown: In the fall, Hurricanes #Helene and #Milton made history for the magnitude of their aftermath. Read about how our scale – and the skills and dedication of our people – made our crisis response possible: https://t.co/mBBaCRJf8S. https://t.co/xjnU5ImDsy",,,coder1,pending,3,0,non_humorous,humor,self_enhancing,1,,,
C00579,random_fortune_sample,77,AbbVie,@abbvie,1800505794384789534,https://x.com/abbvie/status/1800505794384789534,Tue Jun 11 12:30:07 +0000 2024,Recently published in @TheLancetOncol: The 4-year follow up results of the randomized Phase 3 GAIA/CLL13 study in #patients with chronic lymphocytic leukemia (#CLL) comparing different first line time-limited therapies. Explore: https://t.co/JwglIYdEnG https://t.co/5oKoewoaHs,,,coder1,pending,6,0,non_humorous,ambiguous,ambiguous_or_review,0,,,
C01203,classifier_disagreement,44,Walt Disney,@Disney,1900615410703094003,https://x.com/Disney/status/1900615410703094003,Fri Mar 14 18:30:00 +0000 2025,"Watch @PasekAndPaul and Rachel Zegler reminisce about bringing Disney’s #SnowWhite soundtrack to life ✨

See the film in theaters March 21, and listen to the soundtrack now. Get tickets: https://t.co/SWksDu6V2G https://t.co/nUFobTUKQh",,,coder1,pending,761,0,non_humorous,humor,affiliative,1,,,
C00362,full_chain_aggressive,57,Albertsons,@albertsons,1351936278128979971,https://x.com/albertsons/status/1351936278128979971,Wed Jan 20 16:55:01 +0000 2021,"When the kids are out having fun in the snow, it can be hard to pull them away. Whip up a batch of these super food energy balls for healthy snacking on-the-go: https://t.co/Jkd9WKI3fy https://t.co/qyyQIA8sBT",,,coder1,pending,12,1,affiliative,humor,aggressive,0,,,
C01028,low_engagement_posts,31,StoneX Group,@StoneX_Official,1985459526481387539,https://x.com/StoneX_Official/status/1985459526481387539,Mon Nov 03 21:30:13 +0000 2025,"Michael Lytle, Chief Investment Officer at StoneX Wealth, examines gold’s recent parabolic rise and subsequent correction.

Lytle explores how market patterns, overbought signals, and concerns over U.S. dollar devaluation are shaping investor behavior. Full video: https://t.co/K6qSSnrza6

#Gold #USD #WealthManagement",,,coder1,pending,0,1,affiliative,non_humor,not_applicable,1,,,
C00150,firm_balanced_sample,52,Lowe's,@lowes,1551185940361711621,https://x.com/lowes/status/1551185940361711621,Sun Jul 24 12:42:02 +0000 2022,"Calling all staycationers!

Bring all the highlights of 🏕 to your 🏡 with these 3 backyard campaign hacks: https://t.co/zss9NwPhUe https://t.co/UxGeLJGFGj",,,coder1,pending,20,0,non_humorous,ambiguous,ambiguous_or_review,0,,,
C00367,humor_presence_uncertain,12,JPMorgan Chase,@jpmorgan,1521576604245184512,https://x.com/jpmorgan/status/1521576604245184512,Tue May 03 19:45:06 +0000 2022,The world's 🌎 top squash players go head-to-head under the chandeliers at Grand Central Terminal for #ToC2022. https://t.co/ZynANednjs,,,coder1,pending,38,1,aggressive,ambiguous,ambiguous_or_review,0,,,
C01283,wendys_transfer_aggressive,34,Humana,@humana,1625208184259416077,https://x.com/humana/status/1625208184259416077,Mon Feb 13 19:00:00 +0000 2023,"We want our employees to feel like they belong &amp; that they have an equal opportunity to contribute &amp; succeed. We do that by supporting their cultural identity &amp; what it means to their growth, both personally &amp; professionally. 💚",,,coder1,pending,3,1,aggressive,ambiguous,ambiguous_or_review,0,,,
C01055,high_engagement_posts,47,Boeing,@boeing,1634308833089658881,https://x.com/boeing/status/1634308833089658881,Fri Mar 10 21:42:44 +0000 2023,"The new official paint design for the 'Next Air Force One' VC-25B aircraft has been selected. The modern design will closely resemble the livery of the current Air Force One, VC-25A.

Release: https://t.co/n5pLqAefR5 https://t.co/SVISguGYs8",,,coder1,pending,3942,0,non_humorous,ambiguous,ambiguous_or_review,0,,,
C01229,wendys_transfer_aggressive,89,Enterprise Products Partners,@EProd_Careers,1680623467304226817,https://x.com/EProd_Careers/status/1680623467304226817,Sun Jul 16 17:00:33 +0000 2023,Make the most of your talents in a fast-paced environment driven by people who strive for achievement. Join us at Enterprise Products. Apply now! https://t.co/jwdf4BA8ov #AccountantJobs,,,coder1,pending,0,1,aggressive,non_humor,not_applicable,1,,,
C00332,full_chain_aggressive,22,Ford Motor,@Ford,1525641882574934019,https://x.com/Ford/status/1525641882574934019,Sun May 15 00:59:04 +0000 2022,"""This is the worst nightmare that any community can face, and we are hurting and we are seething right now."" -Buffalo, N.Y. Mayor Byron Brown on the mass shooting that left 10 people dead and three hurt. The shooting is being investigated as a hate crime. https://t.co/jK5D05HyzN",,,coder1,pending,1140,1,affiliative,humor,aggressive,0,,,
C00061,full_chain_aggressive,91,General Dynamics,@generaldynamics,1580218749696675841,https://x.com/generaldynamics/status/1580218749696675841,Wed Oct 12 15:28:03 +0000 2022,"If you're at #AUSA2022, swing by our booth to check out a scale model of our latest Mobile Protected Firepower vehicle configuration for the @usarmy. MPF's high power-to-weight ratio and hydro-pneumatic suspension provide outstanding speed and maneuverability. 

#gdatausa https://t.co/MqtKBpkXwl",,,coder1,pending,209,0,non_humorous,humor,aggressive,1,,,
C01489,wendys_transfer_aggressive,59,MetLife,@metlife,1581633616248942592,https://x.com/metlife/status/1581633616248942592,Sun Oct 16 13:10:14 +0000 2022,What percentage of mid-level managers report being stressed more than half the time at work? Learn more about the answer: https://t.co/f0DVha3yPK #HR #WorkplaceCulture #NationalBossesDay,,,coder1,pending,1,1,aggressive,non_humor,not_applicable,1,,,
C00059,firm_balanced_sample,27,Kroger,@kroger,1376976909813317641,https://x.com/kroger/status/1376976909813317641,Tue Mar 30 19:17:32 +0000 2021,Pomegranate seeds + fresh berries 🍓 + 🥥 coconut water = irresistible flavor. Check out this nature’s cereal bowl from Nicole S. for the freshest breakfast and shop all the ingredients you need at Kroger! https://t.co/NpPPXj7mur,,,coder1,pending,32,1,affiliative,ambiguous,ambiguous_or_review,0,,,
C01423,wendys_transfer_aggressive,17,Meta Platforms,@Meta,1748460532284244171,https://x.com/Meta/status/1748460532284244171,Fri Jan 19 21:40:50 +0000 2024,Introducing Nighttime Nudges on Instagram! This new feature is designed to help you keep your digital wellness on check by limiting your screen time at night. 🌙 https://t.co/4fx40guD9I,,,coder1,pending,705,1,aggressive,ambiguous,ambiguous_or_review,0,,,
C00116,random_fortune_sample,89,Enterprise Products Partners,@EProd_Careers,1681316180441829376,https://x.com/EProd_Careers/status/1681316180441829376,Tue Jul 18 14:53:09 +0000 2023,"If you are a highly motivated achiever with a passion for success, we invite you to learn more about Enterprise Products. Apply today! https://t.co/YBfgFpFUPH",,,coder1,pending,0,0,non_humorous,non_humor,not_applicable,0,,,
C01307,humor_presence_uncertain,56,American Express,@americanexpress,1564663024115499009,https://x.com/americanexpress/status/1564663024115499009,Tue Aug 30 17:15:09 +0000 2022,"Trust, security and service are at the heart of the American Express brand, so it’s an honor to see the work of #TeamAmex recognized by @IBDInvestors on its 2022 Most Trusted Financial Companies list. Read more: https://t.co/DcT3Kvp8SS https://t.co/CnDTBdbU0U",,,coder1,pending,42,0,non_humorous,non_humor,not_applicable,0,,,
C00209,low_engagement_posts,89,Enterprise Products Partners,@EProd_Careers,1681011582564995072,https://x.com/EProd_Careers/status/1681011582564995072,Mon Jul 17 18:42:47 +0000 2023,"We want to find the right people to drive our success at Enterprise Products. Could that be you? Click here to learn more about joining our team in Midland, TX. https://t.co/rL0Ya9MrXT #ProjectEngineer",,,coder1,pending,0,1,affiliative,ambiguous,ambiguous_or_review,0,,,
C00830,classifier_disagreement,87,Tyson Foods,@tysonfoods,1613278595182481417,https://x.com/tysonfoods/status/1613278595182481417,Wed Jan 11 20:56:05 +0000 2023,"Today we announced a new, state-of-the-art expansion at our Caseyville, Ill., facility that will result in the creation of approximately 400 new jobs and better equip us to serve a community we call home. Read more here: https://t.co/RNg3MBlaWO https://t.co/GURr8ErXiT",,,coder1,pending,37,1,affiliative,non_humor,not_applicable,1,,,
C01120,random_fortune_sample,100,Massachusetts Mutual Life,@massmutual,1305597184809684992,https://x.com/massmutual/status/1305597184809684992,Mon Sep 14 20:00:00 +0000 2020,"MassMutual is proud to be designated a Military Friendly Employer by @Mil_Friendly again in 2021, recognizing our continued commitment to providing sustainable and meaningful opportunities for members of the military community. https://t.co/Q0EDa4EHHD",,,coder1,pending,2,0,non_humorous,ambiguous,ambiguous_or_review,0,,,
C00699,firm_balanced_sample,34,Humana,@humana,1603434739033055234,https://x.com/humana/status/1603434739033055234,Thu Dec 15 17:00:06 +0000 2022,Join Skylar in a special “Happy Holidays with Less Stress” guided #MeditationMoment as a holiday gift 🎁 to yourself as we wish you a healthy and joyful season 💚 → https://t.co/e8Vtu1yTHH https://t.co/akyCahpyfh,,,coder1,pending,4,0,non_humorous,non_humor,not_applicable,0,,,
C00160,random_fortune_sample,20,Bank of America,@bankofamerica,1639312950950346781,https://x.com/bankofamerica/status/1639312950950346781,Fri Mar 24 17:07:19 +0000 2023,Have you adjusted your spending on big-ticket items?,,,coder1,pending,23,1,affiliative,ambiguous,ambiguous_or_review,0,,,
C01101,humor_presence_uncertain,96,Travelers,@travelers,1530202167428231169,https://x.com/travelers/status/1530202167428231169,Fri May 27 15:00:01 +0000 2022,"In recognition of Memorial Day, our Military and Veterans &amp; Allies Diversity Network held a wreath-laying ceremony in Hartford to remember all those who have given their lives for our country. 

#TravelersMilitary #MemorialDay https://t.co/kiwOezT63d",,,coder1,pending,10,0,non_humorous,ambiguous,ambiguous_or_review,0,,,
C01460,random_fortune_sample,41,Dell Technologies,@Dell,2048873960092135576,https://x.com/Dell/status/2048873960092135576,Mon Apr 27 21:16:32 +0000 2026,"The @mclarenf1 Racing Live: Miami event is a celebration of speed, style, and all things papaya. See y'all there! 🧡 #McLarenF1 #McLarenRacing https://t.co/I732MvioUn https://t.co/CbY6d3X0cC",,,coder1,pending,49,0,non_humorous,ambiguous,ambiguous_or_review,0,,,
C01079,humor_presence_uncertain,1,Amazon,@amazon,2029587747980103838,https://x.com/amazon/status/2029587747980103838,Thu Mar 05 16:00:01 +0000 2026,The Yankees are back on Prime starting April 8 ⚾️ https://t.co/XJXohhrBra,,,coder1,pending,1974,0,non_humorous,ambiguous,ambiguous_or_review,0,,,
C01252,wendys_transfer_aggressive,91,General Dynamics,@generaldynamics,1521940200284377090,https://x.com/generaldynamics/status/1521940200284377090,Wed May 04 19:49:54 +0000 2022,"Today, May 4, is National #SkilledTradesDay, dedicated to those who learn a trade and make it their career. Here at BIW, so many of our talented shipbuilders work in the skilled trades. Thank you for your critical work making Bath Built Best Built! https://t.co/QYAZOReuTB",,,coder1,pending,5,1,aggressive,ambiguous,ambiguous_or_review,0,,,
C01129,wendys_transfer_aggressive,77,AbbVie,@abbvie,2018760453430849730,https://x.com/abbvie/status/2018760453430849730,Tue Feb 03 18:56:13 +0000 2026,"[Video description: On-screen text reads, “Immunology News.”]",,,coder1,pending,2,1,aggressive,non_humor,not_applicable,1,,,
C01193,random_fortune_sample,24,Citigroup,@Citi,1829186735739195830,https://x.com/Citi/status/1829186735739195830,Thu Aug 29 15:57:57 +0000 2024,"What happened? Let @alice__tai tell you.
 
We are a proud supporter of Para athletes globally. Visit https://t.co/JBAYUsksDd to learn more. https://t.co/QLvDTr2tKO",,,coder1,pending,16,0,non_humorous,non_humor,not_applicable,0,,,
C00627,high_engagement_posts,69,Nationwide,@nationwide,1743982315221508153,https://x.com/nationwide/status/1743982315221508153,Sun Jan 07 13:06:00 +0000 2024,"🙌 W 🙌

#WPMOYChallenge @CamHeyward https://t.co/X4eyqLbtjg",,,coder1,pending,3255,0,non_humorous,non_humor,not_applicable,0,,,
C00063,low_engagement_posts,31,StoneX Group,@StoneX_Official,1986052883238822390,https://x.com/StoneX_Official/status/1986052883238822390,Wed Nov 05 12:48:01 +0000 2025,"The UK S&amp;P Global Composite PMI rose to 52.2 in October, exceeding both preliminary estimates and market expectations, signalling renewed momentum despite economic uncertainty.",,,coder1,pending,0,1,aggressive,humor,affiliative,0,,,
C01159,wendys_transfer_aggressive,22,Ford Motor,@Ford,1519004630297944064,https://x.com/Ford/status/1519004630297944064,Tue Apr 26 17:25:00 +0000 2022,"Happening now! #F150Lightning trucks are officially rolling off the line here at the Rouge Electric Vehicle Center in Dearborn, Michigan 
🇺🇸⚡️🛻 https://t.co/Qw62mJJG51",,,coder1,pending,594,1,aggressive,ambiguous,ambiguous_or_review,0,,,
C00358,random_fortune_sample,91,General Dynamics,@generaldynamics,1600141204091379712,https://x.com/generaldynamics/status/1600141204091379712,Tue Dec 06 14:52:46 +0000 2022,RT @GDMS: #ProtecDAR encryptors safeguard your critical missions. As missions evolve so do their requirements. We can build the DAR encrypt…,,,coder1,pending,2,1,aggressive,ambiguous,ambiguous_or_review,0,,,
C00893,high_engagement_posts,86,American Airlines Group,@AmericanAir,1981452229144891709,https://x.com/AmericanAir/status/1981452229144891709,Thu Oct 23 20:06:39 +0000 2025,A new era of flight just touched down. #A321XLR https://t.co/rwlKJ0nlPZ,,,coder1,pending,2153,0,non_humorous,ambiguous,ambiguous_or_review,0,,,
C00841,random_fortune_sample,75,ConocoPhillips,@conocophillips,1531246839332147200,https://x.com/conocophillips/status/1531246839332147200,Mon May 30 12:11:10 +0000 2022,"Across our campuses, our Patriot Employee Network (PEN) planted American flags in observance of Memorial Day. In Bartlesville, a scout troop helped set out ""PEN""wheels honoring service members. We remember and honor those who gave their lives to ensure our freedoms. #MemorialDay https://t.co/zljVlzw6eO",,,coder1,pending,15,0,non_humorous,ambiguous,ambiguous_or_review,0,,,
C01086,type_uncertain,78,Prudential Financial,@Prudential,1265981550732214273,https://x.com/Prudential/status/1265981550732214273,Thu May 28 12:21:37 +0000 2020,"Can cities rebuild to be more equitable, agile &amp; innovative post-#COVID19? #Newark‘s rise offers a blueprint with ideas for all cities and citizens from actor/entrepreneur @MichaelB4Jordan, @CityofNewarkNJ Mayor @RasJBaraka, &amp; @Prudential’s @LataReddy",,,coder1,pending,29,1,affiliative,humor,affiliative,0,,,
C00068,humor_presence_uncertain,84,HP,@hp,1803171144737923080,https://x.com/hp/status/1803171144737923080,Tue Jun 18 21:01:16 +0000 2024,Unleash your potential and focus on what truly matters with the new HP OmniBook X Next Gen AI PC. https://t.co/qsqGJmKKZO https://t.co/CtK20Rnalv,,,coder1,pending,62,0,non_humorous,ambiguous,ambiguous_or_review,0,,,
C00897,humor_presence_uncertain,71,Delta Air Lines,@Delta,1912502491125588074,https://x.com/Delta/status/1912502491125588074,Wed Apr 16 13:45:01 +0000 2025,"Landing on the #TIME100 most influential people during Delta’s 100th year only feels right. Congratulations to our CEO, Ed Bastian, on this honor. Tap to learn where he landed on the list: https://t.co/uDlTqDNQc2 https://t.co/k53aWxRtOp",,,coder1,pending,781,0,non_humorous,ambiguous,ambiguous_or_review,0,,,
C00931,random_fortune_sample,77,AbbVie,@abbvie,1864671120219087072,https://x.com/abbvie/status/1864671120219087072,Thu Dec 05 14:00:13 +0000 2024,Recently published in @BloodJournal and @AjHematology are publications of our phase 3 studies of patients with newly diagnosed acute myeloid leukemia (#AML). Read more: https://t.co/kdTh7akw6u and https://t.co/cL4YmAgXX6 https://t.co/2yRlB788iu,,,coder1,pending,10,0,non_humorous,ambiguous,ambiguous_or_review,0,,,
C01334,full_chain_aggressive,46,PepsiCo,@pepsico,1456652658786320386,https://x.com/pepsico/status/1456652658786320386,Fri Nov 05 16:00:31 +0000 2021,We’re on a mission to support Black-owned businesses as part of our racial equality journey + you can help! Dine at any Black-owned restaurant tomorrow for Pepsi #DigInDay to support these critical businesses! See how you can make your meal count: https://t.co/7HehET3L6Q https://t.co/Orwb5rU2Rc,,,coder1,pending,15,0,non_humorous,humor,aggressive,1,,,
C00682,random_fortune_sample,14,Cigna Group,@Cigna,1580921527763091459,https://x.com/Cigna/status/1580921527763091459,Fri Oct 14 14:00:38 +0000 2022,"In a feature article for “In Business Greater Phoenix”, Kim Shepard, General Manager for Cigna Arizona, discusses the exponential growth in virtual care. Read the full article here: https://t.co/fFcSwfJIld #CignaAZ https://t.co/zOLpglITAR",,,coder1,pending,6,0,non_humorous,ambiguous,ambiguous_or_review,0,,,
C00838,classifier_disagreement,14,Cigna Group,@TheCignaGroup,1658867301679083520,https://x.com/TheCignaGroup/status/1658867301679083520,Wed May 17 16:09:19 +0000 2023,"Diversity, equity, and inclusion (DEI) is at the foundation of everything we do.  

We are proud to share that we have been named #14 on @DiversityInc’s Top 50 Companies for Diversity, up ten spots from last year. Read more about the award here: https://t.co/LqcjaVobox https://t.co/pcknZMoiPf",,,coder1,pending,0,1,affiliative,non_humor,not_applicable,1,,,
C00801,classifier_disagreement,89,Enterprise Products Partners,@EProd_Careers,1678145420911071233,https://x.com/EProd_Careers/status/1678145420911071233,Sun Jul 09 20:53:41 +0000 2023,Discover exciting and rewarding ways to apply your talents at Enterprise Products. Click here to find out more! https://t.co/v5oT7iNIu3,,,coder1,pending,0,1,aggressive,non_humor,not_applicable,1,,,
C00321,high_engagement_posts,22,Ford Motor,@Ford,1628862787517616129,https://x.com/Ford/status/1628862787517616129,Thu Feb 23 21:02:06 +0000 2023,"Get up to speed on everything we revealed today for Forza Horizon 5 Rally Adventure, the new expansion coming on March 29. From campaign details to the new off-road cars and map biomes, it’s all covered in our blog: https://t.co/HwemTiT3WW #FH5Rally https://t.co/wWyBvd3Is1",,,coder1,pending,3109,1,affiliative,humor,self_enhancing,0,,,
C00935,classifier_disagreement,79,TJX,@tjmaxx,714791702561730560,https://x.com/tjmaxx/status/714791702561730560,Tue Mar 29 12:29:56 +0000 2016,@mwilliford120 - Thanks for reaching out about this. Please give Customer Service a call at 1-800-926-6299 M-F between 9-6EST.,,,coder1,pending,0,1,aggressive,non_humor,not_applicable,1,,,
C00388,high_engagement_posts,61,Lockheed Martin,@lockheedmartin,1996629870928150853,https://x.com/lockheedmartin/status/1996629870928150853,Thu Dec 04 17:17:11 +0000 2025,"🚀 Milestone alert: The Meteor missile and F-35A completed ground based integration tests, bringing the pair one step closer to operational readiness. This integration equips the F35A with a powerful, long range air combat capability.",,,coder1,pending,2167,0,non_humorous,ambiguous,ambiguous_or_review,0,,,
C00910,wendys_transfer_aggressive,69,Nationwide,@nationwide,1833320434294559202,https://x.com/nationwide/status/1833320434294559202,Tue Sep 10 01:43:47 +0000 2024,That Paintin’ Manning commercial has me rolling every time. Nobody can pull that off but him 😂,,,coder1,pending,5,1,aggressive,non_humor,not_applicable,1,,,
C00520,random_fortune_sample,59,MetLife,@metlife,1465682028838494209,https://x.com/metlife/status/1465682028838494209,Tue Nov 30 14:00:01 +0000 2021,Hospital Indemnity Insurance can help provide financial protection if you end up in the hospital. Learn more about this benefit during #OpenEnrollment: https://t.co/aiGAiLCqfq https://t.co/rdJGIKPbCs,,,coder1,pending,2,0,non_humorous,non_humor,not_applicable,0,,,
C00906,firm_balanced_sample,11,Microsoft,@microsoft,1877773364372066690,https://x.com/microsoft/status/1877773364372066690,Fri Jan 10 17:43:52 +0000 2025,"🥪 Ever thought about the science in your sandwich? Wheat’s genome has 17 billion DNA bases - over five times more than ours! 🤯 Azure’s supercomputing is helping scientists decode it faster, ensuring we can grow enough food for everyone. 🌾 💡 https://t.co/mtu2OdzhM8 https://t.co/MDfmfcmrre",,,coder1,pending,502,0,non_humorous,ambiguous,ambiguous_or_review,0,,,
C01369,random_fortune_sample,2,Walmart,@walmart,1782772800521908363,https://x.com/walmart/status/1782772800521908363,Tue Apr 23 14:05:32 +0000 2024,It’s National Picnic Day. What are you bringing? Wrong answers only.,,,coder1,pending,174,1,affiliative,non_humor,not_applicable,1,,,
C01062,random_fortune_sample,72,Publix Super Markets,@Publix,1948397764112445457,https://x.com/Publix/status/1948397764112445457,Thu Jul 24 15:00:01 +0000 2025,The most wonderful time of the year is whenever the Turkey Cranberry Holiday Sub is here. Share with someone who loves this sub. Available only while supplies last. #ChristmasInJuly https://t.co/bq0DGKuGfD,,,coder1,pending,109,0,non_humorous,ambiguous,ambiguous_or_review,0,,,
C01211,classifier_disagreement,44,Walt Disney,@Disney,1913449853805273569,https://x.com/Disney/status/1913449853805273569,Sat Apr 19 04:29:29 +0000 2025,The Chosen One has arrived. Hayden Christensen has surprised fans at the Ahsoka Star Wars Celebration panel. https://t.co/bDLW34dByT,,,coder1,pending,8066,1,self-defeating,non_humor,not_applicable,1,,,
C00989,random_fortune_sample,42,Target,@target,1334920452234498051,https://x.com/target/status/1334920452234498051,Fri Dec 04 18:00:12 +0000 2020,My friend @Mattel and I are bored. Comment with your top 2 emojis and we’ll surprise you with your team name for game night.,,,coder1,pending,1355,1,affiliative,ambiguous,ambiguous_or_review,0,,,
C00652,humor_presence_uncertain,67,Eli Lilly,@EliLillyandCo,1316789515667808256,https://x.com/EliLillyandCo/status/1316789515667808256,Thu Oct 15 17:14:19 +0000 2020,"“Genetic and genomic testing is really fueling all these new gene therapies and immunotherapies that are revolutionizing the treatment of cancer.” – Stephen, metastatic thyroid cancer advocate

Hear more about Stephen’s #thyroidcancer journey: https://t.co/agATS7IRux https://t.co/oQOo91b2fo",,,coder1,pending,15,0,non_humorous,ambiguous,ambiguous_or_review,0,,,
C01064,low_engagement_posts,96,Travelers,@travelers,1506337585169321985,https://x.com/travelers/status/1506337585169321985,Tue Mar 22 18:30:41 +0000 2022,RT @TravelersChamp: The silver #TravelersChamp trophy would pair nicely with an Olympic gold medal. @XSchauffele is headed our way! https:/…,,,coder1,pending,1,0,non_humorous,ambiguous,ambiguous_or_review,0,,,
C00337,random_fortune_sample,39,Morgan Stanley,@morganstanley,1988973160893452775,https://x.com/morganstanley/status/1988973160893452775,Thu Nov 13 14:12:09 +0000 2025,"Our 25th European Tech, Media &amp; Telecom conference has kicked off in Barcelona. From M&amp;A in the telecom industry to the latest GenAI uses and disruptions, stay up to date with the latest trends coming out of the conference: https://t.co/9kKgOyz9L6 https://t.co/0Sqtcsrlfy",,,coder1,pending,26,1,affiliative,ambiguous,ambiguous_or_review,0,,,
C01017,wendys_transfer_aggressive,41,Dell Technologies,@Dell,2034635359192240387,https://x.com/Dell/status/2034635359192240387,Thu Mar 19 14:17:25 +0000 2026,Catch the interview here: https://t.co/O9OBVK7fph,,,coder1,pending,6,1,aggressive,non_humor,not_applicable,1,,,
C00423,random_fortune_sample,52,Lowe's,@lowes,1572994168846262273,https://x.com/lowes/status/1572994168846262273,Thu Sep 22 17:00:09 +0000 2022,"Welcome all the ogre-ly enthusiastic trick-or-treaters to your swamp in style! 💚🎃 

Get your Shrek inflatable today at @Lowes: https://t.co/t7w44IenLl https://t.co/dSXRfFKETY",,,coder1,pending,222,0,non_humorous,ambiguous,ambiguous_or_review,0,,,
C00264,firm_balanced_sample,86,American Airlines Group,@AmericanAir,1953476720440250611,https://x.com/AmericanAir/status/1953476720440250611,Thu Aug 07 15:21:58 +0000 2025,Cards flipped. Routes revealed. It’s game over for guessing and game on for 2026 routes! https://t.co/0K9uCYuoJv,,,coder1,pending,645,0,non_humorous,ambiguous,ambiguous_or_review,0,,,
C00533,low_engagement_posts,96,Travelers,@travelers,1589341856365789189,https://x.com/travelers/status/1589341856365789189,Sun Nov 06 19:40:01 +0000 2022,"Heading to #FABTECH2022? Risk managers should check out the Travelers-sponsored panel discussion with Brian Gerritsen, AVP, Product and Manufacturing Practice Leader at Travelers. Learn more: https://t.co/vyLr36iROm @FabtechExpo #Manufacturing https://t.co/JKhCoi6Wgs",,,coder1,pending,1,0,non_humorous,non_humor,not_applicable,0,,,
C01431,low_engagement_posts,100,Massachusetts Mutual Life,@massmutual,1206972903662727168,https://x.com/massmutual/status/1206972903662727168,Tue Dec 17 16:22:19 +0000 2019,"#Quiz: According to @MarketWatch, what is the busiest travel day of the season?",,,coder1,pending,1,0,non_humorous,ambiguous,ambiguous_or_review,0,,,
C01070,high_engagement_posts,44,Walt Disney,@Disney,2048779200887459842,https://x.com/Disney/status/2048779200887459842,Mon Apr 27 15:00:00 +0000 2026,"Dedicated to the Make-A-Wish kids who inspire us all. 💙#DisneyWeekOfWishes

In “Drawn to You,” a new Make-A-Wish x Disney brand spot, one child’s everyday drawings reveal her most heartfelt wish. https://t.co/kTQRaEjGyV",,,coder1,pending,1696,1,affiliative,ambiguous,ambiguous_or_review,0,,,
C00060,humor_presence_uncertain,53,Energy Transfer,@energytransfer,2044111098836570423,https://x.com/energytransfer/status/2044111098836570423,Tue Apr 14 17:50:38 +0000 2026,"RT @EnergyInDepth: Boat rides, fishing lines, and floating tubes all have one thing in common. #Oilandgas help make your lake day possible🚤…",,,coder1,pending,2,1,affiliative,ambiguous,ambiguous_or_review,0,,,
C00166,classifier_disagreement,35,AT&T,@ATT,1892987148095148045,https://x.com/ATT/status/1892987148095148045,Fri Feb 21 17:18:00 +0000 2025,"iPhone 16e is everything you 💙. Including the price. Get the deal you want, guaranteed – pre-order at https://t.co/ysl6YJkfSG . #iPhone16e https://t.co/IDmWJqf9qv",,,coder1,pending,75,0,non_humorous,humor,affiliative,1,,,
C00619,high_engagement_posts,42,Target,@target,1571891775568056327,https://x.com/target/status/1571891775568056327,Mon Sep 19 15:59:38 +0000 2022,repeat after me: i got this,,,coder1,pending,3549,0,non_humorous,non_humor,not_applicable,0,,,
C01314,random_fortune_sample,93,USAA,@usaa,1903166533150576711,https://x.com/usaa/status/1903166533150576711,Fri Mar 21 19:27:15 +0000 2025,"There are only 3,536 Medal of Honor recipients in our nation's history. Each story carries
the weight of sacrifice. This is Jared Monti’s.
#MedalofHonorDay https://t.co/qNrQdRp3at",,,coder1,pending,42,1,self-enhancing,ambiguous,ambiguous_or_review,0,,,
C00046,low_engagement_posts,91,General Dynamics,@generaldynamics,1881465045768655100,https://x.com/generaldynamics/status/1881465045768655100,Mon Jan 20 22:13:17 +0000 2025,"RT @GDIT: Today, we honor the life, work, and legacy of Dr. Martin Luther King, Jr. by embracing his call to serve those in need, support o…",,,coder1,pending,1,1,aggressive,ambiguous,ambiguous_or_review,0,,,
C01315,random_fortune_sample,8,McKesson,@mckesson,1932235307052581143,https://x.com/mckesson/status/1932235307052581143,Tue Jun 10 00:36:11 +0000 2025,"At @BeckersHR 15th Annual Meeting, McKesson Health Systems leaders joined a roundtable to discuss enhancing cost efficiency and achieving financial growth through centralized pharmacy operations. Key takeaways here: https://t.co/dgYhwFOdcR. https://t.co/9ThaLNv80S",,,coder1,pending,4,0,non_humorous,ambiguous,ambiguous_or_review,0,,,
C00019,wendys_transfer_aggressive,22,Ford Motor,@Ford,1920207692368380230,https://x.com/Ford/status/1920207692368380230,Wed May 07 20:02:44 +0000 2025,"RT @jimfarley98: Just like his best-selling book “Tuesdays with Morrie,” @MitchAlbom is full of wisdom &amp; inspiring perspectives. It was a p…",,,coder1,pending,16,1,aggressive,ambiguous,ambiguous_or_review,0,,,
C01043,low_engagement_posts,89,Enterprise Products Partners,@EProd_Careers,1679925663430774785,https://x.com/EProd_Careers/status/1679925663430774785,Fri Jul 14 18:47:44 +0000 2023,"We want to find the right people to drive our success at Enterprise Products. Could that be you? Click here to learn more about joining our team in Houston, TX. https://t.co/xvhn5t5lws #ProjectEngineer",,,coder1,pending,0,1,affiliative,ambiguous,ambiguous_or_review,0,,,
C00587,wendys_transfer_aggressive,21,Chevron,@chevron,1589788504401158144,https://x.com/chevron/status/1589788504401158144,Tue Nov 08 01:14:50 +0000 2022,"""Partnership is critical to achieving lower carbon goals..."" so Chevron and JERA are teaming up to advance lower carbon solutions in Asia Pacific and the U.S. Read more here: https://t.co/fbomDDRYYx https://t.co/QnY1555hoI",,,coder1,pending,28,1,aggressive,ambiguous,ambiguous_or_review,0,,,
C00735,low_engagement_posts,34,Humana,@humana,1727416669746725190,https://x.com/humana/status/1727416669746725190,Wed Nov 22 20:00:02 +0000 2023,"Learn how we're committed to supporting our nursing workforce and empowering them to advance in their careers from Kathy Driscoll, Chief Nursing Officer: https://t.co/pswa1fIjnK https://t.co/mdWMfFcAJQ",,,coder1,pending,0,0,non_humorous,ambiguous,ambiguous_or_review,0,,,
C00206,firm_balanced_sample,67,Eli Lilly,@EliLillyandCo,1471178363419213826,https://x.com/EliLillyandCo/status/1471178363419213826,Wed Dec 15 18:00:29 +0000 2021,#DYK that many patients living with Chronic Lymphocytic Leukemia (#CLL) feel that there are limited treatment options available? Learn more about Lilly’s commitment to supporting advancements in blood cancer care: https://t.co/ht2HZRI1sP https://t.co/q2LMEdApmH,,,coder1,pending,5,0,non_humorous,non_humor,not_applicable,0,,,
