company_name,period,source_x_handle_count,source_x_handle_list,total_posts,humor_count,humor_share,log_humor_count,humor_presence_any,humor_share_ambiguity_as_zero,humor_share_ambiguity_excluded,humor_share_ambiguity_as_missing,ambiguity_rate,high_ambiguity_flag
AT&T,2022-02,1,@ATT,1,0,0.0,0.0,0,0.0,,,1.0,1
AT&T,2023-07,1,@ATT,9,2,0.222222,1.098612,1,0.222222,0.4,0.222222,0.444444,0
AT&T,2023-08,1,@ATT,31,4,0.129032,1.609438,1,0.129032,0.266667,,0.516129,1
AT&T,2023-09,1,@ATT,25,5,0.2,1.791759,1,0.2,0.294118,0.2,0.32,0
AT&T,2023-10,1,@ATT,10,2,0.2,1.098612,1,0.2,0.333333,0.2,0.4,0
AT&T,2023-11,1,@ATT,14,0,0.0,0.0,0,0.0,0.0,,0.571429,1
AT&T,2023-12,1,@ATT,6,0,0.0,0.0,0,0.0,0.0,,0.666667,1
AT&T,2024-01,1,@ATT,28,4,0.142857,1.609438,1,0.142857,0.25,0.142857,0.428571,0
AT&T,2024-02,1,@ATT,30,8,0.266667,2.197225,1,0.266667,0.571429,,0.533333,1
AT&T,2024-03,1,@ATT,5,1,0.2,0.693147,1,0.2,0.25,0.2,0.2,0
AT&T,2024-04,1,@ATT,31,1,0.032258,0.693147,1,0.032258,0.0625,0.032258,0.483871,0
AT&T,2024-05,1,@ATT,9,5,0.555556,1.791759,1,0.555556,0.833333,0.555556,0.333333,0
AT&T,2024-06,1,@ATT,12,5,0.416667,1.791759,1,0.416667,0.714286,0.416667,0.416667,0
AT&T,2024-07,1,@ATT,22,7,0.318182,2.079442,1,0.318182,0.583333,0.318182,0.454545,0
AT&T,2024-08,1,@ATT,3,3,1.0,1.386294,1,1.0,1.0,1.0,0.0,0
AT&T,2024-09,1,@ATT,26,5,0.192308,1.791759,1,0.192308,0.294118,0.192308,0.346154,0
AT&T,2024-10,1,@ATT,10,0,0.0,0.0,0,0.0,0.0,,0.5,1
AT&T,2024-11,1,@ATT,27,3,0.111111,1.386294,1,0.111111,0.375,,0.703704,1
AT&T,2024-12,1,@ATT,26,0,0.0,0.0,0,0.0,0.0,,0.576923,1
AT&T,2025-01,1,@ATT,30,0,0.0,0.0,0,0.0,0.0,,0.533333,1
AT&T,2025-02,1,@ATT,20,4,0.2,1.609438,1,0.2,0.363636,0.2,0.45,0
AT&T,2025-03,1,@ATT,13,4,0.307692,1.609438,1,0.307692,0.5,0.307692,0.384615,0
AT&T,2025-04,1,@ATT,23,4,0.173913,1.609438,1,0.173913,0.444444,,0.608696,1
AT&T,2025-05,1,@ATT,56,8,0.142857,2.197225,1,0.142857,0.258065,0.142857,0.446429,0
AT&T,2025-06,1,@ATT,22,3,0.136364,1.386294,1,0.136364,0.5,,0.727273,1
AT&T,2025-07,1,@ATT,30,6,0.2,1.94591,1,0.2,0.352941,0.2,0.433333,0
AT&T,2025-08,1,@ATT,37,3,0.081081,1.386294,1,0.081081,0.2,,0.594595,1
AT&T,2025-09,1,@ATT,52,13,0.25,2.639057,1,0.25,0.52,,0.519231,1
AT&T,2025-10,1,@ATT,18,2,0.111111,1.098612,1,0.111111,0.153846,0.111111,0.277778,0
AT&T,2025-11,1,@ATT,20,2,0.1,1.098612,1,0.1,0.25,,0.6,1
AT&T,2025-12,1,@ATT,22,3,0.136364,1.386294,1,0.136364,0.3,,0.545455,1
AT&T,2026-01,1,@ATT,29,4,0.137931,1.609438,1,0.137931,0.25,0.137931,0.448276,0
AT&T,2026-02,1,@ATT,59,12,0.20339,2.564949,1,0.20339,0.4,0.20339,0.491525,0
AT&T,2026-03,1,@ATT,33,5,0.151515,1.791759,1,0.151515,0.333333,,0.545455,1
AT&T,2026-04,1,@ATT,75,16,0.213333,2.833213,1,0.213333,0.516129,,0.586667,1
AT&T,2026-05,1,@ATT,63,11,0.174603,2.484907,1,0.174603,0.37931,,0.539683,1
AT&T,2026-06,1,@ATT,6,0,0.0,0.0,0,0.0,0.0,,0.5,1
AbbVie,2023-09,1,@abbvie,61,1,0.016393,0.693147,1,0.016393,0.035714,,0.540984,1
AbbVie,2023-10,1,@abbvie,69,10,0.144928,2.397895,1,0.144928,0.243902,0.144928,0.405797,0
AbbVie,2023-11,1,@abbvie,32,5,0.15625,1.791759,1,0.15625,0.3125,,0.5,1
AbbVie,2023-12,1,@abbvie,27,2,0.074074,1.098612,1,0.074074,0.105263,0.074074,0.296296,0
AbbVie,2024-01,1,@abbvie,23,4,0.173913,1.609438,1,0.173913,0.266667,0.173913,0.347826,0
AbbVie,2024-02,1,@abbvie,31,2,0.064516,1.098612,1,0.064516,0.086957,0.064516,0.258065,0
AbbVie,2024-03,1,@abbvie,4,0,0.0,0.0,0,0.0,0.0,,0.5,1
AbbVie,2024-04,1,@abbvie,31,4,0.129032,1.609438,1,0.129032,0.190476,0.129032,0.322581,0
AbbVie,2024-05,1,@abbvie,22,1,0.045455,0.693147,1,0.045455,0.090909,,0.5,1
AbbVie,2024-06,1,@abbvie,51,0,0.0,0.0,0,0.0,0.0,0.0,0.431373,0
AbbVie,2024-07,1,@abbvie,36,6,0.166667,1.94591,1,0.166667,0.2,0.166667,0.166667,0
AbbVie,2024-08,1,@abbvie,9,1,0.111111,0.693147,1,0.111111,0.125,0.111111,0.111111,0
AbbVie,2024-09,1,@abbvie,48,2,0.041667,1.098612,1,0.041667,0.071429,0.041667,0.416667,0
AbbVie,2024-10,1,@abbvie,35,5,0.142857,1.791759,1,0.142857,0.208333,0.142857,0.314286,0
AbbVie,2024-11,1,@abbvie,18,1,0.055556,0.693147,1,0.055556,0.090909,0.055556,0.388889,0
AbbVie,2024-12,1,@abbvie,26,0,0.0,0.0,0,0.0,0.0,0.0,0.384615,0
AbbVie,2025-01,1,@abbvie,10,1,0.1,0.693147,1,0.1,0.125,0.1,0.2,0
AbbVie,2025-02,1,@abbvie,21,1,0.047619,0.693147,1,0.047619,0.0625,0.047619,0.238095,0
AbbVie,2025-03,1,@abbvie,14,1,0.071429,0.693147,1,0.071429,0.090909,0.071429,0.214286,0
AbbVie,2025-04,1,@abbvie,29,1,0.034483,0.693147,1,0.034483,0.05,0.034483,0.310345,0
AbbVie,2025-05,1,@abbvie,17,1,0.058824,0.693147,1,0.058824,0.111111,0.058824,0.470588,0
AbbVie,2025-06,1,@abbvie,23,3,0.130435,1.386294,1,0.130435,0.230769,0.130435,0.434783,0
AbbVie,2025-07,1,@abbvie,16,0,0.0,0.0,0,0.0,0.0,0.0,0.1875,0
AbbVie,2025-08,1,@abbvie,15,1,0.066667,0.693147,1,0.066667,0.125,0.066667,0.466667,0
AbbVie,2025-09,1,@abbvie,38,1,0.026316,0.693147,1,0.026316,0.052632,,0.5,1
AbbVie,2025-10,1,@abbvie,34,1,0.029412,0.693147,1,0.029412,0.047619,0.029412,0.382353,0
AbbVie,2025-11,1,@abbvie,20,2,0.1,1.098612,1,0.1,0.222222,,0.55,1
AbbVie,2025-12,1,@abbvie,9,0,0.0,0.0,0,0.0,0.0,,0.555556,1
AbbVie,2026-01,1,@abbvie,5,0,0.0,0.0,0,0.0,0.0,0.0,0.2,0
AbbVie,2026-02,1,@abbvie,15,1,0.066667,0.693147,1,0.066667,0.071429,0.066667,0.066667,0
AbbVie,2026-03,1,@abbvie,8,0,0.0,0.0,0,0.0,0.0,,0.625,1
AbbVie,2026-04,1,@abbvie,23,6,0.26087,1.94591,1,0.26087,0.3,0.26087,0.130435,0
AbbVie,2026-05,1,@abbvie,10,1,0.1,0.693147,1,0.1,0.125,0.1,0.2,0
AbbVie,2026-06,1,@abbvie,9,0,0.0,0.0,0,0.0,0.0,,0.666667,1
Albertsons,2018-05,1,@albertsons,1,0,0.0,0.0,0,0.0,,,1.0,1
Albertsons,2018-06,1,@albertsons,31,10,0.322581,2.397895,1,0.322581,0.588235,0.322581,0.451613,0
Albertsons,2018-07,1,@albertsons,33,7,0.212121,2.079442,1,0.212121,0.411765,0.212121,0.484848,0
Albertsons,2018-08,1,@albertsons,8,5,0.625,1.791759,1,0.625,0.714286,0.625,0.125,0
Albertsons,2018-09,1,@albertsons,6,1,0.166667,0.693147,1,0.166667,0.25,0.166667,0.333333,0
Albertsons,2018-10,1,@albertsons,3,0,0.0,0.0,0,0.0,0.0,0.0,0.333333,0
Albertsons,2018-11,1,@albertsons,8,1,0.125,0.693147,1,0.125,0.333333,,0.625,1
Albertsons,2018-12,1,@albertsons,5,0,0.0,0.0,0,0.0,0.0,0.0,0.2,0
Albertsons,2019-01,1,@albertsons,9,0,0.0,0.0,0,0.0,0.0,0.0,0.333333,0
Albertsons,2019-02,1,@albertsons,10,0,0.0,0.0,0,0.0,0.0,0.0,0.1,0
Albertsons,2019-03,1,@albertsons,6,1,0.166667,0.693147,1,0.166667,0.25,0.166667,0.333333,0
Albertsons,2019-04,1,@albertsons,10,1,0.1,0.693147,1,0.1,0.142857,0.1,0.3,0
Albertsons,2019-05,1,@albertsons,5,0,0.0,0.0,0,0.0,0.0,0.0,0.2,0
Albertsons,2019-06,1,@albertsons,7,0,0.0,0.0,0,0.0,0.0,0.0,0.428571,0
Albertsons,2019-07,1,@albertsons,5,0,0.0,0.0,0,0.0,0.0,0.0,0.2,0
Albertsons,2019-08,1,@albertsons,5,3,0.6,1.386294,1,0.6,1.0,0.6,0.4,0
Albertsons,2019-09,1,@albertsons,5,0,0.0,0.0,0,0.0,,,1.0,1
Albertsons,2019-10,1,@albertsons,6,0,0.0,0.0,0,0.0,0.0,,0.666667,1
Albertsons,2019-11,1,@albertsons,6,2,0.333333,1.098612,1,0.333333,0.333333,0.333333,0.0,0
Albertsons,2019-12,1,@albertsons,5,0,0.0,0.0,0,0.0,0.0,0.0,0.2,0
Albertsons,2020-01,1,@albertsons,2,0,0.0,0.0,0,0.0,0.0,0.0,0.0,0
Albertsons,2020-02,1,@albertsons,5,0,0.0,0.0,0,0.0,0.0,0.0,0.0,0
Albertsons,2020-03,1,@albertsons,9,1,0.111111,0.693147,1,0.111111,0.333333,,0.666667,1
Albertsons,2020-04,1,@albertsons,1,0,0.0,0.0,0,0.0,0.0,0.0,0.0,0
Albertsons,2020-05,1,@albertsons,3,0,0.0,0.0,0,0.0,0.0,0.0,0.0,0
Albertsons,2020-06,1,@albertsons,5,0,0.0,0.0,0,0.0,0.0,0.0,0.4,0
Albertsons,2020-07,1,@albertsons,1,0,0.0,0.0,0,0.0,0.0,0.0,0.0,0
Albertsons,2020-08,1,@albertsons,47,3,0.06383,1.386294,1,0.06383,0.166667,,0.617021,1
Albertsons,2020-09,1,@albertsons,29,4,0.137931,1.609438,1,0.137931,0.235294,0.137931,0.413793,0
Albertsons,2020-10,1,@albertsons,31,4,0.129032,1.609438,1,0.129032,0.285714,,0.548387,1
Albertsons,2020-11,1,@albertsons,33,6,0.181818,1.94591,1,0.181818,0.461538,,0.606061,1
Albertsons,2020-12,1,@albertsons,28,4,0.142857,1.609438,1,0.142857,0.235294,0.142857,0.392857,0
Albertsons,2021-01,1,@albertsons,34,6,0.176471,1.94591,1,0.176471,0.461538,,0.617647,1
Albertsons,2021-02,1,@albertsons,29,3,0.103448,1.386294,1,0.103448,0.176471,0.103448,0.413793,0
Albertsons,2021-03,1,@albertsons,36,3,0.083333,1.386294,1,0.083333,0.2,,0.583333,1
Albertsons,2021-04,1,@albertsons,30,3,0.1,1.386294,1,0.1,0.214286,,0.533333,1
Albertsons,2021-05,1,@albertsons,34,6,0.176471,1.94591,1,0.176471,0.4,,0.558824,1
Albertsons,2021-06,1,@albertsons,39,5,0.128205,1.791759,1,0.128205,0.208333,0.128205,0.384615,0
Albertsons,2021-07,1,@albertsons,36,1,0.027778,0.693147,1,0.027778,0.066667,,0.583333,1
Albertsons,2021-08,1,@albertsons,19,1,0.052632,0.693147,1,0.052632,0.083333,0.052632,0.368421,0
Albertsons,2021-09,1,@albertsons,21,2,0.095238,1.098612,1,0.095238,0.285714,,0.666667,1
Albertsons,2021-10,1,@albertsons,18,2,0.111111,1.098612,1,0.111111,0.166667,0.111111,0.333333,0
Albertsons,2021-11,1,@albertsons,11,0,0.0,0.0,0,0.0,0.0,,0.636364,1
Albertsons,2021-12,1,@albertsons,23,6,0.26087,1.94591,1,0.26087,0.5,0.26087,0.478261,0
Albertsons,2022-01,1,@albertsons,18,1,0.055556,0.693147,1,0.055556,0.125,,0.555556,1
Albertsons,2022-02,1,@albertsons,14,2,0.142857,1.098612,1,0.142857,0.25,0.142857,0.428571,0
Albertsons,2022-03,1,@albertsons,7,1,0.142857,0.693147,1,0.142857,0.333333,,0.571429,1
Albertsons,2022-04,1,@albertsons,4,0,0.0,0.0,0,0.0,,,1.0,1
Albertsons,2022-05,1,@albertsons,3,0,0.0,0.0,0,0.0,0.0,0.0,0.333333,0
Albertsons,2022-06,1,@albertsons,2,1,0.5,0.693147,1,0.5,1.0,,0.5,1
Albertsons,2022-07,1,@albertsons,1,0,0.0,0.0,0,0.0,,,1.0,1
Albertsons,2022-10,1,@albertsons,1,0,0.0,0.0,0,0.0,,,1.0,1
Albertsons,2022-11,1,@albertsons,2,1,0.5,0.693147,1,0.5,1.0,,0.5,1
Albertsons,2023-01,1,@albertsons,1,1,1.0,0.693147,1,1.0,1.0,1.0,0.0,0
Albertsons,2023-02,1,@albertsons,1,0,0.0,0.0,0,0.0,,,1.0,1
Albertsons,2023-03,1,@albertsons,3,0,0.0,0.0,0,0.0,0.0,0.0,0.333333,0
Albertsons,2023-04,1,@albertsons,1,0,0.0,0.0,0,0.0,,,1.0,1
Albertsons,2023-05,1,@albertsons,1,1,1.0,0.693147,1,1.0,1.0,1.0,0.0,0
Albertsons,2023-08,1,@albertsons,3,2,0.666667,1.098612,1,0.666667,0.666667,0.666667,0.0,0
Albertsons,2023-09,1,@albertsons,1,0,0.0,0.0,0,0.0,,,1.0,1
Albertsons,2023-12,1,@albertsons,4,0,0.0,0.0,0,0.0,0.0,0.0,0.25,0
Allstate,2019-11,1,@allstate,4,0,0.0,0.0,0,0.0,0.0,,0.75,1
Allstate,2019-12,1,@allstate,3,0,0.0,0.0,0,0.0,0.0,,0.666667,1
Allstate,2020-02,1,@allstate,6,0,0.0,0.0,0,0.0,0.0,,0.833333,1
Allstate,2020-03,1,@allstate,11,2,0.181818,1.098612,1,0.181818,0.4,,0.545455,1
Allstate,2020-04,1,@allstate,20,3,0.15,1.386294,1,0.15,0.5,,0.7,1
Allstate,2020-05,1,@allstate,7,0,0.0,0.0,0,0.0,0.0,,0.714286,1
Allstate,2020-06,1,@allstate,5,1,0.2,0.693147,1,0.2,0.333333,0.2,0.4,0
Allstate,2020-07,1,@allstate,8,1,0.125,0.693147,1,0.125,0.333333,,0.625,1
Allstate,2020-08,1,@allstate,15,2,0.133333,1.098612,1,0.133333,0.5,,0.733333,1
Allstate,2020-09,1,@allstate,45,3,0.066667,1.386294,1,0.066667,0.15,,0.555556,1
Allstate,2020-10,1,@allstate,36,7,0.194444,2.079442,1,0.194444,0.388889,,0.5,1
Allstate,2020-11,1,@allstate,15,1,0.066667,0.693147,1,0.066667,0.1,0.066667,0.333333,0
Allstate,2020-12,1,@allstate,33,5,0.151515,1.791759,1,0.151515,0.25,0.151515,0.393939,0
Allstate,2021-01,1,@allstate,10,2,0.2,1.098612,1,0.2,0.333333,0.2,0.4,0
Allstate,2021-02,1,@allstate,23,1,0.043478,0.693147,1,0.043478,0.111111,,0.608696,1
Allstate,2021-03,1,@allstate,24,1,0.041667,0.693147,1,0.041667,0.1,,0.583333,1
Allstate,2021-04,1,@allstate,21,2,0.095238,1.098612,1,0.095238,0.181818,0.095238,0.47619,0
Allstate,2021-05,1,@allstate,15,1,0.066667,0.693147,1,0.066667,0.166667,,0.6,1
Allstate,2021-06,1,@allstate,6,0,0.0,0.0,0,0.0,0.0,,0.666667,1
Allstate,2021-07,1,@allstate,6,1,0.166667,0.693147,1,0.166667,1.0,,0.833333,1
Allstate,2021-08,1,@allstate,18,2,0.111111,1.098612,1,0.111111,0.222222,,0.5,1
Allstate,2021-09,1,@allstate,16,3,0.1875,1.386294,1,0.1875,0.25,0.1875,0.25,0
Allstate,2021-10,1,@allstate,6,0,0.0,0.0,0,0.0,0.0,,0.833333,1
Allstate,2021-11,1,@allstate,2,0,0.0,0.0,0,0.0,,,1.0,1
Allstate,2021-12,1,@allstate,6,4,0.666667,1.609438,1,0.666667,0.8,0.666667,0.166667,0
Allstate,2022-01,1,@allstate,4,1,0.25,0.693147,1,0.25,1.0,,0.75,1
Allstate,2022-03,1,@allstate,9,0,0.0,0.0,0,0.0,0.0,0.0,0.444444,0
Allstate,2022-04,1,@allstate,5,0,0.0,0.0,0,0.0,0.0,,0.8,1
Allstate,2022-05,1,@allstate,10,2,0.2,1.098612,1,0.2,0.5,,0.6,1
Allstate,2022-06,1,@allstate,14,6,0.428571,1.94591,1,0.428571,0.75,0.428571,0.428571,0
Allstate,2022-07,1,@allstate,3,0,0.0,0.0,0,0.0,0.0,,0.666667,1
Allstate,2022-08,1,@allstate,1,0,0.0,0.0,0,0.0,0.0,0.0,0.0,0
Allstate,2022-09,1,@allstate,20,5,0.25,1.791759,1,0.25,0.416667,0.25,0.4,0
Allstate,2022-10,1,@allstate,6,3,0.5,1.386294,1,0.5,1.0,,0.5,1
Allstate,2022-11,1,@allstate,10,3,0.3,1.386294,1,0.3,1.0,,0.7,1
Allstate,2022-12,1,@allstate,9,3,0.333333,1.386294,1,0.333333,0.6,0.333333,0.444444,0
Allstate,2023-01,1,@allstate,5,1,0.2,0.693147,1,0.2,0.2,0.2,0.0,0
Allstate,2023-02,1,@allstate,6,0,0.0,0.0,0,0.0,,,1.0,1
Allstate,2023-03,1,@allstate,8,2,0.25,1.098612,1,0.25,1.0,,0.75,1
Allstate,2023-04,1,@allstate,5,1,0.2,0.693147,1,0.2,1.0,,0.8,1
Allstate,2023-05,1,@allstate,6,1,0.166667,0.693147,1,0.166667,0.25,0.166667,0.333333,0
Allstate,2023-06,1,@allstate,5,1,0.2,0.693147,1,0.2,0.5,,0.6,1
Allstate,2023-07,1,@allstate,2,0,0.0,0.0,0,0.0,,,1.0,1
Allstate,2023-08,1,@allstate,7,1,0.142857,0.693147,1,0.142857,0.2,0.142857,0.285714,0
Allstate,2023-09,1,@allstate,7,1,0.142857,0.693147,1,0.142857,0.333333,,0.571429,1
Allstate,2023-10,1,@allstate,2,1,0.5,0.693147,1,0.5,1.0,,0.5,1
Allstate,2023-11,1,@allstate,18,1,0.055556,0.693147,1,0.055556,0.125,,0.555556,1
Allstate,2023-12,1,@allstate,20,5,0.25,1.791759,1,0.25,0.625,,0.6,1
Allstate,2024-01,1,@allstate,8,0,0.0,0.0,0,0.0,0.0,,0.875,1
Allstate,2024-02,1,@allstate,4,1,0.25,0.693147,1,0.25,0.333333,0.25,0.25,0
Allstate,2024-04,1,@allstate,3,0,0.0,0.0,0,0.0,0.0,,0.666667,1
Allstate,2024-05,1,@allstate,2,0,0.0,0.0,0,0.0,0.0,,0.5,1
Allstate,2024-06,1,@allstate,8,2,0.25,1.098612,1,0.25,0.5,,0.5,1
Alphabet,2015-08,1,@Alphabetlnc,2,0,0.0,0.0,0,0.0,0.0,,0.5,1
Alphabet,2026-03,1,@google,2,1,0.5,0.693147,1,0.5,1.0,,0.5,1
Alphabet,2026-04,1,@google,136,34,0.25,3.555348,1,0.25,0.53125,,0.529412,1
Alphabet,2026-05,1,@google,267,77,0.28839,4.356709,1,0.28839,0.57037,0.28839,0.494382,0
Alphabet,2026-06,1,@google,69,19,0.275362,2.995732,1,0.275362,0.542857,0.275362,0.492754,0
Amazon,2021-01,1,@amazon,1,0,0.0,0.0,0,0.0,0.0,0.0,0.0,0
Amazon,2023-08,1,@amazon,16,2,0.125,1.098612,1,0.125,0.222222,0.125,0.4375,0
Amazon,2023-09,1,@amazon,41,12,0.292683,2.564949,1,0.292683,0.631579,,0.536585,1
Amazon,2023-10,1,@amazon,46,14,0.304348,2.70805,1,0.304348,0.5,0.304348,0.391304,0
Amazon,2023-11,1,@amazon,55,7,0.127273,2.079442,1,0.127273,0.318182,,0.6,1
Amazon,2023-12,1,@amazon,46,2,0.043478,1.098612,1,0.043478,0.090909,,0.521739,1
Amazon,2024-01,1,@amazon,36,5,0.138889,1.791759,1,0.138889,0.277778,,0.5,1
Amazon,2024-02,1,@amazon,23,4,0.173913,1.609438,1,0.173913,0.307692,0.173913,0.434783,0
Amazon,2024-03,1,@amazon,17,5,0.294118,1.791759,1,0.294118,0.714286,,0.588235,1
Amazon,2024-04,1,@amazon,8,0,0.0,0.0,0,0.0,0.0,,0.625,1
Amazon,2024-05,1,@amazon,17,2,0.117647,1.098612,1,0.117647,0.2,0.117647,0.411765,0
Amazon,2024-06,1,@amazon,29,2,0.068966,1.098612,1,0.068966,0.166667,,0.586207,1
Amazon,2024-07,1,@amazon,26,4,0.153846,1.609438,1,0.153846,0.266667,0.153846,0.423077,0
Amazon,2024-08,1,@amazon,16,1,0.0625,0.693147,1,0.0625,0.166667,,0.625,1
Amazon,2024-09,1,@amazon,19,3,0.157895,1.386294,1,0.157895,0.333333,,0.526316,1
Amazon,2024-10,1,@amazon,19,1,0.052632,0.693147,1,0.052632,0.142857,,0.631579,1
Amazon,2024-11,1,@amazon,21,7,0.333333,2.079442,1,0.333333,0.5,0.333333,0.333333,0
Amazon,2024-12,1,@amazon,21,5,0.238095,1.791759,1,0.238095,0.3125,0.238095,0.238095,0
Amazon,2025-01,1,@amazon,23,6,0.26087,1.94591,1,0.26087,0.461538,0.26087,0.434783,0
Amazon,2025-02,1,@amazon,19,3,0.157895,1.386294,1,0.157895,0.230769,0.157895,0.315789,0
Amazon,2025-03,1,@amazon,12,2,0.166667,1.098612,1,0.166667,0.5,,0.666667,1
Amazon,2025-04,1,@amazon,19,0,0.0,0.0,0,0.0,0.0,,0.526316,1
Amazon,2025-05,1,@amazon,25,3,0.12,1.386294,1,0.12,0.230769,0.12,0.48,0
Amazon,2025-06,1,@amazon,26,4,0.153846,1.609438,1,0.153846,0.222222,0.153846,0.307692,0
Amazon,2025-07,1,@amazon,30,1,0.033333,0.693147,1,0.033333,0.066667,,0.5,1
Amazon,2025-08,1,@amazon,17,2,0.117647,1.098612,1,0.117647,0.25,,0.529412,1
Amazon,2025-09,1,@amazon,30,4,0.133333,1.609438,1,0.133333,0.25,0.133333,0.466667,0
Amazon,2025-10,1,@amazon,20,6,0.3,1.94591,1,0.3,0.375,0.3,0.2,0
Amazon,2025-11,1,@amazon,35,4,0.114286,1.609438,1,0.114286,0.266667,,0.571429,1
Amazon,2025-12,1,@amazon,53,10,0.188679,2.397895,1,0.188679,0.30303,0.188679,0.377358,0
Amazon,2026-01,1,@amazon,48,4,0.083333,1.609438,1,0.083333,0.190476,,0.5625,1
Amazon,2026-02,1,@amazon,57,6,0.105263,1.94591,1,0.105263,0.193548,0.105263,0.45614,0
Amazon,2026-03,1,@amazon,55,7,0.127273,2.079442,1,0.127273,0.269231,,0.527273,1
Amazon,2026-04,1,@amazon,87,13,0.149425,2.639057,1,0.149425,0.270833,0.149425,0.448276,0
Amazon,2026-05,1,@amazon,47,10,0.212766,2.397895,1,0.212766,0.3125,0.212766,0.319149,0
Amazon,2026-06,1,@amazon,26,6,0.230769,1.94591,1,0.230769,0.333333,0.230769,0.307692,0
American Airlines Group,2023-12,1,@AmericanAir,10,6,0.6,1.94591,1,0.6,1.0,0.6,0.4,0
American Airlines Group,2024-01,1,@AmericanAir,10,3,0.3,1.386294,1,0.3,0.6,,0.5,1
American Airlines Group,2024-02,1,@AmericanAir,6,3,0.5,1.386294,1,0.5,0.6,0.5,0.166667,0
American Airlines Group,2024-03,1,@AmericanAir,6,1,0.166667,0.693147,1,0.166667,0.25,0.166667,0.333333,0
American Airlines Group,2024-04,1,@AmericanAir,8,3,0.375,1.386294,1,0.375,1.0,,0.625,1
American Airlines Group,2024-05,1,@AmericanAir,11,3,0.272727,1.386294,1,0.272727,0.6,,0.545455,1
American Airlines Group,2024-06,1,@AmericanAir,13,1,0.076923,0.693147,1,0.076923,0.2,,0.615385,1
American Airlines Group,2024-07,1,@AmericanAir,11,3,0.272727,1.386294,1,0.272727,0.5,0.272727,0.454545,0
American Airlines Group,2024-08,1,@AmericanAir,3,0,0.0,0.0,0,0.0,,,1.0,1
American Airlines Group,2024-09,1,@AmericanAir,8,2,0.25,1.098612,1,0.25,0.4,0.25,0.375,0
American Airlines Group,2024-10,1,@AmericanAir,8,3,0.375,1.386294,1,0.375,0.428571,0.375,0.125,0
American Airlines Group,2024-11,1,@AmericanAir,5,2,0.4,1.098612,1,0.4,0.666667,0.4,0.4,0
American Airlines Group,2024-12,1,@AmericanAir,9,0,0.0,0.0,0,0.0,0.0,,0.777778,1
American Airlines Group,2025-01,1,@AmericanAir,14,2,0.142857,1.098612,1,0.142857,0.25,0.142857,0.428571,0
American Airlines Group,2025-02,1,@AmericanAir,4,1,0.25,0.693147,1,0.25,0.5,,0.5,1
American Airlines Group,2025-03,1,@AmericanAir,1,0,0.0,0.0,0,0.0,,,1.0,1
American Airlines Group,2025-04,1,@AmericanAir,7,2,0.285714,1.098612,1,0.285714,0.5,0.285714,0.428571,0
American Airlines Group,2025-05,1,@AmericanAir,7,2,0.285714,1.098612,1,0.285714,0.4,0.285714,0.285714,0
American Airlines Group,2025-06,1,@AmericanAir,2,0,0.0,0.0,0,0.0,,,1.0,1
American Airlines Group,2025-08,1,@AmericanAir,2,0,0.0,0.0,0,0.0,,,1.0,1
American Airlines Group,2025-09,1,@AmericanAir,3,1,0.333333,0.693147,1,0.333333,1.0,,0.666667,1
American Airlines Group,2025-10,1,@AmericanAir,3,0,0.0,0.0,0,0.0,,,1.0,1
American Airlines Group,2025-11,1,@AmericanAir,4,0,0.0,0.0,0,0.0,0.0,,0.75,1
American Airlines Group,2026-01,1,@AmericanAir,10,0,0.0,0.0,0,0.0,0.0,,0.9,1
American Airlines Group,2026-02,1,@AmericanAir,1,0,0.0,0.0,0,0.0,,,1.0,1
American Airlines Group,2026-03,1,@AmericanAir,4,0,0.0,0.0,0,0.0,,,1.0,1
American Airlines Group,2026-04,1,@AmericanAir,5,0,0.0,0.0,0,0.0,0.0,,0.6,1
American Airlines Group,2026-05,1,@AmericanAir,11,3,0.272727,1.386294,1,0.272727,0.75,,0.636364,1
American Airlines Group,2026-06,1,@AmericanAir,2,2,1.0,1.098612,1,1.0,1.0,1.0,0.0,0
American Express,2021-03,1,@americanexpress,45,11,0.244444,2.484907,1,0.244444,0.5,,0.511111,1
American Express,2021-04,1,@americanexpress,34,5,0.147059,1.791759,1,0.147059,0.333333,,0.558824,1
American Express,2021-05,1,@americanexpress,24,4,0.166667,1.609438,1,0.166667,0.666667,,0.75,1
American Express,2021-06,1,@americanexpress,51,9,0.176471,2.302585,1,0.176471,0.6,,0.705882,1
American Express,2021-07,1,@americanexpress,16,3,0.1875,1.386294,1,0.1875,0.75,,0.75,1
American Express,2021-08,1,@americanexpress,34,6,0.176471,1.94591,1,0.176471,0.857143,,0.794118,1
American Express,2021-09,1,@americanexpress,31,10,0.322581,2.397895,1,0.322581,0.555556,0.322581,0.419355,0
American Express,2021-10,1,@americanexpress,35,8,0.228571,2.197225,1,0.228571,0.571429,,0.6,1
American Express,2021-11,1,@americanexpress,64,8,0.125,2.197225,1,0.125,0.347826,,0.640625,1
American Express,2021-12,1,@americanexpress,53,12,0.226415,2.564949,1,0.226415,0.8,,0.716981,1
American Express,2022-01,1,@americanexpress,8,1,0.125,0.693147,1,0.125,0.2,0.125,0.375,0
American Express,2022-02,1,@americanexpress,17,3,0.176471,1.386294,1,0.176471,0.3,0.176471,0.411765,0
American Express,2022-03,1,@americanexpress,15,2,0.133333,1.098612,1,0.133333,0.285714,,0.533333,1
American Express,2022-04,1,@americanexpress,24,4,0.166667,1.609438,1,0.166667,0.333333,,0.5,1
American Express,2022-05,1,@americanexpress,31,4,0.129032,1.609438,1,0.129032,0.285714,,0.548387,1
American Express,2022-06,1,@americanexpress,12,3,0.25,1.386294,1,0.25,0.5,,0.5,1
American Express,2022-07,1,@americanexpress,23,3,0.130435,1.386294,1,0.130435,0.375,,0.652174,1
American Express,2022-08,1,@americanexpress,18,0,0.0,0.0,0,0.0,0.0,0.0,0.444444,0
American Express,2022-09,1,@americanexpress,11,1,0.090909,0.693147,1,0.090909,0.142857,0.090909,0.363636,0
American Express,2022-10,1,@americanexpress,25,2,0.08,1.098612,1,0.08,0.2,,0.6,1
American Express,2022-11,1,@americanexpress,7,1,0.142857,0.693147,1,0.142857,0.5,,0.714286,1
American Express,2023-02,1,@americanexpress,9,2,0.222222,1.098612,1,0.222222,0.4,0.222222,0.444444,0
American Express,2023-03,1,@americanexpress,11,0,0.0,0.0,0,0.0,0.0,0.0,0.363636,0
American Express,2023-04,1,@americanexpress,6,0,0.0,0.0,0,0.0,0.0,,0.833333,1
American Express,2023-05,1,@americanexpress,9,0,0.0,0.0,0,0.0,0.0,,0.555556,1
American Express,2023-06,1,@americanexpress,18,2,0.111111,1.098612,1,0.111111,0.2,0.111111,0.444444,0
American Express,2023-07,1,@americanexpress,11,0,0.0,0.0,0,0.0,0.0,,0.818182,1
American Express,2023-08,1,@americanexpress,5,0,0.0,0.0,0,0.0,0.0,0.0,0.4,0
American Express,2023-09,1,@americanexpress,11,0,0.0,0.0,0,0.0,0.0,,0.545455,1
American Express,2023-10,1,@americanexpress,4,0,0.0,0.0,0,0.0,0.0,,0.75,1
American Express,2023-11,1,@americanexpress,1,1,1.0,0.693147,1,1.0,1.0,1.0,0.0,0
American Express,2024-04,1,@americanexpress,1,0,0.0,0.0,0,0.0,0.0,0.0,0.0,0
American Express,2024-05,1,@americanexpress,2,1,0.5,0.693147,1,0.5,0.5,0.5,0.0,0
American Express,2024-06,1,@americanexpress,3,0,0.0,0.0,0,0.0,0.0,,0.666667,1
American Express,2024-07,1,@americanexpress,6,1,0.166667,0.693147,1,0.166667,1.0,,0.833333,1
American Express,2024-08,1,@americanexpress,6,1,0.166667,0.693147,1,0.166667,0.25,0.166667,0.333333,0
American Express,2024-09,1,@americanexpress,9,1,0.111111,0.693147,1,0.111111,0.333333,,0.666667,1
American Express,2024-10,1,@americanexpress,12,0,0.0,0.0,0,0.0,0.0,,0.5,1
American Express,2024-11,1,@americanexpress,11,4,0.363636,1.609438,1,0.363636,0.571429,0.363636,0.363636,0
American Express,2024-12,1,@americanexpress,14,2,0.142857,1.098612,1,0.142857,0.25,0.142857,0.428571,0
American Express,2025-01,1,@americanexpress,7,4,0.571429,1.609438,1,0.571429,0.8,0.571429,0.285714,0
American Express,2025-02,1,@americanexpress,9,3,0.333333,1.386294,1,0.333333,0.6,0.333333,0.444444,0
American Express,2025-03,1,@americanexpress,13,4,0.307692,1.609438,1,0.307692,0.5,0.307692,0.384615,0
American Express,2025-04,1,@americanexpress,4,0,0.0,0.0,0,0.0,0.0,,0.75,1
American Express,2025-05,1,@americanexpress,11,1,0.090909,0.693147,1,0.090909,0.125,0.090909,0.272727,0
American Express,2025-06,1,@americanexpress,5,1,0.2,0.693147,1,0.2,0.2,0.2,0.0,0
American Express,2025-07,1,@americanexpress,7,3,0.428571,1.386294,1,0.428571,0.6,0.428571,0.285714,0
American Express,2025-08,1,@americanexpress,9,1,0.111111,0.693147,1,0.111111,0.25,,0.555556,1
American Express,2025-09,1,@americanexpress,4,2,0.5,1.098612,1,0.5,0.666667,0.5,0.25,0
American Express,2025-10,1,@americanexpress,4,1,0.25,0.693147,1,0.25,0.5,,0.5,1
American Express,2025-11,1,@americanexpress,7,1,0.142857,0.693147,1,0.142857,0.25,0.142857,0.428571,0
American Express,2025-12,1,@americanexpress,4,0,0.0,0.0,0,0.0,0.0,,0.75,1
American Express,2026-01,1,@americanexpress,1,0,0.0,0.0,0,0.0,,,1.0,1
American Express,2026-02,1,@americanexpress,2,0,0.0,0.0,0,0.0,0.0,0.0,0.0,0
American Express,2026-03,1,@americanexpress,8,0,0.0,0.0,0,0.0,0.0,,0.625,1
American Express,2026-04,1,@americanexpress,3,0,0.0,0.0,0,0.0,,,1.0,1
American Express,2026-05,1,@americanexpress,5,0,0.0,0.0,0,0.0,0.0,,0.6,1
American Express,2026-06,1,@americanexpress,1,0,0.0,0.0,0,0.0,,,1.0,1
Archer Daniels Midland,2020-09,1,@ADMupdates,29,3,0.103448,1.386294,1,0.103448,0.176471,0.103448,0.413793,0
Archer Daniels Midland,2020-10,1,@ADMupdates,37,8,0.216216,2.197225,1,0.216216,0.444444,,0.513514,1
Archer Daniels Midland,2020-11,1,@ADMupdates,22,3,0.136364,1.386294,1,0.136364,0.272727,,0.5,1
Archer Daniels Midland,2020-12,1,@ADMupdates,19,8,0.421053,2.197225,1,0.421053,0.666667,0.421053,0.368421,0
Archer Daniels Midland,2021-01,1,@ADMupdates,15,1,0.066667,0.693147,1,0.066667,0.142857,,0.533333,1
Archer Daniels Midland,2021-02,1,@ADMupdates,21,10,0.47619,2.397895,1,0.47619,0.666667,0.47619,0.285714,0
Archer Daniels Midland,2021-03,1,@ADMupdates,23,1,0.043478,0.693147,1,0.043478,0.166667,,0.73913,1
Archer Daniels Midland,2021-04,1,@ADMupdates,15,2,0.133333,1.098612,1,0.133333,0.4,,0.666667,1
Archer Daniels Midland,2021-05,1,@ADMupdates,18,2,0.111111,1.098612,1,0.111111,0.222222,,0.5,1
Archer Daniels Midland,2021-06,1,@ADMupdates,15,2,0.133333,1.098612,1,0.133333,0.4,,0.666667,1
Archer Daniels Midland,2021-07,1,@ADMupdates,9,1,0.111111,0.693147,1,0.111111,0.2,0.111111,0.444444,0
Archer Daniels Midland,2021-08,1,@ADMupdates,17,2,0.117647,1.098612,1,0.117647,0.285714,,0.588235,1
Archer Daniels Midland,2021-09,1,@ADMupdates,27,5,0.185185,1.791759,1,0.185185,0.333333,0.185185,0.444444,0
Archer Daniels Midland,2021-10,1,@ADMupdates,26,7,0.269231,2.079442,1,0.269231,0.5,0.269231,0.461538,0
Archer Daniels Midland,2021-11,1,@ADMupdates,25,7,0.28,2.079442,1,0.28,0.636364,,0.56,1
Archer Daniels Midland,2021-12,1,@ADMupdates,27,7,0.259259,2.079442,1,0.259259,0.538462,,0.518519,1
Archer Daniels Midland,2022-01,1,@ADMupdates,24,5,0.208333,1.791759,1,0.208333,0.5,,0.583333,1
Archer Daniels Midland,2022-02,1,@ADMupdates,18,7,0.388889,2.079442,1,0.388889,0.636364,0.388889,0.388889,0
Archer Daniels Midland,2022-03,1,@ADMupdates,1,1,1.0,0.693147,1,1.0,1.0,1.0,0.0,0
Archer Daniels Midland,2022-05,1,@ADMupdates,13,3,0.230769,1.386294,1,0.230769,0.6,,0.615385,1
Archer Daniels Midland,2022-06,1,@ADMupdates,18,4,0.222222,1.609438,1,0.222222,0.5,,0.555556,1
Archer Daniels Midland,2022-07,1,@ADMupdates,23,8,0.347826,2.197225,1,0.347826,0.727273,,0.521739,1
Archer Daniels Midland,2022-08,1,@ADMupdates,28,5,0.178571,1.791759,1,0.178571,0.416667,,0.571429,1
Archer Daniels Midland,2022-09,1,@ADMupdates,22,4,0.181818,1.609438,1,0.181818,0.571429,,0.681818,1
Archer Daniels Midland,2022-10,1,@ADMupdates,24,3,0.125,1.386294,1,0.125,0.230769,0.125,0.458333,0
Archer Daniels Midland,2022-11,1,@ADMupdates,14,2,0.142857,1.098612,1,0.142857,0.666667,,0.785714,1
Archer Daniels Midland,2022-12,1,@ADMupdates,10,1,0.1,0.693147,1,0.1,1.0,,0.9,1
Archer Daniels Midland,2023-01,1,@ADMupdates,21,6,0.285714,1.94591,1,0.285714,0.5,0.285714,0.428571,0
Archer Daniels Midland,2023-02,1,@ADMupdates,12,4,0.333333,1.609438,1,0.333333,0.444444,0.333333,0.25,0
Archer Daniels Midland,2023-03,1,@ADMupdates,19,8,0.421053,2.197225,1,0.421053,0.666667,0.421053,0.368421,0
Archer Daniels Midland,2023-04,1,@ADMupdates,9,1,0.111111,0.693147,1,0.111111,0.25,,0.555556,1
Archer Daniels Midland,2023-05,1,@ADMupdates,17,2,0.117647,1.098612,1,0.117647,0.333333,,0.647059,1
Archer Daniels Midland,2023-06,1,@ADMupdates,20,6,0.3,1.94591,1,0.3,0.6,,0.5,1
Archer Daniels Midland,2023-07,1,@ADMupdates,23,4,0.173913,1.609438,1,0.173913,0.363636,,0.521739,1
Archer Daniels Midland,2023-08,1,@ADMupdates,15,4,0.266667,1.609438,1,0.266667,0.5,0.266667,0.466667,0
Archer Daniels Midland,2023-09,1,@ADMupdates,11,1,0.090909,0.693147,1,0.090909,0.25,,0.636364,1
Archer Daniels Midland,2023-10,1,@ADMupdates,17,6,0.352941,1.94591,1,0.352941,0.4,0.352941,0.117647,0
Archer Daniels Midland,2023-11,1,@ADMupdates,21,3,0.142857,1.386294,1,0.142857,0.333333,,0.571429,1
Archer Daniels Midland,2023-12,1,@ADMupdates,15,4,0.266667,1.609438,1,0.266667,0.571429,,0.533333,1
Archer Daniels Midland,2024-01,1,@ADMupdates,20,2,0.1,1.098612,1,0.1,0.222222,,0.55,1
Archer Daniels Midland,2024-03,1,@ADMupdates,1,0,0.0,0.0,0,0.0,,,1.0,1
Archer Daniels Midland,2024-04,1,@ADMupdates,1,0,0.0,0.0,0,0.0,0.0,0.0,0.0,0
Archer Daniels Midland,2024-05,1,@ADMupdates,1,0,0.0,0.0,0,0.0,,,1.0,1
Archer Daniels Midland,2024-07,1,@ADMupdates,1,0,0.0,0.0,0,0.0,,,1.0,1
Archer Daniels Midland,2024-08,1,@ADMupdates,5,1,0.2,0.693147,1,0.2,0.5,,0.6,1
Archer Daniels Midland,2024-09,1,@ADMupdates,5,2,0.4,1.098612,1,0.4,1.0,,0.6,1
Archer Daniels Midland,2025-05,1,@ADMupdates,1,0,0.0,0.0,0,0.0,0.0,0.0,0.0,0
Archer Daniels Midland,2025-06,1,@ADMupdates,1,0,0.0,0.0,0,0.0,,,1.0,1
Archer Daniels Midland,2025-07,1,@ADMupdates,2,1,0.5,0.693147,1,0.5,0.5,0.5,0.0,0
Archer Daniels Midland,2025-08,1,@ADMupdates,1,0,0.0,0.0,0,0.0,0.0,0.0,0.0,0
Archer Daniels Midland,2025-09,1,@ADMupdates,7,1,0.142857,0.693147,1,0.142857,0.333333,,0.571429,1
Archer Daniels Midland,2025-10,1,@ADMupdates,5,1,0.2,0.693147,1,0.2,0.333333,0.2,0.4,0
Archer Daniels Midland,2025-11,1,@ADMupdates,2,0,0.0,0.0,0,0.0,,,1.0,1
Archer Daniels Midland,2025-12,1,@ADMupdates,2,0,0.0,0.0,0,0.0,0.0,,0.5,1
Bank of America,2022-07,1,@bankofamerica,1,0,0.0,0.0,0,0.0,0.0,0.0,0.0,0
Bank of America,2022-08,1,@bankofamerica,34,6,0.176471,1.94591,1,0.176471,0.3,0.176471,0.411765,0
Bank of America,2022-09,1,@bankofamerica,44,13,0.295455,2.639057,1,0.295455,0.565217,0.295455,0.477273,0
Bank of America,2022-10,1,@bankofamerica,46,12,0.26087,2.564949,1,0.26087,0.444444,0.26087,0.413043,0
Bank of America,2022-11,1,@bankofamerica,31,5,0.16129,1.791759,1,0.16129,0.3125,0.16129,0.483871,0
Bank of America,2022-12,1,@bankofamerica,20,1,0.05,0.693147,1,0.05,0.111111,,0.55,1
Bank of America,2023-01,1,@bankofamerica,35,2,0.057143,1.098612,1,0.057143,0.125,,0.542857,1
Bank of America,2023-02,1,@bankofamerica,60,10,0.166667,2.397895,1,0.166667,0.4,,0.583333,1
Bank of America,2023-03,1,@bankofamerica,37,7,0.189189,2.079442,1,0.189189,0.466667,,0.594595,1
Bank of America,2023-04,1,@bankofamerica,57,9,0.157895,2.302585,1,0.157895,0.36,,0.561404,1
Bank of America,2023-05,1,@bankofamerica,65,19,0.292308,2.995732,1,0.292308,0.527778,0.292308,0.446154,0
Bank of America,2023-06,1,@bankofamerica,59,8,0.135593,2.197225,1,0.135593,0.275862,,0.508475,1
Bank of America,2023-07,1,@bankofamerica,32,6,0.1875,1.94591,1,0.1875,0.461538,,0.59375,1
Bank of America,2023-08,1,@bankofamerica,49,10,0.204082,2.397895,1,0.204082,0.526316,,0.612245,1
Bank of America,2023-09,1,@bankofamerica,57,12,0.210526,2.564949,1,0.210526,0.4,0.210526,0.473684,0
Bank of America,2023-10,1,@bankofamerica,39,2,0.051282,1.098612,1,0.051282,0.133333,,0.615385,1
Bank of America,2023-11,1,@bankofamerica,29,5,0.172414,1.791759,1,0.172414,0.454545,,0.62069,1
Bank of America,2024-10,1,@bankofamerica,3,0,0.0,0.0,0,0.0,0.0,0.0,0.333333,0
Bank of America,2024-11,1,@bankofamerica,4,1,0.25,0.693147,1,0.25,0.333333,0.25,0.25,0
Bank of America,2024-12,1,@bankofamerica,2,1,0.5,0.693147,1,0.5,1.0,,0.5,1
Bank of America,2025-01,1,@bankofamerica,9,1,0.111111,0.693147,1,0.111111,0.166667,0.111111,0.333333,0
Bank of America,2025-03,1,@bankofamerica,4,1,0.25,0.693147,1,0.25,0.333333,0.25,0.25,0
Bank of America,2025-04,1,@bankofamerica,9,1,0.111111,0.693147,1,0.111111,0.166667,0.111111,0.333333,0
Bank of America,2025-05,1,@bankofamerica,1,0,0.0,0.0,0,0.0,,,1.0,1
Bank of America,2025-06,1,@bankofamerica,20,5,0.25,1.791759,1,0.25,0.555556,,0.55,1
Bank of America,2025-07,1,@bankofamerica,15,9,0.6,2.302585,1,0.6,0.818182,0.6,0.266667,0
Bank of America,2025-09,1,@bankofamerica,5,2,0.4,1.098612,1,0.4,0.666667,0.4,0.4,0
Bank of America,2025-10,1,@bankofamerica,12,5,0.416667,1.791759,1,0.416667,0.714286,0.416667,0.416667,0
Bank of America,2025-11,1,@bankofamerica,14,2,0.142857,1.098612,1,0.142857,0.333333,,0.571429,1
Bank of America,2025-12,1,@bankofamerica,9,5,0.555556,1.791759,1,0.555556,0.833333,0.555556,0.333333,0
Bank of America,2026-01,1,@bankofamerica,4,1,0.25,0.693147,1,0.25,0.5,,0.5,1
Bank of America,2026-02,1,@bankofamerica,5,1,0.2,0.693147,1,0.2,0.5,,0.6,1
Bank of America,2026-03,1,@bankofamerica,1,0,0.0,0.0,0,0.0,0.0,0.0,0.0,0
Bank of America,2026-04,1,@bankofamerica,10,1,0.1,0.693147,1,0.1,0.125,0.1,0.2,0
Bank of America,2026-05,1,@bankofamerica,7,1,0.142857,0.693147,1,0.142857,1.0,,0.857143,1
Bank of America,2026-06,1,@bankofamerica,8,3,0.375,1.386294,1,0.375,1.0,,0.625,1
Boeing,2020-10,1,@boeing,18,5,0.277778,1.791759,1,0.277778,0.625,,0.555556,1
Boeing,2020-11,1,@boeing,5,1,0.2,0.693147,1,0.2,0.5,,0.6,1
Boeing,2020-12,1,@boeing,13,3,0.230769,1.386294,1,0.230769,0.5,,0.538462,1
Boeing,2021-01,1,@boeing,6,0,0.0,0.0,0,0.0,0.0,0.0,0.333333,0
Boeing,2021-02,1,@boeing,18,3,0.166667,1.386294,1,0.166667,0.375,,0.555556,1
Boeing,2021-03,1,@boeing,21,4,0.190476,1.609438,1,0.190476,0.307692,0.190476,0.380952,0
Boeing,2021-04,1,@boeing,9,0,0.0,0.0,0,0.0,0.0,,0.555556,1
Boeing,2021-05,1,@boeing,9,1,0.111111,0.693147,1,0.111111,0.142857,0.111111,0.222222,0
Boeing,2021-06,1,@boeing,17,3,0.176471,1.386294,1,0.176471,0.25,0.176471,0.294118,0
Boeing,2021-07,1,@boeing,10,2,0.2,1.098612,1,0.2,0.333333,0.2,0.4,0
Boeing,2021-08,1,@boeing,9,0,0.0,0.0,0,0.0,0.0,,0.666667,1
Boeing,2021-09,1,@boeing,14,2,0.142857,1.098612,1,0.142857,0.4,,0.642857,1
Boeing,2021-10,1,@boeing,13,4,0.307692,1.609438,1,0.307692,0.571429,0.307692,0.461538,0
Boeing,2021-11,1,@boeing,28,8,0.285714,2.197225,1,0.285714,0.888889,,0.678571,1
Boeing,2021-12,1,@boeing,6,2,0.333333,1.098612,1,0.333333,0.666667,,0.5,1
Boeing,2022-01,1,@boeing,13,2,0.153846,1.098612,1,0.153846,0.25,0.153846,0.384615,0
Boeing,2022-02,1,@boeing,14,1,0.071429,0.693147,1,0.071429,0.125,0.071429,0.428571,0
Boeing,2022-03,1,@boeing,13,2,0.153846,1.098612,1,0.153846,0.333333,,0.538462,1
Boeing,2022-04,1,@boeing,26,5,0.192308,1.791759,1,0.192308,0.416667,,0.538462,1
Boeing,2022-05,1,@boeing,26,5,0.192308,1.791759,1,0.192308,0.357143,0.192308,0.461538,0
Boeing,2022-06,1,@boeing,36,13,0.361111,2.639057,1,0.361111,0.684211,0.361111,0.472222,0
Boeing,2022-07,1,@boeing,69,20,0.289855,3.044522,1,0.289855,0.487805,0.289855,0.405797,0
Boeing,2022-08,1,@boeing,18,0,0.0,0.0,0,0.0,0.0,,0.666667,1
Boeing,2022-09,1,@boeing,17,1,0.058824,0.693147,1,0.058824,0.111111,0.058824,0.470588,0
Boeing,2022-10,1,@boeing,40,9,0.225,2.302585,1,0.225,0.409091,0.225,0.45,0
Boeing,2022-11,1,@boeing,27,7,0.259259,2.079442,1,0.259259,0.538462,,0.518519,1
Boeing,2022-12,1,@boeing,14,3,0.214286,1.386294,1,0.214286,0.375,0.214286,0.428571,0
Boeing,2023-01,1,@boeing,20,4,0.2,1.609438,1,0.2,0.307692,0.2,0.35,0
Boeing,2023-02,1,@boeing,25,6,0.24,1.94591,1,0.24,0.666667,,0.64,1
Boeing,2023-03,1,@boeing,19,3,0.157895,1.386294,1,0.157895,0.6,,0.736842,1
Boeing,2023-04,1,@boeing,18,6,0.333333,1.94591,1,0.333333,0.6,0.333333,0.444444,0
Boeing,2023-05,1,@boeing,26,9,0.346154,2.302585,1,0.346154,0.5625,0.346154,0.384615,0
Boeing,2023-06,1,@boeing,39,11,0.282051,2.484907,1,0.282051,0.52381,0.282051,0.461538,0
Boeing,2023-07,1,@boeing,17,3,0.176471,1.386294,1,0.176471,0.428571,,0.588235,1
Boeing,2023-08,1,@boeing,11,3,0.272727,1.386294,1,0.272727,0.6,,0.545455,1
Boeing,2023-09,1,@boeing,20,9,0.45,2.302585,1,0.45,0.75,0.45,0.4,0
Boeing,2023-10,1,@boeing,19,6,0.315789,1.94591,1,0.315789,0.545455,0.315789,0.421053,0
Boeing,2023-11,1,@boeing,55,15,0.272727,2.772589,1,0.272727,0.535714,0.272727,0.490909,0
Boeing,2023-12,1,@boeing,11,5,0.454545,1.791759,1,0.454545,0.625,0.454545,0.272727,0
Boeing,2024-01,1,@boeing,16,0,0.0,0.0,0,0.0,0.0,0.0,0.375,0
Boeing,2024-02,1,@boeing,2,0,0.0,0.0,0,0.0,0.0,,0.5,1
Boeing,2024-03,1,@boeing,1,0,0.0,0.0,0,0.0,,,1.0,1
Boeing,2024-04,1,@boeing,4,0,0.0,0.0,0,0.0,0.0,0.0,0.25,0
Boeing,2024-05,1,@boeing,8,0,0.0,0.0,0,0.0,0.0,0.0,0.375,0
Boeing,2024-06,1,@boeing,13,0,0.0,0.0,0,0.0,0.0,,0.846154,1
Boeing,2024-07,1,@boeing,28,5,0.178571,1.791759,1,0.178571,0.357143,,0.5,1
Boeing,2024-08,1,@boeing,4,0,0.0,0.0,0,0.0,0.0,0.0,0.25,0
Boeing,2024-09,1,@boeing,3,0,0.0,0.0,0,0.0,,,1.0,1
Boeing,2024-10,1,@boeing,1,0,0.0,0.0,0,0.0,0.0,0.0,0.0,0
Boeing,2024-11,1,@boeing,1,1,1.0,0.693147,1,1.0,1.0,1.0,0.0,0
Boeing,2024-12,1,@boeing,5,0,0.0,0.0,0,0.0,0.0,0.0,0.4,0
Boeing,2025-01,1,@boeing,3,0,0.0,0.0,0,0.0,0.0,,0.666667,1
Boeing,2025-02,1,@boeing,2,0,0.0,0.0,0,0.0,,,1.0,1
Boeing,2025-03,1,@boeing,2,0,0.0,0.0,0,0.0,,,1.0,1
Boeing,2025-04,1,@boeing,9,1,0.111111,0.693147,1,0.111111,0.333333,,0.666667,1
Boeing,2025-05,1,@boeing,6,2,0.333333,1.098612,1,0.333333,0.666667,,0.5,1
Boeing,2025-06,1,@boeing,6,1,0.166667,0.693147,1,0.166667,0.333333,,0.5,1
Boeing,2025-07,1,@boeing,11,4,0.363636,1.609438,1,0.363636,0.8,,0.545455,1
Boeing,2025-08,1,@boeing,2,0,0.0,0.0,0,0.0,,,1.0,1
Boeing,2025-10,1,@boeing,4,0,0.0,0.0,0,0.0,0.0,,0.75,1
Boeing,2025-11,1,@boeing,8,3,0.375,1.386294,1,0.375,0.6,0.375,0.375,0
Boeing,2025-12,1,@boeing,1,0,0.0,0.0,0,0.0,,,1.0,1
Boeing,2026-01,1,@boeing,8,2,0.25,1.098612,1,0.25,0.5,,0.5,1
Boeing,2026-02,1,@boeing,27,6,0.222222,1.94591,1,0.222222,0.461538,,0.518519,1
Boeing,2026-04,1,@boeing,3,2,0.666667,1.098612,1,0.666667,0.666667,0.666667,0.0,0
Boeing,2026-06,1,@boeing,2,0,0.0,0.0,0,0.0,0.0,0.0,0.0,0
Bristol-Myers Squibb,2022-01,1,@bmsnews,12,2,0.166667,1.098612,1,0.166667,0.5,,0.666667,1
Bristol-Myers Squibb,2022-02,1,@bmsnews,57,8,0.140351,2.197225,1,0.140351,0.210526,0.140351,0.333333,0
Bristol-Myers Squibb,2022-03,1,@bmsnews,75,12,0.16,2.564949,1,0.16,0.26087,0.16,0.386667,0
Bristol-Myers Squibb,2022-04,1,@bmsnews,66,3,0.045455,1.386294,1,0.045455,0.081081,0.045455,0.439394,0
Bristol-Myers Squibb,2022-05,1,@bmsnews,87,15,0.172414,2.772589,1,0.172414,0.3125,0.172414,0.448276,0
Bristol-Myers Squibb,2022-06,1,@bmsnews,49,7,0.142857,2.079442,1,0.142857,0.28,0.142857,0.489796,0
Bristol-Myers Squibb,2022-07,1,@bmsnews,28,5,0.178571,1.791759,1,0.178571,0.3125,0.178571,0.428571,0
Bristol-Myers Squibb,2022-08,1,@bmsnews,16,1,0.0625,0.693147,1,0.0625,0.2,,0.6875,1
Bristol-Myers Squibb,2022-09,1,@bmsnews,55,5,0.090909,1.791759,1,0.090909,0.166667,0.090909,0.454545,0
Bristol-Myers Squibb,2022-10,1,@bmsnews,37,5,0.135135,1.791759,1,0.135135,0.277778,,0.513514,1
Bristol-Myers Squibb,2022-11,1,@bmsnews,18,2,0.111111,1.098612,1,0.111111,0.25,,0.555556,1
Bristol-Myers Squibb,2022-12,1,@bmsnews,21,2,0.095238,1.098612,1,0.095238,0.25,,0.619048,1
Bristol-Myers Squibb,2023-01,1,@bmsnews,12,0,0.0,0.0,0,0.0,0.0,,0.583333,1
Bristol-Myers Squibb,2023-02,1,@bmsnews,24,1,0.041667,0.693147,1,0.041667,0.090909,,0.541667,1
Bristol-Myers Squibb,2023-03,1,@bmsnews,27,3,0.111111,1.386294,1,0.111111,0.2,0.111111,0.444444,0
Bristol-Myers Squibb,2023-04,1,@bmsnews,12,0,0.0,0.0,0,0.0,0.0,,0.666667,1
Bristol-Myers Squibb,2023-05,1,@bmsnews,37,2,0.054054,1.098612,1,0.054054,0.125,,0.567568,1
Bristol-Myers Squibb,2023-06,1,@bmsnews,26,4,0.153846,1.609438,1,0.153846,0.25,0.153846,0.384615,0
Bristol-Myers Squibb,2023-07,1,@bmsnews,6,0,0.0,0.0,0,0.0,0.0,0.0,0.333333,0
Bristol-Myers Squibb,2023-08,1,@bmsnews,12,0,0.0,0.0,0,0.0,0.0,0.0,0.333333,0
Bristol-Myers Squibb,2023-09,1,@bmsnews,21,2,0.095238,1.098612,1,0.095238,0.2,,0.52381,1
Bristol-Myers Squibb,2023-10,1,@bmsnews,19,1,0.052632,0.693147,1,0.052632,0.076923,0.052632,0.315789,0
Bristol-Myers Squibb,2023-11,1,@bmsnews,13,0,0.0,0.0,0,0.0,0.0,,0.615385,1
Bristol-Myers Squibb,2023-12,1,@bmsnews,15,2,0.133333,1.098612,1,0.133333,0.25,0.133333,0.466667,0
Bristol-Myers Squibb,2024-01,1,@bmsnews,16,0,0.0,0.0,0,0.0,0.0,0.0,0.4375,0
Bristol-Myers Squibb,2024-02,1,@bmsnews,8,0,0.0,0.0,0,0.0,0.0,,0.625,1
Bristol-Myers Squibb,2024-03,1,@bmsnews,13,1,0.076923,0.693147,1,0.076923,0.1,0.076923,0.230769,0
Bristol-Myers Squibb,2024-04,1,@bmsnews,13,2,0.153846,1.098612,1,0.153846,0.222222,0.153846,0.307692,0
Bristol-Myers Squibb,2024-05,1,@bmsnews,15,1,0.066667,0.693147,1,0.066667,0.1,0.066667,0.333333,0
Bristol-Myers Squibb,2024-06,1,@bmsnews,8,0,0.0,0.0,0,0.0,0.0,0.0,0.375,0
Bristol-Myers Squibb,2024-07,1,@bmsnews,2,0,0.0,0.0,0,0.0,0.0,,0.5,1
Bristol-Myers Squibb,2024-08,1,@bmsnews,5,0,0.0,0.0,0,0.0,0.0,0.0,0.2,0
Bristol-Myers Squibb,2024-09,1,@bmsnews,10,1,0.1,0.693147,1,0.1,0.166667,0.1,0.4,0
Bristol-Myers Squibb,2024-10,1,@bmsnews,5,1,0.2,0.693147,1,0.2,0.25,0.2,0.2,0
Bristol-Myers Squibb,2024-11,1,@bmsnews,4,0,0.0,0.0,0,0.0,0.0,,0.5,1
Bristol-Myers Squibb,2024-12,1,@bmsnews,6,0,0.0,0.0,0,0.0,0.0,,0.5,1
Bristol-Myers Squibb,2025-01,1,@bmsnews,6,0,0.0,0.0,0,0.0,0.0,,0.5,1
Bristol-Myers Squibb,2025-02,1,@bmsnews,5,0,0.0,0.0,0,0.0,0.0,0.0,0.4,0
Bristol-Myers Squibb,2025-03,1,@bmsnews,6,0,0.0,0.0,0,0.0,0.0,0.0,0.166667,0
Bristol-Myers Squibb,2025-04,1,@bmsnews,3,1,0.333333,0.693147,1,0.333333,0.333333,0.333333,0.0,0
Bristol-Myers Squibb,2025-05,1,@bmsnews,6,0,0.0,0.0,0,0.0,0.0,,0.5,1
Bristol-Myers Squibb,2025-06,1,@bmsnews,5,0,0.0,0.0,0,0.0,0.0,,0.6,1
Bristol-Myers Squibb,2025-07,1,@bmsnews,3,0,0.0,0.0,0,0.0,0.0,0.0,0.333333,0
Bristol-Myers Squibb,2025-08,1,@bmsnews,4,0,0.0,0.0,0,0.0,0.0,,0.5,1
Bristol-Myers Squibb,2025-10,1,@bmsnews,8,3,0.375,1.386294,1,0.375,0.428571,0.375,0.125,0
Bristol-Myers Squibb,2025-11,1,@bmsnews,2,0,0.0,0.0,0,0.0,0.0,,0.5,1
Bristol-Myers Squibb,2025-12,1,@bmsnews,5,0,0.0,0.0,0,0.0,0.0,,0.8,1
Bristol-Myers Squibb,2026-01,1,@bmsnews,2,0,0.0,0.0,0,0.0,0.0,,0.5,1
Bristol-Myers Squibb,2026-02,1,@bmsnews,5,0,0.0,0.0,0,0.0,0.0,,0.8,1
Bristol-Myers Squibb,2026-03,1,@bmsnews,9,3,0.333333,1.386294,1,0.333333,0.428571,0.333333,0.222222,0
Bristol-Myers Squibb,2026-05,1,@bmsnews,5,0,0.0,0.0,0,0.0,0.0,0.0,0.4,0
Bristol-Myers Squibb,2026-06,1,@bmsnews,6,0,0.0,0.0,0,0.0,0.0,0.0,0.166667,0
Broadcom,2025-03,1,@broadcom,1,0,0.0,0.0,0,0.0,0.0,0.0,0.0,0
Broadcom,2025-04,1,@broadcom,12,1,0.083333,0.693147,1,0.083333,0.1,0.083333,0.166667,0
Broadcom,2025-05,1,@broadcom,3,0,0.0,0.0,0,0.0,0.0,,0.666667,1
Broadcom,2025-06,1,@broadcom,7,2,0.285714,1.098612,1,0.285714,0.285714,0.285714,0.0,0
Broadcom,2025-07,1,@broadcom,2,0,0.0,0.0,0,0.0,,,1.0,1
Broadcom,2025-08,1,@broadcom,42,6,0.142857,1.94591,1,0.142857,0.3,,0.52381,1
Broadcom,2025-09,1,@broadcom,4,2,0.5,1.098612,1,0.5,0.666667,0.5,0.25,0
Broadcom,2025-10,1,@broadcom,11,3,0.272727,1.386294,1,0.272727,0.428571,0.272727,0.363636,0
Broadcom,2025-11,1,@broadcom,8,1,0.125,0.693147,1,0.125,0.25,,0.5,1
Broadcom,2025-12,1,@broadcom,12,0,0.0,0.0,0,0.0,0.0,,0.5,1
Broadcom,2026-01,1,@broadcom,17,2,0.117647,1.098612,1,0.117647,0.222222,0.117647,0.470588,0
Broadcom,2026-02,1,@broadcom,4,2,0.5,1.098612,1,0.5,1.0,,0.5,1
Broadcom,2026-03,1,@broadcom,16,3,0.1875,1.386294,1,0.1875,0.5,,0.625,1
Broadcom,2026-04,1,@broadcom,18,3,0.166667,1.386294,1,0.166667,0.6,,0.722222,1
Broadcom,2026-05,1,@broadcom,20,2,0.1,1.098612,1,0.1,0.166667,0.1,0.4,0
Broadcom,2026-06,1,@broadcom,6,0,0.0,0.0,0,0.0,0.0,,0.833333,1
CVS Health,2021-03,1,@cvshealth,7,3,0.428571,1.386294,1,0.428571,1.0,,0.571429,1
CVS Health,2021-04,1,@cvshealth,40,6,0.15,1.94591,1,0.15,0.272727,0.15,0.45,0
CVS Health,2021-05,1,@cvshealth,44,11,0.25,2.484907,1,0.25,0.52381,,0.522727,1
CVS Health,2021-06,1,@cvshealth,44,5,0.113636,1.791759,1,0.113636,0.263158,,0.568182,1
CVS Health,2021-07,1,@cvshealth,39,7,0.179487,2.079442,1,0.179487,0.35,0.179487,0.487179,0
CVS Health,2021-08,1,@cvshealth,34,7,0.205882,2.079442,1,0.205882,0.4375,,0.529412,1
CVS Health,2021-09,1,@cvshealth,36,7,0.194444,2.079442,1,0.194444,0.4375,,0.555556,1
CVS Health,2021-10,1,@cvshealth,28,3,0.107143,1.386294,1,0.107143,0.230769,,0.535714,1
CVS Health,2021-11,1,@cvshealth,27,6,0.222222,1.94591,1,0.222222,0.5,,0.555556,1
CVS Health,2021-12,1,@cvshealth,23,2,0.086957,1.098612,1,0.086957,0.285714,,0.695652,1
CVS Health,2022-01,1,@cvshealth,26,4,0.153846,1.609438,1,0.153846,0.444444,,0.653846,1
CVS Health,2022-02,1,@cvshealth,29,9,0.310345,2.302585,1,0.310345,0.45,0.310345,0.310345,0
CVS Health,2022-03,1,@cvshealth,22,3,0.136364,1.386294,1,0.136364,0.272727,,0.5,1
CVS Health,2022-04,1,@cvshealth,24,5,0.208333,1.791759,1,0.208333,0.357143,0.208333,0.416667,0
CVS Health,2022-05,1,@cvshealth,22,5,0.227273,1.791759,1,0.227273,0.555556,,0.590909,1
CVS Health,2022-06,1,@cvshealth,20,3,0.15,1.386294,1,0.15,0.25,0.15,0.4,0
CVS Health,2022-07,1,@cvshealth,18,2,0.111111,1.098612,1,0.111111,0.285714,,0.611111,1
CVS Health,2022-08,1,@cvshealth,14,4,0.285714,1.609438,1,0.285714,0.363636,0.285714,0.214286,0
CVS Health,2022-09,1,@cvshealth,23,2,0.086957,1.098612,1,0.086957,0.2,,0.565217,1
CVS Health,2022-10,1,@cvshealth,30,3,0.1,1.386294,1,0.1,0.1875,0.1,0.466667,0
CVS Health,2022-11,1,@cvshealth,16,2,0.125,1.098612,1,0.125,0.2,0.125,0.375,0
CVS Health,2026-02,1,@cvshealth,1,0,0.0,0.0,0,0.0,0.0,0.0,0.0,0
CVS Health,2026-03,1,@cvshealth,3,0,0.0,0.0,0,0.0,0.0,0.0,0.333333,0
CVS Health,2026-05,1,@cvshealth,4,1,0.25,0.693147,1,0.25,0.333333,0.25,0.25,0
Capital One Financial,2021-08,1,@CapitalOne,18,3,0.166667,1.386294,1,0.166667,0.375,,0.555556,1
Capital One Financial,2021-09,1,@CapitalOne,1,1,1.0,0.693147,1,1.0,1.0,1.0,0.0,0
Capital One Financial,2022-04,1,@CapitalOne,14,4,0.285714,1.609438,1,0.285714,0.571429,,0.5,1
Capital One Financial,2022-05,1,@CapitalOne,25,10,0.4,2.397895,1,0.4,0.909091,,0.56,1
Capital One Financial,2022-06,1,@CapitalOne,38,8,0.210526,2.197225,1,0.210526,0.347826,0.210526,0.394737,0
Capital One Financial,2022-07,1,@CapitalOne,32,5,0.15625,1.791759,1,0.15625,0.416667,,0.625,1
Capital One Financial,2022-08,1,@CapitalOne,22,4,0.181818,1.609438,1,0.181818,0.4,,0.545455,1
Capital One Financial,2022-09,1,@CapitalOne,22,4,0.181818,1.609438,1,0.181818,0.571429,,0.681818,1
Capital One Financial,2022-10,1,@CapitalOne,66,15,0.227273,2.772589,1,0.227273,0.535714,,0.575758,1
Capital One Financial,2022-11,1,@CapitalOne,32,12,0.375,2.564949,1,0.375,0.8,,0.53125,1
Capital One Financial,2022-12,1,@CapitalOne,2,2,1.0,1.098612,1,1.0,1.0,1.0,0.0,0
Capital One Financial,2023-01,1,@CapitalOne,1,1,1.0,0.693147,1,1.0,1.0,1.0,0.0,0
Capital One Financial,2023-02,1,@CapitalOne,10,1,0.1,0.693147,1,0.1,0.2,,0.5,1
Capital One Financial,2023-03,1,@CapitalOne,71,17,0.239437,2.890372,1,0.239437,0.404762,0.239437,0.408451,0
Capital One Financial,2023-04,1,@CapitalOne,32,11,0.34375,2.484907,1,0.34375,0.611111,0.34375,0.4375,0
Capital One Financial,2023-05,1,@CapitalOne,36,7,0.194444,2.079442,1,0.194444,0.5,,0.611111,1
Capital One Financial,2023-06,1,@CapitalOne,41,7,0.170732,2.079442,1,0.170732,0.411765,,0.585366,1
Capital One Financial,2023-07,1,@CapitalOne,40,8,0.2,2.197225,1,0.2,0.444444,,0.55,1
Capital One Financial,2023-08,1,@CapitalOne,19,5,0.263158,1.791759,1,0.263158,0.454545,0.263158,0.421053,0
Capital One Financial,2023-09,1,@CapitalOne,14,2,0.142857,1.098612,1,0.142857,0.333333,,0.571429,1
Capital One Financial,2023-10,1,@CapitalOne,36,7,0.194444,2.079442,1,0.194444,0.388889,,0.5,1
Capital One Financial,2023-11,1,@CapitalOne,21,2,0.095238,1.098612,1,0.095238,0.181818,0.095238,0.47619,0
Capital One Financial,2024-07,1,@CapitalOne,1,0,0.0,0.0,0,0.0,,,1.0,1
Capital One Financial,2025-01,1,@CapitalOne,10,0,0.0,0.0,0,0.0,0.0,,0.8,1
Capital One Financial,2025-02,1,@CapitalOne,2,1,0.5,0.693147,1,0.5,1.0,,0.5,1
Capital One Financial,2025-05,1,@CapitalOne,7,0,0.0,0.0,0,0.0,0.0,0.0,0.142857,0
Capital One Financial,2025-06,1,@CapitalOne,3,1,0.333333,0.693147,1,0.333333,0.5,0.333333,0.333333,0
Capital One Financial,2025-07,1,@CapitalOne,1,0,0.0,0.0,0,0.0,0.0,0.0,0.0,0
Capital One Financial,2025-08,1,@CapitalOne,2,1,0.5,0.693147,1,0.5,1.0,,0.5,1
Capital One Financial,2026-02,1,@CapitalOne,2,0,0.0,0.0,0,0.0,0.0,,0.5,1
Capital One Financial,2026-04,1,@CapitalOne,4,0,0.0,0.0,0,0.0,,,1.0,1
Capital One Financial,2026-05,1,@CapitalOne,3,0,0.0,0.0,0,0.0,,,1.0,1
Cardinal Health,2023-01,1,@cardinalhealth,13,0,0.0,0.0,0,0.0,0.0,0.0,0.153846,0
Cardinal Health,2023-02,1,@cardinalhealth,43,8,0.186047,2.197225,1,0.186047,0.307692,0.186047,0.395349,0
Cardinal Health,2023-03,1,@cardinalhealth,32,4,0.125,1.609438,1,0.125,0.285714,,0.5625,1
Cardinal Health,2023-04,1,@cardinalhealth,51,12,0.235294,2.564949,1,0.235294,0.4,0.235294,0.411765,0
Cardinal Health,2023-05,1,@cardinalhealth,32,1,0.03125,0.693147,1,0.03125,0.071429,,0.5625,1
Cardinal Health,2023-06,1,@cardinalhealth,35,3,0.085714,1.386294,1,0.085714,0.142857,0.085714,0.4,0
Cardinal Health,2023-07,1,@cardinalhealth,24,4,0.166667,1.609438,1,0.166667,0.307692,0.166667,0.458333,0
Cardinal Health,2023-08,1,@cardinalhealth,19,5,0.263158,1.791759,1,0.263158,0.555556,,0.526316,1
Cardinal Health,2023-09,1,@cardinalhealth,23,5,0.217391,1.791759,1,0.217391,0.384615,0.217391,0.434783,0
Cardinal Health,2023-10,1,@cardinalhealth,13,1,0.076923,0.693147,1,0.076923,0.142857,0.076923,0.461538,0
Cardinal Health,2023-11,1,@cardinalhealth,20,0,0.0,0.0,0,0.0,0.0,,0.5,1
Cardinal Health,2023-12,1,@cardinalhealth,14,2,0.142857,1.098612,1,0.142857,0.25,0.142857,0.428571,0
Cardinal Health,2024-01,1,@cardinalhealth,12,1,0.083333,0.693147,1,0.083333,0.166667,,0.5,1
Cardinal Health,2024-02,1,@cardinalhealth,29,5,0.172414,1.791759,1,0.172414,0.277778,0.172414,0.37931,0
Cardinal Health,2024-03,1,@cardinalhealth,31,3,0.096774,1.386294,1,0.096774,0.176471,0.096774,0.451613,0
Cardinal Health,2024-04,1,@cardinalhealth,16,3,0.1875,1.386294,1,0.1875,0.333333,0.1875,0.4375,0
Cardinal Health,2024-05,1,@cardinalhealth,19,4,0.210526,1.609438,1,0.210526,0.363636,0.210526,0.421053,0
Cardinal Health,2024-06,1,@cardinalhealth,17,4,0.235294,1.609438,1,0.235294,0.444444,0.235294,0.470588,0
Cardinal Health,2024-07,1,@cardinalhealth,26,5,0.192308,1.791759,1,0.192308,0.294118,0.192308,0.346154,0
Cardinal Health,2024-08,1,@cardinalhealth,13,4,0.307692,1.609438,1,0.307692,0.444444,0.307692,0.307692,0
Cardinal Health,2024-09,1,@cardinalhealth,11,2,0.181818,1.098612,1,0.181818,0.5,,0.636364,1
Cardinal Health,2024-10,1,@cardinalhealth,15,1,0.066667,0.693147,1,0.066667,0.125,0.066667,0.466667,0
Cardinal Health,2024-11,1,@cardinalhealth,3,0,0.0,0.0,0,0.0,0.0,0.0,0.333333,0
Cardinal Health,2024-12,1,@cardinalhealth,3,0,0.0,0.0,0,0.0,0.0,,0.666667,1
Cardinal Health,2025-01,1,@cardinalhealth,1,0,0.0,0.0,0,0.0,0.0,0.0,0.0,0
Cardinal Health,2025-05,1,@cardinalhealth,1,0,0.0,0.0,0,0.0,0.0,0.0,0.0,0
Cardinal Health,2025-08,1,@cardinalhealth,1,0,0.0,0.0,0,0.0,0.0,0.0,0.0,0
Cardinal Health,2025-10,1,@cardinalhealth,1,0,0.0,0.0,0,0.0,0.0,0.0,0.0,0
Cardinal Health,2026-02,1,@cardinalhealth,1,0,0.0,0.0,0,0.0,0.0,0.0,0.0,0
Cardinal Health,2026-04,1,@cardinalhealth,1,0,0.0,0.0,0,0.0,0.0,0.0,0.0,0
Caterpillar,2021-07,1,@CaterpillarInc,15,5,0.333333,1.791759,1,0.333333,0.384615,0.333333,0.133333,0
Caterpillar,2021-08,1,@CaterpillarInc,114,8,0.070175,2.197225,1,0.070175,0.156863,,0.552632,1
Caterpillar,2021-09,1,@CaterpillarInc,97,12,0.123711,2.564949,1,0.123711,0.266667,,0.536082,1
Caterpillar,2021-10,1,@CaterpillarInc,63,16,0.253968,2.833213,1,0.253968,0.347826,0.253968,0.269841,0
Caterpillar,2021-11,1,@CaterpillarInc,52,11,0.211538,2.484907,1,0.211538,0.423077,,0.5,1
Caterpillar,2021-12,1,@CaterpillarInc,56,8,0.142857,2.197225,1,0.142857,0.296296,,0.517857,1
Caterpillar,2022-01,1,@CaterpillarInc,27,2,0.074074,1.098612,1,0.074074,0.1,0.074074,0.259259,0
Caterpillar,2022-02,1,@CaterpillarInc,30,2,0.066667,1.098612,1,0.066667,0.142857,,0.533333,1
Caterpillar,2022-03,1,@CaterpillarInc,10,5,0.5,1.791759,1,0.5,0.714286,0.5,0.3,0
Caterpillar,2022-04,1,@CaterpillarInc,41,7,0.170732,2.079442,1,0.170732,0.388889,,0.560976,1
Caterpillar,2022-05,1,@CaterpillarInc,46,5,0.108696,1.791759,1,0.108696,0.185185,0.108696,0.413043,0
Caterpillar,2022-06,1,@CaterpillarInc,52,5,0.096154,1.791759,1,0.096154,0.25,,0.615385,1
Caterpillar,2022-07,1,@CaterpillarInc,32,6,0.1875,1.94591,1,0.1875,0.461538,,0.59375,1
Caterpillar,2022-08,1,@CaterpillarInc,43,14,0.325581,2.70805,1,0.325581,0.608696,0.325581,0.465116,0
Caterpillar,2022-09,1,@CaterpillarInc,41,8,0.195122,2.197225,1,0.195122,0.363636,0.195122,0.463415,0
Caterpillar,2022-10,1,@CaterpillarInc,33,4,0.121212,1.609438,1,0.121212,0.210526,0.121212,0.424242,0
Caterpillar,2022-11,1,@CaterpillarInc,10,0,0.0,0.0,0,0.0,0.0,0.0,0.3,0
Caterpillar,2022-12,1,@CaterpillarInc,1,0,0.0,0.0,0,0.0,,,1.0,1
Caterpillar,2023-01,1,@CaterpillarInc,3,0,0.0,0.0,0,0.0,0.0,0.0,0.0,0
Caterpillar,2023-02,1,@CaterpillarInc,6,2,0.333333,1.098612,1,0.333333,0.5,0.333333,0.333333,0
Caterpillar,2023-03,1,@CaterpillarInc,36,6,0.166667,1.94591,1,0.166667,0.333333,,0.5,1
Caterpillar,2023-04,1,@CaterpillarInc,16,1,0.0625,0.693147,1,0.0625,0.1,0.0625,0.375,0
Caterpillar,2023-05,1,@CaterpillarInc,21,2,0.095238,1.098612,1,0.095238,0.222222,,0.571429,1
Caterpillar,2023-06,1,@CaterpillarInc,21,4,0.190476,1.609438,1,0.190476,0.363636,0.190476,0.47619,0
Caterpillar,2023-07,1,@CaterpillarInc,11,1,0.090909,0.693147,1,0.090909,0.333333,,0.727273,1
Caterpillar,2023-08,1,@CaterpillarInc,6,0,0.0,0.0,0,0.0,0.0,0.0,0.333333,0
Caterpillar,2023-09,1,@CaterpillarInc,4,0,0.0,0.0,0,0.0,0.0,,0.5,1
Caterpillar,2023-10,1,@CaterpillarInc,4,0,0.0,0.0,0,0.0,0.0,0.0,0.25,0
Cencora,2022-07,1,@CencoraGlobal,11,2,0.181818,1.098612,1,0.181818,0.25,0.181818,0.272727,0
Cencora,2022-08,1,@CencoraGlobal,29,13,0.448276,2.639057,1,0.448276,0.65,0.448276,0.310345,0
Cencora,2022-09,1,@CencoraGlobal,28,5,0.178571,1.791759,1,0.178571,0.416667,,0.571429,1
Cencora,2022-10,1,@CencoraGlobal,17,4,0.235294,1.609438,1,0.235294,0.333333,0.235294,0.294118,0
Cencora,2022-11,1,@CencoraGlobal,16,7,0.4375,2.079442,1,0.4375,0.7,0.4375,0.375,0
Cencora,2022-12,1,@CencoraGlobal,10,5,0.5,1.791759,1,0.5,1.0,,0.5,1
Cencora,2023-01,1,@CencoraGlobal,18,5,0.277778,1.791759,1,0.277778,0.5,0.277778,0.444444,0
Cencora,2023-02,1,@CencoraGlobal,14,3,0.214286,1.386294,1,0.214286,0.428571,,0.5,1
Cencora,2023-03,1,@CencoraGlobal,13,2,0.153846,1.098612,1,0.153846,0.25,0.153846,0.384615,0
Cencora,2023-04,1,@CencoraGlobal,11,3,0.272727,1.386294,1,0.272727,0.428571,0.272727,0.363636,0
Cencora,2023-05,1,@CencoraGlobal,17,5,0.294118,1.791759,1,0.294118,0.555556,0.294118,0.470588,0
Cencora,2023-06,1,@CencoraGlobal,15,7,0.466667,2.079442,1,0.466667,0.7,0.466667,0.333333,0
Cencora,2023-07,1,@CencoraGlobal,16,1,0.0625,0.693147,1,0.0625,0.166667,,0.625,1
Cencora,2023-08,1,@CencoraGlobal,19,4,0.210526,1.609438,1,0.210526,0.5,,0.578947,1
Cencora,2023-09,1,@CencoraGlobal,10,5,0.5,1.791759,1,0.5,0.625,0.5,0.2,0
Cencora,2023-10,1,@CencoraGlobal,18,8,0.444444,2.197225,1,0.444444,0.8,0.444444,0.444444,0
Cencora,2023-11,1,@CencoraGlobal,17,3,0.176471,1.386294,1,0.176471,0.428571,,0.588235,1
Cencora,2023-12,1,@CencoraGlobal,7,3,0.428571,1.386294,1,0.428571,1.0,,0.571429,1
Cencora,2024-01,1,@CencoraGlobal,16,2,0.125,1.098612,1,0.125,0.285714,,0.5625,1
Cencora,2024-02,1,@CencoraGlobal,10,3,0.3,1.386294,1,0.3,0.375,0.3,0.2,0
Cencora,2024-03,1,@CencoraGlobal,15,6,0.4,1.94591,1,0.4,0.75,0.4,0.466667,0
Cencora,2024-04,1,@CencoraGlobal,15,2,0.133333,1.098612,1,0.133333,0.25,0.133333,0.466667,0
Cencora,2024-05,1,@CencoraGlobal,15,4,0.266667,1.609438,1,0.266667,0.571429,,0.533333,1
Cencora,2024-06,1,@CencoraGlobal,9,4,0.444444,1.609438,1,0.444444,0.666667,0.444444,0.333333,0
Cencora,2024-07,1,@CencoraGlobal,13,3,0.230769,1.386294,1,0.230769,0.375,0.230769,0.384615,0
Cencora,2024-08,1,@CencoraGlobal,11,2,0.181818,1.098612,1,0.181818,0.4,,0.545455,1
Cencora,2024-09,1,@CencoraGlobal,10,0,0.0,0.0,0,0.0,,,1.0,1
Cencora,2024-10,1,@CencoraGlobal,6,3,0.5,1.386294,1,0.5,0.6,0.5,0.166667,0
Cencora,2024-11,1,@CencoraGlobal,9,1,0.111111,0.693147,1,0.111111,0.25,,0.555556,1
Cencora,2024-12,1,@CencoraGlobal,10,1,0.1,0.693147,1,0.1,0.25,,0.6,1
Cencora,2025-01,1,@CencoraGlobal,7,0,0.0,0.0,0,0.0,0.0,,0.571429,1
Cencora,2025-02,1,@CencoraGlobal,7,1,0.142857,0.693147,1,0.142857,0.25,0.142857,0.428571,0
Cencora,2025-03,1,@CencoraGlobal,3,0,0.0,0.0,0,0.0,0.0,,0.666667,1
Cencora,2025-04,1,@CencoraGlobal,4,1,0.25,0.693147,1,0.25,1.0,,0.75,1
Cencora,2025-05,1,@CencoraGlobal,4,1,0.25,0.693147,1,0.25,1.0,,0.75,1
Cencora,2025-06,1,@CencoraGlobal,2,1,0.5,0.693147,1,0.5,1.0,,0.5,1
Cencora,2025-07,1,@CencoraGlobal,1,1,1.0,0.693147,1,1.0,1.0,1.0,0.0,0
Cencora,2025-08,1,@CencoraGlobal,3,1,0.333333,0.693147,1,0.333333,0.5,0.333333,0.333333,0
Cencora,2025-09,1,@CencoraGlobal,2,1,0.5,0.693147,1,0.5,0.5,0.5,0.0,0
Cencora,2025-10,1,@CencoraGlobal,2,0,0.0,0.0,0,0.0,,,1.0,1
Cencora,2025-11,1,@CencoraGlobal,2,0,0.0,0.0,0,0.0,0.0,0.0,0.0,0
Cencora,2025-12,1,@CencoraGlobal,3,2,0.666667,1.098612,1,0.666667,0.666667,0.666667,0.0,0
Cencora,2026-01,1,@CencoraGlobal,2,0,0.0,0.0,0,0.0,0.0,,0.5,1
Cencora,2026-02,1,@CencoraGlobal,2,0,0.0,0.0,0,0.0,,,1.0,1
Cencora,2026-03,1,@CencoraGlobal,3,1,0.333333,0.693147,1,0.333333,1.0,,0.666667,1
Cencora,2026-04,1,@CencoraGlobal,4,0,0.0,0.0,0,0.0,,,1.0,1
Cencora,2026-05,1,@CencoraGlobal,2,1,0.5,0.693147,1,0.5,0.5,0.5,0.0,0
Cencora,2026-06,1,@CencoraGlobal,1,1,1.0,0.693147,1,1.0,1.0,1.0,0.0,0
Centene,2022-12,1,@centene,17,2,0.117647,1.098612,1,0.117647,0.166667,0.117647,0.294118,0
Centene,2023-01,1,@centene,24,7,0.291667,2.079442,1,0.291667,0.466667,0.291667,0.375,0
Centene,2023-02,1,@centene,19,4,0.210526,1.609438,1,0.210526,0.307692,0.210526,0.315789,0
Centene,2023-03,1,@centene,18,2,0.111111,1.098612,1,0.111111,0.333333,,0.666667,1
Centene,2023-04,1,@centene,20,2,0.1,1.098612,1,0.1,0.2,,0.5,1
Centene,2023-05,1,@centene,17,3,0.176471,1.386294,1,0.176471,0.428571,,0.588235,1
Centene,2023-06,1,@centene,19,4,0.210526,1.609438,1,0.210526,0.4,0.210526,0.473684,0
Centene,2023-07,1,@centene,20,5,0.25,1.791759,1,0.25,0.555556,,0.55,1
Centene,2023-08,1,@centene,15,1,0.066667,0.693147,1,0.066667,0.166667,,0.6,1
Centene,2023-09,1,@centene,16,6,0.375,1.94591,1,0.375,0.857143,,0.5625,1
Centene,2023-10,1,@centene,13,4,0.307692,1.609438,1,0.307692,0.666667,,0.538462,1
Centene,2023-11,1,@centene,14,7,0.5,2.079442,1,0.5,0.875,0.5,0.428571,0
Centene,2023-12,1,@centene,13,1,0.076923,0.693147,1,0.076923,0.111111,0.076923,0.307692,0
Centene,2024-01,1,@centene,14,1,0.071429,0.693147,1,0.071429,0.111111,0.071429,0.357143,0
Centene,2024-02,1,@centene,9,1,0.111111,0.693147,1,0.111111,0.2,0.111111,0.444444,0
Centene,2024-03,1,@centene,8,2,0.25,1.098612,1,0.25,0.4,0.25,0.375,0
Centene,2024-04,1,@centene,10,4,0.4,1.609438,1,0.4,0.571429,0.4,0.3,0
Centene,2024-05,1,@centene,20,5,0.25,1.791759,1,0.25,0.454545,0.25,0.45,0
Centene,2024-06,1,@centene,11,3,0.272727,1.386294,1,0.272727,0.375,0.272727,0.272727,0
Centene,2024-07,1,@centene,10,4,0.4,1.609438,1,0.4,0.5,0.4,0.2,0
Centene,2024-08,1,@centene,8,4,0.5,1.609438,1,0.5,1.0,,0.5,1
Centene,2024-09,1,@centene,9,1,0.111111,0.693147,1,0.111111,0.333333,,0.666667,1
Centene,2024-10,1,@centene,13,3,0.230769,1.386294,1,0.230769,0.428571,0.230769,0.461538,0
Centene,2024-11,1,@centene,10,1,0.1,0.693147,1,0.1,0.333333,,0.7,1
Centene,2024-12,1,@centene,6,0,0.0,0.0,0,0.0,0.0,,0.666667,1
Centene,2025-01,1,@centene,6,0,0.0,0.0,0,0.0,0.0,,0.833333,1
Centene,2025-02,1,@centene,8,2,0.25,1.098612,1,0.25,0.4,0.25,0.375,0
Centene,2025-03,1,@centene,11,2,0.181818,1.098612,1,0.181818,0.5,,0.636364,1
Centene,2025-04,1,@centene,8,1,0.125,0.693147,1,0.125,0.333333,,0.625,1
Centene,2025-05,1,@centene,9,1,0.111111,0.693147,1,0.111111,0.333333,,0.666667,1
Centene,2025-06,1,@centene,7,3,0.428571,1.386294,1,0.428571,1.0,,0.571429,1
Centene,2025-07,1,@centene,4,0,0.0,0.0,0,0.0,,,1.0,1
Centene,2025-08,1,@centene,8,0,0.0,0.0,0,0.0,0.0,,0.625,1
Centene,2025-09,1,@centene,5,1,0.2,0.693147,1,0.2,1.0,,0.8,1
Centene,2025-10,1,@centene,5,2,0.4,1.098612,1,0.4,0.5,0.4,0.2,0
Centene,2025-11,1,@centene,7,0,0.0,0.0,0,0.0,0.0,,0.571429,1
Centene,2025-12,1,@centene,5,1,0.2,0.693147,1,0.2,0.333333,0.2,0.4,0
Centene,2026-01,1,@centene,4,1,0.25,0.693147,1,0.25,0.333333,0.25,0.25,0
Centene,2026-02,1,@centene,6,1,0.166667,0.693147,1,0.166667,0.25,0.166667,0.333333,0
Centene,2026-03,1,@centene,7,2,0.285714,1.098612,1,0.285714,0.5,0.285714,0.428571,0
Centene,2026-04,1,@centene,8,3,0.375,1.386294,1,0.375,0.75,,0.5,1
Centene,2026-05,1,@centene,3,0,0.0,0.0,0,0.0,0.0,0.0,0.0,0
Centene,2026-06,1,@centene,1,0,0.0,0.0,0,0.0,,,1.0,1
Charter Communications,2022-03,1,@CharterNewsroom,3,0,0.0,0.0,0,0.0,0.0,0.0,0.0,0
Charter Communications,2022-04,1,@CharterNewsroom,10,0,0.0,0.0,0,0.0,0.0,0.0,0.1,0
Charter Communications,2022-05,1,@CharterNewsroom,9,0,0.0,0.0,0,0.0,0.0,0.0,0.111111,0
Charter Communications,2022-06,1,@CharterNewsroom,10,2,0.2,1.098612,1,0.2,0.222222,0.2,0.1,0
Charter Communications,2022-07,1,@CharterNewsroom,8,1,0.125,0.693147,1,0.125,0.142857,0.125,0.125,0
Charter Communications,2022-08,1,@CharterNewsroom,15,2,0.133333,1.098612,1,0.133333,0.153846,0.133333,0.133333,0
Charter Communications,2022-09,1,@CharterNewsroom,17,2,0.117647,1.098612,1,0.117647,0.142857,0.117647,0.176471,0
Charter Communications,2022-10,1,@CharterNewsroom,7,1,0.142857,0.693147,1,0.142857,0.166667,0.142857,0.142857,0
Charter Communications,2022-11,1,@CharterNewsroom,9,0,0.0,0.0,0,0.0,0.0,0.0,0.222222,0
Charter Communications,2022-12,1,@CharterNewsroom,8,2,0.25,1.098612,1,0.25,0.4,0.25,0.375,0
Charter Communications,2023-01,1,@CharterNewsroom,7,0,0.0,0.0,0,0.0,0.0,0.0,0.142857,0
Charter Communications,2023-02,1,@CharterNewsroom,6,0,0.0,0.0,0,0.0,0.0,0.0,0.0,0
Charter Communications,2023-03,1,@CharterNewsroom,13,1,0.076923,0.693147,1,0.076923,0.083333,0.076923,0.076923,0
Charter Communications,2023-04,1,@CharterNewsroom,7,0,0.0,0.0,0,0.0,0.0,0.0,0.0,0
Charter Communications,2023-05,1,@CharterNewsroom,11,1,0.090909,0.693147,1,0.090909,0.1,0.090909,0.090909,0
Charter Communications,2023-06,1,@CharterNewsroom,15,2,0.133333,1.098612,1,0.133333,0.153846,0.133333,0.133333,0
Charter Communications,2023-07,1,@CharterNewsroom,8,0,0.0,0.0,0,0.0,0.0,0.0,0.125,0
Charter Communications,2023-08,1,@CharterNewsroom,9,1,0.111111,0.693147,1,0.111111,0.111111,0.111111,0.0,0
Charter Communications,2023-09,1,@CharterNewsroom,18,3,0.166667,1.386294,1,0.166667,0.2,0.166667,0.166667,0
Charter Communications,2023-10,1,@CharterNewsroom,9,0,0.0,0.0,0,0.0,0.0,0.0,0.111111,0
Charter Communications,2023-11,1,@CharterNewsroom,3,0,0.0,0.0,0,0.0,0.0,,0.666667,1
Charter Communications,2023-12,1,@CharterNewsroom,5,0,0.0,0.0,0,0.0,0.0,0.0,0.2,0
Charter Communications,2024-01,1,@CharterNewsroom,9,0,0.0,0.0,0,0.0,0.0,0.0,0.0,0
Charter Communications,2024-02,1,@CharterNewsroom,8,1,0.125,0.693147,1,0.125,0.125,0.125,0.0,0
Charter Communications,2024-03,1,@CharterNewsroom,7,0,0.0,0.0,0,0.0,0.0,,0.571429,1
Charter Communications,2024-04,1,@CharterNewsroom,4,0,0.0,0.0,0,0.0,0.0,0.0,0.0,0
Charter Communications,2024-05,1,@CharterNewsroom,6,0,0.0,0.0,0,0.0,0.0,0.0,0.333333,0
Charter Communications,2024-06,1,@CharterNewsroom,9,1,0.111111,0.693147,1,0.111111,0.142857,0.111111,0.222222,0
Charter Communications,2024-07,1,@CharterNewsroom,4,0,0.0,0.0,0,0.0,0.0,,0.5,1
Charter Communications,2024-08,1,@CharterNewsroom,7,0,0.0,0.0,0,0.0,0.0,0.0,0.285714,0
Charter Communications,2024-09,1,@CharterNewsroom,10,2,0.2,1.098612,1,0.2,0.25,0.2,0.2,0
Charter Communications,2024-10,1,@CharterNewsroom,11,0,0.0,0.0,0,0.0,0.0,0.0,0.272727,0
Charter Communications,2024-11,1,@CharterNewsroom,10,0,0.0,0.0,0,0.0,0.0,,0.5,1
Charter Communications,2024-12,1,@CharterNewsroom,8,0,0.0,0.0,0,0.0,0.0,,0.625,1
Charter Communications,2025-01,1,@CharterNewsroom,12,2,0.166667,1.098612,1,0.166667,0.5,,0.666667,1
Charter Communications,2025-02,1,@CharterNewsroom,9,0,0.0,0.0,0,0.0,0.0,0.0,0.0,0
Charter Communications,2025-03,1,@CharterNewsroom,12,1,0.083333,0.693147,1,0.083333,0.090909,0.083333,0.083333,0
Charter Communications,2025-04,1,@CharterNewsroom,12,2,0.166667,1.098612,1,0.166667,0.285714,0.166667,0.416667,0
Charter Communications,2025-05,1,@CharterNewsroom,21,3,0.142857,1.386294,1,0.142857,0.25,0.142857,0.428571,0
Charter Communications,2025-06,1,@CharterNewsroom,19,1,0.052632,0.693147,1,0.052632,0.090909,0.052632,0.421053,0
Charter Communications,2025-07,1,@CharterNewsroom,22,2,0.090909,1.098612,1,0.090909,0.166667,0.090909,0.454545,0
Charter Communications,2025-08,1,@CharterNewsroom,17,3,0.176471,1.386294,1,0.176471,0.272727,0.176471,0.352941,0
Charter Communications,2025-09,1,@CharterNewsroom,10,0,0.0,0.0,0,0.0,0.0,0.0,0.3,0
Charter Communications,2025-10,1,@CharterNewsroom,22,3,0.136364,1.386294,1,0.136364,0.375,,0.636364,1
Charter Communications,2025-11,1,@CharterNewsroom,20,3,0.15,1.386294,1,0.15,0.333333,,0.55,1
Charter Communications,2025-12,1,@CharterNewsroom,26,6,0.230769,1.94591,1,0.230769,0.5,,0.538462,1
Charter Communications,2026-01,1,@CharterNewsroom,28,5,0.178571,1.791759,1,0.178571,0.3125,0.178571,0.428571,0
Charter Communications,2026-02,1,@CharterNewsroom,33,11,0.333333,2.484907,1,0.333333,0.5,0.333333,0.333333,0
Charter Communications,2026-03,1,@CharterNewsroom,25,10,0.4,2.397895,1,0.4,0.555556,0.4,0.28,0
Charter Communications,2026-04,1,@CharterNewsroom,24,4,0.166667,1.609438,1,0.166667,0.285714,0.166667,0.416667,0
Charter Communications,2026-05,1,@CharterNewsroom,29,6,0.206897,1.94591,1,0.206897,0.3,0.206897,0.310345,0
Charter Communications,2026-06,1,@CharterNewsroom,16,2,0.125,1.098612,1,0.125,0.285714,,0.5625,1
Chevron,2022-02,1,@chevron,8,3,0.375,1.386294,1,0.375,0.6,0.375,0.375,0
Chevron,2022-03,1,@chevron,28,7,0.25,2.079442,1,0.25,0.4375,0.25,0.428571,0
Chevron,2022-04,1,@chevron,26,3,0.115385,1.386294,1,0.115385,0.142857,0.115385,0.192308,0
Chevron,2022-05,1,@chevron,8,1,0.125,0.693147,1,0.125,0.2,0.125,0.375,0
Chevron,2022-06,1,@chevron,22,3,0.136364,1.386294,1,0.136364,0.272727,,0.5,1
Chevron,2022-07,1,@chevron,11,0,0.0,0.0,0,0.0,0.0,0.0,0.090909,0
Chevron,2022-08,1,@chevron,19,0,0.0,0.0,0,0.0,0.0,0.0,0.368421,0
Chevron,2022-09,1,@chevron,5,1,0.2,0.693147,1,0.2,0.5,,0.6,1
Chevron,2022-10,1,@chevron,24,4,0.166667,1.609438,1,0.166667,0.266667,0.166667,0.375,0
Chevron,2022-11,1,@chevron,20,3,0.15,1.386294,1,0.15,0.214286,0.15,0.3,0
Chevron,2022-12,1,@chevron,27,4,0.148148,1.609438,1,0.148148,0.266667,0.148148,0.444444,0
Chevron,2023-01,1,@chevron,31,1,0.032258,0.693147,1,0.032258,0.055556,0.032258,0.419355,0
Chevron,2023-02,1,@chevron,23,2,0.086957,1.098612,1,0.086957,0.125,0.086957,0.304348,0
Chevron,2023-03,1,@chevron,15,3,0.2,1.386294,1,0.2,0.428571,,0.533333,1
Chevron,2023-04,1,@chevron,37,2,0.054054,1.098612,1,0.054054,0.08,0.054054,0.324324,0
Chevron,2023-05,1,@chevron,30,1,0.033333,0.693147,1,0.033333,0.055556,0.033333,0.4,0
Chevron,2023-06,1,@chevron,20,2,0.1,1.098612,1,0.1,0.2,,0.5,1
Chevron,2023-07,1,@chevron,19,0,0.0,0.0,0,0.0,0.0,0.0,0.368421,0
Chevron,2023-08,1,@chevron,22,3,0.136364,1.386294,1,0.136364,0.230769,0.136364,0.409091,0
Chevron,2023-09,1,@chevron,13,0,0.0,0.0,0,0.0,0.0,0.0,0.384615,0
Chevron,2023-10,1,@chevron,17,0,0.0,0.0,0,0.0,0.0,0.0,0.294118,0
Chevron,2023-11,1,@chevron,15,2,0.133333,1.098612,1,0.133333,0.285714,,0.533333,1
Chevron,2023-12,1,@chevron,6,0,0.0,0.0,0,0.0,0.0,,0.666667,1
Chevron,2024-01,1,@chevron,11,0,0.0,0.0,0,0.0,0.0,,0.727273,1
Chevron,2024-02,1,@chevron,18,1,0.055556,0.693147,1,0.055556,0.076923,0.055556,0.277778,0
Chevron,2024-03,1,@chevron,16,1,0.0625,0.693147,1,0.0625,0.142857,,0.5625,1
Chevron,2024-04,1,@chevron,22,1,0.045455,0.693147,1,0.045455,0.076923,0.045455,0.409091,0
Chevron,2024-05,1,@chevron,19,1,0.052632,0.693147,1,0.052632,0.090909,0.052632,0.421053,0
Chevron,2024-06,1,@chevron,13,1,0.076923,0.693147,1,0.076923,0.25,,0.692308,1
Chevron,2024-07,1,@chevron,8,1,0.125,0.693147,1,0.125,0.333333,,0.625,1
Chevron,2024-08,1,@chevron,17,0,0.0,0.0,0,0.0,0.0,0.0,0.470588,0
Chevron,2024-09,1,@chevron,15,0,0.0,0.0,0,0.0,0.0,0.0,0.466667,0
Chevron,2024-10,1,@chevron,15,1,0.066667,0.693147,1,0.066667,0.111111,0.066667,0.4,0
Chevron,2024-11,1,@chevron,14,0,0.0,0.0,0,0.0,0.0,0.0,0.357143,0
Chevron,2024-12,1,@chevron,10,1,0.1,0.693147,1,0.1,0.5,,0.8,1
Chevron,2025-01,1,@chevron,14,3,0.214286,1.386294,1,0.214286,0.272727,0.214286,0.214286,0
Chevron,2025-02,1,@chevron,8,0,0.0,0.0,0,0.0,0.0,,0.625,1
Chevron,2025-03,1,@chevron,11,1,0.090909,0.693147,1,0.090909,0.142857,0.090909,0.363636,0
Chevron,2025-04,1,@chevron,10,2,0.2,1.098612,1,0.2,0.285714,0.2,0.3,0
Chevron,2025-05,1,@chevron,10,2,0.2,1.098612,1,0.2,0.333333,0.2,0.4,0
Chevron,2025-06,1,@chevron,6,2,0.333333,1.098612,1,0.333333,1.0,,0.666667,1
Chevron,2025-07,1,@chevron,14,1,0.071429,0.693147,1,0.071429,0.25,,0.714286,1
Chevron,2025-08,1,@chevron,11,3,0.272727,1.386294,1,0.272727,0.375,0.272727,0.272727,0
Chevron,2025-09,1,@chevron,8,1,0.125,0.693147,1,0.125,0.166667,0.125,0.25,0
Chevron,2025-10,1,@chevron,6,0,0.0,0.0,0,0.0,0.0,0.0,0.166667,0
Chevron,2025-11,1,@chevron,9,1,0.111111,0.693147,1,0.111111,0.125,0.111111,0.111111,0
Chevron,2025-12,1,@chevron,9,0,0.0,0.0,0,0.0,0.0,,0.666667,1
Chevron,2026-01,1,@chevron,6,1,0.166667,0.693147,1,0.166667,0.25,0.166667,0.333333,0
Chevron,2026-02,1,@chevron,8,0,0.0,0.0,0,0.0,0.0,0.0,0.125,0
Chevron,2026-03,1,@chevron,10,0,0.0,0.0,0,0.0,0.0,0.0,0.4,0
Chevron,2026-04,1,@chevron,15,0,0.0,0.0,0,0.0,0.0,,0.533333,1
Chevron,2026-05,1,@chevron,14,1,0.071429,0.693147,1,0.071429,0.111111,0.071429,0.357143,0
Chevron,2026-06,1,@chevron,12,0,0.0,0.0,0,0.0,0.0,,0.75,1
Cigna Group,2021-10,1,@Cigna,1,0,0.0,0.0,0,0.0,,,1.0,1
Cigna Group,2021-11,1,@Cigna,65,8,0.123077,2.197225,1,0.123077,0.307692,,0.6,1
Cigna Group,2021-12,1,@Cigna,33,7,0.212121,2.079442,1,0.212121,0.466667,,0.545455,1
Cigna Group,2022-01,1,@Cigna,16,3,0.1875,1.386294,1,0.1875,0.428571,,0.5625,1
Cigna Group,2022-02,1,@Cigna,33,5,0.151515,1.791759,1,0.151515,0.3125,,0.515152,1
Cigna Group,2022-03,1,@Cigna,38,7,0.184211,2.079442,1,0.184211,0.466667,,0.605263,1
Cigna Group,2022-04,1,@Cigna,24,10,0.416667,2.397895,1,0.416667,0.769231,0.416667,0.458333,0
Cigna Group,2022-05,1,@Cigna,46,4,0.086957,1.609438,1,0.086957,0.210526,,0.586957,1
Cigna Group,2022-06,1,@Cigna,22,4,0.181818,1.609438,1,0.181818,0.363636,,0.5,1
Cigna Group,2022-07,1,@Cigna,22,1,0.045455,0.693147,1,0.045455,0.090909,,0.5,1
Cigna Group,2022-08,1,@Cigna,31,5,0.16129,1.791759,1,0.16129,0.3125,0.16129,0.483871,0
Cigna Group,2022-09,1,@Cigna,28,9,0.321429,2.302585,1,0.321429,0.6,0.321429,0.464286,0
Cigna Group,2022-10,1,@Cigna,31,6,0.193548,1.94591,1,0.193548,0.352941,0.193548,0.451613,0
Cigna Group,2022-11,1,@Cigna,45,5,0.111111,1.791759,1,0.111111,0.3125,,0.644444,1
Cigna Group,2022-12,1,@Cigna,14,3,0.214286,1.386294,1,0.214286,0.6,,0.642857,1
Cigna Group,2023-01,1,@Cigna,16,4,0.25,1.609438,1,0.25,0.666667,,0.625,1
Cigna Group,2023-02,2,@Cigna; @TheCignaGroup,22,3,0.136364,1.386294,1,0.136364,0.3,,0.545455,1
Cigna Group,2023-03,2,@Cigna; @TheCignaGroup,27,4,0.148148,1.609438,1,0.148148,0.363636,,0.592593,1
Cigna Group,2023-04,2,@Cigna; @TheCignaGroup,16,1,0.0625,0.693147,1,0.0625,0.166667,,0.625,1
Cigna Group,2023-05,2,@Cigna; @TheCignaGroup,23,0,0.0,0.0,0,0.0,0.0,,0.565217,1
Cigna Group,2023-06,1,@TheCignaGroup,6,3,0.5,1.386294,1,0.5,0.75,0.5,0.333333,0
Cigna Group,2023-07,1,@TheCignaGroup,6,1,0.166667,0.693147,1,0.166667,0.333333,,0.5,1
Cigna Group,2023-08,1,@TheCignaGroup,6,2,0.333333,1.098612,1,0.333333,0.4,0.333333,0.166667,0
Cigna Group,2023-09,1,@TheCignaGroup,3,1,0.333333,0.693147,1,0.333333,1.0,,0.666667,1
Cigna Group,2023-10,1,@TheCignaGroup,6,0,0.0,0.0,0,0.0,,,1.0,1
Cigna Group,2023-11,1,@TheCignaGroup,5,0,0.0,0.0,0,0.0,0.0,,0.8,1
Cigna Group,2023-12,1,@TheCignaGroup,1,0,0.0,0.0,0,0.0,,,1.0,1
Cisco Systems,2024-10,1,@Cisco,65,8,0.123077,2.197225,1,0.123077,0.173913,0.123077,0.292308,0
Cisco Systems,2024-11,1,@Cisco,43,2,0.046512,1.098612,1,0.046512,0.090909,0.046512,0.488372,0
Cisco Systems,2024-12,1,@Cisco,34,3,0.088235,1.386294,1,0.088235,0.136364,0.088235,0.352941,0
Cisco Systems,2025-01,1,@Cisco,32,3,0.09375,1.386294,1,0.09375,0.157895,0.09375,0.40625,0
Cisco Systems,2025-02,1,@Cisco,35,2,0.057143,1.098612,1,0.057143,0.095238,0.057143,0.4,0
Cisco Systems,2025-03,1,@Cisco,44,6,0.136364,1.94591,1,0.136364,0.25,0.136364,0.454545,0
Cisco Systems,2025-04,1,@Cisco,42,3,0.071429,1.386294,1,0.071429,0.125,0.071429,0.428571,0
Cisco Systems,2025-05,1,@Cisco,62,2,0.032258,1.098612,1,0.032258,0.055556,0.032258,0.419355,0
Cisco Systems,2025-06,1,@Cisco,44,1,0.022727,0.693147,1,0.022727,0.045455,,0.5,1
Cisco Systems,2025-07,1,@Cisco,37,5,0.135135,1.791759,1,0.135135,0.227273,0.135135,0.405405,0
Cisco Systems,2025-08,1,@Cisco,45,2,0.044444,1.098612,1,0.044444,0.055556,0.044444,0.2,0
Cisco Systems,2025-09,1,@Cisco,73,8,0.109589,2.197225,1,0.109589,0.216216,0.109589,0.493151,0
Cisco Systems,2025-10,1,@Cisco,72,6,0.083333,1.94591,1,0.083333,0.139535,0.083333,0.402778,0
Cisco Systems,2025-11,1,@Cisco,75,6,0.08,1.94591,1,0.08,0.157895,0.08,0.493333,0
Cisco Systems,2025-12,1,@Cisco,36,4,0.111111,1.609438,1,0.111111,0.153846,0.111111,0.277778,0
Cisco Systems,2026-01,1,@Cisco,51,3,0.058824,1.386294,1,0.058824,0.1,0.058824,0.411765,0
Cisco Systems,2026-02,1,@Cisco,46,7,0.152174,2.079442,1,0.152174,0.28,0.152174,0.456522,0
Cisco Systems,2026-03,1,@Cisco,39,1,0.025641,0.693147,1,0.025641,0.035714,0.025641,0.282051,0
Cisco Systems,2026-04,1,@Cisco,46,2,0.043478,1.098612,1,0.043478,0.064516,0.043478,0.326087,0
Cisco Systems,2026-05,1,@Cisco,49,2,0.040816,1.098612,1,0.040816,0.064516,0.040816,0.367347,0
Cisco Systems,2026-06,1,@Cisco,37,1,0.027027,0.693147,1,0.027027,0.05,0.027027,0.459459,0
Citigroup,2024-04,1,@Citi,20,1,0.05,0.693147,1,0.05,0.0625,0.05,0.2,0
Citigroup,2024-05,1,@Citi,25,8,0.32,2.197225,1,0.32,0.470588,0.32,0.32,0
Citigroup,2024-06,1,@Citi,24,4,0.166667,1.609438,1,0.166667,0.363636,,0.541667,1
Citigroup,2024-07,1,@Citi,28,3,0.107143,1.386294,1,0.107143,0.136364,0.107143,0.214286,0
Citigroup,2024-08,1,@Citi,8,1,0.125,0.693147,1,0.125,0.166667,0.125,0.25,0
Citigroup,2024-09,1,@Citi,11,2,0.181818,1.098612,1,0.181818,0.285714,0.181818,0.363636,0
Citigroup,2024-10,1,@Citi,32,0,0.0,0.0,0,0.0,0.0,0.0,0.375,0
Citigroup,2024-11,1,@Citi,11,3,0.272727,1.386294,1,0.272727,0.5,0.272727,0.454545,0
Citigroup,2024-12,1,@Citi,7,2,0.285714,1.098612,1,0.285714,0.4,0.285714,0.285714,0
Citigroup,2025-01,1,@Citi,21,0,0.0,0.0,0,0.0,0.0,0.0,0.285714,0
Citigroup,2025-02,1,@Citi,1,0,0.0,0.0,0,0.0,0.0,0.0,0.0,0
Citigroup,2025-03,1,@Citi,8,1,0.125,0.693147,1,0.125,0.142857,0.125,0.125,0
Citigroup,2025-04,1,@Citi,25,2,0.08,1.098612,1,0.08,0.1,0.08,0.2,0
Citigroup,2025-05,1,@Citi,7,3,0.428571,1.386294,1,0.428571,0.6,0.428571,0.285714,0
Citigroup,2025-06,1,@Citi,5,3,0.6,1.386294,1,0.6,0.6,0.6,0.0,0
Citigroup,2025-07,1,@Citi,24,3,0.125,1.386294,1,0.125,0.176471,0.125,0.291667,0
Citigroup,2025-08,1,@Citi,13,1,0.076923,0.693147,1,0.076923,0.125,0.076923,0.384615,0
Citigroup,2025-09,1,@Citi,22,2,0.090909,1.098612,1,0.090909,0.2,,0.545455,1
Citigroup,2025-10,1,@Citi,19,2,0.105263,1.098612,1,0.105263,0.142857,0.105263,0.263158,0
Citigroup,2025-11,1,@Citi,4,2,0.5,1.098612,1,0.5,0.666667,0.5,0.25,0
Citigroup,2025-12,1,@Citi,6,0,0.0,0.0,0,0.0,0.0,,0.5,1
Citigroup,2026-01,1,@Citi,12,1,0.083333,0.693147,1,0.083333,0.1,0.083333,0.166667,0
Citigroup,2026-02,1,@Citi,2,1,0.5,0.693147,1,0.5,1.0,,0.5,1
Citigroup,2026-03,1,@Citi,9,0,0.0,0.0,0,0.0,0.0,,0.555556,1
Citigroup,2026-04,1,@Citi,25,1,0.04,0.693147,1,0.04,0.083333,,0.52,1
Citigroup,2026-05,1,@Citi,24,2,0.083333,1.098612,1,0.083333,0.117647,0.083333,0.291667,0
Citigroup,2026-06,1,@Citi,7,1,0.142857,0.693147,1,0.142857,0.5,,0.714286,1
Coca-Cola,2017-05,1,@cocacola,82,3,0.036585,1.386294,1,0.036585,0.06383,0.036585,0.426829,0
Coca-Cola,2017-06,1,@cocacola,9,0,0.0,0.0,0,0.0,0.0,0.0,0.444444,0
Coca-Cola,2017-07,1,@cocacola,15,0,0.0,0.0,0,0.0,0.0,,0.8,1
Coca-Cola,2017-08,1,@cocacola,4,0,0.0,0.0,0,0.0,0.0,,0.5,1
Coca-Cola,2017-09,1,@cocacola,9,1,0.111111,0.693147,1,0.111111,0.25,,0.555556,1
Coca-Cola,2017-10,1,@cocacola,3,0,0.0,0.0,0,0.0,0.0,0.0,0.333333,0
Coca-Cola,2017-11,1,@cocacola,8,1,0.125,0.693147,1,0.125,0.333333,,0.625,1
Coca-Cola,2017-12,1,@cocacola,9,1,0.111111,0.693147,1,0.111111,0.25,,0.555556,1
Coca-Cola,2018-01,1,@cocacola,3,0,0.0,0.0,0,0.0,,,1.0,1
Coca-Cola,2018-02,1,@cocacola,10,0,0.0,0.0,0,0.0,0.0,0.0,0.4,0
Coca-Cola,2018-03,1,@cocacola,12,1,0.083333,0.693147,1,0.083333,0.25,,0.666667,1
Coca-Cola,2018-04,1,@cocacola,8,1,0.125,0.693147,1,0.125,0.25,,0.5,1
Coca-Cola,2018-05,1,@cocacola,9,0,0.0,0.0,0,0.0,0.0,,0.666667,1
Coca-Cola,2018-06,1,@cocacola,17,3,0.176471,1.386294,1,0.176471,0.3,0.176471,0.411765,0
Coca-Cola,2018-07,1,@cocacola,36,1,0.027778,0.693147,1,0.027778,0.1,,0.722222,1
Coca-Cola,2018-08,1,@cocacola,3,0,0.0,0.0,0,0.0,0.0,,0.666667,1
Coca-Cola,2018-09,1,@cocacola,6,0,0.0,0.0,0,0.0,0.0,,0.833333,1
Coca-Cola,2018-10,1,@cocacola,5,1,0.2,0.693147,1,0.2,1.0,,0.8,1
Coca-Cola,2018-11,1,@cocacola,30,0,0.0,0.0,0,0.0,0.0,0.0,0.266667,0
Coca-Cola,2018-12,1,@cocacola,7,0,0.0,0.0,0,0.0,0.0,0.0,0.428571,0
Coca-Cola,2019-01,1,@cocacola,5,1,0.2,0.693147,1,0.2,0.25,0.2,0.2,0
Coca-Cola,2019-02,1,@cocacola,6,0,0.0,0.0,0,0.0,0.0,0.0,0.166667,0
Coca-Cola,2019-03,1,@cocacola,6,1,0.166667,0.693147,1,0.166667,0.333333,,0.5,1
Coca-Cola,2019-04,1,@cocacola,9,0,0.0,0.0,0,0.0,0.0,,0.777778,1
Coca-Cola,2019-05,1,@cocacola,14,1,0.071429,0.693147,1,0.071429,0.333333,,0.785714,1
Coca-Cola,2019-06,1,@cocacola,8,2,0.25,1.098612,1,0.25,0.5,,0.5,1
Coca-Cola,2019-07,1,@cocacola,11,0,0.0,0.0,0,0.0,0.0,,0.545455,1
Coca-Cola,2019-08,1,@cocacola,6,0,0.0,0.0,0,0.0,0.0,,0.5,1
Coca-Cola,2019-09,1,@cocacola,1,0,0.0,0.0,0,0.0,,,1.0,1
Coca-Cola,2019-10,1,@cocacola,2,0,0.0,0.0,0,0.0,0.0,,0.5,1
Coca-Cola,2019-11,1,@cocacola,26,0,0.0,0.0,0,0.0,0.0,0.0,0.423077,0
Coca-Cola,2019-12,1,@cocacola,22,0,0.0,0.0,0,0.0,0.0,,0.545455,1
Coca-Cola,2020-01,1,@cocacola,14,3,0.214286,1.386294,1,0.214286,0.272727,0.214286,0.214286,0
Coca-Cola,2020-02,1,@cocacola,27,1,0.037037,0.693147,1,0.037037,0.125,,0.703704,1
Coca-Cola,2020-03,1,@cocacola,10,0,0.0,0.0,0,0.0,0.0,,0.5,1
Coca-Cola,2020-04,1,@cocacola,44,5,0.113636,1.791759,1,0.113636,0.333333,,0.659091,1
Coca-Cola,2020-05,1,@cocacola,9,0,0.0,0.0,0,0.0,0.0,,0.555556,1
Coca-Cola,2020-06,1,@cocacola,17,0,0.0,0.0,0,0.0,0.0,,0.705882,1
Coca-Cola,2020-10,1,@cocacola,15,0,0.0,0.0,0,0.0,0.0,0.0,0.4,0
Coca-Cola,2020-11,1,@cocacola,5,0,0.0,0.0,0,0.0,0.0,,0.6,1
Coca-Cola,2020-12,1,@cocacola,21,2,0.095238,1.098612,1,0.095238,0.2,,0.52381,1
Coca-Cola,2021-01,1,@cocacola,6,0,0.0,0.0,0,0.0,0.0,,0.833333,1
Coca-Cola,2021-02,1,@cocacola,10,0,0.0,0.0,0,0.0,0.0,,0.5,1
Coca-Cola,2021-03,1,@cocacola,5,0,0.0,0.0,0,0.0,0.0,,0.8,1
Coca-Cola,2021-04,1,@cocacola,2,0,0.0,0.0,0,0.0,0.0,,0.5,1
Coca-Cola,2021-05,1,@cocacola,7,1,0.142857,0.693147,1,0.142857,1.0,,0.857143,1
Coca-Cola,2021-06,1,@cocacola,15,0,0.0,0.0,0,0.0,0.0,0.0,0.466667,0
Coca-Cola,2021-07,1,@cocacola,26,3,0.115385,1.386294,1,0.115385,0.272727,,0.576923,1
Coca-Cola,2021-08,1,@cocacola,19,2,0.105263,1.098612,1,0.105263,0.222222,,0.526316,1
Coca-Cola,2021-09,1,@cocacola,1,0,0.0,0.0,0,0.0,0.0,0.0,0.0,0
Coca-Cola,2021-10,1,@cocacola,20,0,0.0,0.0,0,0.0,0.0,0.0,0.1,0
Coca-Cola,2021-11,1,@cocacola,19,1,0.052632,0.693147,1,0.052632,0.058824,0.052632,0.105263,0
Coca-Cola,2021-12,1,@cocacola,11,0,0.0,0.0,0,0.0,0.0,0.0,0.454545,0
Coca-Cola,2022-01,1,@cocacola,3,0,0.0,0.0,0,0.0,,,1.0,1
Coca-Cola,2022-02,1,@cocacola,11,0,0.0,0.0,0,0.0,0.0,0.0,0.0,0
Coca-Cola,2022-03,1,@cocacola,20,0,0.0,0.0,0,0.0,0.0,,0.7,1
Coca-Cola,2022-04,1,@cocacola,36,0,0.0,0.0,0,0.0,0.0,,0.666667,1
Coca-Cola,2022-05,1,@cocacola,20,0,0.0,0.0,0,0.0,0.0,,0.7,1
Coca-Cola,2022-06,1,@cocacola,38,0,0.0,0.0,0,0.0,0.0,0.0,0.315789,0
Coca-Cola,2022-07,1,@cocacola,32,2,0.0625,1.098612,1,0.0625,0.2,,0.6875,1
Coca-Cola,2022-08,1,@cocacola,34,4,0.117647,1.609438,1,0.117647,0.285714,,0.588235,1
Coca-Cola,2022-09,1,@cocacola,18,0,0.0,0.0,0,0.0,0.0,,0.777778,1
Coca-Cola,2022-10,1,@cocacola,12,0,0.0,0.0,0,0.0,0.0,,0.833333,1
Coca-Cola,2022-11,1,@cocacola,10,2,0.2,1.098612,1,0.2,0.333333,0.2,0.4,0
Coca-Cola,2023-02,1,@cocacola,6,0,0.0,0.0,0,0.0,0.0,,0.666667,1
Coca-Cola,2023-03,1,@cocacola,16,2,0.125,1.098612,1,0.125,0.25,,0.5,1
Coca-Cola,2023-04,1,@cocacola,16,0,0.0,0.0,0,0.0,0.0,0.0,0.125,0
Coca-Cola,2023-05,1,@cocacola,12,0,0.0,0.0,0,0.0,,,1.0,1
Coca-Cola,2023-06,1,@cocacola,16,4,0.25,1.609438,1,0.25,0.5,,0.5,1
Coca-Cola,2023-07,1,@cocacola,8,0,0.0,0.0,0,0.0,0.0,,0.75,1
Coca-Cola,2023-08,1,@cocacola,8,2,0.25,1.098612,1,0.25,0.5,,0.5,1
Coca-Cola,2023-09,1,@cocacola,4,0,0.0,0.0,0,0.0,0.0,,0.5,1
Comcast,2024-01,1,@comcast,7,2,0.285714,1.098612,1,0.285714,0.5,0.285714,0.428571,0
Comcast,2024-02,1,@comcast,43,4,0.093023,1.609438,1,0.093023,0.363636,,0.744186,1
Comcast,2024-03,1,@comcast,41,12,0.292683,2.564949,1,0.292683,0.5,0.292683,0.414634,0
Comcast,2024-04,1,@comcast,43,11,0.255814,2.484907,1,0.255814,0.37931,0.255814,0.325581,0
Comcast,2024-05,1,@comcast,40,4,0.1,1.609438,1,0.1,0.333333,,0.7,1
Comcast,2024-06,1,@comcast,38,5,0.131579,1.791759,1,0.131579,0.227273,0.131579,0.421053,0
Comcast,2024-07,1,@comcast,52,5,0.096154,1.791759,1,0.096154,0.2,,0.519231,1
Comcast,2024-08,1,@comcast,33,5,0.151515,1.791759,1,0.151515,0.384615,,0.606061,1
Comcast,2024-09,1,@comcast,40,10,0.25,2.397895,1,0.25,0.526316,,0.525,1
Comcast,2024-10,1,@comcast,34,7,0.205882,2.079442,1,0.205882,0.411765,,0.5,1
Comcast,2024-11,1,@comcast,34,9,0.264706,2.302585,1,0.264706,0.5625,,0.529412,1
Comcast,2024-12,1,@comcast,22,6,0.272727,1.94591,1,0.272727,0.545455,,0.5,1
Comcast,2025-01,1,@comcast,39,9,0.230769,2.302585,1,0.230769,0.428571,0.230769,0.461538,0
Comcast,2025-02,1,@comcast,58,9,0.155172,2.302585,1,0.155172,0.3,0.155172,0.482759,0
Comcast,2025-03,1,@comcast,38,10,0.263158,2.397895,1,0.263158,0.5,0.263158,0.473684,0
Comcast,2025-04,1,@comcast,32,7,0.21875,2.079442,1,0.21875,0.388889,0.21875,0.4375,0
Comcast,2025-05,1,@comcast,42,7,0.166667,2.079442,1,0.166667,0.538462,,0.690476,1
Comcast,2025-06,1,@comcast,40,9,0.225,2.302585,1,0.225,0.5625,,0.6,1
Comcast,2025-07,1,@comcast,29,4,0.137931,1.609438,1,0.137931,0.266667,0.137931,0.482759,0
Comcast,2025-08,1,@comcast,30,3,0.1,1.386294,1,0.1,0.375,,0.733333,1
Comcast,2025-09,1,@comcast,33,6,0.181818,1.94591,1,0.181818,0.352941,0.181818,0.484848,0
Comcast,2025-10,1,@comcast,59,12,0.20339,2.564949,1,0.20339,0.375,0.20339,0.457627,0
Comcast,2025-11,1,@comcast,48,4,0.083333,1.609438,1,0.083333,0.363636,,0.770833,1
Comcast,2025-12,1,@comcast,22,6,0.272727,1.94591,1,0.272727,0.545455,,0.5,1
Comcast,2026-01,1,@comcast,31,7,0.225806,2.079442,1,0.225806,0.583333,,0.612903,1
Comcast,2026-02,1,@comcast,43,10,0.232558,2.397895,1,0.232558,0.5,,0.534884,1
Comcast,2026-03,1,@comcast,50,11,0.22,2.484907,1,0.22,0.611111,,0.64,1
Comcast,2026-04,1,@comcast,28,2,0.071429,1.098612,1,0.071429,0.166667,,0.571429,1
Comcast,2026-05,1,@comcast,30,5,0.166667,1.791759,1,0.166667,0.3125,0.166667,0.466667,0
Comcast,2026-06,1,@comcast,17,1,0.058824,0.693147,1,0.058824,0.2,,0.705882,1
ConocoPhillips,2021-02,1,@conocophillips,6,0,0.0,0.0,0,0.0,,,1.0,1
ConocoPhillips,2021-03,1,@conocophillips,18,2,0.111111,1.098612,1,0.111111,0.222222,,0.5,1
ConocoPhillips,2021-04,1,@conocophillips,24,8,0.333333,2.197225,1,0.333333,0.5,0.333333,0.333333,0
ConocoPhillips,2021-05,1,@conocophillips,29,3,0.103448,1.386294,1,0.103448,0.214286,,0.517241,1
ConocoPhillips,2021-06,1,@conocophillips,18,2,0.111111,1.098612,1,0.111111,0.2,0.111111,0.444444,0
ConocoPhillips,2021-07,1,@conocophillips,13,1,0.076923,0.693147,1,0.076923,0.166667,,0.538462,1
ConocoPhillips,2021-08,1,@conocophillips,10,1,0.1,0.693147,1,0.1,0.25,,0.6,1
ConocoPhillips,2021-09,1,@conocophillips,15,2,0.133333,1.098612,1,0.133333,0.25,0.133333,0.466667,0
ConocoPhillips,2021-10,1,@conocophillips,17,2,0.117647,1.098612,1,0.117647,0.222222,0.117647,0.470588,0
ConocoPhillips,2021-11,1,@conocophillips,23,2,0.086957,1.098612,1,0.086957,0.222222,,0.608696,1
ConocoPhillips,2021-12,1,@conocophillips,20,1,0.05,0.693147,1,0.05,0.111111,,0.55,1
ConocoPhillips,2022-01,1,@conocophillips,12,1,0.083333,0.693147,1,0.083333,0.25,,0.666667,1
ConocoPhillips,2022-02,1,@conocophillips,15,1,0.066667,0.693147,1,0.066667,0.111111,0.066667,0.4,0
ConocoPhillips,2022-03,1,@conocophillips,8,0,0.0,0.0,0,0.0,0.0,,0.625,1
ConocoPhillips,2022-04,1,@conocophillips,17,2,0.117647,1.098612,1,0.117647,0.285714,,0.588235,1
ConocoPhillips,2022-05,1,@conocophillips,9,1,0.111111,0.693147,1,0.111111,0.333333,,0.666667,1
ConocoPhillips,2022-06,1,@conocophillips,14,0,0.0,0.0,0,0.0,0.0,,0.714286,1
ConocoPhillips,2022-07,1,@conocophillips,11,0,0.0,0.0,0,0.0,0.0,0.0,0.272727,0
ConocoPhillips,2022-08,1,@conocophillips,10,3,0.3,1.386294,1,0.3,0.428571,0.3,0.3,0
ConocoPhillips,2022-09,1,@conocophillips,15,1,0.066667,0.693147,1,0.066667,0.111111,0.066667,0.4,0
ConocoPhillips,2022-10,1,@conocophillips,16,5,0.3125,1.791759,1,0.3125,0.555556,0.3125,0.4375,0
ConocoPhillips,2022-11,1,@conocophillips,15,1,0.066667,0.693147,1,0.066667,0.125,0.066667,0.466667,0
ConocoPhillips,2022-12,1,@conocophillips,11,0,0.0,0.0,0,0.0,0.0,,0.545455,1
ConocoPhillips,2023-01,1,@conocophillips,14,3,0.214286,1.386294,1,0.214286,0.5,,0.571429,1
ConocoPhillips,2023-02,1,@conocophillips,12,1,0.083333,0.693147,1,0.083333,0.333333,,0.75,1
ConocoPhillips,2023-03,1,@conocophillips,6,0,0.0,0.0,0,0.0,0.0,0.0,0.333333,0
ConocoPhillips,2023-04,1,@conocophillips,7,0,0.0,0.0,0,0.0,0.0,0.0,0.285714,0
ConocoPhillips,2023-05,1,@conocophillips,22,4,0.181818,1.609438,1,0.181818,0.333333,0.181818,0.454545,0
ConocoPhillips,2023-06,1,@conocophillips,20,2,0.1,1.098612,1,0.1,0.285714,,0.65,1
ConocoPhillips,2023-07,1,@conocophillips,11,0,0.0,0.0,0,0.0,0.0,,0.727273,1
ConocoPhillips,2023-08,1,@conocophillips,15,5,0.333333,1.791759,1,0.333333,0.625,0.333333,0.466667,0
ConocoPhillips,2023-09,1,@conocophillips,13,0,0.0,0.0,0,0.0,0.0,0.0,0.461538,0
ConocoPhillips,2023-10,1,@conocophillips,10,0,0.0,0.0,0,0.0,0.0,,0.6,1
ConocoPhillips,2023-11,1,@conocophillips,16,1,0.0625,0.693147,1,0.0625,0.333333,,0.8125,1
ConocoPhillips,2023-12,1,@conocophillips,11,3,0.272727,1.386294,1,0.272727,0.75,,0.636364,1
ConocoPhillips,2024-01,1,@conocophillips,14,5,0.357143,1.791759,1,0.357143,0.555556,0.357143,0.357143,0
ConocoPhillips,2024-02,1,@conocophillips,18,3,0.166667,1.386294,1,0.166667,0.375,,0.555556,1
ConocoPhillips,2024-03,1,@conocophillips,14,3,0.214286,1.386294,1,0.214286,0.3,0.214286,0.285714,0
ConocoPhillips,2024-04,1,@conocophillips,20,0,0.0,0.0,0,0.0,0.0,,0.6,1
ConocoPhillips,2024-05,1,@conocophillips,23,3,0.130435,1.386294,1,0.130435,0.1875,0.130435,0.304348,0
ConocoPhillips,2024-06,1,@conocophillips,21,3,0.142857,1.386294,1,0.142857,0.272727,0.142857,0.47619,0
ConocoPhillips,2024-07,1,@conocophillips,14,4,0.285714,1.609438,1,0.285714,0.571429,,0.5,1
ConocoPhillips,2024-08,1,@conocophillips,25,7,0.28,2.079442,1,0.28,0.411765,0.28,0.32,0
ConocoPhillips,2024-09,1,@conocophillips,15,2,0.133333,1.098612,1,0.133333,0.285714,,0.533333,1
ConocoPhillips,2024-10,1,@conocophillips,22,4,0.181818,1.609438,1,0.181818,0.333333,0.181818,0.454545,0
ConocoPhillips,2024-11,1,@conocophillips,16,1,0.0625,0.693147,1,0.0625,0.111111,0.0625,0.4375,0
ConocoPhillips,2024-12,1,@conocophillips,19,5,0.263158,1.791759,1,0.263158,0.454545,0.263158,0.421053,0
ConocoPhillips,2025-01,1,@conocophillips,16,2,0.125,1.098612,1,0.125,0.181818,0.125,0.3125,0
ConocoPhillips,2025-02,1,@conocophillips,18,4,0.222222,1.609438,1,0.222222,0.444444,,0.5,1
ConocoPhillips,2025-03,1,@conocophillips,17,3,0.176471,1.386294,1,0.176471,0.25,0.176471,0.294118,0
ConocoPhillips,2025-04,1,@conocophillips,11,4,0.363636,1.609438,1,0.363636,1.0,,0.636364,1
ConocoPhillips,2025-05,1,@conocophillips,13,3,0.230769,1.386294,1,0.230769,0.428571,0.230769,0.461538,0
ConocoPhillips,2025-06,1,@conocophillips,10,0,0.0,0.0,0,0.0,0.0,,0.6,1
ConocoPhillips,2025-07,1,@conocophillips,17,1,0.058824,0.693147,1,0.058824,0.25,,0.764706,1
ConocoPhillips,2025-08,1,@conocophillips,15,0,0.0,0.0,0,0.0,0.0,0.0,0.2,0
ConocoPhillips,2025-09,1,@conocophillips,12,1,0.083333,0.693147,1,0.083333,0.111111,0.083333,0.25,0
ConocoPhillips,2025-10,1,@conocophillips,9,2,0.222222,1.098612,1,0.222222,0.333333,0.222222,0.333333,0
ConocoPhillips,2025-11,1,@conocophillips,7,0,0.0,0.0,0,0.0,0.0,0.0,0.142857,0
ConocoPhillips,2025-12,1,@conocophillips,13,0,0.0,0.0,0,0.0,0.0,,0.538462,1
ConocoPhillips,2026-01,1,@conocophillips,9,2,0.222222,1.098612,1,0.222222,0.333333,0.222222,0.333333,0
ConocoPhillips,2026-02,1,@conocophillips,11,2,0.181818,1.098612,1,0.181818,0.285714,0.181818,0.363636,0
ConocoPhillips,2026-03,1,@conocophillips,9,1,0.111111,0.693147,1,0.111111,0.166667,0.111111,0.333333,0
ConocoPhillips,2026-04,1,@conocophillips,11,0,0.0,0.0,0,0.0,0.0,0.0,0.454545,0
ConocoPhillips,2026-05,1,@conocophillips,12,1,0.083333,0.693147,1,0.083333,0.2,,0.583333,1
ConocoPhillips,2026-06,1,@conocophillips,8,2,0.25,1.098612,1,0.25,0.4,0.25,0.375,0
Dell Technologies,2024-06,1,@Dell,15,2,0.133333,1.098612,1,0.133333,0.25,0.133333,0.466667,0
Dell Technologies,2024-07,1,@Dell,14,2,0.142857,1.098612,1,0.142857,0.25,0.142857,0.428571,0
Dell Technologies,2024-08,1,@Dell,21,3,0.142857,1.386294,1,0.142857,0.3,,0.52381,1
Dell Technologies,2024-09,1,@Dell,20,0,0.0,0.0,0,0.0,0.0,,0.75,1
Dell Technologies,2024-10,1,@Dell,17,1,0.058824,0.693147,1,0.058824,0.111111,0.058824,0.470588,0
Dell Technologies,2024-11,1,@Dell,19,1,0.052632,0.693147,1,0.052632,0.125,,0.578947,1
Dell Technologies,2024-12,1,@Dell,27,2,0.074074,1.098612,1,0.074074,0.133333,0.074074,0.444444,0
Dell Technologies,2025-01,1,@Dell,31,1,0.032258,0.693147,1,0.032258,0.052632,0.032258,0.387097,0
Dell Technologies,2025-02,1,@Dell,22,2,0.090909,1.098612,1,0.090909,0.2,,0.545455,1
Dell Technologies,2025-03,1,@Dell,21,1,0.047619,0.693147,1,0.047619,0.071429,0.047619,0.333333,0
Dell Technologies,2025-04,1,@Dell,18,1,0.055556,0.693147,1,0.055556,0.1,0.055556,0.444444,0
Dell Technologies,2025-05,1,@Dell,19,2,0.105263,1.098612,1,0.105263,0.181818,0.105263,0.421053,0
Dell Technologies,2025-06,1,@Dell,27,3,0.111111,1.386294,1,0.111111,0.176471,0.111111,0.37037,0
Dell Technologies,2025-07,1,@Dell,21,2,0.095238,1.098612,1,0.095238,0.142857,0.095238,0.333333,0
Dell Technologies,2025-08,1,@Dell,29,4,0.137931,1.609438,1,0.137931,0.235294,0.137931,0.413793,0
Dell Technologies,2025-09,1,@Dell,26,5,0.192308,1.791759,1,0.192308,0.357143,0.192308,0.461538,0
Dell Technologies,2025-10,1,@Dell,39,5,0.128205,1.791759,1,0.128205,0.227273,0.128205,0.435897,0
Dell Technologies,2025-11,1,@Dell,29,8,0.275862,2.197225,1,0.275862,0.533333,0.275862,0.482759,0
Dell Technologies,2025-12,1,@Dell,30,2,0.066667,1.098612,1,0.066667,0.133333,,0.5,1
Dell Technologies,2026-01,1,@Dell,42,9,0.214286,2.302585,1,0.214286,0.45,,0.52381,1
Dell Technologies,2026-02,1,@Dell,25,3,0.12,1.386294,1,0.12,0.375,,0.68,1
Dell Technologies,2026-03,1,@Dell,50,9,0.18,2.302585,1,0.18,0.428571,,0.58,1
Dell Technologies,2026-04,1,@Dell,43,4,0.093023,1.609438,1,0.093023,0.285714,,0.674419,1
Dell Technologies,2026-05,1,@Dell,101,18,0.178218,2.944439,1,0.178218,0.333333,0.178218,0.465347,0
Dell Technologies,2026-06,1,@Dell,19,6,0.315789,1.94591,1,0.315789,0.857143,,0.631579,1
Delta Air Lines,2021-03,1,@Delta,25,5,0.2,1.791759,1,0.2,0.454545,,0.56,1
Delta Air Lines,2021-04,1,@Delta,32,3,0.09375,1.386294,1,0.09375,0.272727,,0.65625,1
Delta Air Lines,2021-05,1,@Delta,26,3,0.115385,1.386294,1,0.115385,0.230769,,0.5,1
Delta Air Lines,2021-06,1,@Delta,17,0,0.0,0.0,0,0.0,0.0,0.0,0.470588,0
Delta Air Lines,2021-07,1,@Delta,24,2,0.083333,1.098612,1,0.083333,0.166667,,0.5,1
Delta Air Lines,2021-08,1,@Delta,16,3,0.1875,1.386294,1,0.1875,0.3,0.1875,0.375,0
Delta Air Lines,2021-09,1,@Delta,11,2,0.181818,1.098612,1,0.181818,0.25,0.181818,0.272727,0
Delta Air Lines,2021-10,1,@Delta,13,2,0.153846,1.098612,1,0.153846,0.333333,,0.538462,1
Delta Air Lines,2021-11,1,@Delta,21,6,0.285714,1.94591,1,0.285714,0.6,,0.52381,1
Delta Air Lines,2021-12,1,@Delta,21,3,0.142857,1.386294,1,0.142857,0.428571,,0.666667,1
Delta Air Lines,2022-01,1,@Delta,18,1,0.055556,0.693147,1,0.055556,0.142857,,0.611111,1
Delta Air Lines,2022-02,1,@Delta,19,2,0.105263,1.098612,1,0.105263,0.222222,,0.526316,1
Delta Air Lines,2022-03,1,@Delta,30,5,0.166667,1.791759,1,0.166667,0.25,0.166667,0.333333,0
Delta Air Lines,2022-04,1,@Delta,9,0,0.0,0.0,0,0.0,0.0,,0.666667,1
Delta Air Lines,2022-05,1,@Delta,5,1,0.2,0.693147,1,0.2,1.0,,0.8,1
Delta Air Lines,2022-06,1,@Delta,17,0,0.0,0.0,0,0.0,0.0,,0.647059,1
Delta Air Lines,2022-07,1,@Delta,17,2,0.117647,1.098612,1,0.117647,0.25,,0.529412,1
Delta Air Lines,2022-08,1,@Delta,13,3,0.230769,1.386294,1,0.230769,0.75,,0.692308,1
Delta Air Lines,2022-09,1,@Delta,14,2,0.142857,1.098612,1,0.142857,0.222222,0.142857,0.357143,0
Delta Air Lines,2022-10,1,@Delta,14,1,0.071429,0.693147,1,0.071429,0.2,,0.642857,1
Delta Air Lines,2022-11,1,@Delta,10,1,0.1,0.693147,1,0.1,0.25,,0.6,1
Delta Air Lines,2022-12,1,@Delta,8,1,0.125,0.693147,1,0.125,0.25,,0.5,1
Delta Air Lines,2023-01,1,@Delta,11,1,0.090909,0.693147,1,0.090909,0.333333,,0.727273,1
Delta Air Lines,2023-02,1,@Delta,10,0,0.0,0.0,0,0.0,0.0,0.0,0.4,0
Delta Air Lines,2023-03,1,@Delta,14,3,0.214286,1.386294,1,0.214286,0.375,0.214286,0.428571,0
Delta Air Lines,2023-04,1,@Delta,15,1,0.066667,0.693147,1,0.066667,0.1,0.066667,0.333333,0
Delta Air Lines,2023-05,1,@Delta,22,1,0.045455,0.693147,1,0.045455,0.142857,,0.681818,1
Delta Air Lines,2023-06,1,@Delta,2,0,0.0,0.0,0,0.0,0.0,,0.5,1
Delta Air Lines,2023-07,1,@Delta,8,0,0.0,0.0,0,0.0,0.0,,0.5,1
Delta Air Lines,2023-08,1,@Delta,7,1,0.142857,0.693147,1,0.142857,0.5,,0.714286,1
Delta Air Lines,2023-09,1,@Delta,6,1,0.166667,0.693147,1,0.166667,0.5,,0.666667,1
Delta Air Lines,2023-10,1,@Delta,9,1,0.111111,0.693147,1,0.111111,0.25,,0.555556,1
Delta Air Lines,2023-11,1,@Delta,6,2,0.333333,1.098612,1,0.333333,1.0,,0.666667,1
Delta Air Lines,2023-12,1,@Delta,10,1,0.1,0.693147,1,0.1,0.5,,0.8,1
Delta Air Lines,2024-01,1,@Delta,7,1,0.142857,0.693147,1,0.142857,0.25,0.142857,0.428571,0
Delta Air Lines,2024-02,1,@Delta,11,5,0.454545,1.791759,1,0.454545,0.555556,0.454545,0.181818,0
Delta Air Lines,2024-03,1,@Delta,9,0,0.0,0.0,0,0.0,0.0,,0.666667,1
Delta Air Lines,2024-04,1,@Delta,3,0,0.0,0.0,0,0.0,0.0,0.0,0.333333,0
Delta Air Lines,2024-05,1,@Delta,9,2,0.222222,1.098612,1,0.222222,0.5,,0.555556,1
Delta Air Lines,2024-06,1,@Delta,12,3,0.25,1.386294,1,0.25,0.375,0.25,0.333333,0
Delta Air Lines,2024-07,1,@Delta,18,4,0.222222,1.609438,1,0.222222,0.5,,0.555556,1
Delta Air Lines,2024-08,1,@Delta,10,2,0.2,1.098612,1,0.2,1.0,,0.8,1
Delta Air Lines,2024-09,1,@Delta,21,3,0.142857,1.386294,1,0.142857,0.428571,,0.666667,1
Delta Air Lines,2024-10,1,@Delta,10,2,0.2,1.098612,1,0.2,0.5,,0.6,1
Delta Air Lines,2024-11,1,@Delta,5,2,0.4,1.098612,1,0.4,0.5,0.4,0.2,0
Delta Air Lines,2024-12,1,@Delta,11,2,0.181818,1.098612,1,0.181818,0.333333,0.181818,0.454545,0
Delta Air Lines,2025-01,1,@Delta,11,1,0.090909,0.693147,1,0.090909,0.25,,0.636364,1
Delta Air Lines,2025-02,1,@Delta,7,1,0.142857,0.693147,1,0.142857,0.333333,,0.571429,1
Delta Air Lines,2025-03,1,@Delta,2,0,0.0,0.0,0,0.0,,,1.0,1
Delta Air Lines,2025-04,1,@Delta,2,0,0.0,0.0,0,0.0,0.0,,0.5,1
Delta Air Lines,2025-05,1,@Delta,10,1,0.1,0.693147,1,0.1,0.166667,0.1,0.4,0
Delta Air Lines,2025-06,1,@Delta,6,2,0.333333,1.098612,1,0.333333,0.333333,0.333333,0.0,0
Delta Air Lines,2025-07,1,@Delta,1,0,0.0,0.0,0,0.0,0.0,0.0,0.0,0
Delta Air Lines,2025-09,1,@Delta,2,1,0.5,0.693147,1,0.5,0.5,0.5,0.0,0
Delta Air Lines,2025-10,1,@Delta,4,1,0.25,0.693147,1,0.25,0.5,,0.5,1
Delta Air Lines,2025-11,1,@Delta,10,1,0.1,0.693147,1,0.1,0.333333,,0.7,1
Delta Air Lines,2025-12,1,@Delta,6,4,0.666667,1.609438,1,0.666667,1.0,0.666667,0.333333,0
Delta Air Lines,2026-01,1,@Delta,11,3,0.272727,1.386294,1,0.272727,1.0,,0.727273,1
Delta Air Lines,2026-02,1,@Delta,3,0,0.0,0.0,0,0.0,0.0,,0.666667,1
Delta Air Lines,2026-03,1,@Delta,8,6,0.75,1.94591,1,0.75,1.0,0.75,0.25,0
Delta Air Lines,2026-04,1,@Delta,1,1,1.0,0.693147,1,1.0,1.0,1.0,0.0,0
Delta Air Lines,2026-05,1,@Delta,4,1,0.25,0.693147,1,0.25,1.0,,0.75,1
Elevance Health,2021-05,1,@elevancehealth,39,10,0.25641,2.397895,1,0.25641,0.5,0.25641,0.487179,0
Elevance Health,2021-06,1,@elevancehealth,54,10,0.185185,2.397895,1,0.185185,0.5,,0.62963,1
Elevance Health,2021-07,1,@elevancehealth,19,2,0.105263,1.098612,1,0.105263,0.25,,0.578947,1
Elevance Health,2021-08,1,@elevancehealth,12,4,0.333333,1.609438,1,0.333333,0.571429,0.333333,0.416667,0
Elevance Health,2021-09,1,@elevancehealth,24,1,0.041667,0.693147,1,0.041667,0.066667,0.041667,0.375,0
Elevance Health,2021-10,1,@elevancehealth,22,3,0.136364,1.386294,1,0.136364,0.2,0.136364,0.318182,0
Elevance Health,2021-11,1,@elevancehealth,35,6,0.171429,1.94591,1,0.171429,0.333333,0.171429,0.485714,0
Elevance Health,2021-12,1,@elevancehealth,18,1,0.055556,0.693147,1,0.055556,0.166667,,0.666667,1
Elevance Health,2022-01,1,@elevancehealth,17,5,0.294118,1.791759,1,0.294118,0.5,0.294118,0.411765,0
Elevance Health,2022-02,1,@elevancehealth,28,5,0.178571,1.791759,1,0.178571,0.384615,,0.535714,1
Elevance Health,2022-03,1,@elevancehealth,36,5,0.138889,1.791759,1,0.138889,0.277778,,0.5,1
Elevance Health,2022-04,1,@elevancehealth,31,3,0.096774,1.386294,1,0.096774,0.25,,0.612903,1
Elevance Health,2022-05,1,@elevancehealth,10,2,0.2,1.098612,1,0.2,0.333333,0.2,0.4,0
Elevance Health,2022-06,1,@elevancehealth,22,5,0.227273,1.791759,1,0.227273,0.555556,,0.590909,1
Elevance Health,2022-07,1,@elevancehealth,17,3,0.176471,1.386294,1,0.176471,0.272727,0.176471,0.352941,0
Elevance Health,2022-08,1,@elevancehealth,51,7,0.137255,2.079442,1,0.137255,0.269231,0.137255,0.490196,0
Elevance Health,2022-09,1,@elevancehealth,51,7,0.137255,2.079442,1,0.137255,0.291667,,0.529412,1
Elevance Health,2022-10,1,@elevancehealth,25,2,0.08,1.098612,1,0.08,0.2,,0.6,1
Elevance Health,2022-11,1,@elevancehealth,18,5,0.277778,1.791759,1,0.277778,0.714286,,0.611111,1
Elevance Health,2022-12,1,@elevancehealth,12,0,0.0,0.0,0,0.0,0.0,0.0,0.333333,0
Elevance Health,2023-01,1,@elevancehealth,8,0,0.0,0.0,0,0.0,0.0,0.0,0.25,0
Elevance Health,2023-02,1,@elevancehealth,10,5,0.5,1.791759,1,0.5,0.625,0.5,0.2,0
Elevance Health,2023-03,1,@elevancehealth,9,3,0.333333,1.386294,1,0.333333,0.5,0.333333,0.333333,0
Elevance Health,2023-04,1,@elevancehealth,10,2,0.2,1.098612,1,0.2,0.333333,0.2,0.4,0
Elevance Health,2023-05,1,@elevancehealth,6,0,0.0,0.0,0,0.0,0.0,,0.666667,1
Elevance Health,2023-06,1,@elevancehealth,5,1,0.2,0.693147,1,0.2,0.333333,0.2,0.4,0
Elevance Health,2023-08,1,@elevancehealth,2,0,0.0,0.0,0,0.0,,,1.0,1
Elevance Health,2023-09,1,@elevancehealth,9,0,0.0,0.0,0,0.0,0.0,,0.777778,1
Elevance Health,2023-12,1,@elevancehealth,2,0,0.0,0.0,0,0.0,0.0,,0.5,1
Elevance Health,2024-02,1,@elevancehealth,6,0,0.0,0.0,0,0.0,0.0,,0.5,1
Elevance Health,2024-03,1,@elevancehealth,1,0,0.0,0.0,0,0.0,0.0,0.0,0.0,0
Elevance Health,2024-11,1,@elevancehealth,2,1,0.5,0.693147,1,0.5,0.5,0.5,0.0,0
Elevance Health,2025-11,1,@elevancehealth,1,0,0.0,0.0,0,0.0,,,1.0,1
Eli Lilly,2020-07,1,@EliLillyandCo,2,0,0.0,0.0,0,0.0,0.0,0.0,0.0,0
Eli Lilly,2020-08,1,@EliLillyandCo,15,2,0.133333,1.098612,1,0.133333,0.285714,,0.533333,1
Eli Lilly,2020-09,1,@EliLillyandCo,23,3,0.130435,1.386294,1,0.130435,0.166667,0.130435,0.217391,0
Eli Lilly,2020-10,1,@EliLillyandCo,29,4,0.137931,1.609438,1,0.137931,0.285714,,0.517241,1
Eli Lilly,2020-11,1,@EliLillyandCo,25,2,0.08,1.098612,1,0.08,0.125,0.08,0.36,0
Eli Lilly,2020-12,1,@EliLillyandCo,13,1,0.076923,0.693147,1,0.076923,0.125,0.076923,0.384615,0
Eli Lilly,2021-01,1,@EliLillyandCo,23,3,0.130435,1.386294,1,0.130435,0.272727,,0.521739,1
Eli Lilly,2021-02,1,@EliLillyandCo,29,0,0.0,0.0,0,0.0,0.0,,0.655172,1
Eli Lilly,2021-03,1,@EliLillyandCo,33,3,0.090909,1.386294,1,0.090909,0.166667,0.090909,0.454545,0
Eli Lilly,2021-04,1,@EliLillyandCo,27,8,0.296296,2.197225,1,0.296296,0.444444,0.296296,0.333333,0
Eli Lilly,2021-05,1,@EliLillyandCo,18,5,0.277778,1.791759,1,0.277778,0.454545,0.277778,0.388889,0
Eli Lilly,2021-06,1,@EliLillyandCo,20,0,0.0,0.0,0,0.0,0.0,0.0,0.45,0
Eli Lilly,2021-07,1,@EliLillyandCo,7,0,0.0,0.0,0,0.0,0.0,0.0,0.428571,0
Eli Lilly,2021-08,1,@EliLillyandCo,7,1,0.142857,0.693147,1,0.142857,0.25,0.142857,0.428571,0
Eli Lilly,2021-09,1,@EliLillyandCo,15,1,0.066667,0.693147,1,0.066667,0.076923,0.066667,0.133333,0
Eli Lilly,2021-10,1,@EliLillyandCo,13,1,0.076923,0.693147,1,0.076923,0.125,0.076923,0.384615,0
Eli Lilly,2021-11,1,@EliLillyandCo,2,0,0.0,0.0,0,0.0,0.0,,0.5,1
Eli Lilly,2021-12,1,@EliLillyandCo,12,2,0.166667,1.098612,1,0.166667,0.2,0.166667,0.166667,0
Eli Lilly,2022-01,1,@EliLillyandCo,3,0,0.0,0.0,0,0.0,0.0,,0.666667,1
Eli Lilly,2022-02,1,@EliLillyandCo,10,3,0.3,1.386294,1,0.3,0.75,,0.6,1
Eli Lilly,2022-03,1,@EliLillyandCo,13,3,0.230769,1.386294,1,0.230769,0.375,0.230769,0.384615,0
Eli Lilly,2022-04,1,@EliLillyandCo,6,2,0.333333,1.098612,1,0.333333,0.666667,,0.5,1
Eli Lilly,2022-05,1,@EliLillyandCo,9,1,0.111111,0.693147,1,0.111111,0.25,,0.555556,1
Eli Lilly,2022-06,1,@EliLillyandCo,23,2,0.086957,1.098612,1,0.086957,0.181818,,0.521739,1
Eli Lilly,2022-07,1,@EliLillyandCo,8,1,0.125,0.693147,1,0.125,0.2,0.125,0.375,0
Eli Lilly,2022-08,1,@EliLillyandCo,10,1,0.1,0.693147,1,0.1,0.142857,0.1,0.3,0
Eli Lilly,2022-09,1,@EliLillyandCo,13,2,0.153846,1.098612,1,0.153846,0.222222,0.153846,0.307692,0
Eli Lilly,2022-10,1,@EliLillyandCo,8,1,0.125,0.693147,1,0.125,0.333333,,0.625,1
Eli Lilly,2022-11,1,@EliLillyandCo,4,0,0.0,0.0,0,0.0,0.0,0.0,0.25,0
Eli Lilly,2023-05,1,@EliLillyandCo,2,0,0.0,0.0,0,0.0,,,1.0,1
Eli Lilly,2023-10,1,@EliLillyandCo,1,0,0.0,0.0,0,0.0,0.0,0.0,0.0,0
Eli Lilly,2024-05,1,@EliLillyandCo,1,1,1.0,0.693147,1,1.0,1.0,1.0,0.0,0
Eli Lilly,2024-06,1,@EliLillyandCo,1,0,0.0,0.0,0,0.0,,,1.0,1
Eli Lilly,2024-08,1,@EliLillyandCo,5,2,0.4,1.098612,1,0.4,0.666667,0.4,0.4,0
Eli Lilly,2024-09,1,@EliLillyandCo,7,2,0.285714,1.098612,1,0.285714,1.0,,0.714286,1
Eli Lilly,2024-10,1,@EliLillyandCo,6,0,0.0,0.0,0,0.0,0.0,0.0,0.333333,0
Eli Lilly,2024-11,1,@EliLillyandCo,3,3,1.0,1.386294,1,1.0,1.0,1.0,0.0,0
Eli Lilly,2024-12,1,@EliLillyandCo,7,0,0.0,0.0,0,0.0,0.0,0.0,0.428571,0
Eli Lilly,2025-01,1,@EliLillyandCo,6,2,0.333333,1.098612,1,0.333333,0.666667,,0.5,1
Eli Lilly,2025-02,1,@EliLillyandCo,4,1,0.25,0.693147,1,0.25,0.333333,0.25,0.25,0
Eli Lilly,2025-03,1,@EliLillyandCo,3,0,0.0,0.0,0,0.0,0.0,0.0,0.333333,0
Eli Lilly,2025-04,1,@EliLillyandCo,3,1,0.333333,0.693147,1,0.333333,0.333333,0.333333,0.0,0
Eli Lilly,2025-05,1,@EliLillyandCo,2,1,0.5,0.693147,1,0.5,1.0,,0.5,1
Eli Lilly,2025-06,1,@EliLillyandCo,2,0,0.0,0.0,0,0.0,0.0,,0.5,1
Eli Lilly,2025-07,1,@EliLillyandCo,3,0,0.0,0.0,0,0.0,0.0,0.0,0.333333,0
Eli Lilly,2025-08,1,@EliLillyandCo,4,1,0.25,0.693147,1,0.25,0.333333,0.25,0.25,0
Eli Lilly,2025-09,1,@EliLillyandCo,7,0,0.0,0.0,0,0.0,0.0,0.0,0.285714,0
Eli Lilly,2025-10,1,@EliLillyandCo,13,2,0.153846,1.098612,1,0.153846,0.285714,0.153846,0.461538,0
Eli Lilly,2025-11,1,@EliLillyandCo,7,1,0.142857,0.693147,1,0.142857,0.333333,,0.571429,1
Eli Lilly,2025-12,1,@EliLillyandCo,10,0,0.0,0.0,0,0.0,0.0,,0.5,1
Eli Lilly,2026-01,1,@EliLillyandCo,5,0,0.0,0.0,0,0.0,,,1.0,1
Eli Lilly,2026-02,1,@EliLillyandCo,5,0,0.0,0.0,0,0.0,0.0,0.0,0.4,0
Eli Lilly,2026-03,1,@EliLillyandCo,6,1,0.166667,0.693147,1,0.166667,0.333333,,0.5,1
Eli Lilly,2026-04,1,@EliLillyandCo,5,1,0.2,0.693147,1,0.2,0.2,0.2,0.0,0
Eli Lilly,2026-05,1,@EliLillyandCo,11,0,0.0,0.0,0,0.0,0.0,,0.545455,1
Eli Lilly,2026-06,1,@EliLillyandCo,14,1,0.071429,0.693147,1,0.071429,0.166667,,0.571429,1
Energy Transfer,2025-05,1,@energytransfer,52,10,0.192308,2.397895,1,0.192308,0.357143,0.192308,0.461538,0
Energy Transfer,2025-06,1,@energytransfer,48,11,0.229167,2.484907,1,0.229167,0.323529,0.229167,0.291667,0
Energy Transfer,2025-07,1,@energytransfer,36,7,0.194444,2.079442,1,0.194444,0.368421,0.194444,0.472222,0
Energy Transfer,2025-08,1,@energytransfer,55,11,0.2,2.484907,1,0.2,0.407407,,0.509091,1
Energy Transfer,2025-09,1,@energytransfer,49,10,0.204082,2.397895,1,0.204082,0.416667,,0.510204,1
Energy Transfer,2025-10,1,@energytransfer,79,12,0.151899,2.564949,1,0.151899,0.272727,0.151899,0.443038,0
Energy Transfer,2025-11,1,@energytransfer,65,14,0.215385,2.70805,1,0.215385,0.424242,0.215385,0.492308,0
Energy Transfer,2025-12,1,@energytransfer,42,8,0.190476,2.197225,1,0.190476,0.347826,0.190476,0.452381,0
Energy Transfer,2026-01,1,@energytransfer,32,3,0.09375,1.386294,1,0.09375,0.272727,,0.65625,1
Energy Transfer,2026-02,1,@energytransfer,57,12,0.210526,2.564949,1,0.210526,0.324324,0.210526,0.350877,0
Energy Transfer,2026-03,1,@energytransfer,52,9,0.173077,2.302585,1,0.173077,0.428571,,0.596154,1
Energy Transfer,2026-04,1,@energytransfer,62,14,0.225806,2.70805,1,0.225806,0.368421,0.225806,0.387097,0
Energy Transfer,2026-05,1,@energytransfer,58,7,0.12069,2.079442,1,0.12069,0.35,,0.655172,1
Energy Transfer,2026-06,1,@energytransfer,10,4,0.4,1.609438,1,0.4,0.8,,0.5,1
Enterprise Products Partners,2020-11,1,@EProd_Careers,1,0,0.0,0.0,0,0.0,,,1.0,1
Enterprise Products Partners,2023-07,1,@EProd_Careers,760,2,0.002632,1.098612,1,0.002632,0.004211,0.002632,0.375,0
Exxon Mobil,2019-03,1,@exxonmobil,10,1,0.1,0.693147,1,0.1,0.333333,,0.7,1
Exxon Mobil,2019-04,1,@exxonmobil,10,2,0.2,1.098612,1,0.2,0.5,,0.6,1
Exxon Mobil,2019-05,1,@exxonmobil,26,1,0.038462,0.693147,1,0.038462,0.1,,0.615385,1
Exxon Mobil,2019-06,1,@exxonmobil,14,3,0.214286,1.386294,1,0.214286,0.5,,0.571429,1
Exxon Mobil,2019-07,1,@exxonmobil,7,2,0.285714,1.098612,1,0.285714,0.666667,,0.571429,1
Exxon Mobil,2019-08,1,@exxonmobil,13,3,0.230769,1.386294,1,0.230769,0.333333,0.230769,0.307692,0
Exxon Mobil,2019-09,1,@exxonmobil,10,3,0.3,1.386294,1,0.3,0.5,0.3,0.4,0
Exxon Mobil,2019-10,1,@exxonmobil,9,2,0.222222,1.098612,1,0.222222,0.4,0.222222,0.444444,0
Exxon Mobil,2019-11,1,@exxonmobil,12,1,0.083333,0.693147,1,0.083333,0.142857,0.083333,0.416667,0
Exxon Mobil,2019-12,1,@exxonmobil,9,1,0.111111,0.693147,1,0.111111,0.25,,0.555556,1
Exxon Mobil,2020-01,1,@exxonmobil,15,4,0.266667,1.609438,1,0.266667,0.4,0.266667,0.333333,0
Exxon Mobil,2020-02,1,@exxonmobil,9,1,0.111111,0.693147,1,0.111111,0.333333,,0.666667,1
Exxon Mobil,2020-03,1,@exxonmobil,10,1,0.1,0.693147,1,0.1,0.142857,0.1,0.3,0
Exxon Mobil,2020-04,1,@exxonmobil,22,9,0.409091,2.302585,1,0.409091,0.692308,0.409091,0.409091,0
Exxon Mobil,2020-05,1,@exxonmobil,21,5,0.238095,1.791759,1,0.238095,0.454545,0.238095,0.47619,0
Exxon Mobil,2020-06,1,@exxonmobil,6,4,0.666667,1.609438,1,0.666667,0.8,0.666667,0.166667,0
Exxon Mobil,2020-07,1,@exxonmobil,10,2,0.2,1.098612,1,0.2,0.333333,0.2,0.4,0
Exxon Mobil,2020-08,1,@exxonmobil,8,0,0.0,0.0,0,0.0,0.0,0.0,0.375,0
Exxon Mobil,2020-09,1,@exxonmobil,10,0,0.0,0.0,0,0.0,0.0,,0.8,1
Exxon Mobil,2020-10,1,@exxonmobil,9,3,0.333333,1.386294,1,0.333333,0.6,0.333333,0.444444,0
Exxon Mobil,2020-11,1,@exxonmobil,7,0,0.0,0.0,0,0.0,0.0,0.0,0.142857,0
Exxon Mobil,2020-12,1,@exxonmobil,10,4,0.4,1.609438,1,0.4,0.666667,0.4,0.4,0
Exxon Mobil,2021-01,1,@exxonmobil,3,1,0.333333,0.693147,1,0.333333,0.5,0.333333,0.333333,0
Exxon Mobil,2021-02,1,@exxonmobil,8,2,0.25,1.098612,1,0.25,0.666667,,0.625,1
Exxon Mobil,2021-03,1,@exxonmobil,12,5,0.416667,1.791759,1,0.416667,0.714286,0.416667,0.416667,0
Exxon Mobil,2021-04,1,@exxonmobil,10,3,0.3,1.386294,1,0.3,0.5,0.3,0.4,0
Exxon Mobil,2021-05,1,@exxonmobil,3,1,0.333333,0.693147,1,0.333333,0.5,0.333333,0.333333,0
Exxon Mobil,2021-06,1,@exxonmobil,6,0,0.0,0.0,0,0.0,0.0,,0.5,1
Exxon Mobil,2021-07,1,@exxonmobil,10,5,0.5,1.791759,1,0.5,0.555556,0.5,0.1,0
Exxon Mobil,2021-08,1,@exxonmobil,4,0,0.0,0.0,0,0.0,,,1.0,1
Exxon Mobil,2021-09,1,@exxonmobil,10,2,0.2,1.098612,1,0.2,0.333333,0.2,0.4,0
Exxon Mobil,2021-10,1,@exxonmobil,7,3,0.428571,1.386294,1,0.428571,0.75,0.428571,0.428571,0
Exxon Mobil,2021-11,1,@exxonmobil,11,3,0.272727,1.386294,1,0.272727,0.375,0.272727,0.272727,0
Exxon Mobil,2021-12,1,@exxonmobil,14,2,0.142857,1.098612,1,0.142857,0.4,,0.642857,1
Exxon Mobil,2022-01,1,@exxonmobil,21,3,0.142857,1.386294,1,0.142857,0.3,,0.52381,1
Exxon Mobil,2022-02,1,@exxonmobil,9,0,0.0,0.0,0,0.0,0.0,,0.555556,1
Exxon Mobil,2022-03,1,@exxonmobil,11,1,0.090909,0.693147,1,0.090909,0.25,,0.636364,1
Exxon Mobil,2022-04,1,@exxonmobil,8,1,0.125,0.693147,1,0.125,0.2,0.125,0.375,0
Exxon Mobil,2022-05,1,@exxonmobil,6,1,0.166667,0.693147,1,0.166667,0.25,0.166667,0.333333,0
Exxon Mobil,2022-06,1,@exxonmobil,4,0,0.0,0.0,0,0.0,0.0,,0.75,1
Exxon Mobil,2022-07,1,@exxonmobil,15,1,0.066667,0.693147,1,0.066667,0.166667,,0.6,1
Exxon Mobil,2022-08,1,@exxonmobil,11,2,0.181818,1.098612,1,0.181818,0.4,,0.545455,1
Exxon Mobil,2022-09,1,@exxonmobil,8,1,0.125,0.693147,1,0.125,0.25,,0.5,1
Exxon Mobil,2022-10,1,@exxonmobil,8,2,0.25,1.098612,1,0.25,0.5,,0.5,1
Exxon Mobil,2022-11,1,@exxonmobil,7,1,0.142857,0.693147,1,0.142857,0.333333,,0.571429,1
Exxon Mobil,2022-12,1,@exxonmobil,16,1,0.0625,0.693147,1,0.0625,0.111111,0.0625,0.4375,0
Exxon Mobil,2023-01,1,@exxonmobil,11,1,0.090909,0.693147,1,0.090909,0.2,,0.545455,1
Exxon Mobil,2023-02,1,@exxonmobil,7,1,0.142857,0.693147,1,0.142857,0.25,0.142857,0.428571,0
Exxon Mobil,2023-03,1,@exxonmobil,8,4,0.5,1.609438,1,0.5,0.571429,0.5,0.125,0
Exxon Mobil,2023-04,1,@exxonmobil,11,1,0.090909,0.693147,1,0.090909,0.166667,0.090909,0.454545,0
Exxon Mobil,2023-05,1,@exxonmobil,10,3,0.3,1.386294,1,0.3,0.428571,0.3,0.3,0
Exxon Mobil,2023-06,1,@exxonmobil,8,2,0.25,1.098612,1,0.25,0.333333,0.25,0.25,0
Exxon Mobil,2023-07,1,@exxonmobil,8,1,0.125,0.693147,1,0.125,0.25,,0.5,1
Exxon Mobil,2023-08,1,@exxonmobil,10,2,0.2,1.098612,1,0.2,0.666667,,0.7,1
Exxon Mobil,2023-09,1,@exxonmobil,9,3,0.333333,1.386294,1,0.333333,0.6,0.333333,0.444444,0
Exxon Mobil,2023-10,1,@exxonmobil,11,3,0.272727,1.386294,1,0.272727,0.333333,0.272727,0.181818,0
Exxon Mobil,2023-11,1,@exxonmobil,10,2,0.2,1.098612,1,0.2,0.4,,0.5,1
Fannie Mae,2021-06,1,@fanniemae,11,0,0.0,0.0,0,0.0,0.0,,0.545455,1
Fannie Mae,2021-07,1,@fanniemae,14,1,0.071429,0.693147,1,0.071429,0.125,0.071429,0.428571,0
Fannie Mae,2021-08,1,@fanniemae,15,1,0.066667,0.693147,1,0.066667,0.25,,0.733333,1
Fannie Mae,2021-09,1,@fanniemae,13,3,0.230769,1.386294,1,0.230769,0.375,0.230769,0.384615,0
Fannie Mae,2021-10,1,@fanniemae,9,1,0.111111,0.693147,1,0.111111,0.25,,0.555556,1
Fannie Mae,2021-11,1,@fanniemae,8,2,0.25,1.098612,1,0.25,0.666667,,0.625,1
Fannie Mae,2021-12,1,@fanniemae,13,2,0.153846,1.098612,1,0.153846,0.285714,0.153846,0.461538,0
Fannie Mae,2022-01,1,@fanniemae,9,0,0.0,0.0,0,0.0,0.0,,0.888889,1
Fannie Mae,2022-02,1,@fanniemae,6,1,0.166667,0.693147,1,0.166667,0.25,0.166667,0.333333,0
Fannie Mae,2022-03,1,@fanniemae,5,1,0.2,0.693147,1,0.2,0.5,,0.6,1
Fannie Mae,2022-04,1,@fanniemae,5,0,0.0,0.0,0,0.0,0.0,0.0,0.4,0
Fannie Mae,2022-05,1,@fanniemae,11,0,0.0,0.0,0,0.0,0.0,,0.727273,1
Fannie Mae,2022-06,1,@fanniemae,19,1,0.052632,0.693147,1,0.052632,0.166667,,0.684211,1
Fannie Mae,2022-07,1,@fanniemae,15,2,0.133333,1.098612,1,0.133333,0.25,0.133333,0.466667,0
Fannie Mae,2022-08,1,@fanniemae,10,0,0.0,0.0,0,0.0,0.0,,0.9,1
Fannie Mae,2022-09,1,@fanniemae,13,3,0.230769,1.386294,1,0.230769,0.428571,0.230769,0.461538,0
Fannie Mae,2022-10,1,@fanniemae,12,2,0.166667,1.098612,1,0.166667,0.4,,0.583333,1
Fannie Mae,2022-11,1,@fanniemae,1,0,0.0,0.0,0,0.0,0.0,0.0,0.0,0
Fannie Mae,2023-04,1,@fanniemae,8,2,0.25,1.098612,1,0.25,0.666667,,0.625,1
Fannie Mae,2023-05,1,@fanniemae,4,0,0.0,0.0,0,0.0,0.0,,0.75,1
Fannie Mae,2023-06,1,@fanniemae,11,1,0.090909,0.693147,1,0.090909,0.333333,,0.727273,1
Fannie Mae,2023-07,1,@fanniemae,5,1,0.2,0.693147,1,0.2,0.5,,0.6,1
Fannie Mae,2023-08,1,@fanniemae,7,0,0.0,0.0,0,0.0,0.0,0.0,0.428571,0
Fannie Mae,2023-09,1,@fanniemae,4,1,0.25,0.693147,1,0.25,1.0,,0.75,1
Fannie Mae,2023-10,1,@fanniemae,6,1,0.166667,0.693147,1,0.166667,1.0,,0.833333,1
Fannie Mae,2023-11,1,@fanniemae,9,1,0.111111,0.693147,1,0.111111,0.5,,0.777778,1
Fannie Mae,2023-12,1,@fanniemae,3,0,0.0,0.0,0,0.0,,,1.0,1
Fannie Mae,2024-01,1,@fanniemae,6,1,0.166667,0.693147,1,0.166667,0.25,0.166667,0.333333,0
Fannie Mae,2024-02,1,@fanniemae,4,0,0.0,0.0,0,0.0,0.0,,0.75,1
Fannie Mae,2024-03,1,@fanniemae,2,1,0.5,0.693147,1,0.5,1.0,,0.5,1
Fannie Mae,2024-04,1,@fanniemae,6,2,0.333333,1.098612,1,0.333333,0.666667,,0.5,1
Fannie Mae,2024-05,1,@fanniemae,2,1,0.5,0.693147,1,0.5,0.5,0.5,0.0,0
Fannie Mae,2024-06,1,@fanniemae,2,0,0.0,0.0,0,0.0,,,1.0,1
Fannie Mae,2024-07,1,@fanniemae,4,0,0.0,0.0,0,0.0,0.0,,0.5,1
Fannie Mae,2024-08,1,@fanniemae,3,1,0.333333,0.693147,1,0.333333,1.0,,0.666667,1
Fannie Mae,2024-09,1,@fanniemae,3,0,0.0,0.0,0,0.0,0.0,,0.666667,1
Fannie Mae,2024-10,1,@fanniemae,13,3,0.230769,1.386294,1,0.230769,0.5,,0.538462,1
Fannie Mae,2024-11,1,@fanniemae,2,0,0.0,0.0,0,0.0,,,1.0,1
Fannie Mae,2024-12,1,@fanniemae,2,1,0.5,0.693147,1,0.5,1.0,,0.5,1
Fannie Mae,2025-01,1,@fanniemae,3,0,0.0,0.0,0,0.0,0.0,,0.666667,1
Fannie Mae,2025-02,1,@fanniemae,4,0,0.0,0.0,0,0.0,0.0,0.0,0.25,0
Fannie Mae,2025-03,1,@fanniemae,3,0,0.0,0.0,0,0.0,0.0,,0.666667,1
Fannie Mae,2025-04,1,@fanniemae,7,0,0.0,0.0,0,0.0,0.0,,0.714286,1
Fannie Mae,2025-05,1,@fanniemae,9,0,0.0,0.0,0,0.0,0.0,0.0,0.111111,0
Fannie Mae,2025-06,1,@fanniemae,60,4,0.066667,1.609438,1,0.066667,0.148148,,0.55,1
Fannie Mae,2025-07,1,@fanniemae,40,3,0.075,1.386294,1,0.075,0.157895,,0.525,1
Fannie Mae,2025-08,1,@fanniemae,24,2,0.083333,1.098612,1,0.083333,0.25,,0.666667,1
Fannie Mae,2025-09,1,@fanniemae,23,5,0.217391,1.791759,1,0.217391,0.454545,,0.521739,1
Fannie Mae,2025-10,1,@fanniemae,28,6,0.214286,1.94591,1,0.214286,0.375,0.214286,0.428571,0
Fannie Mae,2025-11,1,@fanniemae,15,1,0.066667,0.693147,1,0.066667,0.333333,,0.8,1
Fannie Mae,2025-12,1,@fanniemae,12,2,0.166667,1.098612,1,0.166667,0.333333,,0.5,1
Fannie Mae,2026-01,1,@fanniemae,16,1,0.0625,0.693147,1,0.0625,0.142857,,0.5625,1
Fannie Mae,2026-02,1,@fanniemae,14,1,0.071429,0.693147,1,0.071429,0.2,,0.642857,1
Fannie Mae,2026-03,1,@fanniemae,13,2,0.153846,1.098612,1,0.153846,0.285714,0.153846,0.461538,0
Fannie Mae,2026-04,1,@fanniemae,15,1,0.066667,0.693147,1,0.066667,0.25,,0.733333,1
Fannie Mae,2026-05,1,@fanniemae,13,3,0.230769,1.386294,1,0.230769,0.5,,0.538462,1
Fannie Mae,2026-06,1,@fanniemae,5,1,0.2,0.693147,1,0.2,0.5,,0.6,1
FedEx,2022-06,1,@fedex,4,0,0.0,0.0,0,0.0,0.0,,0.75,1
FedEx,2022-07,1,@fedex,17,8,0.470588,2.197225,1,0.470588,0.727273,0.470588,0.352941,0
FedEx,2022-08,1,@fedex,25,7,0.28,2.079442,1,0.28,0.466667,0.28,0.4,0
FedEx,2022-09,1,@fedex,24,7,0.291667,2.079442,1,0.291667,0.583333,,0.5,1
FedEx,2022-10,1,@fedex,25,8,0.32,2.197225,1,0.32,0.533333,0.32,0.4,0
FedEx,2022-11,1,@fedex,38,5,0.131579,1.791759,1,0.131579,0.333333,,0.605263,1
FedEx,2022-12,1,@fedex,42,8,0.190476,2.197225,1,0.190476,0.421053,,0.547619,1
FedEx,2023-01,1,@fedex,10,6,0.6,1.94591,1,0.6,1.0,0.6,0.4,0
FedEx,2023-02,1,@fedex,26,2,0.076923,1.098612,1,0.076923,0.2,,0.615385,1
FedEx,2023-03,1,@fedex,16,5,0.3125,1.791759,1,0.3125,0.555556,0.3125,0.4375,0
FedEx,2023-04,1,@fedex,27,5,0.185185,1.791759,1,0.185185,0.5,,0.62963,1
FedEx,2023-05,1,@fedex,23,4,0.173913,1.609438,1,0.173913,0.25,0.173913,0.304348,0
FedEx,2023-06,1,@fedex,22,3,0.136364,1.386294,1,0.136364,0.333333,,0.590909,1
FedEx,2023-07,1,@fedex,13,0,0.0,0.0,0,0.0,0.0,,0.692308,1
FedEx,2023-08,1,@fedex,34,5,0.147059,1.791759,1,0.147059,0.294118,,0.5,1
FedEx,2023-09,1,@fedex,16,10,0.625,2.397895,1,0.625,0.714286,0.625,0.125,0
FedEx,2023-10,1,@fedex,24,6,0.25,1.94591,1,0.25,0.375,0.25,0.333333,0
FedEx,2023-11,1,@fedex,37,12,0.324324,2.564949,1,0.324324,0.521739,0.324324,0.378378,0
FedEx,2023-12,1,@fedex,38,9,0.236842,2.302585,1,0.236842,0.409091,0.236842,0.421053,0
FedEx,2024-01,1,@fedex,21,3,0.142857,1.386294,1,0.142857,0.375,,0.619048,1
FedEx,2024-02,1,@fedex,30,4,0.133333,1.609438,1,0.133333,0.363636,,0.633333,1
FedEx,2024-03,1,@fedex,15,2,0.133333,1.098612,1,0.133333,0.222222,0.133333,0.4,0
FedEx,2024-04,1,@fedex,24,3,0.125,1.386294,1,0.125,0.2,0.125,0.375,0
FedEx,2024-05,1,@fedex,20,3,0.15,1.386294,1,0.15,0.25,0.15,0.4,0
FedEx,2024-06,1,@fedex,13,0,0.0,0.0,0,0.0,0.0,,0.615385,1
FedEx,2024-07,1,@fedex,18,1,0.055556,0.693147,1,0.055556,0.076923,0.055556,0.277778,0
FedEx,2024-08,1,@fedex,29,7,0.241379,2.079442,1,0.241379,0.4375,0.241379,0.448276,0
FedEx,2024-09,1,@fedex,13,4,0.307692,1.609438,1,0.307692,0.4,0.307692,0.230769,0
FedEx,2024-10,1,@fedex,36,13,0.361111,2.639057,1,0.361111,0.684211,0.361111,0.472222,0
FedEx,2024-11,1,@fedex,10,0,0.0,0.0,0,0.0,0.0,,0.5,1
FedEx,2024-12,1,@fedex,10,4,0.4,1.609438,1,0.4,0.8,,0.5,1
FedEx,2025-01,1,@fedex,15,4,0.266667,1.609438,1,0.266667,0.363636,0.266667,0.266667,0
FedEx,2025-02,1,@fedex,28,1,0.035714,0.693147,1,0.035714,0.0625,0.035714,0.428571,0
FedEx,2025-03,1,@fedex,13,0,0.0,0.0,0,0.0,0.0,0.0,0.307692,0
FedEx,2025-04,1,@fedex,11,2,0.181818,1.098612,1,0.181818,0.25,0.181818,0.272727,0
FedEx,2025-05,1,@fedex,5,1,0.2,0.693147,1,0.2,0.333333,0.2,0.4,0
FedEx,2025-06,1,@fedex,6,0,0.0,0.0,0,0.0,0.0,,0.666667,1
FedEx,2025-07,1,@fedex,10,0,0.0,0.0,0,0.0,0.0,,0.7,1
FedEx,2025-08,1,@fedex,23,1,0.043478,0.693147,1,0.043478,0.083333,0.043478,0.478261,0
FedEx,2025-09,1,@fedex,11,2,0.181818,1.098612,1,0.181818,0.5,,0.636364,1
FedEx,2025-10,1,@fedex,12,3,0.25,1.386294,1,0.25,0.375,0.25,0.333333,0
FedEx,2025-11,1,@fedex,10,1,0.1,0.693147,1,0.1,0.2,,0.5,1
FedEx,2025-12,1,@fedex,10,2,0.2,1.098612,1,0.2,0.5,,0.6,1
FedEx,2026-01,1,@fedex,11,0,0.0,0.0,0,0.0,0.0,0.0,0.363636,0
FedEx,2026-02,1,@fedex,6,0,0.0,0.0,0,0.0,0.0,,0.5,1
FedEx,2026-03,1,@fedex,3,1,0.333333,0.693147,1,0.333333,0.333333,0.333333,0.0,0
FedEx,2026-04,1,@fedex,7,0,0.0,0.0,0,0.0,0.0,0.0,0.142857,0
FedEx,2026-05,1,@fedex,1,0,0.0,0.0,0,0.0,,,1.0,1
Ford Motor,2021-10,1,@Ford,1,0,0.0,0.0,0,0.0,0.0,0.0,0.0,0
Ford Motor,2022-04,1,@Ford,30,6,0.2,1.94591,1,0.2,0.461538,,0.566667,1
Ford Motor,2022-05,1,@Ford,27,4,0.148148,1.609438,1,0.148148,0.363636,,0.592593,1
Ford Motor,2022-06,1,@Ford,27,5,0.185185,1.791759,1,0.185185,0.454545,,0.592593,1
Ford Motor,2022-07,1,@Ford,27,4,0.148148,1.609438,1,0.148148,0.333333,,0.555556,1
Ford Motor,2022-08,1,@Ford,32,7,0.21875,2.079442,1,0.21875,0.5,,0.5625,1
Ford Motor,2022-09,1,@Ford,81,12,0.148148,2.564949,1,0.148148,0.352941,,0.580247,1
Ford Motor,2022-10,1,@Ford,52,6,0.115385,1.94591,1,0.115385,0.214286,0.115385,0.461538,0
Ford Motor,2022-11,1,@Ford,61,7,0.114754,2.079442,1,0.114754,0.269231,,0.57377,1
Ford Motor,2022-12,1,@Ford,56,10,0.178571,2.397895,1,0.178571,0.344828,0.178571,0.482143,0
Ford Motor,2023-01,1,@Ford,42,2,0.047619,1.098612,1,0.047619,0.133333,,0.642857,1
Ford Motor,2023-02,1,@Ford,71,8,0.112676,2.197225,1,0.112676,0.242424,,0.535211,1
Ford Motor,2023-03,1,@Ford,62,8,0.129032,2.197225,1,0.129032,0.275862,,0.532258,1
Ford Motor,2023-04,1,@Ford,50,7,0.14,2.079442,1,0.14,0.411765,,0.66,1
Ford Motor,2023-05,1,@Ford,35,8,0.228571,2.197225,1,0.228571,0.533333,,0.571429,1
Ford Motor,2023-06,1,@Ford,33,7,0.212121,2.079442,1,0.212121,0.388889,0.212121,0.454545,0
Ford Motor,2023-07,1,@Ford,13,1,0.076923,0.693147,1,0.076923,0.333333,,0.769231,1
Ford Motor,2023-08,1,@Ford,25,3,0.12,1.386294,1,0.12,0.214286,0.12,0.44,0
Ford Motor,2023-09,1,@Ford,16,1,0.0625,0.693147,1,0.0625,0.25,,0.75,1
Ford Motor,2023-10,1,@Ford,15,1,0.066667,0.693147,1,0.066667,0.333333,,0.8,1
Ford Motor,2023-11,1,@Ford,19,1,0.052632,0.693147,1,0.052632,0.166667,,0.684211,1
Ford Motor,2023-12,1,@Ford,12,2,0.166667,1.098612,1,0.166667,0.4,,0.583333,1
Ford Motor,2024-01,1,@Ford,24,4,0.166667,1.609438,1,0.166667,0.266667,0.166667,0.375,0
Ford Motor,2024-02,1,@Ford,18,4,0.222222,1.609438,1,0.222222,0.307692,0.222222,0.277778,0
Ford Motor,2024-03,1,@Ford,15,1,0.066667,0.693147,1,0.066667,0.2,,0.666667,1
Ford Motor,2024-04,1,@Ford,21,3,0.142857,1.386294,1,0.142857,0.333333,,0.571429,1
Ford Motor,2024-05,1,@Ford,27,4,0.148148,1.609438,1,0.148148,0.25,0.148148,0.407407,0
Ford Motor,2024-06,1,@Ford,37,4,0.108108,1.609438,1,0.108108,0.222222,,0.513514,1
Ford Motor,2024-07,1,@Ford,11,2,0.181818,1.098612,1,0.181818,0.4,,0.545455,1
Ford Motor,2024-08,1,@Ford,14,1,0.071429,0.693147,1,0.071429,0.5,,0.857143,1
Ford Motor,2024-09,1,@Ford,23,0,0.0,0.0,0,0.0,0.0,,0.695652,1
Ford Motor,2024-10,1,@Ford,10,1,0.1,0.693147,1,0.1,1.0,,0.9,1
Ford Motor,2024-11,1,@Ford,5,2,0.4,1.098612,1,0.4,1.0,,0.6,1
Ford Motor,2024-12,1,@Ford,5,1,0.2,0.693147,1,0.2,0.333333,0.2,0.4,0
Ford Motor,2025-01,1,@Ford,1,0,0.0,0.0,0,0.0,0.0,0.0,0.0,0
Ford Motor,2025-02,1,@Ford,4,1,0.25,0.693147,1,0.25,0.333333,0.25,0.25,0
Ford Motor,2025-03,1,@Ford,12,1,0.083333,0.693147,1,0.083333,0.25,,0.666667,1
Ford Motor,2025-04,1,@Ford,5,1,0.2,0.693147,1,0.2,1.0,,0.8,1
Ford Motor,2025-05,1,@Ford,17,5,0.294118,1.791759,1,0.294118,0.454545,0.294118,0.352941,0
Ford Motor,2025-06,1,@Ford,13,3,0.230769,1.386294,1,0.230769,0.375,0.230769,0.384615,0
Ford Motor,2025-07,1,@Ford,10,0,0.0,0.0,0,0.0,0.0,,0.6,1
Ford Motor,2025-08,1,@Ford,8,0,0.0,0.0,0,0.0,0.0,0.0,0.25,0
Ford Motor,2025-09,1,@Ford,4,0,0.0,0.0,0,0.0,0.0,0.0,0.25,0
Ford Motor,2025-10,1,@Ford,7,1,0.142857,0.693147,1,0.142857,0.25,0.142857,0.428571,0
Ford Motor,2025-11,1,@Ford,5,0,0.0,0.0,0,0.0,0.0,,0.6,1
Ford Motor,2025-12,1,@Ford,2,2,1.0,1.098612,1,1.0,1.0,1.0,0.0,0
Ford Motor,2026-01,1,@Ford,12,3,0.25,1.386294,1,0.25,0.6,,0.583333,1
Ford Motor,2026-02,1,@Ford,6,0,0.0,0.0,0,0.0,0.0,,0.666667,1
Ford Motor,2026-03,1,@Ford,11,4,0.363636,1.609438,1,0.363636,0.8,,0.545455,1
Ford Motor,2026-04,1,@Ford,16,3,0.1875,1.386294,1,0.1875,0.375,,0.5,1
Ford Motor,2026-05,1,@Ford,15,3,0.2,1.386294,1,0.2,0.333333,0.2,0.4,0
Ford Motor,2026-06,1,@Ford,1,0,0.0,0.0,0,0.0,,,1.0,1
Freddie Mac,2025-07,1,@FreddieMac,20,3,0.15,1.386294,1,0.15,0.3,,0.5,1
Freddie Mac,2025-08,1,@FreddieMac,26,3,0.115385,1.386294,1,0.115385,0.1875,0.115385,0.384615,0
Freddie Mac,2025-09,1,@FreddieMac,27,6,0.222222,1.94591,1,0.222222,0.428571,0.222222,0.481481,0
Freddie Mac,2025-10,1,@FreddieMac,22,3,0.136364,1.386294,1,0.136364,0.1875,0.136364,0.272727,0
Freddie Mac,2025-11,1,@FreddieMac,18,2,0.111111,1.098612,1,0.111111,0.166667,0.111111,0.333333,0
Freddie Mac,2025-12,1,@FreddieMac,14,2,0.142857,1.098612,1,0.142857,0.181818,0.142857,0.214286,0
Freddie Mac,2026-01,1,@FreddieMac,13,1,0.076923,0.693147,1,0.076923,0.142857,0.076923,0.461538,0
Freddie Mac,2026-02,1,@FreddieMac,18,3,0.166667,1.386294,1,0.166667,0.25,0.166667,0.333333,0
Freddie Mac,2026-03,1,@FreddieMac,15,1,0.066667,0.693147,1,0.066667,0.166667,,0.6,1
Freddie Mac,2026-04,1,@FreddieMac,16,3,0.1875,1.386294,1,0.1875,0.25,0.1875,0.25,0
Freddie Mac,2026-05,1,@FreddieMac,19,1,0.052632,0.693147,1,0.052632,0.090909,0.052632,0.421053,0
Freddie Mac,2026-06,1,@FreddieMac,8,3,0.375,1.386294,1,0.375,0.6,0.375,0.375,0
Galaxy Digital,2017-10,1,@galaxydigital,4,0,0.0,0.0,0,0.0,0.0,,0.5,1
Galaxy Digital,2017-11,1,@galaxydigital,9,3,0.333333,1.386294,1,0.333333,0.428571,0.333333,0.222222,0
Galaxy Digital,2017-12,1,@galaxydigital,1,0,0.0,0.0,0,0.0,0.0,0.0,0.0,0
Galaxy Digital,2018-01,1,@galaxydigital,3,1,0.333333,0.693147,1,0.333333,0.333333,0.333333,0.0,0
Galaxy Digital,2018-02,1,@galaxydigital,2,0,0.0,0.0,0,0.0,0.0,0.0,0.0,0
Galaxy Digital,2018-03,1,@galaxydigital,1,0,0.0,0.0,0,0.0,0.0,0.0,0.0,0
Galaxy Digital,2018-06,1,@galaxydigital,3,0,0.0,0.0,0,0.0,0.0,,0.666667,1
Galaxy Digital,2018-07,1,@galaxydigital,6,0,0.0,0.0,0,0.0,0.0,,0.5,1
Galaxy Digital,2018-08,1,@galaxydigital,16,1,0.0625,0.693147,1,0.0625,0.166667,,0.625,1
Galaxy Digital,2018-09,1,@galaxydigital,28,2,0.071429,1.098612,1,0.071429,0.166667,,0.571429,1
Galaxy Digital,2018-10,1,@galaxydigital,21,3,0.142857,1.386294,1,0.142857,0.428571,,0.666667,1
Galaxy Digital,2018-11,1,@galaxydigital,12,0,0.0,0.0,0,0.0,0.0,0.0,0.333333,0
Galaxy Digital,2018-12,1,@galaxydigital,5,0,0.0,0.0,0,0.0,0.0,,0.6,1
Galaxy Digital,2019-01,1,@galaxydigital,10,1,0.1,0.693147,1,0.1,0.25,,0.6,1
Galaxy Digital,2019-02,1,@galaxydigital,4,1,0.25,0.693147,1,0.25,0.5,,0.5,1
Galaxy Digital,2019-03,1,@galaxydigital,8,0,0.0,0.0,0,0.0,0.0,,0.5,1
Galaxy Digital,2019-04,1,@galaxydigital,2,0,0.0,0.0,0,0.0,,,1.0,1
Galaxy Digital,2019-06,1,@galaxydigital,2,0,0.0,0.0,0,0.0,0.0,0.0,0.0,0
General Dynamics,2022-01,1,@generaldynamics,33,6,0.181818,1.94591,1,0.181818,0.428571,,0.575758,1
General Dynamics,2022-02,1,@generaldynamics,53,6,0.113208,1.94591,1,0.113208,0.222222,0.113208,0.490566,0
General Dynamics,2022-03,1,@generaldynamics,63,7,0.111111,2.079442,1,0.111111,0.35,,0.68254,1
General Dynamics,2022-04,1,@generaldynamics,147,18,0.122449,2.944439,1,0.122449,0.268657,,0.544218,1
General Dynamics,2022-05,1,@generaldynamics,154,18,0.116883,2.944439,1,0.116883,0.236842,,0.506494,1
General Dynamics,2022-06,1,@generaldynamics,106,14,0.132075,2.70805,1,0.132075,0.233333,0.132075,0.433962,0
General Dynamics,2022-07,1,@generaldynamics,95,16,0.168421,2.833213,1,0.168421,0.390244,,0.568421,1
General Dynamics,2022-08,1,@generaldynamics,106,9,0.084906,2.302585,1,0.084906,0.2,,0.575472,1
General Dynamics,2022-09,1,@generaldynamics,113,9,0.079646,2.302585,1,0.079646,0.166667,,0.522124,1
General Dynamics,2022-10,1,@generaldynamics,171,36,0.210526,3.610918,1,0.210526,0.413793,0.210526,0.491228,0
General Dynamics,2022-11,1,@generaldynamics,141,26,0.184397,3.295837,1,0.184397,0.38806,,0.524823,1
General Dynamics,2022-12,1,@generaldynamics,52,11,0.211538,2.484907,1,0.211538,0.354839,0.211538,0.403846,0
General Dynamics,2023-01,1,@generaldynamics,9,0,0.0,0.0,0,0.0,0.0,0.0,0.333333,0
General Dynamics,2023-02,1,@generaldynamics,7,2,0.285714,1.098612,1,0.285714,0.5,0.285714,0.428571,0
General Dynamics,2023-03,1,@generaldynamics,18,6,0.333333,1.94591,1,0.333333,0.75,,0.555556,1
General Dynamics,2023-04,1,@generaldynamics,8,0,0.0,0.0,0,0.0,0.0,0.0,0.375,0
General Dynamics,2023-05,1,@generaldynamics,16,2,0.125,1.098612,1,0.125,0.5,,0.75,1
General Dynamics,2023-06,1,@generaldynamics,20,5,0.25,1.791759,1,0.25,0.5,,0.5,1
General Dynamics,2023-07,1,@generaldynamics,8,1,0.125,0.693147,1,0.125,0.25,,0.5,1
General Dynamics,2023-08,1,@generaldynamics,15,2,0.133333,1.098612,1,0.133333,0.285714,,0.533333,1
General Dynamics,2023-09,1,@generaldynamics,8,1,0.125,0.693147,1,0.125,0.333333,,0.625,1
General Dynamics,2023-10,1,@generaldynamics,10,3,0.3,1.386294,1,0.3,0.5,0.3,0.4,0
General Dynamics,2023-11,1,@generaldynamics,2,1,0.5,0.693147,1,0.5,1.0,,0.5,1
General Dynamics,2023-12,1,@generaldynamics,5,1,0.2,0.693147,1,0.2,0.5,,0.6,1
General Dynamics,2024-01,1,@generaldynamics,6,0,0.0,0.0,0,0.0,0.0,0.0,0.333333,0
General Dynamics,2024-02,1,@generaldynamics,6,2,0.333333,1.098612,1,0.333333,0.5,0.333333,0.333333,0
General Dynamics,2024-03,1,@generaldynamics,10,1,0.1,0.693147,1,0.1,0.125,0.1,0.2,0
General Dynamics,2024-04,1,@generaldynamics,12,1,0.083333,0.693147,1,0.083333,0.125,0.083333,0.333333,0
General Dynamics,2024-05,1,@generaldynamics,10,1,0.1,0.693147,1,0.1,0.5,,0.8,1
General Dynamics,2024-06,1,@generaldynamics,8,0,0.0,0.0,0,0.0,0.0,,0.625,1
General Dynamics,2024-07,1,@generaldynamics,4,0,0.0,0.0,0,0.0,0.0,0.0,0.0,0
General Dynamics,2024-08,1,@generaldynamics,1,0,0.0,0.0,0,0.0,0.0,0.0,0.0,0
General Dynamics,2024-10,1,@generaldynamics,16,2,0.125,1.098612,1,0.125,0.222222,0.125,0.4375,0
General Dynamics,2024-11,1,@generaldynamics,1,0,0.0,0.0,0,0.0,,,1.0,1
General Dynamics,2024-12,1,@generaldynamics,6,1,0.166667,0.693147,1,0.166667,1.0,,0.833333,1
General Dynamics,2025-01,1,@generaldynamics,8,2,0.25,1.098612,1,0.25,0.5,,0.5,1
General Dynamics,2025-04,1,@generaldynamics,2,0,0.0,0.0,0,0.0,0.0,0.0,0.0,0
General Dynamics,2025-06,1,@generaldynamics,1,0,0.0,0.0,0,0.0,0.0,0.0,0.0,0
General Dynamics,2025-07,1,@generaldynamics,2,0,0.0,0.0,0,0.0,0.0,0.0,0.0,0
General Dynamics,2025-08,1,@generaldynamics,3,0,0.0,0.0,0,0.0,0.0,0.0,0.333333,0
General Dynamics,2025-09,1,@generaldynamics,10,0,0.0,0.0,0,0.0,0.0,0.0,0.4,0
General Dynamics,2025-10,1,@generaldynamics,2,0,0.0,0.0,0,0.0,0.0,0.0,0.0,0
General Dynamics,2025-12,1,@generaldynamics,2,0,0.0,0.0,0,0.0,0.0,,0.5,1
General Dynamics,2026-01,1,@generaldynamics,2,0,0.0,0.0,0,0.0,0.0,0.0,0.0,0
General Dynamics,2026-04,1,@generaldynamics,8,1,0.125,0.693147,1,0.125,0.25,,0.5,1
General Dynamics,2026-05,1,@generaldynamics,10,3,0.3,1.386294,1,0.3,0.428571,0.3,0.3,0
General Dynamics,2026-06,1,@generaldynamics,3,0,0.0,0.0,0,0.0,0.0,0.0,0.333333,0
General Motors,2021-03,1,@GM,23,4,0.173913,1.609438,1,0.173913,0.5,,0.652174,1
General Motors,2021-04,1,@GM,45,13,0.288889,2.639057,1,0.288889,0.764706,,0.622222,1
General Motors,2021-05,1,@GM,27,3,0.111111,1.386294,1,0.111111,0.333333,,0.666667,1
General Motors,2021-06,1,@GM,35,8,0.228571,2.197225,1,0.228571,0.421053,0.228571,0.457143,0
General Motors,2021-07,1,@GM,25,7,0.28,2.079442,1,0.28,0.538462,0.28,0.48,0
General Motors,2021-08,1,@GM,26,1,0.038462,0.693147,1,0.038462,0.142857,,0.730769,1
General Motors,2021-09,1,@GM,35,7,0.2,2.079442,1,0.2,0.388889,0.2,0.485714,0
General Motors,2021-10,1,@GM,34,4,0.117647,1.609438,1,0.117647,0.2,0.117647,0.411765,0
General Motors,2021-11,1,@GM,26,3,0.115385,1.386294,1,0.115385,0.2,0.115385,0.423077,0
General Motors,2021-12,1,@GM,31,9,0.290323,2.302585,1,0.290323,0.5,0.290323,0.419355,0
General Motors,2022-01,1,@GM,47,8,0.170213,2.197225,1,0.170213,0.444444,,0.617021,1
General Motors,2022-02,1,@GM,17,1,0.058824,0.693147,1,0.058824,0.142857,,0.588235,1
General Motors,2022-03,1,@GM,29,2,0.068966,1.098612,1,0.068966,0.166667,,0.586207,1
General Motors,2022-04,1,@GM,32,4,0.125,1.609438,1,0.125,0.266667,,0.53125,1
General Motors,2022-05,1,@GM,32,3,0.09375,1.386294,1,0.09375,0.176471,0.09375,0.46875,0
General Motors,2022-06,1,@GM,40,7,0.175,2.079442,1,0.175,0.388889,,0.55,1
General Motors,2022-07,1,@GM,37,5,0.135135,1.791759,1,0.135135,0.208333,0.135135,0.351351,0
General Motors,2022-08,1,@GM,40,5,0.125,1.791759,1,0.125,0.277778,,0.55,1
General Motors,2022-09,1,@GM,41,5,0.121951,1.791759,1,0.121951,0.277778,,0.560976,1
General Motors,2022-10,1,@GM,28,2,0.071429,1.098612,1,0.071429,0.117647,0.071429,0.392857,0
General Motors,2023-06,1,@GM,7,2,0.285714,1.098612,1,0.285714,0.666667,,0.571429,1
General Motors,2023-07,1,@GM,3,0,0.0,0.0,0,0.0,0.0,0.0,0.0,0
General Motors,2023-09,1,@GM,7,0,0.0,0.0,0,0.0,0.0,,0.571429,1
General Motors,2023-11,1,@GM,2,0,0.0,0.0,0,0.0,0.0,,0.5,1
General Motors,2024-01,1,@GM,2,0,0.0,0.0,0,0.0,0.0,,0.5,1
General Motors,2024-02,1,@GM,3,0,0.0,0.0,0,0.0,0.0,0.0,0.0,0
General Motors,2024-05,1,@GM,4,2,0.5,1.098612,1,0.5,0.666667,0.5,0.25,0
General Motors,2024-06,1,@GM,2,0,0.0,0.0,0,0.0,0.0,0.0,0.0,0
General Motors,2024-07,1,@GM,2,0,0.0,0.0,0,0.0,0.0,,0.5,1
General Motors,2024-09,1,@GM,5,0,0.0,0.0,0,0.0,,,1.0,1
General Motors,2024-10,1,@GM,4,1,0.25,0.693147,1,0.25,1.0,,0.75,1
General Motors,2025-01,1,@GM,3,1,0.333333,0.693147,1,0.333333,1.0,,0.666667,1
Goldman Sachs Group,2023-08,1,@GoldmanSachs,5,0,0.0,0.0,0,0.0,0.0,,0.8,1
Goldman Sachs Group,2023-09,1,@GoldmanSachs,43,3,0.069767,1.386294,1,0.069767,0.142857,,0.511628,1
Goldman Sachs Group,2023-10,1,@GoldmanSachs,50,2,0.04,1.098612,1,0.04,0.076923,0.04,0.48,0
Goldman Sachs Group,2023-11,1,@GoldmanSachs,41,2,0.04878,1.098612,1,0.04878,0.153846,,0.682927,1
Goldman Sachs Group,2023-12,1,@GoldmanSachs,35,2,0.057143,1.098612,1,0.057143,0.166667,,0.657143,1
Goldman Sachs Group,2024-01,1,@GoldmanSachs,56,7,0.125,2.079442,1,0.125,0.241379,0.125,0.482143,0
Goldman Sachs Group,2024-02,1,@GoldmanSachs,44,7,0.159091,2.079442,1,0.159091,0.291667,0.159091,0.454545,0
Goldman Sachs Group,2024-03,1,@GoldmanSachs,38,6,0.157895,1.94591,1,0.157895,0.26087,0.157895,0.394737,0
Goldman Sachs Group,2024-04,1,@GoldmanSachs,35,3,0.085714,1.386294,1,0.085714,0.15,0.085714,0.428571,0
Goldman Sachs Group,2024-05,1,@GoldmanSachs,51,7,0.137255,2.079442,1,0.137255,0.25,0.137255,0.45098,0
Goldman Sachs Group,2024-06,1,@GoldmanSachs,37,3,0.081081,1.386294,1,0.081081,0.115385,0.081081,0.297297,0
Goldman Sachs Group,2024-07,1,@GoldmanSachs,33,3,0.090909,1.386294,1,0.090909,0.166667,0.090909,0.454545,0
Goldman Sachs Group,2024-08,1,@GoldmanSachs,19,1,0.052632,0.693147,1,0.052632,0.1,0.052632,0.473684,0
Goldman Sachs Group,2024-09,1,@GoldmanSachs,28,4,0.142857,1.609438,1,0.142857,0.307692,,0.535714,1
Goldman Sachs Group,2024-10,1,@GoldmanSachs,29,1,0.034483,0.693147,1,0.034483,0.058824,0.034483,0.413793,0
Goldman Sachs Group,2024-11,1,@GoldmanSachs,24,4,0.166667,1.609438,1,0.166667,0.4,,0.583333,1
Goldman Sachs Group,2024-12,1,@GoldmanSachs,6,4,0.666667,1.609438,1,0.666667,0.8,0.666667,0.166667,0
Goldman Sachs Group,2025-01,1,@GoldmanSachs,14,0,0.0,0.0,0,0.0,0.0,0.0,0.428571,0
Goldman Sachs Group,2025-02,1,@GoldmanSachs,26,1,0.038462,0.693147,1,0.038462,0.1,,0.615385,1
Goldman Sachs Group,2025-03,1,@GoldmanSachs,20,4,0.2,1.609438,1,0.2,0.363636,0.2,0.45,0
Goldman Sachs Group,2025-04,1,@GoldmanSachs,22,4,0.181818,1.609438,1,0.181818,0.333333,0.181818,0.454545,0
Goldman Sachs Group,2025-05,1,@GoldmanSachs,26,4,0.153846,1.609438,1,0.153846,0.333333,,0.538462,1
Goldman Sachs Group,2025-06,1,@GoldmanSachs,23,1,0.043478,0.693147,1,0.043478,0.125,,0.652174,1
Goldman Sachs Group,2025-07,1,@GoldmanSachs,31,4,0.129032,1.609438,1,0.129032,0.210526,0.129032,0.387097,0
Goldman Sachs Group,2025-08,1,@GoldmanSachs,16,4,0.25,1.609438,1,0.25,0.363636,0.25,0.3125,0
Goldman Sachs Group,2025-09,1,@GoldmanSachs,29,2,0.068966,1.098612,1,0.068966,0.153846,,0.551724,1
Goldman Sachs Group,2025-10,1,@GoldmanSachs,42,6,0.142857,1.94591,1,0.142857,0.214286,0.142857,0.333333,0
Goldman Sachs Group,2025-11,1,@GoldmanSachs,23,4,0.173913,1.609438,1,0.173913,0.333333,0.173913,0.478261,0
Goldman Sachs Group,2025-12,1,@GoldmanSachs,27,3,0.111111,1.386294,1,0.111111,0.375,,0.703704,1
Goldman Sachs Group,2026-01,1,@GoldmanSachs,32,1,0.03125,0.693147,1,0.03125,0.071429,,0.5625,1
Goldman Sachs Group,2026-02,1,@GoldmanSachs,5,0,0.0,0.0,0,0.0,0.0,,0.8,1
Goldman Sachs Group,2026-03,1,@GoldmanSachs,28,5,0.178571,1.791759,1,0.178571,0.263158,0.178571,0.321429,0
Goldman Sachs Group,2026-04,1,@GoldmanSachs,36,3,0.083333,1.386294,1,0.083333,0.157895,0.083333,0.472222,0
Goldman Sachs Group,2026-05,1,@GoldmanSachs,26,2,0.076923,1.098612,1,0.076923,0.222222,,0.653846,1
Goldman Sachs Group,2026-06,1,@GoldmanSachs,12,1,0.083333,0.693147,1,0.083333,0.166667,,0.5,1
HCA Healthcare,2023-12,1,@hcahealthcare,27,0,0.0,0.0,0,0.0,0.0,,0.592593,1
HCA Healthcare,2024-01,1,@hcahealthcare,24,6,0.25,1.94591,1,0.25,0.545455,,0.541667,1
HCA Healthcare,2024-02,1,@hcahealthcare,29,3,0.103448,1.386294,1,0.103448,0.176471,0.103448,0.413793,0
HCA Healthcare,2024-03,1,@hcahealthcare,25,4,0.16,1.609438,1,0.16,0.266667,0.16,0.4,0
HCA Healthcare,2024-04,1,@hcahealthcare,19,1,0.052632,0.693147,1,0.052632,0.125,,0.578947,1
HCA Healthcare,2024-05,1,@hcahealthcare,35,4,0.114286,1.609438,1,0.114286,0.285714,,0.6,1
HCA Healthcare,2024-06,1,@hcahealthcare,20,0,0.0,0.0,0,0.0,0.0,,0.6,1
HCA Healthcare,2024-07,1,@hcahealthcare,26,5,0.192308,1.791759,1,0.192308,0.333333,0.192308,0.423077,0
HCA Healthcare,2024-08,1,@hcahealthcare,18,3,0.166667,1.386294,1,0.166667,0.25,0.166667,0.333333,0
HCA Healthcare,2024-09,1,@hcahealthcare,22,4,0.181818,1.609438,1,0.181818,0.333333,0.181818,0.454545,0
HCA Healthcare,2024-10,1,@hcahealthcare,29,2,0.068966,1.098612,1,0.068966,0.133333,0.068966,0.482759,0
HCA Healthcare,2024-11,1,@hcahealthcare,23,3,0.130435,1.386294,1,0.130435,0.214286,0.130435,0.391304,0
HCA Healthcare,2024-12,1,@hcahealthcare,20,4,0.2,1.609438,1,0.2,0.4,,0.5,1
HCA Healthcare,2025-01,1,@hcahealthcare,18,2,0.111111,1.098612,1,0.111111,0.166667,0.111111,0.333333,0
HCA Healthcare,2025-02,1,@hcahealthcare,18,0,0.0,0.0,0,0.0,0.0,,0.611111,1
HCA Healthcare,2025-03,1,@hcahealthcare,18,5,0.277778,1.791759,1,0.277778,0.333333,0.277778,0.166667,0
HCA Healthcare,2025-04,1,@hcahealthcare,14,2,0.142857,1.098612,1,0.142857,0.285714,,0.5,1
HCA Healthcare,2025-05,1,@hcahealthcare,28,6,0.214286,1.94591,1,0.214286,0.315789,0.214286,0.321429,0
HCA Healthcare,2025-06,1,@hcahealthcare,17,2,0.117647,1.098612,1,0.117647,0.333333,,0.647059,1
HCA Healthcare,2025-07,1,@hcahealthcare,17,2,0.117647,1.098612,1,0.117647,0.222222,0.117647,0.470588,0
HCA Healthcare,2025-08,1,@hcahealthcare,4,1,0.25,0.693147,1,0.25,0.5,,0.5,1
HCA Healthcare,2025-11,1,@hcahealthcare,14,0,0.0,0.0,0,0.0,0.0,0.0,0.285714,0
HCA Healthcare,2025-12,1,@hcahealthcare,21,1,0.047619,0.693147,1,0.047619,0.125,,0.619048,1
HCA Healthcare,2026-01,1,@hcahealthcare,18,2,0.111111,1.098612,1,0.111111,0.166667,0.111111,0.333333,0
HCA Healthcare,2026-02,1,@hcahealthcare,13,0,0.0,0.0,0,0.0,0.0,0.0,0.230769,0
HCA Healthcare,2026-03,1,@hcahealthcare,13,0,0.0,0.0,0,0.0,0.0,,0.538462,1
HCA Healthcare,2026-04,1,@hcahealthcare,18,1,0.055556,0.693147,1,0.055556,0.090909,0.055556,0.388889,0
HCA Healthcare,2026-05,1,@hcahealthcare,26,0,0.0,0.0,0,0.0,0.0,,0.576923,1
HCA Healthcare,2026-06,1,@hcahealthcare,10,1,0.1,0.693147,1,0.1,0.166667,0.1,0.4,0
HP,2022-09,1,@hp,9,2,0.222222,1.098612,1,0.222222,0.4,0.222222,0.444444,0
HP,2022-10,1,@hp,13,2,0.153846,1.098612,1,0.153846,0.333333,,0.538462,1
HP,2022-11,1,@hp,11,3,0.272727,1.386294,1,0.272727,0.6,,0.545455,1
HP,2022-12,1,@hp,7,2,0.285714,1.098612,1,0.285714,1.0,,0.714286,1
HP,2023-01,1,@hp,23,3,0.130435,1.386294,1,0.130435,0.375,,0.652174,1
HP,2023-02,1,@hp,10,2,0.2,1.098612,1,0.2,0.666667,,0.7,1
HP,2023-03,1,@hp,17,3,0.176471,1.386294,1,0.176471,0.428571,,0.588235,1
HP,2023-04,1,@hp,16,4,0.25,1.609438,1,0.25,0.444444,0.25,0.4375,0
HP,2023-05,1,@hp,14,3,0.214286,1.386294,1,0.214286,0.5,,0.571429,1
HP,2023-06,1,@hp,19,2,0.105263,1.098612,1,0.105263,0.25,,0.578947,1
HP,2023-07,1,@hp,10,0,0.0,0.0,0,0.0,0.0,,0.9,1
HP,2023-08,1,@hp,15,4,0.266667,1.609438,1,0.266667,0.5,0.266667,0.466667,0
HP,2023-09,1,@hp,17,4,0.235294,1.609438,1,0.235294,0.444444,0.235294,0.470588,0
HP,2023-10,1,@hp,16,4,0.25,1.609438,1,0.25,0.571429,,0.5625,1
HP,2023-11,1,@hp,14,3,0.214286,1.386294,1,0.214286,0.428571,,0.5,1
HP,2023-12,1,@hp,12,3,0.25,1.386294,1,0.25,0.5,,0.5,1
HP,2024-01,1,@hp,9,1,0.111111,0.693147,1,0.111111,0.166667,0.111111,0.333333,0
HP,2024-02,1,@hp,11,2,0.181818,1.098612,1,0.181818,0.4,,0.545455,1
HP,2024-03,1,@hp,14,3,0.214286,1.386294,1,0.214286,0.333333,0.214286,0.357143,0
HP,2024-04,1,@hp,6,2,0.333333,1.098612,1,0.333333,0.666667,,0.5,1
HP,2024-05,1,@hp,20,6,0.3,1.94591,1,0.3,0.428571,0.3,0.3,0
HP,2024-06,1,@hp,12,3,0.25,1.386294,1,0.25,0.5,,0.5,1
HP,2024-07,1,@hp,10,1,0.1,0.693147,1,0.1,0.2,,0.5,1
HP,2024-08,1,@hp,3,1,0.333333,0.693147,1,0.333333,1.0,,0.666667,1
HP,2024-09,1,@hp,10,1,0.1,0.693147,1,0.1,0.142857,0.1,0.3,0
HP,2024-10,1,@hp,5,1,0.2,0.693147,1,0.2,0.5,,0.6,1
HP,2024-11,1,@hp,2,0,0.0,0.0,0,0.0,0.0,,0.5,1
HP,2024-12,1,@hp,5,0,0.0,0.0,0,0.0,0.0,,0.8,1
HP,2025-01,1,@hp,3,2,0.666667,1.098612,1,0.666667,1.0,0.666667,0.333333,0
HP,2025-03,1,@hp,16,3,0.1875,1.386294,1,0.1875,1.0,,0.8125,1
HP,2025-04,1,@hp,5,2,0.4,1.098612,1,0.4,1.0,,0.6,1
HP,2025-05,1,@hp,2,1,0.5,0.693147,1,0.5,1.0,,0.5,1
HP,2025-06,1,@hp,3,1,0.333333,0.693147,1,0.333333,0.5,0.333333,0.333333,0
HP,2025-07,1,@hp,1,1,1.0,0.693147,1,1.0,1.0,1.0,0.0,0
HP,2025-10,1,@hp,6,1,0.166667,0.693147,1,0.166667,0.25,0.166667,0.333333,0
HP,2025-12,1,@hp,1,1,1.0,0.693147,1,1.0,1.0,1.0,0.0,0
HP,2026-01,1,@hp,14,2,0.142857,1.098612,1,0.142857,0.5,,0.714286,1
HP,2026-02,1,@hp,1,0,0.0,0.0,0,0.0,,,1.0,1
HP,2026-03,1,@hp,12,6,0.5,1.94591,1,0.5,1.0,,0.5,1
HP,2026-04,1,@hp,1,0,0.0,0.0,0,0.0,,,1.0,1
HP,2026-05,1,@hp,2,1,0.5,0.693147,1,0.5,1.0,,0.5,1
HP,2026-06,1,@hp,8,2,0.25,1.098612,1,0.25,0.5,,0.5,1
Home Depot,2016-06,1,@HDCares,62,0,0.0,0.0,0,0.0,0.0,0.0,0.064516,0
Home Depot,2016-07,1,@HDCares,79,0,0.0,0.0,0,0.0,0.0,0.0,0.025316,0
Home Depot,2016-08,1,@HDCares,68,0,0.0,0.0,0,0.0,0.0,0.0,0.0,0
Home Depot,2016-09,1,@HDCares,67,0,0.0,0.0,0,0.0,0.0,0.0,0.044776,0
Home Depot,2016-10,1,@HDCares,89,0,0.0,0.0,0,0.0,0.0,0.0,0.033708,0
Home Depot,2016-11,1,@HDCares,75,0,0.0,0.0,0,0.0,0.0,0.0,0.0,0
Home Depot,2016-12,1,@HDCares,64,0,0.0,0.0,0,0.0,0.0,0.0,0.0625,0
Home Depot,2017-01,1,@HDCares,49,1,0.020408,0.693147,1,0.020408,0.022222,0.020408,0.081633,0
Home Depot,2017-02,1,@HDCares,38,1,0.026316,0.693147,1,0.026316,0.038462,0.026316,0.315789,0
Home Depot,2017-03,1,@HDCares,73,3,0.041096,1.386294,1,0.041096,0.083333,,0.506849,1
Home Depot,2017-04,1,@HDCares,68,2,0.029412,1.098612,1,0.029412,0.04878,0.029412,0.397059,0
Home Depot,2017-05,1,@HDCares,38,1,0.026316,0.693147,1,0.026316,0.04,0.026316,0.342105,0
Home Depot,2017-08,1,@HDCares,1,0,0.0,0.0,0,0.0,,,1.0,1
Home Depot,2018-01,1,@HDCares,3,0,0.0,0.0,0,0.0,0.0,0.0,0.0,0
Home Depot,2018-02,1,@HDCares,1,0,0.0,0.0,0,0.0,0.0,0.0,0.0,0
Home Depot,2018-05,1,@HDCares,1,0,0.0,0.0,0,0.0,0.0,0.0,0.0,0
Home Depot,2019-09,1,@HDCares,2,0,0.0,0.0,0,0.0,,,1.0,1
Home Depot,2020-03,1,@HDCares,4,1,0.25,0.693147,1,0.25,1.0,,0.75,1
Home Depot,2020-07,1,@HDCares,2,0,0.0,0.0,0,0.0,,,1.0,1
Home Depot,2020-08,1,@HDCares,6,0,0.0,0.0,0,0.0,0.0,0.0,0.333333,0
Home Depot,2021-03,1,@HDCares,2,0,0.0,0.0,0,0.0,0.0,0.0,0.0,0
Home Depot,2021-06,1,@HDCares,4,1,0.25,0.693147,1,0.25,0.5,,0.5,1
Home Depot,2021-07,1,@homedepot,1,0,0.0,0.0,0,0.0,,,1.0,1
Home Depot,2021-10,1,@HDCares,3,0,0.0,0.0,0,0.0,0.0,0.0,0.0,0
Home Depot,2021-11,1,@HDCares,6,0,0.0,0.0,0,0.0,0.0,,0.666667,1
Home Depot,2022-01,2,@HDCares; @homedepot,4,1,0.25,0.693147,1,0.25,0.5,,0.5,1
Home Depot,2022-05,1,@homedepot,17,4,0.235294,1.609438,1,0.235294,0.571429,,0.588235,1
Home Depot,2022-06,1,@homedepot,41,4,0.097561,1.609438,1,0.097561,0.166667,0.097561,0.414634,0
Home Depot,2022-07,1,@homedepot,42,5,0.119048,1.791759,1,0.119048,0.3125,,0.619048,1
Home Depot,2022-08,1,@homedepot,40,8,0.2,2.197225,1,0.2,0.333333,0.2,0.4,0
Home Depot,2022-09,1,@homedepot,44,6,0.136364,1.94591,1,0.136364,0.285714,,0.522727,1
Home Depot,2022-10,1,@homedepot,40,3,0.075,1.386294,1,0.075,0.214286,,0.65,1
Home Depot,2022-11,1,@homedepot,12,1,0.083333,0.693147,1,0.083333,0.25,,0.666667,1
Home Depot,2023-02,1,@homedepot,3,0,0.0,0.0,0,0.0,0.0,0.0,0.333333,0
Home Depot,2023-03,1,@homedepot,4,0,0.0,0.0,0,0.0,0.0,,0.75,1
Home Depot,2023-04,1,@homedepot,4,1,0.25,0.693147,1,0.25,0.333333,0.25,0.25,0
Home Depot,2023-05,2,@HDCares; @homedepot,9,3,0.333333,1.386294,1,0.333333,0.6,0.333333,0.444444,0
Home Depot,2023-06,1,@homedepot,9,0,0.0,0.0,0,0.0,0.0,0.0,0.333333,0
Home Depot,2023-07,2,@HDCares; @homedepot,35,1,0.028571,0.693147,1,0.028571,0.066667,,0.571429,1
Home Depot,2023-08,1,@homedepot,8,1,0.125,0.693147,1,0.125,0.2,0.125,0.375,0
Home Depot,2023-09,1,@homedepot,5,2,0.4,1.098612,1,0.4,0.666667,0.4,0.4,0
Home Depot,2023-10,1,@homedepot,4,1,0.25,0.693147,1,0.25,0.333333,0.25,0.25,0
Home Depot,2023-11,2,@HDCares; @homedepot,11,1,0.090909,0.693147,1,0.090909,0.142857,0.090909,0.363636,0
Home Depot,2023-12,2,@HDCares; @homedepot,16,2,0.125,1.098612,1,0.125,0.4,,0.6875,1
Home Depot,2024-01,1,@homedepot,1,0,0.0,0.0,0,0.0,,,1.0,1
Home Depot,2024-02,2,@HDCares; @homedepot,6,1,0.166667,0.693147,1,0.166667,0.333333,,0.5,1
Home Depot,2024-03,1,@homedepot,8,2,0.25,1.098612,1,0.25,0.333333,0.25,0.25,0
Home Depot,2024-04,1,@homedepot,6,0,0.0,0.0,0,0.0,,,1.0,1
Home Depot,2024-05,2,@HDCares; @homedepot,10,0,0.0,0.0,0,0.0,0.0,,0.7,1
Home Depot,2024-06,1,@homedepot,7,1,0.142857,0.693147,1,0.142857,0.333333,,0.571429,1
Home Depot,2024-07,1,@homedepot,27,0,0.0,0.0,0,0.0,0.0,0.0,0.481481,0
Home Depot,2024-08,1,@homedepot,11,0,0.0,0.0,0,0.0,0.0,0.0,0.181818,0
Home Depot,2024-09,1,@homedepot,13,1,0.076923,0.693147,1,0.076923,0.142857,0.076923,0.461538,0
Home Depot,2024-10,1,@homedepot,24,6,0.25,1.94591,1,0.25,0.352941,0.25,0.291667,0
Home Depot,2024-11,2,@HDCares; @homedepot,12,2,0.166667,1.098612,1,0.166667,0.333333,,0.5,1
Home Depot,2024-12,1,@homedepot,2,1,0.5,0.693147,1,0.5,1.0,,0.5,1
Home Depot,2025-01,1,@homedepot,7,1,0.142857,0.693147,1,0.142857,0.333333,,0.571429,1
Home Depot,2025-02,1,@homedepot,1,0,0.0,0.0,0,0.0,0.0,0.0,0.0,0
Home Depot,2025-03,1,@homedepot,3,0,0.0,0.0,0,0.0,0.0,0.0,0.0,0
Home Depot,2025-04,1,@homedepot,4,0,0.0,0.0,0,0.0,0.0,0.0,0.0,0
Home Depot,2025-05,1,@homedepot,2,1,0.5,0.693147,1,0.5,0.5,0.5,0.0,0
Home Depot,2025-06,1,@homedepot,3,1,0.333333,0.693147,1,0.333333,0.333333,0.333333,0.0,0
Home Depot,2025-07,1,@homedepot,9,1,0.111111,0.693147,1,0.111111,0.166667,0.111111,0.333333,0
Home Depot,2025-08,1,@homedepot,12,0,0.0,0.0,0,0.0,0.0,,0.5,1
Home Depot,2025-09,1,@homedepot,2,1,0.5,0.693147,1,0.5,0.5,0.5,0.0,0
Home Depot,2025-10,1,@homedepot,2,1,0.5,0.693147,1,0.5,0.5,0.5,0.0,0
Home Depot,2025-11,1,@homedepot,8,0,0.0,0.0,0,0.0,0.0,,0.75,1
Home Depot,2025-12,1,@homedepot,5,1,0.2,0.693147,1,0.2,0.5,,0.6,1
Home Depot,2026-01,1,@homedepot,2,0,0.0,0.0,0,0.0,0.0,0.0,0.0,0
Home Depot,2026-02,1,@homedepot,2,0,0.0,0.0,0,0.0,0.0,,0.5,1
Home Depot,2026-03,1,@homedepot,11,1,0.090909,0.693147,1,0.090909,0.166667,0.090909,0.454545,0
Home Depot,2026-04,1,@homedepot,8,0,0.0,0.0,0,0.0,0.0,,0.625,1
Home Depot,2026-05,1,@homedepot,8,2,0.25,1.098612,1,0.25,0.5,,0.5,1
Home Depot,2026-06,1,@homedepot,22,7,0.318182,2.079442,1,0.318182,0.636364,,0.5,1
Humana,2022-10,1,@humana,117,20,0.17094,3.044522,1,0.17094,0.350877,,0.512821,1
Humana,2022-11,1,@humana,63,12,0.190476,2.564949,1,0.190476,0.387097,,0.507937,1
Humana,2022-12,1,@humana,52,13,0.25,2.639057,1,0.25,0.448276,0.25,0.442308,0
Humana,2023-01,1,@humana,20,4,0.2,1.609438,1,0.2,0.363636,0.2,0.45,0
Humana,2023-02,1,@humana,36,3,0.083333,1.386294,1,0.083333,0.176471,,0.527778,1
Humana,2023-03,1,@humana,41,6,0.146341,1.94591,1,0.146341,0.26087,0.146341,0.439024,0
Humana,2023-04,1,@humana,33,3,0.090909,1.386294,1,0.090909,0.230769,,0.606061,1
Humana,2023-05,1,@humana,33,7,0.212121,2.079442,1,0.212121,0.35,0.212121,0.393939,0
Humana,2023-06,1,@humana,37,6,0.162162,1.94591,1,0.162162,0.315789,0.162162,0.486486,0
Humana,2023-07,1,@humana,37,8,0.216216,2.197225,1,0.216216,0.380952,0.216216,0.432432,0
Humana,2023-08,1,@humana,45,6,0.133333,1.94591,1,0.133333,0.230769,0.133333,0.422222,0
Humana,2023-09,1,@humana,59,10,0.169492,2.397895,1,0.169492,0.322581,0.169492,0.474576,0
Humana,2023-10,1,@humana,52,9,0.173077,2.302585,1,0.173077,0.264706,0.173077,0.346154,0
Humana,2023-11,1,@humana,59,7,0.118644,2.079442,1,0.118644,0.233333,0.118644,0.491525,0
Humana,2023-12,1,@humana,33,6,0.181818,1.94591,1,0.181818,0.375,,0.515152,1
Humana,2024-01,1,@humana,15,2,0.133333,1.098612,1,0.133333,0.181818,0.133333,0.266667,0
Humana,2024-02,1,@humana,10,1,0.1,0.693147,1,0.1,0.25,,0.6,1
Humana,2024-03,1,@humana,8,1,0.125,0.693147,1,0.125,0.2,0.125,0.375,0
Humana,2024-05,1,@humana,2,0,0.0,0.0,0,0.0,0.0,,0.5,1
Humana,2024-07,1,@humana,6,0,0.0,0.0,0,0.0,0.0,,0.5,1
IBM,2023-05,1,@ibm,26,3,0.115385,1.386294,1,0.115385,0.333333,,0.653846,1
IBM,2023-06,1,@ibm,31,4,0.129032,1.609438,1,0.129032,0.333333,,0.612903,1
IBM,2023-07,1,@ibm,22,1,0.045455,0.693147,1,0.045455,0.111111,,0.590909,1
IBM,2023-08,1,@ibm,24,5,0.208333,1.791759,1,0.208333,0.294118,0.208333,0.291667,0
IBM,2023-09,1,@ibm,18,3,0.166667,1.386294,1,0.166667,0.428571,,0.611111,1
IBM,2023-10,1,@ibm,21,3,0.142857,1.386294,1,0.142857,0.2,0.142857,0.285714,0
IBM,2023-11,1,@ibm,10,2,0.2,1.098612,1,0.2,0.333333,0.2,0.4,0
IBM,2025-03,1,@ibm,1,0,0.0,0.0,0,0.0,0.0,0.0,0.0,0
IBM,2025-04,1,@ibm,9,1,0.111111,0.693147,1,0.111111,0.333333,,0.666667,1
IBM,2025-05,1,@ibm,17,1,0.058824,0.693147,1,0.058824,0.2,,0.705882,1
IBM,2025-06,1,@ibm,11,3,0.272727,1.386294,1,0.272727,0.5,0.272727,0.454545,0
IBM,2025-07,1,@ibm,14,3,0.214286,1.386294,1,0.214286,0.333333,0.214286,0.357143,0
IBM,2025-08,1,@ibm,19,5,0.263158,1.791759,1,0.263158,0.454545,0.263158,0.421053,0
IBM,2025-09,1,@ibm,11,1,0.090909,0.693147,1,0.090909,0.25,,0.636364,1
IBM,2025-10,1,@ibm,34,4,0.117647,1.609438,1,0.117647,0.2,0.117647,0.411765,0
IBM,2025-11,1,@ibm,27,4,0.148148,1.609438,1,0.148148,0.266667,0.148148,0.444444,0
IBM,2025-12,1,@ibm,14,1,0.071429,0.693147,1,0.071429,0.111111,0.071429,0.357143,0
IBM,2026-01,1,@ibm,24,2,0.083333,1.098612,1,0.083333,0.166667,,0.5,1
IBM,2026-02,1,@ibm,28,2,0.071429,1.098612,1,0.071429,0.166667,,0.571429,1
IBM,2026-03,1,@ibm,32,4,0.125,1.609438,1,0.125,0.285714,,0.5625,1
IBM,2026-04,1,@ibm,66,12,0.181818,2.564949,1,0.181818,0.292683,0.181818,0.378788,0
IBM,2026-05,1,@ibm,56,10,0.178571,2.397895,1,0.178571,0.3125,0.178571,0.428571,0
IBM,2026-06,1,@ibm,26,9,0.346154,2.302585,1,0.346154,0.473684,0.346154,0.269231,0
Ingram Micro Holding,2019-06,1,@IngramMicroInc,1,0,0.0,0.0,0,0.0,,,1.0,1
Ingram Micro Holding,2023-05,1,@IngramMicroInc,26,2,0.076923,1.098612,1,0.076923,0.166667,,0.538462,1
Ingram Micro Holding,2023-06,1,@IngramMicroInc,38,5,0.131579,1.791759,1,0.131579,0.333333,,0.605263,1
Ingram Micro Holding,2023-07,1,@IngramMicroInc,26,5,0.192308,1.791759,1,0.192308,0.357143,0.192308,0.461538,0
Ingram Micro Holding,2023-08,1,@IngramMicroInc,25,4,0.16,1.609438,1,0.16,0.363636,,0.56,1
Ingram Micro Holding,2023-09,1,@IngramMicroInc,37,1,0.027027,0.693147,1,0.027027,0.055556,,0.513514,1
Ingram Micro Holding,2023-10,1,@IngramMicroInc,31,7,0.225806,2.079442,1,0.225806,0.4375,0.225806,0.483871,0
Ingram Micro Holding,2023-11,1,@IngramMicroInc,34,6,0.176471,1.94591,1,0.176471,0.352941,,0.5,1
Ingram Micro Holding,2023-12,1,@IngramMicroInc,29,5,0.172414,1.791759,1,0.172414,0.277778,0.172414,0.37931,0
Ingram Micro Holding,2024-01,1,@IngramMicroInc,26,3,0.115385,1.386294,1,0.115385,0.230769,,0.5,1
Ingram Micro Holding,2024-02,1,@IngramMicroInc,28,4,0.142857,1.609438,1,0.142857,0.25,0.142857,0.428571,0
Ingram Micro Holding,2024-03,1,@IngramMicroInc,30,6,0.2,1.94591,1,0.2,0.4,,0.5,1
Ingram Micro Holding,2024-04,1,@IngramMicroInc,26,4,0.153846,1.609438,1,0.153846,0.285714,0.153846,0.461538,0
Ingram Micro Holding,2024-05,1,@IngramMicroInc,24,1,0.041667,0.693147,1,0.041667,0.111111,,0.625,1
Ingram Micro Holding,2024-06,1,@IngramMicroInc,25,3,0.12,1.386294,1,0.12,0.375,,0.68,1
Ingram Micro Holding,2024-07,1,@IngramMicroInc,23,1,0.043478,0.693147,1,0.043478,0.142857,,0.695652,1
Ingram Micro Holding,2024-08,1,@IngramMicroInc,21,3,0.142857,1.386294,1,0.142857,0.333333,,0.571429,1
Ingram Micro Holding,2024-09,1,@IngramMicroInc,24,7,0.291667,2.079442,1,0.291667,0.5,0.291667,0.416667,0
Ingram Micro Holding,2024-10,1,@IngramMicroInc,21,5,0.238095,1.791759,1,0.238095,0.454545,0.238095,0.47619,0
Ingram Micro Holding,2024-11,1,@IngramMicroInc,19,5,0.263158,1.791759,1,0.263158,0.555556,,0.526316,1
Ingram Micro Holding,2024-12,1,@IngramMicroInc,24,4,0.166667,1.609438,1,0.166667,0.363636,,0.541667,1
Ingram Micro Holding,2025-01,1,@IngramMicroInc,22,3,0.136364,1.386294,1,0.136364,0.230769,0.136364,0.409091,0
Ingram Micro Holding,2025-02,1,@IngramMicroInc,22,6,0.272727,1.94591,1,0.272727,0.545455,,0.5,1
Ingram Micro Holding,2025-03,1,@IngramMicroInc,26,4,0.153846,1.609438,1,0.153846,0.333333,,0.538462,1
Ingram Micro Holding,2025-04,1,@IngramMicroInc,39,11,0.282051,2.484907,1,0.282051,0.52381,0.282051,0.461538,0
Ingram Micro Holding,2025-05,1,@IngramMicroInc,23,4,0.173913,1.609438,1,0.173913,0.5,,0.652174,1
Ingram Micro Holding,2025-06,1,@IngramMicroInc,24,5,0.208333,1.791759,1,0.208333,0.5,,0.583333,1
Ingram Micro Holding,2025-07,1,@IngramMicroInc,17,2,0.117647,1.098612,1,0.117647,0.4,,0.705882,1
Ingram Micro Holding,2025-08,1,@IngramMicroInc,16,2,0.125,1.098612,1,0.125,0.4,,0.6875,1
Ingram Micro Holding,2025-09,1,@IngramMicroInc,21,4,0.190476,1.609438,1,0.190476,0.363636,0.190476,0.47619,0
Ingram Micro Holding,2025-10,1,@IngramMicroInc,26,8,0.307692,2.197225,1,0.307692,0.533333,0.307692,0.423077,0
Ingram Micro Holding,2025-11,1,@IngramMicroInc,34,2,0.058824,1.098612,1,0.058824,0.142857,,0.588235,1
Ingram Micro Holding,2025-12,1,@IngramMicroInc,15,4,0.266667,1.609438,1,0.266667,0.571429,,0.533333,1
Ingram Micro Holding,2026-01,1,@IngramMicroInc,15,4,0.266667,1.609438,1,0.266667,0.363636,0.266667,0.266667,0
Ingram Micro Holding,2026-02,1,@IngramMicroInc,21,3,0.142857,1.386294,1,0.142857,0.5,,0.714286,1
Ingram Micro Holding,2026-03,1,@IngramMicroInc,29,2,0.068966,1.098612,1,0.068966,0.166667,,0.586207,1
Ingram Micro Holding,2026-04,1,@IngramMicroInc,24,4,0.166667,1.609438,1,0.166667,0.4,,0.583333,1
Ingram Micro Holding,2026-05,1,@IngramMicroInc,13,0,0.0,0.0,0,0.0,0.0,,0.846154,1
Ingram Micro Holding,2026-06,1,@IngramMicroInc,6,2,0.333333,1.098612,1,0.333333,0.666667,,0.5,1
Intel,2025-08,1,@intel,14,3,0.214286,1.386294,1,0.214286,0.5,,0.571429,1
Intel,2025-09,1,@intel,21,2,0.095238,1.098612,1,0.095238,0.25,,0.619048,1
Intel,2025-10,1,@intel,22,7,0.318182,2.079442,1,0.318182,0.7,,0.545455,1
Intel,2025-11,1,@intel,13,3,0.230769,1.386294,1,0.230769,0.75,,0.692308,1
Intel,2025-12,1,@intel,13,4,0.307692,1.609438,1,0.307692,0.571429,0.307692,0.461538,0
Intel,2026-01,1,@intel,26,3,0.115385,1.386294,1,0.115385,0.333333,,0.653846,1
Intel,2026-02,1,@intel,26,7,0.269231,2.079442,1,0.269231,0.5,0.269231,0.461538,0
Intel,2026-03,1,@intel,30,3,0.1,1.386294,1,0.1,0.25,,0.6,1
Intel,2026-04,1,@intel,36,8,0.222222,2.197225,1,0.222222,0.421053,0.222222,0.472222,0
Intel,2026-05,1,@intel,37,8,0.216216,2.197225,1,0.216216,0.363636,0.216216,0.405405,0
Intel,2026-06,1,@intel,50,16,0.32,2.833213,1,0.32,0.666667,,0.52,1
JPMorgan Chase,2021-05,1,@jpmorgan,17,1,0.058824,0.693147,1,0.058824,0.111111,0.058824,0.470588,0
JPMorgan Chase,2021-06,1,@jpmorgan,43,4,0.093023,1.609438,1,0.093023,0.2,,0.534884,1
JPMorgan Chase,2021-07,1,@jpmorgan,26,7,0.269231,2.079442,1,0.269231,0.5,0.269231,0.461538,0
JPMorgan Chase,2021-08,1,@jpmorgan,30,7,0.233333,2.079442,1,0.233333,0.636364,,0.633333,1
JPMorgan Chase,2021-09,1,@jpmorgan,27,7,0.259259,2.079442,1,0.259259,0.538462,,0.518519,1
JPMorgan Chase,2021-10,1,@jpmorgan,24,3,0.125,1.386294,1,0.125,0.333333,,0.625,1
JPMorgan Chase,2021-11,1,@jpmorgan,21,4,0.190476,1.609438,1,0.190476,0.4,,0.52381,1
JPMorgan Chase,2021-12,1,@jpmorgan,21,2,0.095238,1.098612,1,0.095238,0.25,,0.619048,1
JPMorgan Chase,2022-01,1,@jpmorgan,24,3,0.125,1.386294,1,0.125,0.230769,0.125,0.458333,0
JPMorgan Chase,2022-02,1,@jpmorgan,28,8,0.285714,2.197225,1,0.285714,0.571429,,0.5,1
JPMorgan Chase,2022-03,1,@jpmorgan,21,5,0.238095,1.791759,1,0.238095,0.384615,0.238095,0.380952,0
JPMorgan Chase,2022-04,1,@jpmorgan,26,6,0.230769,1.94591,1,0.230769,0.6,,0.615385,1
JPMorgan Chase,2022-05,1,@jpmorgan,23,6,0.26087,1.94591,1,0.26087,0.428571,0.26087,0.391304,0
JPMorgan Chase,2022-06,1,@jpmorgan,17,3,0.176471,1.386294,1,0.176471,0.272727,0.176471,0.352941,0
JPMorgan Chase,2022-07,1,@jpmorgan,12,4,0.333333,1.609438,1,0.333333,0.5,0.333333,0.333333,0
JPMorgan Chase,2022-08,1,@jpmorgan,8,1,0.125,0.693147,1,0.125,0.2,0.125,0.375,0
JPMorgan Chase,2022-09,1,@jpmorgan,16,3,0.1875,1.386294,1,0.1875,0.3,0.1875,0.375,0
JPMorgan Chase,2022-10,1,@jpmorgan,30,4,0.133333,1.609438,1,0.133333,0.307692,,0.566667,1
JPMorgan Chase,2022-11,1,@jpmorgan,13,4,0.307692,1.609438,1,0.307692,0.571429,0.307692,0.461538,0
JPMorgan Chase,2022-12,1,@jpmorgan,11,2,0.181818,1.098612,1,0.181818,0.333333,0.181818,0.454545,0
JPMorgan Chase,2023-01,1,@jpmorgan,25,1,0.04,0.693147,1,0.04,0.066667,0.04,0.4,0
JPMorgan Chase,2023-02,1,@jpmorgan,24,3,0.125,1.386294,1,0.125,0.230769,0.125,0.458333,0
JPMorgan Chase,2023-03,1,@jpmorgan,25,4,0.16,1.609438,1,0.16,0.333333,,0.52,1
JPMorgan Chase,2023-04,1,@jpmorgan,13,2,0.153846,1.098612,1,0.153846,0.333333,,0.538462,1
JPMorgan Chase,2023-05,1,@jpmorgan,20,4,0.2,1.609438,1,0.2,0.363636,0.2,0.45,0
JPMorgan Chase,2023-06,1,@jpmorgan,20,1,0.05,0.693147,1,0.05,0.111111,,0.55,1
JPMorgan Chase,2023-07,1,@jpmorgan,10,1,0.1,0.693147,1,0.1,0.25,,0.6,1
JPMorgan Chase,2023-08,1,@jpmorgan,13,2,0.153846,1.098612,1,0.153846,0.285714,0.153846,0.461538,0
JPMorgan Chase,2023-09,1,@jpmorgan,13,0,0.0,0.0,0,0.0,0.0,,0.692308,1
JPMorgan Chase,2023-10,1,@jpmorgan,15,0,0.0,0.0,0,0.0,0.0,,0.666667,1
JPMorgan Chase,2023-11,1,@jpmorgan,10,2,0.2,1.098612,1,0.2,0.5,,0.6,1
JPMorgan Chase,2024-01,1,@jpmorgan,1,0,0.0,0.0,0,0.0,,,1.0,1
JPMorgan Chase,2024-04,1,@jpmorgan,2,0,0.0,0.0,0,0.0,0.0,,0.5,1
JPMorgan Chase,2024-07,1,@jpmorgan,1,0,0.0,0.0,0,0.0,0.0,0.0,0.0,0
JPMorgan Chase,2024-10,1,@jpmorgan,1,0,0.0,0.0,0,0.0,,,1.0,1
JPMorgan Chase,2025-01,1,@jpmorgan,1,0,0.0,0.0,0,0.0,,,1.0,1
JPMorgan Chase,2025-04,1,@jpmorgan,2,0,0.0,0.0,0,0.0,0.0,,0.5,1
JPMorgan Chase,2025-05,1,@jpmorgan,12,0,0.0,0.0,0,0.0,0.0,,0.75,1
JPMorgan Chase,2025-06,1,@jpmorgan,10,2,0.2,1.098612,1,0.2,0.333333,0.2,0.4,0
JPMorgan Chase,2025-07,1,@jpmorgan,20,3,0.15,1.386294,1,0.15,0.428571,,0.65,1
JPMorgan Chase,2025-08,1,@jpmorgan,8,1,0.125,0.693147,1,0.125,0.333333,,0.625,1
JPMorgan Chase,2025-09,1,@jpmorgan,21,2,0.095238,1.098612,1,0.095238,0.25,,0.619048,1
JPMorgan Chase,2025-10,1,@jpmorgan,27,3,0.111111,1.386294,1,0.111111,0.214286,0.111111,0.481481,0
JPMorgan Chase,2025-11,1,@jpmorgan,8,2,0.25,1.098612,1,0.25,0.666667,,0.625,1
JPMorgan Chase,2025-12,1,@jpmorgan,11,3,0.272727,1.386294,1,0.272727,0.428571,0.272727,0.363636,0
JPMorgan Chase,2026-01,1,@jpmorgan,18,3,0.166667,1.386294,1,0.166667,0.428571,,0.611111,1
JPMorgan Chase,2026-02,1,@jpmorgan,4,1,0.25,0.693147,1,0.25,1.0,,0.75,1
JPMorgan Chase,2026-03,1,@jpmorgan,19,8,0.421053,2.197225,1,0.421053,0.727273,0.421053,0.421053,0
JPMorgan Chase,2026-04,1,@jpmorgan,16,2,0.125,1.098612,1,0.125,0.25,,0.5,1
JPMorgan Chase,2026-05,1,@jpmorgan,20,1,0.05,0.693147,1,0.05,0.083333,0.05,0.4,0
JPMorgan Chase,2026-06,1,@jpmorgan,7,1,0.142857,0.693147,1,0.142857,0.25,0.142857,0.428571,0
Johnson & Johnson,2020-09,1,@JNJNews,1,0,0.0,0.0,0,0.0,0.0,0.0,0.0,0
Johnson & Johnson,2020-10,1,@JNJNews,83,15,0.180723,2.772589,1,0.180723,0.333333,0.180723,0.457831,0
Johnson & Johnson,2020-11,1,@JNJNews,42,5,0.119048,1.791759,1,0.119048,0.238095,,0.5,1
Johnson & Johnson,2020-12,1,@JNJNews,33,10,0.30303,2.397895,1,0.30303,0.666667,,0.545455,1
Johnson & Johnson,2021-01,1,@JNJNews,26,3,0.115385,1.386294,1,0.115385,0.1875,0.115385,0.384615,0
Johnson & Johnson,2021-02,1,@JNJNews,35,5,0.142857,1.791759,1,0.142857,0.384615,,0.628571,1
Johnson & Johnson,2021-03,1,@JNJNews,52,12,0.230769,2.564949,1,0.230769,0.5,,0.538462,1
Johnson & Johnson,2021-04,1,@JNJNews,15,1,0.066667,0.693147,1,0.066667,0.076923,0.066667,0.133333,0
Johnson & Johnson,2021-05,1,@JNJNews,17,5,0.294118,1.791759,1,0.294118,0.5,0.294118,0.411765,0
Johnson & Johnson,2021-06,1,@JNJNews,28,6,0.214286,1.94591,1,0.214286,0.4,0.214286,0.464286,0
Johnson & Johnson,2021-07,1,@JNJNews,26,3,0.115385,1.386294,1,0.115385,0.1875,0.115385,0.384615,0
Johnson & Johnson,2021-08,1,@JNJNews,13,4,0.307692,1.609438,1,0.307692,0.444444,0.307692,0.307692,0
Johnson & Johnson,2021-09,1,@JNJNews,27,5,0.185185,1.791759,1,0.185185,0.5,,0.62963,1
Johnson & Johnson,2021-10,1,@JNJNews,54,9,0.166667,2.302585,1,0.166667,0.290323,0.166667,0.425926,0
Johnson & Johnson,2021-11,1,@JNJNews,51,9,0.176471,2.302585,1,0.176471,0.391304,,0.54902,1
Johnson & Johnson,2021-12,1,@JNJNews,21,1,0.047619,0.693147,1,0.047619,0.25,,0.809524,1
Johnson & Johnson,2022-01,1,@JNJNews,23,3,0.130435,1.386294,1,0.130435,0.214286,0.130435,0.391304,0
Johnson & Johnson,2022-02,1,@JNJNews,7,1,0.142857,0.693147,1,0.142857,0.333333,,0.571429,1
Johnson & Johnson,2022-03,1,@JNJNews,3,1,0.333333,0.693147,1,0.333333,0.5,0.333333,0.333333,0
Johnson & Johnson,2022-04,1,@JNJNews,7,1,0.142857,0.693147,1,0.142857,0.333333,,0.571429,1
Johnson & Johnson,2022-05,1,@JNJNews,3,0,0.0,0.0,0,0.0,,,1.0,1
Johnson & Johnson,2022-06,1,@JNJNews,1,1,1.0,0.693147,1,1.0,1.0,1.0,0.0,0
Johnson & Johnson,2022-07,1,@JNJNews,3,2,0.666667,1.098612,1,0.666667,0.666667,0.666667,0.0,0
Johnson & Johnson,2022-08,1,@JNJNews,1,0,0.0,0.0,0,0.0,,,1.0,1
Johnson & Johnson,2022-09,1,@JNJNews,9,2,0.222222,1.098612,1,0.222222,0.222222,0.222222,0.0,0
Johnson & Johnson,2022-10,1,@JNJNews,9,1,0.111111,0.693147,1,0.111111,0.166667,0.111111,0.333333,0
Johnson & Johnson,2022-11,1,@JNJNews,3,1,0.333333,0.693147,1,0.333333,0.333333,0.333333,0.0,0
Johnson & Johnson,2022-12,1,@JNJNews,4,1,0.25,0.693147,1,0.25,1.0,,0.75,1
Johnson & Johnson,2023-01,1,@JNJNews,16,3,0.1875,1.386294,1,0.1875,0.25,0.1875,0.25,0
Johnson & Johnson,2023-02,1,@JNJNews,14,2,0.142857,1.098612,1,0.142857,0.285714,,0.5,1
Johnson & Johnson,2023-03,1,@JNJNews,9,0,0.0,0.0,0,0.0,0.0,,0.777778,1
Johnson & Johnson,2023-04,1,@JNJNews,11,1,0.090909,0.693147,1,0.090909,0.111111,0.090909,0.181818,0
Johnson & Johnson,2023-05,1,@JNJNews,1,0,0.0,0.0,0,0.0,,,1.0,1
Johnson & Johnson,2023-06,1,@JNJNews,9,3,0.333333,1.386294,1,0.333333,0.75,,0.555556,1
Johnson & Johnson,2023-07,1,@JNJNews,7,1,0.142857,0.693147,1,0.142857,0.166667,0.142857,0.142857,0
Johnson & Johnson,2023-09,1,@JNJNews,5,1,0.2,0.693147,1,0.2,1.0,,0.8,1
Johnson & Johnson,2023-10,1,@JNJNews,8,0,0.0,0.0,0,0.0,0.0,0.0,0.25,0
Johnson & Johnson,2023-11,1,@JNJNews,1,0,0.0,0.0,0,0.0,0.0,0.0,0.0,0
Johnson & Johnson,2023-12,1,@JNJNews,14,3,0.214286,1.386294,1,0.214286,0.333333,0.214286,0.357143,0
Johnson & Johnson,2024-01,1,@JNJNews,10,1,0.1,0.693147,1,0.1,0.142857,0.1,0.3,0
Johnson & Johnson,2024-02,1,@JNJNews,3,2,0.666667,1.098612,1,0.666667,0.666667,0.666667,0.0,0
Johnson & Johnson,2024-03,1,@JNJNews,4,2,0.5,1.098612,1,0.5,0.666667,0.5,0.25,0
Johnson & Johnson,2024-04,1,@JNJNews,10,1,0.1,0.693147,1,0.1,0.125,0.1,0.2,0
Johnson & Johnson,2024-05,1,@JNJNews,3,2,0.666667,1.098612,1,0.666667,0.666667,0.666667,0.0,0
Johnson & Johnson,2024-06,1,@JNJNews,1,0,0.0,0.0,0,0.0,,,1.0,1
Johnson & Johnson,2024-07,1,@JNJNews,6,0,0.0,0.0,0,0.0,0.0,0.0,0.0,0
Johnson & Johnson,2024-08,1,@JNJNews,1,0,0.0,0.0,0,0.0,0.0,0.0,0.0,0
Johnson & Johnson,2024-10,1,@JNJNews,12,2,0.166667,1.098612,1,0.166667,0.285714,0.166667,0.416667,0
Johnson & Johnson,2024-11,1,@JNJNews,1,1,1.0,0.693147,1,1.0,1.0,1.0,0.0,0
Johnson & Johnson,2025-01,1,@JNJNews,1,0,0.0,0.0,0,0.0,0.0,0.0,0.0,0
Johnson & Johnson,2025-03,1,@JNJNews,3,0,0.0,0.0,0,0.0,,,1.0,1
Johnson & Johnson,2025-04,1,@JNJNews,1,0,0.0,0.0,0,0.0,0.0,0.0,0.0,0
Johnson & Johnson,2025-06,1,@JNJNews,1,0,0.0,0.0,0,0.0,,,1.0,1
Johnson & Johnson,2025-10,1,@JNJNews,5,0,0.0,0.0,0,0.0,0.0,,0.8,1
Johnson & Johnson,2025-11,1,@JNJNews,1,0,0.0,0.0,0,0.0,0.0,0.0,0.0,0
Johnson & Johnson,2025-12,1,@JNJNews,1,0,0.0,0.0,0,0.0,,,1.0,1
Johnson & Johnson,2026-01,1,@JNJNews,1,0,0.0,0.0,0,0.0,0.0,0.0,0.0,0
Johnson & Johnson,2026-03,1,@JNJNews,2,0,0.0,0.0,0,0.0,0.0,,0.5,1
Johnson & Johnson,2026-04,1,@JNJNews,1,0,0.0,0.0,0,0.0,0.0,0.0,0.0,0
Kroger,2017-06,1,@kroger,1,0,0.0,0.0,0,0.0,0.0,0.0,0.0,0
Kroger,2017-10,1,@kroger,1,0,0.0,0.0,0,0.0,,,1.0,1
Kroger,2018-09,1,@kroger,57,2,0.035088,1.098612,1,0.035088,0.071429,,0.508772,1
Kroger,2018-10,1,@kroger,30,5,0.166667,1.791759,1,0.166667,0.277778,0.166667,0.4,0
Kroger,2018-11,1,@kroger,32,2,0.0625,1.098612,1,0.0625,0.117647,0.0625,0.46875,0
Kroger,2018-12,1,@kroger,19,3,0.157895,1.386294,1,0.157895,0.428571,,0.631579,1
Kroger,2019-01,1,@kroger,15,3,0.2,1.386294,1,0.2,0.5,,0.6,1
Kroger,2019-02,1,@kroger,18,1,0.055556,0.693147,1,0.055556,0.1,0.055556,0.444444,0
Kroger,2019-03,1,@kroger,25,4,0.16,1.609438,1,0.16,0.307692,0.16,0.48,0
Kroger,2019-04,1,@kroger,19,1,0.052632,0.693147,1,0.052632,0.111111,,0.526316,1
Kroger,2019-05,1,@kroger,24,4,0.166667,1.609438,1,0.166667,0.333333,,0.5,1
Kroger,2019-06,1,@kroger,14,3,0.214286,1.386294,1,0.214286,0.6,,0.642857,1
Kroger,2019-07,1,@kroger,17,6,0.352941,1.94591,1,0.352941,1.0,,0.647059,1
Kroger,2019-08,1,@kroger,18,2,0.111111,1.098612,1,0.111111,0.2,0.111111,0.444444,0
Kroger,2019-09,1,@kroger,24,3,0.125,1.386294,1,0.125,0.230769,0.125,0.458333,0
Kroger,2019-10,1,@kroger,14,1,0.071429,0.693147,1,0.071429,0.125,0.071429,0.428571,0
Kroger,2019-11,1,@kroger,14,0,0.0,0.0,0,0.0,0.0,0.0,0.214286,0
Kroger,2019-12,1,@kroger,12,0,0.0,0.0,0,0.0,0.0,,0.583333,1
Kroger,2020-01,1,@kroger,13,2,0.153846,1.098612,1,0.153846,0.4,,0.615385,1
Kroger,2020-02,1,@kroger,18,1,0.055556,0.693147,1,0.055556,0.2,,0.722222,1
Kroger,2020-03,1,@kroger,17,1,0.058824,0.693147,1,0.058824,0.076923,0.058824,0.235294,0
Kroger,2020-04,1,@kroger,13,4,0.307692,1.609438,1,0.307692,0.666667,,0.538462,1
Kroger,2020-05,1,@kroger,12,0,0.0,0.0,0,0.0,0.0,,0.833333,1
Kroger,2020-06,1,@kroger,8,4,0.5,1.609438,1,0.5,0.571429,0.5,0.125,0
Kroger,2020-07,1,@kroger,9,3,0.333333,1.386294,1,0.333333,0.6,0.333333,0.444444,0
Kroger,2020-08,1,@kroger,12,2,0.166667,1.098612,1,0.166667,0.666667,,0.75,1
Kroger,2020-09,1,@kroger,21,5,0.238095,1.791759,1,0.238095,0.5,,0.52381,1
Kroger,2020-10,1,@kroger,43,8,0.186047,2.197225,1,0.186047,0.533333,,0.651163,1
Kroger,2020-11,1,@kroger,14,4,0.285714,1.609438,1,0.285714,0.8,,0.642857,1
Kroger,2020-12,1,@kroger,23,4,0.173913,1.609438,1,0.173913,0.444444,,0.608696,1
Kroger,2021-01,1,@kroger,2,0,0.0,0.0,0,0.0,0.0,0.0,0.0,0
Kroger,2021-02,1,@kroger,8,1,0.125,0.693147,1,0.125,0.25,,0.5,1
Kroger,2021-03,1,@kroger,16,4,0.25,1.609438,1,0.25,0.571429,,0.5625,1
Kroger,2021-04,1,@kroger,4,1,0.25,0.693147,1,0.25,0.5,,0.5,1
Kroger,2021-05,1,@kroger,7,0,0.0,0.0,0,0.0,0.0,0.0,0.428571,0
Kroger,2021-06,1,@kroger,6,1,0.166667,0.693147,1,0.166667,0.333333,,0.5,1
Kroger,2021-07,1,@kroger,18,5,0.277778,1.791759,1,0.277778,0.357143,0.277778,0.222222,0
Kroger,2021-08,1,@kroger,10,0,0.0,0.0,0,0.0,0.0,0.0,0.4,0
Kroger,2021-09,1,@kroger,10,1,0.1,0.693147,1,0.1,0.166667,0.1,0.4,0
Kroger,2021-10,1,@kroger,14,0,0.0,0.0,0,0.0,0.0,0.0,0.357143,0
Kroger,2021-11,1,@kroger,13,1,0.076923,0.693147,1,0.076923,0.142857,0.076923,0.461538,0
Kroger,2021-12,1,@kroger,8,1,0.125,0.693147,1,0.125,0.25,,0.5,1
Kroger,2022-01,1,@kroger,9,2,0.222222,1.098612,1,0.222222,0.4,0.222222,0.444444,0
Kroger,2022-02,1,@kroger,14,1,0.071429,0.693147,1,0.071429,0.166667,,0.571429,1
Kroger,2022-03,1,@kroger,11,2,0.181818,1.098612,1,0.181818,0.285714,0.181818,0.363636,0
Kroger,2022-04,1,@kroger,14,2,0.142857,1.098612,1,0.142857,0.285714,,0.5,1
Kroger,2022-05,1,@kroger,18,1,0.055556,0.693147,1,0.055556,0.142857,,0.611111,1
Kroger,2022-06,1,@kroger,9,0,0.0,0.0,0,0.0,0.0,,0.555556,1
Kroger,2022-07,1,@kroger,12,0,0.0,0.0,0,0.0,0.0,,0.583333,1
Kroger,2022-08,1,@kroger,15,0,0.0,0.0,0,0.0,0.0,,0.733333,1
Kroger,2022-09,1,@kroger,21,1,0.047619,0.693147,1,0.047619,0.083333,0.047619,0.428571,0
Kroger,2022-10,1,@kroger,4,1,0.25,0.693147,1,0.25,0.5,,0.5,1
Kroger,2022-11,1,@kroger,10,0,0.0,0.0,0,0.0,0.0,,0.5,1
Kroger,2023-01,1,@kroger,6,0,0.0,0.0,0,0.0,0.0,0.0,0.333333,0
Kroger,2023-02,1,@kroger,6,1,0.166667,0.693147,1,0.166667,0.5,,0.666667,1
Kroger,2023-04,1,@kroger,2,1,0.5,0.693147,1,0.5,0.5,0.5,0.0,0
Kroger,2023-05,1,@kroger,5,0,0.0,0.0,0,0.0,0.0,,0.6,1
Kroger,2023-06,1,@kroger,7,1,0.142857,0.693147,1,0.142857,0.166667,0.142857,0.142857,0
Kroger,2023-07,1,@kroger,12,8,0.666667,2.197225,1,0.666667,0.888889,0.666667,0.25,0
Kroger,2023-08,1,@kroger,1,1,1.0,0.693147,1,1.0,1.0,1.0,0.0,0
Kroger,2023-09,1,@kroger,2,1,0.5,0.693147,1,0.5,1.0,,0.5,1
Kroger,2023-10,1,@kroger,5,0,0.0,0.0,0,0.0,0.0,0.0,0.4,0
Kroger,2023-11,1,@kroger,4,2,0.5,1.098612,1,0.5,0.5,0.5,0.0,0
Kroger,2024-02,1,@kroger,3,1,0.333333,0.693147,1,0.333333,0.5,0.333333,0.333333,0
Kroger,2024-03,1,@kroger,3,0,0.0,0.0,0,0.0,0.0,0.0,0.0,0
Kroger,2024-04,1,@kroger,3,0,0.0,0.0,0,0.0,0.0,0.0,0.333333,0
Kroger,2024-05,1,@kroger,5,0,0.0,0.0,0,0.0,0.0,0.0,0.4,0
Kroger,2024-06,1,@kroger,2,0,0.0,0.0,0,0.0,,,1.0,1
Kroger,2024-08,1,@kroger,7,1,0.142857,0.693147,1,0.142857,0.25,0.142857,0.428571,0
Kroger,2024-09,1,@kroger,1,0,0.0,0.0,0,0.0,0.0,0.0,0.0,0
Kroger,2024-10,1,@kroger,2,0,0.0,0.0,0,0.0,0.0,0.0,0.0,0
Kroger,2025-01,1,@kroger,2,0,0.0,0.0,0,0.0,0.0,0.0,0.0,0
Liberty Mutual Insurance Group,2018-09,1,@LibertyMutual,356,29,0.081461,3.401197,1,0.081461,0.161111,0.081461,0.494382,0
Liberty Mutual Insurance Group,2018-10,1,@LibertyMutual,65,1,0.015385,0.693147,1,0.015385,0.035714,,0.569231,1
Liberty Mutual Insurance Group,2018-11,1,@LibertyMutual,15,3,0.2,1.386294,1,0.2,0.428571,,0.533333,1
Liberty Mutual Insurance Group,2018-12,1,@LibertyMutual,47,9,0.191489,2.302585,1,0.191489,0.45,,0.574468,1
Liberty Mutual Insurance Group,2019-01,1,@LibertyMutual,15,4,0.266667,1.609438,1,0.266667,0.5,0.266667,0.466667,0
Liberty Mutual Insurance Group,2019-02,1,@LibertyMutual,16,3,0.1875,1.386294,1,0.1875,0.333333,0.1875,0.4375,0
Liberty Mutual Insurance Group,2019-03,1,@LibertyMutual,12,2,0.166667,1.098612,1,0.166667,0.333333,,0.5,1
Liberty Mutual Insurance Group,2019-04,1,@LibertyMutual,20,5,0.25,1.791759,1,0.25,0.625,,0.6,1
Liberty Mutual Insurance Group,2019-05,1,@LibertyMutual,58,10,0.172414,2.397895,1,0.172414,0.384615,,0.551724,1
Liberty Mutual Insurance Group,2019-06,1,@LibertyMutual,12,4,0.333333,1.609438,1,0.333333,0.666667,,0.5,1
Liberty Mutual Insurance Group,2019-07,1,@LibertyMutual,11,3,0.272727,1.386294,1,0.272727,0.75,,0.636364,1
Liberty Mutual Insurance Group,2019-08,1,@LibertyMutual,13,1,0.076923,0.693147,1,0.076923,0.125,0.076923,0.384615,0
Liberty Mutual Insurance Group,2019-09,1,@LibertyMutual,5,1,0.2,0.693147,1,0.2,0.25,0.2,0.2,0
Liberty Mutual Insurance Group,2019-10,1,@LibertyMutual,21,1,0.047619,0.693147,1,0.047619,0.2,,0.761905,1
Liberty Mutual Insurance Group,2019-11,1,@LibertyMutual,11,2,0.181818,1.098612,1,0.181818,0.4,,0.545455,1
Liberty Mutual Insurance Group,2019-12,1,@LibertyMutual,8,3,0.375,1.386294,1,0.375,0.75,,0.5,1
Liberty Mutual Insurance Group,2020-01,1,@LibertyMutual,14,4,0.285714,1.609438,1,0.285714,0.8,,0.642857,1
Liberty Mutual Insurance Group,2020-02,1,@LibertyMutual,10,0,0.0,0.0,0,0.0,0.0,,0.6,1
Liberty Mutual Insurance Group,2020-03,1,@LibertyMutual,11,0,0.0,0.0,0,0.0,0.0,,0.636364,1
Liberty Mutual Insurance Group,2020-04,1,@LibertyMutual,4,0,0.0,0.0,0,0.0,0.0,,0.5,1
Liberty Mutual Insurance Group,2020-05,1,@LibertyMutual,12,3,0.25,1.386294,1,0.25,0.3,0.25,0.166667,0
Liberty Mutual Insurance Group,2020-06,1,@LibertyMutual,1,0,0.0,0.0,0,0.0,,,1.0,1
Liberty Mutual Insurance Group,2020-07,1,@LibertyMutual,9,1,0.111111,0.693147,1,0.111111,0.2,0.111111,0.444444,0
Liberty Mutual Insurance Group,2020-08,1,@LibertyMutual,11,0,0.0,0.0,0,0.0,0.0,,0.727273,1
Liberty Mutual Insurance Group,2020-09,1,@LibertyMutual,14,0,0.0,0.0,0,0.0,0.0,,0.642857,1
Liberty Mutual Insurance Group,2020-10,1,@LibertyMutual,10,0,0.0,0.0,0,0.0,0.0,,0.8,1
Liberty Mutual Insurance Group,2020-11,1,@LibertyMutual,9,0,0.0,0.0,0,0.0,0.0,,0.777778,1
Liberty Mutual Insurance Group,2020-12,1,@LibertyMutual,9,2,0.222222,1.098612,1,0.222222,0.5,,0.555556,1
Liberty Mutual Insurance Group,2021-01,1,@LibertyMutual,6,1,0.166667,0.693147,1,0.166667,0.5,,0.666667,1
Liberty Mutual Insurance Group,2021-02,1,@LibertyMutual,8,0,0.0,0.0,0,0.0,0.0,,0.75,1
Liberty Mutual Insurance Group,2021-03,1,@LibertyMutual,11,0,0.0,0.0,0,0.0,0.0,0.0,0.454545,0
Liberty Mutual Insurance Group,2021-04,1,@LibertyMutual,7,1,0.142857,0.693147,1,0.142857,0.25,0.142857,0.428571,0
Liberty Mutual Insurance Group,2021-05,1,@LibertyMutual,3,0,0.0,0.0,0,0.0,0.0,,0.666667,1
Liberty Mutual Insurance Group,2021-06,1,@LibertyMutual,3,0,0.0,0.0,0,0.0,0.0,,0.666667,1
Liberty Mutual Insurance Group,2021-07,1,@LibertyMutual,6,0,0.0,0.0,0,0.0,0.0,,0.833333,1
Liberty Mutual Insurance Group,2021-08,1,@LibertyMutual,5,0,0.0,0.0,0,0.0,0.0,,0.8,1
Liberty Mutual Insurance Group,2021-09,1,@LibertyMutual,8,0,0.0,0.0,0,0.0,0.0,,0.875,1
Liberty Mutual Insurance Group,2021-10,1,@LibertyMutual,5,0,0.0,0.0,0,0.0,0.0,0.0,0.4,0
Liberty Mutual Insurance Group,2021-11,1,@LibertyMutual,13,0,0.0,0.0,0,0.0,0.0,,0.692308,1
Liberty Mutual Insurance Group,2021-12,1,@LibertyMutual,14,0,0.0,0.0,0,0.0,0.0,,0.642857,1
Liberty Mutual Insurance Group,2022-01,1,@LibertyMutual,5,1,0.2,0.693147,1,0.2,0.333333,0.2,0.4,0
Liberty Mutual Insurance Group,2022-02,1,@LibertyMutual,6,0,0.0,0.0,0,0.0,0.0,0.0,0.166667,0
Liberty Mutual Insurance Group,2022-03,1,@LibertyMutual,6,0,0.0,0.0,0,0.0,0.0,0.0,0.166667,0
Liberty Mutual Insurance Group,2022-04,1,@LibertyMutual,4,1,0.25,0.693147,1,0.25,0.5,,0.5,1
Liberty Mutual Insurance Group,2022-05,1,@LibertyMutual,5,0,0.0,0.0,0,0.0,0.0,,0.6,1
Liberty Mutual Insurance Group,2022-06,1,@LibertyMutual,6,0,0.0,0.0,0,0.0,0.0,0.0,0.333333,0
Liberty Mutual Insurance Group,2022-07,1,@LibertyMutual,9,0,0.0,0.0,0,0.0,0.0,0.0,0.222222,0
Liberty Mutual Insurance Group,2022-08,1,@LibertyMutual,2,0,0.0,0.0,0,0.0,0.0,,0.5,1
Liberty Mutual Insurance Group,2022-09,1,@LibertyMutual,7,0,0.0,0.0,0,0.0,0.0,0.0,0.285714,0
Liberty Mutual Insurance Group,2022-10,1,@LibertyMutual,7,1,0.142857,0.693147,1,0.142857,0.333333,,0.571429,1
Liberty Mutual Insurance Group,2022-11,1,@LibertyMutual,4,0,0.0,0.0,0,0.0,0.0,,0.75,1
Liberty Mutual Insurance Group,2022-12,1,@LibertyMutual,7,1,0.142857,0.693147,1,0.142857,0.25,0.142857,0.428571,0
Liberty Mutual Insurance Group,2023-01,1,@LibertyMutual,5,0,0.0,0.0,0,0.0,0.0,,0.6,1
Liberty Mutual Insurance Group,2023-02,1,@LibertyMutual,5,0,0.0,0.0,0,0.0,0.0,,0.6,1
Liberty Mutual Insurance Group,2023-03,1,@LibertyMutual,2,0,0.0,0.0,0,0.0,0.0,,0.5,1
Liberty Mutual Insurance Group,2023-04,1,@LibertyMutual,6,2,0.333333,1.098612,1,0.333333,0.666667,,0.5,1
Liberty Mutual Insurance Group,2023-05,1,@LibertyMutual,6,0,0.0,0.0,0,0.0,0.0,0.0,0.333333,0
Liberty Mutual Insurance Group,2023-06,1,@LibertyMutual,7,0,0.0,0.0,0,0.0,0.0,0.0,0.428571,0
Liberty Mutual Insurance Group,2023-07,1,@LibertyMutual,5,0,0.0,0.0,0,0.0,0.0,0.0,0.2,0
Liberty Mutual Insurance Group,2023-08,1,@LibertyMutual,8,0,0.0,0.0,0,0.0,0.0,,0.5,1
Liberty Mutual Insurance Group,2023-09,1,@LibertyMutual,8,1,0.125,0.693147,1,0.125,0.333333,,0.625,1
Liberty Mutual Insurance Group,2023-10,1,@LibertyMutual,5,0,0.0,0.0,0,0.0,0.0,,0.8,1
Liberty Mutual Insurance Group,2023-11,1,@LibertyMutual,5,0,0.0,0.0,0,0.0,0.0,0.0,0.2,0
Lockheed Martin,2024-09,1,@lockheedmartin,11,4,0.363636,1.609438,1,0.363636,0.444444,0.363636,0.181818,0
Lockheed Martin,2024-10,1,@lockheedmartin,21,1,0.047619,0.693147,1,0.047619,0.25,,0.809524,1
Lockheed Martin,2024-11,1,@lockheedmartin,25,6,0.24,1.94591,1,0.24,0.461538,0.24,0.48,0
Lockheed Martin,2024-12,1,@lockheedmartin,52,13,0.25,2.639057,1,0.25,0.481481,0.25,0.480769,0
Lockheed Martin,2025-01,1,@lockheedmartin,31,6,0.193548,1.94591,1,0.193548,0.4,,0.516129,1
Lockheed Martin,2025-02,1,@lockheedmartin,39,3,0.076923,1.386294,1,0.076923,0.142857,0.076923,0.461538,0
Lockheed Martin,2025-03,1,@lockheedmartin,52,6,0.115385,1.94591,1,0.115385,0.206897,0.115385,0.442308,0
Lockheed Martin,2025-04,1,@lockheedmartin,43,10,0.232558,2.397895,1,0.232558,0.5,,0.534884,1
Lockheed Martin,2025-05,1,@lockheedmartin,44,11,0.25,2.484907,1,0.25,0.5,,0.5,1
Lockheed Martin,2025-06,1,@lockheedmartin,37,3,0.081081,1.386294,1,0.081081,0.375,,0.783784,1
Lockheed Martin,2025-07,1,@lockheedmartin,36,9,0.25,2.302585,1,0.25,0.5,,0.5,1
Lockheed Martin,2025-08,1,@lockheedmartin,41,12,0.292683,2.564949,1,0.292683,0.521739,0.292683,0.439024,0
Lockheed Martin,2025-09,1,@lockheedmartin,23,8,0.347826,2.197225,1,0.347826,0.533333,0.347826,0.347826,0
Lockheed Martin,2025-10,1,@lockheedmartin,60,11,0.183333,2.484907,1,0.183333,0.34375,0.183333,0.466667,0
Lockheed Martin,2025-11,1,@lockheedmartin,37,5,0.135135,1.791759,1,0.135135,0.3125,,0.567568,1
Lockheed Martin,2025-12,1,@lockheedmartin,47,7,0.148936,2.079442,1,0.148936,0.466667,,0.680851,1
Lockheed Martin,2026-01,1,@lockheedmartin,58,15,0.258621,2.772589,1,0.258621,0.416667,0.258621,0.37931,0
Lockheed Martin,2026-02,1,@lockheedmartin,55,16,0.290909,2.833213,1,0.290909,0.533333,0.290909,0.454545,0
Lockheed Martin,2026-03,1,@lockheedmartin,25,5,0.2,1.791759,1,0.2,0.555556,,0.64,1
Lockheed Martin,2026-04,1,@lockheedmartin,49,7,0.142857,2.079442,1,0.142857,0.291667,,0.510204,1
Lockheed Martin,2026-05,1,@lockheedmartin,43,12,0.27907,2.564949,1,0.27907,0.48,0.27907,0.418605,0
Lockheed Martin,2026-06,1,@lockheedmartin,32,9,0.28125,2.302585,1,0.28125,0.6,,0.53125,1
Lowe's,2021-01,1,@lowes,12,0,0.0,0.0,0,0.0,0.0,,0.75,1
Lowe's,2021-02,1,@lowes,66,13,0.19697,2.639057,1,0.19697,0.448276,,0.560606,1
Lowe's,2021-03,1,@lowes,20,3,0.15,1.386294,1,0.15,0.428571,,0.65,1
Lowe's,2021-04,1,@lowes,25,4,0.16,1.609438,1,0.16,0.363636,,0.56,1
Lowe's,2021-05,1,@lowes,36,5,0.138889,1.791759,1,0.138889,0.357143,,0.611111,1
Lowe's,2021-06,1,@lowes,16,1,0.0625,0.693147,1,0.0625,0.25,,0.75,1
Lowe's,2021-07,1,@lowes,18,5,0.277778,1.791759,1,0.277778,0.625,,0.555556,1
Lowe's,2021-08,1,@lowes,14,3,0.214286,1.386294,1,0.214286,0.6,,0.642857,1
Lowe's,2021-09,1,@lowes,26,3,0.115385,1.386294,1,0.115385,0.428571,,0.730769,1
Lowe's,2021-10,1,@lowes,67,13,0.19403,2.639057,1,0.19403,0.419355,,0.537313,1
Lowe's,2021-11,1,@lowes,62,11,0.177419,2.484907,1,0.177419,0.34375,0.177419,0.483871,0
Lowe's,2021-12,1,@lowes,42,13,0.309524,2.639057,1,0.309524,0.65,,0.52381,1
Lowe's,2022-01,1,@lowes,20,1,0.05,0.693147,1,0.05,0.111111,,0.55,1
Lowe's,2022-02,1,@lowes,20,3,0.15,1.386294,1,0.15,0.3,,0.5,1
Lowe's,2022-03,1,@lowes,70,8,0.114286,2.197225,1,0.114286,0.296296,,0.614286,1
Lowe's,2022-04,1,@lowes,22,7,0.318182,2.079442,1,0.318182,0.636364,,0.5,1
Lowe's,2022-05,1,@lowes,16,1,0.0625,0.693147,1,0.0625,0.2,,0.6875,1
Lowe's,2022-06,1,@lowes,15,3,0.2,1.386294,1,0.2,0.375,0.2,0.466667,0
Lowe's,2022-07,1,@lowes,24,3,0.125,1.386294,1,0.125,0.333333,,0.625,1
Lowe's,2022-08,1,@lowes,13,2,0.153846,1.098612,1,0.153846,0.333333,,0.538462,1
Lowe's,2022-09,1,@lowes,16,3,0.1875,1.386294,1,0.1875,0.25,0.1875,0.25,0
Lowe's,2022-10,1,@lowes,19,2,0.105263,1.098612,1,0.105263,0.181818,0.105263,0.421053,0
Lowe's,2023-03,1,@lowes,2,0,0.0,0.0,0,0.0,0.0,0.0,0.0,0
Lowe's,2023-04,1,@lowes,10,2,0.2,1.098612,1,0.2,0.285714,0.2,0.3,0
Lowe's,2023-05,1,@lowes,14,1,0.071429,0.693147,1,0.071429,0.142857,,0.5,1
Lowe's,2023-06,1,@lowes,9,0,0.0,0.0,0,0.0,0.0,0.0,0.444444,0
Lowe's,2023-07,1,@lowes,1,0,0.0,0.0,0,0.0,0.0,0.0,0.0,0
Lowe's,2023-08,1,@lowes,3,0,0.0,0.0,0,0.0,0.0,0.0,0.333333,0
Lowe's,2023-09,1,@lowes,3,1,0.333333,0.693147,1,0.333333,1.0,,0.666667,1
Lowe's,2023-10,1,@lowes,3,2,0.666667,1.098612,1,0.666667,0.666667,0.666667,0.0,0
Lowe's,2023-11,1,@lowes,4,0,0.0,0.0,0,0.0,0.0,0.0,0.25,0
Lowe's,2023-12,1,@lowes,4,0,0.0,0.0,0,0.0,0.0,0.0,0.0,0
Lowe's,2024-01,1,@lowes,4,0,0.0,0.0,0,0.0,0.0,0.0,0.0,0
Lowe's,2024-02,1,@lowes,10,1,0.1,0.693147,1,0.1,0.142857,0.1,0.3,0
Lowe's,2024-03,1,@lowes,7,1,0.142857,0.693147,1,0.142857,0.5,,0.714286,1
Lowe's,2024-04,1,@lowes,4,1,0.25,0.693147,1,0.25,0.5,,0.5,1
Lowe's,2024-05,1,@lowes,7,1,0.142857,0.693147,1,0.142857,0.25,0.142857,0.428571,0
Lowe's,2024-06,1,@lowes,21,2,0.095238,1.098612,1,0.095238,0.166667,0.095238,0.428571,0
Lowe's,2024-07,1,@lowes,14,1,0.071429,0.693147,1,0.071429,0.1,0.071429,0.285714,0
Lowe's,2024-08,1,@lowes,5,0,0.0,0.0,0,0.0,0.0,0.0,0.2,0
Lowe's,2024-09,1,@lowes,8,1,0.125,0.693147,1,0.125,0.25,,0.5,1
Lowe's,2024-10,1,@lowes,13,2,0.153846,1.098612,1,0.153846,0.333333,,0.538462,1
Lowe's,2024-11,1,@lowes,6,0,0.0,0.0,0,0.0,0.0,,0.5,1
Lowe's,2024-12,1,@lowes,2,0,0.0,0.0,0,0.0,0.0,,0.5,1
Lowe's,2025-01,1,@lowes,4,0,0.0,0.0,0,0.0,0.0,,0.5,1
Lowe's,2025-02,1,@lowes,7,0,0.0,0.0,0,0.0,0.0,,0.714286,1
Lowe's,2025-03,1,@lowes,4,0,0.0,0.0,0,0.0,0.0,,0.5,1
Lowe's,2025-04,1,@lowes,11,1,0.090909,0.693147,1,0.090909,0.2,,0.545455,1
Lowe's,2025-05,1,@lowes,11,3,0.272727,1.386294,1,0.272727,0.375,0.272727,0.272727,0
Lowe's,2025-06,1,@lowes,7,0,0.0,0.0,0,0.0,0.0,,0.571429,1
Lowe's,2025-07,1,@lowes,3,0,0.0,0.0,0,0.0,0.0,,0.666667,1
Lowe's,2025-08,1,@lowes,5,0,0.0,0.0,0,0.0,0.0,0.0,0.4,0
Lowe's,2025-09,1,@lowes,2,1,0.5,0.693147,1,0.5,1.0,,0.5,1
Lowe's,2025-10,1,@lowes,5,3,0.6,1.386294,1,0.6,0.75,0.6,0.2,0
Lowe's,2025-11,1,@lowes,8,1,0.125,0.693147,1,0.125,0.2,0.125,0.375,0
Lowe's,2025-12,1,@lowes,2,0,0.0,0.0,0,0.0,0.0,0.0,0.0,0
Lowe's,2026-01,1,@lowes,5,1,0.2,0.693147,1,0.2,1.0,,0.8,1
Lowe's,2026-02,1,@lowes,7,2,0.285714,1.098612,1,0.285714,0.666667,,0.571429,1
Lowe's,2026-03,1,@lowes,9,2,0.222222,1.098612,1,0.222222,0.333333,0.222222,0.333333,0
Lowe's,2026-04,1,@lowes,13,0,0.0,0.0,0,0.0,0.0,,0.692308,1
Lowe's,2026-05,1,@lowes,6,0,0.0,0.0,0,0.0,0.0,0.0,0.333333,0
Lowe's,2026-06,1,@lowes,5,1,0.2,0.693147,1,0.2,0.25,0.2,0.2,0
Marathon Petroleum,2025-02,1,@MarathonPetroCo,15,2,0.133333,1.098612,1,0.133333,0.285714,,0.533333,1
Marathon Petroleum,2025-03,1,@MarathonPetroCo,28,2,0.071429,1.098612,1,0.071429,0.181818,,0.607143,1
Marathon Petroleum,2025-04,1,@MarathonPetroCo,24,2,0.083333,1.098612,1,0.083333,0.25,,0.666667,1
Marathon Petroleum,2025-05,1,@MarathonPetroCo,24,4,0.166667,1.609438,1,0.166667,0.333333,,0.5,1
Marathon Petroleum,2025-06,1,@MarathonPetroCo,29,5,0.172414,1.791759,1,0.172414,0.277778,0.172414,0.37931,0
Marathon Petroleum,2025-07,1,@MarathonPetroCo,20,2,0.1,1.098612,1,0.1,0.25,,0.6,1
Marathon Petroleum,2025-08,1,@MarathonPetroCo,29,4,0.137931,1.609438,1,0.137931,0.25,0.137931,0.448276,0
Marathon Petroleum,2025-09,1,@MarathonPetroCo,19,2,0.105263,1.098612,1,0.105263,0.153846,0.105263,0.315789,0
Marathon Petroleum,2025-10,1,@MarathonPetroCo,32,3,0.09375,1.386294,1,0.09375,0.176471,0.09375,0.46875,0
Marathon Petroleum,2025-11,1,@MarathonPetroCo,28,4,0.142857,1.609438,1,0.142857,0.25,0.142857,0.428571,0
Marathon Petroleum,2025-12,1,@MarathonPetroCo,17,5,0.294118,1.791759,1,0.294118,0.454545,0.294118,0.352941,0
Marathon Petroleum,2026-01,1,@MarathonPetroCo,17,2,0.117647,1.098612,1,0.117647,0.166667,0.117647,0.294118,0
Marathon Petroleum,2026-02,1,@MarathonPetroCo,15,1,0.066667,0.693147,1,0.066667,0.142857,,0.533333,1
Marathon Petroleum,2026-03,1,@MarathonPetroCo,17,2,0.117647,1.098612,1,0.117647,0.166667,0.117647,0.294118,0
Marathon Petroleum,2026-04,1,@MarathonPetroCo,16,0,0.0,0.0,0,0.0,0.0,,0.6875,1
Marathon Petroleum,2026-05,1,@MarathonPetroCo,34,2,0.058824,1.098612,1,0.058824,0.090909,0.058824,0.352941,0
Marathon Petroleum,2026-06,1,@MarathonPetroCo,13,2,0.153846,1.098612,1,0.153846,0.285714,0.153846,0.461538,0
Massachusetts Mutual Life,2019-10,1,@massmutual,10,0,0.0,0.0,0,0.0,0.0,,0.5,1
Massachusetts Mutual Life,2019-11,1,@massmutual,39,5,0.128205,1.791759,1,0.128205,0.277778,,0.538462,1
Massachusetts Mutual Life,2019-12,1,@massmutual,41,4,0.097561,1.609438,1,0.097561,0.25,,0.609756,1
Massachusetts Mutual Life,2020-01,1,@massmutual,32,7,0.21875,2.079442,1,0.21875,0.388889,0.21875,0.4375,0
Massachusetts Mutual Life,2020-02,1,@massmutual,30,5,0.166667,1.791759,1,0.166667,0.454545,,0.633333,1
Massachusetts Mutual Life,2020-03,1,@massmutual,21,2,0.095238,1.098612,1,0.095238,0.285714,,0.666667,1
Massachusetts Mutual Life,2020-04,1,@massmutual,19,2,0.105263,1.098612,1,0.105263,0.222222,,0.526316,1
Massachusetts Mutual Life,2020-05,1,@massmutual,23,2,0.086957,1.098612,1,0.086957,0.222222,,0.608696,1
Massachusetts Mutual Life,2020-06,1,@massmutual,15,3,0.2,1.386294,1,0.2,0.428571,,0.533333,1
Massachusetts Mutual Life,2020-07,1,@massmutual,13,1,0.076923,0.693147,1,0.076923,0.166667,,0.538462,1
Massachusetts Mutual Life,2020-08,1,@massmutual,22,6,0.272727,1.94591,1,0.272727,0.545455,,0.5,1
Massachusetts Mutual Life,2020-09,1,@massmutual,42,6,0.142857,1.94591,1,0.142857,0.272727,0.142857,0.47619,0
Massachusetts Mutual Life,2020-10,1,@massmutual,25,3,0.12,1.386294,1,0.12,0.272727,,0.56,1
Massachusetts Mutual Life,2020-11,1,@massmutual,29,3,0.103448,1.386294,1,0.103448,0.214286,,0.517241,1
Massachusetts Mutual Life,2020-12,1,@massmutual,18,3,0.166667,1.386294,1,0.166667,0.5,,0.666667,1
Massachusetts Mutual Life,2021-01,1,@massmutual,15,3,0.2,1.386294,1,0.2,0.6,,0.666667,1
Massachusetts Mutual Life,2021-02,1,@massmutual,11,1,0.090909,0.693147,1,0.090909,0.142857,0.090909,0.363636,0
Massachusetts Mutual Life,2021-03,1,@massmutual,16,1,0.0625,0.693147,1,0.0625,0.166667,,0.625,1
Massachusetts Mutual Life,2021-04,1,@massmutual,29,13,0.448276,2.639057,1,0.448276,0.722222,0.448276,0.37931,0
Massachusetts Mutual Life,2021-05,1,@massmutual,23,6,0.26087,1.94591,1,0.26087,0.545455,,0.521739,1
Massachusetts Mutual Life,2021-06,1,@massmutual,27,10,0.37037,2.397895,1,0.37037,0.625,0.37037,0.407407,0
Massachusetts Mutual Life,2021-07,1,@massmutual,28,4,0.142857,1.609438,1,0.142857,0.4,,0.642857,1
Massachusetts Mutual Life,2021-08,1,@massmutual,20,2,0.1,1.098612,1,0.1,0.333333,,0.7,1
Massachusetts Mutual Life,2021-09,1,@massmutual,27,7,0.259259,2.079442,1,0.259259,0.538462,,0.518519,1
Massachusetts Mutual Life,2021-10,1,@massmutual,24,6,0.25,1.94591,1,0.25,0.545455,,0.541667,1
Massachusetts Mutual Life,2021-11,1,@massmutual,23,5,0.217391,1.791759,1,0.217391,0.357143,0.217391,0.391304,0
Massachusetts Mutual Life,2021-12,1,@massmutual,20,3,0.15,1.386294,1,0.15,0.375,,0.6,1
Massachusetts Mutual Life,2022-01,1,@massmutual,17,4,0.235294,1.609438,1,0.235294,0.444444,0.235294,0.470588,0
Massachusetts Mutual Life,2022-02,1,@massmutual,15,2,0.133333,1.098612,1,0.133333,0.666667,,0.8,1
Massachusetts Mutual Life,2022-03,1,@massmutual,23,6,0.26087,1.94591,1,0.26087,0.545455,,0.521739,1
Massachusetts Mutual Life,2022-04,1,@massmutual,29,6,0.206897,1.94591,1,0.206897,0.4,0.206897,0.482759,0
Massachusetts Mutual Life,2022-05,1,@massmutual,26,5,0.192308,1.791759,1,0.192308,0.3125,0.192308,0.384615,0
Massachusetts Mutual Life,2022-06,1,@massmutual,24,4,0.166667,1.609438,1,0.166667,0.4,,0.583333,1
Massachusetts Mutual Life,2022-07,1,@massmutual,17,5,0.294118,1.791759,1,0.294118,0.5,0.294118,0.411765,0
Massachusetts Mutual Life,2022-08,1,@massmutual,12,3,0.25,1.386294,1,0.25,0.333333,0.25,0.25,0
Massachusetts Mutual Life,2022-09,1,@massmutual,20,1,0.05,0.693147,1,0.05,0.111111,,0.55,1
Massachusetts Mutual Life,2022-10,1,@massmutual,22,2,0.090909,1.098612,1,0.090909,0.285714,,0.681818,1
Massachusetts Mutual Life,2022-11,1,@massmutual,12,2,0.166667,1.098612,1,0.166667,0.333333,,0.5,1
McKesson,2021-12,1,@mckesson,27,3,0.111111,1.386294,1,0.111111,0.1875,0.111111,0.407407,0
McKesson,2022-01,1,@mckesson,20,2,0.1,1.098612,1,0.1,0.222222,,0.55,1
McKesson,2022-02,1,@mckesson,18,3,0.166667,1.386294,1,0.166667,0.272727,0.166667,0.388889,0
McKesson,2022-03,1,@mckesson,31,3,0.096774,1.386294,1,0.096774,0.214286,,0.548387,1
McKesson,2022-04,1,@mckesson,15,1,0.066667,0.693147,1,0.066667,0.1,0.066667,0.333333,0
McKesson,2022-05,1,@mckesson,16,1,0.0625,0.693147,1,0.0625,0.1,0.0625,0.375,0
McKesson,2022-06,1,@mckesson,17,3,0.176471,1.386294,1,0.176471,0.25,0.176471,0.294118,0
McKesson,2022-07,1,@mckesson,16,3,0.1875,1.386294,1,0.1875,0.3,0.1875,0.375,0
McKesson,2022-08,1,@mckesson,23,2,0.086957,1.098612,1,0.086957,0.142857,0.086957,0.391304,0
McKesson,2022-09,1,@mckesson,24,2,0.083333,1.098612,1,0.083333,0.142857,0.083333,0.416667,0
McKesson,2022-10,1,@mckesson,23,4,0.173913,1.609438,1,0.173913,0.307692,0.173913,0.434783,0
McKesson,2022-11,1,@mckesson,28,1,0.035714,0.693147,1,0.035714,0.066667,0.035714,0.464286,0
McKesson,2022-12,1,@mckesson,28,2,0.071429,1.098612,1,0.071429,0.153846,,0.535714,1
McKesson,2023-01,1,@mckesson,22,4,0.181818,1.609438,1,0.181818,0.363636,,0.5,1
McKesson,2023-02,1,@mckesson,23,1,0.043478,0.693147,1,0.043478,0.111111,,0.608696,1
McKesson,2023-03,1,@mckesson,19,3,0.157895,1.386294,1,0.157895,0.230769,0.157895,0.315789,0
McKesson,2023-04,1,@mckesson,18,0,0.0,0.0,0,0.0,0.0,,0.611111,1
McKesson,2023-05,1,@mckesson,16,1,0.0625,0.693147,1,0.0625,0.1,0.0625,0.375,0
McKesson,2023-06,1,@mckesson,17,1,0.058824,0.693147,1,0.058824,0.166667,,0.647059,1
McKesson,2023-07,1,@mckesson,15,0,0.0,0.0,0,0.0,0.0,,0.733333,1
McKesson,2023-08,1,@mckesson,18,0,0.0,0.0,0,0.0,0.0,,0.666667,1
McKesson,2023-09,1,@mckesson,19,4,0.210526,1.609438,1,0.210526,0.363636,0.210526,0.421053,0
McKesson,2023-10,1,@mckesson,16,1,0.0625,0.693147,1,0.0625,0.166667,,0.625,1
McKesson,2023-11,1,@mckesson,13,0,0.0,0.0,0,0.0,0.0,,0.538462,1
McKesson,2023-12,1,@mckesson,11,1,0.090909,0.693147,1,0.090909,0.25,,0.636364,1
McKesson,2024-01,1,@mckesson,17,2,0.117647,1.098612,1,0.117647,0.2,0.117647,0.411765,0
McKesson,2024-02,1,@mckesson,21,1,0.047619,0.693147,1,0.047619,0.1,,0.52381,1
McKesson,2024-03,1,@mckesson,19,1,0.052632,0.693147,1,0.052632,0.125,,0.578947,1
McKesson,2024-04,1,@mckesson,19,1,0.052632,0.693147,1,0.052632,0.142857,,0.631579,1
McKesson,2024-05,1,@mckesson,18,3,0.166667,1.386294,1,0.166667,0.272727,0.166667,0.388889,0
McKesson,2024-06,1,@mckesson,18,4,0.222222,1.609438,1,0.222222,0.363636,0.222222,0.388889,0
McKesson,2024-07,1,@mckesson,14,0,0.0,0.0,0,0.0,0.0,0.0,0.428571,0
McKesson,2024-08,1,@mckesson,16,2,0.125,1.098612,1,0.125,0.153846,0.125,0.1875,0
McKesson,2024-09,1,@mckesson,15,2,0.133333,1.098612,1,0.133333,0.25,0.133333,0.466667,0
McKesson,2024-10,1,@mckesson,17,2,0.117647,1.098612,1,0.117647,0.25,,0.529412,1
McKesson,2024-11,1,@mckesson,5,0,0.0,0.0,0,0.0,0.0,0.0,0.4,0
McKesson,2025-01,1,@mckesson,9,0,0.0,0.0,0,0.0,0.0,0.0,0.444444,0
McKesson,2025-02,1,@mckesson,9,1,0.111111,0.693147,1,0.111111,0.25,,0.555556,1
McKesson,2025-03,1,@mckesson,5,1,0.2,0.693147,1,0.2,1.0,,0.8,1
McKesson,2025-04,1,@mckesson,6,1,0.166667,0.693147,1,0.166667,0.5,,0.666667,1
McKesson,2025-05,1,@mckesson,6,1,0.166667,0.693147,1,0.166667,0.333333,,0.5,1
McKesson,2025-06,1,@mckesson,10,1,0.1,0.693147,1,0.1,0.333333,,0.7,1
McKesson,2025-07,1,@mckesson,7,3,0.428571,1.386294,1,0.428571,0.6,0.428571,0.285714,0
McKesson,2025-08,1,@mckesson,8,2,0.25,1.098612,1,0.25,0.5,,0.5,1
McKesson,2025-09,1,@mckesson,9,2,0.222222,1.098612,1,0.222222,1.0,,0.777778,1
McKesson,2025-10,1,@mckesson,14,2,0.142857,1.098612,1,0.142857,0.222222,0.142857,0.357143,0
McKesson,2025-11,1,@mckesson,5,1,0.2,0.693147,1,0.2,0.333333,0.2,0.4,0
McKesson,2025-12,1,@mckesson,14,2,0.142857,1.098612,1,0.142857,0.285714,,0.5,1
McKesson,2026-01,1,@mckesson,8,1,0.125,0.693147,1,0.125,0.333333,,0.625,1
McKesson,2026-02,1,@mckesson,11,1,0.090909,0.693147,1,0.090909,0.142857,0.090909,0.363636,0
McKesson,2026-03,1,@mckesson,10,1,0.1,0.693147,1,0.1,0.25,,0.6,1
McKesson,2026-04,1,@mckesson,12,3,0.25,1.386294,1,0.25,0.428571,0.25,0.416667,0
McKesson,2026-05,1,@mckesson,14,1,0.071429,0.693147,1,0.071429,0.166667,,0.571429,1
McKesson,2026-06,1,@mckesson,11,2,0.181818,1.098612,1,0.181818,0.333333,0.181818,0.454545,0
Merck,2020-10,1,@merck,21,1,0.047619,0.693147,1,0.047619,0.076923,0.047619,0.380952,0
Merck,2020-11,1,@merck,27,1,0.037037,0.693147,1,0.037037,0.071429,0.037037,0.481481,0
Merck,2021-01,1,@merck,24,0,0.0,0.0,0,0.0,0.0,0.0,0.333333,0
Merck,2021-02,1,@merck,43,1,0.023256,0.693147,1,0.023256,0.047619,,0.511628,1
Merck,2021-03,1,@merck,49,8,0.163265,2.197225,1,0.163265,0.307692,0.163265,0.469388,0
Merck,2021-04,1,@merck,6,2,0.333333,1.098612,1,0.333333,0.666667,,0.5,1
Merck,2021-05,1,@merck,33,9,0.272727,2.302585,1,0.272727,0.36,0.272727,0.242424,0
Merck,2021-06,1,@merck,38,3,0.078947,1.386294,1,0.078947,0.15,0.078947,0.473684,0
Merck,2021-07,1,@merck,6,1,0.166667,0.693147,1,0.166667,1.0,,0.833333,1
Merck,2021-08,1,@merck,3,0,0.0,0.0,0,0.0,0.0,,0.666667,1
Merck,2021-09,1,@merck,2,0,0.0,0.0,0,0.0,0.0,0.0,0.0,0
Merck,2021-10,1,@merck,2,1,0.5,0.693147,1,0.5,1.0,,0.5,1
Merck,2021-12,1,@merck,1,0,0.0,0.0,0,0.0,,,1.0,1
Merck,2022-01,1,@merck,1,0,0.0,0.0,0,0.0,0.0,0.0,0.0,0
Merck,2022-02,1,@merck,4,0,0.0,0.0,0,0.0,0.0,0.0,0.25,0
Merck,2022-03,1,@merck,2,1,0.5,0.693147,1,0.5,0.5,0.5,0.0,0
Merck,2022-05,1,@merck,1,0,0.0,0.0,0,0.0,0.0,0.0,0.0,0
Merck,2022-06,1,@merck,7,1,0.142857,0.693147,1,0.142857,0.333333,,0.571429,1
Merck,2023-11,1,@merck,3,2,0.666667,1.098612,1,0.666667,1.0,0.666667,0.333333,0
Merck,2023-12,1,@merck,1,0,0.0,0.0,0,0.0,,,1.0,1
Merck,2024-01,1,@merck,4,0,0.0,0.0,0,0.0,0.0,0.0,0.25,0
Merck,2024-02,1,@merck,5,0,0.0,0.0,0,0.0,0.0,0.0,0.4,0
Merck,2024-03,1,@merck,6,0,0.0,0.0,0,0.0,0.0,,0.5,1
Merck,2024-04,1,@merck,7,0,0.0,0.0,0,0.0,0.0,0.0,0.142857,0
Merck,2024-05,1,@merck,7,0,0.0,0.0,0,0.0,0.0,0.0,0.285714,0
Merck,2024-06,1,@merck,6,0,0.0,0.0,0,0.0,0.0,0.0,0.333333,0
Merck,2024-07,1,@merck,8,0,0.0,0.0,0,0.0,0.0,0.0,0.0,0
Merck,2024-08,1,@merck,7,0,0.0,0.0,0,0.0,0.0,0.0,0.428571,0
Merck,2024-09,1,@merck,15,0,0.0,0.0,0,0.0,0.0,0.0,0.4,0
Merck,2024-10,1,@merck,14,0,0.0,0.0,0,0.0,0.0,,0.5,1
Merck,2024-11,1,@merck,8,0,0.0,0.0,0,0.0,0.0,0.0,0.375,0
Merck,2024-12,1,@merck,11,0,0.0,0.0,0,0.0,0.0,0.0,0.181818,0
Merck,2025-01,1,@merck,5,0,0.0,0.0,0,0.0,0.0,0.0,0.2,0
Merck,2025-02,1,@merck,7,0,0.0,0.0,0,0.0,0.0,,0.571429,1
Merck,2025-03,1,@merck,6,0,0.0,0.0,0,0.0,0.0,0.0,0.0,0
Merck,2025-04,1,@merck,6,0,0.0,0.0,0,0.0,0.0,0.0,0.0,0
Merck,2025-05,1,@merck,9,0,0.0,0.0,0,0.0,0.0,0.0,0.444444,0
Merck,2025-06,1,@merck,6,0,0.0,0.0,0,0.0,0.0,0.0,0.333333,0
Merck,2025-07,1,@merck,7,0,0.0,0.0,0,0.0,0.0,0.0,0.428571,0
Merck,2025-08,1,@merck,5,0,0.0,0.0,0,0.0,0.0,0.0,0.2,0
Merck,2025-09,1,@merck,8,0,0.0,0.0,0,0.0,0.0,,0.625,1
Merck,2025-10,1,@merck,22,0,0.0,0.0,0,0.0,0.0,0.0,0.363636,0
Merck,2025-11,1,@merck,9,1,0.111111,0.693147,1,0.111111,0.25,,0.555556,1
Merck,2025-12,1,@merck,5,0,0.0,0.0,0,0.0,0.0,0.0,0.4,0
Merck,2026-01,1,@merck,3,0,0.0,0.0,0,0.0,0.0,,0.666667,1
Merck,2026-02,1,@merck,11,0,0.0,0.0,0,0.0,0.0,0.0,0.363636,0
Merck,2026-03,1,@merck,5,0,0.0,0.0,0,0.0,0.0,0.0,0.4,0
Merck,2026-04,1,@merck,11,0,0.0,0.0,0,0.0,0.0,0.0,0.454545,0
Merck,2026-05,1,@merck,6,0,0.0,0.0,0,0.0,0.0,,0.833333,1
Merck,2026-06,1,@merck,4,1,0.25,0.693147,1,0.25,0.333333,0.25,0.25,0
MetLife,2020-10,1,@metlife,16,4,0.25,1.609438,1,0.25,0.666667,,0.625,1
MetLife,2020-11,1,@metlife,22,2,0.090909,1.098612,1,0.090909,0.153846,0.090909,0.409091,0
MetLife,2020-12,1,@metlife,19,4,0.210526,1.609438,1,0.210526,0.307692,0.210526,0.315789,0
MetLife,2021-01,1,@metlife,20,1,0.05,0.693147,1,0.05,0.166667,,0.7,1
MetLife,2021-02,1,@metlife,22,2,0.090909,1.098612,1,0.090909,0.142857,0.090909,0.363636,0
MetLife,2021-03,1,@metlife,23,1,0.043478,0.693147,1,0.043478,0.083333,0.043478,0.478261,0
MetLife,2021-04,1,@metlife,27,5,0.185185,1.791759,1,0.185185,0.416667,,0.555556,1
MetLife,2021-05,1,@metlife,14,2,0.142857,1.098612,1,0.142857,0.285714,,0.5,1
MetLife,2021-06,1,@metlife,17,0,0.0,0.0,0,0.0,0.0,,0.588235,1
MetLife,2021-07,1,@metlife,14,1,0.071429,0.693147,1,0.071429,0.125,0.071429,0.428571,0
MetLife,2021-08,1,@metlife,9,1,0.111111,0.693147,1,0.111111,0.166667,0.111111,0.333333,0
MetLife,2021-09,1,@metlife,18,3,0.166667,1.386294,1,0.166667,0.375,,0.555556,1
MetLife,2021-10,1,@metlife,19,0,0.0,0.0,0,0.0,0.0,0.0,0.473684,0
MetLife,2021-11,1,@metlife,21,2,0.095238,1.098612,1,0.095238,0.181818,0.095238,0.47619,0
MetLife,2021-12,1,@metlife,11,3,0.272727,1.386294,1,0.272727,0.75,,0.636364,1
MetLife,2022-01,1,@metlife,6,3,0.5,1.386294,1,0.5,0.75,0.5,0.333333,0
MetLife,2022-02,1,@metlife,21,2,0.095238,1.098612,1,0.095238,0.333333,,0.714286,1
MetLife,2022-03,1,@metlife,25,5,0.2,1.791759,1,0.2,0.416667,,0.52,1
MetLife,2022-04,1,@metlife,29,4,0.137931,1.609438,1,0.137931,0.4,,0.655172,1
MetLife,2022-05,1,@metlife,21,2,0.095238,1.098612,1,0.095238,0.181818,0.095238,0.47619,0
MetLife,2022-06,1,@metlife,27,3,0.111111,1.386294,1,0.111111,0.157895,0.111111,0.296296,0
MetLife,2022-07,1,@metlife,17,3,0.176471,1.386294,1,0.176471,0.428571,,0.588235,1
MetLife,2022-08,1,@metlife,38,9,0.236842,2.302585,1,0.236842,0.409091,0.236842,0.421053,0
MetLife,2022-09,1,@metlife,38,10,0.263158,2.397895,1,0.263158,0.416667,0.263158,0.368421,0
MetLife,2022-10,1,@metlife,39,10,0.25641,2.397895,1,0.25641,0.37037,0.25641,0.307692,0
MetLife,2022-11,1,@metlife,43,14,0.325581,2.70805,1,0.325581,0.583333,0.325581,0.44186,0
MetLife,2022-12,1,@metlife,28,6,0.214286,1.94591,1,0.214286,0.5,,0.571429,1
MetLife,2023-01,1,@metlife,18,4,0.222222,1.609438,1,0.222222,0.444444,,0.5,1
MetLife,2023-02,1,@metlife,5,1,0.2,0.693147,1,0.2,0.333333,0.2,0.4,0
MetLife,2023-03,1,@metlife,18,3,0.166667,1.386294,1,0.166667,0.428571,,0.611111,1
MetLife,2023-04,1,@metlife,12,2,0.166667,1.098612,1,0.166667,0.5,,0.666667,1
MetLife,2023-05,1,@metlife,9,1,0.111111,0.693147,1,0.111111,0.142857,0.111111,0.222222,0
MetLife,2023-06,1,@metlife,10,2,0.2,1.098612,1,0.2,0.285714,0.2,0.3,0
MetLife,2023-07,1,@metlife,12,2,0.166667,1.098612,1,0.166667,0.285714,0.166667,0.416667,0
MetLife,2023-08,1,@metlife,13,3,0.230769,1.386294,1,0.230769,0.5,,0.538462,1
MetLife,2023-09,1,@metlife,19,5,0.263158,1.791759,1,0.263158,0.555556,,0.526316,1
MetLife,2023-10,1,@metlife,41,17,0.414634,2.890372,1,0.414634,0.73913,0.414634,0.439024,0
MetLife,2024-02,1,@metlife,1,0,0.0,0.0,0,0.0,,,1.0,1
MetLife,2025-09,1,@metlife,1,0,0.0,0.0,0,0.0,,,1.0,1
MetLife,2025-10,1,@metlife,4,1,0.25,0.693147,1,0.25,1.0,,0.75,1
MetLife,2025-11,1,@metlife,5,0,0.0,0.0,0,0.0,0.0,0.0,0.4,0
MetLife,2025-12,1,@metlife,1,0,0.0,0.0,0,0.0,,,1.0,1
MetLife,2026-04,1,@metlife,1,0,0.0,0.0,0,0.0,,,1.0,1
MetLife,2026-05,1,@metlife,7,1,0.142857,0.693147,1,0.142857,0.333333,,0.571429,1
Meta Platforms,2023-02,1,@Meta,12,2,0.166667,1.098612,1,0.166667,0.285714,0.166667,0.416667,0
Meta Platforms,2023-03,1,@Meta,4,0,0.0,0.0,0,0.0,0.0,0.0,0.25,0
Meta Platforms,2023-04,1,@Meta,3,1,0.333333,0.693147,1,0.333333,1.0,,0.666667,1
Meta Platforms,2023-05,1,@Meta,3,3,1.0,1.386294,1,1.0,1.0,1.0,0.0,0
Meta Platforms,2023-06,1,@Meta,7,1,0.142857,0.693147,1,0.142857,0.25,0.142857,0.428571,0
Meta Platforms,2023-07,1,@Meta,4,0,0.0,0.0,0,0.0,0.0,,0.75,1
Meta Platforms,2023-12,1,@Meta,4,1,0.25,0.693147,1,0.25,0.333333,0.25,0.25,0
Meta Platforms,2024-01,1,@Meta,6,0,0.0,0.0,0,0.0,0.0,,0.833333,1
Meta Platforms,2024-03,1,@Meta,2,0,0.0,0.0,0,0.0,0.0,,0.5,1
Meta Platforms,2024-04,1,@Meta,13,2,0.153846,1.098612,1,0.153846,0.2,0.153846,0.230769,0
Meta Platforms,2024-05,1,@Meta,11,1,0.090909,0.693147,1,0.090909,0.166667,0.090909,0.454545,0
Meta Platforms,2024-06,1,@Meta,4,0,0.0,0.0,0,0.0,0.0,0.0,0.25,0
Meta Platforms,2024-07,1,@Meta,13,1,0.076923,0.693147,1,0.076923,0.166667,,0.538462,1
Meta Platforms,2024-08,1,@Meta,3,0,0.0,0.0,0,0.0,,,1.0,1
Meta Platforms,2024-09,1,@Meta,17,1,0.058824,0.693147,1,0.058824,0.125,,0.529412,1
Meta Platforms,2024-10,1,@Meta,13,0,0.0,0.0,0,0.0,0.0,,0.692308,1
Meta Platforms,2024-12,1,@Meta,3,1,0.333333,0.693147,1,0.333333,1.0,,0.666667,1
Meta Platforms,2025-02,1,@Meta,2,0,0.0,0.0,0,0.0,0.0,,0.5,1
Meta Platforms,2025-03,1,@Meta,1,0,0.0,0.0,0,0.0,0.0,0.0,0.0,0
Meta Platforms,2025-04,1,@Meta,6,2,0.333333,1.098612,1,0.333333,0.666667,,0.5,1
Meta Platforms,2025-06,1,@Meta,2,1,0.5,0.693147,1,0.5,1.0,,0.5,1
Meta Platforms,2025-07,1,@Meta,3,0,0.0,0.0,0,0.0,,,1.0,1
Meta Platforms,2025-08,1,@Meta,1,0,0.0,0.0,0,0.0,,,1.0,1
Meta Platforms,2025-09,1,@Meta,2,0,0.0,0.0,0,0.0,0.0,0.0,0.0,0
Meta Platforms,2025-10,1,@Meta,2,0,0.0,0.0,0,0.0,0.0,,0.5,1
Meta Platforms,2026-02,1,@Meta,3,1,0.333333,0.693147,1,0.333333,1.0,,0.666667,1
Meta Platforms,2026-03,1,@Meta,1,0,0.0,0.0,0,0.0,0.0,0.0,0.0,0
Meta Platforms,2026-04,1,@Meta,2,0,0.0,0.0,0,0.0,0.0,0.0,0.0,0
Meta Platforms,2026-06,1,@Meta,4,1,0.25,0.693147,1,0.25,0.5,,0.5,1
Microsoft,2024-11,1,@microsoft,28,9,0.321429,2.302585,1,0.321429,0.5,0.321429,0.357143,0
Microsoft,2024-12,1,@microsoft,29,6,0.206897,1.94591,1,0.206897,0.315789,0.206897,0.344828,0
Microsoft,2025-01,1,@microsoft,30,8,0.266667,2.197225,1,0.266667,0.444444,0.266667,0.4,0
Microsoft,2025-02,1,@microsoft,37,9,0.243243,2.302585,1,0.243243,0.409091,0.243243,0.405405,0
Microsoft,2025-03,1,@microsoft,44,6,0.136364,1.94591,1,0.136364,0.25,0.136364,0.454545,0
Microsoft,2025-04,1,@microsoft,29,2,0.068966,1.098612,1,0.068966,0.153846,,0.551724,1
Microsoft,2025-05,1,@microsoft,34,9,0.264706,2.302585,1,0.264706,0.5625,,0.529412,1
Microsoft,2025-06,1,@microsoft,27,2,0.074074,1.098612,1,0.074074,0.142857,0.074074,0.481481,0
Microsoft,2025-07,1,@microsoft,13,1,0.076923,0.693147,1,0.076923,0.111111,0.076923,0.307692,0
Microsoft,2025-08,1,@microsoft,15,5,0.333333,1.791759,1,0.333333,0.833333,,0.6,1
Microsoft,2025-09,1,@microsoft,41,9,0.219512,2.302585,1,0.219512,0.529412,,0.585366,1
Microsoft,2025-10,1,@microsoft,53,12,0.226415,2.564949,1,0.226415,0.4,0.226415,0.433962,0
Microsoft,2025-11,1,@microsoft,76,4,0.052632,1.609438,1,0.052632,0.121212,,0.565789,1
Microsoft,2025-12,1,@microsoft,19,1,0.052632,0.693147,1,0.052632,0.142857,,0.631579,1
Microsoft,2026-01,1,@microsoft,9,1,0.111111,0.693147,1,0.111111,0.166667,0.111111,0.333333,0
Microsoft,2026-02,1,@microsoft,17,2,0.117647,1.098612,1,0.117647,0.4,,0.705882,1
Microsoft,2026-03,1,@microsoft,22,3,0.136364,1.386294,1,0.136364,0.272727,,0.5,1
Microsoft,2026-04,1,@microsoft,26,4,0.153846,1.609438,1,0.153846,0.571429,,0.730769,1
Microsoft,2026-05,1,@microsoft,45,9,0.2,2.302585,1,0.2,0.375,0.2,0.466667,0
Microsoft,2026-06,1,@microsoft,66,11,0.166667,2.484907,1,0.166667,0.34375,,0.515152,1
MoonPie,2012-04,1,@MoonPie,1,0,0.0,0.0,0,0.0,0.0,0.0,0.0,0
MoonPie,2012-08,1,@MoonPie,1,0,0.0,0.0,0,0.0,,,1.0,1
MoonPie,2016-12,1,@MoonPie,1,0,0.0,0.0,0,0.0,0.0,0.0,0.0,0
MoonPie,2017-06,1,@MoonPie,17,1,0.058824,0.693147,1,0.058824,0.1,0.058824,0.411765,0
MoonPie,2017-07,1,@MoonPie,25,0,0.0,0.0,0,0.0,0.0,,0.52,1
MoonPie,2017-08,1,@MoonPie,56,4,0.071429,1.609438,1,0.071429,0.129032,0.071429,0.446429,0
MoonPie,2017-09,1,@MoonPie,39,3,0.076923,1.386294,1,0.076923,0.115385,0.076923,0.333333,0
MoonPie,2017-10,1,@MoonPie,52,2,0.038462,1.098612,1,0.038462,0.064516,0.038462,0.403846,0
MoonPie,2017-11,1,@MoonPie,42,1,0.02381,0.693147,1,0.02381,0.041667,0.02381,0.428571,0
MoonPie,2017-12,1,@MoonPie,52,5,0.096154,1.791759,1,0.096154,0.142857,0.096154,0.326923,0
MoonPie,2018-01,1,@MoonPie,38,3,0.078947,1.386294,1,0.078947,0.15,0.078947,0.473684,0
MoonPie,2018-02,1,@MoonPie,31,1,0.032258,0.693147,1,0.032258,0.0625,0.032258,0.483871,0
MoonPie,2018-03,1,@MoonPie,20,1,0.05,0.693147,1,0.05,0.1,,0.5,1
MoonPie,2018-04,1,@MoonPie,18,3,0.166667,1.386294,1,0.166667,0.272727,0.166667,0.388889,0
MoonPie,2018-05,1,@MoonPie,21,2,0.095238,1.098612,1,0.095238,0.181818,0.095238,0.47619,0
MoonPie,2018-06,1,@MoonPie,14,1,0.071429,0.693147,1,0.071429,0.125,0.071429,0.428571,0
MoonPie,2018-07,1,@MoonPie,14,0,0.0,0.0,0,0.0,0.0,,0.571429,1
MoonPie,2018-08,1,@MoonPie,9,2,0.222222,1.098612,1,0.222222,0.5,,0.555556,1
MoonPie,2018-09,1,@MoonPie,9,0,0.0,0.0,0,0.0,0.0,0.0,0.333333,0
MoonPie,2018-10,1,@MoonPie,13,0,0.0,0.0,0,0.0,0.0,0.0,0.384615,0
MoonPie,2018-11,1,@MoonPie,13,2,0.153846,1.098612,1,0.153846,0.285714,0.153846,0.461538,0
MoonPie,2018-12,1,@MoonPie,9,1,0.111111,0.693147,1,0.111111,0.2,0.111111,0.444444,0
MoonPie,2019-01,1,@MoonPie,12,0,0.0,0.0,0,0.0,0.0,,0.666667,1
MoonPie,2019-02,1,@MoonPie,15,0,0.0,0.0,0,0.0,0.0,0.0,0.4,0
MoonPie,2019-03,1,@MoonPie,11,1,0.090909,0.693147,1,0.090909,0.142857,0.090909,0.363636,0
MoonPie,2019-04,1,@MoonPie,11,1,0.090909,0.693147,1,0.090909,0.166667,0.090909,0.454545,0
MoonPie,2019-05,1,@MoonPie,15,0,0.0,0.0,0,0.0,0.0,,0.666667,1
MoonPie,2019-06,1,@MoonPie,9,0,0.0,0.0,0,0.0,0.0,0.0,0.111111,0
MoonPie,2019-07,1,@MoonPie,15,0,0.0,0.0,0,0.0,0.0,0.0,0.4,0
MoonPie,2019-08,1,@MoonPie,8,1,0.125,0.693147,1,0.125,0.2,0.125,0.375,0
MoonPie,2019-09,1,@MoonPie,9,1,0.111111,0.693147,1,0.111111,0.166667,0.111111,0.333333,0
MoonPie,2019-10,1,@MoonPie,8,0,0.0,0.0,0,0.0,0.0,0.0,0.375,0
MoonPie,2019-11,1,@MoonPie,6,0,0.0,0.0,0,0.0,0.0,,0.666667,1
MoonPie,2019-12,1,@MoonPie,7,0,0.0,0.0,0,0.0,0.0,0.0,0.0,0
MoonPie,2020-01,1,@MoonPie,13,0,0.0,0.0,0,0.0,0.0,0.0,0.461538,0
MoonPie,2020-02,1,@MoonPie,7,1,0.142857,0.693147,1,0.142857,0.333333,,0.571429,1
MoonPie,2020-03,1,@MoonPie,8,0,0.0,0.0,0,0.0,0.0,0.0,0.0,0
MoonPie,2020-04,1,@MoonPie,8,0,0.0,0.0,0,0.0,0.0,,0.5,1
MoonPie,2020-05,1,@MoonPie,10,1,0.1,0.693147,1,0.1,0.333333,,0.7,1
MoonPie,2020-06,1,@MoonPie,5,0,0.0,0.0,0,0.0,0.0,0.0,0.2,0
MoonPie,2020-07,1,@MoonPie,5,0,0.0,0.0,0,0.0,0.0,0.0,0.4,0
MoonPie,2020-08,1,@MoonPie,6,0,0.0,0.0,0,0.0,0.0,,0.666667,1
MoonPie,2020-09,1,@MoonPie,5,0,0.0,0.0,0,0.0,0.0,,0.6,1
MoonPie,2020-10,1,@MoonPie,11,0,0.0,0.0,0,0.0,0.0,0.0,0.454545,0
MoonPie,2020-11,1,@MoonPie,7,0,0.0,0.0,0,0.0,0.0,,0.571429,1
MoonPie,2020-12,1,@MoonPie,11,0,0.0,0.0,0,0.0,0.0,,0.545455,1
MoonPie,2021-01,1,@MoonPie,7,1,0.142857,0.693147,1,0.142857,0.25,0.142857,0.428571,0
MoonPie,2021-02,1,@MoonPie,7,0,0.0,0.0,0,0.0,0.0,0.0,0.142857,0
MoonPie,2021-03,1,@MoonPie,8,0,0.0,0.0,0,0.0,0.0,,0.625,1
MoonPie,2021-04,1,@MoonPie,5,0,0.0,0.0,0,0.0,0.0,,0.6,1
MoonPie,2021-05,1,@MoonPie,7,0,0.0,0.0,0,0.0,0.0,0.0,0.428571,0
MoonPie,2021-06,1,@MoonPie,4,1,0.25,0.693147,1,0.25,0.5,,0.5,1
MoonPie,2021-07,1,@MoonPie,3,0,0.0,0.0,0,0.0,0.0,,0.666667,1
MoonPie,2021-08,1,@MoonPie,1,0,0.0,0.0,0,0.0,,,1.0,1
MoonPie,2021-09,1,@MoonPie,4,1,0.25,0.693147,1,0.25,0.25,0.25,0.0,0
MoonPie,2021-10,1,@MoonPie,6,1,0.166667,0.693147,1,0.166667,0.25,0.166667,0.333333,0
MoonPie,2021-11,1,@MoonPie,2,0,0.0,0.0,0,0.0,0.0,0.0,0.0,0
MoonPie,2021-12,1,@MoonPie,8,1,0.125,0.693147,1,0.125,0.2,0.125,0.375,0
MoonPie,2022-01,1,@MoonPie,4,0,0.0,0.0,0,0.0,0.0,,0.75,1
MoonPie,2022-02,1,@MoonPie,2,0,0.0,0.0,0,0.0,,,1.0,1
MoonPie,2022-03,1,@MoonPie,6,0,0.0,0.0,0,0.0,0.0,0.0,0.333333,0
MoonPie,2022-04,1,@MoonPie,6,0,0.0,0.0,0,0.0,0.0,,0.5,1
MoonPie,2022-05,1,@MoonPie,7,0,0.0,0.0,0,0.0,0.0,0.0,0.428571,0
MoonPie,2022-06,1,@MoonPie,11,1,0.090909,0.693147,1,0.090909,0.125,0.090909,0.272727,0
MoonPie,2022-07,1,@MoonPie,1,0,0.0,0.0,0,0.0,0.0,0.0,0.0,0
MoonPie,2022-08,1,@MoonPie,3,0,0.0,0.0,0,0.0,,,1.0,1
MoonPie,2022-09,1,@MoonPie,3,1,0.333333,0.693147,1,0.333333,1.0,,0.666667,1
MoonPie,2022-10,1,@MoonPie,1,0,0.0,0.0,0,0.0,0.0,0.0,0.0,0
MoonPie,2022-11,1,@MoonPie,2,0,0.0,0.0,0,0.0,0.0,0.0,0.0,0
MoonPie,2022-12,1,@MoonPie,4,0,0.0,0.0,0,0.0,,,1.0,1
MoonPie,2023-01,1,@MoonPie,3,0,0.0,0.0,0,0.0,0.0,,0.666667,1
MoonPie,2023-02,1,@MoonPie,1,0,0.0,0.0,0,0.0,0.0,0.0,0.0,0
MoonPie,2023-03,1,@MoonPie,6,0,0.0,0.0,0,0.0,0.0,0.0,0.166667,0
MoonPie,2023-04,1,@MoonPie,5,0,0.0,0.0,0,0.0,0.0,0.0,0.2,0
MoonPie,2023-05,1,@MoonPie,5,1,0.2,0.693147,1,0.2,0.333333,0.2,0.4,0
MoonPie,2023-06,1,@MoonPie,5,0,0.0,0.0,0,0.0,0.0,0.0,0.0,0
MoonPie,2023-07,1,@MoonPie,7,0,0.0,0.0,0,0.0,0.0,0.0,0.428571,0
MoonPie,2023-08,1,@MoonPie,4,0,0.0,0.0,0,0.0,0.0,0.0,0.25,0
MoonPie,2023-09,1,@MoonPie,3,0,0.0,0.0,0,0.0,0.0,0.0,0.333333,0
MoonPie,2023-10,1,@MoonPie,3,0,0.0,0.0,0,0.0,0.0,,0.666667,1
MoonPie,2023-12,1,@MoonPie,8,0,0.0,0.0,0,0.0,0.0,,0.5,1
MoonPie,2024-03,1,@MoonPie,5,0,0.0,0.0,0,0.0,0.0,,0.6,1
MoonPie,2024-04,1,@MoonPie,6,0,0.0,0.0,0,0.0,0.0,,0.666667,1
MoonPie,2024-05,1,@MoonPie,2,0,0.0,0.0,0,0.0,0.0,,0.5,1
MoonPie,2024-06,1,@MoonPie,2,0,0.0,0.0,0,0.0,0.0,,0.5,1
MoonPie,2024-08,1,@MoonPie,1,0,0.0,0.0,0,0.0,0.0,0.0,0.0,0
MoonPie,2024-09,1,@MoonPie,5,0,0.0,0.0,0,0.0,0.0,0.0,0.4,0
MoonPie,2024-10,1,@MoonPie,2,0,0.0,0.0,0,0.0,0.0,,0.5,1
MoonPie,2024-11,1,@MoonPie,1,0,0.0,0.0,0,0.0,,,1.0,1
MoonPie,2024-12,1,@MoonPie,3,0,0.0,0.0,0,0.0,0.0,,0.666667,1
MoonPie,2025-01,1,@MoonPie,2,0,0.0,0.0,0,0.0,0.0,,0.5,1
MoonPie,2025-02,1,@MoonPie,2,0,0.0,0.0,0,0.0,0.0,,0.5,1
MoonPie,2025-03,1,@MoonPie,1,0,0.0,0.0,0,0.0,,,1.0,1
MoonPie,2025-07,1,@MoonPie,1,0,0.0,0.0,0,0.0,0.0,0.0,0.0,0
MoonPie,2025-08,1,@MoonPie,2,1,0.5,0.693147,1,0.5,0.5,0.5,0.0,0
MoonPie,2025-10,1,@MoonPie,2,0,0.0,0.0,0,0.0,0.0,,0.5,1
MoonPie,2025-11,1,@MoonPie,1,0,0.0,0.0,0,0.0,0.0,0.0,0.0,0
MoonPie,2025-12,1,@MoonPie,1,0,0.0,0.0,0,0.0,0.0,0.0,0.0,0
MoonPie,2026-03,1,@MoonPie,5,0,0.0,0.0,0,0.0,0.0,,0.6,1
MoonPie,2026-04,1,@MoonPie,7,0,0.0,0.0,0,0.0,0.0,0.0,0.0,0
MoonPie,2026-05,1,@MoonPie,2,1,0.5,0.693147,1,0.5,0.5,0.5,0.0,0
Morgan Stanley,2022-08,1,@morganstanley,24,2,0.083333,1.098612,1,0.083333,0.181818,,0.541667,1
Morgan Stanley,2022-09,1,@morganstanley,53,3,0.056604,1.386294,1,0.056604,0.085714,0.056604,0.339623,0
Morgan Stanley,2022-10,1,@morganstanley,27,1,0.037037,0.693147,1,0.037037,0.052632,0.037037,0.296296,0
Morgan Stanley,2022-11,1,@morganstanley,27,1,0.037037,0.693147,1,0.037037,0.076923,,0.518519,1
Morgan Stanley,2022-12,1,@morganstanley,35,3,0.085714,1.386294,1,0.085714,0.166667,0.085714,0.485714,0
Morgan Stanley,2023-01,1,@morganstanley,43,3,0.069767,1.386294,1,0.069767,0.12,0.069767,0.418605,0
Morgan Stanley,2023-02,1,@morganstanley,44,1,0.022727,0.693147,1,0.022727,0.037037,0.022727,0.386364,0
Morgan Stanley,2023-03,1,@morganstanley,47,3,0.06383,1.386294,1,0.06383,0.136364,,0.531915,1
Morgan Stanley,2023-04,1,@morganstanley,45,6,0.133333,1.94591,1,0.133333,0.214286,0.133333,0.377778,0
Morgan Stanley,2023-05,1,@morganstanley,45,7,0.155556,2.079442,1,0.155556,0.25,0.155556,0.377778,0
Morgan Stanley,2023-06,1,@morganstanley,11,3,0.272727,1.386294,1,0.272727,0.428571,0.272727,0.363636,0
Morgan Stanley,2023-07,1,@morganstanley,10,0,0.0,0.0,0,0.0,0.0,0.0,0.3,0
Morgan Stanley,2023-08,1,@morganstanley,2,0,0.0,0.0,0,0.0,0.0,,0.5,1
Morgan Stanley,2023-09,1,@morganstanley,1,0,0.0,0.0,0,0.0,,,1.0,1
Morgan Stanley,2023-10,1,@morganstanley,9,0,0.0,0.0,0,0.0,0.0,0.0,0.444444,0
Morgan Stanley,2023-11,1,@morganstanley,4,1,0.25,0.693147,1,0.25,0.333333,0.25,0.25,0
Morgan Stanley,2023-12,1,@morganstanley,5,0,0.0,0.0,0,0.0,0.0,0.0,0.4,0
Morgan Stanley,2024-01,1,@morganstanley,4,0,0.0,0.0,0,0.0,0.0,0.0,0.0,0
Morgan Stanley,2024-02,1,@morganstanley,5,0,0.0,0.0,0,0.0,,,1.0,1
Morgan Stanley,2024-03,1,@morganstanley,5,1,0.2,0.693147,1,0.2,0.333333,0.2,0.4,0
Morgan Stanley,2024-04,1,@morganstanley,8,2,0.25,1.098612,1,0.25,0.333333,0.25,0.25,0
Morgan Stanley,2024-05,1,@morganstanley,3,0,0.0,0.0,0,0.0,0.0,,0.666667,1
Morgan Stanley,2024-06,1,@morganstanley,1,0,0.0,0.0,0,0.0,0.0,0.0,0.0,0
Morgan Stanley,2024-07,1,@morganstanley,10,2,0.2,1.098612,1,0.2,0.2,0.2,0.0,0
Morgan Stanley,2024-08,1,@morganstanley,6,0,0.0,0.0,0,0.0,0.0,,0.5,1
Morgan Stanley,2024-09,1,@morganstanley,7,1,0.142857,0.693147,1,0.142857,0.2,0.142857,0.285714,0
Morgan Stanley,2024-10,1,@morganstanley,13,4,0.307692,1.609438,1,0.307692,0.4,0.307692,0.230769,0
Morgan Stanley,2024-11,1,@morganstanley,1,0,0.0,0.0,0,0.0,0.0,0.0,0.0,0
Morgan Stanley,2024-12,1,@morganstanley,2,0,0.0,0.0,0,0.0,0.0,,0.5,1
Morgan Stanley,2025-01,1,@morganstanley,9,0,0.0,0.0,0,0.0,0.0,0.0,0.333333,0
Morgan Stanley,2025-02,1,@morganstanley,8,2,0.25,1.098612,1,0.25,0.333333,0.25,0.25,0
Morgan Stanley,2025-03,1,@morganstanley,14,2,0.142857,1.098612,1,0.142857,0.25,0.142857,0.428571,0
Morgan Stanley,2025-04,1,@morganstanley,14,3,0.214286,1.386294,1,0.214286,0.230769,0.214286,0.071429,0
Morgan Stanley,2025-05,1,@morganstanley,7,1,0.142857,0.693147,1,0.142857,0.5,,0.714286,1
Morgan Stanley,2025-06,1,@morganstanley,5,0,0.0,0.0,0,0.0,0.0,,0.8,1
Morgan Stanley,2025-07,1,@morganstanley,7,0,0.0,0.0,0,0.0,0.0,0.0,0.428571,0
Morgan Stanley,2025-08,1,@morganstanley,7,3,0.428571,1.386294,1,0.428571,0.75,0.428571,0.428571,0
Morgan Stanley,2025-09,1,@morganstanley,10,1,0.1,0.693147,1,0.1,0.333333,,0.7,1
Morgan Stanley,2025-10,1,@morganstanley,19,3,0.157895,1.386294,1,0.157895,0.428571,,0.631579,1
Morgan Stanley,2025-11,1,@morganstanley,31,11,0.354839,2.484907,1,0.354839,0.6875,0.354839,0.483871,0
Morgan Stanley,2025-12,1,@morganstanley,22,6,0.272727,1.94591,1,0.272727,0.6,,0.545455,1
Morgan Stanley,2026-01,1,@morganstanley,29,5,0.172414,1.791759,1,0.172414,0.416667,,0.586207,1
Morgan Stanley,2026-02,1,@morganstanley,27,4,0.148148,1.609438,1,0.148148,0.4,,0.62963,1
Morgan Stanley,2026-03,1,@morganstanley,54,15,0.277778,2.772589,1,0.277778,0.454545,0.277778,0.388889,0
Morgan Stanley,2026-04,1,@morganstanley,35,9,0.257143,2.302585,1,0.257143,0.5625,,0.542857,1
Morgan Stanley,2026-05,1,@morganstanley,26,5,0.192308,1.791759,1,0.192308,0.555556,,0.653846,1
Morgan Stanley,2026-06,1,@morganstanley,25,7,0.28,2.079442,1,0.28,0.368421,0.28,0.24,0
Nationwide,2022-02,1,@nationwide,34,3,0.088235,1.386294,1,0.088235,0.15,0.088235,0.411765,0
Nationwide,2022-03,1,@nationwide,42,4,0.095238,1.609438,1,0.095238,0.2,,0.52381,1
Nationwide,2022-04,1,@nationwide,25,2,0.08,1.098612,1,0.08,0.133333,0.08,0.4,0
Nationwide,2022-05,1,@nationwide,31,1,0.032258,0.693147,1,0.032258,0.083333,,0.612903,1
Nationwide,2022-06,1,@nationwide,30,2,0.066667,1.098612,1,0.066667,0.125,0.066667,0.466667,0
Nationwide,2022-07,1,@nationwide,25,1,0.04,0.693147,1,0.04,0.076923,0.04,0.48,0
Nationwide,2022-08,1,@nationwide,25,2,0.08,1.098612,1,0.08,0.117647,0.08,0.32,0
Nationwide,2022-09,1,@nationwide,25,3,0.12,1.386294,1,0.12,0.272727,,0.56,1
Nationwide,2022-10,1,@nationwide,120,7,0.058333,2.079442,1,0.058333,0.125,,0.533333,1
Nationwide,2022-11,1,@nationwide,7,0,0.0,0.0,0,0.0,0.0,,0.571429,1
Nationwide,2022-12,1,@nationwide,16,3,0.1875,1.386294,1,0.1875,0.272727,0.1875,0.3125,0
Nationwide,2023-01,1,@nationwide,23,6,0.26087,1.94591,1,0.26087,0.545455,,0.521739,1
Nationwide,2023-02,1,@nationwide,34,1,0.029412,0.693147,1,0.029412,0.083333,,0.647059,1
Nationwide,2023-03,1,@nationwide,18,2,0.111111,1.098612,1,0.111111,0.166667,0.111111,0.333333,0
Nationwide,2023-04,1,@nationwide,6,0,0.0,0.0,0,0.0,0.0,,0.666667,1
Nationwide,2023-05,1,@nationwide,17,1,0.058824,0.693147,1,0.058824,0.1,0.058824,0.411765,0
Nationwide,2023-06,1,@nationwide,6,0,0.0,0.0,0,0.0,0.0,,0.666667,1
Nationwide,2023-07,1,@nationwide,10,0,0.0,0.0,0,0.0,0.0,,0.6,1
Nationwide,2023-08,1,@nationwide,7,1,0.142857,0.693147,1,0.142857,0.5,,0.714286,1
Nationwide,2023-09,1,@nationwide,11,0,0.0,0.0,0,0.0,0.0,,0.636364,1
Nationwide,2023-10,1,@nationwide,18,2,0.111111,1.098612,1,0.111111,0.222222,,0.5,1
Nationwide,2023-11,1,@nationwide,86,4,0.046512,1.609438,1,0.046512,0.105263,,0.55814,1
Nationwide,2023-12,1,@nationwide,76,5,0.065789,1.791759,1,0.065789,0.1,0.065789,0.342105,0
Nationwide,2024-01,1,@nationwide,53,7,0.132075,2.079442,1,0.132075,0.28,,0.528302,1
Nationwide,2024-02,1,@nationwide,83,6,0.072289,1.94591,1,0.072289,0.15,,0.518072,1
Nationwide,2024-03,1,@nationwide,19,0,0.0,0.0,0,0.0,0.0,,0.578947,1
Nationwide,2024-04,1,@nationwide,23,3,0.130435,1.386294,1,0.130435,0.2,0.130435,0.347826,0
Nationwide,2024-05,1,@nationwide,11,2,0.181818,1.098612,1,0.181818,0.25,0.181818,0.272727,0
Nationwide,2024-06,1,@nationwide,25,1,0.04,0.693147,1,0.04,0.1,,0.6,1
Nationwide,2024-07,1,@nationwide,11,1,0.090909,0.693147,1,0.090909,0.125,0.090909,0.272727,0
Nationwide,2024-08,1,@nationwide,12,3,0.25,1.386294,1,0.25,0.428571,0.25,0.416667,0
Nationwide,2024-09,1,@nationwide,26,0,0.0,0.0,0,0.0,0.0,0.0,0.346154,0
Nationwide,2024-10,1,@nationwide,5,0,0.0,0.0,0,0.0,0.0,,0.8,1
Nationwide,2024-11,1,@nationwide,12,2,0.166667,1.098612,1,0.166667,0.285714,0.166667,0.416667,0
Nationwide,2024-12,1,@nationwide,12,1,0.083333,0.693147,1,0.083333,0.25,,0.666667,1
Nationwide,2025-01,1,@nationwide,11,4,0.363636,1.609438,1,0.363636,0.571429,0.363636,0.363636,0
Nationwide,2025-02,1,@nationwide,46,5,0.108696,1.791759,1,0.108696,0.3125,,0.652174,1
Nationwide,2025-03,1,@nationwide,4,0,0.0,0.0,0,0.0,0.0,,0.75,1
Nationwide,2025-04,1,@nationwide,7,0,0.0,0.0,0,0.0,0.0,,0.714286,1
Nationwide,2025-05,1,@nationwide,8,2,0.25,1.098612,1,0.25,0.666667,,0.625,1
Nationwide,2025-06,1,@nationwide,1,0,0.0,0.0,0,0.0,,,1.0,1
Nationwide,2025-07,1,@nationwide,2,2,1.0,1.098612,1,1.0,1.0,1.0,0.0,0
Nationwide,2025-09,1,@nationwide,11,1,0.090909,0.693147,1,0.090909,0.125,0.090909,0.272727,0
Nationwide,2025-10,1,@nationwide,6,1,0.166667,0.693147,1,0.166667,0.333333,,0.5,1
Nationwide,2025-11,1,@nationwide,6,0,0.0,0.0,0,0.0,0.0,,0.5,1
Nationwide,2025-12,1,@nationwide,13,1,0.076923,0.693147,1,0.076923,0.25,,0.692308,1
Nationwide,2026-01,1,@nationwide,7,3,0.428571,1.386294,1,0.428571,1.0,,0.571429,1
Nationwide,2026-02,1,@nationwide,23,2,0.086957,1.098612,1,0.086957,0.222222,,0.608696,1
Nationwide,2026-03,1,@nationwide,8,0,0.0,0.0,0,0.0,0.0,,0.875,1
Nationwide,2026-04,1,@nationwide,10,2,0.2,1.098612,1,0.2,0.25,0.2,0.2,0
Nationwide,2026-06,1,@nationwide,2,1,0.5,0.693147,1,0.5,1.0,,0.5,1
New York Life Insurance,2021-07,1,@NewYorkLife,5,0,0.0,0.0,0,0.0,0.0,0.0,0.2,0
New York Life Insurance,2021-08,1,@NewYorkLife,11,2,0.181818,1.098612,1,0.181818,0.5,,0.636364,1
New York Life Insurance,2021-09,1,@NewYorkLife,32,3,0.09375,1.386294,1,0.09375,0.230769,,0.59375,1
New York Life Insurance,2021-10,1,@NewYorkLife,21,4,0.190476,1.609438,1,0.190476,0.333333,0.190476,0.428571,0
New York Life Insurance,2021-11,1,@NewYorkLife,32,4,0.125,1.609438,1,0.125,0.333333,,0.625,1
New York Life Insurance,2021-12,1,@NewYorkLife,17,3,0.176471,1.386294,1,0.176471,0.5,,0.647059,1
New York Life Insurance,2022-01,1,@NewYorkLife,9,3,0.333333,1.386294,1,0.333333,0.75,,0.555556,1
New York Life Insurance,2022-02,1,@NewYorkLife,23,2,0.086957,1.098612,1,0.086957,0.222222,,0.608696,1
New York Life Insurance,2022-03,1,@NewYorkLife,54,6,0.111111,1.94591,1,0.111111,0.193548,0.111111,0.425926,0
New York Life Insurance,2022-04,1,@NewYorkLife,21,6,0.285714,1.94591,1,0.285714,0.4,0.285714,0.285714,0
New York Life Insurance,2022-05,1,@NewYorkLife,21,2,0.095238,1.098612,1,0.095238,0.153846,0.095238,0.380952,0
New York Life Insurance,2022-06,1,@NewYorkLife,22,3,0.136364,1.386294,1,0.136364,0.214286,0.136364,0.363636,0
New York Life Insurance,2022-07,1,@NewYorkLife,9,2,0.222222,1.098612,1,0.222222,0.4,0.222222,0.444444,0
New York Life Insurance,2022-08,1,@NewYorkLife,12,3,0.25,1.386294,1,0.25,0.5,,0.5,1
New York Life Insurance,2022-09,1,@NewYorkLife,22,3,0.136364,1.386294,1,0.136364,0.230769,0.136364,0.409091,0
New York Life Insurance,2022-10,1,@NewYorkLife,12,1,0.083333,0.693147,1,0.083333,0.125,0.083333,0.333333,0
New York Life Insurance,2022-11,1,@NewYorkLife,15,2,0.133333,1.098612,1,0.133333,0.25,0.133333,0.466667,0
New York Life Insurance,2022-12,1,@NewYorkLife,2,0,0.0,0.0,0,0.0,0.0,,0.5,1
New York Life Insurance,2023-02,1,@NewYorkLife,2,0,0.0,0.0,0,0.0,,,1.0,1
New York Life Insurance,2023-03,1,@NewYorkLife,21,2,0.095238,1.098612,1,0.095238,0.153846,0.095238,0.380952,0
New York Life Insurance,2023-05,1,@NewYorkLife,2,0,0.0,0.0,0,0.0,,,1.0,1
New York Life Insurance,2023-06,1,@NewYorkLife,5,2,0.4,1.098612,1,0.4,0.666667,0.4,0.4,0
New York Life Insurance,2023-07,1,@NewYorkLife,1,0,0.0,0.0,0,0.0,,,1.0,1
New York Life Insurance,2023-08,1,@NewYorkLife,1,0,0.0,0.0,0,0.0,,,1.0,1
New York Life Insurance,2023-09,1,@NewYorkLife,5,1,0.2,0.693147,1,0.2,1.0,,0.8,1
New York Life Insurance,2024-02,1,@NewYorkLife,2,0,0.0,0.0,0,0.0,0.0,,0.5,1
New York Life Insurance,2024-03,1,@NewYorkLife,1,0,0.0,0.0,0,0.0,,,1.0,1
New York Life Insurance,2024-04,1,@NewYorkLife,4,0,0.0,0.0,0,0.0,,,1.0,1
New York Life Insurance,2024-05,1,@NewYorkLife,2,0,0.0,0.0,0,0.0,0.0,,0.5,1
New York Life Insurance,2024-06,1,@NewYorkLife,3,0,0.0,0.0,0,0.0,0.0,0.0,0.333333,0
New York Life Insurance,2024-07,1,@NewYorkLife,13,2,0.153846,1.098612,1,0.153846,0.333333,,0.538462,1
New York Life Insurance,2024-08,1,@NewYorkLife,6,2,0.333333,1.098612,1,0.333333,0.666667,,0.5,1
New York Life Insurance,2024-09,1,@NewYorkLife,3,1,0.333333,0.693147,1,0.333333,0.5,0.333333,0.333333,0
New York Life Insurance,2024-10,1,@NewYorkLife,7,2,0.285714,1.098612,1,0.285714,0.666667,,0.571429,1
New York Life Insurance,2024-11,1,@NewYorkLife,2,0,0.0,0.0,0,0.0,0.0,0.0,0.0,0
New York Life Insurance,2025-01,1,@NewYorkLife,1,0,0.0,0.0,0,0.0,,,1.0,1
New York Life Insurance,2025-02,1,@NewYorkLife,1,0,0.0,0.0,0,0.0,0.0,0.0,0.0,0
New York Life Insurance,2025-03,1,@NewYorkLife,4,0,0.0,0.0,0,0.0,0.0,,0.5,1
New York Life Insurance,2025-04,1,@NewYorkLife,3,0,0.0,0.0,0,0.0,0.0,0.0,0.333333,0
New York Life Insurance,2025-06,1,@NewYorkLife,4,0,0.0,0.0,0,0.0,,,1.0,1
New York Life Insurance,2025-08,1,@NewYorkLife,5,1,0.2,0.693147,1,0.2,0.5,,0.6,1
New York Life Insurance,2025-09,1,@NewYorkLife,1,0,0.0,0.0,0,0.0,0.0,0.0,0.0,0
New York Life Insurance,2025-11,1,@NewYorkLife,2,0,0.0,0.0,0,0.0,,,1.0,1
New York Life Insurance,2026-02,1,@NewYorkLife,2,0,0.0,0.0,0,0.0,0.0,,0.5,1
New York Life Insurance,2026-05,1,@NewYorkLife,3,0,0.0,0.0,0,0.0,0.0,,0.666667,1
New York Life Insurance,2026-06,1,@NewYorkLife,10,1,0.1,0.693147,1,0.1,0.166667,0.1,0.4,0
Nike,2024-11,1,@nike,7,1,0.142857,0.693147,1,0.142857,0.166667,0.142857,0.142857,0
Nike,2024-12,1,@nike,3,1,0.333333,0.693147,1,0.333333,1.0,,0.666667,1
Nike,2025-01,1,@nike,8,0,0.0,0.0,0,0.0,0.0,,0.5,1
Nike,2025-02,1,@nike,21,4,0.190476,1.609438,1,0.190476,0.4,,0.52381,1
Nike,2025-03,1,@nike,1,0,0.0,0.0,0,0.0,,,1.0,1
Nike,2025-04,1,@nike,9,0,0.0,0.0,0,0.0,0.0,,0.555556,1
Nike,2025-05,1,@nike,6,0,0.0,0.0,0,0.0,0.0,0.0,0.333333,0
Nike,2025-06,1,@nike,29,1,0.034483,0.693147,1,0.034483,0.076923,,0.551724,1
Nike,2025-07,1,@nike,8,2,0.25,1.098612,1,0.25,0.285714,0.25,0.125,0
Nike,2025-08,1,@nike,7,2,0.285714,1.098612,1,0.285714,0.4,0.285714,0.285714,0
Nike,2025-09,1,@nike,13,1,0.076923,0.693147,1,0.076923,0.142857,0.076923,0.461538,0
Nike,2025-10,1,@nike,4,0,0.0,0.0,0,0.0,0.0,0.0,0.0,0
Nike,2025-11,1,@nike,1,0,0.0,0.0,0,0.0,0.0,0.0,0.0,0
Nike,2025-12,1,@nike,3,0,0.0,0.0,0,0.0,,,1.0,1
Nike,2026-01,1,@nike,3,0,0.0,0.0,0,0.0,,,1.0,1
Nike,2026-02,1,@nike,13,3,0.230769,1.386294,1,0.230769,0.375,0.230769,0.384615,0
Nike,2026-03,1,@nike,3,0,0.0,0.0,0,0.0,0.0,0.0,0.333333,0
Nike,2026-04,1,@nike,11,7,0.636364,2.079442,1,0.636364,0.777778,0.636364,0.181818,0
Nike,2026-05,1,@nike,26,1,0.038462,0.693147,1,0.038462,0.058824,0.038462,0.346154,0
Nike,2026-06,1,@nike,16,0,0.0,0.0,0,0.0,0.0,,0.625,1
Nvidia,2016-08,1,@nvidia,1,0,0.0,0.0,0,0.0,,,1.0,1
Nvidia,2025-05,1,@nvidia,1,0,0.0,0.0,0,0.0,,,1.0,1
Nvidia,2025-06,1,@nvidia,64,14,0.21875,2.70805,1,0.21875,0.466667,,0.53125,1
Nvidia,2025-07,1,@nvidia,57,6,0.105263,1.94591,1,0.105263,0.222222,,0.526316,1
Nvidia,2025-08,1,@nvidia,57,2,0.035088,1.098612,1,0.035088,0.068966,0.035088,0.491228,0
Nvidia,2025-09,1,@nvidia,48,10,0.208333,2.397895,1,0.208333,0.416667,,0.5,1
Nvidia,2025-10,1,@nvidia,66,3,0.045455,1.386294,1,0.045455,0.115385,,0.606061,1
Nvidia,2025-11,1,@nvidia,62,6,0.096774,1.94591,1,0.096774,0.2,,0.516129,1
Nvidia,2025-12,1,@nvidia,75,10,0.133333,2.397895,1,0.133333,0.212766,0.133333,0.373333,0
Nvidia,2026-01,1,@nvidia,101,9,0.089109,2.302585,1,0.089109,0.1875,,0.524752,1
Nvidia,2026-02,1,@nvidia,59,8,0.135593,2.197225,1,0.135593,0.275862,,0.508475,1
Nvidia,2026-03,1,@nvidia,140,25,0.178571,3.258097,1,0.178571,0.362319,,0.507143,1
Nvidia,2026-04,1,@nvidia,100,22,0.22,3.135494,1,0.22,0.372881,0.22,0.41,0
Nvidia,2026-05,1,@nvidia,130,8,0.061538,2.197225,1,0.061538,0.121212,0.061538,0.492308,0
Nvidia,2026-06,1,@nvidia,161,33,0.204969,3.526361,1,0.204969,0.383721,0.204969,0.465839,0
Oracle,2024-07,1,@oracle,22,2,0.090909,1.098612,1,0.090909,0.2,,0.545455,1
Oracle,2024-08,1,@oracle,55,5,0.090909,1.791759,1,0.090909,0.135135,0.090909,0.327273,0
Oracle,2024-09,1,@oracle,64,13,0.203125,2.639057,1,0.203125,0.371429,0.203125,0.453125,0
Oracle,2024-10,1,@oracle,37,2,0.054054,1.098612,1,0.054054,0.153846,,0.648649,1
Oracle,2024-11,1,@oracle,32,3,0.09375,1.386294,1,0.09375,0.176471,0.09375,0.46875,0
Oracle,2024-12,1,@oracle,70,9,0.128571,2.302585,1,0.128571,0.243243,0.128571,0.471429,0
Oracle,2025-01,1,@oracle,36,5,0.138889,1.791759,1,0.138889,0.263158,0.138889,0.472222,0
Oracle,2025-02,1,@oracle,30,6,0.2,1.94591,1,0.2,0.352941,0.2,0.433333,0
Oracle,2025-03,1,@oracle,48,2,0.041667,1.098612,1,0.041667,0.066667,0.041667,0.375,0
Oracle,2025-04,1,@oracle,33,3,0.090909,1.386294,1,0.090909,0.157895,0.090909,0.424242,0
Oracle,2025-05,1,@oracle,37,4,0.108108,1.609438,1,0.108108,0.222222,,0.513514,1
Oracle,2025-06,1,@oracle,51,5,0.098039,1.791759,1,0.098039,0.16129,0.098039,0.392157,0
Oracle,2025-07,1,@oracle,32,6,0.1875,1.94591,1,0.1875,0.333333,0.1875,0.4375,0
Oracle,2025-08,1,@oracle,41,9,0.219512,2.302585,1,0.219512,0.428571,0.219512,0.487805,0
Oracle,2025-09,1,@oracle,30,6,0.2,1.94591,1,0.2,0.315789,0.2,0.366667,0
Oracle,2025-10,1,@oracle,72,13,0.180556,2.639057,1,0.180556,0.351351,0.180556,0.486111,0
Oracle,2025-11,1,@oracle,19,6,0.315789,1.94591,1,0.315789,0.5,0.315789,0.368421,0
Oracle,2025-12,1,@oracle,28,4,0.142857,1.609438,1,0.142857,0.266667,0.142857,0.464286,0
Oracle,2026-01,1,@oracle,35,5,0.142857,1.791759,1,0.142857,0.333333,,0.571429,1
Oracle,2026-02,1,@oracle,32,7,0.21875,2.079442,1,0.21875,0.466667,,0.53125,1
Oracle,2026-03,1,@oracle,41,5,0.121951,1.791759,1,0.121951,0.25,,0.512195,1
Oracle,2026-04,1,@oracle,26,4,0.153846,1.609438,1,0.153846,0.266667,0.153846,0.423077,0
Oracle,2026-05,1,@oracle,23,2,0.086957,1.098612,1,0.086957,0.153846,0.086957,0.434783,0
Oracle,2026-06,1,@oracle,15,4,0.266667,1.609438,1,0.266667,0.5,0.266667,0.466667,0
PepsiCo,2020-12,1,@pepsico,3,0,0.0,0.0,0,0.0,0.0,,0.666667,1
PepsiCo,2021-01,1,@pepsico,20,7,0.35,2.079442,1,0.35,0.7,,0.5,1
PepsiCo,2021-02,1,@pepsico,33,4,0.121212,1.609438,1,0.121212,0.222222,0.121212,0.454545,0
PepsiCo,2021-03,1,@pepsico,24,9,0.375,2.302585,1,0.375,0.642857,0.375,0.416667,0
PepsiCo,2021-04,1,@pepsico,32,7,0.21875,2.079442,1,0.21875,0.388889,0.21875,0.4375,0
PepsiCo,2021-05,1,@pepsico,20,2,0.1,1.098612,1,0.1,0.333333,,0.7,1
PepsiCo,2021-06,1,@pepsico,28,4,0.142857,1.609438,1,0.142857,0.222222,0.142857,0.357143,0
PepsiCo,2021-07,1,@pepsico,33,7,0.212121,2.079442,1,0.212121,0.318182,0.212121,0.333333,0
PepsiCo,2021-08,1,@pepsico,22,3,0.136364,1.386294,1,0.136364,0.6,,0.772727,1
PepsiCo,2021-09,1,@pepsico,25,9,0.36,2.302585,1,0.36,0.6,0.36,0.4,0
PepsiCo,2021-10,1,@pepsico,44,8,0.181818,2.197225,1,0.181818,0.444444,,0.590909,1
PepsiCo,2021-11,1,@pepsico,24,3,0.125,1.386294,1,0.125,0.272727,,0.541667,1
PepsiCo,2021-12,1,@pepsico,26,6,0.230769,1.94591,1,0.230769,0.666667,,0.653846,1
PepsiCo,2022-01,1,@pepsico,22,4,0.181818,1.609438,1,0.181818,0.444444,,0.590909,1
PepsiCo,2022-02,1,@pepsico,28,3,0.107143,1.386294,1,0.107143,0.2,0.107143,0.464286,0
PepsiCo,2022-03,1,@pepsico,16,2,0.125,1.098612,1,0.125,0.25,,0.5,1
PepsiCo,2022-04,1,@pepsico,22,2,0.090909,1.098612,1,0.090909,0.181818,,0.5,1
PepsiCo,2022-05,1,@pepsico,21,6,0.285714,1.94591,1,0.285714,0.75,,0.619048,1
PepsiCo,2022-06,1,@pepsico,19,2,0.105263,1.098612,1,0.105263,0.333333,,0.684211,1
PepsiCo,2022-07,1,@pepsico,29,4,0.137931,1.609438,1,0.137931,0.222222,0.137931,0.37931,0
PepsiCo,2022-08,1,@pepsico,19,2,0.105263,1.098612,1,0.105263,0.5,,0.789474,1
PepsiCo,2022-09,1,@pepsico,22,7,0.318182,2.079442,1,0.318182,0.777778,,0.590909,1
PepsiCo,2022-10,1,@pepsico,31,4,0.129032,1.609438,1,0.129032,0.285714,,0.548387,1
PepsiCo,2022-11,1,@pepsico,27,6,0.222222,1.94591,1,0.222222,0.545455,,0.592593,1
PepsiCo,2022-12,1,@pepsico,29,8,0.275862,2.197225,1,0.275862,0.727273,,0.62069,1
PepsiCo,2023-01,1,@pepsico,18,1,0.055556,0.693147,1,0.055556,0.25,,0.777778,1
PepsiCo,2023-02,1,@pepsico,25,1,0.04,0.693147,1,0.04,0.058824,0.04,0.32,0
PepsiCo,2023-03,1,@pepsico,25,9,0.36,2.302585,1,0.36,0.6,0.36,0.4,0
PepsiCo,2023-04,1,@pepsico,22,1,0.045455,0.693147,1,0.045455,0.083333,0.045455,0.454545,0
PepsiCo,2023-05,1,@pepsico,20,4,0.2,1.609438,1,0.2,0.444444,,0.55,1
PepsiCo,2023-06,1,@pepsico,19,6,0.315789,1.94591,1,0.315789,0.857143,,0.631579,1
PepsiCo,2023-07,1,@pepsico,20,2,0.1,1.098612,1,0.1,0.181818,0.1,0.45,0
PepsiCo,2023-08,1,@pepsico,17,5,0.294118,1.791759,1,0.294118,0.714286,,0.588235,1
PepsiCo,2023-09,1,@pepsico,10,4,0.4,1.609438,1,0.4,0.666667,0.4,0.4,0
PepsiCo,2023-10,1,@pepsico,11,4,0.363636,1.609438,1,0.363636,0.8,,0.545455,1
PepsiCo,2025-02,1,@pepsico,1,0,0.0,0.0,0,0.0,0.0,0.0,0.0,0
PepsiCo,2025-04,1,@pepsico,1,0,0.0,0.0,0,0.0,0.0,0.0,0.0,0
PepsiCo,2025-07,1,@pepsico,1,0,0.0,0.0,0,0.0,0.0,0.0,0.0,0
PepsiCo,2025-09,1,@pepsico,3,0,0.0,0.0,0,0.0,0.0,,0.666667,1
PepsiCo,2025-10,1,@pepsico,1,0,0.0,0.0,0,0.0,0.0,0.0,0.0,0
PepsiCo,2025-12,1,@pepsico,2,0,0.0,0.0,0,0.0,,,1.0,1
PepsiCo,2026-02,1,@pepsico,1,0,0.0,0.0,0,0.0,0.0,0.0,0.0,0
PepsiCo,2026-04,1,@pepsico,1,0,0.0,0.0,0,0.0,0.0,0.0,0.0,0
Performance Food Group,2015-07,1,@PFGCareers,1,0,0.0,0.0,0,0.0,,,1.0,1
Performance Food Group,2015-10,1,@PFGCareers,2,0,0.0,0.0,0,0.0,0.0,,0.5,1
Pfizer,2022-05,1,@pfizer,26,5,0.192308,1.791759,1,0.192308,0.357143,0.192308,0.461538,0
Pfizer,2022-06,1,@pfizer,49,11,0.22449,2.484907,1,0.22449,0.44,0.22449,0.489796,0
Pfizer,2022-07,1,@pfizer,23,1,0.043478,0.693147,1,0.043478,0.066667,0.043478,0.347826,0
Pfizer,2022-08,1,@pfizer,29,1,0.034483,0.693147,1,0.034483,0.076923,,0.551724,1
Pfizer,2022-09,1,@pfizer,55,17,0.309091,2.890372,1,0.309091,0.53125,0.309091,0.418182,0
Pfizer,2022-10,1,@pfizer,72,13,0.180556,2.639057,1,0.180556,0.361111,,0.5,1
Pfizer,2022-11,1,@pfizer,32,7,0.21875,2.079442,1,0.21875,0.388889,0.21875,0.4375,0
Pfizer,2022-12,1,@pfizer,12,0,0.0,0.0,0,0.0,0.0,,0.75,1
Pfizer,2023-01,1,@pfizer,2,0,0.0,0.0,0,0.0,,,1.0,1
Pfizer,2023-02,1,@pfizer,2,0,0.0,0.0,0,0.0,,,1.0,1
Pfizer,2023-03,1,@pfizer,6,1,0.166667,0.693147,1,0.166667,0.333333,,0.5,1
Pfizer,2023-04,1,@pfizer,4,1,0.25,0.693147,1,0.25,0.5,,0.5,1
Pfizer,2023-05,1,@pfizer,4,0,0.0,0.0,0,0.0,0.0,0.0,0.0,0
Pfizer,2023-06,1,@pfizer,1,0,0.0,0.0,0,0.0,,,1.0,1
Pfizer,2023-07,1,@pfizer,4,1,0.25,0.693147,1,0.25,1.0,,0.75,1
Pfizer,2023-09,1,@pfizer,5,0,0.0,0.0,0,0.0,0.0,0.0,0.4,0
Pfizer,2023-10,1,@pfizer,1,0,0.0,0.0,0,0.0,,,1.0,1
Pfizer,2024-03,1,@pfizer,1,1,1.0,0.693147,1,1.0,1.0,1.0,0.0,0
Pfizer,2024-04,1,@pfizer,5,1,0.2,0.693147,1,0.2,1.0,,0.8,1
Pfizer,2024-05,1,@pfizer,1,0,0.0,0.0,0,0.0,0.0,0.0,0.0,0
Pfizer,2024-08,1,@pfizer,2,0,0.0,0.0,0,0.0,0.0,,0.5,1
Pfizer,2024-09,1,@pfizer,1,0,0.0,0.0,0,0.0,,,1.0,1
Pfizer,2024-10,1,@pfizer,1,0,0.0,0.0,0,0.0,,,1.0,1
Pfizer,2025-02,1,@pfizer,3,0,0.0,0.0,0,0.0,0.0,,0.666667,1
Pfizer,2025-03,1,@pfizer,3,0,0.0,0.0,0,0.0,0.0,,0.666667,1
Pfizer,2025-04,1,@pfizer,5,0,0.0,0.0,0,0.0,0.0,0.0,0.4,0
Pfizer,2025-05,1,@pfizer,2,0,0.0,0.0,0,0.0,0.0,,0.5,1
Pfizer,2025-06,1,@pfizer,2,1,0.5,0.693147,1,0.5,1.0,,0.5,1
Pfizer,2025-07,1,@pfizer,2,0,0.0,0.0,0,0.0,0.0,0.0,0.0,0
Pfizer,2025-08,1,@pfizer,2,0,0.0,0.0,0,0.0,0.0,,0.5,1
Pfizer,2025-09,1,@pfizer,2,0,0.0,0.0,0,0.0,,,1.0,1
Pfizer,2025-10,1,@pfizer,2,0,0.0,0.0,0,0.0,0.0,,0.5,1
Pfizer,2025-12,1,@pfizer,1,0,0.0,0.0,0,0.0,0.0,0.0,0.0,0
Pfizer,2026-01,1,@pfizer,4,0,0.0,0.0,0,0.0,0.0,,0.75,1
Pfizer,2026-02,1,@pfizer,2,0,0.0,0.0,0,0.0,,,1.0,1
Pfizer,2026-03,1,@pfizer,5,0,0.0,0.0,0,0.0,0.0,0.0,0.4,0
Pfizer,2026-04,1,@pfizer,4,1,0.25,0.693147,1,0.25,0.5,,0.5,1
Pfizer,2026-05,1,@pfizer,4,1,0.25,0.693147,1,0.25,0.333333,0.25,0.25,0
Pfizer,2026-06,1,@pfizer,2,0,0.0,0.0,0,0.0,0.0,,0.5,1
Phillips 66,2020-04,1,@Phillips66co,1,0,0.0,0.0,0,0.0,,,1.0,1
Phillips 66,2020-05,1,@Phillips66co,21,2,0.095238,1.098612,1,0.095238,0.285714,,0.666667,1
Phillips 66,2020-06,1,@Phillips66co,12,1,0.083333,0.693147,1,0.083333,0.125,0.083333,0.333333,0
Phillips 66,2020-07,1,@Phillips66co,24,4,0.166667,1.609438,1,0.166667,0.266667,0.166667,0.375,0
Phillips 66,2020-08,1,@Phillips66co,17,1,0.058824,0.693147,1,0.058824,0.2,,0.705882,1
Phillips 66,2020-09,1,@Phillips66co,18,4,0.222222,1.609438,1,0.222222,0.333333,0.222222,0.333333,0
Phillips 66,2020-10,1,@Phillips66co,61,5,0.081967,1.791759,1,0.081967,0.142857,0.081967,0.42623,0
Phillips 66,2020-11,1,@Phillips66co,49,4,0.081633,1.609438,1,0.081633,0.133333,0.081633,0.387755,0
Phillips 66,2020-12,1,@Phillips66co,43,7,0.162791,2.079442,1,0.162791,0.269231,0.162791,0.395349,0
Phillips 66,2021-01,1,@Phillips66co,46,6,0.130435,1.94591,1,0.130435,0.25,0.130435,0.478261,0
Phillips 66,2021-02,1,@Phillips66co,23,1,0.043478,0.693147,1,0.043478,0.076923,0.043478,0.434783,0
Phillips 66,2021-03,1,@Phillips66co,34,5,0.147059,1.791759,1,0.147059,0.277778,0.147059,0.470588,0
Phillips 66,2021-04,1,@Phillips66co,57,8,0.140351,2.197225,1,0.140351,0.266667,0.140351,0.473684,0
Phillips 66,2021-05,1,@Phillips66co,23,2,0.086957,1.098612,1,0.086957,0.2,,0.565217,1
Phillips 66,2021-06,1,@Phillips66co,31,5,0.16129,1.791759,1,0.16129,0.3125,0.16129,0.483871,0
Phillips 66,2021-07,1,@Phillips66co,9,3,0.333333,1.386294,1,0.333333,0.75,,0.555556,1
Phillips 66,2021-08,1,@Phillips66co,13,2,0.153846,1.098612,1,0.153846,0.222222,0.153846,0.307692,0
Phillips 66,2021-09,1,@Phillips66co,17,1,0.058824,0.693147,1,0.058824,0.111111,0.058824,0.470588,0
Phillips 66,2021-10,1,@Phillips66co,21,5,0.238095,1.791759,1,0.238095,0.333333,0.238095,0.285714,0
Phillips 66,2021-11,1,@Phillips66co,19,3,0.157895,1.386294,1,0.157895,0.428571,,0.631579,1
Phillips 66,2021-12,1,@Phillips66co,10,1,0.1,0.693147,1,0.1,0.142857,0.1,0.3,0
Phillips 66,2022-01,1,@Phillips66co,9,0,0.0,0.0,0,0.0,0.0,,0.555556,1
Phillips 66,2022-02,1,@Phillips66co,10,1,0.1,0.693147,1,0.1,0.2,,0.5,1
Phillips 66,2022-03,1,@Phillips66co,12,4,0.333333,1.609438,1,0.333333,0.571429,0.333333,0.416667,0
Phillips 66,2022-04,1,@Phillips66co,19,1,0.052632,0.693147,1,0.052632,0.083333,0.052632,0.368421,0
Phillips 66,2022-05,1,@Phillips66co,13,1,0.076923,0.693147,1,0.076923,0.166667,,0.538462,1
Phillips 66,2022-06,1,@Phillips66co,17,3,0.176471,1.386294,1,0.176471,0.375,,0.529412,1
Phillips 66,2022-07,1,@Phillips66co,16,3,0.1875,1.386294,1,0.1875,0.272727,0.1875,0.3125,0
Phillips 66,2022-08,1,@Phillips66co,11,3,0.272727,1.386294,1,0.272727,0.5,0.272727,0.454545,0
Phillips 66,2022-09,1,@Phillips66co,9,2,0.222222,1.098612,1,0.222222,0.333333,0.222222,0.333333,0
Phillips 66,2022-10,1,@Phillips66co,12,2,0.166667,1.098612,1,0.166667,0.285714,0.166667,0.416667,0
Phillips 66,2022-11,1,@Phillips66co,4,0,0.0,0.0,0,0.0,0.0,0.0,0.25,0
Phillips 66,2025-04,1,@Phillips66co,2,0,0.0,0.0,0,0.0,0.0,,0.5,1
Procter & Gamble,2022-09,1,@ProcterGamble,23,4,0.173913,1.609438,1,0.173913,0.444444,,0.608696,1
Procter & Gamble,2022-10,1,@ProcterGamble,128,16,0.125,2.833213,1,0.125,0.280702,,0.554688,1
Procter & Gamble,2022-11,1,@ProcterGamble,29,5,0.172414,1.791759,1,0.172414,0.384615,,0.551724,1
Procter & Gamble,2022-12,1,@ProcterGamble,5,1,0.2,0.693147,1,0.2,0.333333,0.2,0.4,0
Procter & Gamble,2023-01,1,@ProcterGamble,10,1,0.1,0.693147,1,0.1,0.166667,0.1,0.4,0
Procter & Gamble,2023-02,1,@ProcterGamble,4,0,0.0,0.0,0,0.0,0.0,,0.75,1
Procter & Gamble,2023-03,1,@ProcterGamble,20,4,0.2,1.609438,1,0.2,0.4,,0.5,1
Procter & Gamble,2023-04,1,@ProcterGamble,10,0,0.0,0.0,0,0.0,0.0,,0.5,1
Procter & Gamble,2023-05,1,@ProcterGamble,6,1,0.166667,0.693147,1,0.166667,0.333333,,0.5,1
Procter & Gamble,2023-06,1,@ProcterGamble,1,0,0.0,0.0,0,0.0,,,1.0,1
Procter & Gamble,2023-07,1,@ProcterGamble,9,1,0.111111,0.693147,1,0.111111,0.333333,,0.666667,1
Procter & Gamble,2023-08,1,@ProcterGamble,11,1,0.090909,0.693147,1,0.090909,0.25,,0.636364,1
Procter & Gamble,2023-09,1,@ProcterGamble,8,0,0.0,0.0,0,0.0,0.0,,0.75,1
Procter & Gamble,2023-10,1,@ProcterGamble,4,0,0.0,0.0,0,0.0,0.0,,0.5,1
Progressive,2024-03,1,@progressive,2,1,0.5,0.693147,1,0.5,0.5,0.5,0.0,0
Progressive,2024-04,1,@progressive,31,1,0.032258,0.693147,1,0.032258,0.125,,0.741935,1
Progressive,2024-05,1,@progressive,12,5,0.416667,1.791759,1,0.416667,0.714286,0.416667,0.416667,0
Progressive,2024-06,1,@progressive,8,2,0.25,1.098612,1,0.25,0.333333,0.25,0.25,0
Progressive,2024-07,1,@progressive,9,1,0.111111,0.693147,1,0.111111,0.25,,0.555556,1
Progressive,2024-08,1,@progressive,5,0,0.0,0.0,0,0.0,0.0,,0.6,1
Progressive,2024-09,1,@progressive,8,0,0.0,0.0,0,0.0,0.0,,0.625,1
Progressive,2024-10,1,@progressive,10,1,0.1,0.693147,1,0.1,0.2,,0.5,1
Progressive,2024-11,1,@progressive,5,0,0.0,0.0,0,0.0,0.0,0.0,0.4,0
Progressive,2024-12,1,@progressive,3,1,0.333333,0.693147,1,0.333333,0.5,0.333333,0.333333,0
Progressive,2025-02,1,@progressive,34,9,0.264706,2.302585,1,0.264706,0.5,0.264706,0.470588,0
Progressive,2025-03,1,@progressive,1,0,0.0,0.0,0,0.0,,,1.0,1
Progressive,2025-04,1,@progressive,3,0,0.0,0.0,0,0.0,0.0,0.0,0.333333,0
Progressive,2025-06,1,@progressive,4,2,0.5,1.098612,1,0.5,0.666667,0.5,0.25,0
Progressive,2025-07,1,@progressive,3,0,0.0,0.0,0,0.0,0.0,,0.666667,1
Progressive,2025-08,1,@progressive,1,0,0.0,0.0,0,0.0,0.0,0.0,0.0,0
Progressive,2025-09,1,@progressive,3,0,0.0,0.0,0,0.0,0.0,,0.666667,1
Progressive,2025-10,1,@progressive,2,0,0.0,0.0,0,0.0,0.0,,0.5,1
Progressive,2025-11,1,@progressive,10,0,0.0,0.0,0,0.0,0.0,0.0,0.4,0
Progressive,2025-12,1,@progressive,3,0,0.0,0.0,0,0.0,0.0,,0.666667,1
Progressive,2026-02,1,@progressive,2,0,0.0,0.0,0,0.0,,,1.0,1
Progressive,2026-03,1,@progressive,1,0,0.0,0.0,0,0.0,,,1.0,1
Progressive,2026-04,1,@progressive,1,0,0.0,0.0,0,0.0,,,1.0,1
Progressive,2026-05,1,@progressive,7,0,0.0,0.0,0,0.0,0.0,,0.714286,1
Progressive,2026-06,1,@progressive,2,0,0.0,0.0,0,0.0,0.0,,0.5,1
Prudential Financial,2019-02,1,@Prudential,15,4,0.266667,1.609438,1,0.266667,0.571429,,0.533333,1
Prudential Financial,2019-03,1,@Prudential,50,12,0.24,2.564949,1,0.24,0.413793,0.24,0.42,0
Prudential Financial,2019-04,1,@Prudential,41,5,0.121951,1.791759,1,0.121951,0.277778,,0.560976,1
Prudential Financial,2019-05,1,@Prudential,36,8,0.222222,2.197225,1,0.222222,0.533333,,0.583333,1
Prudential Financial,2019-06,1,@Prudential,28,9,0.321429,2.302585,1,0.321429,0.9,,0.642857,1
Prudential Financial,2019-07,1,@Prudential,36,6,0.166667,1.94591,1,0.166667,0.3,0.166667,0.444444,0
Prudential Financial,2019-08,1,@Prudential,31,5,0.16129,1.791759,1,0.16129,0.357143,,0.548387,1
Prudential Financial,2019-09,1,@Prudential,53,10,0.188679,2.397895,1,0.188679,0.588235,,0.679245,1
Prudential Financial,2019-10,1,@Prudential,12,4,0.333333,1.609438,1,0.333333,0.5,0.333333,0.333333,0
Prudential Financial,2019-11,1,@Prudential,7,0,0.0,0.0,0,0.0,0.0,,0.571429,1
Prudential Financial,2019-12,1,@Prudential,16,1,0.0625,0.693147,1,0.0625,0.090909,0.0625,0.3125,0
Prudential Financial,2020-01,1,@Prudential,10,2,0.2,1.098612,1,0.2,0.285714,0.2,0.3,0
Prudential Financial,2020-02,1,@Prudential,37,3,0.081081,1.386294,1,0.081081,0.142857,0.081081,0.432432,0
Prudential Financial,2020-03,1,@Prudential,34,10,0.294118,2.397895,1,0.294118,0.4,0.294118,0.264706,0
Prudential Financial,2020-04,1,@Prudential,21,5,0.238095,1.791759,1,0.238095,0.714286,,0.666667,1
Prudential Financial,2020-05,1,@Prudential,17,3,0.176471,1.386294,1,0.176471,0.333333,0.176471,0.470588,0
Prudential Financial,2020-06,1,@Prudential,16,6,0.375,1.94591,1,0.375,0.6,0.375,0.375,0
Prudential Financial,2020-07,1,@Prudential,12,4,0.333333,1.609438,1,0.333333,0.571429,0.333333,0.416667,0
Prudential Financial,2020-08,1,@Prudential,12,2,0.166667,1.098612,1,0.166667,0.285714,0.166667,0.416667,0
Prudential Financial,2020-09,1,@Prudential,15,2,0.133333,1.098612,1,0.133333,0.25,0.133333,0.466667,0
Prudential Financial,2020-10,1,@Prudential,18,0,0.0,0.0,0,0.0,0.0,0.0,0.388889,0
Prudential Financial,2020-11,1,@Prudential,27,4,0.148148,1.609438,1,0.148148,0.4,,0.62963,1
Prudential Financial,2020-12,1,@Prudential,14,2,0.142857,1.098612,1,0.142857,0.666667,,0.785714,1
Prudential Financial,2021-01,1,@Prudential,16,2,0.125,1.098612,1,0.125,0.222222,0.125,0.4375,0
Prudential Financial,2021-02,1,@Prudential,16,0,0.0,0.0,0,0.0,0.0,,0.625,1
Prudential Financial,2021-03,1,@Prudential,8,1,0.125,0.693147,1,0.125,0.25,,0.5,1
Prudential Financial,2021-04,1,@Prudential,17,1,0.058824,0.693147,1,0.058824,0.166667,,0.647059,1
Prudential Financial,2021-05,1,@Prudential,9,0,0.0,0.0,0,0.0,0.0,,0.555556,1
Prudential Financial,2021-06,1,@Prudential,17,4,0.235294,1.609438,1,0.235294,0.5,,0.529412,1
Prudential Financial,2021-07,1,@Prudential,8,1,0.125,0.693147,1,0.125,0.25,,0.5,1
Prudential Financial,2021-08,1,@Prudential,19,2,0.105263,1.098612,1,0.105263,0.4,,0.736842,1
Prudential Financial,2021-09,1,@Prudential,37,9,0.243243,2.302585,1,0.243243,0.6,,0.594595,1
Prudential Financial,2021-10,1,@Prudential,16,3,0.1875,1.386294,1,0.1875,0.428571,,0.5625,1
Prudential Financial,2021-11,1,@Prudential,15,3,0.2,1.386294,1,0.2,0.5,,0.6,1
Prudential Financial,2021-12,1,@Prudential,9,3,0.333333,1.386294,1,0.333333,0.75,,0.555556,1
Prudential Financial,2022-01,1,@Prudential,7,1,0.142857,0.693147,1,0.142857,0.2,0.142857,0.285714,0
Prudential Financial,2022-02,1,@Prudential,11,1,0.090909,0.693147,1,0.090909,1.0,,0.909091,1
Prudential Financial,2022-03,1,@Prudential,17,3,0.176471,1.386294,1,0.176471,0.375,,0.529412,1
Prudential Financial,2022-04,1,@Prudential,7,1,0.142857,0.693147,1,0.142857,0.25,0.142857,0.428571,0
Prudential Financial,2022-05,1,@Prudential,10,1,0.1,0.693147,1,0.1,0.25,,0.6,1
Prudential Financial,2022-06,1,@Prudential,19,5,0.263158,1.791759,1,0.263158,0.714286,,0.631579,1
Prudential Financial,2022-07,1,@Prudential,9,2,0.222222,1.098612,1,0.222222,0.333333,0.222222,0.333333,0
Prudential Financial,2022-08,1,@Prudential,7,2,0.285714,1.098612,1,0.285714,0.666667,,0.571429,1
Prudential Financial,2022-09,1,@Prudential,15,3,0.2,1.386294,1,0.2,0.5,,0.6,1
Prudential Financial,2022-10,1,@Prudential,26,5,0.192308,1.791759,1,0.192308,0.454545,,0.576923,1
Prudential Financial,2022-11,1,@Prudential,1,0,0.0,0.0,0,0.0,0.0,0.0,0.0,0
Publix Super Markets,2022-03,1,@Publix,1,0,0.0,0.0,0,0.0,0.0,0.0,0.0,0
Publix Super Markets,2022-05,1,@Publix,16,1,0.0625,0.693147,1,0.0625,0.125,,0.5,1
Publix Super Markets,2022-06,1,@Publix,14,3,0.214286,1.386294,1,0.214286,0.375,0.214286,0.428571,0
Publix Super Markets,2022-07,1,@Publix,25,4,0.16,1.609438,1,0.16,0.25,0.16,0.36,0
Publix Super Markets,2022-08,1,@Publix,16,1,0.0625,0.693147,1,0.0625,0.2,,0.6875,1
Publix Super Markets,2022-09,1,@Publix,17,2,0.117647,1.098612,1,0.117647,0.4,,0.705882,1
Publix Super Markets,2022-10,1,@Publix,9,0,0.0,0.0,0,0.0,0.0,,0.555556,1
Publix Super Markets,2022-11,1,@Publix,11,0,0.0,0.0,0,0.0,0.0,,0.818182,1
Publix Super Markets,2023-01,1,@Publix,8,0,0.0,0.0,0,0.0,0.0,,0.625,1
Publix Super Markets,2023-02,1,@Publix,15,0,0.0,0.0,0,0.0,0.0,0.0,0.466667,0
Publix Super Markets,2023-03,1,@Publix,10,1,0.1,0.693147,1,0.1,0.25,,0.6,1
Publix Super Markets,2023-04,1,@Publix,15,2,0.133333,1.098612,1,0.133333,0.25,0.133333,0.466667,0
Publix Super Markets,2023-05,1,@Publix,14,0,0.0,0.0,0,0.0,0.0,,0.571429,1
Publix Super Markets,2023-06,1,@Publix,15,0,0.0,0.0,0,0.0,0.0,,0.733333,1
Publix Super Markets,2023-07,1,@Publix,14,2,0.142857,1.098612,1,0.142857,0.333333,,0.571429,1
Publix Super Markets,2023-08,1,@Publix,22,0,0.0,0.0,0,0.0,0.0,0.0,0.454545,0
Publix Super Markets,2023-09,1,@Publix,19,1,0.052632,0.693147,1,0.052632,0.111111,,0.526316,1
Publix Super Markets,2023-10,1,@Publix,19,2,0.105263,1.098612,1,0.105263,0.181818,0.105263,0.421053,0
Publix Super Markets,2023-11,1,@Publix,22,1,0.045455,0.693147,1,0.045455,0.083333,0.045455,0.454545,0
Publix Super Markets,2023-12,1,@Publix,20,0,0.0,0.0,0,0.0,0.0,0.0,0.45,0
Publix Super Markets,2024-01,1,@Publix,19,3,0.157895,1.386294,1,0.157895,0.428571,,0.631579,1
Publix Super Markets,2024-02,1,@Publix,16,0,0.0,0.0,0,0.0,0.0,,0.625,1
Publix Super Markets,2024-03,1,@Publix,23,1,0.043478,0.693147,1,0.043478,0.090909,,0.521739,1
Publix Super Markets,2024-04,1,@Publix,22,2,0.090909,1.098612,1,0.090909,0.166667,0.090909,0.454545,0
Publix Super Markets,2024-05,1,@Publix,16,2,0.125,1.098612,1,0.125,0.222222,0.125,0.4375,0
Publix Super Markets,2024-06,1,@Publix,22,1,0.045455,0.693147,1,0.045455,0.071429,0.045455,0.363636,0
Publix Super Markets,2024-07,1,@Publix,16,0,0.0,0.0,0,0.0,0.0,,0.5,1
Publix Super Markets,2024-08,1,@Publix,20,0,0.0,0.0,0,0.0,0.0,,0.5,1
Publix Super Markets,2024-09,1,@Publix,21,0,0.0,0.0,0,0.0,0.0,,0.52381,1
Publix Super Markets,2024-10,1,@Publix,17,1,0.058824,0.693147,1,0.058824,0.111111,0.058824,0.470588,0
Publix Super Markets,2024-11,1,@Publix,18,0,0.0,0.0,0,0.0,0.0,0.0,0.333333,0
Publix Super Markets,2024-12,1,@Publix,20,2,0.1,1.098612,1,0.1,0.166667,0.1,0.4,0
Publix Super Markets,2025-01,1,@Publix,22,1,0.045455,0.693147,1,0.045455,0.125,,0.636364,1
Publix Super Markets,2025-02,1,@Publix,18,3,0.166667,1.386294,1,0.166667,0.214286,0.166667,0.222222,0
Publix Super Markets,2025-03,1,@Publix,22,1,0.045455,0.693147,1,0.045455,0.125,,0.636364,1
Publix Super Markets,2025-04,1,@Publix,25,0,0.0,0.0,0,0.0,0.0,0.0,0.44,0
Publix Super Markets,2025-05,1,@Publix,22,2,0.090909,1.098612,1,0.090909,0.166667,0.090909,0.454545,0
Publix Super Markets,2025-06,1,@Publix,21,4,0.190476,1.609438,1,0.190476,0.285714,0.190476,0.333333,0
Publix Super Markets,2025-07,1,@Publix,24,0,0.0,0.0,0,0.0,0.0,,0.5,1
Publix Super Markets,2025-08,1,@Publix,21,2,0.095238,1.098612,1,0.095238,0.153846,0.095238,0.380952,0
Publix Super Markets,2025-09,1,@Publix,33,1,0.030303,0.693147,1,0.030303,0.05,0.030303,0.393939,0
Publix Super Markets,2025-10,1,@Publix,20,2,0.1,1.098612,1,0.1,0.153846,0.1,0.35,0
Publix Super Markets,2025-11,1,@Publix,18,1,0.055556,0.693147,1,0.055556,0.111111,,0.5,1
Publix Super Markets,2025-12,1,@Publix,22,1,0.045455,0.693147,1,0.045455,0.0625,0.045455,0.272727,0
Publix Super Markets,2026-01,1,@Publix,12,1,0.083333,0.693147,1,0.083333,0.142857,0.083333,0.416667,0
Publix Super Markets,2026-02,1,@Publix,8,1,0.125,0.693147,1,0.125,0.25,,0.5,1
Publix Super Markets,2026-03,1,@Publix,9,0,0.0,0.0,0,0.0,0.0,0.0,0.222222,0
Publix Super Markets,2026-04,1,@Publix,9,0,0.0,0.0,0,0.0,0.0,0.0,0.333333,0
Publix Super Markets,2026-05,1,@Publix,11,0,0.0,0.0,0,0.0,0.0,0.0,0.181818,0
Publix Super Markets,2026-06,1,@Publix,2,0,0.0,0.0,0,0.0,0.0,,0.5,1
RTX,2020-03,1,@RTX_News,17,0,0.0,0.0,0,0.0,0.0,0.0,0.470588,0
RTX,2020-04,1,@RTX_News,32,8,0.25,2.197225,1,0.25,0.421053,0.25,0.40625,0
RTX,2020-05,1,@RTX_News,24,2,0.083333,1.098612,1,0.083333,0.117647,0.083333,0.291667,0
RTX,2020-06,1,@RTX_News,22,6,0.272727,1.94591,1,0.272727,0.6,,0.545455,1
RTX,2020-07,1,@RTX_News,29,11,0.37931,2.484907,1,0.37931,0.6875,0.37931,0.448276,0
RTX,2020-08,1,@RTX_News,12,3,0.25,1.386294,1,0.25,0.6,,0.583333,1
RTX,2020-09,1,@RTX_News,3,0,0.0,0.0,0,0.0,0.0,0.0,0.333333,0
RTX,2020-10,1,@RTX_News,29,2,0.068966,1.098612,1,0.068966,0.181818,,0.62069,1
RTX,2020-11,1,@RTX_News,24,6,0.25,1.94591,1,0.25,0.666667,,0.625,1
RTX,2020-12,1,@RTX_News,3,0,0.0,0.0,0,0.0,0.0,,0.666667,1
RTX,2021-01,1,@RTX_News,5,0,0.0,0.0,0,0.0,0.0,0.0,0.2,0
RTX,2021-02,1,@RTX_News,12,0,0.0,0.0,0,0.0,0.0,,0.583333,1
RTX,2021-03,1,@RTX_News,3,0,0.0,0.0,0,0.0,0.0,,0.666667,1
RTX,2021-04,1,@RTX_News,6,1,0.166667,0.693147,1,0.166667,0.166667,0.166667,0.0,0
RTX,2021-05,1,@RTX_News,13,0,0.0,0.0,0,0.0,0.0,0.0,0.153846,0
RTX,2021-07,1,@RTX_News,5,0,0.0,0.0,0,0.0,0.0,0.0,0.2,0
RTX,2021-08,1,@RTX_News,1,1,1.0,0.693147,1,1.0,1.0,1.0,0.0,0
RTX,2021-09,1,@RTX_News,11,4,0.363636,1.609438,1,0.363636,0.444444,0.363636,0.181818,0
RTX,2021-10,1,@RTX_News,14,3,0.214286,1.386294,1,0.214286,0.3,0.214286,0.285714,0
RTX,2021-11,1,@RTX_News,14,0,0.0,0.0,0,0.0,0.0,,0.785714,1
RTX,2021-12,1,@RTX_News,3,0,0.0,0.0,0,0.0,0.0,0.0,0.0,0
RTX,2022-01,1,@RTX_News,2,0,0.0,0.0,0,0.0,,,1.0,1
RTX,2022-02,1,@RTX_News,8,2,0.25,1.098612,1,0.25,0.666667,,0.625,1
RTX,2022-03,1,@RTX_News,6,0,0.0,0.0,0,0.0,0.0,0.0,0.0,0
RTX,2022-04,1,@RTX_News,6,1,0.166667,0.693147,1,0.166667,0.2,0.166667,0.166667,0
RTX,2022-05,1,@RTX_News,2,0,0.0,0.0,0,0.0,0.0,0.0,0.0,0
RTX,2022-07,1,@RTX_News,16,0,0.0,0.0,0,0.0,0.0,0.0,0.375,0
RTX,2022-09,1,@RTX_News,1,0,0.0,0.0,0,0.0,,,1.0,1
RTX,2022-10,1,@RTX_News,3,0,0.0,0.0,0,0.0,0.0,0.0,0.0,0
RTX,2023-02,1,@RTX_News,2,2,1.0,1.098612,1,1.0,1.0,1.0,0.0,0
RTX,2023-03,1,@RTX_News,11,0,0.0,0.0,0,0.0,0.0,,0.818182,1
RTX,2023-04,1,@RTX_News,6,0,0.0,0.0,0,0.0,0.0,,0.833333,1
RTX,2023-05,1,@RTX_News,3,2,0.666667,1.098612,1,0.666667,0.666667,0.666667,0.0,0
RTX,2023-06,1,@RTX_News,12,2,0.166667,1.098612,1,0.166667,0.4,,0.583333,1
RTX,2023-07,1,@RTX_News,11,0,0.0,0.0,0,0.0,0.0,,0.727273,1
RTX,2023-08,1,@RTX_News,6,0,0.0,0.0,0,0.0,0.0,,0.833333,1
RTX,2023-09,1,@RTX_News,13,1,0.076923,0.693147,1,0.076923,0.25,,0.692308,1
RTX,2023-10,1,@RTX_News,11,2,0.181818,1.098612,1,0.181818,0.5,,0.636364,1
RTX,2023-11,1,@RTX_News,6,2,0.333333,1.098612,1,0.333333,0.5,0.333333,0.333333,0
RTX,2023-12,1,@RTX_News,4,0,0.0,0.0,0,0.0,0.0,0.0,0.25,0
RTX,2024-01,1,@RTX_News,14,2,0.142857,1.098612,1,0.142857,0.181818,0.142857,0.214286,0
RTX,2024-02,1,@RTX_News,22,1,0.045455,0.693147,1,0.045455,0.142857,,0.681818,1
RTX,2024-03,1,@RTX_News,7,1,0.142857,0.693147,1,0.142857,0.333333,,0.571429,1
RTX,2024-04,1,@RTX_News,13,0,0.0,0.0,0,0.0,0.0,0.0,0.230769,0
RTX,2024-05,1,@RTX_News,15,2,0.133333,1.098612,1,0.133333,0.222222,0.133333,0.4,0
RTX,2024-06,1,@RTX_News,7,1,0.142857,0.693147,1,0.142857,0.333333,,0.571429,1
RTX,2024-07,1,@RTX_News,30,3,0.1,1.386294,1,0.1,0.230769,,0.566667,1
RTX,2024-08,1,@RTX_News,7,1,0.142857,0.693147,1,0.142857,0.25,0.142857,0.428571,0
RTX,2024-09,1,@RTX_News,7,0,0.0,0.0,0,0.0,0.0,,0.714286,1
RTX,2024-10,1,@RTX_News,17,1,0.058824,0.693147,1,0.058824,0.083333,0.058824,0.294118,0
RTX,2024-11,1,@RTX_News,6,3,0.5,1.386294,1,0.5,0.75,0.5,0.333333,0
RTX,2024-12,1,@RTX_News,18,4,0.222222,1.609438,1,0.222222,0.363636,0.222222,0.388889,0
RTX,2025-01,1,@RTX_News,10,0,0.0,0.0,0,0.0,0.0,,0.7,1
RTX,2025-02,1,@RTX_News,16,0,0.0,0.0,0,0.0,0.0,,0.6875,1
RTX,2025-03,1,@RTX_News,11,0,0.0,0.0,0,0.0,0.0,0.0,0.181818,0
RTX,2025-04,1,@RTX_News,15,1,0.066667,0.693147,1,0.066667,0.1,0.066667,0.333333,0
RTX,2025-05,1,@RTX_News,20,3,0.15,1.386294,1,0.15,0.333333,,0.55,1
RTX,2025-06,1,@RTX_News,26,2,0.076923,1.098612,1,0.076923,0.333333,,0.769231,1
RTX,2025-07,1,@RTX_News,23,4,0.173913,1.609438,1,0.173913,0.333333,0.173913,0.478261,0
RTX,2025-08,1,@RTX_News,26,6,0.230769,1.94591,1,0.230769,0.4,0.230769,0.423077,0
RTX,2025-09,1,@RTX_News,35,7,0.2,2.079442,1,0.2,0.5,,0.6,1
RTX,2025-10,1,@RTX_News,23,4,0.173913,1.609438,1,0.173913,0.285714,0.173913,0.391304,0
RTX,2025-11,1,@RTX_News,15,0,0.0,0.0,0,0.0,0.0,,0.666667,1
RTX,2025-12,1,@RTX_News,25,4,0.16,1.609438,1,0.16,0.25,0.16,0.36,0
RTX,2026-01,1,@RTX_News,6,1,0.166667,0.693147,1,0.166667,0.2,0.166667,0.166667,0
RTX,2026-02,1,@RTX_News,19,2,0.105263,1.098612,1,0.105263,0.222222,,0.526316,1
RTX,2026-05,1,@RTX_News,13,5,0.384615,1.791759,1,0.384615,0.555556,0.384615,0.307692,0
RTX,2026-06,1,@RTX_News,8,1,0.125,0.693147,1,0.125,0.25,,0.5,1
State Farm Insurance,2025-03,1,@StateFarm,7,1,0.142857,0.693147,1,0.142857,0.5,,0.714286,1
State Farm Insurance,2025-04,1,@StateFarm,8,2,0.25,1.098612,1,0.25,0.5,,0.5,1
State Farm Insurance,2025-05,1,@StateFarm,4,0,0.0,0.0,0,0.0,0.0,,0.5,1
State Farm Insurance,2025-06,1,@StateFarm,8,2,0.25,1.098612,1,0.25,0.333333,0.25,0.25,0
State Farm Insurance,2025-07,1,@StateFarm,10,0,0.0,0.0,0,0.0,0.0,,0.5,1
State Farm Insurance,2025-08,1,@StateFarm,2,0,0.0,0.0,0,0.0,0.0,,0.5,1
State Farm Insurance,2025-09,1,@StateFarm,12,2,0.166667,1.098612,1,0.166667,0.25,0.166667,0.333333,0
State Farm Insurance,2025-10,1,@StateFarm,11,1,0.090909,0.693147,1,0.090909,0.142857,0.090909,0.363636,0
State Farm Insurance,2025-11,1,@StateFarm,4,0,0.0,0.0,0,0.0,0.0,,0.75,1
State Farm Insurance,2025-12,1,@StateFarm,3,0,0.0,0.0,0,0.0,0.0,0.0,0.333333,0
State Farm Insurance,2026-01,1,@StateFarm,3,1,0.333333,0.693147,1,0.333333,0.333333,0.333333,0.0,0
State Farm Insurance,2026-02,1,@StateFarm,25,1,0.04,0.693147,1,0.04,0.083333,,0.52,1
State Farm Insurance,2026-03,1,@StateFarm,17,2,0.117647,1.098612,1,0.117647,0.285714,,0.588235,1
State Farm Insurance,2026-04,1,@StateFarm,13,2,0.153846,1.098612,1,0.153846,0.25,0.153846,0.384615,0
State Farm Insurance,2026-05,1,@StateFarm,14,1,0.071429,0.693147,1,0.071429,0.25,,0.714286,1
State Farm Insurance,2026-06,1,@StateFarm,6,0,0.0,0.0,0,0.0,0.0,,0.666667,1
StoneX Group,2025-05,1,@StoneX_Official,1,0,0.0,0.0,0,0.0,,,1.0,1
StoneX Group,2025-08,1,@StoneX_Official,92,18,0.195652,2.944439,1,0.195652,0.439024,,0.554348,1
StoneX Group,2025-09,1,@StoneX_Official,95,19,0.2,2.995732,1,0.2,0.431818,,0.536842,1
StoneX Group,2025-10,1,@StoneX_Official,114,18,0.157895,2.944439,1,0.157895,0.28125,0.157895,0.438596,0
StoneX Group,2025-11,1,@StoneX_Official,93,9,0.096774,2.302585,1,0.096774,0.209302,,0.537634,1
StoneX Group,2025-12,1,@StoneX_Official,69,13,0.188406,2.639057,1,0.188406,0.433333,,0.565217,1
StoneX Group,2026-01,1,@StoneX_Official,99,11,0.111111,2.484907,1,0.111111,0.261905,,0.575758,1
StoneX Group,2026-02,1,@StoneX_Official,55,10,0.181818,2.397895,1,0.181818,0.5,,0.636364,1
StoneX Group,2026-03,1,@StoneX_Official,71,11,0.15493,2.484907,1,0.15493,0.23913,0.15493,0.352113,0
StoneX Group,2026-04,1,@StoneX_Official,71,8,0.112676,2.197225,1,0.112676,0.235294,,0.521127,1
StoneX Group,2026-05,1,@StoneX_Official,61,9,0.147541,2.302585,1,0.147541,0.230769,0.147541,0.360656,0
StoneX Group,2026-06,1,@StoneX_Official,27,2,0.074074,1.098612,1,0.074074,0.133333,0.074074,0.444444,0
Sysco,2021-12,1,@sysco,58,10,0.172414,2.397895,1,0.172414,0.434783,,0.603448,1
Sysco,2022-01,1,@sysco,43,10,0.232558,2.397895,1,0.232558,0.588235,,0.604651,1
Sysco,2022-02,1,@sysco,41,7,0.170732,2.079442,1,0.170732,0.333333,0.170732,0.487805,0
Sysco,2022-03,1,@sysco,62,19,0.306452,2.995732,1,0.306452,0.703704,,0.564516,1
Sysco,2022-04,1,@sysco,44,7,0.159091,2.079442,1,0.159091,0.5,,0.681818,1
Sysco,2022-05,1,@sysco,44,9,0.204545,2.302585,1,0.204545,0.36,0.204545,0.431818,0
Sysco,2022-06,1,@sysco,26,8,0.307692,2.197225,1,0.307692,0.533333,0.307692,0.423077,0
Sysco,2022-07,1,@sysco,41,11,0.268293,2.484907,1,0.268293,0.578947,,0.536585,1
Sysco,2022-08,1,@sysco,29,13,0.448276,2.639057,1,0.448276,0.764706,0.448276,0.413793,0
Sysco,2022-09,1,@sysco,33,9,0.272727,2.302585,1,0.272727,0.45,0.272727,0.393939,0
Sysco,2022-10,1,@sysco,19,8,0.421053,2.197225,1,0.421053,0.615385,0.421053,0.315789,0
Sysco,2022-11,1,@sysco,27,3,0.111111,1.386294,1,0.111111,0.2,0.111111,0.444444,0
Sysco,2022-12,1,@sysco,22,5,0.227273,1.791759,1,0.227273,0.5,,0.545455,1
Sysco,2023-01,1,@sysco,23,3,0.130435,1.386294,1,0.130435,0.157895,0.130435,0.173913,0
Sysco,2023-02,1,@sysco,15,4,0.266667,1.609438,1,0.266667,0.571429,,0.533333,1
Sysco,2023-03,1,@sysco,19,2,0.105263,1.098612,1,0.105263,0.25,,0.578947,1
Sysco,2023-04,1,@sysco,11,2,0.181818,1.098612,1,0.181818,0.285714,0.181818,0.363636,0
Sysco,2023-05,1,@sysco,7,1,0.142857,0.693147,1,0.142857,0.5,,0.714286,1
Sysco,2023-06,1,@sysco,12,5,0.416667,1.791759,1,0.416667,0.555556,0.416667,0.25,0
Sysco,2023-07,1,@sysco,7,1,0.142857,0.693147,1,0.142857,0.333333,,0.571429,1
Sysco,2023-08,1,@sysco,10,2,0.2,1.098612,1,0.2,0.333333,0.2,0.4,0
Sysco,2023-09,1,@sysco,9,1,0.111111,0.693147,1,0.111111,0.333333,,0.666667,1
Sysco,2023-10,1,@sysco,7,0,0.0,0.0,0,0.0,0.0,0.0,0.285714,0
Sysco,2023-11,1,@sysco,12,2,0.166667,1.098612,1,0.166667,0.333333,,0.5,1
Sysco,2023-12,1,@sysco,10,4,0.4,1.609438,1,0.4,0.571429,0.4,0.3,0
Sysco,2024-01,1,@sysco,7,2,0.285714,1.098612,1,0.285714,0.285714,0.285714,0.0,0
Sysco,2024-02,1,@sysco,2,0,0.0,0.0,0,0.0,0.0,,0.5,1
Sysco,2024-03,1,@sysco,7,2,0.285714,1.098612,1,0.285714,0.666667,,0.571429,1
Sysco,2024-04,1,@sysco,9,3,0.333333,1.386294,1,0.333333,0.6,0.333333,0.444444,0
Sysco,2024-05,1,@sysco,9,2,0.222222,1.098612,1,0.222222,0.333333,0.222222,0.333333,0
Sysco,2024-06,1,@sysco,7,0,0.0,0.0,0,0.0,0.0,,0.571429,1
Sysco,2024-07,1,@sysco,12,0,0.0,0.0,0,0.0,0.0,,0.666667,1
Sysco,2024-08,1,@sysco,6,1,0.166667,0.693147,1,0.166667,0.25,0.166667,0.333333,0
Sysco,2024-09,1,@sysco,6,1,0.166667,0.693147,1,0.166667,0.333333,,0.5,1
Sysco,2024-10,1,@sysco,11,1,0.090909,0.693147,1,0.090909,0.2,,0.545455,1
Sysco,2024-11,1,@sysco,15,1,0.066667,0.693147,1,0.066667,0.25,,0.733333,1
Sysco,2024-12,1,@sysco,6,3,0.5,1.386294,1,0.5,1.0,,0.5,1
Sysco,2025-01,1,@sysco,10,2,0.2,1.098612,1,0.2,0.222222,0.2,0.1,0
Sysco,2025-02,1,@sysco,3,1,0.333333,0.693147,1,0.333333,1.0,,0.666667,1
Sysco,2025-03,1,@sysco,5,0,0.0,0.0,0,0.0,0.0,0.0,0.4,0
Sysco,2025-04,1,@sysco,5,0,0.0,0.0,0,0.0,0.0,,0.8,1
Sysco,2025-05,1,@sysco,8,1,0.125,0.693147,1,0.125,0.5,,0.75,1
Sysco,2025-06,1,@sysco,2,1,0.5,0.693147,1,0.5,0.5,0.5,0.0,0
Sysco,2025-07,1,@sysco,17,1,0.058824,0.693147,1,0.058824,0.083333,0.058824,0.294118,0
Sysco,2025-08,1,@sysco,4,0,0.0,0.0,0,0.0,0.0,,0.75,1
Sysco,2025-09,1,@sysco,6,1,0.166667,0.693147,1,0.166667,0.25,0.166667,0.333333,0
Sysco,2025-10,1,@sysco,27,4,0.148148,1.609438,1,0.148148,0.4,,0.62963,1
Sysco,2025-11,1,@sysco,12,2,0.166667,1.098612,1,0.166667,0.5,,0.666667,1
Sysco,2025-12,1,@sysco,12,2,0.166667,1.098612,1,0.166667,0.4,,0.583333,1
Sysco,2026-01,1,@sysco,13,0,0.0,0.0,0,0.0,0.0,,0.538462,1
Sysco,2026-02,1,@sysco,7,2,0.285714,1.098612,1,0.285714,0.666667,,0.571429,1
Sysco,2026-03,1,@sysco,1,1,1.0,0.693147,1,1.0,1.0,1.0,0.0,0
Sysco,2026-04,1,@sysco,3,0,0.0,0.0,0,0.0,0.0,0.0,0.333333,0
TD Synnex,2021-09,1,@tdsynnex,32,8,0.25,2.197225,1,0.25,0.5,,0.5,1
TD Synnex,2021-10,1,@tdsynnex,31,5,0.16129,1.791759,1,0.16129,0.263158,0.16129,0.387097,0
TD Synnex,2021-11,1,@tdsynnex,7,1,0.142857,0.693147,1,0.142857,1.0,,0.857143,1
TD Synnex,2021-12,1,@tdsynnex,12,4,0.333333,1.609438,1,0.333333,0.5,0.333333,0.333333,0
TD Synnex,2022-01,1,@tdsynnex,13,4,0.307692,1.609438,1,0.307692,0.4,0.307692,0.230769,0
TD Synnex,2022-02,1,@tdsynnex,14,2,0.142857,1.098612,1,0.142857,0.5,,0.714286,1
TD Synnex,2022-03,1,@tdsynnex,37,6,0.162162,1.94591,1,0.162162,0.25,0.162162,0.351351,0
TD Synnex,2022-04,1,@tdsynnex,16,2,0.125,1.098612,1,0.125,0.25,,0.5,1
TD Synnex,2022-05,1,@tdsynnex,21,4,0.190476,1.609438,1,0.190476,0.363636,0.190476,0.47619,0
TD Synnex,2022-06,1,@tdsynnex,17,2,0.117647,1.098612,1,0.117647,0.333333,,0.647059,1
TD Synnex,2022-07,1,@tdsynnex,12,1,0.083333,0.693147,1,0.083333,0.25,,0.666667,1
TD Synnex,2022-08,1,@tdsynnex,11,2,0.181818,1.098612,1,0.181818,0.285714,0.181818,0.363636,0
TD Synnex,2022-09,1,@tdsynnex,15,1,0.066667,0.693147,1,0.066667,0.125,0.066667,0.466667,0
TD Synnex,2022-10,1,@tdsynnex,17,2,0.117647,1.098612,1,0.117647,0.25,,0.529412,1
TD Synnex,2022-11,1,@tdsynnex,11,1,0.090909,0.693147,1,0.090909,0.142857,0.090909,0.363636,0
TD Synnex,2022-12,1,@tdsynnex,12,2,0.166667,1.098612,1,0.166667,0.2,0.166667,0.166667,0
TD Synnex,2023-01,1,@tdsynnex,6,0,0.0,0.0,0,0.0,0.0,,0.666667,1
TD Synnex,2023-02,1,@tdsynnex,10,4,0.4,1.609438,1,0.4,0.8,,0.5,1
TD Synnex,2023-03,1,@tdsynnex,32,3,0.09375,1.386294,1,0.09375,0.333333,,0.71875,1
TD Synnex,2023-04,1,@tdsynnex,18,8,0.444444,2.197225,1,0.444444,0.666667,0.444444,0.333333,0
TD Synnex,2023-05,1,@tdsynnex,24,1,0.041667,0.693147,1,0.041667,0.090909,,0.541667,1
TD Synnex,2023-06,1,@tdsynnex,17,3,0.176471,1.386294,1,0.176471,0.428571,,0.588235,1
TD Synnex,2023-07,1,@tdsynnex,9,1,0.111111,0.693147,1,0.111111,0.333333,,0.666667,1
TD Synnex,2023-08,1,@tdsynnex,7,2,0.285714,1.098612,1,0.285714,0.4,0.285714,0.285714,0
TD Synnex,2023-09,1,@tdsynnex,10,2,0.2,1.098612,1,0.2,0.333333,0.2,0.4,0
TD Synnex,2023-10,1,@tdsynnex,13,1,0.076923,0.693147,1,0.076923,0.142857,0.076923,0.461538,0
TD Synnex,2023-11,1,@tdsynnex,6,0,0.0,0.0,0,0.0,0.0,0.0,0.333333,0
TD Synnex,2023-12,1,@tdsynnex,9,1,0.111111,0.693147,1,0.111111,0.2,0.111111,0.444444,0
TD Synnex,2024-01,1,@tdsynnex,11,4,0.363636,1.609438,1,0.363636,0.666667,0.363636,0.454545,0
TD Synnex,2024-02,1,@tdsynnex,12,0,0.0,0.0,0,0.0,0.0,,0.666667,1
TD Synnex,2024-03,1,@tdsynnex,4,2,0.5,1.098612,1,0.5,0.666667,0.5,0.25,0
TD Synnex,2024-04,1,@tdsynnex,7,1,0.142857,0.693147,1,0.142857,0.333333,,0.571429,1
TD Synnex,2024-05,1,@tdsynnex,2,0,0.0,0.0,0,0.0,,,1.0,1
TD Synnex,2024-06,1,@tdsynnex,3,0,0.0,0.0,0,0.0,0.0,0.0,0.333333,0
TD Synnex,2024-09,1,@tdsynnex,2,0,0.0,0.0,0,0.0,0.0,,0.5,1
TD Synnex,2024-10,1,@tdsynnex,3,1,0.333333,0.693147,1,0.333333,1.0,,0.666667,1
TD Synnex,2025-01,1,@tdsynnex,1,0,0.0,0.0,0,0.0,0.0,0.0,0.0,0
TD Synnex,2025-03,1,@tdsynnex,1,0,0.0,0.0,0,0.0,0.0,0.0,0.0,0
TD Synnex,2025-07,1,@tdsynnex,1,1,1.0,0.693147,1,1.0,1.0,1.0,0.0,0
TD Synnex,2025-11,1,@tdsynnex,2,0,0.0,0.0,0,0.0,0.0,0.0,0.0,0
TIAA,2022-06,1,@tiaa,3,0,0.0,0.0,0,0.0,0.0,,0.666667,1
TIAA,2022-07,1,@tiaa,34,4,0.117647,1.609438,1,0.117647,0.266667,,0.558824,1
TIAA,2022-08,1,@tiaa,15,1,0.066667,0.693147,1,0.066667,0.166667,,0.6,1
TIAA,2022-09,1,@tiaa,16,3,0.1875,1.386294,1,0.1875,0.428571,,0.5625,1
TIAA,2022-10,1,@tiaa,20,6,0.3,1.94591,1,0.3,0.666667,,0.55,1
TIAA,2022-11,1,@tiaa,22,4,0.181818,1.609438,1,0.181818,0.333333,0.181818,0.454545,0
TIAA,2022-12,1,@tiaa,14,1,0.071429,0.693147,1,0.071429,0.166667,,0.571429,1
TIAA,2023-01,1,@tiaa,2,0,0.0,0.0,0,0.0,,,1.0,1
TIAA,2023-02,1,@tiaa,14,1,0.071429,0.693147,1,0.071429,0.125,0.071429,0.428571,0
TIAA,2023-03,1,@tiaa,24,9,0.375,2.302585,1,0.375,0.642857,0.375,0.416667,0
TIAA,2023-04,1,@tiaa,12,2,0.166667,1.098612,1,0.166667,0.333333,,0.5,1
TIAA,2023-05,1,@tiaa,10,2,0.2,1.098612,1,0.2,0.5,,0.6,1
TIAA,2023-06,1,@tiaa,17,7,0.411765,2.079442,1,0.411765,0.7,0.411765,0.411765,0
TIAA,2023-07,1,@tiaa,7,2,0.285714,1.098612,1,0.285714,0.4,0.285714,0.285714,0
TIAA,2023-08,1,@tiaa,1,0,0.0,0.0,0,0.0,,,1.0,1
TIAA,2023-09,1,@tiaa,5,2,0.4,1.098612,1,0.4,0.5,0.4,0.2,0
TIAA,2023-10,1,@tiaa,1,1,1.0,0.693147,1,1.0,1.0,1.0,0.0,0
TJX,2015-12,1,@tjmaxx,17,0,0.0,0.0,0,0.0,0.0,0.0,0.058824,0
TJX,2016-01,1,@tjmaxx,42,1,0.02381,0.693147,1,0.02381,0.029412,0.02381,0.190476,0
TJX,2016-02,1,@tjmaxx,44,2,0.045455,1.098612,1,0.045455,0.057143,0.045455,0.204545,0
TJX,2016-03,1,@tjmaxx,31,0,0.0,0.0,0,0.0,0.0,0.0,0.193548,0
TJX,2016-04,1,@tjmaxx,34,0,0.0,0.0,0,0.0,0.0,0.0,0.235294,0
TJX,2016-05,1,@tjmaxx,60,3,0.05,1.386294,1,0.05,0.071429,0.05,0.3,0
TJX,2016-06,1,@tjmaxx,45,2,0.044444,1.098612,1,0.044444,0.0625,0.044444,0.288889,0
TJX,2016-07,1,@tjmaxx,48,4,0.083333,1.609438,1,0.083333,0.108108,0.083333,0.229167,0
TJX,2016-08,1,@tjmaxx,45,0,0.0,0.0,0,0.0,0.0,0.0,0.222222,0
TJX,2016-09,1,@tjmaxx,71,2,0.028169,1.098612,1,0.028169,0.040816,0.028169,0.309859,0
TJX,2016-10,1,@tjmaxx,77,3,0.038961,1.386294,1,0.038961,0.058824,0.038961,0.337662,0
TJX,2016-11,1,@tjmaxx,27,0,0.0,0.0,0,0.0,0.0,0.0,0.296296,0
TJX,2016-12,1,@tjmaxx,45,1,0.022222,0.693147,1,0.022222,0.037037,0.022222,0.4,0
TJX,2017-01,1,@tjmaxx,32,0,0.0,0.0,0,0.0,0.0,0.0,0.15625,0
TJX,2017-02,1,@tjmaxx,28,0,0.0,0.0,0,0.0,0.0,0.0,0.142857,0
TJX,2017-03,1,@tjmaxx,27,0,0.0,0.0,0,0.0,0.0,0.0,0.222222,0
TJX,2017-04,1,@tjmaxx,41,4,0.097561,1.609438,1,0.097561,0.142857,0.097561,0.317073,0
TJX,2017-05,1,@tjmaxx,18,1,0.055556,0.693147,1,0.055556,0.066667,0.055556,0.166667,0
TJX,2017-06,1,@tjmaxx,9,0,0.0,0.0,0,0.0,0.0,0.0,0.0,0
TJX,2017-07,1,@tjmaxx,17,0,0.0,0.0,0,0.0,0.0,0.0,0.470588,0
TJX,2017-08,1,@tjmaxx,12,0,0.0,0.0,0,0.0,0.0,0.0,0.166667,0
TJX,2017-09,1,@tjmaxx,8,1,0.125,0.693147,1,0.125,0.25,,0.5,1
TJX,2017-10,1,@tjmaxx,15,0,0.0,0.0,0,0.0,0.0,0.0,0.066667,0
TJX,2017-11,1,@tjmaxx,13,0,0.0,0.0,0,0.0,0.0,,0.538462,1
TJX,2017-12,1,@tjmaxx,7,0,0.0,0.0,0,0.0,0.0,0.0,0.428571,0
TJX,2018-01,1,@tjmaxx,8,0,0.0,0.0,0,0.0,0.0,0.0,0.25,0
TJX,2018-02,1,@tjmaxx,9,0,0.0,0.0,0,0.0,0.0,0.0,0.333333,0
TJX,2018-03,1,@tjmaxx,6,0,0.0,0.0,0,0.0,0.0,0.0,0.333333,0
TJX,2018-04,1,@tjmaxx,6,0,0.0,0.0,0,0.0,0.0,0.0,0.0,0
TJX,2018-05,1,@tjmaxx,5,0,0.0,0.0,0,0.0,0.0,0.0,0.0,0
TJX,2018-06,1,@tjmaxx,1,0,0.0,0.0,0,0.0,0.0,0.0,0.0,0
TJX,2018-08,1,@tjmaxx,1,0,0.0,0.0,0,0.0,0.0,0.0,0.0,0
TJX,2018-09,1,@tjmaxx,3,0,0.0,0.0,0,0.0,0.0,0.0,0.0,0
TJX,2018-10,1,@tjmaxx,1,0,0.0,0.0,0,0.0,0.0,0.0,0.0,0
TJX,2018-11,1,@tjmaxx,2,0,0.0,0.0,0,0.0,0.0,,0.5,1
TJX,2018-12,1,@tjmaxx,2,0,0.0,0.0,0,0.0,0.0,0.0,0.0,0
TJX,2019-01,1,@tjmaxx,2,0,0.0,0.0,0,0.0,0.0,0.0,0.0,0
TJX,2019-02,1,@tjmaxx,1,0,0.0,0.0,0,0.0,0.0,0.0,0.0,0
TJX,2019-03,1,@tjmaxx,2,0,0.0,0.0,0,0.0,0.0,0.0,0.0,0
TJX,2019-04,1,@tjmaxx,3,0,0.0,0.0,0,0.0,0.0,0.0,0.0,0
TJX,2019-05,1,@tjmaxx,1,0,0.0,0.0,0,0.0,0.0,0.0,0.0,0
TJX,2019-06,1,@tjmaxx,1,0,0.0,0.0,0,0.0,0.0,0.0,0.0,0
TJX,2019-07,1,@tjmaxx,2,0,0.0,0.0,0,0.0,0.0,0.0,0.0,0
TJX,2019-08,1,@tjmaxx,5,0,0.0,0.0,0,0.0,0.0,0.0,0.0,0
TJX,2019-09,1,@tjmaxx,1,0,0.0,0.0,0,0.0,0.0,0.0,0.0,0
TJX,2019-10,1,@tjmaxx,3,0,0.0,0.0,0,0.0,0.0,0.0,0.0,0
TJX,2019-11,1,@tjmaxx,5,0,0.0,0.0,0,0.0,0.0,0.0,0.0,0
TJX,2019-12,1,@tjmaxx,6,0,0.0,0.0,0,0.0,0.0,0.0,0.0,0
TJX,2020-01,1,@tjmaxx,3,0,0.0,0.0,0,0.0,0.0,0.0,0.0,0
TJX,2020-02,1,@tjmaxx,2,0,0.0,0.0,0,0.0,0.0,0.0,0.0,0
TJX,2020-04,1,@tjmaxx,1,0,0.0,0.0,0,0.0,0.0,0.0,0.0,0
TJX,2020-05,1,@tjmaxx,1,0,0.0,0.0,0,0.0,0.0,0.0,0.0,0
TJX,2020-10,1,@tjmaxx,1,0,0.0,0.0,0,0.0,0.0,0.0,0.0,0
TJX,2021-02,1,@tjmaxx,1,0,0.0,0.0,0,0.0,0.0,0.0,0.0,0
TJX,2021-05,1,@tjmaxx,3,0,0.0,0.0,0,0.0,0.0,0.0,0.0,0
TJX,2022-06,1,@tjmaxx,1,0,0.0,0.0,0,0.0,0.0,0.0,0.0,0
TJX,2022-10,1,@tjmaxx,1,0,0.0,0.0,0,0.0,0.0,0.0,0.0,0
TJX,2023-03,1,@tjmaxx,1,0,0.0,0.0,0,0.0,0.0,0.0,0.0,0
TJX,2023-06,1,@tjmaxx,1,0,0.0,0.0,0,0.0,0.0,0.0,0.0,0
TJX,2023-09,1,@tjmaxx,1,0,0.0,0.0,0,0.0,,,1.0,1
TJX,2023-12,1,@tjmaxx,1,0,0.0,0.0,0,0.0,,,1.0,1
TJX,2024-12,1,@tjmaxx,2,0,0.0,0.0,0,0.0,0.0,,0.5,1
Target,2020-03,1,@target,10,0,0.0,0.0,0,0.0,0.0,,0.5,1
Target,2020-04,1,@target,6,0,0.0,0.0,0,0.0,0.0,,0.5,1
Target,2020-05,1,@target,17,2,0.117647,1.098612,1,0.117647,0.181818,0.117647,0.352941,0
Target,2020-06,1,@target,8,2,0.25,1.098612,1,0.25,1.0,,0.75,1
Target,2020-07,1,@target,10,0,0.0,0.0,0,0.0,0.0,0.0,0.4,0
Target,2020-08,1,@target,21,2,0.095238,1.098612,1,0.095238,0.142857,0.095238,0.333333,0
Target,2020-09,1,@target,20,0,0.0,0.0,0,0.0,0.0,,0.5,1
Target,2020-10,1,@target,33,2,0.060606,1.098612,1,0.060606,0.117647,0.060606,0.484848,0
Target,2020-11,1,@target,18,4,0.222222,1.609438,1,0.222222,0.307692,0.222222,0.277778,0
Target,2020-12,1,@target,25,1,0.04,0.693147,1,0.04,0.083333,,0.52,1
Target,2021-01,1,@target,14,4,0.285714,1.609438,1,0.285714,0.5,0.285714,0.428571,0
Target,2021-02,1,@target,30,5,0.166667,1.791759,1,0.166667,0.357143,,0.533333,1
Target,2021-03,1,@target,18,2,0.111111,1.098612,1,0.111111,0.222222,,0.5,1
Target,2021-04,1,@target,18,0,0.0,0.0,0,0.0,0.0,0.0,0.222222,0
Target,2021-05,1,@target,13,0,0.0,0.0,0,0.0,0.0,0.0,0.384615,0
Target,2021-06,1,@target,24,3,0.125,1.386294,1,0.125,0.214286,0.125,0.416667,0
Target,2021-07,1,@target,14,3,0.214286,1.386294,1,0.214286,0.3,0.214286,0.285714,0
Target,2021-08,1,@target,19,1,0.052632,0.693147,1,0.052632,0.1,0.052632,0.473684,0
Target,2021-09,1,@target,31,1,0.032258,0.693147,1,0.032258,0.055556,0.032258,0.419355,0
Target,2021-10,1,@target,26,1,0.038462,0.693147,1,0.038462,0.066667,0.038462,0.423077,0
Target,2021-11,1,@target,29,2,0.068966,1.098612,1,0.068966,0.117647,0.068966,0.413793,0
Target,2021-12,1,@target,24,2,0.083333,1.098612,1,0.083333,0.222222,,0.625,1
Target,2022-01,1,@target,22,2,0.090909,1.098612,1,0.090909,0.117647,0.090909,0.227273,0
Target,2022-02,1,@target,16,1,0.0625,0.693147,1,0.0625,0.1,0.0625,0.375,0
Target,2022-03,1,@target,10,0,0.0,0.0,0,0.0,0.0,,0.5,1
Target,2022-04,1,@target,17,1,0.058824,0.693147,1,0.058824,0.111111,0.058824,0.470588,0
Target,2022-05,1,@target,11,1,0.090909,0.693147,1,0.090909,0.142857,0.090909,0.363636,0
Target,2022-06,1,@target,17,1,0.058824,0.693147,1,0.058824,0.125,,0.529412,1
Target,2022-07,1,@target,15,0,0.0,0.0,0,0.0,0.0,,0.666667,1
Target,2022-08,1,@target,16,0,0.0,0.0,0,0.0,0.0,0.0,0.375,0
Target,2022-09,1,@target,20,1,0.05,0.693147,1,0.05,0.111111,,0.55,1
Target,2022-10,1,@target,21,1,0.047619,0.693147,1,0.047619,0.083333,0.047619,0.428571,0
Target,2023-01,1,@target,2,0,0.0,0.0,0,0.0,0.0,,0.5,1
Tesla,2019-03,1,@tesla,1,0,0.0,0.0,0,0.0,0.0,0.0,0.0,0
Tesla,2025-01,1,@tesla,1,0,0.0,0.0,0,0.0,,,1.0,1
Tesla,2025-05,1,@tesla,1,0,0.0,0.0,0,0.0,0.0,0.0,0.0,0
Tesla,2025-06,1,@tesla,1,0,0.0,0.0,0,0.0,,,1.0,1
Tesla,2025-10,1,@tesla,22,3,0.136364,1.386294,1,0.136364,0.272727,,0.5,1
Tesla,2025-11,1,@tesla,62,3,0.048387,1.386294,1,0.048387,0.111111,,0.564516,1
Tesla,2025-12,1,@tesla,93,10,0.107527,2.397895,1,0.107527,0.227273,,0.526882,1
Tesla,2026-01,1,@tesla,74,11,0.148649,2.484907,1,0.148649,0.282051,0.148649,0.472973,0
Tesla,2026-02,1,@tesla,66,8,0.121212,2.197225,1,0.121212,0.205128,0.121212,0.409091,0
Tesla,2026-03,1,@tesla,96,14,0.145833,2.70805,1,0.145833,0.241379,0.145833,0.395833,0
Tesla,2026-04,1,@tesla,128,13,0.101562,2.639057,1,0.101562,0.188406,0.101562,0.460938,0
Tesla,2026-05,1,@tesla,122,14,0.114754,2.70805,1,0.114754,0.194444,0.114754,0.409836,0
Tesla,2026-06,1,@tesla,43,6,0.139535,1.94591,1,0.139535,0.333333,,0.581395,1
Travelers,2021-11,1,@travelers,7,0,0.0,0.0,0,0.0,0.0,,0.714286,1
Travelers,2021-12,1,@travelers,24,2,0.083333,1.098612,1,0.083333,0.166667,,0.5,1
Travelers,2022-01,1,@travelers,41,7,0.170732,2.079442,1,0.170732,0.269231,0.170732,0.365854,0
Travelers,2022-02,1,@travelers,22,2,0.090909,1.098612,1,0.090909,0.25,,0.636364,1
Travelers,2022-03,1,@travelers,43,9,0.209302,2.302585,1,0.209302,0.391304,0.209302,0.465116,0
Travelers,2022-04,1,@travelers,47,10,0.212766,2.397895,1,0.212766,0.333333,0.212766,0.361702,0
Travelers,2022-05,1,@travelers,31,3,0.096774,1.386294,1,0.096774,0.214286,,0.548387,1
Travelers,2022-06,1,@travelers,62,13,0.209677,2.639057,1,0.209677,0.419355,,0.5,1
Travelers,2022-07,1,@travelers,41,9,0.219512,2.302585,1,0.219512,0.428571,0.219512,0.487805,0
Travelers,2022-08,1,@travelers,33,5,0.151515,1.791759,1,0.151515,0.333333,,0.545455,1
Travelers,2022-09,1,@travelers,52,6,0.115385,1.94591,1,0.115385,0.315789,,0.634615,1
Travelers,2022-10,1,@travelers,34,6,0.176471,1.94591,1,0.176471,0.461538,,0.617647,1
Travelers,2022-11,1,@travelers,27,3,0.111111,1.386294,1,0.111111,0.214286,0.111111,0.481481,0
Travelers,2022-12,1,@travelers,24,3,0.125,1.386294,1,0.125,0.230769,0.125,0.458333,0
Travelers,2023-01,1,@travelers,27,4,0.148148,1.609438,1,0.148148,0.363636,,0.592593,1
Travelers,2023-02,1,@travelers,25,1,0.04,0.693147,1,0.04,0.090909,,0.56,1
Travelers,2023-03,1,@travelers,54,7,0.12963,2.079442,1,0.12963,0.291667,,0.555556,1
Travelers,2023-04,1,@travelers,35,5,0.142857,1.791759,1,0.142857,0.3125,,0.542857,1
Travelers,2023-05,1,@travelers,43,6,0.139535,1.94591,1,0.139535,0.230769,0.139535,0.395349,0
Travelers,2023-06,1,@travelers,60,10,0.166667,2.397895,1,0.166667,0.384615,,0.566667,1
Travelers,2023-07,1,@travelers,19,3,0.157895,1.386294,1,0.157895,0.272727,0.157895,0.421053,0
Travelers,2023-08,1,@travelers,16,2,0.125,1.098612,1,0.125,0.285714,,0.5625,1
Travelers,2023-09,1,@travelers,28,2,0.071429,1.098612,1,0.071429,0.142857,,0.5,1
Travelers,2023-10,1,@travelers,26,1,0.038462,0.693147,1,0.038462,0.076923,,0.5,1
Travelers,2023-11,1,@travelers,14,2,0.142857,1.098612,1,0.142857,0.285714,,0.5,1
Tyson Foods,2019-03,1,@tysonfoods,22,4,0.181818,1.609438,1,0.181818,0.4,,0.545455,1
Tyson Foods,2019-04,1,@tysonfoods,110,18,0.163636,2.944439,1,0.163636,0.382979,,0.572727,1
Tyson Foods,2019-05,1,@tysonfoods,108,15,0.138889,2.772589,1,0.138889,0.277778,,0.5,1
Tyson Foods,2019-06,1,@tysonfoods,88,11,0.125,2.484907,1,0.125,0.354839,,0.647727,1
Tyson Foods,2019-07,1,@tysonfoods,70,11,0.157143,2.484907,1,0.157143,0.354839,,0.557143,1
Tyson Foods,2019-08,1,@tysonfoods,85,21,0.247059,3.091042,1,0.247059,0.4375,0.247059,0.435294,0
Tyson Foods,2019-09,1,@tysonfoods,68,13,0.191176,2.639057,1,0.191176,0.40625,,0.529412,1
Tyson Foods,2019-10,1,@tysonfoods,62,8,0.129032,2.197225,1,0.129032,0.258065,,0.5,1
Tyson Foods,2019-11,1,@tysonfoods,36,4,0.111111,1.609438,1,0.111111,0.235294,,0.527778,1
Tyson Foods,2019-12,1,@tysonfoods,29,2,0.068966,1.098612,1,0.068966,0.166667,,0.586207,1
Tyson Foods,2020-01,1,@tysonfoods,32,13,0.40625,2.639057,1,0.40625,0.684211,0.40625,0.40625,0
Tyson Foods,2020-02,1,@tysonfoods,4,1,0.25,0.693147,1,0.25,1.0,,0.75,1
Tyson Foods,2020-03,1,@tysonfoods,13,4,0.307692,1.609438,1,0.307692,0.444444,0.307692,0.307692,0
Tyson Foods,2020-04,1,@tysonfoods,37,9,0.243243,2.302585,1,0.243243,0.473684,0.243243,0.486486,0
Tyson Foods,2020-05,1,@tysonfoods,26,9,0.346154,2.302585,1,0.346154,0.692308,,0.5,1
Tyson Foods,2020-06,1,@tysonfoods,14,1,0.071429,0.693147,1,0.071429,0.25,,0.714286,1
Tyson Foods,2020-07,1,@tysonfoods,20,3,0.15,1.386294,1,0.15,0.25,0.15,0.4,0
Tyson Foods,2020-08,1,@tysonfoods,19,3,0.157895,1.386294,1,0.157895,0.230769,0.157895,0.315789,0
Tyson Foods,2020-09,1,@tysonfoods,14,1,0.071429,0.693147,1,0.071429,0.125,0.071429,0.428571,0
Tyson Foods,2020-10,1,@tysonfoods,6,0,0.0,0.0,0,0.0,0.0,0.0,0.333333,0
Tyson Foods,2020-11,1,@tysonfoods,6,0,0.0,0.0,0,0.0,0.0,0.0,0.333333,0
Tyson Foods,2020-12,1,@tysonfoods,1,0,0.0,0.0,0,0.0,0.0,0.0,0.0,0
Tyson Foods,2021-01,1,@tysonfoods,17,3,0.176471,1.386294,1,0.176471,0.375,,0.529412,1
Tyson Foods,2021-02,1,@tysonfoods,9,2,0.222222,1.098612,1,0.222222,0.5,,0.555556,1
Tyson Foods,2021-03,1,@tysonfoods,32,3,0.09375,1.386294,1,0.09375,0.333333,,0.71875,1
Tyson Foods,2021-04,1,@tysonfoods,19,2,0.105263,1.098612,1,0.105263,0.285714,,0.631579,1
Tyson Foods,2021-05,1,@tysonfoods,19,2,0.105263,1.098612,1,0.105263,0.285714,,0.631579,1
Tyson Foods,2021-06,1,@tysonfoods,7,0,0.0,0.0,0,0.0,0.0,,0.571429,1
Tyson Foods,2021-07,1,@tysonfoods,7,1,0.142857,0.693147,1,0.142857,0.2,0.142857,0.285714,0
Tyson Foods,2021-08,1,@tysonfoods,1,0,0.0,0.0,0,0.0,,,1.0,1
Tyson Foods,2021-09,1,@tysonfoods,3,3,1.0,1.386294,1,1.0,1.0,1.0,0.0,0
Tyson Foods,2021-10,1,@tysonfoods,5,0,0.0,0.0,0,0.0,0.0,,0.6,1
Tyson Foods,2021-11,1,@tysonfoods,2,1,0.5,0.693147,1,0.5,1.0,,0.5,1
Tyson Foods,2021-12,1,@tysonfoods,1,0,0.0,0.0,0,0.0,,,1.0,1
Tyson Foods,2022-01,1,@tysonfoods,5,0,0.0,0.0,0,0.0,0.0,,0.6,1
Tyson Foods,2022-02,1,@tysonfoods,5,1,0.2,0.693147,1,0.2,1.0,,0.8,1
Tyson Foods,2022-03,1,@tysonfoods,8,0,0.0,0.0,0,0.0,0.0,,0.625,1
Tyson Foods,2022-04,1,@tysonfoods,9,0,0.0,0.0,0,0.0,0.0,,0.555556,1
Tyson Foods,2022-05,1,@tysonfoods,8,2,0.25,1.098612,1,0.25,0.4,0.25,0.375,0
Tyson Foods,2022-07,1,@tysonfoods,2,0,0.0,0.0,0,0.0,,,1.0,1
Tyson Foods,2022-08,1,@tysonfoods,4,1,0.25,0.693147,1,0.25,0.5,,0.5,1
Tyson Foods,2022-09,1,@tysonfoods,9,1,0.111111,0.693147,1,0.111111,0.25,,0.555556,1
Tyson Foods,2022-10,1,@tysonfoods,8,0,0.0,0.0,0,0.0,0.0,,0.625,1
Tyson Foods,2022-11,1,@tysonfoods,5,2,0.4,1.098612,1,0.4,0.666667,0.4,0.4,0
Tyson Foods,2023-01,1,@tysonfoods,1,0,0.0,0.0,0,0.0,0.0,0.0,0.0,0
Tyson Foods,2023-02,1,@tysonfoods,4,0,0.0,0.0,0,0.0,0.0,,0.75,1
Tyson Foods,2023-03,1,@tysonfoods,2,0,0.0,0.0,0,0.0,,,1.0,1
Tyson Foods,2023-05,1,@tysonfoods,4,0,0.0,0.0,0,0.0,0.0,,0.75,1
Tyson Foods,2023-06,1,@tysonfoods,1,0,0.0,0.0,0,0.0,,,1.0,1
Tyson Foods,2023-08,1,@tysonfoods,2,0,0.0,0.0,0,0.0,,,1.0,1
Tyson Foods,2023-09,1,@tysonfoods,1,1,1.0,0.693147,1,1.0,1.0,1.0,0.0,0
Tyson Foods,2023-11,1,@tysonfoods,2,0,0.0,0.0,0,0.0,0.0,,0.5,1
Tyson Foods,2026-02,1,@tysonfoods,1,1,1.0,0.693147,1,1.0,1.0,1.0,0.0,0
Tyson Foods,2026-03,1,@tysonfoods,7,2,0.285714,1.098612,1,0.285714,0.5,0.285714,0.428571,0
Tyson Foods,2026-06,1,@tysonfoods,1,0,0.0,0.0,0,0.0,0.0,0.0,0.0,0
UPS,2025-08,1,@ups,14,1,0.071429,0.693147,1,0.071429,0.166667,,0.571429,1
UPS,2025-09,1,@ups,15,4,0.266667,1.609438,1,0.266667,0.5,0.266667,0.466667,0
UPS,2025-10,1,@ups,18,2,0.111111,1.098612,1,0.111111,0.222222,,0.5,1
UPS,2025-11,1,@ups,21,0,0.0,0.0,0,0.0,0.0,,0.571429,1
UPS,2025-12,1,@ups,31,4,0.129032,1.609438,1,0.129032,0.222222,0.129032,0.419355,0
UPS,2026-01,1,@ups,17,2,0.117647,1.098612,1,0.117647,0.2,0.117647,0.411765,0
UPS,2026-02,1,@ups,19,0,0.0,0.0,0,0.0,0.0,0.0,0.421053,0
UPS,2026-03,1,@ups,15,0,0.0,0.0,0,0.0,0.0,0.0,0.333333,0
UPS,2026-04,1,@ups,21,3,0.142857,1.386294,1,0.142857,0.176471,0.142857,0.190476,0
UPS,2026-05,1,@ups,20,2,0.1,1.098612,1,0.1,0.2,,0.5,1
UPS,2026-06,1,@ups,9,2,0.222222,1.098612,1,0.222222,0.5,,0.555556,1
USAA,2022-05,1,@usaa,17,2,0.117647,1.098612,1,0.117647,0.25,,0.529412,1
USAA,2022-06,1,@usaa,42,4,0.095238,1.609438,1,0.095238,0.181818,0.095238,0.47619,0
USAA,2022-07,1,@usaa,26,4,0.153846,1.609438,1,0.153846,0.266667,0.153846,0.423077,0
USAA,2022-08,1,@usaa,30,1,0.033333,0.693147,1,0.033333,0.066667,,0.5,1
USAA,2022-09,1,@usaa,26,7,0.269231,2.079442,1,0.269231,0.5,0.269231,0.461538,0
USAA,2022-10,1,@usaa,50,5,0.1,1.791759,1,0.1,0.192308,0.1,0.48,0
USAA,2022-11,1,@usaa,57,7,0.122807,2.079442,1,0.122807,0.205882,0.122807,0.403509,0
USAA,2022-12,1,@usaa,55,19,0.345455,2.995732,1,0.345455,0.678571,0.345455,0.490909,0
USAA,2023-01,1,@usaa,18,4,0.222222,1.609438,1,0.222222,0.363636,0.222222,0.388889,0
USAA,2023-02,1,@usaa,50,13,0.26,2.639057,1,0.26,0.565217,,0.54,1
USAA,2023-03,1,@usaa,15,1,0.066667,0.693147,1,0.066667,0.125,0.066667,0.466667,0
USAA,2023-04,1,@usaa,27,6,0.222222,1.94591,1,0.222222,0.6,,0.62963,1
USAA,2023-05,1,@usaa,31,7,0.225806,2.079442,1,0.225806,0.583333,,0.612903,1
USAA,2023-06,1,@usaa,16,4,0.25,1.609438,1,0.25,0.444444,0.25,0.4375,0
USAA,2023-07,1,@usaa,10,2,0.2,1.098612,1,0.2,0.5,,0.6,1
USAA,2023-08,1,@usaa,20,0,0.0,0.0,0,0.0,0.0,,0.75,1
USAA,2023-09,1,@usaa,17,1,0.058824,0.693147,1,0.058824,0.25,,0.764706,1
USAA,2023-10,1,@usaa,18,4,0.222222,1.609438,1,0.222222,0.571429,,0.611111,1
USAA,2023-11,1,@usaa,30,4,0.133333,1.609438,1,0.133333,0.4,,0.666667,1
USAA,2023-12,1,@usaa,28,11,0.392857,2.484907,1,0.392857,0.785714,,0.5,1
USAA,2024-01,1,@usaa,19,9,0.473684,2.302585,1,0.473684,0.818182,0.473684,0.421053,0
USAA,2024-02,1,@usaa,31,11,0.354839,2.484907,1,0.354839,0.733333,,0.516129,1
USAA,2024-03,1,@usaa,9,6,0.666667,1.94591,1,0.666667,1.0,0.666667,0.333333,0
USAA,2024-04,1,@usaa,17,3,0.176471,1.386294,1,0.176471,0.75,,0.764706,1
USAA,2024-05,1,@usaa,25,6,0.24,1.94591,1,0.24,0.6,,0.6,1
USAA,2024-06,1,@usaa,12,6,0.5,1.94591,1,0.5,0.75,0.5,0.333333,0
USAA,2024-07,1,@usaa,11,1,0.090909,0.693147,1,0.090909,0.2,,0.545455,1
USAA,2024-08,1,@usaa,21,4,0.190476,1.609438,1,0.190476,0.666667,,0.714286,1
USAA,2024-09,1,@usaa,18,4,0.222222,1.609438,1,0.222222,0.5,,0.555556,1
USAA,2024-10,1,@usaa,11,2,0.181818,1.098612,1,0.181818,0.5,,0.636364,1
USAA,2024-11,1,@usaa,26,4,0.153846,1.609438,1,0.153846,0.363636,,0.576923,1
USAA,2024-12,1,@usaa,41,7,0.170732,2.079442,1,0.170732,0.411765,,0.585366,1
USAA,2025-01,1,@usaa,16,2,0.125,1.098612,1,0.125,0.666667,,0.8125,1
USAA,2025-02,1,@usaa,21,11,0.52381,2.484907,1,0.52381,0.846154,0.52381,0.380952,0
USAA,2025-03,1,@usaa,10,3,0.3,1.386294,1,0.3,0.75,,0.6,1
USAA,2025-04,1,@usaa,4,2,0.5,1.098612,1,0.5,0.666667,0.5,0.25,0
USAA,2025-05,1,@usaa,7,3,0.428571,1.386294,1,0.428571,1.0,,0.571429,1
USAA,2025-06,1,@usaa,7,1,0.142857,0.693147,1,0.142857,0.25,0.142857,0.428571,0
USAA,2025-07,1,@usaa,8,2,0.25,1.098612,1,0.25,1.0,,0.75,1
USAA,2026-04,1,@usaa,2,1,0.5,0.693147,1,0.5,1.0,,0.5,1
Uber Technologies,2023-12,1,@Uber,19,6,0.315789,1.94591,1,0.315789,0.545455,0.315789,0.421053,0
Uber Technologies,2024-01,1,@Uber,33,4,0.121212,1.609438,1,0.121212,0.222222,0.121212,0.454545,0
Uber Technologies,2024-02,1,@Uber,57,5,0.087719,1.791759,1,0.087719,0.178571,,0.508772,1
Uber Technologies,2024-03,1,@Uber,29,4,0.137931,1.609438,1,0.137931,0.307692,,0.551724,1
Uber Technologies,2024-04,1,@Uber,45,7,0.155556,2.079442,1,0.155556,0.304348,0.155556,0.488889,0
Uber Technologies,2024-05,1,@Uber,46,7,0.152174,2.079442,1,0.152174,0.269231,0.152174,0.434783,0
Uber Technologies,2024-06,1,@Uber,32,4,0.125,1.609438,1,0.125,0.222222,0.125,0.4375,0
Uber Technologies,2024-07,1,@Uber,20,2,0.1,1.098612,1,0.1,0.222222,,0.55,1
Uber Technologies,2024-08,1,@Uber,31,3,0.096774,1.386294,1,0.096774,0.214286,,0.548387,1
Uber Technologies,2024-09,1,@Uber,38,10,0.263158,2.397895,1,0.263158,0.434783,0.263158,0.394737,0
Uber Technologies,2024-10,1,@Uber,56,13,0.232143,2.639057,1,0.232143,0.481481,,0.517857,1
Uber Technologies,2024-11,1,@Uber,16,3,0.1875,1.386294,1,0.1875,0.230769,0.1875,0.1875,0
Uber Technologies,2024-12,1,@Uber,28,6,0.214286,1.94591,1,0.214286,0.6,,0.642857,1
Uber Technologies,2025-01,1,@Uber,31,5,0.16129,1.791759,1,0.16129,0.3125,0.16129,0.483871,0
Uber Technologies,2025-02,1,@Uber,25,2,0.08,1.098612,1,0.08,0.133333,0.08,0.4,0
Uber Technologies,2025-03,1,@Uber,33,6,0.181818,1.94591,1,0.181818,0.352941,0.181818,0.484848,0
Uber Technologies,2025-04,1,@Uber,23,4,0.173913,1.609438,1,0.173913,0.363636,,0.521739,1
Uber Technologies,2025-05,1,@Uber,33,5,0.151515,1.791759,1,0.151515,0.416667,,0.636364,1
Uber Technologies,2025-06,1,@Uber,15,3,0.2,1.386294,1,0.2,0.6,,0.666667,1
Uber Technologies,2025-07,1,@Uber,26,3,0.115385,1.386294,1,0.115385,0.230769,,0.5,1
Uber Technologies,2025-08,1,@Uber,16,3,0.1875,1.386294,1,0.1875,0.428571,,0.5625,1
Uber Technologies,2025-09,1,@Uber,17,5,0.294118,1.791759,1,0.294118,0.454545,0.294118,0.352941,0
Uber Technologies,2025-10,1,@Uber,26,6,0.230769,1.94591,1,0.230769,0.5,,0.538462,1
Uber Technologies,2025-11,1,@Uber,28,8,0.285714,2.197225,1,0.285714,0.470588,0.285714,0.392857,0
Uber Technologies,2025-12,1,@Uber,33,6,0.181818,1.94591,1,0.181818,0.333333,0.181818,0.454545,0
Uber Technologies,2026-01,1,@Uber,36,5,0.138889,1.791759,1,0.138889,0.217391,0.138889,0.361111,0
Uber Technologies,2026-02,1,@Uber,30,4,0.133333,1.609438,1,0.133333,0.25,0.133333,0.466667,0
Uber Technologies,2026-03,1,@Uber,39,9,0.230769,2.302585,1,0.230769,0.409091,0.230769,0.435897,0
Uber Technologies,2026-04,1,@Uber,46,6,0.130435,1.94591,1,0.130435,0.375,,0.652174,1
Uber Technologies,2026-05,1,@Uber,27,1,0.037037,0.693147,1,0.037037,0.058824,0.037037,0.37037,0
Uber Technologies,2026-06,1,@Uber,20,4,0.2,1.609438,1,0.2,0.363636,0.2,0.45,0
United Airlines Holdings,2023-06,1,@united,3,1,0.333333,0.693147,1,0.333333,1.0,,0.666667,1
United Airlines Holdings,2023-07,1,@united,14,2,0.142857,1.098612,1,0.142857,0.333333,,0.571429,1
United Airlines Holdings,2023-08,1,@united,19,3,0.157895,1.386294,1,0.157895,0.5,,0.684211,1
United Airlines Holdings,2023-09,1,@united,13,3,0.230769,1.386294,1,0.230769,0.375,0.230769,0.384615,0
United Airlines Holdings,2023-10,1,@united,10,0,0.0,0.0,0,0.0,0.0,,0.7,1
United Airlines Holdings,2023-11,1,@united,9,1,0.111111,0.693147,1,0.111111,0.166667,0.111111,0.333333,0
United Airlines Holdings,2023-12,1,@united,14,2,0.142857,1.098612,1,0.142857,0.222222,0.142857,0.357143,0
United Airlines Holdings,2024-01,1,@united,7,1,0.142857,0.693147,1,0.142857,0.2,0.142857,0.285714,0
United Airlines Holdings,2024-02,1,@united,20,2,0.1,1.098612,1,0.1,0.125,0.1,0.2,0
United Airlines Holdings,2024-03,1,@united,5,1,0.2,0.693147,1,0.2,0.333333,0.2,0.4,0
United Airlines Holdings,2024-04,1,@united,5,1,0.2,0.693147,1,0.2,0.25,0.2,0.2,0
United Airlines Holdings,2024-05,1,@united,16,1,0.0625,0.693147,1,0.0625,0.125,,0.5,1
United Airlines Holdings,2024-06,1,@united,9,0,0.0,0.0,0,0.0,0.0,,0.555556,1
United Airlines Holdings,2024-07,1,@united,7,2,0.285714,1.098612,1,0.285714,0.5,0.285714,0.428571,0
United Airlines Holdings,2024-08,1,@united,8,1,0.125,0.693147,1,0.125,0.166667,0.125,0.25,0
United Airlines Holdings,2024-09,1,@united,12,0,0.0,0.0,0,0.0,0.0,,0.666667,1
United Airlines Holdings,2024-10,1,@united,10,2,0.2,1.098612,1,0.2,0.4,,0.5,1
United Airlines Holdings,2024-11,1,@united,5,2,0.4,1.098612,1,0.4,0.5,0.4,0.2,0
United Airlines Holdings,2024-12,1,@united,15,2,0.133333,1.098612,1,0.133333,0.25,0.133333,0.466667,0
United Airlines Holdings,2025-01,1,@united,12,6,0.5,1.94591,1,0.5,0.857143,0.5,0.416667,0
United Airlines Holdings,2025-02,1,@united,5,1,0.2,0.693147,1,0.2,0.333333,0.2,0.4,0
United Airlines Holdings,2025-03,1,@united,3,2,0.666667,1.098612,1,0.666667,1.0,0.666667,0.333333,0
United Airlines Holdings,2025-04,1,@united,6,1,0.166667,0.693147,1,0.166667,0.5,,0.666667,1
United Airlines Holdings,2025-05,1,@united,10,2,0.2,1.098612,1,0.2,0.285714,0.2,0.3,0
United Airlines Holdings,2025-06,1,@united,4,1,0.25,0.693147,1,0.25,0.25,0.25,0.0,0
United Airlines Holdings,2025-07,1,@united,4,0,0.0,0.0,0,0.0,0.0,,0.75,1
United Airlines Holdings,2025-08,1,@united,4,0,0.0,0.0,0,0.0,0.0,,0.5,1
United Airlines Holdings,2025-09,1,@united,2,0,0.0,0.0,0,0.0,,,1.0,1
United Airlines Holdings,2025-10,1,@united,4,2,0.5,1.098612,1,0.5,0.666667,0.5,0.25,0
United Airlines Holdings,2025-11,1,@united,7,2,0.285714,1.098612,1,0.285714,0.5,0.285714,0.428571,0
United Airlines Holdings,2025-12,1,@united,3,0,0.0,0.0,0,0.0,0.0,0.0,0.0,0
United Airlines Holdings,2026-01,1,@united,10,3,0.3,1.386294,1,0.3,0.5,0.3,0.4,0
United Airlines Holdings,2026-02,1,@united,4,1,0.25,0.693147,1,0.25,0.333333,0.25,0.25,0
United Airlines Holdings,2026-03,1,@united,3,2,0.666667,1.098612,1,0.666667,0.666667,0.666667,0.0,0
United Airlines Holdings,2026-04,1,@united,2,2,1.0,1.098612,1,1.0,1.0,1.0,0.0,0
United Airlines Holdings,2026-05,1,@united,6,2,0.333333,1.098612,1,0.333333,0.5,0.333333,0.333333,0
United Airlines Holdings,2026-06,1,@united,2,0,0.0,0.0,0,0.0,,,1.0,1
UnitedHealth Group,2022-09,1,@UnitedHealthGrp,13,1,0.076923,0.693147,1,0.076923,0.2,,0.615385,1
UnitedHealth Group,2022-10,1,@UnitedHealthGrp,13,1,0.076923,0.693147,1,0.076923,0.111111,0.076923,0.307692,0
UnitedHealth Group,2022-11,1,@UnitedHealthGrp,11,0,0.0,0.0,0,0.0,0.0,0.0,0.363636,0
UnitedHealth Group,2022-12,1,@UnitedHealthGrp,4,2,0.5,1.098612,1,0.5,0.666667,0.5,0.25,0
UnitedHealth Group,2023-01,1,@UnitedHealthGrp,7,1,0.142857,0.693147,1,0.142857,0.142857,0.142857,0.0,0
UnitedHealth Group,2023-02,1,@UnitedHealthGrp,7,0,0.0,0.0,0,0.0,0.0,,0.571429,1
UnitedHealth Group,2023-03,1,@UnitedHealthGrp,10,4,0.4,1.609438,1,0.4,0.571429,0.4,0.3,0
UnitedHealth Group,2023-04,1,@UnitedHealthGrp,10,0,0.0,0.0,0,0.0,0.0,,0.7,1
UnitedHealth Group,2023-05,1,@UnitedHealthGrp,5,2,0.4,1.098612,1,0.4,0.5,0.4,0.2,0
UnitedHealth Group,2023-06,1,@UnitedHealthGrp,3,0,0.0,0.0,0,0.0,0.0,0.0,0.0,0
UnitedHealth Group,2023-07,1,@UnitedHealthGrp,6,0,0.0,0.0,0,0.0,0.0,0.0,0.333333,0
UnitedHealth Group,2025-02,1,@UnitedHealthGrp,1,0,0.0,0.0,0,0.0,0.0,0.0,0.0,0
UnitedHealth Group,2025-03,1,@UnitedHealthGrp,8,1,0.125,0.693147,1,0.125,0.2,0.125,0.375,0
UnitedHealth Group,2025-04,1,@UnitedHealthGrp,4,0,0.0,0.0,0,0.0,0.0,0.0,0.0,0
UnitedHealth Group,2025-05,1,@UnitedHealthGrp,4,1,0.25,0.693147,1,0.25,0.5,,0.5,1
UnitedHealth Group,2025-06,1,@UnitedHealthGrp,4,2,0.5,1.098612,1,0.5,1.0,,0.5,1
UnitedHealth Group,2025-07,1,@UnitedHealthGrp,8,1,0.125,0.693147,1,0.125,0.142857,0.125,0.125,0
UnitedHealth Group,2025-08,1,@UnitedHealthGrp,1,0,0.0,0.0,0,0.0,,,1.0,1
UnitedHealth Group,2025-09,1,@UnitedHealthGrp,1,0,0.0,0.0,0,0.0,0.0,0.0,0.0,0
UnitedHealth Group,2025-10,1,@UnitedHealthGrp,4,0,0.0,0.0,0,0.0,0.0,0.0,0.25,0
UnitedHealth Group,2025-12,1,@UnitedHealthGrp,1,0,0.0,0.0,0,0.0,0.0,0.0,0.0,0
UnitedHealth Group,2026-03,1,@UnitedHealthGrp,13,2,0.153846,1.098612,1,0.153846,0.4,,0.615385,1
UnitedHealth Group,2026-04,1,@UnitedHealthGrp,6,3,0.5,1.386294,1,0.5,0.75,0.5,0.333333,0
UnitedHealth Group,2026-05,1,@UnitedHealthGrp,10,1,0.1,0.693147,1,0.1,0.333333,,0.7,1
UnitedHealth Group,2026-06,1,@UnitedHealthGrp,1,0,0.0,0.0,0,0.0,0.0,0.0,0.0,0
Valero Energy,2022-04,1,@valeroenergy,2,1,0.5,0.693147,1,0.5,1.0,,0.5,1
Valero Energy,2022-05,1,@valeroenergy,2,0,0.0,0.0,0,0.0,,,1.0,1
Valero Energy,2022-06,1,@valeroenergy,5,0,0.0,0.0,0,0.0,,,1.0,1
Valero Energy,2022-07,1,@valeroenergy,12,1,0.083333,0.693147,1,0.083333,0.333333,,0.75,1
Valero Energy,2022-08,1,@valeroenergy,21,1,0.047619,0.693147,1,0.047619,0.166667,,0.714286,1
Valero Energy,2022-09,1,@valeroenergy,49,3,0.061224,1.386294,1,0.061224,0.125,,0.510204,1
Valero Energy,2022-10,1,@valeroenergy,14,2,0.142857,1.098612,1,0.142857,0.4,,0.642857,1
Valero Energy,2022-11,1,@valeroenergy,3,0,0.0,0.0,0,0.0,0.0,,0.666667,1
Valero Energy,2023-03,1,@valeroenergy,3,0,0.0,0.0,0,0.0,0.0,,0.666667,1
Valero Energy,2023-06,1,@valeroenergy,18,3,0.166667,1.386294,1,0.166667,0.3,0.166667,0.444444,0
Valero Energy,2023-07,1,@valeroenergy,6,0,0.0,0.0,0,0.0,0.0,,0.5,1
Valero Energy,2023-08,1,@valeroenergy,4,0,0.0,0.0,0,0.0,0.0,,0.5,1
Valero Energy,2023-09,1,@valeroenergy,6,1,0.166667,0.693147,1,0.166667,0.5,,0.666667,1
Valero Energy,2023-10,1,@valeroenergy,5,0,0.0,0.0,0,0.0,0.0,,0.6,1
Valero Energy,2023-11,1,@valeroenergy,1,0,0.0,0.0,0,0.0,,,1.0,1
Valero Energy,2023-12,1,@valeroenergy,8,1,0.125,0.693147,1,0.125,0.25,,0.5,1
Valero Energy,2024-01,1,@valeroenergy,6,1,0.166667,0.693147,1,0.166667,0.333333,,0.5,1
Valero Energy,2024-06,1,@valeroenergy,2,0,0.0,0.0,0,0.0,,,1.0,1
Valero Energy,2024-12,1,@valeroenergy,2,0,0.0,0.0,0,0.0,0.0,,0.5,1
Valero Energy,2025-03,1,@valeroenergy,2,0,0.0,0.0,0,0.0,,,1.0,1
Valero Energy,2025-04,1,@valeroenergy,3,0,0.0,0.0,0,0.0,0.0,,0.666667,1
Valero Energy,2025-06,1,@valeroenergy,4,2,0.5,1.098612,1,0.5,0.5,0.5,0.0,0
Valero Energy,2025-11,1,@valeroenergy,4,0,0.0,0.0,0,0.0,0.0,,0.5,1
Valero Energy,2025-12,1,@valeroenergy,4,0,0.0,0.0,0,0.0,0.0,0.0,0.0,0
Verizon Communications,2024-10,1,@Verizon,7,2,0.285714,1.098612,1,0.285714,0.4,0.285714,0.285714,0
Verizon Communications,2024-11,1,@Verizon,4,0,0.0,0.0,0,0.0,0.0,,0.75,1
Verizon Communications,2025-01,1,@Verizon,1,0,0.0,0.0,0,0.0,0.0,0.0,0.0,0
Verizon Communications,2025-02,1,@Verizon,5,1,0.2,0.693147,1,0.2,0.25,0.2,0.2,0
Verizon Communications,2025-06,1,@Verizon,2,1,0.5,0.693147,1,0.5,1.0,,0.5,1
Verizon Communications,2025-07,1,@Verizon,2,0,0.0,0.0,0,0.0,0.0,,0.5,1
Verizon Communications,2025-10,1,@Verizon,2,0,0.0,0.0,0,0.0,0.0,0.0,0.0,0
Verizon Communications,2026-01,1,@Verizon,16,5,0.3125,1.791759,1,0.3125,0.714286,,0.5625,1
Verizon Communications,2026-03,1,@Verizon,2,0,0.0,0.0,0,0.0,0.0,,0.5,1
Verizon Communications,2026-04,1,@Verizon,2,0,0.0,0.0,0,0.0,0.0,,0.5,1
Walmart,2023-07,1,@walmart,20,1,0.05,0.693147,1,0.05,0.1,,0.5,1
Walmart,2023-08,1,@walmart,70,7,0.1,2.079442,1,0.1,0.241379,,0.585714,1
Walmart,2023-09,1,@walmart,72,4,0.055556,1.609438,1,0.055556,0.102564,0.055556,0.458333,0
Walmart,2023-10,1,@walmart,37,4,0.108108,1.609438,1,0.108108,0.210526,0.108108,0.486486,0
Walmart,2023-11,1,@walmart,19,2,0.105263,1.098612,1,0.105263,0.285714,,0.631579,1
Walmart,2023-12,1,@walmart,13,2,0.153846,1.098612,1,0.153846,0.5,,0.692308,1
Walmart,2024-01,1,@walmart,13,3,0.230769,1.386294,1,0.230769,0.333333,0.230769,0.307692,0
Walmart,2024-02,1,@walmart,27,1,0.037037,0.693147,1,0.037037,0.0625,0.037037,0.407407,0
Walmart,2024-03,1,@walmart,21,1,0.047619,0.693147,1,0.047619,0.066667,0.047619,0.285714,0
Walmart,2024-04,1,@walmart,24,1,0.041667,0.693147,1,0.041667,0.071429,0.041667,0.416667,0
Walmart,2024-05,1,@walmart,20,1,0.05,0.693147,1,0.05,0.090909,0.05,0.45,0
Walmart,2024-06,1,@walmart,21,1,0.047619,0.693147,1,0.047619,0.0625,0.047619,0.238095,0
Walmart,2024-07,1,@walmart,43,4,0.093023,1.609438,1,0.093023,0.153846,0.093023,0.395349,0
Walmart,2024-08,1,@walmart,53,2,0.037736,1.098612,1,0.037736,0.052632,0.037736,0.283019,0
Walmart,2024-09,1,@walmart,35,4,0.114286,1.609438,1,0.114286,0.190476,0.114286,0.4,0
Walmart,2024-10,1,@walmart,47,1,0.021277,0.693147,1,0.021277,0.026316,0.021277,0.191489,0
Walmart,2024-11,1,@walmart,23,0,0.0,0.0,0,0.0,0.0,0.0,0.478261,0
Walmart,2024-12,1,@walmart,14,0,0.0,0.0,0,0.0,0.0,0.0,0.214286,0
Walmart,2025-01,1,@walmart,5,0,0.0,0.0,0,0.0,0.0,,0.6,1
Walmart,2025-02,1,@walmart,41,1,0.02439,0.693147,1,0.02439,0.032258,0.02439,0.243902,0
Walmart,2025-03,1,@walmart,24,0,0.0,0.0,0,0.0,0.0,0.0,0.333333,0
Walmart,2025-04,1,@walmart,25,3,0.12,1.386294,1,0.12,0.176471,0.12,0.32,0
Walmart,2025-05,1,@walmart,15,0,0.0,0.0,0,0.0,0.0,0.0,0.2,0
Walmart,2025-06,1,@walmart,15,0,0.0,0.0,0,0.0,0.0,0.0,0.466667,0
Walmart,2025-07,1,@walmart,20,0,0.0,0.0,0,0.0,0.0,0.0,0.45,0
Walmart,2025-08,1,@walmart,12,1,0.083333,0.693147,1,0.083333,0.111111,0.083333,0.25,0
Walmart,2025-09,1,@walmart,11,1,0.090909,0.693147,1,0.090909,0.2,,0.545455,1
Walmart,2025-10,1,@walmart,11,0,0.0,0.0,0,0.0,0.0,0.0,0.363636,0
Walmart,2025-11,1,@walmart,5,0,0.0,0.0,0,0.0,0.0,0.0,0.0,0
Walmart,2025-12,1,@walmart,5,0,0.0,0.0,0,0.0,0.0,0.0,0.0,0
Walmart,2026-01,1,@walmart,9,1,0.111111,0.693147,1,0.111111,0.166667,0.111111,0.333333,0
Walmart,2026-02,1,@walmart,40,1,0.025,0.693147,1,0.025,0.083333,,0.7,1
Walmart,2026-03,1,@walmart,13,0,0.0,0.0,0,0.0,0.0,0.0,0.461538,0
Walmart,2026-04,1,@walmart,7,2,0.285714,1.098612,1,0.285714,0.5,0.285714,0.428571,0
Walmart,2026-05,1,@walmart,8,0,0.0,0.0,0,0.0,0.0,,0.625,1
Walmart,2026-06,1,@walmart,4,0,0.0,0.0,0,0.0,0.0,,0.75,1
Walt Disney,2024-01,1,@Disney,5,0,0.0,0.0,0,0.0,,,1.0,1
Walt Disney,2024-02,1,@Disney,29,3,0.103448,1.386294,1,0.103448,0.230769,,0.551724,1
Walt Disney,2024-03,1,@Disney,25,5,0.2,1.791759,1,0.2,0.5,,0.6,1
Walt Disney,2024-04,1,@Disney,19,2,0.105263,1.098612,1,0.105263,0.25,,0.578947,1
Walt Disney,2024-05,1,@Disney,15,7,0.466667,2.079442,1,0.466667,0.777778,0.466667,0.4,0
Walt Disney,2024-06,1,@Disney,5,1,0.2,0.693147,1,0.2,1.0,,0.8,1
Walt Disney,2024-07,1,@Disney,8,1,0.125,0.693147,1,0.125,0.25,,0.5,1
Walt Disney,2024-08,1,@Disney,94,9,0.095745,2.302585,1,0.095745,0.257143,,0.62766,1
Walt Disney,2024-09,1,@Disney,15,0,0.0,0.0,0,0.0,0.0,,0.866667,1
Walt Disney,2024-10,1,@Disney,6,1,0.166667,0.693147,1,0.166667,0.333333,,0.5,1
Walt Disney,2024-11,1,@Disney,135,10,0.074074,2.397895,1,0.074074,0.222222,,0.666667,1
Walt Disney,2024-12,1,@Disney,27,7,0.259259,2.079442,1,0.259259,0.7,,0.62963,1
Walt Disney,2025-01,1,@Disney,8,0,0.0,0.0,0,0.0,0.0,0.0,0.375,0
Walt Disney,2025-02,1,@Disney,16,1,0.0625,0.693147,1,0.0625,0.333333,,0.8125,1
Walt Disney,2025-03,1,@Disney,116,17,0.146552,2.890372,1,0.146552,0.320755,,0.543103,1
Walt Disney,2025-04,1,@Disney,115,10,0.086957,2.397895,1,0.086957,0.181818,,0.521739,1
Walt Disney,2025-05,1,@Disney,50,7,0.14,2.079442,1,0.14,0.388889,,0.64,1
Walt Disney,2025-06,1,@Disney,22,5,0.227273,1.791759,1,0.227273,0.555556,,0.590909,1
Walt Disney,2025-07,1,@Disney,52,7,0.134615,2.079442,1,0.134615,0.333333,,0.596154,1
Walt Disney,2025-08,1,@Disney,65,13,0.2,2.639057,1,0.2,0.464286,,0.569231,1
Walt Disney,2025-09,1,@Disney,36,9,0.25,2.302585,1,0.25,0.5,,0.5,1
Walt Disney,2025-10,1,@Disney,49,8,0.163265,2.197225,1,0.163265,0.666667,,0.755102,1
Walt Disney,2025-11,1,@Disney,93,16,0.172043,2.833213,1,0.172043,0.333333,0.172043,0.483871,0
Walt Disney,2025-12,1,@Disney,49,15,0.306122,2.772589,1,0.306122,0.789474,,0.612245,1
Walt Disney,2026-01,1,@Disney,8,3,0.375,1.386294,1,0.375,0.5,0.375,0.25,0
Walt Disney,2026-02,1,@Disney,33,13,0.393939,2.639057,1,0.393939,0.565217,0.393939,0.30303,0
Walt Disney,2026-03,1,@Disney,55,2,0.036364,1.098612,1,0.036364,0.090909,,0.6,1
Walt Disney,2026-04,1,@Disney,81,20,0.246914,3.044522,1,0.246914,0.540541,,0.54321,1
Walt Disney,2026-05,1,@Disney,86,26,0.302326,3.295837,1,0.302326,0.684211,,0.55814,1
Walt Disney,2026-06,1,@Disney,36,4,0.111111,1.609438,1,0.111111,0.444444,,0.75,1
Wells Fargo,2023-06,1,@wellsfargo,9,1,0.111111,0.693147,1,0.111111,0.333333,,0.666667,1
Wells Fargo,2023-07,1,@wellsfargo,11,0,0.0,0.0,0,0.0,0.0,,0.636364,1
Wells Fargo,2023-08,1,@wellsfargo,8,4,0.5,1.609438,1,0.5,1.0,,0.5,1
Wells Fargo,2023-09,1,@wellsfargo,9,3,0.333333,1.386294,1,0.333333,0.75,,0.555556,1
Wells Fargo,2023-10,1,@wellsfargo,12,2,0.166667,1.098612,1,0.166667,0.25,0.166667,0.333333,0
Wells Fargo,2023-11,1,@wellsfargo,9,1,0.111111,0.693147,1,0.111111,0.2,0.111111,0.444444,0
Wells Fargo,2023-12,1,@wellsfargo,11,0,0.0,0.0,0,0.0,0.0,,0.545455,1
Wells Fargo,2024-01,1,@wellsfargo,4,1,0.25,0.693147,1,0.25,1.0,,0.75,1
Wells Fargo,2024-02,1,@wellsfargo,7,1,0.142857,0.693147,1,0.142857,0.25,0.142857,0.428571,0
Wells Fargo,2024-03,1,@wellsfargo,4,1,0.25,0.693147,1,0.25,0.5,,0.5,1
Wells Fargo,2024-04,1,@wellsfargo,9,1,0.111111,0.693147,1,0.111111,0.2,0.111111,0.444444,0
Wells Fargo,2024-05,1,@wellsfargo,26,3,0.115385,1.386294,1,0.115385,0.428571,,0.730769,1
Wells Fargo,2024-06,1,@wellsfargo,9,1,0.111111,0.693147,1,0.111111,0.166667,0.111111,0.333333,0
Wells Fargo,2024-07,1,@wellsfargo,7,1,0.142857,0.693147,1,0.142857,0.2,0.142857,0.285714,0
Wells Fargo,2024-08,1,@wellsfargo,3,0,0.0,0.0,0,0.0,0.0,,0.666667,1
Wells Fargo,2024-09,1,@wellsfargo,6,1,0.166667,0.693147,1,0.166667,0.5,,0.666667,1
Wells Fargo,2024-10,1,@wellsfargo,15,3,0.2,1.386294,1,0.2,0.5,,0.6,1
Wells Fargo,2024-11,1,@wellsfargo,5,0,0.0,0.0,0,0.0,0.0,,0.6,1
Wells Fargo,2024-12,1,@wellsfargo,9,3,0.333333,1.386294,1,0.333333,0.6,0.333333,0.444444,0
Wells Fargo,2025-01,1,@wellsfargo,5,0,0.0,0.0,0,0.0,0.0,,0.8,1
Wells Fargo,2025-02,1,@wellsfargo,4,1,0.25,0.693147,1,0.25,0.25,0.25,0.0,0
Wells Fargo,2025-03,1,@wellsfargo,5,0,0.0,0.0,0,0.0,0.0,,0.6,1
Wells Fargo,2025-04,1,@wellsfargo,11,0,0.0,0.0,0,0.0,0.0,,0.636364,1
Wells Fargo,2025-05,1,@wellsfargo,5,0,0.0,0.0,0,0.0,0.0,,0.8,1
Wells Fargo,2025-06,1,@wellsfargo,13,2,0.153846,1.098612,1,0.153846,0.285714,0.153846,0.461538,0
Wells Fargo,2025-07,1,@wellsfargo,9,1,0.111111,0.693147,1,0.111111,0.5,,0.777778,1
Wells Fargo,2025-08,1,@wellsfargo,3,0,0.0,0.0,0,0.0,,,1.0,1
Wells Fargo,2025-09,1,@wellsfargo,3,1,0.333333,0.693147,1,0.333333,1.0,,0.666667,1
Wells Fargo,2025-10,1,@wellsfargo,5,0,0.0,0.0,0,0.0,0.0,,0.6,1
Wells Fargo,2025-11,1,@wellsfargo,9,0,0.0,0.0,0,0.0,0.0,,0.555556,1
Wells Fargo,2025-12,1,@wellsfargo,3,2,0.666667,1.098612,1,0.666667,1.0,0.666667,0.333333,0
Wells Fargo,2026-01,1,@wellsfargo,1,0,0.0,0.0,0,0.0,,,1.0,1
Wells Fargo,2026-02,1,@wellsfargo,2,0,0.0,0.0,0,0.0,,,1.0,1
Wells Fargo,2026-04,1,@wellsfargo,3,0,0.0,0.0,0,0.0,0.0,0.0,0.333333,0
Wells Fargo,2026-06,1,@wellsfargo,2,0,0.0,0.0,0,0.0,0.0,,0.5,1
Wendy's,2009-11,1,@Wendys,1,0,0.0,0.0,0,0.0,,,1.0,1
Wendy's,2019-11,1,@Wendys,11,2,0.181818,1.098612,1,0.181818,0.4,,0.545455,1
Wendy's,2019-12,1,@Wendys,17,2,0.117647,1.098612,1,0.117647,0.222222,0.117647,0.470588,0
Wendy's,2020-01,1,@Wendys,13,0,0.0,0.0,0,0.0,0.0,0.0,0.461538,0
Wendy's,2020-02,1,@Wendys,19,0,0.0,0.0,0,0.0,0.0,,0.684211,1
Wendy's,2020-03,1,@Wendys,18,2,0.111111,1.098612,1,0.111111,0.222222,,0.5,1
Wendy's,2020-04,1,@Wendys,50,8,0.16,2.197225,1,0.16,0.380952,,0.58,1
Wendy's,2020-05,1,@Wendys,49,9,0.183673,2.302585,1,0.183673,0.321429,0.183673,0.428571,0
Wendy's,2020-06,1,@Wendys,11,3,0.272727,1.386294,1,0.272727,0.5,0.272727,0.454545,0
Wendy's,2020-07,1,@Wendys,19,2,0.105263,1.098612,1,0.105263,0.285714,,0.631579,1
Wendy's,2020-08,1,@Wendys,30,7,0.233333,2.079442,1,0.233333,0.4375,0.233333,0.466667,0
Wendy's,2020-09,1,@Wendys,16,1,0.0625,0.693147,1,0.0625,0.125,,0.5,1
Wendy's,2020-10,1,@Wendys,24,7,0.291667,2.079442,1,0.291667,0.466667,0.291667,0.375,0
Wendy's,2020-11,1,@Wendys,14,1,0.071429,0.693147,1,0.071429,0.142857,,0.5,1
Wendy's,2020-12,1,@Wendys,18,8,0.444444,2.197225,1,0.444444,0.571429,0.444444,0.222222,0
Wendy's,2021-01,1,@Wendys,6,3,0.5,1.386294,1,0.5,0.75,0.5,0.333333,0
Wendy's,2021-02,1,@Wendys,38,11,0.289474,2.484907,1,0.289474,0.647059,,0.552632,1
Wendy's,2021-03,1,@Wendys,34,11,0.323529,2.484907,1,0.323529,0.478261,0.323529,0.323529,0
Wendy's,2021-04,1,@Wendys,19,4,0.210526,1.609438,1,0.210526,0.444444,,0.526316,1
Wendy's,2021-05,1,@Wendys,8,1,0.125,0.693147,1,0.125,0.333333,,0.625,1
Wendy's,2021-06,1,@Wendys,21,2,0.095238,1.098612,1,0.095238,0.2,,0.52381,1
Wendy's,2021-07,1,@Wendys,12,3,0.25,1.386294,1,0.25,1.0,,0.75,1
Wendy's,2021-08,1,@Wendys,13,1,0.076923,0.693147,1,0.076923,0.2,,0.615385,1
Wendy's,2021-09,1,@Wendys,18,2,0.111111,1.098612,1,0.111111,0.333333,,0.666667,1
Wendy's,2021-10,1,@Wendys,12,0,0.0,0.0,0,0.0,0.0,,0.583333,1
Wendy's,2021-11,1,@Wendys,9,0,0.0,0.0,0,0.0,0.0,0.0,0.444444,0
Wendy's,2021-12,1,@Wendys,4,0,0.0,0.0,0,0.0,0.0,0.0,0.25,0
Wendy's,2022-01,1,@Wendys,17,9,0.529412,2.302585,1,0.529412,0.818182,0.529412,0.352941,0
Wendy's,2022-02,1,@Wendys,7,2,0.285714,1.098612,1,0.285714,0.5,0.285714,0.428571,0
Wendy's,2022-03,1,@Wendys,18,4,0.222222,1.609438,1,0.222222,0.307692,0.222222,0.277778,0
Wendy's,2022-04,1,@Wendys,13,2,0.153846,1.098612,1,0.153846,0.333333,,0.538462,1
Wendy's,2022-05,1,@Wendys,1,0,0.0,0.0,0,0.0,,,1.0,1
Wendy's,2022-06,1,@Wendys,9,0,0.0,0.0,0,0.0,0.0,0.0,0.333333,0
Wendy's,2022-07,1,@Wendys,13,1,0.076923,0.693147,1,0.076923,0.125,0.076923,0.384615,0
Wendy's,2022-08,1,@Wendys,17,2,0.117647,1.098612,1,0.117647,0.2,0.117647,0.411765,0
Wendy's,2022-09,1,@Wendys,9,2,0.222222,1.098612,1,0.222222,0.285714,0.222222,0.222222,0
Wendy's,2022-10,1,@Wendys,15,1,0.066667,0.693147,1,0.066667,0.166667,,0.6,1
Wendy's,2022-11,1,@Wendys,5,0,0.0,0.0,0,0.0,0.0,0.0,0.4,0
Wendy's,2022-12,1,@Wendys,12,0,0.0,0.0,0,0.0,0.0,0.0,0.166667,0
Wendy's,2023-01,1,@Wendys,8,0,0.0,0.0,0,0.0,0.0,0.0,0.25,0
Wendy's,2023-02,1,@Wendys,8,1,0.125,0.693147,1,0.125,0.2,0.125,0.375,0
Wendy's,2023-03,1,@Wendys,3,1,0.333333,0.693147,1,0.333333,0.5,0.333333,0.333333,0
Wendy's,2023-04,1,@Wendys,11,1,0.090909,0.693147,1,0.090909,0.166667,0.090909,0.454545,0
Wendy's,2023-05,1,@Wendys,13,0,0.0,0.0,0,0.0,0.0,0.0,0.307692,0
Wendy's,2023-06,1,@Wendys,8,0,0.0,0.0,0,0.0,0.0,0.0,0.25,0
Wendy's,2023-07,1,@Wendys,4,0,0.0,0.0,0,0.0,0.0,0.0,0.0,0
Wendy's,2023-08,1,@Wendys,2,0,0.0,0.0,0,0.0,0.0,,0.5,1
Wendy's,2023-09,1,@Wendys,6,0,0.0,0.0,0,0.0,0.0,0.0,0.333333,0
Wendy's,2023-10,1,@Wendys,4,0,0.0,0.0,0,0.0,0.0,,0.5,1
Wendy's,2023-11,1,@Wendys,4,1,0.25,0.693147,1,0.25,0.25,0.25,0.0,0
Wendy's,2024-01,1,@Wendys,7,0,0.0,0.0,0,0.0,0.0,0.0,0.142857,0
Wendy's,2024-02,1,@Wendys,5,1,0.2,0.693147,1,0.2,0.25,0.2,0.2,0
Wendy's,2024-03,1,@Wendys,6,0,0.0,0.0,0,0.0,0.0,0.0,0.333333,0
Wendy's,2024-04,1,@Wendys,11,1,0.090909,0.693147,1,0.090909,0.25,,0.636364,1
Wendy's,2024-05,1,@Wendys,8,0,0.0,0.0,0,0.0,0.0,0.0,0.375,0
Wendy's,2024-06,1,@Wendys,8,0,0.0,0.0,0,0.0,0.0,0.0,0.375,0
Wendy's,2024-07,1,@Wendys,10,0,0.0,0.0,0,0.0,0.0,,0.6,1
Wendy's,2024-08,1,@Wendys,23,0,0.0,0.0,0,0.0,0.0,,0.565217,1
Wendy's,2024-09,1,@Wendys,8,1,0.125,0.693147,1,0.125,0.142857,0.125,0.125,0
Wendy's,2024-10,1,@Wendys,9,0,0.0,0.0,0,0.0,0.0,0.0,0.333333,0
Wendy's,2024-11,1,@Wendys,3,0,0.0,0.0,0,0.0,0.0,0.0,0.0,0
Wendy's,2024-12,1,@Wendys,8,0,0.0,0.0,0,0.0,0.0,0.0,0.375,0
Wendy's,2025-01,1,@Wendys,4,0,0.0,0.0,0,0.0,0.0,,0.5,1
Wendy's,2025-02,1,@Wendys,6,0,0.0,0.0,0,0.0,0.0,,0.833333,1
Wendy's,2025-03,1,@Wendys,11,2,0.181818,1.098612,1,0.181818,0.25,0.181818,0.272727,0
Wendy's,2025-04,1,@Wendys,11,2,0.181818,1.098612,1,0.181818,0.2,0.181818,0.090909,0
Wendy's,2025-05,1,@Wendys,1,0,0.0,0.0,0,0.0,0.0,0.0,0.0,0
Wendy's,2025-06,1,@Wendys,2,0,0.0,0.0,0,0.0,0.0,0.0,0.0,0
Wendy's,2025-07,1,@Wendys,5,0,0.0,0.0,0,0.0,0.0,0.0,0.2,0
Wendy's,2025-08,1,@Wendys,2,0,0.0,0.0,0,0.0,0.0,,0.5,1
Wendy's,2025-09,1,@Wendys,2,0,0.0,0.0,0,0.0,,,1.0,1
Wendy's,2025-10,1,@Wendys,3,0,0.0,0.0,0,0.0,,,1.0,1
Wendy's,2025-11,1,@Wendys,3,1,0.333333,0.693147,1,0.333333,0.333333,0.333333,0.0,0
Wendy's,2025-12,1,@Wendys,5,1,0.2,0.693147,1,0.2,0.25,0.2,0.2,0
Wendy's,2026-01,1,@Wendys,7,2,0.285714,1.098612,1,0.285714,0.5,0.285714,0.428571,0
Wendy's,2026-02,1,@Wendys,8,2,0.25,1.098612,1,0.25,0.333333,0.25,0.25,0
Wendy's,2026-03,1,@Wendys,31,1,0.032258,0.693147,1,0.032258,0.066667,,0.516129,1
Wendy's,2026-04,1,@Wendys,31,3,0.096774,1.386294,1,0.096774,0.142857,0.096774,0.322581,0
Wendy's,2026-05,1,@Wendys,23,0,0.0,0.0,0,0.0,0.0,,0.521739,1
Wendy's,2026-06,1,@Wendys,5,0,0.0,0.0,0,0.0,0.0,,0.6,1
