company_name,period,source_x_handle_count,source_x_handle_list,total_posts,aggressive_count,aggressive_share,aggressive_humor_usage_intensity,aggressive_humor_usage_intensity_sq,log_aggressive_count,aggressive_presence_any,aggressive_share_ambiguity_excluded,rare_negative_humor_usage_intensity,rare_negative_humor_usage_intensity_sq,humor_share_x_aggressive_intensity,humor_share_x_aggressive_intensity_sq,aggressive_presence_x_aggressive_intensity,aggressive_presence_x_aggressive_intensity_sq,ambiguity_rate,high_ambiguity_flag
AT&T,2022-02,1,@ATT,1,0,0.0,0.0,0.0,0.0,0,,0.0,0.0,0.0,0.0,0.0,0.0,1.0,1
AT&T,2023-07,1,@ATT,9,0,0.0,0.0,0.0,0.0,0,0.0,0.0,0.0,0.0,0.0,0.0,0.0,0.444444,0
AT&T,2023-08,1,@ATT,31,0,0.0,0.0,0.0,0.0,0,0.0,0.0,0.0,0.0,0.0,0.0,0.0,0.516129,1
AT&T,2023-09,1,@ATT,25,0,0.0,0.0,0.0,0.0,0,0.0,0.0,0.0,0.0,0.0,0.0,0.0,0.32,0
AT&T,2023-10,1,@ATT,10,0,0.0,0.0,0.0,0.0,0,0.0,0.0,0.0,0.0,0.0,0.0,0.0,0.4,0
AT&T,2023-11,1,@ATT,14,0,0.0,0.0,0.0,0.0,0,0.0,0.0,0.0,0.0,0.0,0.0,0.0,0.571429,1
AT&T,2023-12,1,@ATT,6,0,0.0,0.0,0.0,0.0,0,0.0,0.0,0.0,0.0,0.0,0.0,0.0,0.666667,1
AT&T,2024-01,1,@ATT,28,0,0.0,0.0,0.0,0.0,0,0.0,0.0,0.0,0.0,0.0,0.0,0.0,0.428571,0
AT&T,2024-02,1,@ATT,30,0,0.0,0.0,0.0,0.0,0,0.0,0.0,0.0,0.0,0.0,0.0,0.0,0.533333,1
AT&T,2024-03,1,@ATT,5,0,0.0,0.0,0.0,0.0,0,0.0,0.0,0.0,0.0,0.0,0.0,0.0,0.2,0
AT&T,2024-04,1,@ATT,31,0,0.0,0.0,0.0,0.0,0,0.0,0.0,0.0,0.0,0.0,0.0,0.0,0.483871,0
AT&T,2024-05,1,@ATT,9,0,0.0,0.0,0.0,0.0,0,0.0,0.0,0.0,0.0,0.0,0.0,0.0,0.333333,0
AT&T,2024-06,1,@ATT,12,0,0.0,0.0,0.0,0.0,0,0.0,0.0,0.0,0.0,0.0,0.0,0.0,0.416667,0
AT&T,2024-07,1,@ATT,22,0,0.0,0.0,0.0,0.0,0,0.0,0.0,0.0,0.0,0.0,0.0,0.0,0.454545,0
AT&T,2024-08,1,@ATT,3,0,0.0,0.0,0.0,0.0,0,0.0,0.0,0.0,0.0,0.0,0.0,0.0,0.0,0
AT&T,2024-09,1,@ATT,26,0,0.0,0.0,0.0,0.0,0,0.0,0.0,0.0,0.0,0.0,0.0,0.0,0.346154,0
AT&T,2024-10,1,@ATT,10,0,0.0,0.0,0.0,0.0,0,0.0,0.0,0.0,0.0,0.0,0.0,0.0,0.5,1
AT&T,2024-11,1,@ATT,27,0,0.0,0.0,0.0,0.0,0,0.0,0.0,0.0,0.0,0.0,0.0,0.0,0.703704,1
AT&T,2024-12,1,@ATT,26,0,0.0,0.0,0.0,0.0,0,0.0,0.0,0.0,0.0,0.0,0.0,0.0,0.576923,1
AT&T,2025-01,1,@ATT,30,0,0.0,0.0,0.0,0.0,0,0.0,0.0,0.0,0.0,0.0,0.0,0.0,0.533333,1
AT&T,2025-02,1,@ATT,20,0,0.0,0.0,0.0,0.0,0,0.0,0.0,0.0,0.0,0.0,0.0,0.0,0.45,0
AT&T,2025-03,1,@ATT,13,1,0.076923,0.076923,0.005917148,0.693147,1,0.125,0.076923,0.005917148,0.023668592,0.001820659,0.076923,0.005917148,0.384615,0
AT&T,2025-04,1,@ATT,23,0,0.0,0.0,0.0,0.0,0,0.0,0.0,0.0,0.0,0.0,0.0,0.0,0.608696,1
AT&T,2025-05,1,@ATT,56,0,0.0,0.0,0.0,0.0,0,0.0,0.0,0.0,0.0,0.0,0.0,0.0,0.446429,0
AT&T,2025-06,1,@ATT,22,0,0.0,0.0,0.0,0.0,0,0.0,0.0,0.0,0.0,0.0,0.0,0.0,0.727273,1
AT&T,2025-07,1,@ATT,30,0,0.0,0.0,0.0,0.0,0,0.0,0.0,0.0,0.0,0.0,0.0,0.0,0.433333,0
AT&T,2025-08,1,@ATT,37,0,0.0,0.0,0.0,0.0,0,0.0,0.0,0.0,0.0,0.0,0.0,0.0,0.594595,1
AT&T,2025-09,1,@ATT,52,0,0.0,0.0,0.0,0.0,0,0.0,0.0,0.0,0.0,0.0,0.0,0.0,0.519231,1
AT&T,2025-10,1,@ATT,18,0,0.0,0.0,0.0,0.0,0,0.0,0.0,0.0,0.0,0.0,0.0,0.0,0.277778,0
AT&T,2025-11,1,@ATT,20,0,0.0,0.0,0.0,0.0,0,0.0,0.0,0.0,0.0,0.0,0.0,0.0,0.6,1
AT&T,2025-12,1,@ATT,22,0,0.0,0.0,0.0,0.0,0,0.0,0.0,0.0,0.0,0.0,0.0,0.0,0.545455,1
AT&T,2026-01,1,@ATT,29,0,0.0,0.0,0.0,0.0,0,0.0,0.034483,0.001189077,0.0,0.0,0.0,0.0,0.448276,0
AT&T,2026-02,1,@ATT,59,0,0.0,0.0,0.0,0.0,0,0.0,0.0,0.0,0.0,0.0,0.0,0.0,0.491525,0
AT&T,2026-03,1,@ATT,33,0,0.0,0.0,0.0,0.0,0,0.0,0.0,0.0,0.0,0.0,0.0,0.0,0.545455,1
AT&T,2026-04,1,@ATT,75,0,0.0,0.0,0.0,0.0,0,0.0,0.0,0.0,0.0,0.0,0.0,0.0,0.586667,1
AT&T,2026-05,1,@ATT,63,1,0.015873,0.015873,0.000251952,0.693147,1,0.034483,0.015873,0.000251952,0.002771473,4.3992e-05,0.015873,0.000251952,0.539683,1
AT&T,2026-06,1,@ATT,6,0,0.0,0.0,0.0,0.0,0,0.0,0.0,0.0,0.0,0.0,0.0,0.0,0.5,1
AbbVie,2023-09,1,@abbvie,61,0,0.0,0.0,0.0,0.0,0,0.0,0.0,0.0,0.0,0.0,0.0,0.0,0.540984,1
AbbVie,2023-10,1,@abbvie,69,0,0.0,0.0,0.0,0.0,0,0.0,0.0,0.0,0.0,0.0,0.0,0.0,0.405797,0
AbbVie,2023-11,1,@abbvie,32,0,0.0,0.0,0.0,0.0,0,0.0,0.0,0.0,0.0,0.0,0.0,0.0,0.5,1
AbbVie,2023-12,1,@abbvie,27,0,0.0,0.0,0.0,0.0,0,0.0,0.0,0.0,0.0,0.0,0.0,0.0,0.296296,0
AbbVie,2024-01,1,@abbvie,23,0,0.0,0.0,0.0,0.0,0,0.0,0.0,0.0,0.0,0.0,0.0,0.0,0.347826,0
AbbVie,2024-02,1,@abbvie,31,0,0.0,0.0,0.0,0.0,0,0.0,0.0,0.0,0.0,0.0,0.0,0.0,0.258065,0
AbbVie,2024-03,1,@abbvie,4,0,0.0,0.0,0.0,0.0,0,0.0,0.0,0.0,0.0,0.0,0.0,0.0,0.5,1
AbbVie,2024-04,1,@abbvie,31,0,0.0,0.0,0.0,0.0,0,0.0,0.0,0.0,0.0,0.0,0.0,0.0,0.322581,0
AbbVie,2024-05,1,@abbvie,22,0,0.0,0.0,0.0,0.0,0,0.0,0.0,0.0,0.0,0.0,0.0,0.0,0.5,1
AbbVie,2024-06,1,@abbvie,51,0,0.0,0.0,0.0,0.0,0,0.0,0.0,0.0,0.0,0.0,0.0,0.0,0.431373,0
AbbVie,2024-07,1,@abbvie,36,0,0.0,0.0,0.0,0.0,0,0.0,0.0,0.0,0.0,0.0,0.0,0.0,0.166667,0
AbbVie,2024-08,1,@abbvie,9,0,0.0,0.0,0.0,0.0,0,0.0,0.0,0.0,0.0,0.0,0.0,0.0,0.111111,0
AbbVie,2024-09,1,@abbvie,48,0,0.0,0.0,0.0,0.0,0,0.0,0.0,0.0,0.0,0.0,0.0,0.0,0.416667,0
AbbVie,2024-10,1,@abbvie,35,0,0.0,0.0,0.0,0.0,0,0.0,0.0,0.0,0.0,0.0,0.0,0.0,0.314286,0
AbbVie,2024-11,1,@abbvie,18,0,0.0,0.0,0.0,0.0,0,0.0,0.0,0.0,0.0,0.0,0.0,0.0,0.388889,0
AbbVie,2024-12,1,@abbvie,26,0,0.0,0.0,0.0,0.0,0,0.0,0.0,0.0,0.0,0.0,0.0,0.0,0.384615,0
AbbVie,2025-01,1,@abbvie,10,0,0.0,0.0,0.0,0.0,0,0.0,0.0,0.0,0.0,0.0,0.0,0.0,0.2,0
AbbVie,2025-02,1,@abbvie,21,0,0.0,0.0,0.0,0.0,0,0.0,0.0,0.0,0.0,0.0,0.0,0.0,0.238095,0
AbbVie,2025-03,1,@abbvie,14,0,0.0,0.0,0.0,0.0,0,0.0,0.0,0.0,0.0,0.0,0.0,0.0,0.214286,0
AbbVie,2025-04,1,@abbvie,29,0,0.0,0.0,0.0,0.0,0,0.0,0.0,0.0,0.0,0.0,0.0,0.0,0.310345,0
AbbVie,2025-05,1,@abbvie,17,0,0.0,0.0,0.0,0.0,0,0.0,0.0,0.0,0.0,0.0,0.0,0.0,0.470588,0
AbbVie,2025-06,1,@abbvie,23,0,0.0,0.0,0.0,0.0,0,0.0,0.0,0.0,0.0,0.0,0.0,0.0,0.434783,0
AbbVie,2025-07,1,@abbvie,16,0,0.0,0.0,0.0,0.0,0,0.0,0.0,0.0,0.0,0.0,0.0,0.0,0.1875,0
AbbVie,2025-08,1,@abbvie,15,0,0.0,0.0,0.0,0.0,0,0.0,0.0,0.0,0.0,0.0,0.0,0.0,0.466667,0
AbbVie,2025-09,1,@abbvie,38,0,0.0,0.0,0.0,0.0,0,0.0,0.0,0.0,0.0,0.0,0.0,0.0,0.5,1
AbbVie,2025-10,1,@abbvie,34,0,0.0,0.0,0.0,0.0,0,0.0,0.0,0.0,0.0,0.0,0.0,0.0,0.382353,0
AbbVie,2025-11,1,@abbvie,20,0,0.0,0.0,0.0,0.0,0,0.0,0.0,0.0,0.0,0.0,0.0,0.0,0.55,1
AbbVie,2025-12,1,@abbvie,9,0,0.0,0.0,0.0,0.0,0,0.0,0.0,0.0,0.0,0.0,0.0,0.0,0.555556,1
AbbVie,2026-01,1,@abbvie,5,0,0.0,0.0,0.0,0.0,0,0.0,0.0,0.0,0.0,0.0,0.0,0.0,0.2,0
AbbVie,2026-02,1,@abbvie,15,0,0.0,0.0,0.0,0.0,0,0.0,0.0,0.0,0.0,0.0,0.0,0.0,0.066667,0
AbbVie,2026-03,1,@abbvie,8,0,0.0,0.0,0.0,0.0,0,0.0,0.0,0.0,0.0,0.0,0.0,0.0,0.625,1
AbbVie,2026-04,1,@abbvie,23,0,0.0,0.0,0.0,0.0,0,0.0,0.0,0.0,0.0,0.0,0.0,0.0,0.130435,0
AbbVie,2026-05,1,@abbvie,10,0,0.0,0.0,0.0,0.0,0,0.0,0.0,0.0,0.0,0.0,0.0,0.0,0.2,0
AbbVie,2026-06,1,@abbvie,9,0,0.0,0.0,0.0,0.0,0,0.0,0.0,0.0,0.0,0.0,0.0,0.0,0.666667,1
Albertsons,2018-05,1,@albertsons,1,0,0.0,0.0,0.0,0.0,0,,0.0,0.0,0.0,0.0,0.0,0.0,1.0,1
Albertsons,2018-06,1,@albertsons,31,0,0.0,0.0,0.0,0.0,0,0.0,0.0,0.0,0.0,0.0,0.0,0.0,0.451613,0
Albertsons,2018-07,1,@albertsons,33,0,0.0,0.0,0.0,0.0,0,0.0,0.0,0.0,0.0,0.0,0.0,0.0,0.484848,0
Albertsons,2018-08,1,@albertsons,8,0,0.0,0.0,0.0,0.0,0,0.0,0.0,0.0,0.0,0.0,0.0,0.0,0.125,0
Albertsons,2018-09,1,@albertsons,6,1,0.166667,0.166667,0.027777889,0.693147,1,0.25,0.166667,0.027777889,0.027777889,0.004629657,0.166667,0.027777889,0.333333,0
Albertsons,2018-10,1,@albertsons,3,0,0.0,0.0,0.0,0.0,0,0.0,0.0,0.0,0.0,0.0,0.0,0.0,0.333333,0
Albertsons,2018-11,1,@albertsons,8,0,0.0,0.0,0.0,0.0,0,0.0,0.0,0.0,0.0,0.0,0.0,0.0,0.625,1
Albertsons,2018-12,1,@albertsons,5,0,0.0,0.0,0.0,0.0,0,0.0,0.0,0.0,0.0,0.0,0.0,0.0,0.2,0
Albertsons,2019-01,1,@albertsons,9,0,0.0,0.0,0.0,0.0,0,0.0,0.0,0.0,0.0,0.0,0.0,0.0,0.333333,0
Albertsons,2019-02,1,@albertsons,10,0,0.0,0.0,0.0,0.0,0,0.0,0.0,0.0,0.0,0.0,0.0,0.0,0.1,0
Albertsons,2019-03,1,@albertsons,6,0,0.0,0.0,0.0,0.0,0,0.0,0.0,0.0,0.0,0.0,0.0,0.0,0.333333,0
Albertsons,2019-04,1,@albertsons,10,0,0.0,0.0,0.0,0.0,0,0.0,0.0,0.0,0.0,0.0,0.0,0.0,0.3,0
Albertsons,2019-05,1,@albertsons,5,0,0.0,0.0,0.0,0.0,0,0.0,0.0,0.0,0.0,0.0,0.0,0.0,0.2,0
Albertsons,2019-06,1,@albertsons,7,0,0.0,0.0,0.0,0.0,0,0.0,0.0,0.0,0.0,0.0,0.0,0.0,0.428571,0
Albertsons,2019-07,1,@albertsons,5,0,0.0,0.0,0.0,0.0,0,0.0,0.0,0.0,0.0,0.0,0.0,0.0,0.2,0
Albertsons,2019-08,1,@albertsons,5,0,0.0,0.0,0.0,0.0,0,0.0,0.0,0.0,0.0,0.0,0.0,0.0,0.4,0
Albertsons,2019-09,1,@albertsons,5,0,0.0,0.0,0.0,0.0,0,,0.0,0.0,0.0,0.0,0.0,0.0,1.0,1
Albertsons,2019-10,1,@albertsons,6,0,0.0,0.0,0.0,0.0,0,0.0,0.0,0.0,0.0,0.0,0.0,0.0,0.666667,1
Albertsons,2019-11,1,@albertsons,6,0,0.0,0.0,0.0,0.0,0,0.0,0.0,0.0,0.0,0.0,0.0,0.0,0.0,0
Albertsons,2019-12,1,@albertsons,5,0,0.0,0.0,0.0,0.0,0,0.0,0.0,0.0,0.0,0.0,0.0,0.0,0.2,0
Albertsons,2020-01,1,@albertsons,2,0,0.0,0.0,0.0,0.0,0,0.0,0.0,0.0,0.0,0.0,0.0,0.0,0.0,0
Albertsons,2020-02,1,@albertsons,5,0,0.0,0.0,0.0,0.0,0,0.0,0.0,0.0,0.0,0.0,0.0,0.0,0.0,0
Albertsons,2020-03,1,@albertsons,9,0,0.0,0.0,0.0,0.0,0,0.0,0.0,0.0,0.0,0.0,0.0,0.0,0.666667,1
Albertsons,2020-04,1,@albertsons,1,0,0.0,0.0,0.0,0.0,0,0.0,0.0,0.0,0.0,0.0,0.0,0.0,0.0,0
Albertsons,2020-05,1,@albertsons,3,0,0.0,0.0,0.0,0.0,0,0.0,0.0,0.0,0.0,0.0,0.0,0.0,0.0,0
Albertsons,2020-06,1,@albertsons,5,0,0.0,0.0,0.0,0.0,0,0.0,0.0,0.0,0.0,0.0,0.0,0.0,0.4,0
Albertsons,2020-07,1,@albertsons,1,0,0.0,0.0,0.0,0.0,0,0.0,0.0,0.0,0.0,0.0,0.0,0.0,0.0,0
Albertsons,2020-08,1,@albertsons,47,0,0.0,0.0,0.0,0.0,0,0.0,0.0,0.0,0.0,0.0,0.0,0.0,0.617021,1
Albertsons,2020-09,1,@albertsons,29,0,0.0,0.0,0.0,0.0,0,0.0,0.0,0.0,0.0,0.0,0.0,0.0,0.413793,0
Albertsons,2020-10,1,@albertsons,31,0,0.0,0.0,0.0,0.0,0,0.0,0.0,0.0,0.0,0.0,0.0,0.0,0.548387,1
Albertsons,2020-11,1,@albertsons,33,0,0.0,0.0,0.0,0.0,0,0.0,0.0,0.0,0.0,0.0,0.0,0.0,0.606061,1
Albertsons,2020-12,1,@albertsons,28,1,0.035714,0.035714,0.00127549,0.693147,1,0.058824,0.035714,0.00127549,0.005101995,0.000182213,0.035714,0.00127549,0.392857,0
Albertsons,2021-01,1,@albertsons,34,4,0.117647,0.117647,0.013840817,1.609438,1,0.307692,0.117647,0.013840817,0.020761284,0.002442503,0.117647,0.013840817,0.617647,1
Albertsons,2021-02,1,@albertsons,29,0,0.0,0.0,0.0,0.0,0,0.0,0.0,0.0,0.0,0.0,0.0,0.0,0.413793,0
Albertsons,2021-03,1,@albertsons,36,0,0.0,0.0,0.0,0.0,0,0.0,0.0,0.0,0.0,0.0,0.0,0.0,0.583333,1
Albertsons,2021-04,1,@albertsons,30,0,0.0,0.0,0.0,0.0,0,0.0,0.0,0.0,0.0,0.0,0.0,0.0,0.533333,1
Albertsons,2021-05,1,@albertsons,34,0,0.0,0.0,0.0,0.0,0,0.0,0.0,0.0,0.0,0.0,0.0,0.0,0.558824,1
Albertsons,2021-06,1,@albertsons,39,1,0.025641,0.025641,0.000657461,0.693147,1,0.041667,0.025641,0.000657461,0.003287304,8.429e-05,0.025641,0.000657461,0.384615,0
Albertsons,2021-07,1,@albertsons,36,0,0.0,0.0,0.0,0.0,0,0.0,0.0,0.0,0.0,0.0,0.0,0.0,0.583333,1
Albertsons,2021-08,1,@albertsons,19,0,0.0,0.0,0.0,0.0,0,0.0,0.0,0.0,0.0,0.0,0.0,0.0,0.368421,0
Albertsons,2021-09,1,@albertsons,21,0,0.0,0.0,0.0,0.0,0,0.0,0.0,0.0,0.0,0.0,0.0,0.0,0.666667,1
Albertsons,2021-10,1,@albertsons,18,0,0.0,0.0,0.0,0.0,0,0.0,0.0,0.0,0.0,0.0,0.0,0.0,0.333333,0
Albertsons,2021-11,1,@albertsons,11,0,0.0,0.0,0.0,0.0,0,0.0,0.0,0.0,0.0,0.0,0.0,0.0,0.636364,1
Albertsons,2021-12,1,@albertsons,23,1,0.043478,0.043478,0.001890336,0.693147,1,0.083333,0.043478,0.001890336,0.011342106,0.000493132,0.043478,0.001890336,0.478261,0
Albertsons,2022-01,1,@albertsons,18,0,0.0,0.0,0.0,0.0,0,0.0,0.0,0.0,0.0,0.0,0.0,0.0,0.555556,1
Albertsons,2022-02,1,@albertsons,14,0,0.0,0.0,0.0,0.0,0,0.0,0.0,0.0,0.0,0.0,0.0,0.0,0.428571,0
Albertsons,2022-03,1,@albertsons,7,0,0.0,0.0,0.0,0.0,0,0.0,0.0,0.0,0.0,0.0,0.0,0.0,0.571429,1
Albertsons,2022-04,1,@albertsons,4,0,0.0,0.0,0.0,0.0,0,,0.0,0.0,0.0,0.0,0.0,0.0,1.0,1
Albertsons,2022-05,1,@albertsons,3,0,0.0,0.0,0.0,0.0,0,0.0,0.0,0.0,0.0,0.0,0.0,0.0,0.333333,0
Albertsons,2022-06,1,@albertsons,2,0,0.0,0.0,0.0,0.0,0,0.0,0.0,0.0,0.0,0.0,0.0,0.0,0.5,1
Albertsons,2022-07,1,@albertsons,1,0,0.0,0.0,0.0,0.0,0,,0.0,0.0,0.0,0.0,0.0,0.0,1.0,1
Albertsons,2022-10,1,@albertsons,1,0,0.0,0.0,0.0,0.0,0,,0.0,0.0,0.0,0.0,0.0,0.0,1.0,1
Albertsons,2022-11,1,@albertsons,2,0,0.0,0.0,0.0,0.0,0,0.0,0.0,0.0,0.0,0.0,0.0,0.0,0.5,1
Albertsons,2023-01,1,@albertsons,1,0,0.0,0.0,0.0,0.0,0,0.0,0.0,0.0,0.0,0.0,0.0,0.0,0.0,0
Albertsons,2023-02,1,@albertsons,1,0,0.0,0.0,0.0,0.0,0,,0.0,0.0,0.0,0.0,0.0,0.0,1.0,1
Albertsons,2023-03,1,@albertsons,3,0,0.0,0.0,0.0,0.0,0,0.0,0.0,0.0,0.0,0.0,0.0,0.0,0.333333,0
Albertsons,2023-04,1,@albertsons,1,0,0.0,0.0,0.0,0.0,0,,0.0,0.0,0.0,0.0,0.0,0.0,1.0,1
Albertsons,2023-05,1,@albertsons,1,0,0.0,0.0,0.0,0.0,0,0.0,0.0,0.0,0.0,0.0,0.0,0.0,0.0,0
Albertsons,2023-08,1,@albertsons,3,0,0.0,0.0,0.0,0.0,0,0.0,0.0,0.0,0.0,0.0,0.0,0.0,0.0,0
Albertsons,2023-09,1,@albertsons,1,0,0.0,0.0,0.0,0.0,0,,0.0,0.0,0.0,0.0,0.0,0.0,1.0,1
Albertsons,2023-12,1,@albertsons,4,0,0.0,0.0,0.0,0.0,0,0.0,0.0,0.0,0.0,0.0,0.0,0.0,0.25,0
Allstate,2019-11,1,@allstate,4,0,0.0,0.0,0.0,0.0,0,0.0,0.0,0.0,0.0,0.0,0.0,0.0,0.75,1
Allstate,2019-12,1,@allstate,3,0,0.0,0.0,0.0,0.0,0,0.0,0.0,0.0,0.0,0.0,0.0,0.0,0.666667,1
Allstate,2020-02,1,@allstate,6,0,0.0,0.0,0.0,0.0,0,0.0,0.0,0.0,0.0,0.0,0.0,0.0,0.833333,1
Allstate,2020-03,1,@allstate,11,0,0.0,0.0,0.0,0.0,0,0.0,0.0,0.0,0.0,0.0,0.0,0.0,0.545455,1
Allstate,2020-04,1,@allstate,20,0,0.0,0.0,0.0,0.0,0,0.0,0.0,0.0,0.0,0.0,0.0,0.0,0.7,1
Allstate,2020-05,1,@allstate,7,0,0.0,0.0,0.0,0.0,0,0.0,0.0,0.0,0.0,0.0,0.0,0.0,0.714286,1
Allstate,2020-06,1,@allstate,5,0,0.0,0.0,0.0,0.0,0,0.0,0.0,0.0,0.0,0.0,0.0,0.0,0.4,0
Allstate,2020-07,1,@allstate,8,0,0.0,0.0,0.0,0.0,0,0.0,0.0,0.0,0.0,0.0,0.0,0.0,0.625,1
Allstate,2020-08,1,@allstate,15,0,0.0,0.0,0.0,0.0,0,0.0,0.0,0.0,0.0,0.0,0.0,0.0,0.733333,1
Allstate,2020-09,1,@allstate,45,0,0.0,0.0,0.0,0.0,0,0.0,0.0,0.0,0.0,0.0,0.0,0.0,0.555556,1
Allstate,2020-10,1,@allstate,36,0,0.0,0.0,0.0,0.0,0,0.0,0.0,0.0,0.0,0.0,0.0,0.0,0.5,1
Allstate,2020-11,1,@allstate,15,0,0.0,0.0,0.0,0.0,0,0.0,0.0,0.0,0.0,0.0,0.0,0.0,0.333333,0
Allstate,2020-12,1,@allstate,33,0,0.0,0.0,0.0,0.0,0,0.0,0.0,0.0,0.0,0.0,0.0,0.0,0.393939,0
Allstate,2021-01,1,@allstate,10,0,0.0,0.0,0.0,0.0,0,0.0,0.0,0.0,0.0,0.0,0.0,0.0,0.4,0
Allstate,2021-02,1,@allstate,23,0,0.0,0.0,0.0,0.0,0,0.0,0.0,0.0,0.0,0.0,0.0,0.0,0.608696,1
Allstate,2021-03,1,@allstate,24,0,0.0,0.0,0.0,0.0,0,0.0,0.0,0.0,0.0,0.0,0.0,0.0,0.583333,1
Allstate,2021-04,1,@allstate,21,0,0.0,0.0,0.0,0.0,0,0.0,0.0,0.0,0.0,0.0,0.0,0.0,0.47619,0
Allstate,2021-05,1,@allstate,15,0,0.0,0.0,0.0,0.0,0,0.0,0.0,0.0,0.0,0.0,0.0,0.0,0.6,1
Allstate,2021-06,1,@allstate,6,0,0.0,0.0,0.0,0.0,0,0.0,0.0,0.0,0.0,0.0,0.0,0.0,0.666667,1
Allstate,2021-07,1,@allstate,6,0,0.0,0.0,0.0,0.0,0,0.0,0.0,0.0,0.0,0.0,0.0,0.0,0.833333,1
Allstate,2021-08,1,@allstate,18,0,0.0,0.0,0.0,0.0,0,0.0,0.0,0.0,0.0,0.0,0.0,0.0,0.5,1
Allstate,2021-09,1,@allstate,16,0,0.0,0.0,0.0,0.0,0,0.0,0.0,0.0,0.0,0.0,0.0,0.0,0.25,0
Allstate,2021-10,1,@allstate,6,0,0.0,0.0,0.0,0.0,0,0.0,0.0,0.0,0.0,0.0,0.0,0.0,0.833333,1
Allstate,2021-11,1,@allstate,2,0,0.0,0.0,0.0,0.0,0,,0.0,0.0,0.0,0.0,0.0,0.0,1.0,1
Allstate,2021-12,1,@allstate,6,0,0.0,0.0,0.0,0.0,0,0.0,0.0,0.0,0.0,0.0,0.0,0.0,0.166667,0
Allstate,2022-01,1,@allstate,4,0,0.0,0.0,0.0,0.0,0,0.0,0.0,0.0,0.0,0.0,0.0,0.0,0.75,1
Allstate,2022-03,1,@allstate,9,0,0.0,0.0,0.0,0.0,0,0.0,0.0,0.0,0.0,0.0,0.0,0.0,0.444444,0
Allstate,2022-04,1,@allstate,5,0,0.0,0.0,0.0,0.0,0,0.0,0.0,0.0,0.0,0.0,0.0,0.0,0.8,1
Allstate,2022-05,1,@allstate,10,0,0.0,0.0,0.0,0.0,0,0.0,0.0,0.0,0.0,0.0,0.0,0.0,0.6,1
Allstate,2022-06,1,@allstate,14,0,0.0,0.0,0.0,0.0,0,0.0,0.0,0.0,0.0,0.0,0.0,0.0,0.428571,0
Allstate,2022-07,1,@allstate,3,0,0.0,0.0,0.0,0.0,0,0.0,0.0,0.0,0.0,0.0,0.0,0.0,0.666667,1
Allstate,2022-08,1,@allstate,1,0,0.0,0.0,0.0,0.0,0,0.0,0.0,0.0,0.0,0.0,0.0,0.0,0.0,0
Allstate,2022-09,1,@allstate,20,1,0.05,0.05,0.0025,0.693147,1,0.083333,0.05,0.0025,0.0125,0.000625,0.05,0.0025,0.4,0
Allstate,2022-10,1,@allstate,6,0,0.0,0.0,0.0,0.0,0,0.0,0.0,0.0,0.0,0.0,0.0,0.0,0.5,1
Allstate,2022-11,1,@allstate,10,0,0.0,0.0,0.0,0.0,0,0.0,0.0,0.0,0.0,0.0,0.0,0.0,0.7,1
Allstate,2022-12,1,@allstate,9,0,0.0,0.0,0.0,0.0,0,0.0,0.0,0.0,0.0,0.0,0.0,0.0,0.444444,0
Allstate,2023-01,1,@allstate,5,0,0.0,0.0,0.0,0.0,0,0.0,0.0,0.0,0.0,0.0,0.0,0.0,0.0,0
Allstate,2023-02,1,@allstate,6,0,0.0,0.0,0.0,0.0,0,,0.0,0.0,0.0,0.0,0.0,0.0,1.0,1
Allstate,2023-03,1,@allstate,8,0,0.0,0.0,0.0,0.0,0,0.0,0.0,0.0,0.0,0.0,0.0,0.0,0.75,1
Allstate,2023-04,1,@allstate,5,0,0.0,0.0,0.0,0.0,0,0.0,0.0,0.0,0.0,0.0,0.0,0.0,0.8,1
Allstate,2023-05,1,@allstate,6,0,0.0,0.0,0.0,0.0,0,0.0,0.0,0.0,0.0,0.0,0.0,0.0,0.333333,0
Allstate,2023-06,1,@allstate,5,0,0.0,0.0,0.0,0.0,0,0.0,0.0,0.0,0.0,0.0,0.0,0.0,0.6,1
Allstate,2023-07,1,@allstate,2,0,0.0,0.0,0.0,0.0,0,,0.0,0.0,0.0,0.0,0.0,0.0,1.0,1
Allstate,2023-08,1,@allstate,7,0,0.0,0.0,0.0,0.0,0,0.0,0.0,0.0,0.0,0.0,0.0,0.0,0.285714,0
Allstate,2023-09,1,@allstate,7,0,0.0,0.0,0.0,0.0,0,0.0,0.0,0.0,0.0,0.0,0.0,0.0,0.571429,1
Allstate,2023-10,1,@allstate,2,0,0.0,0.0,0.0,0.0,0,0.0,0.0,0.0,0.0,0.0,0.0,0.0,0.5,1
Allstate,2023-11,1,@allstate,18,0,0.0,0.0,0.0,0.0,0,0.0,0.0,0.0,0.0,0.0,0.0,0.0,0.555556,1
Allstate,2023-12,1,@allstate,20,0,0.0,0.0,0.0,0.0,0,0.0,0.0,0.0,0.0,0.0,0.0,0.0,0.6,1
Allstate,2024-01,1,@allstate,8,0,0.0,0.0,0.0,0.0,0,0.0,0.0,0.0,0.0,0.0,0.0,0.0,0.875,1
Allstate,2024-02,1,@allstate,4,0,0.0,0.0,0.0,0.0,0,0.0,0.0,0.0,0.0,0.0,0.0,0.0,0.25,0
Allstate,2024-04,1,@allstate,3,0,0.0,0.0,0.0,0.0,0,0.0,0.0,0.0,0.0,0.0,0.0,0.0,0.666667,1
Allstate,2024-05,1,@allstate,2,0,0.0,0.0,0.0,0.0,0,0.0,0.0,0.0,0.0,0.0,0.0,0.0,0.5,1
Allstate,2024-06,1,@allstate,8,0,0.0,0.0,0.0,0.0,0,0.0,0.0,0.0,0.0,0.0,0.0,0.0,0.5,1
Alphabet,2015-08,1,@Alphabetlnc,2,0,0.0,0.0,0.0,0.0,0,0.0,0.0,0.0,0.0,0.0,0.0,0.0,0.5,1
Alphabet,2026-03,1,@google,2,0,0.0,0.0,0.0,0.0,0,0.0,0.0,0.0,0.0,0.0,0.0,0.0,0.5,1
Alphabet,2026-04,1,@google,136,0,0.0,0.0,0.0,0.0,0,0.0,0.007353,5.4067e-05,0.0,0.0,0.0,0.0,0.529412,1
Alphabet,2026-05,1,@google,267,0,0.0,0.0,0.0,0.0,0,0.0,0.0,0.0,0.0,0.0,0.0,0.0,0.494382,0
Alphabet,2026-06,1,@google,69,0,0.0,0.0,0.0,0.0,0,0.0,0.0,0.0,0.0,0.0,0.0,0.0,0.492754,0
Amazon,2021-01,1,@amazon,1,0,0.0,0.0,0.0,0.0,0,0.0,0.0,0.0,0.0,0.0,0.0,0.0,0.0,0
Amazon,2023-08,1,@amazon,16,0,0.0,0.0,0.0,0.0,0,0.0,0.0,0.0,0.0,0.0,0.0,0.0,0.4375,0
Amazon,2023-09,1,@amazon,41,1,0.02439,0.02439,0.000594872,0.693147,1,0.052632,0.02439,0.000594872,0.007138538,0.000174109,0.02439,0.000594872,0.536585,1
Amazon,2023-10,1,@amazon,46,0,0.0,0.0,0.0,0.0,0,0.0,0.021739,0.000472584,0.0,0.0,0.0,0.0,0.391304,0
Amazon,2023-11,1,@amazon,55,1,0.018182,0.018182,0.000330585,0.693147,1,0.045455,0.018182,0.000330585,0.002314078,4.2075e-05,0.018182,0.000330585,0.6,1
Amazon,2023-12,1,@amazon,46,0,0.0,0.0,0.0,0.0,0,0.0,0.0,0.0,0.0,0.0,0.0,0.0,0.521739,1
Amazon,2024-01,1,@amazon,36,0,0.0,0.0,0.0,0.0,0,0.0,0.0,0.0,0.0,0.0,0.0,0.0,0.5,1
Amazon,2024-02,1,@amazon,23,0,0.0,0.0,0.0,0.0,0,0.0,0.0,0.0,0.0,0.0,0.0,0.0,0.434783,0
Amazon,2024-03,1,@amazon,17,0,0.0,0.0,0.0,0.0,0,0.0,0.0,0.0,0.0,0.0,0.0,0.0,0.588235,1
Amazon,2024-04,1,@amazon,8,0,0.0,0.0,0.0,0.0,0,0.0,0.0,0.0,0.0,0.0,0.0,0.0,0.625,1
Amazon,2024-05,1,@amazon,17,0,0.0,0.0,0.0,0.0,0,0.0,0.058824,0.003460263,0.0,0.0,0.0,0.0,0.411765,0
Amazon,2024-06,1,@amazon,29,1,0.034483,0.034483,0.001189077,0.693147,1,0.083333,0.034483,0.001189077,0.002378155,8.2006e-05,0.034483,0.001189077,0.586207,1
Amazon,2024-07,1,@amazon,26,0,0.0,0.0,0.0,0.0,0,0.0,0.0,0.0,0.0,0.0,0.0,0.0,0.423077,0
Amazon,2024-08,1,@amazon,16,0,0.0,0.0,0.0,0.0,0,0.0,0.0,0.0,0.0,0.0,0.0,0.0,0.625,1
Amazon,2024-09,1,@amazon,19,0,0.0,0.0,0.0,0.0,0,0.0,0.0,0.0,0.0,0.0,0.0,0.0,0.526316,1
Amazon,2024-10,1,@amazon,19,0,0.0,0.0,0.0,0.0,0,0.0,0.0,0.0,0.0,0.0,0.0,0.0,0.631579,1
Amazon,2024-11,1,@amazon,21,0,0.0,0.0,0.0,0.0,0,0.0,0.0,0.0,0.0,0.0,0.0,0.0,0.333333,0
Amazon,2024-12,1,@amazon,21,0,0.0,0.0,0.0,0.0,0,0.0,0.0,0.0,0.0,0.0,0.0,0.0,0.238095,0
Amazon,2025-01,1,@amazon,23,0,0.0,0.0,0.0,0.0,0,0.0,0.0,0.0,0.0,0.0,0.0,0.0,0.434783,0
Amazon,2025-02,1,@amazon,19,1,0.052632,0.052632,0.002770127,0.693147,1,0.076923,0.052632,0.002770127,0.00831033,0.000437389,0.052632,0.002770127,0.315789,0
Amazon,2025-03,1,@amazon,12,0,0.0,0.0,0.0,0.0,0,0.0,0.0,0.0,0.0,0.0,0.0,0.0,0.666667,1
Amazon,2025-04,1,@amazon,19,0,0.0,0.0,0.0,0.0,0,0.0,0.0,0.0,0.0,0.0,0.0,0.0,0.526316,1
Amazon,2025-05,1,@amazon,25,0,0.0,0.0,0.0,0.0,0,0.0,0.0,0.0,0.0,0.0,0.0,0.0,0.48,0
Amazon,2025-06,1,@amazon,26,0,0.0,0.0,0.0,0.0,0,0.0,0.0,0.0,0.0,0.0,0.0,0.0,0.307692,0
Amazon,2025-07,1,@amazon,30,0,0.0,0.0,0.0,0.0,0,0.0,0.0,0.0,0.0,0.0,0.0,0.0,0.5,1
Amazon,2025-08,1,@amazon,17,0,0.0,0.0,0.0,0.0,0,0.0,0.0,0.0,0.0,0.0,0.0,0.0,0.529412,1
Amazon,2025-09,1,@amazon,30,0,0.0,0.0,0.0,0.0,0,0.0,0.0,0.0,0.0,0.0,0.0,0.0,0.466667,0
Amazon,2025-10,1,@amazon,20,0,0.0,0.0,0.0,0.0,0,0.0,0.0,0.0,0.0,0.0,0.0,0.0,0.2,0
Amazon,2025-11,1,@amazon,35,0,0.0,0.0,0.0,0.0,0,0.0,0.0,0.0,0.0,0.0,0.0,0.0,0.571429,1
Amazon,2025-12,1,@amazon,53,0,0.0,0.0,0.0,0.0,0,0.0,0.0,0.0,0.0,0.0,0.0,0.0,0.377358,0
Amazon,2026-01,1,@amazon,48,0,0.0,0.0,0.0,0.0,0,0.0,0.0,0.0,0.0,0.0,0.0,0.0,0.5625,1
Amazon,2026-02,1,@amazon,57,0,0.0,0.0,0.0,0.0,0,0.0,0.0,0.0,0.0,0.0,0.0,0.0,0.45614,0
Amazon,2026-03,1,@amazon,55,0,0.0,0.0,0.0,0.0,0,0.0,0.0,0.0,0.0,0.0,0.0,0.0,0.527273,1
Amazon,2026-04,1,@amazon,87,1,0.011494,0.011494,0.000132112,0.693147,1,0.020833,0.011494,0.000132112,0.001717491,1.9741e-05,0.011494,0.000132112,0.448276,0
Amazon,2026-05,1,@amazon,47,0,0.0,0.0,0.0,0.0,0,0.0,0.0,0.0,0.0,0.0,0.0,0.0,0.319149,0
Amazon,2026-06,1,@amazon,26,0,0.0,0.0,0.0,0.0,0,0.0,0.0,0.0,0.0,0.0,0.0,0.0,0.307692,0
American Airlines Group,2023-12,1,@AmericanAir,10,0,0.0,0.0,0.0,0.0,0,0.0,0.0,0.0,0.0,0.0,0.0,0.0,0.4,0
American Airlines Group,2024-01,1,@AmericanAir,10,0,0.0,0.0,0.0,0.0,0,0.0,0.0,0.0,0.0,0.0,0.0,0.0,0.5,1
American Airlines Group,2024-02,1,@AmericanAir,6,0,0.0,0.0,0.0,0.0,0,0.0,0.0,0.0,0.0,0.0,0.0,0.0,0.166667,0
American Airlines Group,2024-03,1,@AmericanAir,6,0,0.0,0.0,0.0,0.0,0,0.0,0.0,0.0,0.0,0.0,0.0,0.0,0.333333,0
American Airlines Group,2024-04,1,@AmericanAir,8,0,0.0,0.0,0.0,0.0,0,0.0,0.0,0.0,0.0,0.0,0.0,0.0,0.625,1
American Airlines Group,2024-05,1,@AmericanAir,11,0,0.0,0.0,0.0,0.0,0,0.0,0.0,0.0,0.0,0.0,0.0,0.0,0.545455,1
American Airlines Group,2024-06,1,@AmericanAir,13,0,0.0,0.0,0.0,0.0,0,0.0,0.0,0.0,0.0,0.0,0.0,0.0,0.615385,1
American Airlines Group,2024-07,1,@AmericanAir,11,0,0.0,0.0,0.0,0.0,0,0.0,0.0,0.0,0.0,0.0,0.0,0.0,0.454545,0
American Airlines Group,2024-08,1,@AmericanAir,3,0,0.0,0.0,0.0,0.0,0,,0.0,0.0,0.0,0.0,0.0,0.0,1.0,1
American Airlines Group,2024-09,1,@AmericanAir,8,0,0.0,0.0,0.0,0.0,0,0.0,0.0,0.0,0.0,0.0,0.0,0.0,0.375,0
American Airlines Group,2024-10,1,@AmericanAir,8,0,0.0,0.0,0.0,0.0,0,0.0,0.0,0.0,0.0,0.0,0.0,0.0,0.125,0
American Airlines Group,2024-11,1,@AmericanAir,5,0,0.0,0.0,0.0,0.0,0,0.0,0.0,0.0,0.0,0.0,0.0,0.0,0.4,0
American Airlines Group,2024-12,1,@AmericanAir,9,0,0.0,0.0,0.0,0.0,0,0.0,0.0,0.0,0.0,0.0,0.0,0.0,0.777778,1
American Airlines Group,2025-01,1,@AmericanAir,14,0,0.0,0.0,0.0,0.0,0,0.0,0.0,0.0,0.0,0.0,0.0,0.0,0.428571,0
American Airlines Group,2025-02,1,@AmericanAir,4,0,0.0,0.0,0.0,0.0,0,0.0,0.0,0.0,0.0,0.0,0.0,0.0,0.5,1
American Airlines Group,2025-03,1,@AmericanAir,1,0,0.0,0.0,0.0,0.0,0,,0.0,0.0,0.0,0.0,0.0,0.0,1.0,1
American Airlines Group,2025-04,1,@AmericanAir,7,0,0.0,0.0,0.0,0.0,0,0.0,0.0,0.0,0.0,0.0,0.0,0.0,0.428571,0
American Airlines Group,2025-05,1,@AmericanAir,7,0,0.0,0.0,0.0,0.0,0,0.0,0.0,0.0,0.0,0.0,0.0,0.0,0.285714,0
American Airlines Group,2025-06,1,@AmericanAir,2,0,0.0,0.0,0.0,0.0,0,,0.0,0.0,0.0,0.0,0.0,0.0,1.0,1
American Airlines Group,2025-08,1,@AmericanAir,2,0,0.0,0.0,0.0,0.0,0,,0.0,0.0,0.0,0.0,0.0,0.0,1.0,1
American Airlines Group,2025-09,1,@AmericanAir,3,0,0.0,0.0,0.0,0.0,0,0.0,0.0,0.0,0.0,0.0,0.0,0.0,0.666667,1
American Airlines Group,2025-10,1,@AmericanAir,3,0,0.0,0.0,0.0,0.0,0,,0.0,0.0,0.0,0.0,0.0,0.0,1.0,1
American Airlines Group,2025-11,1,@AmericanAir,4,0,0.0,0.0,0.0,0.0,0,0.0,0.0,0.0,0.0,0.0,0.0,0.0,0.75,1
American Airlines Group,2026-01,1,@AmericanAir,10,0,0.0,0.0,0.0,0.0,0,0.0,0.0,0.0,0.0,0.0,0.0,0.0,0.9,1
American Airlines Group,2026-02,1,@AmericanAir,1,0,0.0,0.0,0.0,0.0,0,,0.0,0.0,0.0,0.0,0.0,0.0,1.0,1
American Airlines Group,2026-03,1,@AmericanAir,4,0,0.0,0.0,0.0,0.0,0,,0.0,0.0,0.0,0.0,0.0,0.0,1.0,1
American Airlines Group,2026-04,1,@AmericanAir,5,0,0.0,0.0,0.0,0.0,0,0.0,0.0,0.0,0.0,0.0,0.0,0.0,0.6,1
American Airlines Group,2026-05,1,@AmericanAir,11,0,0.0,0.0,0.0,0.0,0,0.0,0.0,0.0,0.0,0.0,0.0,0.0,0.636364,1
American Airlines Group,2026-06,1,@AmericanAir,2,0,0.0,0.0,0.0,0.0,0,0.0,0.0,0.0,0.0,0.0,0.0,0.0,0.0,0
American Express,2021-03,1,@americanexpress,45,0,0.0,0.0,0.0,0.0,0,0.0,0.0,0.0,0.0,0.0,0.0,0.0,0.511111,1
American Express,2021-04,1,@americanexpress,34,0,0.0,0.0,0.0,0.0,0,0.0,0.0,0.0,0.0,0.0,0.0,0.0,0.558824,1
American Express,2021-05,1,@americanexpress,24,0,0.0,0.0,0.0,0.0,0,0.0,0.0,0.0,0.0,0.0,0.0,0.0,0.75,1
American Express,2021-06,1,@americanexpress,51,0,0.0,0.0,0.0,0.0,0,0.0,0.0,0.0,0.0,0.0,0.0,0.0,0.705882,1
American Express,2021-07,1,@americanexpress,16,0,0.0,0.0,0.0,0.0,0,0.0,0.0,0.0,0.0,0.0,0.0,0.0,0.75,1
American Express,2021-08,1,@americanexpress,34,1,0.029412,0.029412,0.000865066,0.693147,1,0.142857,0.029412,0.000865066,0.005190365,0.000152659,0.029412,0.000865066,0.794118,1
American Express,2021-09,1,@americanexpress,31,0,0.0,0.0,0.0,0.0,0,0.0,0.0,0.0,0.0,0.0,0.0,0.0,0.419355,0
American Express,2021-10,1,@americanexpress,35,0,0.0,0.0,0.0,0.0,0,0.0,0.0,0.0,0.0,0.0,0.0,0.0,0.6,1
American Express,2021-11,1,@americanexpress,64,0,0.0,0.0,0.0,0.0,0,0.0,0.0,0.0,0.0,0.0,0.0,0.0,0.640625,1
American Express,2021-12,1,@americanexpress,53,0,0.0,0.0,0.0,0.0,0,0.0,0.0,0.0,0.0,0.0,0.0,0.0,0.716981,1
American Express,2022-01,1,@americanexpress,8,0,0.0,0.0,0.0,0.0,0,0.0,0.0,0.0,0.0,0.0,0.0,0.0,0.375,0
American Express,2022-02,1,@americanexpress,17,0,0.0,0.0,0.0,0.0,0,0.0,0.0,0.0,0.0,0.0,0.0,0.0,0.411765,0
American Express,2022-03,1,@americanexpress,15,0,0.0,0.0,0.0,0.0,0,0.0,0.0,0.0,0.0,0.0,0.0,0.0,0.533333,1
American Express,2022-04,1,@americanexpress,24,0,0.0,0.0,0.0,0.0,0,0.0,0.0,0.0,0.0,0.0,0.0,0.0,0.5,1
American Express,2022-05,1,@americanexpress,31,0,0.0,0.0,0.0,0.0,0,0.0,0.0,0.0,0.0,0.0,0.0,0.0,0.548387,1
American Express,2022-06,1,@americanexpress,12,1,0.083333,0.083333,0.006944389,0.693147,1,0.166667,0.083333,0.006944389,0.02083325,0.001736097,0.083333,0.006944389,0.5,1
American Express,2022-07,1,@americanexpress,23,0,0.0,0.0,0.0,0.0,0,0.0,0.0,0.0,0.0,0.0,0.0,0.0,0.652174,1
American Express,2022-08,1,@americanexpress,18,0,0.0,0.0,0.0,0.0,0,0.0,0.0,0.0,0.0,0.0,0.0,0.0,0.444444,0
American Express,2022-09,1,@americanexpress,11,0,0.0,0.0,0.0,0.0,0,0.0,0.0,0.0,0.0,0.0,0.0,0.0,0.363636,0
American Express,2022-10,1,@americanexpress,25,0,0.0,0.0,0.0,0.0,0,0.0,0.0,0.0,0.0,0.0,0.0,0.0,0.6,1
American Express,2022-11,1,@americanexpress,7,0,0.0,0.0,0.0,0.0,0,0.0,0.0,0.0,0.0,0.0,0.0,0.0,0.714286,1
American Express,2023-02,1,@americanexpress,9,0,0.0,0.0,0.0,0.0,0,0.0,0.0,0.0,0.0,0.0,0.0,0.0,0.444444,0
American Express,2023-03,1,@americanexpress,11,0,0.0,0.0,0.0,0.0,0,0.0,0.0,0.0,0.0,0.0,0.0,0.0,0.363636,0
American Express,2023-04,1,@americanexpress,6,0,0.0,0.0,0.0,0.0,0,0.0,0.0,0.0,0.0,0.0,0.0,0.0,0.833333,1
American Express,2023-05,1,@americanexpress,9,0,0.0,0.0,0.0,0.0,0,0.0,0.0,0.0,0.0,0.0,0.0,0.0,0.555556,1
American Express,2023-06,1,@americanexpress,18,0,0.0,0.0,0.0,0.0,0,0.0,0.0,0.0,0.0,0.0,0.0,0.0,0.444444,0
American Express,2023-07,1,@americanexpress,11,0,0.0,0.0,0.0,0.0,0,0.0,0.0,0.0,0.0,0.0,0.0,0.0,0.818182,1
American Express,2023-08,1,@americanexpress,5,0,0.0,0.0,0.0,0.0,0,0.0,0.0,0.0,0.0,0.0,0.0,0.0,0.4,0
American Express,2023-09,1,@americanexpress,11,0,0.0,0.0,0.0,0.0,0,0.0,0.0,0.0,0.0,0.0,0.0,0.0,0.545455,1
American Express,2023-10,1,@americanexpress,4,0,0.0,0.0,0.0,0.0,0,0.0,0.0,0.0,0.0,0.0,0.0,0.0,0.75,1
American Express,2023-11,1,@americanexpress,1,0,0.0,0.0,0.0,0.0,0,0.0,0.0,0.0,0.0,0.0,0.0,0.0,0.0,0
American Express,2024-04,1,@americanexpress,1,0,0.0,0.0,0.0,0.0,0,0.0,0.0,0.0,0.0,0.0,0.0,0.0,0.0,0
American Express,2024-05,1,@americanexpress,2,0,0.0,0.0,0.0,0.0,0,0.0,0.0,0.0,0.0,0.0,0.0,0.0,0.0,0
American Express,2024-06,1,@americanexpress,3,0,0.0,0.0,0.0,0.0,0,0.0,0.0,0.0,0.0,0.0,0.0,0.0,0.666667,1
American Express,2024-07,1,@americanexpress,6,0,0.0,0.0,0.0,0.0,0,0.0,0.0,0.0,0.0,0.0,0.0,0.0,0.833333,1
American Express,2024-08,1,@americanexpress,6,0,0.0,0.0,0.0,0.0,0,0.0,0.0,0.0,0.0,0.0,0.0,0.0,0.333333,0
American Express,2024-09,1,@americanexpress,9,0,0.0,0.0,0.0,0.0,0,0.0,0.0,0.0,0.0,0.0,0.0,0.0,0.666667,1
American Express,2024-10,1,@americanexpress,12,0,0.0,0.0,0.0,0.0,0,0.0,0.0,0.0,0.0,0.0,0.0,0.0,0.5,1
American Express,2024-11,1,@americanexpress,11,0,0.0,0.0,0.0,0.0,0,0.0,0.0,0.0,0.0,0.0,0.0,0.0,0.363636,0
American Express,2024-12,1,@americanexpress,14,0,0.0,0.0,0.0,0.0,0,0.0,0.0,0.0,0.0,0.0,0.0,0.0,0.428571,0
American Express,2025-01,1,@americanexpress,7,0,0.0,0.0,0.0,0.0,0,0.0,0.0,0.0,0.0,0.0,0.0,0.0,0.285714,0
American Express,2025-02,1,@americanexpress,9,0,0.0,0.0,0.0,0.0,0,0.0,0.0,0.0,0.0,0.0,0.0,0.0,0.444444,0
American Express,2025-03,1,@americanexpress,13,0,0.0,0.0,0.0,0.0,0,0.0,0.0,0.0,0.0,0.0,0.0,0.0,0.384615,0
American Express,2025-04,1,@americanexpress,4,0,0.0,0.0,0.0,0.0,0,0.0,0.0,0.0,0.0,0.0,0.0,0.0,0.75,1
American Express,2025-05,1,@americanexpress,11,0,0.0,0.0,0.0,0.0,0,0.0,0.0,0.0,0.0,0.0,0.0,0.0,0.272727,0
American Express,2025-06,1,@americanexpress,5,0,0.0,0.0,0.0,0.0,0,0.0,0.0,0.0,0.0,0.0,0.0,0.0,0.0,0
American Express,2025-07,1,@americanexpress,7,0,0.0,0.0,0.0,0.0,0,0.0,0.0,0.0,0.0,0.0,0.0,0.0,0.285714,0
American Express,2025-08,1,@americanexpress,9,0,0.0,0.0,0.0,0.0,0,0.0,0.0,0.0,0.0,0.0,0.0,0.0,0.555556,1
American Express,2025-09,1,@americanexpress,4,0,0.0,0.0,0.0,0.0,0,0.0,0.0,0.0,0.0,0.0,0.0,0.0,0.25,0
American Express,2025-10,1,@americanexpress,4,0,0.0,0.0,0.0,0.0,0,0.0,0.0,0.0,0.0,0.0,0.0,0.0,0.5,1
American Express,2025-11,1,@americanexpress,7,0,0.0,0.0,0.0,0.0,0,0.0,0.0,0.0,0.0,0.0,0.0,0.0,0.428571,0
American Express,2025-12,1,@americanexpress,4,0,0.0,0.0,0.0,0.0,0,0.0,0.0,0.0,0.0,0.0,0.0,0.0,0.75,1
American Express,2026-01,1,@americanexpress,1,0,0.0,0.0,0.0,0.0,0,,0.0,0.0,0.0,0.0,0.0,0.0,1.0,1
American Express,2026-02,1,@americanexpress,2,0,0.0,0.0,0.0,0.0,0,0.0,0.0,0.0,0.0,0.0,0.0,0.0,0.0,0
American Express,2026-03,1,@americanexpress,8,0,0.0,0.0,0.0,0.0,0,0.0,0.0,0.0,0.0,0.0,0.0,0.0,0.625,1
American Express,2026-04,1,@americanexpress,3,0,0.0,0.0,0.0,0.0,0,,0.0,0.0,0.0,0.0,0.0,0.0,1.0,1
American Express,2026-05,1,@americanexpress,5,0,0.0,0.0,0.0,0.0,0,0.0,0.0,0.0,0.0,0.0,0.0,0.0,0.6,1
American Express,2026-06,1,@americanexpress,1,0,0.0,0.0,0.0,0.0,0,,0.0,0.0,0.0,0.0,0.0,0.0,1.0,1
Archer Daniels Midland,2020-09,1,@ADMupdates,29,0,0.0,0.0,0.0,0.0,0,0.0,0.0,0.0,0.0,0.0,0.0,0.0,0.413793,0
Archer Daniels Midland,2020-10,1,@ADMupdates,37,0,0.0,0.0,0.0,0.0,0,0.0,0.0,0.0,0.0,0.0,0.0,0.0,0.513514,1
Archer Daniels Midland,2020-11,1,@ADMupdates,22,0,0.0,0.0,0.0,0.0,0,0.0,0.0,0.0,0.0,0.0,0.0,0.0,0.5,1
Archer Daniels Midland,2020-12,1,@ADMupdates,19,0,0.0,0.0,0.0,0.0,0,0.0,0.0,0.0,0.0,0.0,0.0,0.0,0.368421,0
Archer Daniels Midland,2021-01,1,@ADMupdates,15,0,0.0,0.0,0.0,0.0,0,0.0,0.0,0.0,0.0,0.0,0.0,0.0,0.533333,1
Archer Daniels Midland,2021-02,1,@ADMupdates,21,0,0.0,0.0,0.0,0.0,0,0.0,0.0,0.0,0.0,0.0,0.0,0.0,0.285714,0
Archer Daniels Midland,2021-03,1,@ADMupdates,23,0,0.0,0.0,0.0,0.0,0,0.0,0.0,0.0,0.0,0.0,0.0,0.0,0.73913,1
Archer Daniels Midland,2021-04,1,@ADMupdates,15,0,0.0,0.0,0.0,0.0,0,0.0,0.0,0.0,0.0,0.0,0.0,0.0,0.666667,1
Archer Daniels Midland,2021-05,1,@ADMupdates,18,0,0.0,0.0,0.0,0.0,0,0.0,0.0,0.0,0.0,0.0,0.0,0.0,0.5,1
Archer Daniels Midland,2021-06,1,@ADMupdates,15,1,0.066667,0.066667,0.004444489,0.693147,1,0.2,0.066667,0.004444489,0.008888911,0.000592597,0.066667,0.004444489,0.666667,1
Archer Daniels Midland,2021-07,1,@ADMupdates,9,0,0.0,0.0,0.0,0.0,0,0.0,0.0,0.0,0.0,0.0,0.0,0.0,0.444444,0
Archer Daniels Midland,2021-08,1,@ADMupdates,17,0,0.0,0.0,0.0,0.0,0,0.0,0.0,0.0,0.0,0.0,0.0,0.0,0.588235,1
Archer Daniels Midland,2021-09,1,@ADMupdates,27,0,0.0,0.0,0.0,0.0,0,0.0,0.0,0.0,0.0,0.0,0.0,0.0,0.444444,0
Archer Daniels Midland,2021-10,1,@ADMupdates,26,0,0.0,0.0,0.0,0.0,0,0.0,0.0,0.0,0.0,0.0,0.0,0.0,0.461538,0
Archer Daniels Midland,2021-11,1,@ADMupdates,25,0,0.0,0.0,0.0,0.0,0,0.0,0.0,0.0,0.0,0.0,0.0,0.0,0.56,1
Archer Daniels Midland,2021-12,1,@ADMupdates,27,0,0.0,0.0,0.0,0.0,0,0.0,0.0,0.0,0.0,0.0,0.0,0.0,0.518519,1
Archer Daniels Midland,2022-01,1,@ADMupdates,24,0,0.0,0.0,0.0,0.0,0,0.0,0.0,0.0,0.0,0.0,0.0,0.0,0.583333,1
Archer Daniels Midland,2022-02,1,@ADMupdates,18,1,0.055556,0.055556,0.003086469,0.693147,1,0.090909,0.055556,0.003086469,0.021605117,0.001200294,0.055556,0.003086469,0.388889,0
Archer Daniels Midland,2022-03,1,@ADMupdates,1,0,0.0,0.0,0.0,0.0,0,0.0,0.0,0.0,0.0,0.0,0.0,0.0,0.0,0
Archer Daniels Midland,2022-05,1,@ADMupdates,13,0,0.0,0.0,0.0,0.0,0,0.0,0.0,0.0,0.0,0.0,0.0,0.0,0.615385,1
Archer Daniels Midland,2022-06,1,@ADMupdates,18,0,0.0,0.0,0.0,0.0,0,0.0,0.0,0.0,0.0,0.0,0.0,0.0,0.555556,1
Archer Daniels Midland,2022-07,1,@ADMupdates,23,0,0.0,0.0,0.0,0.0,0,0.0,0.0,0.0,0.0,0.0,0.0,0.0,0.521739,1
Archer Daniels Midland,2022-08,1,@ADMupdates,28,0,0.0,0.0,0.0,0.0,0,0.0,0.0,0.0,0.0,0.0,0.0,0.0,0.571429,1
Archer Daniels Midland,2022-09,1,@ADMupdates,22,0,0.0,0.0,0.0,0.0,0,0.0,0.0,0.0,0.0,0.0,0.0,0.0,0.681818,1
Archer Daniels Midland,2022-10,1,@ADMupdates,24,0,0.0,0.0,0.0,0.0,0,0.0,0.041667,0.001736139,0.0,0.0,0.0,0.0,0.458333,0
Archer Daniels Midland,2022-11,1,@ADMupdates,14,0,0.0,0.0,0.0,0.0,0,0.0,0.0,0.0,0.0,0.0,0.0,0.0,0.785714,1
Archer Daniels Midland,2022-12,1,@ADMupdates,10,0,0.0,0.0,0.0,0.0,0,0.0,0.0,0.0,0.0,0.0,0.0,0.0,0.9,1
Archer Daniels Midland,2023-01,1,@ADMupdates,21,0,0.0,0.0,0.0,0.0,0,0.0,0.0,0.0,0.0,0.0,0.0,0.0,0.428571,0
Archer Daniels Midland,2023-02,1,@ADMupdates,12,0,0.0,0.0,0.0,0.0,0,0.0,0.0,0.0,0.0,0.0,0.0,0.0,0.25,0
Archer Daniels Midland,2023-03,1,@ADMupdates,19,0,0.0,0.0,0.0,0.0,0,0.0,0.0,0.0,0.0,0.0,0.0,0.0,0.368421,0
Archer Daniels Midland,2023-04,1,@ADMupdates,9,0,0.0,0.0,0.0,0.0,0,0.0,0.0,0.0,0.0,0.0,0.0,0.0,0.555556,1
Archer Daniels Midland,2023-05,1,@ADMupdates,17,0,0.0,0.0,0.0,0.0,0,0.0,0.0,0.0,0.0,0.0,0.0,0.0,0.647059,1
Archer Daniels Midland,2023-06,1,@ADMupdates,20,0,0.0,0.0,0.0,0.0,0,0.0,0.0,0.0,0.0,0.0,0.0,0.0,0.5,1
Archer Daniels Midland,2023-07,1,@ADMupdates,23,0,0.0,0.0,0.0,0.0,0,0.0,0.0,0.0,0.0,0.0,0.0,0.0,0.521739,1
Archer Daniels Midland,2023-08,1,@ADMupdates,15,0,0.0,0.0,0.0,0.0,0,0.0,0.0,0.0,0.0,0.0,0.0,0.0,0.466667,0
Archer Daniels Midland,2023-09,1,@ADMupdates,11,0,0.0,0.0,0.0,0.0,0,0.0,0.0,0.0,0.0,0.0,0.0,0.0,0.636364,1
Archer Daniels Midland,2023-10,1,@ADMupdates,17,0,0.0,0.0,0.0,0.0,0,0.0,0.0,0.0,0.0,0.0,0.0,0.0,0.117647,0
Archer Daniels Midland,2023-11,1,@ADMupdates,21,0,0.0,0.0,0.0,0.0,0,0.0,0.0,0.0,0.0,0.0,0.0,0.0,0.571429,1
Archer Daniels Midland,2023-12,1,@ADMupdates,15,0,0.0,0.0,0.0,0.0,0,0.0,0.0,0.0,0.0,0.0,0.0,0.0,0.533333,1
Archer Daniels Midland,2024-01,1,@ADMupdates,20,0,0.0,0.0,0.0,0.0,0,0.0,0.0,0.0,0.0,0.0,0.0,0.0,0.55,1
Archer Daniels Midland,2024-03,1,@ADMupdates,1,0,0.0,0.0,0.0,0.0,0,,0.0,0.0,0.0,0.0,0.0,0.0,1.0,1
Archer Daniels Midland,2024-04,1,@ADMupdates,1,0,0.0,0.0,0.0,0.0,0,0.0,0.0,0.0,0.0,0.0,0.0,0.0,0.0,0
Archer Daniels Midland,2024-05,1,@ADMupdates,1,0,0.0,0.0,0.0,0.0,0,,0.0,0.0,0.0,0.0,0.0,0.0,1.0,1
Archer Daniels Midland,2024-07,1,@ADMupdates,1,0,0.0,0.0,0.0,0.0,0,,0.0,0.0,0.0,0.0,0.0,0.0,1.0,1
Archer Daniels Midland,2024-08,1,@ADMupdates,5,0,0.0,0.0,0.0,0.0,0,0.0,0.0,0.0,0.0,0.0,0.0,0.0,0.6,1
Archer Daniels Midland,2024-09,1,@ADMupdates,5,0,0.0,0.0,0.0,0.0,0,0.0,0.0,0.0,0.0,0.0,0.0,0.0,0.6,1
Archer Daniels Midland,2025-05,1,@ADMupdates,1,0,0.0,0.0,0.0,0.0,0,0.0,0.0,0.0,0.0,0.0,0.0,0.0,0.0,0
Archer Daniels Midland,2025-06,1,@ADMupdates,1,0,0.0,0.0,0.0,0.0,0,,0.0,0.0,0.0,0.0,0.0,0.0,1.0,1
Archer Daniels Midland,2025-07,1,@ADMupdates,2,0,0.0,0.0,0.0,0.0,0,0.0,0.0,0.0,0.0,0.0,0.0,0.0,0.0,0
Archer Daniels Midland,2025-08,1,@ADMupdates,1,0,0.0,0.0,0.0,0.0,0,0.0,0.0,0.0,0.0,0.0,0.0,0.0,0.0,0
Archer Daniels Midland,2025-09,1,@ADMupdates,7,0,0.0,0.0,0.0,0.0,0,0.0,0.0,0.0,0.0,0.0,0.0,0.0,0.571429,1
Archer Daniels Midland,2025-10,1,@ADMupdates,5,0,0.0,0.0,0.0,0.0,0,0.0,0.0,0.0,0.0,0.0,0.0,0.0,0.4,0
Archer Daniels Midland,2025-11,1,@ADMupdates,2,0,0.0,0.0,0.0,0.0,0,,0.0,0.0,0.0,0.0,0.0,0.0,1.0,1
Archer Daniels Midland,2025-12,1,@ADMupdates,2,0,0.0,0.0,0.0,0.0,0,0.0,0.0,0.0,0.0,0.0,0.0,0.0,0.5,1
Bank of America,2022-07,1,@bankofamerica,1,0,0.0,0.0,0.0,0.0,0,0.0,0.0,0.0,0.0,0.0,0.0,0.0,0.0,0
Bank of America,2022-08,1,@bankofamerica,34,1,0.029412,0.029412,0.000865066,0.693147,1,0.05,0.029412,0.000865066,0.005190365,0.000152659,0.029412,0.000865066,0.411765,0
Bank of America,2022-09,1,@bankofamerica,44,0,0.0,0.0,0.0,0.0,0,0.0,0.0,0.0,0.0,0.0,0.0,0.0,0.477273,0
Bank of America,2022-10,1,@bankofamerica,46,0,0.0,0.0,0.0,0.0,0,0.0,0.0,0.0,0.0,0.0,0.0,0.0,0.413043,0
Bank of America,2022-11,1,@bankofamerica,31,0,0.0,0.0,0.0,0.0,0,0.0,0.0,0.0,0.0,0.0,0.0,0.0,0.483871,0
Bank of America,2022-12,1,@bankofamerica,20,0,0.0,0.0,0.0,0.0,0,0.0,0.0,0.0,0.0,0.0,0.0,0.0,0.55,1
Bank of America,2023-01,1,@bankofamerica,35,0,0.0,0.0,0.0,0.0,0,0.0,0.0,0.0,0.0,0.0,0.0,0.0,0.542857,1
Bank of America,2023-02,1,@bankofamerica,60,0,0.0,0.0,0.0,0.0,0,0.0,0.0,0.0,0.0,0.0,0.0,0.0,0.583333,1
Bank of America,2023-03,1,@bankofamerica,37,0,0.0,0.0,0.0,0.0,0,0.0,0.0,0.0,0.0,0.0,0.0,0.0,0.594595,1
Bank of America,2023-04,1,@bankofamerica,57,0,0.0,0.0,0.0,0.0,0,0.0,0.0,0.0,0.0,0.0,0.0,0.0,0.561404,1
Bank of America,2023-05,1,@bankofamerica,65,0,0.0,0.0,0.0,0.0,0,0.0,0.0,0.0,0.0,0.0,0.0,0.0,0.446154,0
Bank of America,2023-06,1,@bankofamerica,59,0,0.0,0.0,0.0,0.0,0,0.0,0.0,0.0,0.0,0.0,0.0,0.0,0.508475,1
Bank of America,2023-07,1,@bankofamerica,32,0,0.0,0.0,0.0,0.0,0,0.0,0.0,0.0,0.0,0.0,0.0,0.0,0.59375,1
Bank of America,2023-08,1,@bankofamerica,49,0,0.0,0.0,0.0,0.0,0,0.0,0.0,0.0,0.0,0.0,0.0,0.0,0.612245,1
Bank of America,2023-09,1,@bankofamerica,57,0,0.0,0.0,0.0,0.0,0,0.0,0.017544,0.000307792,0.0,0.0,0.0,0.0,0.473684,0
Bank of America,2023-10,1,@bankofamerica,39,0,0.0,0.0,0.0,0.0,0,0.0,0.0,0.0,0.0,0.0,0.0,0.0,0.615385,1
Bank of America,2023-11,1,@bankofamerica,29,0,0.0,0.0,0.0,0.0,0,0.0,0.0,0.0,0.0,0.0,0.0,0.0,0.62069,1
Bank of America,2024-10,1,@bankofamerica,3,0,0.0,0.0,0.0,0.0,0,0.0,0.0,0.0,0.0,0.0,0.0,0.0,0.333333,0
Bank of America,2024-11,1,@bankofamerica,4,0,0.0,0.0,0.0,0.0,0,0.0,0.0,0.0,0.0,0.0,0.0,0.0,0.25,0
Bank of America,2024-12,1,@bankofamerica,2,0,0.0,0.0,0.0,0.0,0,0.0,0.0,0.0,0.0,0.0,0.0,0.0,0.5,1
Bank of America,2025-01,1,@bankofamerica,9,0,0.0,0.0,0.0,0.0,0,0.0,0.0,0.0,0.0,0.0,0.0,0.0,0.333333,0
Bank of America,2025-03,1,@bankofamerica,4,0,0.0,0.0,0.0,0.0,0,0.0,0.0,0.0,0.0,0.0,0.0,0.0,0.25,0
Bank of America,2025-04,1,@bankofamerica,9,0,0.0,0.0,0.0,0.0,0,0.0,0.0,0.0,0.0,0.0,0.0,0.0,0.333333,0
Bank of America,2025-05,1,@bankofamerica,1,0,0.0,0.0,0.0,0.0,0,,0.0,0.0,0.0,0.0,0.0,0.0,1.0,1
Bank of America,2025-06,1,@bankofamerica,20,0,0.0,0.0,0.0,0.0,0,0.0,0.0,0.0,0.0,0.0,0.0,0.0,0.55,1
Bank of America,2025-07,1,@bankofamerica,15,0,0.0,0.0,0.0,0.0,0,0.0,0.0,0.0,0.0,0.0,0.0,0.0,0.266667,0
Bank of America,2025-09,1,@bankofamerica,5,0,0.0,0.0,0.0,0.0,0,0.0,0.0,0.0,0.0,0.0,0.0,0.0,0.4,0
Bank of America,2025-10,1,@bankofamerica,12,0,0.0,0.0,0.0,0.0,0,0.0,0.0,0.0,0.0,0.0,0.0,0.0,0.416667,0
Bank of America,2025-11,1,@bankofamerica,14,0,0.0,0.0,0.0,0.0,0,0.0,0.0,0.0,0.0,0.0,0.0,0.0,0.571429,1
Bank of America,2025-12,1,@bankofamerica,9,0,0.0,0.0,0.0,0.0,0,0.0,0.0,0.0,0.0,0.0,0.0,0.0,0.333333,0
Bank of America,2026-01,1,@bankofamerica,4,0,0.0,0.0,0.0,0.0,0,0.0,0.0,0.0,0.0,0.0,0.0,0.0,0.5,1
Bank of America,2026-02,1,@bankofamerica,5,0,0.0,0.0,0.0,0.0,0,0.0,0.0,0.0,0.0,0.0,0.0,0.0,0.6,1
Bank of America,2026-03,1,@bankofamerica,1,0,0.0,0.0,0.0,0.0,0,0.0,0.0,0.0,0.0,0.0,0.0,0.0,0.0,0
Bank of America,2026-04,1,@bankofamerica,10,0,0.0,0.0,0.0,0.0,0,0.0,0.0,0.0,0.0,0.0,0.0,0.0,0.2,0
Bank of America,2026-05,1,@bankofamerica,7,0,0.0,0.0,0.0,0.0,0,0.0,0.0,0.0,0.0,0.0,0.0,0.0,0.857143,1
Bank of America,2026-06,1,@bankofamerica,8,0,0.0,0.0,0.0,0.0,0,0.0,0.0,0.0,0.0,0.0,0.0,0.0,0.625,1
Boeing,2020-10,1,@boeing,18,0,0.0,0.0,0.0,0.0,0,0.0,0.0,0.0,0.0,0.0,0.0,0.0,0.555556,1
Boeing,2020-11,1,@boeing,5,0,0.0,0.0,0.0,0.0,0,0.0,0.0,0.0,0.0,0.0,0.0,0.0,0.6,1
Boeing,2020-12,1,@boeing,13,0,0.0,0.0,0.0,0.0,0,0.0,0.0,0.0,0.0,0.0,0.0,0.0,0.538462,1
Boeing,2021-01,1,@boeing,6,0,0.0,0.0,0.0,0.0,0,0.0,0.0,0.0,0.0,0.0,0.0,0.0,0.333333,0
Boeing,2021-02,1,@boeing,18,0,0.0,0.0,0.0,0.0,0,0.0,0.0,0.0,0.0,0.0,0.0,0.0,0.555556,1
Boeing,2021-03,1,@boeing,21,0,0.0,0.0,0.0,0.0,0,0.0,0.0,0.0,0.0,0.0,0.0,0.0,0.380952,0
Boeing,2021-04,1,@boeing,9,0,0.0,0.0,0.0,0.0,0,0.0,0.0,0.0,0.0,0.0,0.0,0.0,0.555556,1
Boeing,2021-05,1,@boeing,9,0,0.0,0.0,0.0,0.0,0,0.0,0.0,0.0,0.0,0.0,0.0,0.0,0.222222,0
Boeing,2021-06,1,@boeing,17,0,0.0,0.0,0.0,0.0,0,0.0,0.0,0.0,0.0,0.0,0.0,0.0,0.294118,0
Boeing,2021-07,1,@boeing,10,0,0.0,0.0,0.0,0.0,0,0.0,0.0,0.0,0.0,0.0,0.0,0.0,0.4,0
Boeing,2021-08,1,@boeing,9,0,0.0,0.0,0.0,0.0,0,0.0,0.0,0.0,0.0,0.0,0.0,0.0,0.666667,1
Boeing,2021-09,1,@boeing,14,0,0.0,0.0,0.0,0.0,0,0.0,0.0,0.0,0.0,0.0,0.0,0.0,0.642857,1
Boeing,2021-10,1,@boeing,13,0,0.0,0.0,0.0,0.0,0,0.0,0.0,0.0,0.0,0.0,0.0,0.0,0.461538,0
Boeing,2021-11,1,@boeing,28,0,0.0,0.0,0.0,0.0,0,0.0,0.0,0.0,0.0,0.0,0.0,0.0,0.678571,1
Boeing,2021-12,1,@boeing,6,0,0.0,0.0,0.0,0.0,0,0.0,0.0,0.0,0.0,0.0,0.0,0.0,0.5,1
Boeing,2022-01,1,@boeing,13,0,0.0,0.0,0.0,0.0,0,0.0,0.0,0.0,0.0,0.0,0.0,0.0,0.384615,0
Boeing,2022-02,1,@boeing,14,0,0.0,0.0,0.0,0.0,0,0.0,0.0,0.0,0.0,0.0,0.0,0.0,0.428571,0
Boeing,2022-03,1,@boeing,13,0,0.0,0.0,0.0,0.0,0,0.0,0.0,0.0,0.0,0.0,0.0,0.0,0.538462,1
Boeing,2022-04,1,@boeing,26,0,0.0,0.0,0.0,0.0,0,0.0,0.0,0.0,0.0,0.0,0.0,0.0,0.538462,1
Boeing,2022-05,1,@boeing,26,0,0.0,0.0,0.0,0.0,0,0.0,0.0,0.0,0.0,0.0,0.0,0.0,0.461538,0
Boeing,2022-06,1,@boeing,36,0,0.0,0.0,0.0,0.0,0,0.0,0.0,0.0,0.0,0.0,0.0,0.0,0.472222,0
Boeing,2022-07,1,@boeing,69,0,0.0,0.0,0.0,0.0,0,0.0,0.0,0.0,0.0,0.0,0.0,0.0,0.405797,0
Boeing,2022-08,1,@boeing,18,0,0.0,0.0,0.0,0.0,0,0.0,0.0,0.0,0.0,0.0,0.0,0.0,0.666667,1
Boeing,2022-09,1,@boeing,17,0,0.0,0.0,0.0,0.0,0,0.0,0.0,0.0,0.0,0.0,0.0,0.0,0.470588,0
Boeing,2022-10,1,@boeing,40,0,0.0,0.0,0.0,0.0,0,0.0,0.0,0.0,0.0,0.0,0.0,0.0,0.45,0
Boeing,2022-11,1,@boeing,27,0,0.0,0.0,0.0,0.0,0,0.0,0.0,0.0,0.0,0.0,0.0,0.0,0.518519,1
Boeing,2022-12,1,@boeing,14,0,0.0,0.0,0.0,0.0,0,0.0,0.0,0.0,0.0,0.0,0.0,0.0,0.428571,0
Boeing,2023-01,1,@boeing,20,0,0.0,0.0,0.0,0.0,0,0.0,0.0,0.0,0.0,0.0,0.0,0.0,0.35,0
Boeing,2023-02,1,@boeing,25,0,0.0,0.0,0.0,0.0,0,0.0,0.0,0.0,0.0,0.0,0.0,0.0,0.64,1
Boeing,2023-03,1,@boeing,19,0,0.0,0.0,0.0,0.0,0,0.0,0.0,0.0,0.0,0.0,0.0,0.0,0.736842,1
Boeing,2023-04,1,@boeing,18,0,0.0,0.0,0.0,0.0,0,0.0,0.0,0.0,0.0,0.0,0.0,0.0,0.444444,0
Boeing,2023-05,1,@boeing,26,0,0.0,0.0,0.0,0.0,0,0.0,0.0,0.0,0.0,0.0,0.0,0.0,0.384615,0
Boeing,2023-06,1,@boeing,39,0,0.0,0.0,0.0,0.0,0,0.0,0.0,0.0,0.0,0.0,0.0,0.0,0.461538,0
Boeing,2023-07,1,@boeing,17,0,0.0,0.0,0.0,0.0,0,0.0,0.0,0.0,0.0,0.0,0.0,0.0,0.588235,1
Boeing,2023-08,1,@boeing,11,0,0.0,0.0,0.0,0.0,0,0.0,0.0,0.0,0.0,0.0,0.0,0.0,0.545455,1
Boeing,2023-09,1,@boeing,20,0,0.0,0.0,0.0,0.0,0,0.0,0.0,0.0,0.0,0.0,0.0,0.0,0.4,0
Boeing,2023-10,1,@boeing,19,0,0.0,0.0,0.0,0.0,0,0.0,0.0,0.0,0.0,0.0,0.0,0.0,0.421053,0
Boeing,2023-11,1,@boeing,55,0,0.0,0.0,0.0,0.0,0,0.0,0.0,0.0,0.0,0.0,0.0,0.0,0.490909,0
Boeing,2023-12,1,@boeing,11,0,0.0,0.0,0.0,0.0,0,0.0,0.0,0.0,0.0,0.0,0.0,0.0,0.272727,0
Boeing,2024-01,1,@boeing,16,0,0.0,0.0,0.0,0.0,0,0.0,0.0,0.0,0.0,0.0,0.0,0.0,0.375,0
Boeing,2024-02,1,@boeing,2,0,0.0,0.0,0.0,0.0,0,0.0,0.0,0.0,0.0,0.0,0.0,0.0,0.5,1
Boeing,2024-03,1,@boeing,1,0,0.0,0.0,0.0,0.0,0,,0.0,0.0,0.0,0.0,0.0,0.0,1.0,1
Boeing,2024-04,1,@boeing,4,0,0.0,0.0,0.0,0.0,0,0.0,0.0,0.0,0.0,0.0,0.0,0.0,0.25,0
Boeing,2024-05,1,@boeing,8,0,0.0,0.0,0.0,0.0,0,0.0,0.0,0.0,0.0,0.0,0.0,0.0,0.375,0
Boeing,2024-06,1,@boeing,13,0,0.0,0.0,0.0,0.0,0,0.0,0.0,0.0,0.0,0.0,0.0,0.0,0.846154,1
Boeing,2024-07,1,@boeing,28,0,0.0,0.0,0.0,0.0,0,0.0,0.0,0.0,0.0,0.0,0.0,0.0,0.5,1
Boeing,2024-08,1,@boeing,4,0,0.0,0.0,0.0,0.0,0,0.0,0.0,0.0,0.0,0.0,0.0,0.0,0.25,0
Boeing,2024-09,1,@boeing,3,0,0.0,0.0,0.0,0.0,0,,0.0,0.0,0.0,0.0,0.0,0.0,1.0,1
Boeing,2024-10,1,@boeing,1,0,0.0,0.0,0.0,0.0,0,0.0,0.0,0.0,0.0,0.0,0.0,0.0,0.0,0
Boeing,2024-11,1,@boeing,1,0,0.0,0.0,0.0,0.0,0,0.0,0.0,0.0,0.0,0.0,0.0,0.0,0.0,0
Boeing,2024-12,1,@boeing,5,0,0.0,0.0,0.0,0.0,0,0.0,0.0,0.0,0.0,0.0,0.0,0.0,0.4,0
Boeing,2025-01,1,@boeing,3,0,0.0,0.0,0.0,0.0,0,0.0,0.0,0.0,0.0,0.0,0.0,0.0,0.666667,1
Boeing,2025-02,1,@boeing,2,0,0.0,0.0,0.0,0.0,0,,0.0,0.0,0.0,0.0,0.0,0.0,1.0,1
Boeing,2025-03,1,@boeing,2,0,0.0,0.0,0.0,0.0,0,,0.0,0.0,0.0,0.0,0.0,0.0,1.0,1
Boeing,2025-04,1,@boeing,9,0,0.0,0.0,0.0,0.0,0,0.0,0.0,0.0,0.0,0.0,0.0,0.0,0.666667,1
Boeing,2025-05,1,@boeing,6,0,0.0,0.0,0.0,0.0,0,0.0,0.0,0.0,0.0,0.0,0.0,0.0,0.5,1
Boeing,2025-06,1,@boeing,6,0,0.0,0.0,0.0,0.0,0,0.0,0.0,0.0,0.0,0.0,0.0,0.0,0.5,1
Boeing,2025-07,1,@boeing,11,0,0.0,0.0,0.0,0.0,0,0.0,0.0,0.0,0.0,0.0,0.0,0.0,0.545455,1
Boeing,2025-08,1,@boeing,2,0,0.0,0.0,0.0,0.0,0,,0.0,0.0,0.0,0.0,0.0,0.0,1.0,1
Boeing,2025-10,1,@boeing,4,0,0.0,0.0,0.0,0.0,0,0.0,0.0,0.0,0.0,0.0,0.0,0.0,0.75,1
Boeing,2025-11,1,@boeing,8,0,0.0,0.0,0.0,0.0,0,0.0,0.0,0.0,0.0,0.0,0.0,0.0,0.375,0
Boeing,2025-12,1,@boeing,1,0,0.0,0.0,0.0,0.0,0,,0.0,0.0,0.0,0.0,0.0,0.0,1.0,1
Boeing,2026-01,1,@boeing,8,0,0.0,0.0,0.0,0.0,0,0.0,0.0,0.0,0.0,0.0,0.0,0.0,0.5,1
Boeing,2026-02,1,@boeing,27,0,0.0,0.0,0.0,0.0,0,0.0,0.0,0.0,0.0,0.0,0.0,0.0,0.518519,1
Boeing,2026-04,1,@boeing,3,0,0.0,0.0,0.0,0.0,0,0.0,0.0,0.0,0.0,0.0,0.0,0.0,0.0,0
Boeing,2026-06,1,@boeing,2,0,0.0,0.0,0.0,0.0,0,0.0,0.0,0.0,0.0,0.0,0.0,0.0,0.0,0
Bristol-Myers Squibb,2022-01,1,@bmsnews,12,0,0.0,0.0,0.0,0.0,0,0.0,0.0,0.0,0.0,0.0,0.0,0.0,0.666667,1
Bristol-Myers Squibb,2022-02,1,@bmsnews,57,0,0.0,0.0,0.0,0.0,0,0.0,0.0,0.0,0.0,0.0,0.0,0.0,0.333333,0
Bristol-Myers Squibb,2022-03,1,@bmsnews,75,0,0.0,0.0,0.0,0.0,0,0.0,0.0,0.0,0.0,0.0,0.0,0.0,0.386667,0
Bristol-Myers Squibb,2022-04,1,@bmsnews,66,0,0.0,0.0,0.0,0.0,0,0.0,0.0,0.0,0.0,0.0,0.0,0.0,0.439394,0
Bristol-Myers Squibb,2022-05,1,@bmsnews,87,1,0.011494,0.011494,0.000132112,0.693147,1,0.020833,0.011494,0.000132112,0.001981727,2.2778e-05,0.011494,0.000132112,0.448276,0
Bristol-Myers Squibb,2022-06,1,@bmsnews,49,0,0.0,0.0,0.0,0.0,0,0.0,0.0,0.0,0.0,0.0,0.0,0.0,0.489796,0
Bristol-Myers Squibb,2022-07,1,@bmsnews,28,0,0.0,0.0,0.0,0.0,0,0.0,0.0,0.0,0.0,0.0,0.0,0.0,0.428571,0
Bristol-Myers Squibb,2022-08,1,@bmsnews,16,0,0.0,0.0,0.0,0.0,0,0.0,0.0,0.0,0.0,0.0,0.0,0.0,0.6875,1
Bristol-Myers Squibb,2022-09,1,@bmsnews,55,0,0.0,0.0,0.0,0.0,0,0.0,0.0,0.0,0.0,0.0,0.0,0.0,0.454545,0
Bristol-Myers Squibb,2022-10,1,@bmsnews,37,0,0.0,0.0,0.0,0.0,0,0.0,0.0,0.0,0.0,0.0,0.0,0.0,0.513514,1
Bristol-Myers Squibb,2022-11,1,@bmsnews,18,0,0.0,0.0,0.0,0.0,0,0.0,0.0,0.0,0.0,0.0,0.0,0.0,0.555556,1
Bristol-Myers Squibb,2022-12,1,@bmsnews,21,0,0.0,0.0,0.0,0.0,0,0.0,0.0,0.0,0.0,0.0,0.0,0.0,0.619048,1
Bristol-Myers Squibb,2023-01,1,@bmsnews,12,0,0.0,0.0,0.0,0.0,0,0.0,0.0,0.0,0.0,0.0,0.0,0.0,0.583333,1
Bristol-Myers Squibb,2023-02,1,@bmsnews,24,0,0.0,0.0,0.0,0.0,0,0.0,0.0,0.0,0.0,0.0,0.0,0.0,0.541667,1
Bristol-Myers Squibb,2023-03,1,@bmsnews,27,0,0.0,0.0,0.0,0.0,0,0.0,0.0,0.0,0.0,0.0,0.0,0.0,0.444444,0
Bristol-Myers Squibb,2023-04,1,@bmsnews,12,0,0.0,0.0,0.0,0.0,0,0.0,0.0,0.0,0.0,0.0,0.0,0.0,0.666667,1
Bristol-Myers Squibb,2023-05,1,@bmsnews,37,0,0.0,0.0,0.0,0.0,0,0.0,0.0,0.0,0.0,0.0,0.0,0.0,0.567568,1
Bristol-Myers Squibb,2023-06,1,@bmsnews,26,0,0.0,0.0,0.0,0.0,0,0.0,0.0,0.0,0.0,0.0,0.0,0.0,0.384615,0
Bristol-Myers Squibb,2023-07,1,@bmsnews,6,0,0.0,0.0,0.0,0.0,0,0.0,0.0,0.0,0.0,0.0,0.0,0.0,0.333333,0
Bristol-Myers Squibb,2023-08,1,@bmsnews,12,0,0.0,0.0,0.0,0.0,0,0.0,0.0,0.0,0.0,0.0,0.0,0.0,0.333333,0
Bristol-Myers Squibb,2023-09,1,@bmsnews,21,0,0.0,0.0,0.0,0.0,0,0.0,0.0,0.0,0.0,0.0,0.0,0.0,0.52381,1
Bristol-Myers Squibb,2023-10,1,@bmsnews,19,0,0.0,0.0,0.0,0.0,0,0.0,0.0,0.0,0.0,0.0,0.0,0.0,0.315789,0
Bristol-Myers Squibb,2023-11,1,@bmsnews,13,0,0.0,0.0,0.0,0.0,0,0.0,0.0,0.0,0.0,0.0,0.0,0.0,0.615385,1
Bristol-Myers Squibb,2023-12,1,@bmsnews,15,0,0.0,0.0,0.0,0.0,0,0.0,0.0,0.0,0.0,0.0,0.0,0.0,0.466667,0
Bristol-Myers Squibb,2024-01,1,@bmsnews,16,0,0.0,0.0,0.0,0.0,0,0.0,0.0,0.0,0.0,0.0,0.0,0.0,0.4375,0
Bristol-Myers Squibb,2024-02,1,@bmsnews,8,0,0.0,0.0,0.0,0.0,0,0.0,0.0,0.0,0.0,0.0,0.0,0.0,0.625,1
Bristol-Myers Squibb,2024-03,1,@bmsnews,13,0,0.0,0.0,0.0,0.0,0,0.0,0.0,0.0,0.0,0.0,0.0,0.0,0.230769,0
Bristol-Myers Squibb,2024-04,1,@bmsnews,13,0,0.0,0.0,0.0,0.0,0,0.0,0.0,0.0,0.0,0.0,0.0,0.0,0.307692,0
Bristol-Myers Squibb,2024-05,1,@bmsnews,15,0,0.0,0.0,0.0,0.0,0,0.0,0.0,0.0,0.0,0.0,0.0,0.0,0.333333,0
Bristol-Myers Squibb,2024-06,1,@bmsnews,8,0,0.0,0.0,0.0,0.0,0,0.0,0.0,0.0,0.0,0.0,0.0,0.0,0.375,0
Bristol-Myers Squibb,2024-07,1,@bmsnews,2,0,0.0,0.0,0.0,0.0,0,0.0,0.0,0.0,0.0,0.0,0.0,0.0,0.5,1
Bristol-Myers Squibb,2024-08,1,@bmsnews,5,0,0.0,0.0,0.0,0.0,0,0.0,0.0,0.0,0.0,0.0,0.0,0.0,0.2,0
Bristol-Myers Squibb,2024-09,1,@bmsnews,10,0,0.0,0.0,0.0,0.0,0,0.0,0.0,0.0,0.0,0.0,0.0,0.0,0.4,0
Bristol-Myers Squibb,2024-10,1,@bmsnews,5,0,0.0,0.0,0.0,0.0,0,0.0,0.0,0.0,0.0,0.0,0.0,0.0,0.2,0
Bristol-Myers Squibb,2024-11,1,@bmsnews,4,0,0.0,0.0,0.0,0.0,0,0.0,0.0,0.0,0.0,0.0,0.0,0.0,0.5,1
Bristol-Myers Squibb,2024-12,1,@bmsnews,6,0,0.0,0.0,0.0,0.0,0,0.0,0.0,0.0,0.0,0.0,0.0,0.0,0.5,1
Bristol-Myers Squibb,2025-01,1,@bmsnews,6,0,0.0,0.0,0.0,0.0,0,0.0,0.0,0.0,0.0,0.0,0.0,0.0,0.5,1
Bristol-Myers Squibb,2025-02,1,@bmsnews,5,0,0.0,0.0,0.0,0.0,0,0.0,0.0,0.0,0.0,0.0,0.0,0.0,0.4,0
Bristol-Myers Squibb,2025-03,1,@bmsnews,6,0,0.0,0.0,0.0,0.0,0,0.0,0.0,0.0,0.0,0.0,0.0,0.0,0.166667,0
Bristol-Myers Squibb,2025-04,1,@bmsnews,3,0,0.0,0.0,0.0,0.0,0,0.0,0.0,0.0,0.0,0.0,0.0,0.0,0.0,0
Bristol-Myers Squibb,2025-05,1,@bmsnews,6,0,0.0,0.0,0.0,0.0,0,0.0,0.0,0.0,0.0,0.0,0.0,0.0,0.5,1
Bristol-Myers Squibb,2025-06,1,@bmsnews,5,0,0.0,0.0,0.0,0.0,0,0.0,0.0,0.0,0.0,0.0,0.0,0.0,0.6,1
Bristol-Myers Squibb,2025-07,1,@bmsnews,3,0,0.0,0.0,0.0,0.0,0,0.0,0.0,0.0,0.0,0.0,0.0,0.0,0.333333,0
Bristol-Myers Squibb,2025-08,1,@bmsnews,4,0,0.0,0.0,0.0,0.0,0,0.0,0.0,0.0,0.0,0.0,0.0,0.0,0.5,1
Bristol-Myers Squibb,2025-10,1,@bmsnews,8,0,0.0,0.0,0.0,0.0,0,0.0,0.0,0.0,0.0,0.0,0.0,0.0,0.125,0
Bristol-Myers Squibb,2025-11,1,@bmsnews,2,0,0.0,0.0,0.0,0.0,0,0.0,0.0,0.0,0.0,0.0,0.0,0.0,0.5,1
Bristol-Myers Squibb,2025-12,1,@bmsnews,5,0,0.0,0.0,0.0,0.0,0,0.0,0.0,0.0,0.0,0.0,0.0,0.0,0.8,1
Bristol-Myers Squibb,2026-01,1,@bmsnews,2,0,0.0,0.0,0.0,0.0,0,0.0,0.0,0.0,0.0,0.0,0.0,0.0,0.5,1
Bristol-Myers Squibb,2026-02,1,@bmsnews,5,0,0.0,0.0,0.0,0.0,0,0.0,0.0,0.0,0.0,0.0,0.0,0.0,0.8,1
Bristol-Myers Squibb,2026-03,1,@bmsnews,9,0,0.0,0.0,0.0,0.0,0,0.0,0.0,0.0,0.0,0.0,0.0,0.0,0.222222,0
Bristol-Myers Squibb,2026-05,1,@bmsnews,5,0,0.0,0.0,0.0,0.0,0,0.0,0.0,0.0,0.0,0.0,0.0,0.0,0.4,0
Bristol-Myers Squibb,2026-06,1,@bmsnews,6,0,0.0,0.0,0.0,0.0,0,0.0,0.0,0.0,0.0,0.0,0.0,0.0,0.166667,0
Broadcom,2025-03,1,@broadcom,1,0,0.0,0.0,0.0,0.0,0,0.0,0.0,0.0,0.0,0.0,0.0,0.0,0.0,0
Broadcom,2025-04,1,@broadcom,12,0,0.0,0.0,0.0,0.0,0,0.0,0.0,0.0,0.0,0.0,0.0,0.0,0.166667,0
Broadcom,2025-05,1,@broadcom,3,0,0.0,0.0,0.0,0.0,0,0.0,0.0,0.0,0.0,0.0,0.0,0.0,0.666667,1
Broadcom,2025-06,1,@broadcom,7,0,0.0,0.0,0.0,0.0,0,0.0,0.0,0.0,0.0,0.0,0.0,0.0,0.0,0
Broadcom,2025-07,1,@broadcom,2,0,0.0,0.0,0.0,0.0,0,,0.0,0.0,0.0,0.0,0.0,0.0,1.0,1
Broadcom,2025-08,1,@broadcom,42,0,0.0,0.0,0.0,0.0,0,0.0,0.0,0.0,0.0,0.0,0.0,0.0,0.52381,1
Broadcom,2025-09,1,@broadcom,4,0,0.0,0.0,0.0,0.0,0,0.0,0.0,0.0,0.0,0.0,0.0,0.0,0.25,0
Broadcom,2025-10,1,@broadcom,11,0,0.0,0.0,0.0,0.0,0,0.0,0.0,0.0,0.0,0.0,0.0,0.0,0.363636,0
Broadcom,2025-11,1,@broadcom,8,0,0.0,0.0,0.0,0.0,0,0.0,0.0,0.0,0.0,0.0,0.0,0.0,0.5,1
Broadcom,2025-12,1,@broadcom,12,0,0.0,0.0,0.0,0.0,0,0.0,0.0,0.0,0.0,0.0,0.0,0.0,0.5,1
Broadcom,2026-01,1,@broadcom,17,0,0.0,0.0,0.0,0.0,0,0.0,0.0,0.0,0.0,0.0,0.0,0.0,0.470588,0
Broadcom,2026-02,1,@broadcom,4,0,0.0,0.0,0.0,0.0,0,0.0,0.0,0.0,0.0,0.0,0.0,0.0,0.5,1
Broadcom,2026-03,1,@broadcom,16,0,0.0,0.0,0.0,0.0,0,0.0,0.0,0.0,0.0,0.0,0.0,0.0,0.625,1
Broadcom,2026-04,1,@broadcom,18,0,0.0,0.0,0.0,0.0,0,0.0,0.0,0.0,0.0,0.0,0.0,0.0,0.722222,1
Broadcom,2026-05,1,@broadcom,20,0,0.0,0.0,0.0,0.0,0,0.0,0.0,0.0,0.0,0.0,0.0,0.0,0.4,0
Broadcom,2026-06,1,@broadcom,6,0,0.0,0.0,0.0,0.0,0,0.0,0.0,0.0,0.0,0.0,0.0,0.0,0.833333,1
CVS Health,2021-03,1,@cvshealth,7,0,0.0,0.0,0.0,0.0,0,0.0,0.0,0.0,0.0,0.0,0.0,0.0,0.571429,1
CVS Health,2021-04,1,@cvshealth,40,0,0.0,0.0,0.0,0.0,0,0.0,0.0,0.0,0.0,0.0,0.0,0.0,0.45,0
CVS Health,2021-05,1,@cvshealth,44,0,0.0,0.0,0.0,0.0,0,0.0,0.0,0.0,0.0,0.0,0.0,0.0,0.522727,1
CVS Health,2021-06,1,@cvshealth,44,0,0.0,0.0,0.0,0.0,0,0.0,0.0,0.0,0.0,0.0,0.0,0.0,0.568182,1
CVS Health,2021-07,1,@cvshealth,39,0,0.0,0.0,0.0,0.0,0,0.0,0.0,0.0,0.0,0.0,0.0,0.0,0.487179,0
CVS Health,2021-08,1,@cvshealth,34,0,0.0,0.0,0.0,0.0,0,0.0,0.0,0.0,0.0,0.0,0.0,0.0,0.529412,1
CVS Health,2021-09,1,@cvshealth,36,0,0.0,0.0,0.0,0.0,0,0.0,0.0,0.0,0.0,0.0,0.0,0.0,0.555556,1
CVS Health,2021-10,1,@cvshealth,28,0,0.0,0.0,0.0,0.0,0,0.0,0.0,0.0,0.0,0.0,0.0,0.0,0.535714,1
CVS Health,2021-11,1,@cvshealth,27,0,0.0,0.0,0.0,0.0,0,0.0,0.0,0.0,0.0,0.0,0.0,0.0,0.555556,1
CVS Health,2021-12,1,@cvshealth,23,0,0.0,0.0,0.0,0.0,0,0.0,0.0,0.0,0.0,0.0,0.0,0.0,0.695652,1
CVS Health,2022-01,1,@cvshealth,26,0,0.0,0.0,0.0,0.0,0,0.0,0.0,0.0,0.0,0.0,0.0,0.0,0.653846,1
CVS Health,2022-02,1,@cvshealth,29,0,0.0,0.0,0.0,0.0,0,0.0,0.0,0.0,0.0,0.0,0.0,0.0,0.310345,0
CVS Health,2022-03,1,@cvshealth,22,0,0.0,0.0,0.0,0.0,0,0.0,0.0,0.0,0.0,0.0,0.0,0.0,0.5,1
CVS Health,2022-04,1,@cvshealth,24,0,0.0,0.0,0.0,0.0,0,0.0,0.0,0.0,0.0,0.0,0.0,0.0,0.416667,0
CVS Health,2022-05,1,@cvshealth,22,0,0.0,0.0,0.0,0.0,0,0.0,0.0,0.0,0.0,0.0,0.0,0.0,0.590909,1
CVS Health,2022-06,1,@cvshealth,20,0,0.0,0.0,0.0,0.0,0,0.0,0.0,0.0,0.0,0.0,0.0,0.0,0.4,0
CVS Health,2022-07,1,@cvshealth,18,0,0.0,0.0,0.0,0.0,0,0.0,0.0,0.0,0.0,0.0,0.0,0.0,0.611111,1
CVS Health,2022-08,1,@cvshealth,14,0,0.0,0.0,0.0,0.0,0,0.0,0.0,0.0,0.0,0.0,0.0,0.0,0.214286,0
CVS Health,2022-09,1,@cvshealth,23,0,0.0,0.0,0.0,0.0,0,0.0,0.0,0.0,0.0,0.0,0.0,0.0,0.565217,1
CVS Health,2022-10,1,@cvshealth,30,0,0.0,0.0,0.0,0.0,0,0.0,0.0,0.0,0.0,0.0,0.0,0.0,0.466667,0
CVS Health,2022-11,1,@cvshealth,16,0,0.0,0.0,0.0,0.0,0,0.0,0.0,0.0,0.0,0.0,0.0,0.0,0.375,0
CVS Health,2026-02,1,@cvshealth,1,0,0.0,0.0,0.0,0.0,0,0.0,0.0,0.0,0.0,0.0,0.0,0.0,0.0,0
CVS Health,2026-03,1,@cvshealth,3,0,0.0,0.0,0.0,0.0,0,0.0,0.0,0.0,0.0,0.0,0.0,0.0,0.333333,0
CVS Health,2026-05,1,@cvshealth,4,0,0.0,0.0,0.0,0.0,0,0.0,0.0,0.0,0.0,0.0,0.0,0.0,0.25,0
Capital One Financial,2021-08,1,@CapitalOne,18,0,0.0,0.0,0.0,0.0,0,0.0,0.0,0.0,0.0,0.0,0.0,0.0,0.555556,1
Capital One Financial,2021-09,1,@CapitalOne,1,0,0.0,0.0,0.0,0.0,0,0.0,0.0,0.0,0.0,0.0,0.0,0.0,0.0,0
Capital One Financial,2022-04,1,@CapitalOne,14,0,0.0,0.0,0.0,0.0,0,0.0,0.0,0.0,0.0,0.0,0.0,0.0,0.5,1
Capital One Financial,2022-05,1,@CapitalOne,25,0,0.0,0.0,0.0,0.0,0,0.0,0.0,0.0,0.0,0.0,0.0,0.0,0.56,1
Capital One Financial,2022-06,1,@CapitalOne,38,0,0.0,0.0,0.0,0.0,0,0.0,0.0,0.0,0.0,0.0,0.0,0.0,0.394737,0
Capital One Financial,2022-07,1,@CapitalOne,32,0,0.0,0.0,0.0,0.0,0,0.0,0.0,0.0,0.0,0.0,0.0,0.0,0.625,1
Capital One Financial,2022-08,1,@CapitalOne,22,0,0.0,0.0,0.0,0.0,0,0.0,0.0,0.0,0.0,0.0,0.0,0.0,0.545455,1
Capital One Financial,2022-09,1,@CapitalOne,22,0,0.0,0.0,0.0,0.0,0,0.0,0.0,0.0,0.0,0.0,0.0,0.0,0.681818,1
Capital One Financial,2022-10,1,@CapitalOne,66,0,0.0,0.0,0.0,0.0,0,0.0,0.0,0.0,0.0,0.0,0.0,0.0,0.575758,1
Capital One Financial,2022-11,1,@CapitalOne,32,0,0.0,0.0,0.0,0.0,0,0.0,0.0,0.0,0.0,0.0,0.0,0.0,0.53125,1
Capital One Financial,2022-12,1,@CapitalOne,2,0,0.0,0.0,0.0,0.0,0,0.0,0.0,0.0,0.0,0.0,0.0,0.0,0.0,0
Capital One Financial,2023-01,1,@CapitalOne,1,0,0.0,0.0,0.0,0.0,0,0.0,0.0,0.0,0.0,0.0,0.0,0.0,0.0,0
Capital One Financial,2023-02,1,@CapitalOne,10,0,0.0,0.0,0.0,0.0,0,0.0,0.0,0.0,0.0,0.0,0.0,0.0,0.5,1
Capital One Financial,2023-03,1,@CapitalOne,71,0,0.0,0.0,0.0,0.0,0,0.0,0.0,0.0,0.0,0.0,0.0,0.0,0.408451,0
Capital One Financial,2023-04,1,@CapitalOne,32,0,0.0,0.0,0.0,0.0,0,0.0,0.0,0.0,0.0,0.0,0.0,0.0,0.4375,0
Capital One Financial,2023-05,1,@CapitalOne,36,0,0.0,0.0,0.0,0.0,0,0.0,0.0,0.0,0.0,0.0,0.0,0.0,0.611111,1
Capital One Financial,2023-06,1,@CapitalOne,41,0,0.0,0.0,0.0,0.0,0,0.0,0.0,0.0,0.0,0.0,0.0,0.0,0.585366,1
Capital One Financial,2023-07,1,@CapitalOne,40,0,0.0,0.0,0.0,0.0,0,0.0,0.0,0.0,0.0,0.0,0.0,0.0,0.55,1
Capital One Financial,2023-08,1,@CapitalOne,19,0,0.0,0.0,0.0,0.0,0,0.0,0.0,0.0,0.0,0.0,0.0,0.0,0.421053,0
Capital One Financial,2023-09,1,@CapitalOne,14,0,0.0,0.0,0.0,0.0,0,0.0,0.0,0.0,0.0,0.0,0.0,0.0,0.571429,1
Capital One Financial,2023-10,1,@CapitalOne,36,0,0.0,0.0,0.0,0.0,0,0.0,0.0,0.0,0.0,0.0,0.0,0.0,0.5,1
Capital One Financial,2023-11,1,@CapitalOne,21,1,0.047619,0.047619,0.002267569,0.693147,1,0.090909,0.047619,0.002267569,0.004535138,0.000215959,0.047619,0.002267569,0.47619,0
Capital One Financial,2024-07,1,@CapitalOne,1,0,0.0,0.0,0.0,0.0,0,,0.0,0.0,0.0,0.0,0.0,0.0,1.0,1
Capital One Financial,2025-01,1,@CapitalOne,10,0,0.0,0.0,0.0,0.0,0,0.0,0.0,0.0,0.0,0.0,0.0,0.0,0.8,1
Capital One Financial,2025-02,1,@CapitalOne,2,0,0.0,0.0,0.0,0.0,0,0.0,0.0,0.0,0.0,0.0,0.0,0.0,0.5,1
Capital One Financial,2025-05,1,@CapitalOne,7,0,0.0,0.0,0.0,0.0,0,0.0,0.0,0.0,0.0,0.0,0.0,0.0,0.142857,0
Capital One Financial,2025-06,1,@CapitalOne,3,0,0.0,0.0,0.0,0.0,0,0.0,0.0,0.0,0.0,0.0,0.0,0.0,0.333333,0
Capital One Financial,2025-07,1,@CapitalOne,1,0,0.0,0.0,0.0,0.0,0,0.0,0.0,0.0,0.0,0.0,0.0,0.0,0.0,0
Capital One Financial,2025-08,1,@CapitalOne,2,0,0.0,0.0,0.0,0.0,0,0.0,0.0,0.0,0.0,0.0,0.0,0.0,0.5,1
Capital One Financial,2026-02,1,@CapitalOne,2,0,0.0,0.0,0.0,0.0,0,0.0,0.0,0.0,0.0,0.0,0.0,0.0,0.5,1
Capital One Financial,2026-04,1,@CapitalOne,4,0,0.0,0.0,0.0,0.0,0,,0.0,0.0,0.0,0.0,0.0,0.0,1.0,1
Capital One Financial,2026-05,1,@CapitalOne,3,0,0.0,0.0,0.0,0.0,0,,0.0,0.0,0.0,0.0,0.0,0.0,1.0,1
Cardinal Health,2023-01,1,@cardinalhealth,13,0,0.0,0.0,0.0,0.0,0,0.0,0.0,0.0,0.0,0.0,0.0,0.0,0.153846,0
Cardinal Health,2023-02,1,@cardinalhealth,43,0,0.0,0.0,0.0,0.0,0,0.0,0.0,0.0,0.0,0.0,0.0,0.0,0.395349,0
Cardinal Health,2023-03,1,@cardinalhealth,32,0,0.0,0.0,0.0,0.0,0,0.0,0.0,0.0,0.0,0.0,0.0,0.0,0.5625,1
Cardinal Health,2023-04,1,@cardinalhealth,51,0,0.0,0.0,0.0,0.0,0,0.0,0.0,0.0,0.0,0.0,0.0,0.0,0.411765,0
Cardinal Health,2023-05,1,@cardinalhealth,32,0,0.0,0.0,0.0,0.0,0,0.0,0.0,0.0,0.0,0.0,0.0,0.0,0.5625,1
Cardinal Health,2023-06,1,@cardinalhealth,35,0,0.0,0.0,0.0,0.0,0,0.0,0.0,0.0,0.0,0.0,0.0,0.0,0.4,0
Cardinal Health,2023-07,1,@cardinalhealth,24,0,0.0,0.0,0.0,0.0,0,0.0,0.0,0.0,0.0,0.0,0.0,0.0,0.458333,0
Cardinal Health,2023-08,1,@cardinalhealth,19,0,0.0,0.0,0.0,0.0,0,0.0,0.0,0.0,0.0,0.0,0.0,0.0,0.526316,1
Cardinal Health,2023-09,1,@cardinalhealth,23,0,0.0,0.0,0.0,0.0,0,0.0,0.0,0.0,0.0,0.0,0.0,0.0,0.434783,0
Cardinal Health,2023-10,1,@cardinalhealth,13,0,0.0,0.0,0.0,0.0,0,0.0,0.0,0.0,0.0,0.0,0.0,0.0,0.461538,0
Cardinal Health,2023-11,1,@cardinalhealth,20,0,0.0,0.0,0.0,0.0,0,0.0,0.0,0.0,0.0,0.0,0.0,0.0,0.5,1
Cardinal Health,2023-12,1,@cardinalhealth,14,0,0.0,0.0,0.0,0.0,0,0.0,0.0,0.0,0.0,0.0,0.0,0.0,0.428571,0
Cardinal Health,2024-01,1,@cardinalhealth,12,0,0.0,0.0,0.0,0.0,0,0.0,0.0,0.0,0.0,0.0,0.0,0.0,0.5,1
Cardinal Health,2024-02,1,@cardinalhealth,29,0,0.0,0.0,0.0,0.0,0,0.0,0.0,0.0,0.0,0.0,0.0,0.0,0.37931,0
Cardinal Health,2024-03,1,@cardinalhealth,31,0,0.0,0.0,0.0,0.0,0,0.0,0.0,0.0,0.0,0.0,0.0,0.0,0.451613,0
Cardinal Health,2024-04,1,@cardinalhealth,16,0,0.0,0.0,0.0,0.0,0,0.0,0.0,0.0,0.0,0.0,0.0,0.0,0.4375,0
Cardinal Health,2024-05,1,@cardinalhealth,19,0,0.0,0.0,0.0,0.0,0,0.0,0.0,0.0,0.0,0.0,0.0,0.0,0.421053,0
Cardinal Health,2024-06,1,@cardinalhealth,17,0,0.0,0.0,0.0,0.0,0,0.0,0.0,0.0,0.0,0.0,0.0,0.0,0.470588,0
Cardinal Health,2024-07,1,@cardinalhealth,26,0,0.0,0.0,0.0,0.0,0,0.0,0.0,0.0,0.0,0.0,0.0,0.0,0.346154,0
Cardinal Health,2024-08,1,@cardinalhealth,13,0,0.0,0.0,0.0,0.0,0,0.0,0.0,0.0,0.0,0.0,0.0,0.0,0.307692,0
Cardinal Health,2024-09,1,@cardinalhealth,11,0,0.0,0.0,0.0,0.0,0,0.0,0.0,0.0,0.0,0.0,0.0,0.0,0.636364,1
Cardinal Health,2024-10,1,@cardinalhealth,15,0,0.0,0.0,0.0,0.0,0,0.0,0.0,0.0,0.0,0.0,0.0,0.0,0.466667,0
Cardinal Health,2024-11,1,@cardinalhealth,3,0,0.0,0.0,0.0,0.0,0,0.0,0.0,0.0,0.0,0.0,0.0,0.0,0.333333,0
Cardinal Health,2024-12,1,@cardinalhealth,3,0,0.0,0.0,0.0,0.0,0,0.0,0.0,0.0,0.0,0.0,0.0,0.0,0.666667,1
Cardinal Health,2025-01,1,@cardinalhealth,1,0,0.0,0.0,0.0,0.0,0,0.0,0.0,0.0,0.0,0.0,0.0,0.0,0.0,0
Cardinal Health,2025-05,1,@cardinalhealth,1,0,0.0,0.0,0.0,0.0,0,0.0,0.0,0.0,0.0,0.0,0.0,0.0,0.0,0
Cardinal Health,2025-08,1,@cardinalhealth,1,0,0.0,0.0,0.0,0.0,0,0.0,0.0,0.0,0.0,0.0,0.0,0.0,0.0,0
Cardinal Health,2025-10,1,@cardinalhealth,1,0,0.0,0.0,0.0,0.0,0,0.0,0.0,0.0,0.0,0.0,0.0,0.0,0.0,0
Cardinal Health,2026-02,1,@cardinalhealth,1,0,0.0,0.0,0.0,0.0,0,0.0,0.0,0.0,0.0,0.0,0.0,0.0,0.0,0
Cardinal Health,2026-04,1,@cardinalhealth,1,0,0.0,0.0,0.0,0.0,0,0.0,0.0,0.0,0.0,0.0,0.0,0.0,0.0,0
Caterpillar,2021-07,1,@CaterpillarInc,15,0,0.0,0.0,0.0,0.0,0,0.0,0.0,0.0,0.0,0.0,0.0,0.0,0.133333,0
Caterpillar,2021-08,1,@CaterpillarInc,114,0,0.0,0.0,0.0,0.0,0,0.0,0.008772,7.6948e-05,0.0,0.0,0.0,0.0,0.552632,1
Caterpillar,2021-09,1,@CaterpillarInc,97,0,0.0,0.0,0.0,0.0,0,0.0,0.0,0.0,0.0,0.0,0.0,0.0,0.536082,1
Caterpillar,2021-10,1,@CaterpillarInc,63,0,0.0,0.0,0.0,0.0,0,0.0,0.0,0.0,0.0,0.0,0.0,0.0,0.269841,0
Caterpillar,2021-11,1,@CaterpillarInc,52,0,0.0,0.0,0.0,0.0,0,0.0,0.0,0.0,0.0,0.0,0.0,0.0,0.5,1
Caterpillar,2021-12,1,@CaterpillarInc,56,0,0.0,0.0,0.0,0.0,0,0.0,0.0,0.0,0.0,0.0,0.0,0.0,0.517857,1
Caterpillar,2022-01,1,@CaterpillarInc,27,0,0.0,0.0,0.0,0.0,0,0.0,0.0,0.0,0.0,0.0,0.0,0.0,0.259259,0
Caterpillar,2022-02,1,@CaterpillarInc,30,0,0.0,0.0,0.0,0.0,0,0.0,0.0,0.0,0.0,0.0,0.0,0.0,0.533333,1
Caterpillar,2022-03,1,@CaterpillarInc,10,0,0.0,0.0,0.0,0.0,0,0.0,0.0,0.0,0.0,0.0,0.0,0.0,0.3,0
Caterpillar,2022-04,1,@CaterpillarInc,41,0,0.0,0.0,0.0,0.0,0,0.0,0.0,0.0,0.0,0.0,0.0,0.0,0.560976,1
Caterpillar,2022-05,1,@CaterpillarInc,46,0,0.0,0.0,0.0,0.0,0,0.0,0.0,0.0,0.0,0.0,0.0,0.0,0.413043,0
Caterpillar,2022-06,1,@CaterpillarInc,52,0,0.0,0.0,0.0,0.0,0,0.0,0.0,0.0,0.0,0.0,0.0,0.0,0.615385,1
Caterpillar,2022-07,1,@CaterpillarInc,32,0,0.0,0.0,0.0,0.0,0,0.0,0.0,0.0,0.0,0.0,0.0,0.0,0.59375,1
Caterpillar,2022-08,1,@CaterpillarInc,43,0,0.0,0.0,0.0,0.0,0,0.0,0.0,0.0,0.0,0.0,0.0,0.0,0.465116,0
Caterpillar,2022-09,1,@CaterpillarInc,41,0,0.0,0.0,0.0,0.0,0,0.0,0.04878,0.002379488,0.0,0.0,0.0,0.0,0.463415,0
Caterpillar,2022-10,1,@CaterpillarInc,33,0,0.0,0.0,0.0,0.0,0,0.0,0.0,0.0,0.0,0.0,0.0,0.0,0.424242,0
Caterpillar,2022-11,1,@CaterpillarInc,10,0,0.0,0.0,0.0,0.0,0,0.0,0.0,0.0,0.0,0.0,0.0,0.0,0.3,0
Caterpillar,2022-12,1,@CaterpillarInc,1,0,0.0,0.0,0.0,0.0,0,,0.0,0.0,0.0,0.0,0.0,0.0,1.0,1
Caterpillar,2023-01,1,@CaterpillarInc,3,0,0.0,0.0,0.0,0.0,0,0.0,0.0,0.0,0.0,0.0,0.0,0.0,0.0,0
Caterpillar,2023-02,1,@CaterpillarInc,6,0,0.0,0.0,0.0,0.0,0,0.0,0.0,0.0,0.0,0.0,0.0,0.0,0.333333,0
Caterpillar,2023-03,1,@CaterpillarInc,36,0,0.0,0.0,0.0,0.0,0,0.0,0.0,0.0,0.0,0.0,0.0,0.0,0.5,1
Caterpillar,2023-04,1,@CaterpillarInc,16,0,0.0,0.0,0.0,0.0,0,0.0,0.0,0.0,0.0,0.0,0.0,0.0,0.375,0
Caterpillar,2023-05,1,@CaterpillarInc,21,0,0.0,0.0,0.0,0.0,0,0.0,0.0,0.0,0.0,0.0,0.0,0.0,0.571429,1
Caterpillar,2023-06,1,@CaterpillarInc,21,0,0.0,0.0,0.0,0.0,0,0.0,0.0,0.0,0.0,0.0,0.0,0.0,0.47619,0
Caterpillar,2023-07,1,@CaterpillarInc,11,0,0.0,0.0,0.0,0.0,0,0.0,0.0,0.0,0.0,0.0,0.0,0.0,0.727273,1
Caterpillar,2023-08,1,@CaterpillarInc,6,0,0.0,0.0,0.0,0.0,0,0.0,0.0,0.0,0.0,0.0,0.0,0.0,0.333333,0
Caterpillar,2023-09,1,@CaterpillarInc,4,0,0.0,0.0,0.0,0.0,0,0.0,0.0,0.0,0.0,0.0,0.0,0.0,0.5,1
Caterpillar,2023-10,1,@CaterpillarInc,4,0,0.0,0.0,0.0,0.0,0,0.0,0.0,0.0,0.0,0.0,0.0,0.0,0.25,0
Cencora,2022-07,1,@CencoraGlobal,11,1,0.090909,0.090909,0.008264446,0.693147,1,0.125,0.090909,0.008264446,0.016528893,0.001502625,0.090909,0.008264446,0.272727,0
Cencora,2022-08,1,@CencoraGlobal,29,0,0.0,0.0,0.0,0.0,0,0.0,0.0,0.0,0.0,0.0,0.0,0.0,0.310345,0
Cencora,2022-09,1,@CencoraGlobal,28,0,0.0,0.0,0.0,0.0,0,0.0,0.0,0.0,0.0,0.0,0.0,0.0,0.571429,1
Cencora,2022-10,1,@CencoraGlobal,17,0,0.0,0.0,0.0,0.0,0,0.0,0.0,0.0,0.0,0.0,0.0,0.0,0.294118,0
Cencora,2022-11,1,@CencoraGlobal,16,0,0.0,0.0,0.0,0.0,0,0.0,0.0,0.0,0.0,0.0,0.0,0.0,0.375,0
Cencora,2022-12,1,@CencoraGlobal,10,0,0.0,0.0,0.0,0.0,0,0.0,0.0,0.0,0.0,0.0,0.0,0.0,0.5,1
Cencora,2023-01,1,@CencoraGlobal,18,0,0.0,0.0,0.0,0.0,0,0.0,0.0,0.0,0.0,0.0,0.0,0.0,0.444444,0
Cencora,2023-02,1,@CencoraGlobal,14,0,0.0,0.0,0.0,0.0,0,0.0,0.0,0.0,0.0,0.0,0.0,0.0,0.5,1
Cencora,2023-03,1,@CencoraGlobal,13,0,0.0,0.0,0.0,0.0,0,0.0,0.0,0.0,0.0,0.0,0.0,0.0,0.384615,0
Cencora,2023-04,1,@CencoraGlobal,11,0,0.0,0.0,0.0,0.0,0,0.0,0.0,0.0,0.0,0.0,0.0,0.0,0.363636,0
Cencora,2023-05,1,@CencoraGlobal,17,0,0.0,0.0,0.0,0.0,0,0.0,0.0,0.0,0.0,0.0,0.0,0.0,0.470588,0
Cencora,2023-06,1,@CencoraGlobal,15,0,0.0,0.0,0.0,0.0,0,0.0,0.0,0.0,0.0,0.0,0.0,0.0,0.333333,0
Cencora,2023-07,1,@CencoraGlobal,16,0,0.0,0.0,0.0,0.0,0,0.0,0.0,0.0,0.0,0.0,0.0,0.0,0.625,1
Cencora,2023-08,1,@CencoraGlobal,19,0,0.0,0.0,0.0,0.0,0,0.0,0.0,0.0,0.0,0.0,0.0,0.0,0.578947,1
Cencora,2023-09,1,@CencoraGlobal,10,0,0.0,0.0,0.0,0.0,0,0.0,0.0,0.0,0.0,0.0,0.0,0.0,0.2,0
Cencora,2023-10,1,@CencoraGlobal,18,1,0.055556,0.055556,0.003086469,0.693147,1,0.1,0.055556,0.003086469,0.024691531,0.001371763,0.055556,0.003086469,0.444444,0
Cencora,2023-11,1,@CencoraGlobal,17,0,0.0,0.0,0.0,0.0,0,0.0,0.0,0.0,0.0,0.0,0.0,0.0,0.588235,1
Cencora,2023-12,1,@CencoraGlobal,7,0,0.0,0.0,0.0,0.0,0,0.0,0.0,0.0,0.0,0.0,0.0,0.0,0.571429,1
Cencora,2024-01,1,@CencoraGlobal,16,0,0.0,0.0,0.0,0.0,0,0.0,0.0,0.0,0.0,0.0,0.0,0.0,0.5625,1
Cencora,2024-02,1,@CencoraGlobal,10,0,0.0,0.0,0.0,0.0,0,0.0,0.0,0.0,0.0,0.0,0.0,0.0,0.2,0
Cencora,2024-03,1,@CencoraGlobal,15,0,0.0,0.0,0.0,0.0,0,0.0,0.0,0.0,0.0,0.0,0.0,0.0,0.466667,0
Cencora,2024-04,1,@CencoraGlobal,15,0,0.0,0.0,0.0,0.0,0,0.0,0.0,0.0,0.0,0.0,0.0,0.0,0.466667,0
Cencora,2024-05,1,@CencoraGlobal,15,0,0.0,0.0,0.0,0.0,0,0.0,0.0,0.0,0.0,0.0,0.0,0.0,0.533333,1
Cencora,2024-06,1,@CencoraGlobal,9,0,0.0,0.0,0.0,0.0,0,0.0,0.0,0.0,0.0,0.0,0.0,0.0,0.333333,0
Cencora,2024-07,1,@CencoraGlobal,13,0,0.0,0.0,0.0,0.0,0,0.0,0.0,0.0,0.0,0.0,0.0,0.0,0.384615,0
Cencora,2024-08,1,@CencoraGlobal,11,0,0.0,0.0,0.0,0.0,0,0.0,0.0,0.0,0.0,0.0,0.0,0.0,0.545455,1
Cencora,2024-09,1,@CencoraGlobal,10,0,0.0,0.0,0.0,0.0,0,,0.0,0.0,0.0,0.0,0.0,0.0,1.0,1
Cencora,2024-10,1,@CencoraGlobal,6,0,0.0,0.0,0.0,0.0,0,0.0,0.0,0.0,0.0,0.0,0.0,0.0,0.166667,0
Cencora,2024-11,1,@CencoraGlobal,9,0,0.0,0.0,0.0,0.0,0,0.0,0.0,0.0,0.0,0.0,0.0,0.0,0.555556,1
Cencora,2024-12,1,@CencoraGlobal,10,0,0.0,0.0,0.0,0.0,0,0.0,0.0,0.0,0.0,0.0,0.0,0.0,0.6,1
Cencora,2025-01,1,@CencoraGlobal,7,0,0.0,0.0,0.0,0.0,0,0.0,0.0,0.0,0.0,0.0,0.0,0.0,0.571429,1
Cencora,2025-02,1,@CencoraGlobal,7,0,0.0,0.0,0.0,0.0,0,0.0,0.0,0.0,0.0,0.0,0.0,0.0,0.428571,0
Cencora,2025-03,1,@CencoraGlobal,3,0,0.0,0.0,0.0,0.0,0,0.0,0.0,0.0,0.0,0.0,0.0,0.0,0.666667,1
Cencora,2025-04,1,@CencoraGlobal,4,0,0.0,0.0,0.0,0.0,0,0.0,0.0,0.0,0.0,0.0,0.0,0.0,0.75,1
Cencora,2025-05,1,@CencoraGlobal,4,0,0.0,0.0,0.0,0.0,0,0.0,0.0,0.0,0.0,0.0,0.0,0.0,0.75,1
Cencora,2025-06,1,@CencoraGlobal,2,0,0.0,0.0,0.0,0.0,0,0.0,0.0,0.0,0.0,0.0,0.0,0.0,0.5,1
Cencora,2025-07,1,@CencoraGlobal,1,0,0.0,0.0,0.0,0.0,0,0.0,0.0,0.0,0.0,0.0,0.0,0.0,0.0,0
Cencora,2025-08,1,@CencoraGlobal,3,0,0.0,0.0,0.0,0.0,0,0.0,0.0,0.0,0.0,0.0,0.0,0.0,0.333333,0
Cencora,2025-09,1,@CencoraGlobal,2,0,0.0,0.0,0.0,0.0,0,0.0,0.0,0.0,0.0,0.0,0.0,0.0,0.0,0
Cencora,2025-10,1,@CencoraGlobal,2,0,0.0,0.0,0.0,0.0,0,,0.0,0.0,0.0,0.0,0.0,0.0,1.0,1
Cencora,2025-11,1,@CencoraGlobal,2,0,0.0,0.0,0.0,0.0,0,0.0,0.0,0.0,0.0,0.0,0.0,0.0,0.0,0
Cencora,2025-12,1,@CencoraGlobal,3,0,0.0,0.0,0.0,0.0,0,0.0,0.0,0.0,0.0,0.0,0.0,0.0,0.0,0
Cencora,2026-01,1,@CencoraGlobal,2,0,0.0,0.0,0.0,0.0,0,0.0,0.0,0.0,0.0,0.0,0.0,0.0,0.5,1
Cencora,2026-02,1,@CencoraGlobal,2,0,0.0,0.0,0.0,0.0,0,,0.0,0.0,0.0,0.0,0.0,0.0,1.0,1
Cencora,2026-03,1,@CencoraGlobal,3,0,0.0,0.0,0.0,0.0,0,0.0,0.0,0.0,0.0,0.0,0.0,0.0,0.666667,1
Cencora,2026-04,1,@CencoraGlobal,4,0,0.0,0.0,0.0,0.0,0,,0.0,0.0,0.0,0.0,0.0,0.0,1.0,1
Cencora,2026-05,1,@CencoraGlobal,2,0,0.0,0.0,0.0,0.0,0,0.0,0.0,0.0,0.0,0.0,0.0,0.0,0.0,0
Cencora,2026-06,1,@CencoraGlobal,1,0,0.0,0.0,0.0,0.0,0,0.0,0.0,0.0,0.0,0.0,0.0,0.0,0.0,0
Centene,2022-12,1,@centene,17,0,0.0,0.0,0.0,0.0,0,0.0,0.0,0.0,0.0,0.0,0.0,0.0,0.294118,0
Centene,2023-01,1,@centene,24,0,0.0,0.0,0.0,0.0,0,0.0,0.0,0.0,0.0,0.0,0.0,0.0,0.375,0
Centene,2023-02,1,@centene,19,0,0.0,0.0,0.0,0.0,0,0.0,0.0,0.0,0.0,0.0,0.0,0.0,0.315789,0
Centene,2023-03,1,@centene,18,0,0.0,0.0,0.0,0.0,0,0.0,0.0,0.0,0.0,0.0,0.0,0.0,0.666667,1
Centene,2023-04,1,@centene,20,0,0.0,0.0,0.0,0.0,0,0.0,0.0,0.0,0.0,0.0,0.0,0.0,0.5,1
Centene,2023-05,1,@centene,17,0,0.0,0.0,0.0,0.0,0,0.0,0.0,0.0,0.0,0.0,0.0,0.0,0.588235,1
Centene,2023-06,1,@centene,19,0,0.0,0.0,0.0,0.0,0,0.0,0.0,0.0,0.0,0.0,0.0,0.0,0.473684,0
Centene,2023-07,1,@centene,20,0,0.0,0.0,0.0,0.0,0,0.0,0.0,0.0,0.0,0.0,0.0,0.0,0.55,1
Centene,2023-08,1,@centene,15,0,0.0,0.0,0.0,0.0,0,0.0,0.0,0.0,0.0,0.0,0.0,0.0,0.6,1
Centene,2023-09,1,@centene,16,0,0.0,0.0,0.0,0.0,0,0.0,0.0,0.0,0.0,0.0,0.0,0.0,0.5625,1
Centene,2023-10,1,@centene,13,0,0.0,0.0,0.0,0.0,0,0.0,0.0,0.0,0.0,0.0,0.0,0.0,0.538462,1
Centene,2023-11,1,@centene,14,0,0.0,0.0,0.0,0.0,0,0.0,0.0,0.0,0.0,0.0,0.0,0.0,0.428571,0
Centene,2023-12,1,@centene,13,0,0.0,0.0,0.0,0.0,0,0.0,0.0,0.0,0.0,0.0,0.0,0.0,0.307692,0
Centene,2024-01,1,@centene,14,0,0.0,0.0,0.0,0.0,0,0.0,0.0,0.0,0.0,0.0,0.0,0.0,0.357143,0
Centene,2024-02,1,@centene,9,0,0.0,0.0,0.0,0.0,0,0.0,0.0,0.0,0.0,0.0,0.0,0.0,0.444444,0
Centene,2024-03,1,@centene,8,0,0.0,0.0,0.0,0.0,0,0.0,0.0,0.0,0.0,0.0,0.0,0.0,0.375,0
Centene,2024-04,1,@centene,10,0,0.0,0.0,0.0,0.0,0,0.0,0.0,0.0,0.0,0.0,0.0,0.0,0.3,0
Centene,2024-05,1,@centene,20,0,0.0,0.0,0.0,0.0,0,0.0,0.0,0.0,0.0,0.0,0.0,0.0,0.45,0
Centene,2024-06,1,@centene,11,0,0.0,0.0,0.0,0.0,0,0.0,0.0,0.0,0.0,0.0,0.0,0.0,0.272727,0
Centene,2024-07,1,@centene,10,0,0.0,0.0,0.0,0.0,0,0.0,0.0,0.0,0.0,0.0,0.0,0.0,0.2,0
Centene,2024-08,1,@centene,8,0,0.0,0.0,0.0,0.0,0,0.0,0.0,0.0,0.0,0.0,0.0,0.0,0.5,1
Centene,2024-09,1,@centene,9,0,0.0,0.0,0.0,0.0,0,0.0,0.0,0.0,0.0,0.0,0.0,0.0,0.666667,1
Centene,2024-10,1,@centene,13,0,0.0,0.0,0.0,0.0,0,0.0,0.0,0.0,0.0,0.0,0.0,0.0,0.461538,0
Centene,2024-11,1,@centene,10,0,0.0,0.0,0.0,0.0,0,0.0,0.0,0.0,0.0,0.0,0.0,0.0,0.7,1
Centene,2024-12,1,@centene,6,0,0.0,0.0,0.0,0.0,0,0.0,0.0,0.0,0.0,0.0,0.0,0.0,0.666667,1
Centene,2025-01,1,@centene,6,0,0.0,0.0,0.0,0.0,0,0.0,0.0,0.0,0.0,0.0,0.0,0.0,0.833333,1
Centene,2025-02,1,@centene,8,0,0.0,0.0,0.0,0.0,0,0.0,0.0,0.0,0.0,0.0,0.0,0.0,0.375,0
Centene,2025-03,1,@centene,11,0,0.0,0.0,0.0,0.0,0,0.0,0.0,0.0,0.0,0.0,0.0,0.0,0.636364,1
Centene,2025-04,1,@centene,8,0,0.0,0.0,0.0,0.0,0,0.0,0.0,0.0,0.0,0.0,0.0,0.0,0.625,1
Centene,2025-05,1,@centene,9,0,0.0,0.0,0.0,0.0,0,0.0,0.0,0.0,0.0,0.0,0.0,0.0,0.666667,1
Centene,2025-06,1,@centene,7,0,0.0,0.0,0.0,0.0,0,0.0,0.0,0.0,0.0,0.0,0.0,0.0,0.571429,1
Centene,2025-07,1,@centene,4,0,0.0,0.0,0.0,0.0,0,,0.0,0.0,0.0,0.0,0.0,0.0,1.0,1
Centene,2025-08,1,@centene,8,0,0.0,0.0,0.0,0.0,0,0.0,0.0,0.0,0.0,0.0,0.0,0.0,0.625,1
Centene,2025-09,1,@centene,5,1,0.2,0.2,0.04,0.693147,1,1.0,0.2,0.04,0.04,0.008,0.2,0.04,0.8,1
Centene,2025-10,1,@centene,5,0,0.0,0.0,0.0,0.0,0,0.0,0.0,0.0,0.0,0.0,0.0,0.0,0.2,0
Centene,2025-11,1,@centene,7,0,0.0,0.0,0.0,0.0,0,0.0,0.0,0.0,0.0,0.0,0.0,0.0,0.571429,1
Centene,2025-12,1,@centene,5,0,0.0,0.0,0.0,0.0,0,0.0,0.0,0.0,0.0,0.0,0.0,0.0,0.4,0
Centene,2026-01,1,@centene,4,0,0.0,0.0,0.0,0.0,0,0.0,0.0,0.0,0.0,0.0,0.0,0.0,0.25,0
Centene,2026-02,1,@centene,6,0,0.0,0.0,0.0,0.0,0,0.0,0.0,0.0,0.0,0.0,0.0,0.0,0.333333,0
Centene,2026-03,1,@centene,7,0,0.0,0.0,0.0,0.0,0,0.0,0.0,0.0,0.0,0.0,0.0,0.0,0.428571,0
Centene,2026-04,1,@centene,8,0,0.0,0.0,0.0,0.0,0,0.0,0.0,0.0,0.0,0.0,0.0,0.0,0.5,1
Centene,2026-05,1,@centene,3,0,0.0,0.0,0.0,0.0,0,0.0,0.0,0.0,0.0,0.0,0.0,0.0,0.0,0
Centene,2026-06,1,@centene,1,0,0.0,0.0,0.0,0.0,0,,0.0,0.0,0.0,0.0,0.0,0.0,1.0,1
Charter Communications,2022-03,1,@CharterNewsroom,3,0,0.0,0.0,0.0,0.0,0,0.0,0.0,0.0,0.0,0.0,0.0,0.0,0.0,0
Charter Communications,2022-04,1,@CharterNewsroom,10,0,0.0,0.0,0.0,0.0,0,0.0,0.0,0.0,0.0,0.0,0.0,0.0,0.1,0
Charter Communications,2022-05,1,@CharterNewsroom,9,0,0.0,0.0,0.0,0.0,0,0.0,0.0,0.0,0.0,0.0,0.0,0.0,0.111111,0
Charter Communications,2022-06,1,@CharterNewsroom,10,0,0.0,0.0,0.0,0.0,0,0.0,0.0,0.0,0.0,0.0,0.0,0.0,0.1,0
Charter Communications,2022-07,1,@CharterNewsroom,8,0,0.0,0.0,0.0,0.0,0,0.0,0.0,0.0,0.0,0.0,0.0,0.0,0.125,0
Charter Communications,2022-08,1,@CharterNewsroom,15,0,0.0,0.0,0.0,0.0,0,0.0,0.0,0.0,0.0,0.0,0.0,0.0,0.133333,0
Charter Communications,2022-09,1,@CharterNewsroom,17,0,0.0,0.0,0.0,0.0,0,0.0,0.0,0.0,0.0,0.0,0.0,0.0,0.176471,0
Charter Communications,2022-10,1,@CharterNewsroom,7,0,0.0,0.0,0.0,0.0,0,0.0,0.0,0.0,0.0,0.0,0.0,0.0,0.142857,0
Charter Communications,2022-11,1,@CharterNewsroom,9,0,0.0,0.0,0.0,0.0,0,0.0,0.0,0.0,0.0,0.0,0.0,0.0,0.222222,0
Charter Communications,2022-12,1,@CharterNewsroom,8,0,0.0,0.0,0.0,0.0,0,0.0,0.0,0.0,0.0,0.0,0.0,0.0,0.375,0
Charter Communications,2023-01,1,@CharterNewsroom,7,0,0.0,0.0,0.0,0.0,0,0.0,0.0,0.0,0.0,0.0,0.0,0.0,0.142857,0
Charter Communications,2023-02,1,@CharterNewsroom,6,0,0.0,0.0,0.0,0.0,0,0.0,0.0,0.0,0.0,0.0,0.0,0.0,0.0,0
Charter Communications,2023-03,1,@CharterNewsroom,13,0,0.0,0.0,0.0,0.0,0,0.0,0.0,0.0,0.0,0.0,0.0,0.0,0.076923,0
Charter Communications,2023-04,1,@CharterNewsroom,7,0,0.0,0.0,0.0,0.0,0,0.0,0.0,0.0,0.0,0.0,0.0,0.0,0.0,0
Charter Communications,2023-05,1,@CharterNewsroom,11,0,0.0,0.0,0.0,0.0,0,0.0,0.0,0.0,0.0,0.0,0.0,0.0,0.090909,0
Charter Communications,2023-06,1,@CharterNewsroom,15,0,0.0,0.0,0.0,0.0,0,0.0,0.0,0.0,0.0,0.0,0.0,0.0,0.133333,0
Charter Communications,2023-07,1,@CharterNewsroom,8,0,0.0,0.0,0.0,0.0,0,0.0,0.0,0.0,0.0,0.0,0.0,0.0,0.125,0
Charter Communications,2023-08,1,@CharterNewsroom,9,0,0.0,0.0,0.0,0.0,0,0.0,0.0,0.0,0.0,0.0,0.0,0.0,0.0,0
Charter Communications,2023-09,1,@CharterNewsroom,18,0,0.0,0.0,0.0,0.0,0,0.0,0.0,0.0,0.0,0.0,0.0,0.0,0.166667,0
Charter Communications,2023-10,1,@CharterNewsroom,9,0,0.0,0.0,0.0,0.0,0,0.0,0.0,0.0,0.0,0.0,0.0,0.0,0.111111,0
Charter Communications,2023-11,1,@CharterNewsroom,3,0,0.0,0.0,0.0,0.0,0,0.0,0.0,0.0,0.0,0.0,0.0,0.0,0.666667,1
Charter Communications,2023-12,1,@CharterNewsroom,5,0,0.0,0.0,0.0,0.0,0,0.0,0.0,0.0,0.0,0.0,0.0,0.0,0.2,0
Charter Communications,2024-01,1,@CharterNewsroom,9,0,0.0,0.0,0.0,0.0,0,0.0,0.0,0.0,0.0,0.0,0.0,0.0,0.0,0
Charter Communications,2024-02,1,@CharterNewsroom,8,0,0.0,0.0,0.0,0.0,0,0.0,0.0,0.0,0.0,0.0,0.0,0.0,0.0,0
Charter Communications,2024-03,1,@CharterNewsroom,7,0,0.0,0.0,0.0,0.0,0,0.0,0.0,0.0,0.0,0.0,0.0,0.0,0.571429,1
Charter Communications,2024-04,1,@CharterNewsroom,4,0,0.0,0.0,0.0,0.0,0,0.0,0.0,0.0,0.0,0.0,0.0,0.0,0.0,0
Charter Communications,2024-05,1,@CharterNewsroom,6,0,0.0,0.0,0.0,0.0,0,0.0,0.0,0.0,0.0,0.0,0.0,0.0,0.333333,0
Charter Communications,2024-06,1,@CharterNewsroom,9,0,0.0,0.0,0.0,0.0,0,0.0,0.0,0.0,0.0,0.0,0.0,0.0,0.222222,0
Charter Communications,2024-07,1,@CharterNewsroom,4,0,0.0,0.0,0.0,0.0,0,0.0,0.0,0.0,0.0,0.0,0.0,0.0,0.5,1
Charter Communications,2024-08,1,@CharterNewsroom,7,0,0.0,0.0,0.0,0.0,0,0.0,0.0,0.0,0.0,0.0,0.0,0.0,0.285714,0
Charter Communications,2024-09,1,@CharterNewsroom,10,0,0.0,0.0,0.0,0.0,0,0.0,0.0,0.0,0.0,0.0,0.0,0.0,0.2,0
Charter Communications,2024-10,1,@CharterNewsroom,11,0,0.0,0.0,0.0,0.0,0,0.0,0.0,0.0,0.0,0.0,0.0,0.0,0.272727,0
Charter Communications,2024-11,1,@CharterNewsroom,10,0,0.0,0.0,0.0,0.0,0,0.0,0.0,0.0,0.0,0.0,0.0,0.0,0.5,1
Charter Communications,2024-12,1,@CharterNewsroom,8,0,0.0,0.0,0.0,0.0,0,0.0,0.0,0.0,0.0,0.0,0.0,0.0,0.625,1
Charter Communications,2025-01,1,@CharterNewsroom,12,0,0.0,0.0,0.0,0.0,0,0.0,0.0,0.0,0.0,0.0,0.0,0.0,0.666667,1
Charter Communications,2025-02,1,@CharterNewsroom,9,0,0.0,0.0,0.0,0.0,0,0.0,0.0,0.0,0.0,0.0,0.0,0.0,0.0,0
Charter Communications,2025-03,1,@CharterNewsroom,12,0,0.0,0.0,0.0,0.0,0,0.0,0.0,0.0,0.0,0.0,0.0,0.0,0.083333,0
Charter Communications,2025-04,1,@CharterNewsroom,12,0,0.0,0.0,0.0,0.0,0,0.0,0.0,0.0,0.0,0.0,0.0,0.0,0.416667,0
Charter Communications,2025-05,1,@CharterNewsroom,21,0,0.0,0.0,0.0,0.0,0,0.0,0.0,0.0,0.0,0.0,0.0,0.0,0.428571,0
Charter Communications,2025-06,1,@CharterNewsroom,19,0,0.0,0.0,0.0,0.0,0,0.0,0.0,0.0,0.0,0.0,0.0,0.0,0.421053,0
Charter Communications,2025-07,1,@CharterNewsroom,22,0,0.0,0.0,0.0,0.0,0,0.0,0.0,0.0,0.0,0.0,0.0,0.0,0.454545,0
Charter Communications,2025-08,1,@CharterNewsroom,17,0,0.0,0.0,0.0,0.0,0,0.0,0.0,0.0,0.0,0.0,0.0,0.0,0.352941,0
Charter Communications,2025-09,1,@CharterNewsroom,10,0,0.0,0.0,0.0,0.0,0,0.0,0.0,0.0,0.0,0.0,0.0,0.0,0.3,0
Charter Communications,2025-10,1,@CharterNewsroom,22,0,0.0,0.0,0.0,0.0,0,0.0,0.0,0.0,0.0,0.0,0.0,0.0,0.636364,1
Charter Communications,2025-11,1,@CharterNewsroom,20,0,0.0,0.0,0.0,0.0,0,0.0,0.0,0.0,0.0,0.0,0.0,0.0,0.55,1
Charter Communications,2025-12,1,@CharterNewsroom,26,0,0.0,0.0,0.0,0.0,0,0.0,0.0,0.0,0.0,0.0,0.0,0.0,0.538462,1
Charter Communications,2026-01,1,@CharterNewsroom,28,0,0.0,0.0,0.0,0.0,0,0.0,0.0,0.0,0.0,0.0,0.0,0.0,0.428571,0
Charter Communications,2026-02,1,@CharterNewsroom,33,0,0.0,0.0,0.0,0.0,0,0.0,0.0,0.0,0.0,0.0,0.0,0.0,0.333333,0
Charter Communications,2026-03,1,@CharterNewsroom,25,0,0.0,0.0,0.0,0.0,0,0.0,0.0,0.0,0.0,0.0,0.0,0.0,0.28,0
Charter Communications,2026-04,1,@CharterNewsroom,24,1,0.041667,0.041667,0.001736139,0.693147,1,0.071429,0.041667,0.001736139,0.006944514,0.000289357,0.041667,0.001736139,0.416667,0
Charter Communications,2026-05,1,@CharterNewsroom,29,0,0.0,0.0,0.0,0.0,0,0.0,0.0,0.0,0.0,0.0,0.0,0.0,0.310345,0
Charter Communications,2026-06,1,@CharterNewsroom,16,0,0.0,0.0,0.0,0.0,0,0.0,0.0,0.0,0.0,0.0,0.0,0.0,0.5625,1
Chevron,2022-02,1,@chevron,8,0,0.0,0.0,0.0,0.0,0,0.0,0.0,0.0,0.0,0.0,0.0,0.0,0.375,0
Chevron,2022-03,1,@chevron,28,0,0.0,0.0,0.0,0.0,0,0.0,0.0,0.0,0.0,0.0,0.0,0.0,0.428571,0
Chevron,2022-04,1,@chevron,26,0,0.0,0.0,0.0,0.0,0,0.0,0.0,0.0,0.0,0.0,0.0,0.0,0.192308,0
Chevron,2022-05,1,@chevron,8,0,0.0,0.0,0.0,0.0,0,0.0,0.0,0.0,0.0,0.0,0.0,0.0,0.375,0
Chevron,2022-06,1,@chevron,22,0,0.0,0.0,0.0,0.0,0,0.0,0.0,0.0,0.0,0.0,0.0,0.0,0.5,1
Chevron,2022-07,1,@chevron,11,0,0.0,0.0,0.0,0.0,0,0.0,0.0,0.0,0.0,0.0,0.0,0.0,0.090909,0
Chevron,2022-08,1,@chevron,19,0,0.0,0.0,0.0,0.0,0,0.0,0.0,0.0,0.0,0.0,0.0,0.0,0.368421,0
Chevron,2022-09,1,@chevron,5,0,0.0,0.0,0.0,0.0,0,0.0,0.0,0.0,0.0,0.0,0.0,0.0,0.6,1
Chevron,2022-10,1,@chevron,24,0,0.0,0.0,0.0,0.0,0,0.0,0.0,0.0,0.0,0.0,0.0,0.0,0.375,0
Chevron,2022-11,1,@chevron,20,0,0.0,0.0,0.0,0.0,0,0.0,0.0,0.0,0.0,0.0,0.0,0.0,0.3,0
Chevron,2022-12,1,@chevron,27,0,0.0,0.0,0.0,0.0,0,0.0,0.0,0.0,0.0,0.0,0.0,0.0,0.444444,0
Chevron,2023-01,1,@chevron,31,0,0.0,0.0,0.0,0.0,0,0.0,0.0,0.0,0.0,0.0,0.0,0.0,0.419355,0
Chevron,2023-02,1,@chevron,23,0,0.0,0.0,0.0,0.0,0,0.0,0.0,0.0,0.0,0.0,0.0,0.0,0.304348,0
Chevron,2023-03,1,@chevron,15,0,0.0,0.0,0.0,0.0,0,0.0,0.0,0.0,0.0,0.0,0.0,0.0,0.533333,1
Chevron,2023-04,1,@chevron,37,0,0.0,0.0,0.0,0.0,0,0.0,0.0,0.0,0.0,0.0,0.0,0.0,0.324324,0
Chevron,2023-05,1,@chevron,30,0,0.0,0.0,0.0,0.0,0,0.0,0.0,0.0,0.0,0.0,0.0,0.0,0.4,0
Chevron,2023-06,1,@chevron,20,0,0.0,0.0,0.0,0.0,0,0.0,0.0,0.0,0.0,0.0,0.0,0.0,0.5,1
Chevron,2023-07,1,@chevron,19,0,0.0,0.0,0.0,0.0,0,0.0,0.0,0.0,0.0,0.0,0.0,0.0,0.368421,0
Chevron,2023-08,1,@chevron,22,0,0.0,0.0,0.0,0.0,0,0.0,0.0,0.0,0.0,0.0,0.0,0.0,0.409091,0
Chevron,2023-09,1,@chevron,13,0,0.0,0.0,0.0,0.0,0,0.0,0.0,0.0,0.0,0.0,0.0,0.0,0.384615,0
Chevron,2023-10,1,@chevron,17,0,0.0,0.0,0.0,0.0,0,0.0,0.0,0.0,0.0,0.0,0.0,0.0,0.294118,0
Chevron,2023-11,1,@chevron,15,0,0.0,0.0,0.0,0.0,0,0.0,0.0,0.0,0.0,0.0,0.0,0.0,0.533333,1
Chevron,2023-12,1,@chevron,6,0,0.0,0.0,0.0,0.0,0,0.0,0.0,0.0,0.0,0.0,0.0,0.0,0.666667,1
Chevron,2024-01,1,@chevron,11,0,0.0,0.0,0.0,0.0,0,0.0,0.0,0.0,0.0,0.0,0.0,0.0,0.727273,1
Chevron,2024-02,1,@chevron,18,0,0.0,0.0,0.0,0.0,0,0.0,0.0,0.0,0.0,0.0,0.0,0.0,0.277778,0
Chevron,2024-03,1,@chevron,16,0,0.0,0.0,0.0,0.0,0,0.0,0.0,0.0,0.0,0.0,0.0,0.0,0.5625,1
Chevron,2024-04,1,@chevron,22,0,0.0,0.0,0.0,0.0,0,0.0,0.0,0.0,0.0,0.0,0.0,0.0,0.409091,0
Chevron,2024-05,1,@chevron,19,0,0.0,0.0,0.0,0.0,0,0.0,0.0,0.0,0.0,0.0,0.0,0.0,0.421053,0
Chevron,2024-06,1,@chevron,13,0,0.0,0.0,0.0,0.0,0,0.0,0.0,0.0,0.0,0.0,0.0,0.0,0.692308,1
Chevron,2024-07,1,@chevron,8,0,0.0,0.0,0.0,0.0,0,0.0,0.0,0.0,0.0,0.0,0.0,0.0,0.625,1
Chevron,2024-08,1,@chevron,17,0,0.0,0.0,0.0,0.0,0,0.0,0.0,0.0,0.0,0.0,0.0,0.0,0.470588,0
Chevron,2024-09,1,@chevron,15,0,0.0,0.0,0.0,0.0,0,0.0,0.0,0.0,0.0,0.0,0.0,0.0,0.466667,0
Chevron,2024-10,1,@chevron,15,0,0.0,0.0,0.0,0.0,0,0.0,0.0,0.0,0.0,0.0,0.0,0.0,0.4,0
Chevron,2024-11,1,@chevron,14,0,0.0,0.0,0.0,0.0,0,0.0,0.0,0.0,0.0,0.0,0.0,0.0,0.357143,0
Chevron,2024-12,1,@chevron,10,0,0.0,0.0,0.0,0.0,0,0.0,0.0,0.0,0.0,0.0,0.0,0.0,0.8,1
Chevron,2025-01,1,@chevron,14,0,0.0,0.0,0.0,0.0,0,0.0,0.0,0.0,0.0,0.0,0.0,0.0,0.214286,0
Chevron,2025-02,1,@chevron,8,0,0.0,0.0,0.0,0.0,0,0.0,0.0,0.0,0.0,0.0,0.0,0.0,0.625,1
Chevron,2025-03,1,@chevron,11,0,0.0,0.0,0.0,0.0,0,0.0,0.0,0.0,0.0,0.0,0.0,0.0,0.363636,0
Chevron,2025-04,1,@chevron,10,0,0.0,0.0,0.0,0.0,0,0.0,0.0,0.0,0.0,0.0,0.0,0.0,0.3,0
Chevron,2025-05,1,@chevron,10,0,0.0,0.0,0.0,0.0,0,0.0,0.1,0.01,0.0,0.0,0.0,0.0,0.4,0
Chevron,2025-06,1,@chevron,6,0,0.0,0.0,0.0,0.0,0,0.0,0.0,0.0,0.0,0.0,0.0,0.0,0.666667,1
Chevron,2025-07,1,@chevron,14,0,0.0,0.0,0.0,0.0,0,0.0,0.0,0.0,0.0,0.0,0.0,0.0,0.714286,1
Chevron,2025-08,1,@chevron,11,0,0.0,0.0,0.0,0.0,0,0.0,0.0,0.0,0.0,0.0,0.0,0.0,0.272727,0
Chevron,2025-09,1,@chevron,8,0,0.0,0.0,0.0,0.0,0,0.0,0.0,0.0,0.0,0.0,0.0,0.0,0.25,0
Chevron,2025-10,1,@chevron,6,0,0.0,0.0,0.0,0.0,0,0.0,0.0,0.0,0.0,0.0,0.0,0.0,0.166667,0
Chevron,2025-11,1,@chevron,9,0,0.0,0.0,0.0,0.0,0,0.0,0.0,0.0,0.0,0.0,0.0,0.0,0.111111,0
Chevron,2025-12,1,@chevron,9,0,0.0,0.0,0.0,0.0,0,0.0,0.0,0.0,0.0,0.0,0.0,0.0,0.666667,1
Chevron,2026-01,1,@chevron,6,0,0.0,0.0,0.0,0.0,0,0.0,0.0,0.0,0.0,0.0,0.0,0.0,0.333333,0
Chevron,2026-02,1,@chevron,8,0,0.0,0.0,0.0,0.0,0,0.0,0.0,0.0,0.0,0.0,0.0,0.0,0.125,0
Chevron,2026-03,1,@chevron,10,0,0.0,0.0,0.0,0.0,0,0.0,0.0,0.0,0.0,0.0,0.0,0.0,0.4,0
Chevron,2026-04,1,@chevron,15,0,0.0,0.0,0.0,0.0,0,0.0,0.0,0.0,0.0,0.0,0.0,0.0,0.533333,1
Chevron,2026-05,1,@chevron,14,0,0.0,0.0,0.0,0.0,0,0.0,0.0,0.0,0.0,0.0,0.0,0.0,0.357143,0
Chevron,2026-06,1,@chevron,12,0,0.0,0.0,0.0,0.0,0,0.0,0.0,0.0,0.0,0.0,0.0,0.0,0.75,1
Cigna Group,2021-10,1,@Cigna,1,0,0.0,0.0,0.0,0.0,0,,0.0,0.0,0.0,0.0,0.0,0.0,1.0,1
Cigna Group,2021-11,1,@Cigna,65,0,0.0,0.0,0.0,0.0,0,0.0,0.0,0.0,0.0,0.0,0.0,0.0,0.6,1
Cigna Group,2021-12,1,@Cigna,33,0,0.0,0.0,0.0,0.0,0,0.0,0.0,0.0,0.0,0.0,0.0,0.0,0.545455,1
Cigna Group,2022-01,1,@Cigna,16,0,0.0,0.0,0.0,0.0,0,0.0,0.0,0.0,0.0,0.0,0.0,0.0,0.5625,1
Cigna Group,2022-02,1,@Cigna,33,0,0.0,0.0,0.0,0.0,0,0.0,0.0,0.0,0.0,0.0,0.0,0.0,0.515152,1
Cigna Group,2022-03,1,@Cigna,38,0,0.0,0.0,0.0,0.0,0,0.0,0.0,0.0,0.0,0.0,0.0,0.0,0.605263,1
Cigna Group,2022-04,1,@Cigna,24,0,0.0,0.0,0.0,0.0,0,0.0,0.0,0.0,0.0,0.0,0.0,0.0,0.458333,0
Cigna Group,2022-05,1,@Cigna,46,0,0.0,0.0,0.0,0.0,0,0.0,0.0,0.0,0.0,0.0,0.0,0.0,0.586957,1
Cigna Group,2022-06,1,@Cigna,22,0,0.0,0.0,0.0,0.0,0,0.0,0.0,0.0,0.0,0.0,0.0,0.0,0.5,1
Cigna Group,2022-07,1,@Cigna,22,0,0.0,0.0,0.0,0.0,0,0.0,0.0,0.0,0.0,0.0,0.0,0.0,0.5,1
Cigna Group,2022-08,1,@Cigna,31,0,0.0,0.0,0.0,0.0,0,0.0,0.0,0.0,0.0,0.0,0.0,0.0,0.483871,0
Cigna Group,2022-09,1,@Cigna,28,0,0.0,0.0,0.0,0.0,0,0.0,0.0,0.0,0.0,0.0,0.0,0.0,0.464286,0
Cigna Group,2022-10,1,@Cigna,31,0,0.0,0.0,0.0,0.0,0,0.0,0.0,0.0,0.0,0.0,0.0,0.0,0.451613,0
Cigna Group,2022-11,1,@Cigna,45,0,0.0,0.0,0.0,0.0,0,0.0,0.0,0.0,0.0,0.0,0.0,0.0,0.644444,1
Cigna Group,2022-12,1,@Cigna,14,0,0.0,0.0,0.0,0.0,0,0.0,0.0,0.0,0.0,0.0,0.0,0.0,0.642857,1
Cigna Group,2023-01,1,@Cigna,16,0,0.0,0.0,0.0,0.0,0,0.0,0.0,0.0,0.0,0.0,0.0,0.0,0.625,1
Cigna Group,2023-02,2,@Cigna; @TheCignaGroup,22,0,0.0,0.0,0.0,0.0,0,0.0,0.0,0.0,0.0,0.0,0.0,0.0,0.545455,1
Cigna Group,2023-03,2,@Cigna; @TheCignaGroup,27,0,0.0,0.0,0.0,0.0,0,0.0,0.0,0.0,0.0,0.0,0.0,0.0,0.592593,1
Cigna Group,2023-04,2,@Cigna; @TheCignaGroup,16,0,0.0,0.0,0.0,0.0,0,0.0,0.0,0.0,0.0,0.0,0.0,0.0,0.625,1
Cigna Group,2023-05,2,@Cigna; @TheCignaGroup,23,0,0.0,0.0,0.0,0.0,0,0.0,0.0,0.0,0.0,0.0,0.0,0.0,0.565217,1
Cigna Group,2023-06,1,@TheCignaGroup,6,0,0.0,0.0,0.0,0.0,0,0.0,0.0,0.0,0.0,0.0,0.0,0.0,0.333333,0
Cigna Group,2023-07,1,@TheCignaGroup,6,0,0.0,0.0,0.0,0.0,0,0.0,0.0,0.0,0.0,0.0,0.0,0.0,0.5,1
Cigna Group,2023-08,1,@TheCignaGroup,6,0,0.0,0.0,0.0,0.0,0,0.0,0.0,0.0,0.0,0.0,0.0,0.0,0.166667,0
Cigna Group,2023-09,1,@TheCignaGroup,3,0,0.0,0.0,0.0,0.0,0,0.0,0.0,0.0,0.0,0.0,0.0,0.0,0.666667,1
Cigna Group,2023-10,1,@TheCignaGroup,6,0,0.0,0.0,0.0,0.0,0,,0.0,0.0,0.0,0.0,0.0,0.0,1.0,1
Cigna Group,2023-11,1,@TheCignaGroup,5,0,0.0,0.0,0.0,0.0,0,0.0,0.0,0.0,0.0,0.0,0.0,0.0,0.8,1
Cigna Group,2023-12,1,@TheCignaGroup,1,0,0.0,0.0,0.0,0.0,0,,0.0,0.0,0.0,0.0,0.0,0.0,1.0,1
Cisco Systems,2024-10,1,@Cisco,65,0,0.0,0.0,0.0,0.0,0,0.0,0.0,0.0,0.0,0.0,0.0,0.0,0.292308,0
Cisco Systems,2024-11,1,@Cisco,43,0,0.0,0.0,0.0,0.0,0,0.0,0.0,0.0,0.0,0.0,0.0,0.0,0.488372,0
Cisco Systems,2024-12,1,@Cisco,34,0,0.0,0.0,0.0,0.0,0,0.0,0.0,0.0,0.0,0.0,0.0,0.0,0.352941,0
Cisco Systems,2025-01,1,@Cisco,32,0,0.0,0.0,0.0,0.0,0,0.0,0.0,0.0,0.0,0.0,0.0,0.0,0.40625,0
Cisco Systems,2025-02,1,@Cisco,35,0,0.0,0.0,0.0,0.0,0,0.0,0.0,0.0,0.0,0.0,0.0,0.0,0.4,0
Cisco Systems,2025-03,1,@Cisco,44,0,0.0,0.0,0.0,0.0,0,0.0,0.0,0.0,0.0,0.0,0.0,0.0,0.454545,0
Cisco Systems,2025-04,1,@Cisco,42,0,0.0,0.0,0.0,0.0,0,0.0,0.0,0.0,0.0,0.0,0.0,0.0,0.428571,0
Cisco Systems,2025-05,1,@Cisco,62,0,0.0,0.0,0.0,0.0,0,0.0,0.0,0.0,0.0,0.0,0.0,0.0,0.419355,0
Cisco Systems,2025-06,1,@Cisco,44,0,0.0,0.0,0.0,0.0,0,0.0,0.0,0.0,0.0,0.0,0.0,0.0,0.5,1
Cisco Systems,2025-07,1,@Cisco,37,0,0.0,0.0,0.0,0.0,0,0.0,0.0,0.0,0.0,0.0,0.0,0.0,0.405405,0
Cisco Systems,2025-08,1,@Cisco,45,0,0.0,0.0,0.0,0.0,0,0.0,0.0,0.0,0.0,0.0,0.0,0.0,0.2,0
Cisco Systems,2025-09,1,@Cisco,73,0,0.0,0.0,0.0,0.0,0,0.0,0.0,0.0,0.0,0.0,0.0,0.0,0.493151,0
Cisco Systems,2025-10,1,@Cisco,72,0,0.0,0.0,0.0,0.0,0,0.0,0.0,0.0,0.0,0.0,0.0,0.0,0.402778,0
Cisco Systems,2025-11,1,@Cisco,75,0,0.0,0.0,0.0,0.0,0,0.0,0.0,0.0,0.0,0.0,0.0,0.0,0.493333,0
Cisco Systems,2025-12,1,@Cisco,36,0,0.0,0.0,0.0,0.0,0,0.0,0.0,0.0,0.0,0.0,0.0,0.0,0.277778,0
Cisco Systems,2026-01,1,@Cisco,51,0,0.0,0.0,0.0,0.0,0,0.0,0.0,0.0,0.0,0.0,0.0,0.0,0.411765,0
Cisco Systems,2026-02,1,@Cisco,46,0,0.0,0.0,0.0,0.0,0,0.0,0.0,0.0,0.0,0.0,0.0,0.0,0.456522,0
Cisco Systems,2026-03,1,@Cisco,39,0,0.0,0.0,0.0,0.0,0,0.0,0.0,0.0,0.0,0.0,0.0,0.0,0.282051,0
Cisco Systems,2026-04,1,@Cisco,46,0,0.0,0.0,0.0,0.0,0,0.0,0.0,0.0,0.0,0.0,0.0,0.0,0.326087,0
Cisco Systems,2026-05,1,@Cisco,49,0,0.0,0.0,0.0,0.0,0,0.0,0.0,0.0,0.0,0.0,0.0,0.0,0.367347,0
Cisco Systems,2026-06,1,@Cisco,37,0,0.0,0.0,0.0,0.0,0,0.0,0.0,0.0,0.0,0.0,0.0,0.0,0.459459,0
Citigroup,2024-04,1,@Citi,20,0,0.0,0.0,0.0,0.0,0,0.0,0.0,0.0,0.0,0.0,0.0,0.0,0.2,0
Citigroup,2024-05,1,@Citi,25,0,0.0,0.0,0.0,0.0,0,0.0,0.0,0.0,0.0,0.0,0.0,0.0,0.32,0
Citigroup,2024-06,1,@Citi,24,0,0.0,0.0,0.0,0.0,0,0.0,0.0,0.0,0.0,0.0,0.0,0.0,0.541667,1
Citigroup,2024-07,1,@Citi,28,0,0.0,0.0,0.0,0.0,0,0.0,0.0,0.0,0.0,0.0,0.0,0.0,0.214286,0
Citigroup,2024-08,1,@Citi,8,0,0.0,0.0,0.0,0.0,0,0.0,0.0,0.0,0.0,0.0,0.0,0.0,0.25,0
Citigroup,2024-09,1,@Citi,11,0,0.0,0.0,0.0,0.0,0,0.0,0.0,0.0,0.0,0.0,0.0,0.0,0.363636,0
Citigroup,2024-10,1,@Citi,32,0,0.0,0.0,0.0,0.0,0,0.0,0.0,0.0,0.0,0.0,0.0,0.0,0.375,0
Citigroup,2024-11,1,@Citi,11,0,0.0,0.0,0.0,0.0,0,0.0,0.0,0.0,0.0,0.0,0.0,0.0,0.454545,0
Citigroup,2024-12,1,@Citi,7,0,0.0,0.0,0.0,0.0,0,0.0,0.0,0.0,0.0,0.0,0.0,0.0,0.285714,0
Citigroup,2025-01,1,@Citi,21,0,0.0,0.0,0.0,0.0,0,0.0,0.0,0.0,0.0,0.0,0.0,0.0,0.285714,0
Citigroup,2025-02,1,@Citi,1,0,0.0,0.0,0.0,0.0,0,0.0,0.0,0.0,0.0,0.0,0.0,0.0,0.0,0
Citigroup,2025-03,1,@Citi,8,0,0.0,0.0,0.0,0.0,0,0.0,0.0,0.0,0.0,0.0,0.0,0.0,0.125,0
Citigroup,2025-04,1,@Citi,25,0,0.0,0.0,0.0,0.0,0,0.0,0.0,0.0,0.0,0.0,0.0,0.0,0.2,0
Citigroup,2025-05,1,@Citi,7,0,0.0,0.0,0.0,0.0,0,0.0,0.0,0.0,0.0,0.0,0.0,0.0,0.285714,0
Citigroup,2025-06,1,@Citi,5,0,0.0,0.0,0.0,0.0,0,0.0,0.0,0.0,0.0,0.0,0.0,0.0,0.0,0
Citigroup,2025-07,1,@Citi,24,0,0.0,0.0,0.0,0.0,0,0.0,0.0,0.0,0.0,0.0,0.0,0.0,0.291667,0
Citigroup,2025-08,1,@Citi,13,0,0.0,0.0,0.0,0.0,0,0.0,0.0,0.0,0.0,0.0,0.0,0.0,0.384615,0
Citigroup,2025-09,1,@Citi,22,0,0.0,0.0,0.0,0.0,0,0.0,0.0,0.0,0.0,0.0,0.0,0.0,0.545455,1
Citigroup,2025-10,1,@Citi,19,0,0.0,0.0,0.0,0.0,0,0.0,0.0,0.0,0.0,0.0,0.0,0.0,0.263158,0
Citigroup,2025-11,1,@Citi,4,0,0.0,0.0,0.0,0.0,0,0.0,0.0,0.0,0.0,0.0,0.0,0.0,0.25,0
Citigroup,2025-12,1,@Citi,6,0,0.0,0.0,0.0,0.0,0,0.0,0.0,0.0,0.0,0.0,0.0,0.0,0.5,1
Citigroup,2026-01,1,@Citi,12,0,0.0,0.0,0.0,0.0,0,0.0,0.0,0.0,0.0,0.0,0.0,0.0,0.166667,0
Citigroup,2026-02,1,@Citi,2,0,0.0,0.0,0.0,0.0,0,0.0,0.0,0.0,0.0,0.0,0.0,0.0,0.5,1
Citigroup,2026-03,1,@Citi,9,0,0.0,0.0,0.0,0.0,0,0.0,0.0,0.0,0.0,0.0,0.0,0.0,0.555556,1
Citigroup,2026-04,1,@Citi,25,0,0.0,0.0,0.0,0.0,0,0.0,0.0,0.0,0.0,0.0,0.0,0.0,0.52,1
Citigroup,2026-05,1,@Citi,24,0,0.0,0.0,0.0,0.0,0,0.0,0.0,0.0,0.0,0.0,0.0,0.0,0.291667,0
Citigroup,2026-06,1,@Citi,7,0,0.0,0.0,0.0,0.0,0,0.0,0.0,0.0,0.0,0.0,0.0,0.0,0.714286,1
Coca-Cola,2017-05,1,@cocacola,82,0,0.0,0.0,0.0,0.0,0,0.0,0.0,0.0,0.0,0.0,0.0,0.0,0.426829,0
Coca-Cola,2017-06,1,@cocacola,9,0,0.0,0.0,0.0,0.0,0,0.0,0.0,0.0,0.0,0.0,0.0,0.0,0.444444,0
Coca-Cola,2017-07,1,@cocacola,15,0,0.0,0.0,0.0,0.0,0,0.0,0.0,0.0,0.0,0.0,0.0,0.0,0.8,1
Coca-Cola,2017-08,1,@cocacola,4,0,0.0,0.0,0.0,0.0,0,0.0,0.0,0.0,0.0,0.0,0.0,0.0,0.5,1
Coca-Cola,2017-09,1,@cocacola,9,0,0.0,0.0,0.0,0.0,0,0.0,0.0,0.0,0.0,0.0,0.0,0.0,0.555556,1
Coca-Cola,2017-10,1,@cocacola,3,0,0.0,0.0,0.0,0.0,0,0.0,0.0,0.0,0.0,0.0,0.0,0.0,0.333333,0
Coca-Cola,2017-11,1,@cocacola,8,0,0.0,0.0,0.0,0.0,0,0.0,0.0,0.0,0.0,0.0,0.0,0.0,0.625,1
Coca-Cola,2017-12,1,@cocacola,9,0,0.0,0.0,0.0,0.0,0,0.0,0.0,0.0,0.0,0.0,0.0,0.0,0.555556,1
Coca-Cola,2018-01,1,@cocacola,3,0,0.0,0.0,0.0,0.0,0,,0.0,0.0,0.0,0.0,0.0,0.0,1.0,1
Coca-Cola,2018-02,1,@cocacola,10,0,0.0,0.0,0.0,0.0,0,0.0,0.0,0.0,0.0,0.0,0.0,0.0,0.4,0
Coca-Cola,2018-03,1,@cocacola,12,0,0.0,0.0,0.0,0.0,0,0.0,0.0,0.0,0.0,0.0,0.0,0.0,0.666667,1
Coca-Cola,2018-04,1,@cocacola,8,0,0.0,0.0,0.0,0.0,0,0.0,0.0,0.0,0.0,0.0,0.0,0.0,0.5,1
Coca-Cola,2018-05,1,@cocacola,9,0,0.0,0.0,0.0,0.0,0,0.0,0.0,0.0,0.0,0.0,0.0,0.0,0.666667,1
Coca-Cola,2018-06,1,@cocacola,17,0,0.0,0.0,0.0,0.0,0,0.0,0.0,0.0,0.0,0.0,0.0,0.0,0.411765,0
Coca-Cola,2018-07,1,@cocacola,36,0,0.0,0.0,0.0,0.0,0,0.0,0.0,0.0,0.0,0.0,0.0,0.0,0.722222,1
Coca-Cola,2018-08,1,@cocacola,3,0,0.0,0.0,0.0,0.0,0,0.0,0.0,0.0,0.0,0.0,0.0,0.0,0.666667,1
Coca-Cola,2018-09,1,@cocacola,6,0,0.0,0.0,0.0,0.0,0,0.0,0.0,0.0,0.0,0.0,0.0,0.0,0.833333,1
Coca-Cola,2018-10,1,@cocacola,5,0,0.0,0.0,0.0,0.0,0,0.0,0.0,0.0,0.0,0.0,0.0,0.0,0.8,1
Coca-Cola,2018-11,1,@cocacola,30,0,0.0,0.0,0.0,0.0,0,0.0,0.0,0.0,0.0,0.0,0.0,0.0,0.266667,0
Coca-Cola,2018-12,1,@cocacola,7,0,0.0,0.0,0.0,0.0,0,0.0,0.0,0.0,0.0,0.0,0.0,0.0,0.428571,0
Coca-Cola,2019-01,1,@cocacola,5,0,0.0,0.0,0.0,0.0,0,0.0,0.0,0.0,0.0,0.0,0.0,0.0,0.2,0
Coca-Cola,2019-02,1,@cocacola,6,0,0.0,0.0,0.0,0.0,0,0.0,0.0,0.0,0.0,0.0,0.0,0.0,0.166667,0
Coca-Cola,2019-03,1,@cocacola,6,0,0.0,0.0,0.0,0.0,0,0.0,0.0,0.0,0.0,0.0,0.0,0.0,0.5,1
Coca-Cola,2019-04,1,@cocacola,9,0,0.0,0.0,0.0,0.0,0,0.0,0.0,0.0,0.0,0.0,0.0,0.0,0.777778,1
Coca-Cola,2019-05,1,@cocacola,14,0,0.0,0.0,0.0,0.0,0,0.0,0.0,0.0,0.0,0.0,0.0,0.0,0.785714,1
Coca-Cola,2019-06,1,@cocacola,8,0,0.0,0.0,0.0,0.0,0,0.0,0.0,0.0,0.0,0.0,0.0,0.0,0.5,1
Coca-Cola,2019-07,1,@cocacola,11,0,0.0,0.0,0.0,0.0,0,0.0,0.0,0.0,0.0,0.0,0.0,0.0,0.545455,1
Coca-Cola,2019-08,1,@cocacola,6,0,0.0,0.0,0.0,0.0,0,0.0,0.0,0.0,0.0,0.0,0.0,0.0,0.5,1
Coca-Cola,2019-09,1,@cocacola,1,0,0.0,0.0,0.0,0.0,0,,0.0,0.0,0.0,0.0,0.0,0.0,1.0,1
Coca-Cola,2019-10,1,@cocacola,2,0,0.0,0.0,0.0,0.0,0,0.0,0.0,0.0,0.0,0.0,0.0,0.0,0.5,1
Coca-Cola,2019-11,1,@cocacola,26,0,0.0,0.0,0.0,0.0,0,0.0,0.0,0.0,0.0,0.0,0.0,0.0,0.423077,0
Coca-Cola,2019-12,1,@cocacola,22,0,0.0,0.0,0.0,0.0,0,0.0,0.0,0.0,0.0,0.0,0.0,0.0,0.545455,1
Coca-Cola,2020-01,1,@cocacola,14,0,0.0,0.0,0.0,0.0,0,0.0,0.0,0.0,0.0,0.0,0.0,0.0,0.214286,0
Coca-Cola,2020-02,1,@cocacola,27,0,0.0,0.0,0.0,0.0,0,0.0,0.0,0.0,0.0,0.0,0.0,0.0,0.703704,1
Coca-Cola,2020-03,1,@cocacola,10,0,0.0,0.0,0.0,0.0,0,0.0,0.0,0.0,0.0,0.0,0.0,0.0,0.5,1
Coca-Cola,2020-04,1,@cocacola,44,0,0.0,0.0,0.0,0.0,0,0.0,0.0,0.0,0.0,0.0,0.0,0.0,0.659091,1
Coca-Cola,2020-05,1,@cocacola,9,0,0.0,0.0,0.0,0.0,0,0.0,0.0,0.0,0.0,0.0,0.0,0.0,0.555556,1
Coca-Cola,2020-06,1,@cocacola,17,0,0.0,0.0,0.0,0.0,0,0.0,0.0,0.0,0.0,0.0,0.0,0.0,0.705882,1
Coca-Cola,2020-10,1,@cocacola,15,0,0.0,0.0,0.0,0.0,0,0.0,0.0,0.0,0.0,0.0,0.0,0.0,0.4,0
Coca-Cola,2020-11,1,@cocacola,5,0,0.0,0.0,0.0,0.0,0,0.0,0.0,0.0,0.0,0.0,0.0,0.0,0.6,1
Coca-Cola,2020-12,1,@cocacola,21,0,0.0,0.0,0.0,0.0,0,0.0,0.0,0.0,0.0,0.0,0.0,0.0,0.52381,1
Coca-Cola,2021-01,1,@cocacola,6,0,0.0,0.0,0.0,0.0,0,0.0,0.0,0.0,0.0,0.0,0.0,0.0,0.833333,1
Coca-Cola,2021-02,1,@cocacola,10,0,0.0,0.0,0.0,0.0,0,0.0,0.0,0.0,0.0,0.0,0.0,0.0,0.5,1
Coca-Cola,2021-03,1,@cocacola,5,0,0.0,0.0,0.0,0.0,0,0.0,0.0,0.0,0.0,0.0,0.0,0.0,0.8,1
Coca-Cola,2021-04,1,@cocacola,2,0,0.0,0.0,0.0,0.0,0,0.0,0.0,0.0,0.0,0.0,0.0,0.0,0.5,1
Coca-Cola,2021-05,1,@cocacola,7,0,0.0,0.0,0.0,0.0,0,0.0,0.0,0.0,0.0,0.0,0.0,0.0,0.857143,1
Coca-Cola,2021-06,1,@cocacola,15,0,0.0,0.0,0.0,0.0,0,0.0,0.0,0.0,0.0,0.0,0.0,0.0,0.466667,0
Coca-Cola,2021-07,1,@cocacola,26,0,0.0,0.0,0.0,0.0,0,0.0,0.0,0.0,0.0,0.0,0.0,0.0,0.576923,1
Coca-Cola,2021-08,1,@cocacola,19,0,0.0,0.0,0.0,0.0,0,0.0,0.0,0.0,0.0,0.0,0.0,0.0,0.526316,1
Coca-Cola,2021-09,1,@cocacola,1,0,0.0,0.0,0.0,0.0,0,0.0,0.0,0.0,0.0,0.0,0.0,0.0,0.0,0
Coca-Cola,2021-10,1,@cocacola,20,0,0.0,0.0,0.0,0.0,0,0.0,0.0,0.0,0.0,0.0,0.0,0.0,0.1,0
Coca-Cola,2021-11,1,@cocacola,19,0,0.0,0.0,0.0,0.0,0,0.0,0.0,0.0,0.0,0.0,0.0,0.0,0.105263,0
Coca-Cola,2021-12,1,@cocacola,11,0,0.0,0.0,0.0,0.0,0,0.0,0.0,0.0,0.0,0.0,0.0,0.0,0.454545,0
Coca-Cola,2022-01,1,@cocacola,3,0,0.0,0.0,0.0,0.0,0,,0.0,0.0,0.0,0.0,0.0,0.0,1.0,1
Coca-Cola,2022-02,1,@cocacola,11,0,0.0,0.0,0.0,0.0,0,0.0,0.0,0.0,0.0,0.0,0.0,0.0,0.0,0
Coca-Cola,2022-03,1,@cocacola,20,0,0.0,0.0,0.0,0.0,0,0.0,0.0,0.0,0.0,0.0,0.0,0.0,0.7,1
Coca-Cola,2022-04,1,@cocacola,36,0,0.0,0.0,0.0,0.0,0,0.0,0.0,0.0,0.0,0.0,0.0,0.0,0.666667,1
Coca-Cola,2022-05,1,@cocacola,20,0,0.0,0.0,0.0,0.0,0,0.0,0.0,0.0,0.0,0.0,0.0,0.0,0.7,1
Coca-Cola,2022-06,1,@cocacola,38,0,0.0,0.0,0.0,0.0,0,0.0,0.0,0.0,0.0,0.0,0.0,0.0,0.315789,0
Coca-Cola,2022-07,1,@cocacola,32,0,0.0,0.0,0.0,0.0,0,0.0,0.0,0.0,0.0,0.0,0.0,0.0,0.6875,1
Coca-Cola,2022-08,1,@cocacola,34,0,0.0,0.0,0.0,0.0,0,0.0,0.0,0.0,0.0,0.0,0.0,0.0,0.588235,1
Coca-Cola,2022-09,1,@cocacola,18,0,0.0,0.0,0.0,0.0,0,0.0,0.0,0.0,0.0,0.0,0.0,0.0,0.777778,1
Coca-Cola,2022-10,1,@cocacola,12,0,0.0,0.0,0.0,0.0,0,0.0,0.0,0.0,0.0,0.0,0.0,0.0,0.833333,1
Coca-Cola,2022-11,1,@cocacola,10,0,0.0,0.0,0.0,0.0,0,0.0,0.0,0.0,0.0,0.0,0.0,0.0,0.4,0
Coca-Cola,2023-02,1,@cocacola,6,0,0.0,0.0,0.0,0.0,0,0.0,0.0,0.0,0.0,0.0,0.0,0.0,0.666667,1
Coca-Cola,2023-03,1,@cocacola,16,0,0.0,0.0,0.0,0.0,0,0.0,0.0,0.0,0.0,0.0,0.0,0.0,0.5,1
Coca-Cola,2023-04,1,@cocacola,16,0,0.0,0.0,0.0,0.0,0,0.0,0.0,0.0,0.0,0.0,0.0,0.0,0.125,0
Coca-Cola,2023-05,1,@cocacola,12,0,0.0,0.0,0.0,0.0,0,,0.0,0.0,0.0,0.0,0.0,0.0,1.0,1
Coca-Cola,2023-06,1,@cocacola,16,0,0.0,0.0,0.0,0.0,0,0.0,0.0,0.0,0.0,0.0,0.0,0.0,0.5,1
Coca-Cola,2023-07,1,@cocacola,8,0,0.0,0.0,0.0,0.0,0,0.0,0.0,0.0,0.0,0.0,0.0,0.0,0.75,1
Coca-Cola,2023-08,1,@cocacola,8,0,0.0,0.0,0.0,0.0,0,0.0,0.0,0.0,0.0,0.0,0.0,0.0,0.5,1
Coca-Cola,2023-09,1,@cocacola,4,0,0.0,0.0,0.0,0.0,0,0.0,0.0,0.0,0.0,0.0,0.0,0.0,0.5,1
Comcast,2024-01,1,@comcast,7,0,0.0,0.0,0.0,0.0,0,0.0,0.0,0.0,0.0,0.0,0.0,0.0,0.428571,0
Comcast,2024-02,1,@comcast,43,0,0.0,0.0,0.0,0.0,0,0.0,0.0,0.0,0.0,0.0,0.0,0.0,0.744186,1
Comcast,2024-03,1,@comcast,41,0,0.0,0.0,0.0,0.0,0,0.0,0.0,0.0,0.0,0.0,0.0,0.0,0.414634,0
Comcast,2024-04,1,@comcast,43,0,0.0,0.0,0.0,0.0,0,0.0,0.0,0.0,0.0,0.0,0.0,0.0,0.325581,0
Comcast,2024-05,1,@comcast,40,0,0.0,0.0,0.0,0.0,0,0.0,0.0,0.0,0.0,0.0,0.0,0.0,0.7,1
Comcast,2024-06,1,@comcast,38,0,0.0,0.0,0.0,0.0,0,0.0,0.0,0.0,0.0,0.0,0.0,0.0,0.421053,0
Comcast,2024-07,1,@comcast,52,0,0.0,0.0,0.0,0.0,0,0.0,0.0,0.0,0.0,0.0,0.0,0.0,0.519231,1
Comcast,2024-08,1,@comcast,33,0,0.0,0.0,0.0,0.0,0,0.0,0.0,0.0,0.0,0.0,0.0,0.0,0.606061,1
Comcast,2024-09,1,@comcast,40,0,0.0,0.0,0.0,0.0,0,0.0,0.0,0.0,0.0,0.0,0.0,0.0,0.525,1
Comcast,2024-10,1,@comcast,34,0,0.0,0.0,0.0,0.0,0,0.0,0.0,0.0,0.0,0.0,0.0,0.0,0.5,1
Comcast,2024-11,1,@comcast,34,0,0.0,0.0,0.0,0.0,0,0.0,0.0,0.0,0.0,0.0,0.0,0.0,0.529412,1
Comcast,2024-12,1,@comcast,22,0,0.0,0.0,0.0,0.0,0,0.0,0.0,0.0,0.0,0.0,0.0,0.0,0.5,1
Comcast,2025-01,1,@comcast,39,0,0.0,0.0,0.0,0.0,0,0.0,0.0,0.0,0.0,0.0,0.0,0.0,0.461538,0
Comcast,2025-02,1,@comcast,58,0,0.0,0.0,0.0,0.0,0,0.0,0.0,0.0,0.0,0.0,0.0,0.0,0.482759,0
Comcast,2025-03,1,@comcast,38,0,0.0,0.0,0.0,0.0,0,0.0,0.0,0.0,0.0,0.0,0.0,0.0,0.473684,0
Comcast,2025-04,1,@comcast,32,0,0.0,0.0,0.0,0.0,0,0.0,0.0,0.0,0.0,0.0,0.0,0.0,0.4375,0
Comcast,2025-05,1,@comcast,42,0,0.0,0.0,0.0,0.0,0,0.0,0.0,0.0,0.0,0.0,0.0,0.0,0.690476,1
Comcast,2025-06,1,@comcast,40,0,0.0,0.0,0.0,0.0,0,0.0,0.0,0.0,0.0,0.0,0.0,0.0,0.6,1
Comcast,2025-07,1,@comcast,29,0,0.0,0.0,0.0,0.0,0,0.0,0.0,0.0,0.0,0.0,0.0,0.0,0.482759,0
Comcast,2025-08,1,@comcast,30,0,0.0,0.0,0.0,0.0,0,0.0,0.0,0.0,0.0,0.0,0.0,0.0,0.733333,1
Comcast,2025-09,1,@comcast,33,0,0.0,0.0,0.0,0.0,0,0.0,0.0,0.0,0.0,0.0,0.0,0.0,0.484848,0
Comcast,2025-10,1,@comcast,59,0,0.0,0.0,0.0,0.0,0,0.0,0.0,0.0,0.0,0.0,0.0,0.0,0.457627,0
Comcast,2025-11,1,@comcast,48,0,0.0,0.0,0.0,0.0,0,0.0,0.0,0.0,0.0,0.0,0.0,0.0,0.770833,1
Comcast,2025-12,1,@comcast,22,0,0.0,0.0,0.0,0.0,0,0.0,0.0,0.0,0.0,0.0,0.0,0.0,0.5,1
Comcast,2026-01,1,@comcast,31,0,0.0,0.0,0.0,0.0,0,0.0,0.0,0.0,0.0,0.0,0.0,0.0,0.612903,1
Comcast,2026-02,1,@comcast,43,0,0.0,0.0,0.0,0.0,0,0.0,0.0,0.0,0.0,0.0,0.0,0.0,0.534884,1
Comcast,2026-03,1,@comcast,50,0,0.0,0.0,0.0,0.0,0,0.0,0.0,0.0,0.0,0.0,0.0,0.0,0.64,1
Comcast,2026-04,1,@comcast,28,0,0.0,0.0,0.0,0.0,0,0.0,0.0,0.0,0.0,0.0,0.0,0.0,0.571429,1
Comcast,2026-05,1,@comcast,30,0,0.0,0.0,0.0,0.0,0,0.0,0.0,0.0,0.0,0.0,0.0,0.0,0.466667,0
Comcast,2026-06,1,@comcast,17,0,0.0,0.0,0.0,0.0,0,0.0,0.0,0.0,0.0,0.0,0.0,0.0,0.705882,1
ConocoPhillips,2021-02,1,@conocophillips,6,0,0.0,0.0,0.0,0.0,0,,0.0,0.0,0.0,0.0,0.0,0.0,1.0,1
ConocoPhillips,2021-03,1,@conocophillips,18,0,0.0,0.0,0.0,0.0,0,0.0,0.0,0.0,0.0,0.0,0.0,0.0,0.5,1
ConocoPhillips,2021-04,1,@conocophillips,24,0,0.0,0.0,0.0,0.0,0,0.0,0.0,0.0,0.0,0.0,0.0,0.0,0.333333,0
ConocoPhillips,2021-05,1,@conocophillips,29,0,0.0,0.0,0.0,0.0,0,0.0,0.0,0.0,0.0,0.0,0.0,0.0,0.517241,1
ConocoPhillips,2021-06,1,@conocophillips,18,0,0.0,0.0,0.0,0.0,0,0.0,0.0,0.0,0.0,0.0,0.0,0.0,0.444444,0
ConocoPhillips,2021-07,1,@conocophillips,13,0,0.0,0.0,0.0,0.0,0,0.0,0.0,0.0,0.0,0.0,0.0,0.0,0.538462,1
ConocoPhillips,2021-08,1,@conocophillips,10,0,0.0,0.0,0.0,0.0,0,0.0,0.0,0.0,0.0,0.0,0.0,0.0,0.6,1
ConocoPhillips,2021-09,1,@conocophillips,15,0,0.0,0.0,0.0,0.0,0,0.0,0.0,0.0,0.0,0.0,0.0,0.0,0.466667,0
ConocoPhillips,2021-10,1,@conocophillips,17,0,0.0,0.0,0.0,0.0,0,0.0,0.0,0.0,0.0,0.0,0.0,0.0,0.470588,0
ConocoPhillips,2021-11,1,@conocophillips,23,0,0.0,0.0,0.0,0.0,0,0.0,0.0,0.0,0.0,0.0,0.0,0.0,0.608696,1
ConocoPhillips,2021-12,1,@conocophillips,20,0,0.0,0.0,0.0,0.0,0,0.0,0.0,0.0,0.0,0.0,0.0,0.0,0.55,1
ConocoPhillips,2022-01,1,@conocophillips,12,0,0.0,0.0,0.0,0.0,0,0.0,0.0,0.0,0.0,0.0,0.0,0.0,0.666667,1
ConocoPhillips,2022-02,1,@conocophillips,15,0,0.0,0.0,0.0,0.0,0,0.0,0.0,0.0,0.0,0.0,0.0,0.0,0.4,0
ConocoPhillips,2022-03,1,@conocophillips,8,0,0.0,0.0,0.0,0.0,0,0.0,0.0,0.0,0.0,0.0,0.0,0.0,0.625,1
ConocoPhillips,2022-04,1,@conocophillips,17,0,0.0,0.0,0.0,0.0,0,0.0,0.0,0.0,0.0,0.0,0.0,0.0,0.588235,1
ConocoPhillips,2022-05,1,@conocophillips,9,0,0.0,0.0,0.0,0.0,0,0.0,0.0,0.0,0.0,0.0,0.0,0.0,0.666667,1
ConocoPhillips,2022-06,1,@conocophillips,14,0,0.0,0.0,0.0,0.0,0,0.0,0.0,0.0,0.0,0.0,0.0,0.0,0.714286,1
ConocoPhillips,2022-07,1,@conocophillips,11,0,0.0,0.0,0.0,0.0,0,0.0,0.0,0.0,0.0,0.0,0.0,0.0,0.272727,0
ConocoPhillips,2022-08,1,@conocophillips,10,0,0.0,0.0,0.0,0.0,0,0.0,0.0,0.0,0.0,0.0,0.0,0.0,0.3,0
ConocoPhillips,2022-09,1,@conocophillips,15,0,0.0,0.0,0.0,0.0,0,0.0,0.0,0.0,0.0,0.0,0.0,0.0,0.4,0
ConocoPhillips,2022-10,1,@conocophillips,16,0,0.0,0.0,0.0,0.0,0,0.0,0.0,0.0,0.0,0.0,0.0,0.0,0.4375,0
ConocoPhillips,2022-11,1,@conocophillips,15,0,0.0,0.0,0.0,0.0,0,0.0,0.0,0.0,0.0,0.0,0.0,0.0,0.466667,0
ConocoPhillips,2022-12,1,@conocophillips,11,0,0.0,0.0,0.0,0.0,0,0.0,0.0,0.0,0.0,0.0,0.0,0.0,0.545455,1
ConocoPhillips,2023-01,1,@conocophillips,14,0,0.0,0.0,0.0,0.0,0,0.0,0.0,0.0,0.0,0.0,0.0,0.0,0.571429,1
ConocoPhillips,2023-02,1,@conocophillips,12,0,0.0,0.0,0.0,0.0,0,0.0,0.0,0.0,0.0,0.0,0.0,0.0,0.75,1
ConocoPhillips,2023-03,1,@conocophillips,6,0,0.0,0.0,0.0,0.0,0,0.0,0.0,0.0,0.0,0.0,0.0,0.0,0.333333,0
ConocoPhillips,2023-04,1,@conocophillips,7,0,0.0,0.0,0.0,0.0,0,0.0,0.0,0.0,0.0,0.0,0.0,0.0,0.285714,0
ConocoPhillips,2023-05,1,@conocophillips,22,0,0.0,0.0,0.0,0.0,0,0.0,0.0,0.0,0.0,0.0,0.0,0.0,0.454545,0
ConocoPhillips,2023-06,1,@conocophillips,20,0,0.0,0.0,0.0,0.0,0,0.0,0.0,0.0,0.0,0.0,0.0,0.0,0.65,1
ConocoPhillips,2023-07,1,@conocophillips,11,0,0.0,0.0,0.0,0.0,0,0.0,0.0,0.0,0.0,0.0,0.0,0.0,0.727273,1
ConocoPhillips,2023-08,1,@conocophillips,15,0,0.0,0.0,0.0,0.0,0,0.0,0.0,0.0,0.0,0.0,0.0,0.0,0.466667,0
ConocoPhillips,2023-09,1,@conocophillips,13,0,0.0,0.0,0.0,0.0,0,0.0,0.0,0.0,0.0,0.0,0.0,0.0,0.461538,0
ConocoPhillips,2023-10,1,@conocophillips,10,0,0.0,0.0,0.0,0.0,0,0.0,0.0,0.0,0.0,0.0,0.0,0.0,0.6,1
ConocoPhillips,2023-11,1,@conocophillips,16,0,0.0,0.0,0.0,0.0,0,0.0,0.0,0.0,0.0,0.0,0.0,0.0,0.8125,1
ConocoPhillips,2023-12,1,@conocophillips,11,0,0.0,0.0,0.0,0.0,0,0.0,0.0,0.0,0.0,0.0,0.0,0.0,0.636364,1
ConocoPhillips,2024-01,1,@conocophillips,14,0,0.0,0.0,0.0,0.0,0,0.0,0.0,0.0,0.0,0.0,0.0,0.0,0.357143,0
ConocoPhillips,2024-02,1,@conocophillips,18,0,0.0,0.0,0.0,0.0,0,0.0,0.0,0.0,0.0,0.0,0.0,0.0,0.555556,1
ConocoPhillips,2024-03,1,@conocophillips,14,1,0.071429,0.071429,0.005102102,0.693147,1,0.1,0.071429,0.005102102,0.015306235,0.001093309,0.071429,0.005102102,0.285714,0
ConocoPhillips,2024-04,1,@conocophillips,20,0,0.0,0.0,0.0,0.0,0,0.0,0.0,0.0,0.0,0.0,0.0,0.0,0.6,1
ConocoPhillips,2024-05,1,@conocophillips,23,0,0.0,0.0,0.0,0.0,0,0.0,0.0,0.0,0.0,0.0,0.0,0.0,0.304348,0
ConocoPhillips,2024-06,1,@conocophillips,21,0,0.0,0.0,0.0,0.0,0,0.0,0.0,0.0,0.0,0.0,0.0,0.0,0.47619,0
ConocoPhillips,2024-07,1,@conocophillips,14,0,0.0,0.0,0.0,0.0,0,0.0,0.0,0.0,0.0,0.0,0.0,0.0,0.5,1
ConocoPhillips,2024-08,1,@conocophillips,25,0,0.0,0.0,0.0,0.0,0,0.0,0.0,0.0,0.0,0.0,0.0,0.0,0.32,0
ConocoPhillips,2024-09,1,@conocophillips,15,0,0.0,0.0,0.0,0.0,0,0.0,0.0,0.0,0.0,0.0,0.0,0.0,0.533333,1
ConocoPhillips,2024-10,1,@conocophillips,22,0,0.0,0.0,0.0,0.0,0,0.0,0.0,0.0,0.0,0.0,0.0,0.0,0.454545,0
ConocoPhillips,2024-11,1,@conocophillips,16,0,0.0,0.0,0.0,0.0,0,0.0,0.0,0.0,0.0,0.0,0.0,0.0,0.4375,0
ConocoPhillips,2024-12,1,@conocophillips,19,0,0.0,0.0,0.0,0.0,0,0.0,0.0,0.0,0.0,0.0,0.0,0.0,0.421053,0
ConocoPhillips,2025-01,1,@conocophillips,16,0,0.0,0.0,0.0,0.0,0,0.0,0.0,0.0,0.0,0.0,0.0,0.0,0.3125,0
ConocoPhillips,2025-02,1,@conocophillips,18,0,0.0,0.0,0.0,0.0,0,0.0,0.0,0.0,0.0,0.0,0.0,0.0,0.5,1
ConocoPhillips,2025-03,1,@conocophillips,17,0,0.0,0.0,0.0,0.0,0,0.0,0.0,0.0,0.0,0.0,0.0,0.0,0.294118,0
ConocoPhillips,2025-04,1,@conocophillips,11,0,0.0,0.0,0.0,0.0,0,0.0,0.0,0.0,0.0,0.0,0.0,0.0,0.636364,1
ConocoPhillips,2025-05,1,@conocophillips,13,0,0.0,0.0,0.0,0.0,0,0.0,0.0,0.0,0.0,0.0,0.0,0.0,0.461538,0
ConocoPhillips,2025-06,1,@conocophillips,10,0,0.0,0.0,0.0,0.0,0,0.0,0.0,0.0,0.0,0.0,0.0,0.0,0.6,1
ConocoPhillips,2025-07,1,@conocophillips,17,0,0.0,0.0,0.0,0.0,0,0.0,0.0,0.0,0.0,0.0,0.0,0.0,0.764706,1
ConocoPhillips,2025-08,1,@conocophillips,15,0,0.0,0.0,0.0,0.0,0,0.0,0.0,0.0,0.0,0.0,0.0,0.0,0.2,0
ConocoPhillips,2025-09,1,@conocophillips,12,0,0.0,0.0,0.0,0.0,0,0.0,0.0,0.0,0.0,0.0,0.0,0.0,0.25,0
ConocoPhillips,2025-10,1,@conocophillips,9,0,0.0,0.0,0.0,0.0,0,0.0,0.0,0.0,0.0,0.0,0.0,0.0,0.333333,0
ConocoPhillips,2025-11,1,@conocophillips,7,0,0.0,0.0,0.0,0.0,0,0.0,0.0,0.0,0.0,0.0,0.0,0.0,0.142857,0
ConocoPhillips,2025-12,1,@conocophillips,13,0,0.0,0.0,0.0,0.0,0,0.0,0.0,0.0,0.0,0.0,0.0,0.0,0.538462,1
ConocoPhillips,2026-01,1,@conocophillips,9,0,0.0,0.0,0.0,0.0,0,0.0,0.0,0.0,0.0,0.0,0.0,0.0,0.333333,0
ConocoPhillips,2026-02,1,@conocophillips,11,0,0.0,0.0,0.0,0.0,0,0.0,0.0,0.0,0.0,0.0,0.0,0.0,0.363636,0
ConocoPhillips,2026-03,1,@conocophillips,9,0,0.0,0.0,0.0,0.0,0,0.0,0.0,0.0,0.0,0.0,0.0,0.0,0.333333,0
ConocoPhillips,2026-04,1,@conocophillips,11,0,0.0,0.0,0.0,0.0,0,0.0,0.0,0.0,0.0,0.0,0.0,0.0,0.454545,0
ConocoPhillips,2026-05,1,@conocophillips,12,0,0.0,0.0,0.0,0.0,0,0.0,0.0,0.0,0.0,0.0,0.0,0.0,0.583333,1
ConocoPhillips,2026-06,1,@conocophillips,8,0,0.0,0.0,0.0,0.0,0,0.0,0.0,0.0,0.0,0.0,0.0,0.0,0.375,0
Dell Technologies,2024-06,1,@Dell,15,0,0.0,0.0,0.0,0.0,0,0.0,0.0,0.0,0.0,0.0,0.0,0.0,0.466667,0
Dell Technologies,2024-07,1,@Dell,14,0,0.0,0.0,0.0,0.0,0,0.0,0.0,0.0,0.0,0.0,0.0,0.0,0.428571,0
Dell Technologies,2024-08,1,@Dell,21,0,0.0,0.0,0.0,0.0,0,0.0,0.0,0.0,0.0,0.0,0.0,0.0,0.52381,1
Dell Technologies,2024-09,1,@Dell,20,0,0.0,0.0,0.0,0.0,0,0.0,0.0,0.0,0.0,0.0,0.0,0.0,0.75,1
Dell Technologies,2024-10,1,@Dell,17,0,0.0,0.0,0.0,0.0,0,0.0,0.0,0.0,0.0,0.0,0.0,0.0,0.470588,0
Dell Technologies,2024-11,1,@Dell,19,0,0.0,0.0,0.0,0.0,0,0.0,0.0,0.0,0.0,0.0,0.0,0.0,0.578947,1
Dell Technologies,2024-12,1,@Dell,27,0,0.0,0.0,0.0,0.0,0,0.0,0.0,0.0,0.0,0.0,0.0,0.0,0.444444,0
Dell Technologies,2025-01,1,@Dell,31,0,0.0,0.0,0.0,0.0,0,0.0,0.0,0.0,0.0,0.0,0.0,0.0,0.387097,0
Dell Technologies,2025-02,1,@Dell,22,0,0.0,0.0,0.0,0.0,0,0.0,0.0,0.0,0.0,0.0,0.0,0.0,0.545455,1
Dell Technologies,2025-03,1,@Dell,21,0,0.0,0.0,0.0,0.0,0,0.0,0.0,0.0,0.0,0.0,0.0,0.0,0.333333,0
Dell Technologies,2025-04,1,@Dell,18,0,0.0,0.0,0.0,0.0,0,0.0,0.0,0.0,0.0,0.0,0.0,0.0,0.444444,0
Dell Technologies,2025-05,1,@Dell,19,0,0.0,0.0,0.0,0.0,0,0.0,0.0,0.0,0.0,0.0,0.0,0.0,0.421053,0
Dell Technologies,2025-06,1,@Dell,27,0,0.0,0.0,0.0,0.0,0,0.0,0.0,0.0,0.0,0.0,0.0,0.0,0.37037,0
Dell Technologies,2025-07,1,@Dell,21,0,0.0,0.0,0.0,0.0,0,0.0,0.0,0.0,0.0,0.0,0.0,0.0,0.333333,0
Dell Technologies,2025-08,1,@Dell,29,0,0.0,0.0,0.0,0.0,0,0.0,0.0,0.0,0.0,0.0,0.0,0.0,0.413793,0
Dell Technologies,2025-09,1,@Dell,26,0,0.0,0.0,0.0,0.0,0,0.0,0.0,0.0,0.0,0.0,0.0,0.0,0.461538,0
Dell Technologies,2025-10,1,@Dell,39,0,0.0,0.0,0.0,0.0,0,0.0,0.0,0.0,0.0,0.0,0.0,0.0,0.435897,0
Dell Technologies,2025-11,1,@Dell,29,0,0.0,0.0,0.0,0.0,0,0.0,0.0,0.0,0.0,0.0,0.0,0.0,0.482759,0
Dell Technologies,2025-12,1,@Dell,30,0,0.0,0.0,0.0,0.0,0,0.0,0.0,0.0,0.0,0.0,0.0,0.0,0.5,1
Dell Technologies,2026-01,1,@Dell,42,0,0.0,0.0,0.0,0.0,0,0.0,0.0,0.0,0.0,0.0,0.0,0.0,0.52381,1
Dell Technologies,2026-02,1,@Dell,25,0,0.0,0.0,0.0,0.0,0,0.0,0.0,0.0,0.0,0.0,0.0,0.0,0.68,1
Dell Technologies,2026-03,1,@Dell,50,0,0.0,0.0,0.0,0.0,0,0.0,0.0,0.0,0.0,0.0,0.0,0.0,0.58,1
Dell Technologies,2026-04,1,@Dell,43,0,0.0,0.0,0.0,0.0,0,0.0,0.0,0.0,0.0,0.0,0.0,0.0,0.674419,1
Dell Technologies,2026-05,1,@Dell,101,0,0.0,0.0,0.0,0.0,0,0.0,0.0,0.0,0.0,0.0,0.0,0.0,0.465347,0
Dell Technologies,2026-06,1,@Dell,19,0,0.0,0.0,0.0,0.0,0,0.0,0.0,0.0,0.0,0.0,0.0,0.0,0.631579,1
Delta Air Lines,2021-03,1,@Delta,25,0,0.0,0.0,0.0,0.0,0,0.0,0.0,0.0,0.0,0.0,0.0,0.0,0.56,1
Delta Air Lines,2021-04,1,@Delta,32,0,0.0,0.0,0.0,0.0,0,0.0,0.0,0.0,0.0,0.0,0.0,0.0,0.65625,1
Delta Air Lines,2021-05,1,@Delta,26,0,0.0,0.0,0.0,0.0,0,0.0,0.0,0.0,0.0,0.0,0.0,0.0,0.5,1
Delta Air Lines,2021-06,1,@Delta,17,0,0.0,0.0,0.0,0.0,0,0.0,0.0,0.0,0.0,0.0,0.0,0.0,0.470588,0
Delta Air Lines,2021-07,1,@Delta,24,0,0.0,0.0,0.0,0.0,0,0.0,0.0,0.0,0.0,0.0,0.0,0.0,0.5,1
Delta Air Lines,2021-08,1,@Delta,16,0,0.0,0.0,0.0,0.0,0,0.0,0.0,0.0,0.0,0.0,0.0,0.0,0.375,0
Delta Air Lines,2021-09,1,@Delta,11,0,0.0,0.0,0.0,0.0,0,0.0,0.0,0.0,0.0,0.0,0.0,0.0,0.272727,0
Delta Air Lines,2021-10,1,@Delta,13,0,0.0,0.0,0.0,0.0,0,0.0,0.0,0.0,0.0,0.0,0.0,0.0,0.538462,1
Delta Air Lines,2021-11,1,@Delta,21,0,0.0,0.0,0.0,0.0,0,0.0,0.0,0.0,0.0,0.0,0.0,0.0,0.52381,1
Delta Air Lines,2021-12,1,@Delta,21,0,0.0,0.0,0.0,0.0,0,0.0,0.0,0.0,0.0,0.0,0.0,0.0,0.666667,1
Delta Air Lines,2022-01,1,@Delta,18,0,0.0,0.0,0.0,0.0,0,0.0,0.0,0.0,0.0,0.0,0.0,0.0,0.611111,1
Delta Air Lines,2022-02,1,@Delta,19,0,0.0,0.0,0.0,0.0,0,0.0,0.0,0.0,0.0,0.0,0.0,0.0,0.526316,1
Delta Air Lines,2022-03,1,@Delta,30,0,0.0,0.0,0.0,0.0,0,0.0,0.0,0.0,0.0,0.0,0.0,0.0,0.333333,0
Delta Air Lines,2022-04,1,@Delta,9,0,0.0,0.0,0.0,0.0,0,0.0,0.0,0.0,0.0,0.0,0.0,0.0,0.666667,1
Delta Air Lines,2022-05,1,@Delta,5,0,0.0,0.0,0.0,0.0,0,0.0,0.0,0.0,0.0,0.0,0.0,0.0,0.8,1
Delta Air Lines,2022-06,1,@Delta,17,0,0.0,0.0,0.0,0.0,0,0.0,0.0,0.0,0.0,0.0,0.0,0.0,0.647059,1
Delta Air Lines,2022-07,1,@Delta,17,0,0.0,0.0,0.0,0.0,0,0.0,0.0,0.0,0.0,0.0,0.0,0.0,0.529412,1
Delta Air Lines,2022-08,1,@Delta,13,0,0.0,0.0,0.0,0.0,0,0.0,0.0,0.0,0.0,0.0,0.0,0.0,0.692308,1
Delta Air Lines,2022-09,1,@Delta,14,0,0.0,0.0,0.0,0.0,0,0.0,0.0,0.0,0.0,0.0,0.0,0.0,0.357143,0
Delta Air Lines,2022-10,1,@Delta,14,0,0.0,0.0,0.0,0.0,0,0.0,0.0,0.0,0.0,0.0,0.0,0.0,0.642857,1
Delta Air Lines,2022-11,1,@Delta,10,0,0.0,0.0,0.0,0.0,0,0.0,0.0,0.0,0.0,0.0,0.0,0.0,0.6,1
Delta Air Lines,2022-12,1,@Delta,8,0,0.0,0.0,0.0,0.0,0,0.0,0.0,0.0,0.0,0.0,0.0,0.0,0.5,1
Delta Air Lines,2023-01,1,@Delta,11,0,0.0,0.0,0.0,0.0,0,0.0,0.0,0.0,0.0,0.0,0.0,0.0,0.727273,1
Delta Air Lines,2023-02,1,@Delta,10,0,0.0,0.0,0.0,0.0,0,0.0,0.0,0.0,0.0,0.0,0.0,0.0,0.4,0
Delta Air Lines,2023-03,1,@Delta,14,0,0.0,0.0,0.0,0.0,0,0.0,0.0,0.0,0.0,0.0,0.0,0.0,0.428571,0
Delta Air Lines,2023-04,1,@Delta,15,0,0.0,0.0,0.0,0.0,0,0.0,0.0,0.0,0.0,0.0,0.0,0.0,0.333333,0
Delta Air Lines,2023-05,1,@Delta,22,0,0.0,0.0,0.0,0.0,0,0.0,0.0,0.0,0.0,0.0,0.0,0.0,0.681818,1
Delta Air Lines,2023-06,1,@Delta,2,0,0.0,0.0,0.0,0.0,0,0.0,0.0,0.0,0.0,0.0,0.0,0.0,0.5,1
Delta Air Lines,2023-07,1,@Delta,8,0,0.0,0.0,0.0,0.0,0,0.0,0.0,0.0,0.0,0.0,0.0,0.0,0.5,1
Delta Air Lines,2023-08,1,@Delta,7,0,0.0,0.0,0.0,0.0,0,0.0,0.0,0.0,0.0,0.0,0.0,0.0,0.714286,1
Delta Air Lines,2023-09,1,@Delta,6,0,0.0,0.0,0.0,0.0,0,0.0,0.0,0.0,0.0,0.0,0.0,0.0,0.666667,1
Delta Air Lines,2023-10,1,@Delta,9,0,0.0,0.0,0.0,0.0,0,0.0,0.0,0.0,0.0,0.0,0.0,0.0,0.555556,1
Delta Air Lines,2023-11,1,@Delta,6,0,0.0,0.0,0.0,0.0,0,0.0,0.0,0.0,0.0,0.0,0.0,0.0,0.666667,1
Delta Air Lines,2023-12,1,@Delta,10,0,0.0,0.0,0.0,0.0,0,0.0,0.0,0.0,0.0,0.0,0.0,0.0,0.8,1
Delta Air Lines,2024-01,1,@Delta,7,0,0.0,0.0,0.0,0.0,0,0.0,0.0,0.0,0.0,0.0,0.0,0.0,0.428571,0
Delta Air Lines,2024-02,1,@Delta,11,0,0.0,0.0,0.0,0.0,0,0.0,0.0,0.0,0.0,0.0,0.0,0.0,0.181818,0
Delta Air Lines,2024-03,1,@Delta,9,0,0.0,0.0,0.0,0.0,0,0.0,0.0,0.0,0.0,0.0,0.0,0.0,0.666667,1
Delta Air Lines,2024-04,1,@Delta,3,0,0.0,0.0,0.0,0.0,0,0.0,0.0,0.0,0.0,0.0,0.0,0.0,0.333333,0
Delta Air Lines,2024-05,1,@Delta,9,0,0.0,0.0,0.0,0.0,0,0.0,0.0,0.0,0.0,0.0,0.0,0.0,0.555556,1
Delta Air Lines,2024-06,1,@Delta,12,0,0.0,0.0,0.0,0.0,0,0.0,0.0,0.0,0.0,0.0,0.0,0.0,0.333333,0
Delta Air Lines,2024-07,1,@Delta,18,0,0.0,0.0,0.0,0.0,0,0.0,0.0,0.0,0.0,0.0,0.0,0.0,0.555556,1
Delta Air Lines,2024-08,1,@Delta,10,0,0.0,0.0,0.0,0.0,0,0.0,0.0,0.0,0.0,0.0,0.0,0.0,0.8,1
Delta Air Lines,2024-09,1,@Delta,21,0,0.0,0.0,0.0,0.0,0,0.0,0.0,0.0,0.0,0.0,0.0,0.0,0.666667,1
Delta Air Lines,2024-10,1,@Delta,10,0,0.0,0.0,0.0,0.0,0,0.0,0.0,0.0,0.0,0.0,0.0,0.0,0.6,1
Delta Air Lines,2024-11,1,@Delta,5,0,0.0,0.0,0.0,0.0,0,0.0,0.0,0.0,0.0,0.0,0.0,0.0,0.2,0
Delta Air Lines,2024-12,1,@Delta,11,0,0.0,0.0,0.0,0.0,0,0.0,0.0,0.0,0.0,0.0,0.0,0.0,0.454545,0
Delta Air Lines,2025-01,1,@Delta,11,0,0.0,0.0,0.0,0.0,0,0.0,0.0,0.0,0.0,0.0,0.0,0.0,0.636364,1
Delta Air Lines,2025-02,1,@Delta,7,0,0.0,0.0,0.0,0.0,0,0.0,0.0,0.0,0.0,0.0,0.0,0.0,0.571429,1
Delta Air Lines,2025-03,1,@Delta,2,0,0.0,0.0,0.0,0.0,0,,0.0,0.0,0.0,0.0,0.0,0.0,1.0,1
Delta Air Lines,2025-04,1,@Delta,2,0,0.0,0.0,0.0,0.0,0,0.0,0.0,0.0,0.0,0.0,0.0,0.0,0.5,1
Delta Air Lines,2025-05,1,@Delta,10,0,0.0,0.0,0.0,0.0,0,0.0,0.0,0.0,0.0,0.0,0.0,0.0,0.4,0
Delta Air Lines,2025-06,1,@Delta,6,0,0.0,0.0,0.0,0.0,0,0.0,0.0,0.0,0.0,0.0,0.0,0.0,0.0,0
Delta Air Lines,2025-07,1,@Delta,1,0,0.0,0.0,0.0,0.0,0,0.0,0.0,0.0,0.0,0.0,0.0,0.0,0.0,0
Delta Air Lines,2025-09,1,@Delta,2,0,0.0,0.0,0.0,0.0,0,0.0,0.0,0.0,0.0,0.0,0.0,0.0,0.0,0
Delta Air Lines,2025-10,1,@Delta,4,0,0.0,0.0,0.0,0.0,0,0.0,0.0,0.0,0.0,0.0,0.0,0.0,0.5,1
Delta Air Lines,2025-11,1,@Delta,10,0,0.0,0.0,0.0,0.0,0,0.0,0.0,0.0,0.0,0.0,0.0,0.0,0.7,1
Delta Air Lines,2025-12,1,@Delta,6,0,0.0,0.0,0.0,0.0,0,0.0,0.0,0.0,0.0,0.0,0.0,0.0,0.333333,0
Delta Air Lines,2026-01,1,@Delta,11,0,0.0,0.0,0.0,0.0,0,0.0,0.0,0.0,0.0,0.0,0.0,0.0,0.727273,1
Delta Air Lines,2026-02,1,@Delta,3,0,0.0,0.0,0.0,0.0,0,0.0,0.0,0.0,0.0,0.0,0.0,0.0,0.666667,1
Delta Air Lines,2026-03,1,@Delta,8,0,0.0,0.0,0.0,0.0,0,0.0,0.0,0.0,0.0,0.0,0.0,0.0,0.25,0
Delta Air Lines,2026-04,1,@Delta,1,0,0.0,0.0,0.0,0.0,0,0.0,0.0,0.0,0.0,0.0,0.0,0.0,0.0,0
Delta Air Lines,2026-05,1,@Delta,4,0,0.0,0.0,0.0,0.0,0,0.0,0.0,0.0,0.0,0.0,0.0,0.0,0.75,1
Elevance Health,2021-05,1,@elevancehealth,39,0,0.0,0.0,0.0,0.0,0,0.0,0.0,0.0,0.0,0.0,0.0,0.0,0.487179,0
Elevance Health,2021-06,1,@elevancehealth,54,0,0.0,0.0,0.0,0.0,0,0.0,0.0,0.0,0.0,0.0,0.0,0.0,0.62963,1
Elevance Health,2021-07,1,@elevancehealth,19,0,0.0,0.0,0.0,0.0,0,0.0,0.0,0.0,0.0,0.0,0.0,0.0,0.578947,1
Elevance Health,2021-08,1,@elevancehealth,12,0,0.0,0.0,0.0,0.0,0,0.0,0.0,0.0,0.0,0.0,0.0,0.0,0.416667,0
Elevance Health,2021-09,1,@elevancehealth,24,0,0.0,0.0,0.0,0.0,0,0.0,0.0,0.0,0.0,0.0,0.0,0.0,0.375,0
Elevance Health,2021-10,1,@elevancehealth,22,0,0.0,0.0,0.0,0.0,0,0.0,0.0,0.0,0.0,0.0,0.0,0.0,0.318182,0
Elevance Health,2021-11,1,@elevancehealth,35,0,0.0,0.0,0.0,0.0,0,0.0,0.0,0.0,0.0,0.0,0.0,0.0,0.485714,0
Elevance Health,2021-12,1,@elevancehealth,18,0,0.0,0.0,0.0,0.0,0,0.0,0.0,0.0,0.0,0.0,0.0,0.0,0.666667,1
Elevance Health,2022-01,1,@elevancehealth,17,0,0.0,0.0,0.0,0.0,0,0.0,0.0,0.0,0.0,0.0,0.0,0.0,0.411765,0
Elevance Health,2022-02,1,@elevancehealth,28,0,0.0,0.0,0.0,0.0,0,0.0,0.0,0.0,0.0,0.0,0.0,0.0,0.535714,1
Elevance Health,2022-03,1,@elevancehealth,36,0,0.0,0.0,0.0,0.0,0,0.0,0.0,0.0,0.0,0.0,0.0,0.0,0.5,1
Elevance Health,2022-04,1,@elevancehealth,31,0,0.0,0.0,0.0,0.0,0,0.0,0.0,0.0,0.0,0.0,0.0,0.0,0.612903,1
Elevance Health,2022-05,1,@elevancehealth,10,0,0.0,0.0,0.0,0.0,0,0.0,0.0,0.0,0.0,0.0,0.0,0.0,0.4,0
Elevance Health,2022-06,1,@elevancehealth,22,0,0.0,0.0,0.0,0.0,0,0.0,0.0,0.0,0.0,0.0,0.0,0.0,0.590909,1
Elevance Health,2022-07,1,@elevancehealth,17,0,0.0,0.0,0.0,0.0,0,0.0,0.0,0.0,0.0,0.0,0.0,0.0,0.352941,0
Elevance Health,2022-08,1,@elevancehealth,51,0,0.0,0.0,0.0,0.0,0,0.0,0.0,0.0,0.0,0.0,0.0,0.0,0.490196,0
Elevance Health,2022-09,1,@elevancehealth,51,0,0.0,0.0,0.0,0.0,0,0.0,0.0,0.0,0.0,0.0,0.0,0.0,0.529412,1
Elevance Health,2022-10,1,@elevancehealth,25,0,0.0,0.0,0.0,0.0,0,0.0,0.0,0.0,0.0,0.0,0.0,0.0,0.6,1
Elevance Health,2022-11,1,@elevancehealth,18,0,0.0,0.0,0.0,0.0,0,0.0,0.0,0.0,0.0,0.0,0.0,0.0,0.611111,1
Elevance Health,2022-12,1,@elevancehealth,12,0,0.0,0.0,0.0,0.0,0,0.0,0.0,0.0,0.0,0.0,0.0,0.0,0.333333,0
Elevance Health,2023-01,1,@elevancehealth,8,0,0.0,0.0,0.0,0.0,0,0.0,0.0,0.0,0.0,0.0,0.0,0.0,0.25,0
Elevance Health,2023-02,1,@elevancehealth,10,0,0.0,0.0,0.0,0.0,0,0.0,0.0,0.0,0.0,0.0,0.0,0.0,0.2,0
Elevance Health,2023-03,1,@elevancehealth,9,0,0.0,0.0,0.0,0.0,0,0.0,0.0,0.0,0.0,0.0,0.0,0.0,0.333333,0
Elevance Health,2023-04,1,@elevancehealth,10,0,0.0,0.0,0.0,0.0,0,0.0,0.0,0.0,0.0,0.0,0.0,0.0,0.4,0
Elevance Health,2023-05,1,@elevancehealth,6,0,0.0,0.0,0.0,0.0,0,0.0,0.0,0.0,0.0,0.0,0.0,0.0,0.666667,1
Elevance Health,2023-06,1,@elevancehealth,5,0,0.0,0.0,0.0,0.0,0,0.0,0.0,0.0,0.0,0.0,0.0,0.0,0.4,0
Elevance Health,2023-08,1,@elevancehealth,2,0,0.0,0.0,0.0,0.0,0,,0.0,0.0,0.0,0.0,0.0,0.0,1.0,1
Elevance Health,2023-09,1,@elevancehealth,9,0,0.0,0.0,0.0,0.0,0,0.0,0.0,0.0,0.0,0.0,0.0,0.0,0.777778,1
Elevance Health,2023-12,1,@elevancehealth,2,0,0.0,0.0,0.0,0.0,0,0.0,0.0,0.0,0.0,0.0,0.0,0.0,0.5,1
Elevance Health,2024-02,1,@elevancehealth,6,0,0.0,0.0,0.0,0.0,0,0.0,0.0,0.0,0.0,0.0,0.0,0.0,0.5,1
Elevance Health,2024-03,1,@elevancehealth,1,0,0.0,0.0,0.0,0.0,0,0.0,0.0,0.0,0.0,0.0,0.0,0.0,0.0,0
Elevance Health,2024-11,1,@elevancehealth,2,0,0.0,0.0,0.0,0.0,0,0.0,0.0,0.0,0.0,0.0,0.0,0.0,0.0,0
Elevance Health,2025-11,1,@elevancehealth,1,0,0.0,0.0,0.0,0.0,0,,0.0,0.0,0.0,0.0,0.0,0.0,1.0,1
Eli Lilly,2020-07,1,@EliLillyandCo,2,0,0.0,0.0,0.0,0.0,0,0.0,0.0,0.0,0.0,0.0,0.0,0.0,0.0,0
Eli Lilly,2020-08,1,@EliLillyandCo,15,0,0.0,0.0,0.0,0.0,0,0.0,0.0,0.0,0.0,0.0,0.0,0.0,0.533333,1
Eli Lilly,2020-09,1,@EliLillyandCo,23,0,0.0,0.0,0.0,0.0,0,0.0,0.0,0.0,0.0,0.0,0.0,0.0,0.217391,0
Eli Lilly,2020-10,1,@EliLillyandCo,29,0,0.0,0.0,0.0,0.0,0,0.0,0.0,0.0,0.0,0.0,0.0,0.0,0.517241,1
Eli Lilly,2020-11,1,@EliLillyandCo,25,0,0.0,0.0,0.0,0.0,0,0.0,0.0,0.0,0.0,0.0,0.0,0.0,0.36,0
Eli Lilly,2020-12,1,@EliLillyandCo,13,0,0.0,0.0,0.0,0.0,0,0.0,0.0,0.0,0.0,0.0,0.0,0.0,0.384615,0
Eli Lilly,2021-01,1,@EliLillyandCo,23,0,0.0,0.0,0.0,0.0,0,0.0,0.0,0.0,0.0,0.0,0.0,0.0,0.521739,1
Eli Lilly,2021-02,1,@EliLillyandCo,29,0,0.0,0.0,0.0,0.0,0,0.0,0.0,0.0,0.0,0.0,0.0,0.0,0.655172,1
Eli Lilly,2021-03,1,@EliLillyandCo,33,0,0.0,0.0,0.0,0.0,0,0.0,0.0,0.0,0.0,0.0,0.0,0.0,0.454545,0
Eli Lilly,2021-04,1,@EliLillyandCo,27,0,0.0,0.0,0.0,0.0,0,0.0,0.0,0.0,0.0,0.0,0.0,0.0,0.333333,0
Eli Lilly,2021-05,1,@EliLillyandCo,18,0,0.0,0.0,0.0,0.0,0,0.0,0.0,0.0,0.0,0.0,0.0,0.0,0.388889,0
Eli Lilly,2021-06,1,@EliLillyandCo,20,0,0.0,0.0,0.0,0.0,0,0.0,0.0,0.0,0.0,0.0,0.0,0.0,0.45,0
Eli Lilly,2021-07,1,@EliLillyandCo,7,0,0.0,0.0,0.0,0.0,0,0.0,0.0,0.0,0.0,0.0,0.0,0.0,0.428571,0
Eli Lilly,2021-08,1,@EliLillyandCo,7,0,0.0,0.0,0.0,0.0,0,0.0,0.0,0.0,0.0,0.0,0.0,0.0,0.428571,0
Eli Lilly,2021-09,1,@EliLillyandCo,15,0,0.0,0.0,0.0,0.0,0,0.0,0.0,0.0,0.0,0.0,0.0,0.0,0.133333,0
Eli Lilly,2021-10,1,@EliLillyandCo,13,0,0.0,0.0,0.0,0.0,0,0.0,0.0,0.0,0.0,0.0,0.0,0.0,0.384615,0
Eli Lilly,2021-11,1,@EliLillyandCo,2,0,0.0,0.0,0.0,0.0,0,0.0,0.0,0.0,0.0,0.0,0.0,0.0,0.5,1
Eli Lilly,2021-12,1,@EliLillyandCo,12,0,0.0,0.0,0.0,0.0,0,0.0,0.0,0.0,0.0,0.0,0.0,0.0,0.166667,0
Eli Lilly,2022-01,1,@EliLillyandCo,3,0,0.0,0.0,0.0,0.0,0,0.0,0.0,0.0,0.0,0.0,0.0,0.0,0.666667,1
Eli Lilly,2022-02,1,@EliLillyandCo,10,0,0.0,0.0,0.0,0.0,0,0.0,0.0,0.0,0.0,0.0,0.0,0.0,0.6,1
Eli Lilly,2022-03,1,@EliLillyandCo,13,0,0.0,0.0,0.0,0.0,0,0.0,0.0,0.0,0.0,0.0,0.0,0.0,0.384615,0
Eli Lilly,2022-04,1,@EliLillyandCo,6,0,0.0,0.0,0.0,0.0,0,0.0,0.0,0.0,0.0,0.0,0.0,0.0,0.5,1
Eli Lilly,2022-05,1,@EliLillyandCo,9,0,0.0,0.0,0.0,0.0,0,0.0,0.0,0.0,0.0,0.0,0.0,0.0,0.555556,1
Eli Lilly,2022-06,1,@EliLillyandCo,23,0,0.0,0.0,0.0,0.0,0,0.0,0.0,0.0,0.0,0.0,0.0,0.0,0.521739,1
Eli Lilly,2022-07,1,@EliLillyandCo,8,0,0.0,0.0,0.0,0.0,0,0.0,0.0,0.0,0.0,0.0,0.0,0.0,0.375,0
Eli Lilly,2022-08,1,@EliLillyandCo,10,0,0.0,0.0,0.0,0.0,0,0.0,0.0,0.0,0.0,0.0,0.0,0.0,0.3,0
Eli Lilly,2022-09,1,@EliLillyandCo,13,0,0.0,0.0,0.0,0.0,0,0.0,0.0,0.0,0.0,0.0,0.0,0.0,0.307692,0
Eli Lilly,2022-10,1,@EliLillyandCo,8,0,0.0,0.0,0.0,0.0,0,0.0,0.0,0.0,0.0,0.0,0.0,0.0,0.625,1
Eli Lilly,2022-11,1,@EliLillyandCo,4,0,0.0,0.0,0.0,0.0,0,0.0,0.0,0.0,0.0,0.0,0.0,0.0,0.25,0
Eli Lilly,2023-05,1,@EliLillyandCo,2,0,0.0,0.0,0.0,0.0,0,,0.0,0.0,0.0,0.0,0.0,0.0,1.0,1
Eli Lilly,2023-10,1,@EliLillyandCo,1,0,0.0,0.0,0.0,0.0,0,0.0,0.0,0.0,0.0,0.0,0.0,0.0,0.0,0
Eli Lilly,2024-05,1,@EliLillyandCo,1,0,0.0,0.0,0.0,0.0,0,0.0,0.0,0.0,0.0,0.0,0.0,0.0,0.0,0
Eli Lilly,2024-06,1,@EliLillyandCo,1,0,0.0,0.0,0.0,0.0,0,,0.0,0.0,0.0,0.0,0.0,0.0,1.0,1
Eli Lilly,2024-08,1,@EliLillyandCo,5,0,0.0,0.0,0.0,0.0,0,0.0,0.0,0.0,0.0,0.0,0.0,0.0,0.4,0
Eli Lilly,2024-09,1,@EliLillyandCo,7,0,0.0,0.0,0.0,0.0,0,0.0,0.0,0.0,0.0,0.0,0.0,0.0,0.714286,1
Eli Lilly,2024-10,1,@EliLillyandCo,6,0,0.0,0.0,0.0,0.0,0,0.0,0.0,0.0,0.0,0.0,0.0,0.0,0.333333,0
Eli Lilly,2024-11,1,@EliLillyandCo,3,0,0.0,0.0,0.0,0.0,0,0.0,0.0,0.0,0.0,0.0,0.0,0.0,0.0,0
Eli Lilly,2024-12,1,@EliLillyandCo,7,0,0.0,0.0,0.0,0.0,0,0.0,0.0,0.0,0.0,0.0,0.0,0.0,0.428571,0
Eli Lilly,2025-01,1,@EliLillyandCo,6,0,0.0,0.0,0.0,0.0,0,0.0,0.0,0.0,0.0,0.0,0.0,0.0,0.5,1
Eli Lilly,2025-02,1,@EliLillyandCo,4,0,0.0,0.0,0.0,0.0,0,0.0,0.0,0.0,0.0,0.0,0.0,0.0,0.25,0
Eli Lilly,2025-03,1,@EliLillyandCo,3,0,0.0,0.0,0.0,0.0,0,0.0,0.0,0.0,0.0,0.0,0.0,0.0,0.333333,0
Eli Lilly,2025-04,1,@EliLillyandCo,3,0,0.0,0.0,0.0,0.0,0,0.0,0.0,0.0,0.0,0.0,0.0,0.0,0.0,0
Eli Lilly,2025-05,1,@EliLillyandCo,2,0,0.0,0.0,0.0,0.0,0,0.0,0.0,0.0,0.0,0.0,0.0,0.0,0.5,1
Eli Lilly,2025-06,1,@EliLillyandCo,2,0,0.0,0.0,0.0,0.0,0,0.0,0.0,0.0,0.0,0.0,0.0,0.0,0.5,1
Eli Lilly,2025-07,1,@EliLillyandCo,3,0,0.0,0.0,0.0,0.0,0,0.0,0.0,0.0,0.0,0.0,0.0,0.0,0.333333,0
Eli Lilly,2025-08,1,@EliLillyandCo,4,0,0.0,0.0,0.0,0.0,0,0.0,0.0,0.0,0.0,0.0,0.0,0.0,0.25,0
Eli Lilly,2025-09,1,@EliLillyandCo,7,0,0.0,0.0,0.0,0.0,0,0.0,0.0,0.0,0.0,0.0,0.0,0.0,0.285714,0
Eli Lilly,2025-10,1,@EliLillyandCo,13,0,0.0,0.0,0.0,0.0,0,0.0,0.0,0.0,0.0,0.0,0.0,0.0,0.461538,0
Eli Lilly,2025-11,1,@EliLillyandCo,7,0,0.0,0.0,0.0,0.0,0,0.0,0.0,0.0,0.0,0.0,0.0,0.0,0.571429,1
Eli Lilly,2025-12,1,@EliLillyandCo,10,0,0.0,0.0,0.0,0.0,0,0.0,0.0,0.0,0.0,0.0,0.0,0.0,0.5,1
Eli Lilly,2026-01,1,@EliLillyandCo,5,0,0.0,0.0,0.0,0.0,0,,0.0,0.0,0.0,0.0,0.0,0.0,1.0,1
Eli Lilly,2026-02,1,@EliLillyandCo,5,0,0.0,0.0,0.0,0.0,0,0.0,0.0,0.0,0.0,0.0,0.0,0.0,0.4,0
Eli Lilly,2026-03,1,@EliLillyandCo,6,0,0.0,0.0,0.0,0.0,0,0.0,0.0,0.0,0.0,0.0,0.0,0.0,0.5,1
Eli Lilly,2026-04,1,@EliLillyandCo,5,0,0.0,0.0,0.0,0.0,0,0.0,0.0,0.0,0.0,0.0,0.0,0.0,0.0,0
Eli Lilly,2026-05,1,@EliLillyandCo,11,0,0.0,0.0,0.0,0.0,0,0.0,0.0,0.0,0.0,0.0,0.0,0.0,0.545455,1
Eli Lilly,2026-06,1,@EliLillyandCo,14,0,0.0,0.0,0.0,0.0,0,0.0,0.0,0.0,0.0,0.0,0.0,0.0,0.571429,1
Energy Transfer,2025-05,1,@energytransfer,52,0,0.0,0.0,0.0,0.0,0,0.0,0.0,0.0,0.0,0.0,0.0,0.0,0.461538,0
Energy Transfer,2025-06,1,@energytransfer,48,0,0.0,0.0,0.0,0.0,0,0.0,0.0,0.0,0.0,0.0,0.0,0.0,0.291667,0
Energy Transfer,2025-07,1,@energytransfer,36,1,0.027778,0.027778,0.000771617,0.693147,1,0.052632,0.027778,0.000771617,0.005401265,0.000150036,0.027778,0.000771617,0.472222,0
Energy Transfer,2025-08,1,@energytransfer,55,0,0.0,0.0,0.0,0.0,0,0.0,0.0,0.0,0.0,0.0,0.0,0.0,0.509091,1
Energy Transfer,2025-09,1,@energytransfer,49,0,0.0,0.0,0.0,0.0,0,0.0,0.0,0.0,0.0,0.0,0.0,0.0,0.510204,1
Energy Transfer,2025-10,1,@energytransfer,79,0,0.0,0.0,0.0,0.0,0,0.0,0.0,0.0,0.0,0.0,0.0,0.0,0.443038,0
Energy Transfer,2025-11,1,@energytransfer,65,0,0.0,0.0,0.0,0.0,0,0.0,0.0,0.0,0.0,0.0,0.0,0.0,0.492308,0
Energy Transfer,2025-12,1,@energytransfer,42,0,0.0,0.0,0.0,0.0,0,0.0,0.0,0.0,0.0,0.0,0.0,0.0,0.452381,0
Energy Transfer,2026-01,1,@energytransfer,32,0,0.0,0.0,0.0,0.0,0,0.0,0.0,0.0,0.0,0.0,0.0,0.0,0.65625,1
Energy Transfer,2026-02,1,@energytransfer,57,1,0.017544,0.017544,0.000307792,0.693147,1,0.027027,0.017544,0.000307792,0.003693468,6.4798e-05,0.017544,0.000307792,0.350877,0
Energy Transfer,2026-03,1,@energytransfer,52,0,0.0,0.0,0.0,0.0,0,0.0,0.0,0.0,0.0,0.0,0.0,0.0,0.596154,1
Energy Transfer,2026-04,1,@energytransfer,62,0,0.0,0.0,0.0,0.0,0,0.0,0.016129,0.000260145,0.0,0.0,0.0,0.0,0.387097,0
Energy Transfer,2026-05,1,@energytransfer,58,0,0.0,0.0,0.0,0.0,0,0.0,0.0,0.0,0.0,0.0,0.0,0.0,0.655172,1
Energy Transfer,2026-06,1,@energytransfer,10,0,0.0,0.0,0.0,0.0,0,0.0,0.0,0.0,0.0,0.0,0.0,0.0,0.5,1
Enterprise Products Partners,2020-11,1,@EProd_Careers,1,0,0.0,0.0,0.0,0.0,0,,0.0,0.0,0.0,0.0,0.0,0.0,1.0,1
Enterprise Products Partners,2023-07,1,@EProd_Careers,760,0,0.0,0.0,0.0,0.0,0,0.0,0.0,0.0,0.0,0.0,0.0,0.0,0.375,0
Exxon Mobil,2019-03,1,@exxonmobil,10,0,0.0,0.0,0.0,0.0,0,0.0,0.0,0.0,0.0,0.0,0.0,0.0,0.7,1
Exxon Mobil,2019-04,1,@exxonmobil,10,0,0.0,0.0,0.0,0.0,0,0.0,0.0,0.0,0.0,0.0,0.0,0.0,0.6,1
Exxon Mobil,2019-05,1,@exxonmobil,26,0,0.0,0.0,0.0,0.0,0,0.0,0.0,0.0,0.0,0.0,0.0,0.0,0.615385,1
Exxon Mobil,2019-06,1,@exxonmobil,14,0,0.0,0.0,0.0,0.0,0,0.0,0.0,0.0,0.0,0.0,0.0,0.0,0.571429,1
Exxon Mobil,2019-07,1,@exxonmobil,7,0,0.0,0.0,0.0,0.0,0,0.0,0.0,0.0,0.0,0.0,0.0,0.0,0.571429,1
Exxon Mobil,2019-08,1,@exxonmobil,13,0,0.0,0.0,0.0,0.0,0,0.0,0.0,0.0,0.0,0.0,0.0,0.0,0.307692,0
Exxon Mobil,2019-09,1,@exxonmobil,10,0,0.0,0.0,0.0,0.0,0,0.0,0.0,0.0,0.0,0.0,0.0,0.0,0.4,0
Exxon Mobil,2019-10,1,@exxonmobil,9,0,0.0,0.0,0.0,0.0,0,0.0,0.0,0.0,0.0,0.0,0.0,0.0,0.444444,0
Exxon Mobil,2019-11,1,@exxonmobil,12,0,0.0,0.0,0.0,0.0,0,0.0,0.0,0.0,0.0,0.0,0.0,0.0,0.416667,0
Exxon Mobil,2019-12,1,@exxonmobil,9,0,0.0,0.0,0.0,0.0,0,0.0,0.0,0.0,0.0,0.0,0.0,0.0,0.555556,1
Exxon Mobil,2020-01,1,@exxonmobil,15,0,0.0,0.0,0.0,0.0,0,0.0,0.0,0.0,0.0,0.0,0.0,0.0,0.333333,0
Exxon Mobil,2020-02,1,@exxonmobil,9,0,0.0,0.0,0.0,0.0,0,0.0,0.0,0.0,0.0,0.0,0.0,0.0,0.666667,1
Exxon Mobil,2020-03,1,@exxonmobil,10,0,0.0,0.0,0.0,0.0,0,0.0,0.0,0.0,0.0,0.0,0.0,0.0,0.3,0
Exxon Mobil,2020-04,1,@exxonmobil,22,0,0.0,0.0,0.0,0.0,0,0.0,0.0,0.0,0.0,0.0,0.0,0.0,0.409091,0
Exxon Mobil,2020-05,1,@exxonmobil,21,0,0.0,0.0,0.0,0.0,0,0.0,0.0,0.0,0.0,0.0,0.0,0.0,0.47619,0
Exxon Mobil,2020-06,1,@exxonmobil,6,0,0.0,0.0,0.0,0.0,0,0.0,0.0,0.0,0.0,0.0,0.0,0.0,0.166667,0
Exxon Mobil,2020-07,1,@exxonmobil,10,0,0.0,0.0,0.0,0.0,0,0.0,0.0,0.0,0.0,0.0,0.0,0.0,0.4,0
Exxon Mobil,2020-08,1,@exxonmobil,8,0,0.0,0.0,0.0,0.0,0,0.0,0.0,0.0,0.0,0.0,0.0,0.0,0.375,0
Exxon Mobil,2020-09,1,@exxonmobil,10,0,0.0,0.0,0.0,0.0,0,0.0,0.0,0.0,0.0,0.0,0.0,0.0,0.8,1
Exxon Mobil,2020-10,1,@exxonmobil,9,0,0.0,0.0,0.0,0.0,0,0.0,0.0,0.0,0.0,0.0,0.0,0.0,0.444444,0
Exxon Mobil,2020-11,1,@exxonmobil,7,0,0.0,0.0,0.0,0.0,0,0.0,0.0,0.0,0.0,0.0,0.0,0.0,0.142857,0
Exxon Mobil,2020-12,1,@exxonmobil,10,0,0.0,0.0,0.0,0.0,0,0.0,0.0,0.0,0.0,0.0,0.0,0.0,0.4,0
Exxon Mobil,2021-01,1,@exxonmobil,3,0,0.0,0.0,0.0,0.0,0,0.0,0.0,0.0,0.0,0.0,0.0,0.0,0.333333,0
Exxon Mobil,2021-02,1,@exxonmobil,8,0,0.0,0.0,0.0,0.0,0,0.0,0.0,0.0,0.0,0.0,0.0,0.0,0.625,1
Exxon Mobil,2021-03,1,@exxonmobil,12,0,0.0,0.0,0.0,0.0,0,0.0,0.0,0.0,0.0,0.0,0.0,0.0,0.416667,0
Exxon Mobil,2021-04,1,@exxonmobil,10,0,0.0,0.0,0.0,0.0,0,0.0,0.0,0.0,0.0,0.0,0.0,0.0,0.4,0
Exxon Mobil,2021-05,1,@exxonmobil,3,0,0.0,0.0,0.0,0.0,0,0.0,0.0,0.0,0.0,0.0,0.0,0.0,0.333333,0
Exxon Mobil,2021-06,1,@exxonmobil,6,0,0.0,0.0,0.0,0.0,0,0.0,0.0,0.0,0.0,0.0,0.0,0.0,0.5,1
Exxon Mobil,2021-07,1,@exxonmobil,10,0,0.0,0.0,0.0,0.0,0,0.0,0.0,0.0,0.0,0.0,0.0,0.0,0.1,0
Exxon Mobil,2021-08,1,@exxonmobil,4,0,0.0,0.0,0.0,0.0,0,,0.0,0.0,0.0,0.0,0.0,0.0,1.0,1
Exxon Mobil,2021-09,1,@exxonmobil,10,0,0.0,0.0,0.0,0.0,0,0.0,0.0,0.0,0.0,0.0,0.0,0.0,0.4,0
Exxon Mobil,2021-10,1,@exxonmobil,7,0,0.0,0.0,0.0,0.0,0,0.0,0.0,0.0,0.0,0.0,0.0,0.0,0.428571,0
Exxon Mobil,2021-11,1,@exxonmobil,11,0,0.0,0.0,0.0,0.0,0,0.0,0.0,0.0,0.0,0.0,0.0,0.0,0.272727,0
Exxon Mobil,2021-12,1,@exxonmobil,14,0,0.0,0.0,0.0,0.0,0,0.0,0.0,0.0,0.0,0.0,0.0,0.0,0.642857,1
Exxon Mobil,2022-01,1,@exxonmobil,21,0,0.0,0.0,0.0,0.0,0,0.0,0.0,0.0,0.0,0.0,0.0,0.0,0.52381,1
Exxon Mobil,2022-02,1,@exxonmobil,9,0,0.0,0.0,0.0,0.0,0,0.0,0.0,0.0,0.0,0.0,0.0,0.0,0.555556,1
Exxon Mobil,2022-03,1,@exxonmobil,11,0,0.0,0.0,0.0,0.0,0,0.0,0.0,0.0,0.0,0.0,0.0,0.0,0.636364,1
Exxon Mobil,2022-04,1,@exxonmobil,8,0,0.0,0.0,0.0,0.0,0,0.0,0.0,0.0,0.0,0.0,0.0,0.0,0.375,0
Exxon Mobil,2022-05,1,@exxonmobil,6,0,0.0,0.0,0.0,0.0,0,0.0,0.0,0.0,0.0,0.0,0.0,0.0,0.333333,0
Exxon Mobil,2022-06,1,@exxonmobil,4,0,0.0,0.0,0.0,0.0,0,0.0,0.0,0.0,0.0,0.0,0.0,0.0,0.75,1
Exxon Mobil,2022-07,1,@exxonmobil,15,0,0.0,0.0,0.0,0.0,0,0.0,0.0,0.0,0.0,0.0,0.0,0.0,0.6,1
Exxon Mobil,2022-08,1,@exxonmobil,11,0,0.0,0.0,0.0,0.0,0,0.0,0.0,0.0,0.0,0.0,0.0,0.0,0.545455,1
Exxon Mobil,2022-09,1,@exxonmobil,8,0,0.0,0.0,0.0,0.0,0,0.0,0.0,0.0,0.0,0.0,0.0,0.0,0.5,1
Exxon Mobil,2022-10,1,@exxonmobil,8,0,0.0,0.0,0.0,0.0,0,0.0,0.0,0.0,0.0,0.0,0.0,0.0,0.5,1
Exxon Mobil,2022-11,1,@exxonmobil,7,0,0.0,0.0,0.0,0.0,0,0.0,0.0,0.0,0.0,0.0,0.0,0.0,0.571429,1
Exxon Mobil,2022-12,1,@exxonmobil,16,0,0.0,0.0,0.0,0.0,0,0.0,0.0,0.0,0.0,0.0,0.0,0.0,0.4375,0
Exxon Mobil,2023-01,1,@exxonmobil,11,0,0.0,0.0,0.0,0.0,0,0.0,0.0,0.0,0.0,0.0,0.0,0.0,0.545455,1
Exxon Mobil,2023-02,1,@exxonmobil,7,0,0.0,0.0,0.0,0.0,0,0.0,0.0,0.0,0.0,0.0,0.0,0.0,0.428571,0
Exxon Mobil,2023-03,1,@exxonmobil,8,0,0.0,0.0,0.0,0.0,0,0.0,0.0,0.0,0.0,0.0,0.0,0.0,0.125,0
Exxon Mobil,2023-04,1,@exxonmobil,11,0,0.0,0.0,0.0,0.0,0,0.0,0.090909,0.008264446,0.0,0.0,0.0,0.0,0.454545,0
Exxon Mobil,2023-05,1,@exxonmobil,10,0,0.0,0.0,0.0,0.0,0,0.0,0.0,0.0,0.0,0.0,0.0,0.0,0.3,0
Exxon Mobil,2023-06,1,@exxonmobil,8,0,0.0,0.0,0.0,0.0,0,0.0,0.0,0.0,0.0,0.0,0.0,0.0,0.25,0
Exxon Mobil,2023-07,1,@exxonmobil,8,0,0.0,0.0,0.0,0.0,0,0.0,0.0,0.0,0.0,0.0,0.0,0.0,0.5,1
Exxon Mobil,2023-08,1,@exxonmobil,10,0,0.0,0.0,0.0,0.0,0,0.0,0.0,0.0,0.0,0.0,0.0,0.0,0.7,1
Exxon Mobil,2023-09,1,@exxonmobil,9,0,0.0,0.0,0.0,0.0,0,0.0,0.0,0.0,0.0,0.0,0.0,0.0,0.444444,0
Exxon Mobil,2023-10,1,@exxonmobil,11,0,0.0,0.0,0.0,0.0,0,0.0,0.0,0.0,0.0,0.0,0.0,0.0,0.181818,0
Exxon Mobil,2023-11,1,@exxonmobil,10,0,0.0,0.0,0.0,0.0,0,0.0,0.0,0.0,0.0,0.0,0.0,0.0,0.5,1
Fannie Mae,2021-06,1,@fanniemae,11,0,0.0,0.0,0.0,0.0,0,0.0,0.0,0.0,0.0,0.0,0.0,0.0,0.545455,1
Fannie Mae,2021-07,1,@fanniemae,14,0,0.0,0.0,0.0,0.0,0,0.0,0.0,0.0,0.0,0.0,0.0,0.0,0.428571,0
Fannie Mae,2021-08,1,@fanniemae,15,0,0.0,0.0,0.0,0.0,0,0.0,0.0,0.0,0.0,0.0,0.0,0.0,0.733333,1
Fannie Mae,2021-09,1,@fanniemae,13,0,0.0,0.0,0.0,0.0,0,0.0,0.0,0.0,0.0,0.0,0.0,0.0,0.384615,0
Fannie Mae,2021-10,1,@fanniemae,9,0,0.0,0.0,0.0,0.0,0,0.0,0.0,0.0,0.0,0.0,0.0,0.0,0.555556,1
Fannie Mae,2021-11,1,@fanniemae,8,0,0.0,0.0,0.0,0.0,0,0.0,0.0,0.0,0.0,0.0,0.0,0.0,0.625,1
Fannie Mae,2021-12,1,@fanniemae,13,0,0.0,0.0,0.0,0.0,0,0.0,0.0,0.0,0.0,0.0,0.0,0.0,0.461538,0
Fannie Mae,2022-01,1,@fanniemae,9,0,0.0,0.0,0.0,0.0,0,0.0,0.0,0.0,0.0,0.0,0.0,0.0,0.888889,1
Fannie Mae,2022-02,1,@fanniemae,6,0,0.0,0.0,0.0,0.0,0,0.0,0.0,0.0,0.0,0.0,0.0,0.0,0.333333,0
Fannie Mae,2022-03,1,@fanniemae,5,0,0.0,0.0,0.0,0.0,0,0.0,0.0,0.0,0.0,0.0,0.0,0.0,0.6,1
Fannie Mae,2022-04,1,@fanniemae,5,0,0.0,0.0,0.0,0.0,0,0.0,0.0,0.0,0.0,0.0,0.0,0.0,0.4,0
Fannie Mae,2022-05,1,@fanniemae,11,0,0.0,0.0,0.0,0.0,0,0.0,0.0,0.0,0.0,0.0,0.0,0.0,0.727273,1
Fannie Mae,2022-06,1,@fanniemae,19,0,0.0,0.0,0.0,0.0,0,0.0,0.0,0.0,0.0,0.0,0.0,0.0,0.684211,1
Fannie Mae,2022-07,1,@fanniemae,15,0,0.0,0.0,0.0,0.0,0,0.0,0.066667,0.004444489,0.0,0.0,0.0,0.0,0.466667,0
Fannie Mae,2022-08,1,@fanniemae,10,0,0.0,0.0,0.0,0.0,0,0.0,0.0,0.0,0.0,0.0,0.0,0.0,0.9,1
Fannie Mae,2022-09,1,@fanniemae,13,0,0.0,0.0,0.0,0.0,0,0.0,0.0,0.0,0.0,0.0,0.0,0.0,0.461538,0
Fannie Mae,2022-10,1,@fanniemae,12,0,0.0,0.0,0.0,0.0,0,0.0,0.0,0.0,0.0,0.0,0.0,0.0,0.583333,1
Fannie Mae,2022-11,1,@fanniemae,1,0,0.0,0.0,0.0,0.0,0,0.0,0.0,0.0,0.0,0.0,0.0,0.0,0.0,0
Fannie Mae,2023-04,1,@fanniemae,8,0,0.0,0.0,0.0,0.0,0,0.0,0.0,0.0,0.0,0.0,0.0,0.0,0.625,1
Fannie Mae,2023-05,1,@fanniemae,4,0,0.0,0.0,0.0,0.0,0,0.0,0.0,0.0,0.0,0.0,0.0,0.0,0.75,1
Fannie Mae,2023-06,1,@fanniemae,11,0,0.0,0.0,0.0,0.0,0,0.0,0.0,0.0,0.0,0.0,0.0,0.0,0.727273,1
Fannie Mae,2023-07,1,@fanniemae,5,0,0.0,0.0,0.0,0.0,0,0.0,0.0,0.0,0.0,0.0,0.0,0.0,0.6,1
Fannie Mae,2023-08,1,@fanniemae,7,0,0.0,0.0,0.0,0.0,0,0.0,0.0,0.0,0.0,0.0,0.0,0.0,0.428571,0
Fannie Mae,2023-09,1,@fanniemae,4,0,0.0,0.0,0.0,0.0,0,0.0,0.0,0.0,0.0,0.0,0.0,0.0,0.75,1
Fannie Mae,2023-10,1,@fanniemae,6,0,0.0,0.0,0.0,0.0,0,0.0,0.0,0.0,0.0,0.0,0.0,0.0,0.833333,1
Fannie Mae,2023-11,1,@fanniemae,9,0,0.0,0.0,0.0,0.0,0,0.0,0.0,0.0,0.0,0.0,0.0,0.0,0.777778,1
Fannie Mae,2023-12,1,@fanniemae,3,0,0.0,0.0,0.0,0.0,0,,0.0,0.0,0.0,0.0,0.0,0.0,1.0,1
Fannie Mae,2024-01,1,@fanniemae,6,0,0.0,0.0,0.0,0.0,0,0.0,0.0,0.0,0.0,0.0,0.0,0.0,0.333333,0
Fannie Mae,2024-02,1,@fanniemae,4,0,0.0,0.0,0.0,0.0,0,0.0,0.0,0.0,0.0,0.0,0.0,0.0,0.75,1
Fannie Mae,2024-03,1,@fanniemae,2,0,0.0,0.0,0.0,0.0,0,0.0,0.0,0.0,0.0,0.0,0.0,0.0,0.5,1
Fannie Mae,2024-04,1,@fanniemae,6,0,0.0,0.0,0.0,0.0,0,0.0,0.0,0.0,0.0,0.0,0.0,0.0,0.5,1
Fannie Mae,2024-05,1,@fanniemae,2,0,0.0,0.0,0.0,0.0,0,0.0,0.0,0.0,0.0,0.0,0.0,0.0,0.0,0
Fannie Mae,2024-06,1,@fanniemae,2,0,0.0,0.0,0.0,0.0,0,,0.0,0.0,0.0,0.0,0.0,0.0,1.0,1
Fannie Mae,2024-07,1,@fanniemae,4,0,0.0,0.0,0.0,0.0,0,0.0,0.0,0.0,0.0,0.0,0.0,0.0,0.5,1
Fannie Mae,2024-08,1,@fanniemae,3,0,0.0,0.0,0.0,0.0,0,0.0,0.0,0.0,0.0,0.0,0.0,0.0,0.666667,1
Fannie Mae,2024-09,1,@fanniemae,3,0,0.0,0.0,0.0,0.0,0,0.0,0.0,0.0,0.0,0.0,0.0,0.0,0.666667,1
Fannie Mae,2024-10,1,@fanniemae,13,0,0.0,0.0,0.0,0.0,0,0.0,0.0,0.0,0.0,0.0,0.0,0.0,0.538462,1
Fannie Mae,2024-11,1,@fanniemae,2,0,0.0,0.0,0.0,0.0,0,,0.0,0.0,0.0,0.0,0.0,0.0,1.0,1
Fannie Mae,2024-12,1,@fanniemae,2,0,0.0,0.0,0.0,0.0,0,0.0,0.0,0.0,0.0,0.0,0.0,0.0,0.5,1
Fannie Mae,2025-01,1,@fanniemae,3,0,0.0,0.0,0.0,0.0,0,0.0,0.0,0.0,0.0,0.0,0.0,0.0,0.666667,1
Fannie Mae,2025-02,1,@fanniemae,4,0,0.0,0.0,0.0,0.0,0,0.0,0.0,0.0,0.0,0.0,0.0,0.0,0.25,0
Fannie Mae,2025-03,1,@fanniemae,3,0,0.0,0.0,0.0,0.0,0,0.0,0.0,0.0,0.0,0.0,0.0,0.0,0.666667,1
Fannie Mae,2025-04,1,@fanniemae,7,0,0.0,0.0,0.0,0.0,0,0.0,0.0,0.0,0.0,0.0,0.0,0.0,0.714286,1
Fannie Mae,2025-05,1,@fanniemae,9,0,0.0,0.0,0.0,0.0,0,0.0,0.0,0.0,0.0,0.0,0.0,0.0,0.111111,0
Fannie Mae,2025-06,1,@fanniemae,60,0,0.0,0.0,0.0,0.0,0,0.0,0.0,0.0,0.0,0.0,0.0,0.0,0.55,1
Fannie Mae,2025-07,1,@fanniemae,40,0,0.0,0.0,0.0,0.0,0,0.0,0.0,0.0,0.0,0.0,0.0,0.0,0.525,1
Fannie Mae,2025-08,1,@fanniemae,24,0,0.0,0.0,0.0,0.0,0,0.0,0.0,0.0,0.0,0.0,0.0,0.0,0.666667,1
Fannie Mae,2025-09,1,@fanniemae,23,0,0.0,0.0,0.0,0.0,0,0.0,0.0,0.0,0.0,0.0,0.0,0.0,0.521739,1
Fannie Mae,2025-10,1,@fanniemae,28,0,0.0,0.0,0.0,0.0,0,0.0,0.0,0.0,0.0,0.0,0.0,0.0,0.428571,0
Fannie Mae,2025-11,1,@fanniemae,15,0,0.0,0.0,0.0,0.0,0,0.0,0.0,0.0,0.0,0.0,0.0,0.0,0.8,1
Fannie Mae,2025-12,1,@fanniemae,12,0,0.0,0.0,0.0,0.0,0,0.0,0.0,0.0,0.0,0.0,0.0,0.0,0.5,1
Fannie Mae,2026-01,1,@fanniemae,16,0,0.0,0.0,0.0,0.0,0,0.0,0.0,0.0,0.0,0.0,0.0,0.0,0.5625,1
Fannie Mae,2026-02,1,@fanniemae,14,0,0.0,0.0,0.0,0.0,0,0.0,0.0,0.0,0.0,0.0,0.0,0.0,0.642857,1
Fannie Mae,2026-03,1,@fanniemae,13,0,0.0,0.0,0.0,0.0,0,0.0,0.0,0.0,0.0,0.0,0.0,0.0,0.461538,0
Fannie Mae,2026-04,1,@fanniemae,15,0,0.0,0.0,0.0,0.0,0,0.0,0.0,0.0,0.0,0.0,0.0,0.0,0.733333,1
Fannie Mae,2026-05,1,@fanniemae,13,0,0.0,0.0,0.0,0.0,0,0.0,0.0,0.0,0.0,0.0,0.0,0.0,0.538462,1
Fannie Mae,2026-06,1,@fanniemae,5,0,0.0,0.0,0.0,0.0,0,0.0,0.0,0.0,0.0,0.0,0.0,0.0,0.6,1
FedEx,2022-06,1,@fedex,4,0,0.0,0.0,0.0,0.0,0,0.0,0.0,0.0,0.0,0.0,0.0,0.0,0.75,1
FedEx,2022-07,1,@fedex,17,0,0.0,0.0,0.0,0.0,0,0.0,0.0,0.0,0.0,0.0,0.0,0.0,0.352941,0
FedEx,2022-08,1,@fedex,25,2,0.08,0.08,0.0064,1.098612,1,0.133333,0.08,0.0064,0.0224,0.001792,0.08,0.0064,0.4,0
FedEx,2022-09,1,@fedex,24,0,0.0,0.0,0.0,0.0,0,0.0,0.0,0.0,0.0,0.0,0.0,0.0,0.5,1
FedEx,2022-10,1,@fedex,25,0,0.0,0.0,0.0,0.0,0,0.0,0.0,0.0,0.0,0.0,0.0,0.0,0.4,0
FedEx,2022-11,1,@fedex,38,0,0.0,0.0,0.0,0.0,0,0.0,0.0,0.0,0.0,0.0,0.0,0.0,0.605263,1
FedEx,2022-12,1,@fedex,42,0,0.0,0.0,0.0,0.0,0,0.0,0.0,0.0,0.0,0.0,0.0,0.0,0.547619,1
FedEx,2023-01,1,@fedex,10,0,0.0,0.0,0.0,0.0,0,0.0,0.0,0.0,0.0,0.0,0.0,0.0,0.4,0
FedEx,2023-02,1,@fedex,26,0,0.0,0.0,0.0,0.0,0,0.0,0.0,0.0,0.0,0.0,0.0,0.0,0.615385,1
FedEx,2023-03,1,@fedex,16,0,0.0,0.0,0.0,0.0,0,0.0,0.0,0.0,0.0,0.0,0.0,0.0,0.4375,0
FedEx,2023-04,1,@fedex,27,0,0.0,0.0,0.0,0.0,0,0.0,0.0,0.0,0.0,0.0,0.0,0.0,0.62963,1
FedEx,2023-05,1,@fedex,23,0,0.0,0.0,0.0,0.0,0,0.0,0.0,0.0,0.0,0.0,0.0,0.0,0.304348,0
FedEx,2023-06,1,@fedex,22,0,0.0,0.0,0.0,0.0,0,0.0,0.0,0.0,0.0,0.0,0.0,0.0,0.590909,1
FedEx,2023-07,1,@fedex,13,0,0.0,0.0,0.0,0.0,0,0.0,0.0,0.0,0.0,0.0,0.0,0.0,0.692308,1
FedEx,2023-08,1,@fedex,34,0,0.0,0.0,0.0,0.0,0,0.0,0.0,0.0,0.0,0.0,0.0,0.0,0.5,1
FedEx,2023-09,1,@fedex,16,0,0.0,0.0,0.0,0.0,0,0.0,0.0,0.0,0.0,0.0,0.0,0.0,0.125,0
FedEx,2023-10,1,@fedex,24,0,0.0,0.0,0.0,0.0,0,0.0,0.0,0.0,0.0,0.0,0.0,0.0,0.333333,0
FedEx,2023-11,1,@fedex,37,0,0.0,0.0,0.0,0.0,0,0.0,0.0,0.0,0.0,0.0,0.0,0.0,0.378378,0
FedEx,2023-12,1,@fedex,38,0,0.0,0.0,0.0,0.0,0,0.0,0.0,0.0,0.0,0.0,0.0,0.0,0.421053,0
FedEx,2024-01,1,@fedex,21,0,0.0,0.0,0.0,0.0,0,0.0,0.0,0.0,0.0,0.0,0.0,0.0,0.619048,1
FedEx,2024-02,1,@fedex,30,0,0.0,0.0,0.0,0.0,0,0.0,0.0,0.0,0.0,0.0,0.0,0.0,0.633333,1
FedEx,2024-03,1,@fedex,15,0,0.0,0.0,0.0,0.0,0,0.0,0.0,0.0,0.0,0.0,0.0,0.0,0.4,0
FedEx,2024-04,1,@fedex,24,0,0.0,0.0,0.0,0.0,0,0.0,0.0,0.0,0.0,0.0,0.0,0.0,0.375,0
FedEx,2024-05,1,@fedex,20,0,0.0,0.0,0.0,0.0,0,0.0,0.0,0.0,0.0,0.0,0.0,0.0,0.4,0
FedEx,2024-06,1,@fedex,13,0,0.0,0.0,0.0,0.0,0,0.0,0.0,0.0,0.0,0.0,0.0,0.0,0.615385,1
FedEx,2024-07,1,@fedex,18,0,0.0,0.0,0.0,0.0,0,0.0,0.0,0.0,0.0,0.0,0.0,0.0,0.277778,0
FedEx,2024-08,1,@fedex,29,0,0.0,0.0,0.0,0.0,0,0.0,0.0,0.0,0.0,0.0,0.0,0.0,0.448276,0
FedEx,2024-09,1,@fedex,13,0,0.0,0.0,0.0,0.0,0,0.0,0.0,0.0,0.0,0.0,0.0,0.0,0.230769,0
FedEx,2024-10,1,@fedex,36,0,0.0,0.0,0.0,0.0,0,0.0,0.0,0.0,0.0,0.0,0.0,0.0,0.472222,0
FedEx,2024-11,1,@fedex,10,0,0.0,0.0,0.0,0.0,0,0.0,0.0,0.0,0.0,0.0,0.0,0.0,0.5,1
FedEx,2024-12,1,@fedex,10,0,0.0,0.0,0.0,0.0,0,0.0,0.0,0.0,0.0,0.0,0.0,0.0,0.5,1
FedEx,2025-01,1,@fedex,15,0,0.0,0.0,0.0,0.0,0,0.0,0.0,0.0,0.0,0.0,0.0,0.0,0.266667,0
FedEx,2025-02,1,@fedex,28,0,0.0,0.0,0.0,0.0,0,0.0,0.0,0.0,0.0,0.0,0.0,0.0,0.428571,0
FedEx,2025-03,1,@fedex,13,0,0.0,0.0,0.0,0.0,0,0.0,0.0,0.0,0.0,0.0,0.0,0.0,0.307692,0
FedEx,2025-04,1,@fedex,11,0,0.0,0.0,0.0,0.0,0,0.0,0.0,0.0,0.0,0.0,0.0,0.0,0.272727,0
FedEx,2025-05,1,@fedex,5,0,0.0,0.0,0.0,0.0,0,0.0,0.0,0.0,0.0,0.0,0.0,0.0,0.4,0
FedEx,2025-06,1,@fedex,6,0,0.0,0.0,0.0,0.0,0,0.0,0.0,0.0,0.0,0.0,0.0,0.0,0.666667,1
FedEx,2025-07,1,@fedex,10,0,0.0,0.0,0.0,0.0,0,0.0,0.0,0.0,0.0,0.0,0.0,0.0,0.7,1
FedEx,2025-08,1,@fedex,23,0,0.0,0.0,0.0,0.0,0,0.0,0.0,0.0,0.0,0.0,0.0,0.0,0.478261,0
FedEx,2025-09,1,@fedex,11,0,0.0,0.0,0.0,0.0,0,0.0,0.0,0.0,0.0,0.0,0.0,0.0,0.636364,1
FedEx,2025-10,1,@fedex,12,1,0.083333,0.083333,0.006944389,0.693147,1,0.125,0.083333,0.006944389,0.02083325,0.001736097,0.083333,0.006944389,0.333333,0
FedEx,2025-11,1,@fedex,10,0,0.0,0.0,0.0,0.0,0,0.0,0.0,0.0,0.0,0.0,0.0,0.0,0.5,1
FedEx,2025-12,1,@fedex,10,0,0.0,0.0,0.0,0.0,0,0.0,0.0,0.0,0.0,0.0,0.0,0.0,0.6,1
FedEx,2026-01,1,@fedex,11,0,0.0,0.0,0.0,0.0,0,0.0,0.0,0.0,0.0,0.0,0.0,0.0,0.363636,0
FedEx,2026-02,1,@fedex,6,0,0.0,0.0,0.0,0.0,0,0.0,0.0,0.0,0.0,0.0,0.0,0.0,0.5,1
FedEx,2026-03,1,@fedex,3,0,0.0,0.0,0.0,0.0,0,0.0,0.0,0.0,0.0,0.0,0.0,0.0,0.0,0
FedEx,2026-04,1,@fedex,7,0,0.0,0.0,0.0,0.0,0,0.0,0.0,0.0,0.0,0.0,0.0,0.0,0.142857,0
FedEx,2026-05,1,@fedex,1,0,0.0,0.0,0.0,0.0,0,,0.0,0.0,0.0,0.0,0.0,0.0,1.0,1
Ford Motor,2021-10,1,@Ford,1,0,0.0,0.0,0.0,0.0,0,0.0,0.0,0.0,0.0,0.0,0.0,0.0,0.0,0
Ford Motor,2022-04,1,@Ford,30,0,0.0,0.0,0.0,0.0,0,0.0,0.0,0.0,0.0,0.0,0.0,0.0,0.566667,1
Ford Motor,2022-05,1,@Ford,27,1,0.037037,0.037037,0.001371739,0.693147,1,0.090909,0.037037,0.001371739,0.005486957,0.00020322,0.037037,0.001371739,0.592593,1
Ford Motor,2022-06,1,@Ford,27,0,0.0,0.0,0.0,0.0,0,0.0,0.0,0.0,0.0,0.0,0.0,0.0,0.592593,1
Ford Motor,2022-07,1,@Ford,27,0,0.0,0.0,0.0,0.0,0,0.0,0.0,0.0,0.0,0.0,0.0,0.0,0.555556,1
Ford Motor,2022-08,1,@Ford,32,0,0.0,0.0,0.0,0.0,0,0.0,0.0,0.0,0.0,0.0,0.0,0.0,0.5625,1
Ford Motor,2022-09,1,@Ford,81,0,0.0,0.0,0.0,0.0,0,0.0,0.0,0.0,0.0,0.0,0.0,0.0,0.580247,1
Ford Motor,2022-10,1,@Ford,52,0,0.0,0.0,0.0,0.0,0,0.0,0.0,0.0,0.0,0.0,0.0,0.0,0.461538,0
Ford Motor,2022-11,1,@Ford,61,0,0.0,0.0,0.0,0.0,0,0.0,0.0,0.0,0.0,0.0,0.0,0.0,0.57377,1
Ford Motor,2022-12,1,@Ford,56,0,0.0,0.0,0.0,0.0,0,0.0,0.0,0.0,0.0,0.0,0.0,0.0,0.482143,0
Ford Motor,2023-01,1,@Ford,42,0,0.0,0.0,0.0,0.0,0,0.0,0.0,0.0,0.0,0.0,0.0,0.0,0.642857,1
Ford Motor,2023-02,1,@Ford,71,0,0.0,0.0,0.0,0.0,0,0.0,0.0,0.0,0.0,0.0,0.0,0.0,0.535211,1
Ford Motor,2023-03,1,@Ford,62,0,0.0,0.0,0.0,0.0,0,0.0,0.0,0.0,0.0,0.0,0.0,0.0,0.532258,1
Ford Motor,2023-04,1,@Ford,50,0,0.0,0.0,0.0,0.0,0,0.0,0.0,0.0,0.0,0.0,0.0,0.0,0.66,1
Ford Motor,2023-05,1,@Ford,35,0,0.0,0.0,0.0,0.0,0,0.0,0.0,0.0,0.0,0.0,0.0,0.0,0.571429,1
Ford Motor,2023-06,1,@Ford,33,0,0.0,0.0,0.0,0.0,0,0.0,0.0,0.0,0.0,0.0,0.0,0.0,0.454545,0
Ford Motor,2023-07,1,@Ford,13,0,0.0,0.0,0.0,0.0,0,0.0,0.0,0.0,0.0,0.0,0.0,0.0,0.769231,1
Ford Motor,2023-08,1,@Ford,25,0,0.0,0.0,0.0,0.0,0,0.0,0.0,0.0,0.0,0.0,0.0,0.0,0.44,0
Ford Motor,2023-09,1,@Ford,16,0,0.0,0.0,0.0,0.0,0,0.0,0.0,0.0,0.0,0.0,0.0,0.0,0.75,1
Ford Motor,2023-10,1,@Ford,15,0,0.0,0.0,0.0,0.0,0,0.0,0.0,0.0,0.0,0.0,0.0,0.0,0.8,1
Ford Motor,2023-11,1,@Ford,19,0,0.0,0.0,0.0,0.0,0,0.0,0.0,0.0,0.0,0.0,0.0,0.0,0.684211,1
Ford Motor,2023-12,1,@Ford,12,0,0.0,0.0,0.0,0.0,0,0.0,0.0,0.0,0.0,0.0,0.0,0.0,0.583333,1
Ford Motor,2024-01,1,@Ford,24,0,0.0,0.0,0.0,0.0,0,0.0,0.0,0.0,0.0,0.0,0.0,0.0,0.375,0
Ford Motor,2024-02,1,@Ford,18,0,0.0,0.0,0.0,0.0,0,0.0,0.0,0.0,0.0,0.0,0.0,0.0,0.277778,0
Ford Motor,2024-03,1,@Ford,15,0,0.0,0.0,0.0,0.0,0,0.0,0.0,0.0,0.0,0.0,0.0,0.0,0.666667,1
Ford Motor,2024-04,1,@Ford,21,0,0.0,0.0,0.0,0.0,0,0.0,0.0,0.0,0.0,0.0,0.0,0.0,0.571429,1
Ford Motor,2024-05,1,@Ford,27,0,0.0,0.0,0.0,0.0,0,0.0,0.0,0.0,0.0,0.0,0.0,0.0,0.407407,0
Ford Motor,2024-06,1,@Ford,37,0,0.0,0.0,0.0,0.0,0,0.0,0.0,0.0,0.0,0.0,0.0,0.0,0.513514,1
Ford Motor,2024-07,1,@Ford,11,0,0.0,0.0,0.0,0.0,0,0.0,0.0,0.0,0.0,0.0,0.0,0.0,0.545455,1
Ford Motor,2024-08,1,@Ford,14,0,0.0,0.0,0.0,0.0,0,0.0,0.0,0.0,0.0,0.0,0.0,0.0,0.857143,1
Ford Motor,2024-09,1,@Ford,23,0,0.0,0.0,0.0,0.0,0,0.0,0.0,0.0,0.0,0.0,0.0,0.0,0.695652,1
Ford Motor,2024-10,1,@Ford,10,0,0.0,0.0,0.0,0.0,0,0.0,0.0,0.0,0.0,0.0,0.0,0.0,0.9,1
Ford Motor,2024-11,1,@Ford,5,0,0.0,0.0,0.0,0.0,0,0.0,0.0,0.0,0.0,0.0,0.0,0.0,0.6,1
Ford Motor,2024-12,1,@Ford,5,0,0.0,0.0,0.0,0.0,0,0.0,0.0,0.0,0.0,0.0,0.0,0.0,0.4,0
Ford Motor,2025-01,1,@Ford,1,0,0.0,0.0,0.0,0.0,0,0.0,0.0,0.0,0.0,0.0,0.0,0.0,0.0,0
Ford Motor,2025-02,1,@Ford,4,0,0.0,0.0,0.0,0.0,0,0.0,0.0,0.0,0.0,0.0,0.0,0.0,0.25,0
Ford Motor,2025-03,1,@Ford,12,0,0.0,0.0,0.0,0.0,0,0.0,0.0,0.0,0.0,0.0,0.0,0.0,0.666667,1
Ford Motor,2025-04,1,@Ford,5,0,0.0,0.0,0.0,0.0,0,0.0,0.0,0.0,0.0,0.0,0.0,0.0,0.8,1
Ford Motor,2025-05,1,@Ford,17,0,0.0,0.0,0.0,0.0,0,0.0,0.0,0.0,0.0,0.0,0.0,0.0,0.352941,0
Ford Motor,2025-06,1,@Ford,13,1,0.076923,0.076923,0.005917148,0.693147,1,0.125,0.076923,0.005917148,0.017751444,0.001365494,0.076923,0.005917148,0.384615,0
Ford Motor,2025-07,1,@Ford,10,0,0.0,0.0,0.0,0.0,0,0.0,0.0,0.0,0.0,0.0,0.0,0.0,0.6,1
Ford Motor,2025-08,1,@Ford,8,0,0.0,0.0,0.0,0.0,0,0.0,0.0,0.0,0.0,0.0,0.0,0.0,0.25,0
Ford Motor,2025-09,1,@Ford,4,0,0.0,0.0,0.0,0.0,0,0.0,0.0,0.0,0.0,0.0,0.0,0.0,0.25,0
Ford Motor,2025-10,1,@Ford,7,0,0.0,0.0,0.0,0.0,0,0.0,0.0,0.0,0.0,0.0,0.0,0.0,0.428571,0
Ford Motor,2025-11,1,@Ford,5,0,0.0,0.0,0.0,0.0,0,0.0,0.0,0.0,0.0,0.0,0.0,0.0,0.6,1
Ford Motor,2025-12,1,@Ford,2,0,0.0,0.0,0.0,0.0,0,0.0,0.0,0.0,0.0,0.0,0.0,0.0,0.0,0
Ford Motor,2026-01,1,@Ford,12,0,0.0,0.0,0.0,0.0,0,0.0,0.0,0.0,0.0,0.0,0.0,0.0,0.583333,1
Ford Motor,2026-02,1,@Ford,6,0,0.0,0.0,0.0,0.0,0,0.0,0.0,0.0,0.0,0.0,0.0,0.0,0.666667,1
Ford Motor,2026-03,1,@Ford,11,0,0.0,0.0,0.0,0.0,0,0.0,0.0,0.0,0.0,0.0,0.0,0.0,0.545455,1
Ford Motor,2026-04,1,@Ford,16,0,0.0,0.0,0.0,0.0,0,0.0,0.0,0.0,0.0,0.0,0.0,0.0,0.5,1
Ford Motor,2026-05,1,@Ford,15,0,0.0,0.0,0.0,0.0,0,0.0,0.0,0.0,0.0,0.0,0.0,0.0,0.4,0
Ford Motor,2026-06,1,@Ford,1,0,0.0,0.0,0.0,0.0,0,,0.0,0.0,0.0,0.0,0.0,0.0,1.0,1
Freddie Mac,2025-07,1,@FreddieMac,20,0,0.0,0.0,0.0,0.0,0,0.0,0.0,0.0,0.0,0.0,0.0,0.0,0.5,1
Freddie Mac,2025-08,1,@FreddieMac,26,0,0.0,0.0,0.0,0.0,0,0.0,0.0,0.0,0.0,0.0,0.0,0.0,0.384615,0
Freddie Mac,2025-09,1,@FreddieMac,27,0,0.0,0.0,0.0,0.0,0,0.0,0.0,0.0,0.0,0.0,0.0,0.0,0.481481,0
Freddie Mac,2025-10,1,@FreddieMac,22,0,0.0,0.0,0.0,0.0,0,0.0,0.0,0.0,0.0,0.0,0.0,0.0,0.272727,0
Freddie Mac,2025-11,1,@FreddieMac,18,0,0.0,0.0,0.0,0.0,0,0.0,0.055556,0.003086469,0.0,0.0,0.0,0.0,0.333333,0
Freddie Mac,2025-12,1,@FreddieMac,14,0,0.0,0.0,0.0,0.0,0,0.0,0.0,0.0,0.0,0.0,0.0,0.0,0.214286,0
Freddie Mac,2026-01,1,@FreddieMac,13,0,0.0,0.0,0.0,0.0,0,0.0,0.0,0.0,0.0,0.0,0.0,0.0,0.461538,0
Freddie Mac,2026-02,1,@FreddieMac,18,0,0.0,0.0,0.0,0.0,0,0.0,0.0,0.0,0.0,0.0,0.0,0.0,0.333333,0
Freddie Mac,2026-03,1,@FreddieMac,15,0,0.0,0.0,0.0,0.0,0,0.0,0.0,0.0,0.0,0.0,0.0,0.0,0.6,1
Freddie Mac,2026-04,1,@FreddieMac,16,0,0.0,0.0,0.0,0.0,0,0.0,0.0,0.0,0.0,0.0,0.0,0.0,0.25,0
Freddie Mac,2026-05,1,@FreddieMac,19,0,0.0,0.0,0.0,0.0,0,0.0,0.0,0.0,0.0,0.0,0.0,0.0,0.421053,0
Freddie Mac,2026-06,1,@FreddieMac,8,0,0.0,0.0,0.0,0.0,0,0.0,0.0,0.0,0.0,0.0,0.0,0.0,0.375,0
Galaxy Digital,2017-10,1,@galaxydigital,4,0,0.0,0.0,0.0,0.0,0,0.0,0.0,0.0,0.0,0.0,0.0,0.0,0.5,1
Galaxy Digital,2017-11,1,@galaxydigital,9,0,0.0,0.0,0.0,0.0,0,0.0,0.0,0.0,0.0,0.0,0.0,0.0,0.222222,0
Galaxy Digital,2017-12,1,@galaxydigital,1,0,0.0,0.0,0.0,0.0,0,0.0,0.0,0.0,0.0,0.0,0.0,0.0,0.0,0
Galaxy Digital,2018-01,1,@galaxydigital,3,0,0.0,0.0,0.0,0.0,0,0.0,0.0,0.0,0.0,0.0,0.0,0.0,0.0,0
Galaxy Digital,2018-02,1,@galaxydigital,2,0,0.0,0.0,0.0,0.0,0,0.0,0.0,0.0,0.0,0.0,0.0,0.0,0.0,0
Galaxy Digital,2018-03,1,@galaxydigital,1,0,0.0,0.0,0.0,0.0,0,0.0,0.0,0.0,0.0,0.0,0.0,0.0,0.0,0
Galaxy Digital,2018-06,1,@galaxydigital,3,0,0.0,0.0,0.0,0.0,0,0.0,0.0,0.0,0.0,0.0,0.0,0.0,0.666667,1
Galaxy Digital,2018-07,1,@galaxydigital,6,0,0.0,0.0,0.0,0.0,0,0.0,0.0,0.0,0.0,0.0,0.0,0.0,0.5,1
Galaxy Digital,2018-08,1,@galaxydigital,16,0,0.0,0.0,0.0,0.0,0,0.0,0.0,0.0,0.0,0.0,0.0,0.0,0.625,1
Galaxy Digital,2018-09,1,@galaxydigital,28,0,0.0,0.0,0.0,0.0,0,0.0,0.0,0.0,0.0,0.0,0.0,0.0,0.571429,1
Galaxy Digital,2018-10,1,@galaxydigital,21,0,0.0,0.0,0.0,0.0,0,0.0,0.0,0.0,0.0,0.0,0.0,0.0,0.666667,1
Galaxy Digital,2018-11,1,@galaxydigital,12,0,0.0,0.0,0.0,0.0,0,0.0,0.0,0.0,0.0,0.0,0.0,0.0,0.333333,0
Galaxy Digital,2018-12,1,@galaxydigital,5,0,0.0,0.0,0.0,0.0,0,0.0,0.0,0.0,0.0,0.0,0.0,0.0,0.6,1
Galaxy Digital,2019-01,1,@galaxydigital,10,0,0.0,0.0,0.0,0.0,0,0.0,0.0,0.0,0.0,0.0,0.0,0.0,0.6,1
Galaxy Digital,2019-02,1,@galaxydigital,4,0,0.0,0.0,0.0,0.0,0,0.0,0.0,0.0,0.0,0.0,0.0,0.0,0.5,1
Galaxy Digital,2019-03,1,@galaxydigital,8,0,0.0,0.0,0.0,0.0,0,0.0,0.0,0.0,0.0,0.0,0.0,0.0,0.5,1
Galaxy Digital,2019-04,1,@galaxydigital,2,0,0.0,0.0,0.0,0.0,0,,0.0,0.0,0.0,0.0,0.0,0.0,1.0,1
Galaxy Digital,2019-06,1,@galaxydigital,2,0,0.0,0.0,0.0,0.0,0,0.0,0.0,0.0,0.0,0.0,0.0,0.0,0.0,0
General Dynamics,2022-01,1,@generaldynamics,33,0,0.0,0.0,0.0,0.0,0,0.0,0.0,0.0,0.0,0.0,0.0,0.0,0.575758,1
General Dynamics,2022-02,1,@generaldynamics,53,0,0.0,0.0,0.0,0.0,0,0.0,0.0,0.0,0.0,0.0,0.0,0.0,0.490566,0
General Dynamics,2022-03,1,@generaldynamics,63,0,0.0,0.0,0.0,0.0,0,0.0,0.0,0.0,0.0,0.0,0.0,0.0,0.68254,1
General Dynamics,2022-04,1,@generaldynamics,147,0,0.0,0.0,0.0,0.0,0,0.0,0.0,0.0,0.0,0.0,0.0,0.0,0.544218,1
General Dynamics,2022-05,1,@generaldynamics,154,0,0.0,0.0,0.0,0.0,0,0.0,0.0,0.0,0.0,0.0,0.0,0.0,0.506494,1
General Dynamics,2022-06,1,@generaldynamics,106,0,0.0,0.0,0.0,0.0,0,0.0,0.0,0.0,0.0,0.0,0.0,0.0,0.433962,0
General Dynamics,2022-07,1,@generaldynamics,95,0,0.0,0.0,0.0,0.0,0,0.0,0.0,0.0,0.0,0.0,0.0,0.0,0.568421,1
General Dynamics,2022-08,1,@generaldynamics,106,0,0.0,0.0,0.0,0.0,0,0.0,0.0,0.0,0.0,0.0,0.0,0.0,0.575472,1
General Dynamics,2022-09,1,@generaldynamics,113,0,0.0,0.0,0.0,0.0,0,0.0,0.0,0.0,0.0,0.0,0.0,0.0,0.522124,1
General Dynamics,2022-10,1,@generaldynamics,171,1,0.005848,0.005848,3.4199e-05,0.693147,1,0.011494,0.005848,3.4199e-05,0.001231156,7.2e-06,0.005848,3.4199e-05,0.491228,0
General Dynamics,2022-11,1,@generaldynamics,141,0,0.0,0.0,0.0,0.0,0,0.0,0.0,0.0,0.0,0.0,0.0,0.0,0.524823,1
General Dynamics,2022-12,1,@generaldynamics,52,0,0.0,0.0,0.0,0.0,0,0.0,0.0,0.0,0.0,0.0,0.0,0.0,0.403846,0
General Dynamics,2023-01,1,@generaldynamics,9,0,0.0,0.0,0.0,0.0,0,0.0,0.0,0.0,0.0,0.0,0.0,0.0,0.333333,0
General Dynamics,2023-02,1,@generaldynamics,7,0,0.0,0.0,0.0,0.0,0,0.0,0.0,0.0,0.0,0.0,0.0,0.0,0.428571,0
General Dynamics,2023-03,1,@generaldynamics,18,0,0.0,0.0,0.0,0.0,0,0.0,0.0,0.0,0.0,0.0,0.0,0.0,0.555556,1
General Dynamics,2023-04,1,@generaldynamics,8,0,0.0,0.0,0.0,0.0,0,0.0,0.0,0.0,0.0,0.0,0.0,0.0,0.375,0
General Dynamics,2023-05,1,@generaldynamics,16,0,0.0,0.0,0.0,0.0,0,0.0,0.0,0.0,0.0,0.0,0.0,0.0,0.75,1
General Dynamics,2023-06,1,@generaldynamics,20,0,0.0,0.0,0.0,0.0,0,0.0,0.0,0.0,0.0,0.0,0.0,0.0,0.5,1
General Dynamics,2023-07,1,@generaldynamics,8,0,0.0,0.0,0.0,0.0,0,0.0,0.0,0.0,0.0,0.0,0.0,0.0,0.5,1
General Dynamics,2023-08,1,@generaldynamics,15,0,0.0,0.0,0.0,0.0,0,0.0,0.0,0.0,0.0,0.0,0.0,0.0,0.533333,1
General Dynamics,2023-09,1,@generaldynamics,8,0,0.0,0.0,0.0,0.0,0,0.0,0.0,0.0,0.0,0.0,0.0,0.0,0.625,1
General Dynamics,2023-10,1,@generaldynamics,10,0,0.0,0.0,0.0,0.0,0,0.0,0.0,0.0,0.0,0.0,0.0,0.0,0.4,0
General Dynamics,2023-11,1,@generaldynamics,2,0,0.0,0.0,0.0,0.0,0,0.0,0.0,0.0,0.0,0.0,0.0,0.0,0.5,1
General Dynamics,2023-12,1,@generaldynamics,5,0,0.0,0.0,0.0,0.0,0,0.0,0.0,0.0,0.0,0.0,0.0,0.0,0.6,1
General Dynamics,2024-01,1,@generaldynamics,6,0,0.0,0.0,0.0,0.0,0,0.0,0.0,0.0,0.0,0.0,0.0,0.0,0.333333,0
General Dynamics,2024-02,1,@generaldynamics,6,0,0.0,0.0,0.0,0.0,0,0.0,0.0,0.0,0.0,0.0,0.0,0.0,0.333333,0
General Dynamics,2024-03,1,@generaldynamics,10,0,0.0,0.0,0.0,0.0,0,0.0,0.0,0.0,0.0,0.0,0.0,0.0,0.2,0
General Dynamics,2024-04,1,@generaldynamics,12,0,0.0,0.0,0.0,0.0,0,0.0,0.0,0.0,0.0,0.0,0.0,0.0,0.333333,0
General Dynamics,2024-05,1,@generaldynamics,10,0,0.0,0.0,0.0,0.0,0,0.0,0.0,0.0,0.0,0.0,0.0,0.0,0.8,1
General Dynamics,2024-06,1,@generaldynamics,8,0,0.0,0.0,0.0,0.0,0,0.0,0.0,0.0,0.0,0.0,0.0,0.0,0.625,1
General Dynamics,2024-07,1,@generaldynamics,4,0,0.0,0.0,0.0,0.0,0,0.0,0.0,0.0,0.0,0.0,0.0,0.0,0.0,0
General Dynamics,2024-08,1,@generaldynamics,1,0,0.0,0.0,0.0,0.0,0,0.0,0.0,0.0,0.0,0.0,0.0,0.0,0.0,0
General Dynamics,2024-10,1,@generaldynamics,16,0,0.0,0.0,0.0,0.0,0,0.0,0.0,0.0,0.0,0.0,0.0,0.0,0.4375,0
General Dynamics,2024-11,1,@generaldynamics,1,0,0.0,0.0,0.0,0.0,0,,0.0,0.0,0.0,0.0,0.0,0.0,1.0,1
General Dynamics,2024-12,1,@generaldynamics,6,0,0.0,0.0,0.0,0.0,0,0.0,0.0,0.0,0.0,0.0,0.0,0.0,0.833333,1
General Dynamics,2025-01,1,@generaldynamics,8,0,0.0,0.0,0.0,0.0,0,0.0,0.0,0.0,0.0,0.0,0.0,0.0,0.5,1
General Dynamics,2025-04,1,@generaldynamics,2,0,0.0,0.0,0.0,0.0,0,0.0,0.0,0.0,0.0,0.0,0.0,0.0,0.0,0
General Dynamics,2025-06,1,@generaldynamics,1,0,0.0,0.0,0.0,0.0,0,0.0,0.0,0.0,0.0,0.0,0.0,0.0,0.0,0
General Dynamics,2025-07,1,@generaldynamics,2,0,0.0,0.0,0.0,0.0,0,0.0,0.0,0.0,0.0,0.0,0.0,0.0,0.0,0
General Dynamics,2025-08,1,@generaldynamics,3,0,0.0,0.0,0.0,0.0,0,0.0,0.0,0.0,0.0,0.0,0.0,0.0,0.333333,0
General Dynamics,2025-09,1,@generaldynamics,10,0,0.0,0.0,0.0,0.0,0,0.0,0.0,0.0,0.0,0.0,0.0,0.0,0.4,0
General Dynamics,2025-10,1,@generaldynamics,2,0,0.0,0.0,0.0,0.0,0,0.0,0.0,0.0,0.0,0.0,0.0,0.0,0.0,0
General Dynamics,2025-12,1,@generaldynamics,2,0,0.0,0.0,0.0,0.0,0,0.0,0.0,0.0,0.0,0.0,0.0,0.0,0.5,1
General Dynamics,2026-01,1,@generaldynamics,2,0,0.0,0.0,0.0,0.0,0,0.0,0.0,0.0,0.0,0.0,0.0,0.0,0.0,0
General Dynamics,2026-04,1,@generaldynamics,8,0,0.0,0.0,0.0,0.0,0,0.0,0.0,0.0,0.0,0.0,0.0,0.0,0.5,1
General Dynamics,2026-05,1,@generaldynamics,10,0,0.0,0.0,0.0,0.0,0,0.0,0.0,0.0,0.0,0.0,0.0,0.0,0.3,0
General Dynamics,2026-06,1,@generaldynamics,3,0,0.0,0.0,0.0,0.0,0,0.0,0.0,0.0,0.0,0.0,0.0,0.0,0.333333,0
General Motors,2021-03,1,@GM,23,0,0.0,0.0,0.0,0.0,0,0.0,0.0,0.0,0.0,0.0,0.0,0.0,0.652174,1
General Motors,2021-04,1,@GM,45,0,0.0,0.0,0.0,0.0,0,0.0,0.0,0.0,0.0,0.0,0.0,0.0,0.622222,1
General Motors,2021-05,1,@GM,27,0,0.0,0.0,0.0,0.0,0,0.0,0.0,0.0,0.0,0.0,0.0,0.0,0.666667,1
General Motors,2021-06,1,@GM,35,0,0.0,0.0,0.0,0.0,0,0.0,0.0,0.0,0.0,0.0,0.0,0.0,0.457143,0
General Motors,2021-07,1,@GM,25,0,0.0,0.0,0.0,0.0,0,0.0,0.0,0.0,0.0,0.0,0.0,0.0,0.48,0
General Motors,2021-08,1,@GM,26,0,0.0,0.0,0.0,0.0,0,0.0,0.0,0.0,0.0,0.0,0.0,0.0,0.730769,1
General Motors,2021-09,1,@GM,35,1,0.028571,0.028571,0.000816302,0.693147,1,0.055556,0.028571,0.000816302,0.0057142,0.00016326,0.028571,0.000816302,0.485714,0
General Motors,2021-10,1,@GM,34,0,0.0,0.0,0.0,0.0,0,0.0,0.0,0.0,0.0,0.0,0.0,0.0,0.411765,0
General Motors,2021-11,1,@GM,26,0,0.0,0.0,0.0,0.0,0,0.0,0.0,0.0,0.0,0.0,0.0,0.0,0.423077,0
General Motors,2021-12,1,@GM,31,0,0.0,0.0,0.0,0.0,0,0.0,0.0,0.0,0.0,0.0,0.0,0.0,0.419355,0
General Motors,2022-01,1,@GM,47,0,0.0,0.0,0.0,0.0,0,0.0,0.0,0.0,0.0,0.0,0.0,0.0,0.617021,1
General Motors,2022-02,1,@GM,17,0,0.0,0.0,0.0,0.0,0,0.0,0.0,0.0,0.0,0.0,0.0,0.0,0.588235,1
General Motors,2022-03,1,@GM,29,0,0.0,0.0,0.0,0.0,0,0.0,0.0,0.0,0.0,0.0,0.0,0.0,0.586207,1
General Motors,2022-04,1,@GM,32,0,0.0,0.0,0.0,0.0,0,0.0,0.0,0.0,0.0,0.0,0.0,0.0,0.53125,1
General Motors,2022-05,1,@GM,32,0,0.0,0.0,0.0,0.0,0,0.0,0.0,0.0,0.0,0.0,0.0,0.0,0.46875,0
General Motors,2022-06,1,@GM,40,0,0.0,0.0,0.0,0.0,0,0.0,0.0,0.0,0.0,0.0,0.0,0.0,0.55,1
General Motors,2022-07,1,@GM,37,0,0.0,0.0,0.0,0.0,0,0.0,0.0,0.0,0.0,0.0,0.0,0.0,0.351351,0
General Motors,2022-08,1,@GM,40,0,0.0,0.0,0.0,0.0,0,0.0,0.0,0.0,0.0,0.0,0.0,0.0,0.55,1
General Motors,2022-09,1,@GM,41,0,0.0,0.0,0.0,0.0,0,0.0,0.0,0.0,0.0,0.0,0.0,0.0,0.560976,1
General Motors,2022-10,1,@GM,28,0,0.0,0.0,0.0,0.0,0,0.0,0.0,0.0,0.0,0.0,0.0,0.0,0.392857,0
General Motors,2023-06,1,@GM,7,0,0.0,0.0,0.0,0.0,0,0.0,0.0,0.0,0.0,0.0,0.0,0.0,0.571429,1
General Motors,2023-07,1,@GM,3,0,0.0,0.0,0.0,0.0,0,0.0,0.0,0.0,0.0,0.0,0.0,0.0,0.0,0
General Motors,2023-09,1,@GM,7,0,0.0,0.0,0.0,0.0,0,0.0,0.0,0.0,0.0,0.0,0.0,0.0,0.571429,1
General Motors,2023-11,1,@GM,2,0,0.0,0.0,0.0,0.0,0,0.0,0.0,0.0,0.0,0.0,0.0,0.0,0.5,1
General Motors,2024-01,1,@GM,2,0,0.0,0.0,0.0,0.0,0,0.0,0.0,0.0,0.0,0.0,0.0,0.0,0.5,1
General Motors,2024-02,1,@GM,3,0,0.0,0.0,0.0,0.0,0,0.0,0.0,0.0,0.0,0.0,0.0,0.0,0.0,0
General Motors,2024-05,1,@GM,4,0,0.0,0.0,0.0,0.0,0,0.0,0.0,0.0,0.0,0.0,0.0,0.0,0.25,0
General Motors,2024-06,1,@GM,2,0,0.0,0.0,0.0,0.0,0,0.0,0.0,0.0,0.0,0.0,0.0,0.0,0.0,0
General Motors,2024-07,1,@GM,2,0,0.0,0.0,0.0,0.0,0,0.0,0.0,0.0,0.0,0.0,0.0,0.0,0.5,1
General Motors,2024-09,1,@GM,5,0,0.0,0.0,0.0,0.0,0,,0.0,0.0,0.0,0.0,0.0,0.0,1.0,1
General Motors,2024-10,1,@GM,4,0,0.0,0.0,0.0,0.0,0,0.0,0.0,0.0,0.0,0.0,0.0,0.0,0.75,1
General Motors,2025-01,1,@GM,3,0,0.0,0.0,0.0,0.0,0,0.0,0.0,0.0,0.0,0.0,0.0,0.0,0.666667,1
Goldman Sachs Group,2023-08,1,@GoldmanSachs,5,0,0.0,0.0,0.0,0.0,0,0.0,0.0,0.0,0.0,0.0,0.0,0.0,0.8,1
Goldman Sachs Group,2023-09,1,@GoldmanSachs,43,0,0.0,0.0,0.0,0.0,0,0.0,0.0,0.0,0.0,0.0,0.0,0.0,0.511628,1
Goldman Sachs Group,2023-10,1,@GoldmanSachs,50,0,0.0,0.0,0.0,0.0,0,0.0,0.0,0.0,0.0,0.0,0.0,0.0,0.48,0
Goldman Sachs Group,2023-11,1,@GoldmanSachs,41,0,0.0,0.0,0.0,0.0,0,0.0,0.0,0.0,0.0,0.0,0.0,0.0,0.682927,1
Goldman Sachs Group,2023-12,1,@GoldmanSachs,35,0,0.0,0.0,0.0,0.0,0,0.0,0.0,0.0,0.0,0.0,0.0,0.0,0.657143,1
Goldman Sachs Group,2024-01,1,@GoldmanSachs,56,0,0.0,0.0,0.0,0.0,0,0.0,0.0,0.0,0.0,0.0,0.0,0.0,0.482143,0
Goldman Sachs Group,2024-02,1,@GoldmanSachs,44,0,0.0,0.0,0.0,0.0,0,0.0,0.0,0.0,0.0,0.0,0.0,0.0,0.454545,0
Goldman Sachs Group,2024-03,1,@GoldmanSachs,38,0,0.0,0.0,0.0,0.0,0,0.0,0.0,0.0,0.0,0.0,0.0,0.0,0.394737,0
Goldman Sachs Group,2024-04,1,@GoldmanSachs,35,0,0.0,0.0,0.0,0.0,0,0.0,0.0,0.0,0.0,0.0,0.0,0.0,0.428571,0
Goldman Sachs Group,2024-05,1,@GoldmanSachs,51,0,0.0,0.0,0.0,0.0,0,0.0,0.0,0.0,0.0,0.0,0.0,0.0,0.45098,0
Goldman Sachs Group,2024-06,1,@GoldmanSachs,37,0,0.0,0.0,0.0,0.0,0,0.0,0.0,0.0,0.0,0.0,0.0,0.0,0.297297,0
Goldman Sachs Group,2024-07,1,@GoldmanSachs,33,0,0.0,0.0,0.0,0.0,0,0.0,0.0,0.0,0.0,0.0,0.0,0.0,0.454545,0
Goldman Sachs Group,2024-08,1,@GoldmanSachs,19,0,0.0,0.0,0.0,0.0,0,0.0,0.0,0.0,0.0,0.0,0.0,0.0,0.473684,0
Goldman Sachs Group,2024-09,1,@GoldmanSachs,28,0,0.0,0.0,0.0,0.0,0,0.0,0.0,0.0,0.0,0.0,0.0,0.0,0.535714,1
Goldman Sachs Group,2024-10,1,@GoldmanSachs,29,0,0.0,0.0,0.0,0.0,0,0.0,0.0,0.0,0.0,0.0,0.0,0.0,0.413793,0
Goldman Sachs Group,2024-11,1,@GoldmanSachs,24,0,0.0,0.0,0.0,0.0,0,0.0,0.0,0.0,0.0,0.0,0.0,0.0,0.583333,1
Goldman Sachs Group,2024-12,1,@GoldmanSachs,6,0,0.0,0.0,0.0,0.0,0,0.0,0.0,0.0,0.0,0.0,0.0,0.0,0.166667,0
Goldman Sachs Group,2025-01,1,@GoldmanSachs,14,0,0.0,0.0,0.0,0.0,0,0.0,0.0,0.0,0.0,0.0,0.0,0.0,0.428571,0
Goldman Sachs Group,2025-02,1,@GoldmanSachs,26,0,0.0,0.0,0.0,0.0,0,0.0,0.0,0.0,0.0,0.0,0.0,0.0,0.615385,1
Goldman Sachs Group,2025-03,1,@GoldmanSachs,20,0,0.0,0.0,0.0,0.0,0,0.0,0.0,0.0,0.0,0.0,0.0,0.0,0.45,0
Goldman Sachs Group,2025-04,1,@GoldmanSachs,22,0,0.0,0.0,0.0,0.0,0,0.0,0.0,0.0,0.0,0.0,0.0,0.0,0.454545,0
Goldman Sachs Group,2025-05,1,@GoldmanSachs,26,0,0.0,0.0,0.0,0.0,0,0.0,0.0,0.0,0.0,0.0,0.0,0.0,0.538462,1
Goldman Sachs Group,2025-06,1,@GoldmanSachs,23,0,0.0,0.0,0.0,0.0,0,0.0,0.0,0.0,0.0,0.0,0.0,0.0,0.652174,1
Goldman Sachs Group,2025-07,1,@GoldmanSachs,31,0,0.0,0.0,0.0,0.0,0,0.0,0.0,0.0,0.0,0.0,0.0,0.0,0.387097,0
Goldman Sachs Group,2025-08,1,@GoldmanSachs,16,0,0.0,0.0,0.0,0.0,0,0.0,0.0,0.0,0.0,0.0,0.0,0.0,0.3125,0
Goldman Sachs Group,2025-09,1,@GoldmanSachs,29,0,0.0,0.0,0.0,0.0,0,0.0,0.0,0.0,0.0,0.0,0.0,0.0,0.551724,1
Goldman Sachs Group,2025-10,1,@GoldmanSachs,42,0,0.0,0.0,0.0,0.0,0,0.0,0.0,0.0,0.0,0.0,0.0,0.0,0.333333,0
Goldman Sachs Group,2025-11,1,@GoldmanSachs,23,0,0.0,0.0,0.0,0.0,0,0.0,0.0,0.0,0.0,0.0,0.0,0.0,0.478261,0
Goldman Sachs Group,2025-12,1,@GoldmanSachs,27,0,0.0,0.0,0.0,0.0,0,0.0,0.0,0.0,0.0,0.0,0.0,0.0,0.703704,1
Goldman Sachs Group,2026-01,1,@GoldmanSachs,32,0,0.0,0.0,0.0,0.0,0,0.0,0.0,0.0,0.0,0.0,0.0,0.0,0.5625,1
Goldman Sachs Group,2026-02,1,@GoldmanSachs,5,0,0.0,0.0,0.0,0.0,0,0.0,0.0,0.0,0.0,0.0,0.0,0.0,0.8,1
Goldman Sachs Group,2026-03,1,@GoldmanSachs,28,0,0.0,0.0,0.0,0.0,0,0.0,0.0,0.0,0.0,0.0,0.0,0.0,0.321429,0
Goldman Sachs Group,2026-04,1,@GoldmanSachs,36,0,0.0,0.0,0.0,0.0,0,0.0,0.0,0.0,0.0,0.0,0.0,0.0,0.472222,0
Goldman Sachs Group,2026-05,1,@GoldmanSachs,26,0,0.0,0.0,0.0,0.0,0,0.0,0.0,0.0,0.0,0.0,0.0,0.0,0.653846,1
Goldman Sachs Group,2026-06,1,@GoldmanSachs,12,0,0.0,0.0,0.0,0.0,0,0.0,0.0,0.0,0.0,0.0,0.0,0.0,0.5,1
HCA Healthcare,2023-12,1,@hcahealthcare,27,0,0.0,0.0,0.0,0.0,0,0.0,0.0,0.0,0.0,0.0,0.0,0.0,0.592593,1
HCA Healthcare,2024-01,1,@hcahealthcare,24,0,0.0,0.0,0.0,0.0,0,0.0,0.0,0.0,0.0,0.0,0.0,0.0,0.541667,1
HCA Healthcare,2024-02,1,@hcahealthcare,29,0,0.0,0.0,0.0,0.0,0,0.0,0.0,0.0,0.0,0.0,0.0,0.0,0.413793,0
HCA Healthcare,2024-03,1,@hcahealthcare,25,0,0.0,0.0,0.0,0.0,0,0.0,0.0,0.0,0.0,0.0,0.0,0.0,0.4,0
HCA Healthcare,2024-04,1,@hcahealthcare,19,0,0.0,0.0,0.0,0.0,0,0.0,0.0,0.0,0.0,0.0,0.0,0.0,0.578947,1
HCA Healthcare,2024-05,1,@hcahealthcare,35,0,0.0,0.0,0.0,0.0,0,0.0,0.0,0.0,0.0,0.0,0.0,0.0,0.6,1
HCA Healthcare,2024-06,1,@hcahealthcare,20,0,0.0,0.0,0.0,0.0,0,0.0,0.0,0.0,0.0,0.0,0.0,0.0,0.6,1
HCA Healthcare,2024-07,1,@hcahealthcare,26,0,0.0,0.0,0.0,0.0,0,0.0,0.0,0.0,0.0,0.0,0.0,0.0,0.423077,0
HCA Healthcare,2024-08,1,@hcahealthcare,18,0,0.0,0.0,0.0,0.0,0,0.0,0.0,0.0,0.0,0.0,0.0,0.0,0.333333,0
HCA Healthcare,2024-09,1,@hcahealthcare,22,0,0.0,0.0,0.0,0.0,0,0.0,0.0,0.0,0.0,0.0,0.0,0.0,0.454545,0
HCA Healthcare,2024-10,1,@hcahealthcare,29,0,0.0,0.0,0.0,0.0,0,0.0,0.0,0.0,0.0,0.0,0.0,0.0,0.482759,0
HCA Healthcare,2024-11,1,@hcahealthcare,23,0,0.0,0.0,0.0,0.0,0,0.0,0.0,0.0,0.0,0.0,0.0,0.0,0.391304,0
HCA Healthcare,2024-12,1,@hcahealthcare,20,0,0.0,0.0,0.0,0.0,0,0.0,0.0,0.0,0.0,0.0,0.0,0.0,0.5,1
HCA Healthcare,2025-01,1,@hcahealthcare,18,0,0.0,0.0,0.0,0.0,0,0.0,0.0,0.0,0.0,0.0,0.0,0.0,0.333333,0
HCA Healthcare,2025-02,1,@hcahealthcare,18,0,0.0,0.0,0.0,0.0,0,0.0,0.0,0.0,0.0,0.0,0.0,0.0,0.611111,1
HCA Healthcare,2025-03,1,@hcahealthcare,18,0,0.0,0.0,0.0,0.0,0,0.0,0.0,0.0,0.0,0.0,0.0,0.0,0.166667,0
HCA Healthcare,2025-04,1,@hcahealthcare,14,0,0.0,0.0,0.0,0.0,0,0.0,0.0,0.0,0.0,0.0,0.0,0.0,0.5,1
HCA Healthcare,2025-05,1,@hcahealthcare,28,0,0.0,0.0,0.0,0.0,0,0.0,0.0,0.0,0.0,0.0,0.0,0.0,0.321429,0
HCA Healthcare,2025-06,1,@hcahealthcare,17,0,0.0,0.0,0.0,0.0,0,0.0,0.0,0.0,0.0,0.0,0.0,0.0,0.647059,1
HCA Healthcare,2025-07,1,@hcahealthcare,17,0,0.0,0.0,0.0,0.0,0,0.0,0.0,0.0,0.0,0.0,0.0,0.0,0.470588,0
HCA Healthcare,2025-08,1,@hcahealthcare,4,0,0.0,0.0,0.0,0.0,0,0.0,0.0,0.0,0.0,0.0,0.0,0.0,0.5,1
HCA Healthcare,2025-11,1,@hcahealthcare,14,0,0.0,0.0,0.0,0.0,0,0.0,0.0,0.0,0.0,0.0,0.0,0.0,0.285714,0
HCA Healthcare,2025-12,1,@hcahealthcare,21,0,0.0,0.0,0.0,0.0,0,0.0,0.0,0.0,0.0,0.0,0.0,0.0,0.619048,1
HCA Healthcare,2026-01,1,@hcahealthcare,18,0,0.0,0.0,0.0,0.0,0,0.0,0.0,0.0,0.0,0.0,0.0,0.0,0.333333,0
HCA Healthcare,2026-02,1,@hcahealthcare,13,0,0.0,0.0,0.0,0.0,0,0.0,0.0,0.0,0.0,0.0,0.0,0.0,0.230769,0
HCA Healthcare,2026-03,1,@hcahealthcare,13,0,0.0,0.0,0.0,0.0,0,0.0,0.0,0.0,0.0,0.0,0.0,0.0,0.538462,1
HCA Healthcare,2026-04,1,@hcahealthcare,18,0,0.0,0.0,0.0,0.0,0,0.0,0.0,0.0,0.0,0.0,0.0,0.0,0.388889,0
HCA Healthcare,2026-05,1,@hcahealthcare,26,0,0.0,0.0,0.0,0.0,0,0.0,0.0,0.0,0.0,0.0,0.0,0.0,0.576923,1
HCA Healthcare,2026-06,1,@hcahealthcare,10,0,0.0,0.0,0.0,0.0,0,0.0,0.0,0.0,0.0,0.0,0.0,0.0,0.4,0
HP,2022-09,1,@hp,9,0,0.0,0.0,0.0,0.0,0,0.0,0.0,0.0,0.0,0.0,0.0,0.0,0.444444,0
HP,2022-10,1,@hp,13,0,0.0,0.0,0.0,0.0,0,0.0,0.0,0.0,0.0,0.0,0.0,0.0,0.538462,1
HP,2022-11,1,@hp,11,0,0.0,0.0,0.0,0.0,0,0.0,0.0,0.0,0.0,0.0,0.0,0.0,0.545455,1
HP,2022-12,1,@hp,7,0,0.0,0.0,0.0,0.0,0,0.0,0.0,0.0,0.0,0.0,0.0,0.0,0.714286,1
HP,2023-01,1,@hp,23,0,0.0,0.0,0.0,0.0,0,0.0,0.0,0.0,0.0,0.0,0.0,0.0,0.652174,1
HP,2023-02,1,@hp,10,0,0.0,0.0,0.0,0.0,0,0.0,0.0,0.0,0.0,0.0,0.0,0.0,0.7,1
HP,2023-03,1,@hp,17,0,0.0,0.0,0.0,0.0,0,0.0,0.0,0.0,0.0,0.0,0.0,0.0,0.588235,1
HP,2023-04,1,@hp,16,0,0.0,0.0,0.0,0.0,0,0.0,0.0,0.0,0.0,0.0,0.0,0.0,0.4375,0
HP,2023-05,1,@hp,14,0,0.0,0.0,0.0,0.0,0,0.0,0.0,0.0,0.0,0.0,0.0,0.0,0.571429,1
HP,2023-06,1,@hp,19,0,0.0,0.0,0.0,0.0,0,0.0,0.0,0.0,0.0,0.0,0.0,0.0,0.578947,1
HP,2023-07,1,@hp,10,0,0.0,0.0,0.0,0.0,0,0.0,0.0,0.0,0.0,0.0,0.0,0.0,0.9,1
HP,2023-08,1,@hp,15,0,0.0,0.0,0.0,0.0,0,0.0,0.0,0.0,0.0,0.0,0.0,0.0,0.466667,0
HP,2023-09,1,@hp,17,0,0.0,0.0,0.0,0.0,0,0.0,0.0,0.0,0.0,0.0,0.0,0.0,0.470588,0
HP,2023-10,1,@hp,16,0,0.0,0.0,0.0,0.0,0,0.0,0.0625,0.00390625,0.0,0.0,0.0,0.0,0.5625,1
HP,2023-11,1,@hp,14,0,0.0,0.0,0.0,0.0,0,0.0,0.0,0.0,0.0,0.0,0.0,0.0,0.5,1
HP,2023-12,1,@hp,12,0,0.0,0.0,0.0,0.0,0,0.0,0.0,0.0,0.0,0.0,0.0,0.0,0.5,1
HP,2024-01,1,@hp,9,0,0.0,0.0,0.0,0.0,0,0.0,0.0,0.0,0.0,0.0,0.0,0.0,0.333333,0
HP,2024-02,1,@hp,11,0,0.0,0.0,0.0,0.0,0,0.0,0.0,0.0,0.0,0.0,0.0,0.0,0.545455,1
HP,2024-03,1,@hp,14,0,0.0,0.0,0.0,0.0,0,0.0,0.0,0.0,0.0,0.0,0.0,0.0,0.357143,0
HP,2024-04,1,@hp,6,0,0.0,0.0,0.0,0.0,0,0.0,0.0,0.0,0.0,0.0,0.0,0.0,0.5,1
HP,2024-05,1,@hp,20,0,0.0,0.0,0.0,0.0,0,0.0,0.0,0.0,0.0,0.0,0.0,0.0,0.3,0
HP,2024-06,1,@hp,12,0,0.0,0.0,0.0,0.0,0,0.0,0.0,0.0,0.0,0.0,0.0,0.0,0.5,1
HP,2024-07,1,@hp,10,0,0.0,0.0,0.0,0.0,0,0.0,0.0,0.0,0.0,0.0,0.0,0.0,0.5,1
HP,2024-08,1,@hp,3,0,0.0,0.0,0.0,0.0,0,0.0,0.0,0.0,0.0,0.0,0.0,0.0,0.666667,1
HP,2024-09,1,@hp,10,0,0.0,0.0,0.0,0.0,0,0.0,0.0,0.0,0.0,0.0,0.0,0.0,0.3,0
HP,2024-10,1,@hp,5,0,0.0,0.0,0.0,0.0,0,0.0,0.0,0.0,0.0,0.0,0.0,0.0,0.6,1
HP,2024-11,1,@hp,2,0,0.0,0.0,0.0,0.0,0,0.0,0.0,0.0,0.0,0.0,0.0,0.0,0.5,1
HP,2024-12,1,@hp,5,0,0.0,0.0,0.0,0.0,0,0.0,0.0,0.0,0.0,0.0,0.0,0.0,0.8,1
HP,2025-01,1,@hp,3,0,0.0,0.0,0.0,0.0,0,0.0,0.0,0.0,0.0,0.0,0.0,0.0,0.333333,0
HP,2025-03,1,@hp,16,0,0.0,0.0,0.0,0.0,0,0.0,0.0,0.0,0.0,0.0,0.0,0.0,0.8125,1
HP,2025-04,1,@hp,5,0,0.0,0.0,0.0,0.0,0,0.0,0.0,0.0,0.0,0.0,0.0,0.0,0.6,1
HP,2025-05,1,@hp,2,0,0.0,0.0,0.0,0.0,0,0.0,0.0,0.0,0.0,0.0,0.0,0.0,0.5,1
HP,2025-06,1,@hp,3,0,0.0,0.0,0.0,0.0,0,0.0,0.0,0.0,0.0,0.0,0.0,0.0,0.333333,0
HP,2025-07,1,@hp,1,0,0.0,0.0,0.0,0.0,0,0.0,0.0,0.0,0.0,0.0,0.0,0.0,0.0,0
HP,2025-10,1,@hp,6,0,0.0,0.0,0.0,0.0,0,0.0,0.0,0.0,0.0,0.0,0.0,0.0,0.333333,0
HP,2025-12,1,@hp,1,0,0.0,0.0,0.0,0.0,0,0.0,0.0,0.0,0.0,0.0,0.0,0.0,0.0,0
HP,2026-01,1,@hp,14,0,0.0,0.0,0.0,0.0,0,0.0,0.0,0.0,0.0,0.0,0.0,0.0,0.714286,1
HP,2026-02,1,@hp,1,0,0.0,0.0,0.0,0.0,0,,0.0,0.0,0.0,0.0,0.0,0.0,1.0,1
HP,2026-03,1,@hp,12,0,0.0,0.0,0.0,0.0,0,0.0,0.0,0.0,0.0,0.0,0.0,0.0,0.5,1
HP,2026-04,1,@hp,1,0,0.0,0.0,0.0,0.0,0,,0.0,0.0,0.0,0.0,0.0,0.0,1.0,1
HP,2026-05,1,@hp,2,0,0.0,0.0,0.0,0.0,0,0.0,0.0,0.0,0.0,0.0,0.0,0.0,0.5,1
HP,2026-06,1,@hp,8,0,0.0,0.0,0.0,0.0,0,0.0,0.0,0.0,0.0,0.0,0.0,0.0,0.5,1
Home Depot,2016-06,1,@HDCares,62,0,0.0,0.0,0.0,0.0,0,0.0,0.0,0.0,0.0,0.0,0.0,0.0,0.064516,0
Home Depot,2016-07,1,@HDCares,79,0,0.0,0.0,0.0,0.0,0,0.0,0.0,0.0,0.0,0.0,0.0,0.0,0.025316,0
Home Depot,2016-08,1,@HDCares,68,0,0.0,0.0,0.0,0.0,0,0.0,0.0,0.0,0.0,0.0,0.0,0.0,0.0,0
Home Depot,2016-09,1,@HDCares,67,0,0.0,0.0,0.0,0.0,0,0.0,0.0,0.0,0.0,0.0,0.0,0.0,0.044776,0
Home Depot,2016-10,1,@HDCares,89,0,0.0,0.0,0.0,0.0,0,0.0,0.0,0.0,0.0,0.0,0.0,0.0,0.033708,0
Home Depot,2016-11,1,@HDCares,75,0,0.0,0.0,0.0,0.0,0,0.0,0.0,0.0,0.0,0.0,0.0,0.0,0.0,0
Home Depot,2016-12,1,@HDCares,64,0,0.0,0.0,0.0,0.0,0,0.0,0.0,0.0,0.0,0.0,0.0,0.0,0.0625,0
Home Depot,2017-01,1,@HDCares,49,0,0.0,0.0,0.0,0.0,0,0.0,0.0,0.0,0.0,0.0,0.0,0.0,0.081633,0
Home Depot,2017-02,1,@HDCares,38,0,0.0,0.0,0.0,0.0,0,0.0,0.0,0.0,0.0,0.0,0.0,0.0,0.315789,0
Home Depot,2017-03,1,@HDCares,73,0,0.0,0.0,0.0,0.0,0,0.0,0.0,0.0,0.0,0.0,0.0,0.0,0.506849,1
Home Depot,2017-04,1,@HDCares,68,0,0.0,0.0,0.0,0.0,0,0.0,0.0,0.0,0.0,0.0,0.0,0.0,0.397059,0
Home Depot,2017-05,1,@HDCares,38,0,0.0,0.0,0.0,0.0,0,0.0,0.0,0.0,0.0,0.0,0.0,0.0,0.342105,0
Home Depot,2017-08,1,@HDCares,1,0,0.0,0.0,0.0,0.0,0,,0.0,0.0,0.0,0.0,0.0,0.0,1.0,1
Home Depot,2018-01,1,@HDCares,3,0,0.0,0.0,0.0,0.0,0,0.0,0.0,0.0,0.0,0.0,0.0,0.0,0.0,0
Home Depot,2018-02,1,@HDCares,1,0,0.0,0.0,0.0,0.0,0,0.0,0.0,0.0,0.0,0.0,0.0,0.0,0.0,0
Home Depot,2018-05,1,@HDCares,1,0,0.0,0.0,0.0,0.0,0,0.0,0.0,0.0,0.0,0.0,0.0,0.0,0.0,0
Home Depot,2019-09,1,@HDCares,2,0,0.0,0.0,0.0,0.0,0,,0.0,0.0,0.0,0.0,0.0,0.0,1.0,1
Home Depot,2020-03,1,@HDCares,4,0,0.0,0.0,0.0,0.0,0,0.0,0.0,0.0,0.0,0.0,0.0,0.0,0.75,1
Home Depot,2020-07,1,@HDCares,2,0,0.0,0.0,0.0,0.0,0,,0.0,0.0,0.0,0.0,0.0,0.0,1.0,1
Home Depot,2020-08,1,@HDCares,6,0,0.0,0.0,0.0,0.0,0,0.0,0.0,0.0,0.0,0.0,0.0,0.0,0.333333,0
Home Depot,2021-03,1,@HDCares,2,0,0.0,0.0,0.0,0.0,0,0.0,0.0,0.0,0.0,0.0,0.0,0.0,0.0,0
Home Depot,2021-06,1,@HDCares,4,0,0.0,0.0,0.0,0.0,0,0.0,0.0,0.0,0.0,0.0,0.0,0.0,0.5,1
Home Depot,2021-07,1,@homedepot,1,0,0.0,0.0,0.0,0.0,0,,0.0,0.0,0.0,0.0,0.0,0.0,1.0,1
Home Depot,2021-10,1,@HDCares,3,0,0.0,0.0,0.0,0.0,0,0.0,0.0,0.0,0.0,0.0,0.0,0.0,0.0,0
Home Depot,2021-11,1,@HDCares,6,0,0.0,0.0,0.0,0.0,0,0.0,0.0,0.0,0.0,0.0,0.0,0.0,0.666667,1
Home Depot,2022-01,2,@HDCares; @homedepot,4,0,0.0,0.0,0.0,0.0,0,0.0,0.0,0.0,0.0,0.0,0.0,0.0,0.5,1
Home Depot,2022-05,1,@homedepot,17,0,0.0,0.0,0.0,0.0,0,0.0,0.0,0.0,0.0,0.0,0.0,0.0,0.588235,1
Home Depot,2022-06,1,@homedepot,41,0,0.0,0.0,0.0,0.0,0,0.0,0.0,0.0,0.0,0.0,0.0,0.0,0.414634,0
Home Depot,2022-07,1,@homedepot,42,0,0.0,0.0,0.0,0.0,0,0.0,0.0,0.0,0.0,0.0,0.0,0.0,0.619048,1
Home Depot,2022-08,1,@homedepot,40,0,0.0,0.0,0.0,0.0,0,0.0,0.0,0.0,0.0,0.0,0.0,0.0,0.4,0
Home Depot,2022-09,1,@homedepot,44,0,0.0,0.0,0.0,0.0,0,0.0,0.0,0.0,0.0,0.0,0.0,0.0,0.522727,1
Home Depot,2022-10,1,@homedepot,40,0,0.0,0.0,0.0,0.0,0,0.0,0.0,0.0,0.0,0.0,0.0,0.0,0.65,1
Home Depot,2022-11,1,@homedepot,12,0,0.0,0.0,0.0,0.0,0,0.0,0.0,0.0,0.0,0.0,0.0,0.0,0.666667,1
Home Depot,2023-02,1,@homedepot,3,0,0.0,0.0,0.0,0.0,0,0.0,0.0,0.0,0.0,0.0,0.0,0.0,0.333333,0
Home Depot,2023-03,1,@homedepot,4,0,0.0,0.0,0.0,0.0,0,0.0,0.0,0.0,0.0,0.0,0.0,0.0,0.75,1
Home Depot,2023-04,1,@homedepot,4,0,0.0,0.0,0.0,0.0,0,0.0,0.0,0.0,0.0,0.0,0.0,0.0,0.25,0
Home Depot,2023-05,2,@HDCares; @homedepot,9,0,0.0,0.0,0.0,0.0,0,0.0,0.0,0.0,0.0,0.0,0.0,0.0,0.444444,0
Home Depot,2023-06,1,@homedepot,9,0,0.0,0.0,0.0,0.0,0,0.0,0.0,0.0,0.0,0.0,0.0,0.0,0.333333,0
Home Depot,2023-07,2,@HDCares; @homedepot,35,0,0.0,0.0,0.0,0.0,0,0.0,0.0,0.0,0.0,0.0,0.0,0.0,0.571429,1
Home Depot,2023-08,1,@homedepot,8,0,0.0,0.0,0.0,0.0,0,0.0,0.0,0.0,0.0,0.0,0.0,0.0,0.375,0
Home Depot,2023-09,1,@homedepot,5,0,0.0,0.0,0.0,0.0,0,0.0,0.0,0.0,0.0,0.0,0.0,0.0,0.4,0
Home Depot,2023-10,1,@homedepot,4,0,0.0,0.0,0.0,0.0,0,0.0,0.0,0.0,0.0,0.0,0.0,0.0,0.25,0
Home Depot,2023-11,2,@HDCares; @homedepot,11,0,0.0,0.0,0.0,0.0,0,0.0,0.0,0.0,0.0,0.0,0.0,0.0,0.363636,0
Home Depot,2023-12,2,@HDCares; @homedepot,16,0,0.0,0.0,0.0,0.0,0,0.0,0.0,0.0,0.0,0.0,0.0,0.0,0.6875,1
Home Depot,2024-01,1,@homedepot,1,0,0.0,0.0,0.0,0.0,0,,0.0,0.0,0.0,0.0,0.0,0.0,1.0,1
Home Depot,2024-02,2,@HDCares; @homedepot,6,0,0.0,0.0,0.0,0.0,0,0.0,0.0,0.0,0.0,0.0,0.0,0.0,0.5,1
Home Depot,2024-03,1,@homedepot,8,0,0.0,0.0,0.0,0.0,0,0.0,0.0,0.0,0.0,0.0,0.0,0.0,0.25,0
Home Depot,2024-04,1,@homedepot,6,0,0.0,0.0,0.0,0.0,0,,0.0,0.0,0.0,0.0,0.0,0.0,1.0,1
Home Depot,2024-05,2,@HDCares; @homedepot,10,0,0.0,0.0,0.0,0.0,0,0.0,0.0,0.0,0.0,0.0,0.0,0.0,0.7,1
Home Depot,2024-06,1,@homedepot,7,0,0.0,0.0,0.0,0.0,0,0.0,0.0,0.0,0.0,0.0,0.0,0.0,0.571429,1
Home Depot,2024-07,1,@homedepot,27,0,0.0,0.0,0.0,0.0,0,0.0,0.0,0.0,0.0,0.0,0.0,0.0,0.481481,0
Home Depot,2024-08,1,@homedepot,11,0,0.0,0.0,0.0,0.0,0,0.0,0.0,0.0,0.0,0.0,0.0,0.0,0.181818,0
Home Depot,2024-09,1,@homedepot,13,0,0.0,0.0,0.0,0.0,0,0.0,0.0,0.0,0.0,0.0,0.0,0.0,0.461538,0
Home Depot,2024-10,1,@homedepot,24,0,0.0,0.0,0.0,0.0,0,0.0,0.0,0.0,0.0,0.0,0.0,0.0,0.291667,0
Home Depot,2024-11,2,@HDCares; @homedepot,12,0,0.0,0.0,0.0,0.0,0,0.0,0.0,0.0,0.0,0.0,0.0,0.0,0.5,1
Home Depot,2024-12,1,@homedepot,2,0,0.0,0.0,0.0,0.0,0,0.0,0.0,0.0,0.0,0.0,0.0,0.0,0.5,1
Home Depot,2025-01,1,@homedepot,7,0,0.0,0.0,0.0,0.0,0,0.0,0.0,0.0,0.0,0.0,0.0,0.0,0.571429,1
Home Depot,2025-02,1,@homedepot,1,0,0.0,0.0,0.0,0.0,0,0.0,0.0,0.0,0.0,0.0,0.0,0.0,0.0,0
Home Depot,2025-03,1,@homedepot,3,0,0.0,0.0,0.0,0.0,0,0.0,0.0,0.0,0.0,0.0,0.0,0.0,0.0,0
Home Depot,2025-04,1,@homedepot,4,0,0.0,0.0,0.0,0.0,0,0.0,0.0,0.0,0.0,0.0,0.0,0.0,0.0,0
Home Depot,2025-05,1,@homedepot,2,0,0.0,0.0,0.0,0.0,0,0.0,0.0,0.0,0.0,0.0,0.0,0.0,0.0,0
Home Depot,2025-06,1,@homedepot,3,0,0.0,0.0,0.0,0.0,0,0.0,0.0,0.0,0.0,0.0,0.0,0.0,0.0,0
Home Depot,2025-07,1,@homedepot,9,0,0.0,0.0,0.0,0.0,0,0.0,0.0,0.0,0.0,0.0,0.0,0.0,0.333333,0
Home Depot,2025-08,1,@homedepot,12,0,0.0,0.0,0.0,0.0,0,0.0,0.0,0.0,0.0,0.0,0.0,0.0,0.5,1
Home Depot,2025-09,1,@homedepot,2,0,0.0,0.0,0.0,0.0,0,0.0,0.0,0.0,0.0,0.0,0.0,0.0,0.0,0
Home Depot,2025-10,1,@homedepot,2,0,0.0,0.0,0.0,0.0,0,0.0,0.0,0.0,0.0,0.0,0.0,0.0,0.0,0
Home Depot,2025-11,1,@homedepot,8,0,0.0,0.0,0.0,0.0,0,0.0,0.0,0.0,0.0,0.0,0.0,0.0,0.75,1
Home Depot,2025-12,1,@homedepot,5,0,0.0,0.0,0.0,0.0,0,0.0,0.0,0.0,0.0,0.0,0.0,0.0,0.6,1
Home Depot,2026-01,1,@homedepot,2,0,0.0,0.0,0.0,0.0,0,0.0,0.0,0.0,0.0,0.0,0.0,0.0,0.0,0
Home Depot,2026-02,1,@homedepot,2,0,0.0,0.0,0.0,0.0,0,0.0,0.0,0.0,0.0,0.0,0.0,0.0,0.5,1
Home Depot,2026-03,1,@homedepot,11,0,0.0,0.0,0.0,0.0,0,0.0,0.0,0.0,0.0,0.0,0.0,0.0,0.454545,0
Home Depot,2026-04,1,@homedepot,8,0,0.0,0.0,0.0,0.0,0,0.0,0.0,0.0,0.0,0.0,0.0,0.0,0.625,1
Home Depot,2026-05,1,@homedepot,8,0,0.0,0.0,0.0,0.0,0,0.0,0.0,0.0,0.0,0.0,0.0,0.0,0.5,1
Home Depot,2026-06,1,@homedepot,22,0,0.0,0.0,0.0,0.0,0,0.0,0.0,0.0,0.0,0.0,0.0,0.0,0.5,1
Humana,2022-10,1,@humana,117,1,0.008547,0.008547,7.3051e-05,0.693147,1,0.017544,0.008547,7.3051e-05,0.001461024,1.2487e-05,0.008547,7.3051e-05,0.512821,1
Humana,2022-11,1,@humana,63,0,0.0,0.0,0.0,0.0,0,0.0,0.0,0.0,0.0,0.0,0.0,0.0,0.507937,1
Humana,2022-12,1,@humana,52,3,0.057692,0.057692,0.003328367,1.386294,1,0.103448,0.057692,0.003328367,0.014423,0.000832092,0.057692,0.003328367,0.442308,0
Humana,2023-01,1,@humana,20,0,0.0,0.0,0.0,0.0,0,0.0,0.0,0.0,0.0,0.0,0.0,0.0,0.45,0
Humana,2023-02,1,@humana,36,0,0.0,0.0,0.0,0.0,0,0.0,0.0,0.0,0.0,0.0,0.0,0.0,0.527778,1
Humana,2023-03,1,@humana,41,0,0.0,0.0,0.0,0.0,0,0.0,0.0,0.0,0.0,0.0,0.0,0.0,0.439024,0
Humana,2023-04,1,@humana,33,0,0.0,0.0,0.0,0.0,0,0.0,0.0,0.0,0.0,0.0,0.0,0.0,0.606061,1
Humana,2023-05,1,@humana,33,0,0.0,0.0,0.0,0.0,0,0.0,0.0,0.0,0.0,0.0,0.0,0.0,0.393939,0
Humana,2023-06,1,@humana,37,0,0.0,0.0,0.0,0.0,0,0.0,0.0,0.0,0.0,0.0,0.0,0.0,0.486486,0
Humana,2023-07,1,@humana,37,0,0.0,0.0,0.0,0.0,0,0.0,0.0,0.0,0.0,0.0,0.0,0.0,0.432432,0
Humana,2023-08,1,@humana,45,0,0.0,0.0,0.0,0.0,0,0.0,0.0,0.0,0.0,0.0,0.0,0.0,0.422222,0
Humana,2023-09,1,@humana,59,0,0.0,0.0,0.0,0.0,0,0.0,0.0,0.0,0.0,0.0,0.0,0.0,0.474576,0
Humana,2023-10,1,@humana,52,0,0.0,0.0,0.0,0.0,0,0.0,0.0,0.0,0.0,0.0,0.0,0.0,0.346154,0
Humana,2023-11,1,@humana,59,1,0.016949,0.016949,0.000287269,0.693147,1,0.033333,0.016949,0.000287269,0.002010897,3.4083e-05,0.016949,0.000287269,0.491525,0
Humana,2023-12,1,@humana,33,0,0.0,0.0,0.0,0.0,0,0.0,0.0,0.0,0.0,0.0,0.0,0.0,0.515152,1
Humana,2024-01,1,@humana,15,0,0.0,0.0,0.0,0.0,0,0.0,0.0,0.0,0.0,0.0,0.0,0.0,0.266667,0
Humana,2024-02,1,@humana,10,0,0.0,0.0,0.0,0.0,0,0.0,0.0,0.0,0.0,0.0,0.0,0.0,0.6,1
Humana,2024-03,1,@humana,8,0,0.0,0.0,0.0,0.0,0,0.0,0.0,0.0,0.0,0.0,0.0,0.0,0.375,0
Humana,2024-05,1,@humana,2,0,0.0,0.0,0.0,0.0,0,0.0,0.0,0.0,0.0,0.0,0.0,0.0,0.5,1
Humana,2024-07,1,@humana,6,0,0.0,0.0,0.0,0.0,0,0.0,0.0,0.0,0.0,0.0,0.0,0.0,0.5,1
IBM,2023-05,1,@ibm,26,0,0.0,0.0,0.0,0.0,0,0.0,0.0,0.0,0.0,0.0,0.0,0.0,0.653846,1
IBM,2023-06,1,@ibm,31,0,0.0,0.0,0.0,0.0,0,0.0,0.0,0.0,0.0,0.0,0.0,0.0,0.612903,1
IBM,2023-07,1,@ibm,22,0,0.0,0.0,0.0,0.0,0,0.0,0.0,0.0,0.0,0.0,0.0,0.0,0.590909,1
IBM,2023-08,1,@ibm,24,0,0.0,0.0,0.0,0.0,0,0.0,0.0,0.0,0.0,0.0,0.0,0.0,0.291667,0
IBM,2023-09,1,@ibm,18,0,0.0,0.0,0.0,0.0,0,0.0,0.0,0.0,0.0,0.0,0.0,0.0,0.611111,1
IBM,2023-10,1,@ibm,21,0,0.0,0.0,0.0,0.0,0,0.0,0.0,0.0,0.0,0.0,0.0,0.0,0.285714,0
IBM,2023-11,1,@ibm,10,0,0.0,0.0,0.0,0.0,0,0.0,0.0,0.0,0.0,0.0,0.0,0.0,0.4,0
IBM,2025-03,1,@ibm,1,0,0.0,0.0,0.0,0.0,0,0.0,0.0,0.0,0.0,0.0,0.0,0.0,0.0,0
IBM,2025-04,1,@ibm,9,0,0.0,0.0,0.0,0.0,0,0.0,0.0,0.0,0.0,0.0,0.0,0.0,0.666667,1
IBM,2025-05,1,@ibm,17,0,0.0,0.0,0.0,0.0,0,0.0,0.0,0.0,0.0,0.0,0.0,0.0,0.705882,1
IBM,2025-06,1,@ibm,11,0,0.0,0.0,0.0,0.0,0,0.0,0.0,0.0,0.0,0.0,0.0,0.0,0.454545,0
IBM,2025-07,1,@ibm,14,0,0.0,0.0,0.0,0.0,0,0.0,0.0,0.0,0.0,0.0,0.0,0.0,0.357143,0
IBM,2025-08,1,@ibm,19,0,0.0,0.0,0.0,0.0,0,0.0,0.0,0.0,0.0,0.0,0.0,0.0,0.421053,0
IBM,2025-09,1,@ibm,11,0,0.0,0.0,0.0,0.0,0,0.0,0.0,0.0,0.0,0.0,0.0,0.0,0.636364,1
IBM,2025-10,1,@ibm,34,0,0.0,0.0,0.0,0.0,0,0.0,0.0,0.0,0.0,0.0,0.0,0.0,0.411765,0
IBM,2025-11,1,@ibm,27,0,0.0,0.0,0.0,0.0,0,0.0,0.0,0.0,0.0,0.0,0.0,0.0,0.444444,0
IBM,2025-12,1,@ibm,14,0,0.0,0.0,0.0,0.0,0,0.0,0.0,0.0,0.0,0.0,0.0,0.0,0.357143,0
IBM,2026-01,1,@ibm,24,0,0.0,0.0,0.0,0.0,0,0.0,0.0,0.0,0.0,0.0,0.0,0.0,0.5,1
IBM,2026-02,1,@ibm,28,0,0.0,0.0,0.0,0.0,0,0.0,0.0,0.0,0.0,0.0,0.0,0.0,0.571429,1
IBM,2026-03,1,@ibm,32,0,0.0,0.0,0.0,0.0,0,0.0,0.0,0.0,0.0,0.0,0.0,0.0,0.5625,1
IBM,2026-04,1,@ibm,66,0,0.0,0.0,0.0,0.0,0,0.0,0.0,0.0,0.0,0.0,0.0,0.0,0.378788,0
IBM,2026-05,1,@ibm,56,0,0.0,0.0,0.0,0.0,0,0.0,0.0,0.0,0.0,0.0,0.0,0.0,0.428571,0
IBM,2026-06,1,@ibm,26,0,0.0,0.0,0.0,0.0,0,0.0,0.0,0.0,0.0,0.0,0.0,0.0,0.269231,0
Ingram Micro Holding,2019-06,1,@IngramMicroInc,1,0,0.0,0.0,0.0,0.0,0,,0.0,0.0,0.0,0.0,0.0,0.0,1.0,1
Ingram Micro Holding,2023-05,1,@IngramMicroInc,26,0,0.0,0.0,0.0,0.0,0,0.0,0.0,0.0,0.0,0.0,0.0,0.0,0.538462,1
Ingram Micro Holding,2023-06,1,@IngramMicroInc,38,0,0.0,0.0,0.0,0.0,0,0.0,0.0,0.0,0.0,0.0,0.0,0.0,0.605263,1
Ingram Micro Holding,2023-07,1,@IngramMicroInc,26,0,0.0,0.0,0.0,0.0,0,0.0,0.0,0.0,0.0,0.0,0.0,0.0,0.461538,0
Ingram Micro Holding,2023-08,1,@IngramMicroInc,25,0,0.0,0.0,0.0,0.0,0,0.0,0.0,0.0,0.0,0.0,0.0,0.0,0.56,1
Ingram Micro Holding,2023-09,1,@IngramMicroInc,37,0,0.0,0.0,0.0,0.0,0,0.0,0.0,0.0,0.0,0.0,0.0,0.0,0.513514,1
Ingram Micro Holding,2023-10,1,@IngramMicroInc,31,0,0.0,0.0,0.0,0.0,0,0.0,0.0,0.0,0.0,0.0,0.0,0.0,0.483871,0
Ingram Micro Holding,2023-11,1,@IngramMicroInc,34,0,0.0,0.0,0.0,0.0,0,0.0,0.0,0.0,0.0,0.0,0.0,0.0,0.5,1
Ingram Micro Holding,2023-12,1,@IngramMicroInc,29,1,0.034483,0.034483,0.001189077,0.693147,1,0.055556,0.034483,0.001189077,0.005945352,0.000205014,0.034483,0.001189077,0.37931,0
Ingram Micro Holding,2024-01,1,@IngramMicroInc,26,0,0.0,0.0,0.0,0.0,0,0.0,0.0,0.0,0.0,0.0,0.0,0.0,0.5,1
Ingram Micro Holding,2024-02,1,@IngramMicroInc,28,0,0.0,0.0,0.0,0.0,0,0.0,0.0,0.0,0.0,0.0,0.0,0.0,0.428571,0
Ingram Micro Holding,2024-03,1,@IngramMicroInc,30,0,0.0,0.0,0.0,0.0,0,0.0,0.0,0.0,0.0,0.0,0.0,0.0,0.5,1
Ingram Micro Holding,2024-04,1,@IngramMicroInc,26,0,0.0,0.0,0.0,0.0,0,0.0,0.0,0.0,0.0,0.0,0.0,0.0,0.461538,0
Ingram Micro Holding,2024-05,1,@IngramMicroInc,24,0,0.0,0.0,0.0,0.0,0,0.0,0.0,0.0,0.0,0.0,0.0,0.0,0.625,1
Ingram Micro Holding,2024-06,1,@IngramMicroInc,25,0,0.0,0.0,0.0,0.0,0,0.0,0.0,0.0,0.0,0.0,0.0,0.0,0.68,1
Ingram Micro Holding,2024-07,1,@IngramMicroInc,23,0,0.0,0.0,0.0,0.0,0,0.0,0.0,0.0,0.0,0.0,0.0,0.0,0.695652,1
Ingram Micro Holding,2024-08,1,@IngramMicroInc,21,0,0.0,0.0,0.0,0.0,0,0.0,0.0,0.0,0.0,0.0,0.0,0.0,0.571429,1
Ingram Micro Holding,2024-09,1,@IngramMicroInc,24,0,0.0,0.0,0.0,0.0,0,0.0,0.0,0.0,0.0,0.0,0.0,0.0,0.416667,0
Ingram Micro Holding,2024-10,1,@IngramMicroInc,21,0,0.0,0.0,0.0,0.0,0,0.0,0.0,0.0,0.0,0.0,0.0,0.0,0.47619,0
Ingram Micro Holding,2024-11,1,@IngramMicroInc,19,0,0.0,0.0,0.0,0.0,0,0.0,0.0,0.0,0.0,0.0,0.0,0.0,0.526316,1
Ingram Micro Holding,2024-12,1,@IngramMicroInc,24,0,0.0,0.0,0.0,0.0,0,0.0,0.0,0.0,0.0,0.0,0.0,0.0,0.541667,1
Ingram Micro Holding,2025-01,1,@IngramMicroInc,22,0,0.0,0.0,0.0,0.0,0,0.0,0.0,0.0,0.0,0.0,0.0,0.0,0.409091,0
Ingram Micro Holding,2025-02,1,@IngramMicroInc,22,0,0.0,0.0,0.0,0.0,0,0.0,0.0,0.0,0.0,0.0,0.0,0.0,0.5,1
Ingram Micro Holding,2025-03,1,@IngramMicroInc,26,0,0.0,0.0,0.0,0.0,0,0.0,0.0,0.0,0.0,0.0,0.0,0.0,0.538462,1
Ingram Micro Holding,2025-04,1,@IngramMicroInc,39,0,0.0,0.0,0.0,0.0,0,0.0,0.0,0.0,0.0,0.0,0.0,0.0,0.461538,0
Ingram Micro Holding,2025-05,1,@IngramMicroInc,23,0,0.0,0.0,0.0,0.0,0,0.0,0.0,0.0,0.0,0.0,0.0,0.0,0.652174,1
Ingram Micro Holding,2025-06,1,@IngramMicroInc,24,0,0.0,0.0,0.0,0.0,0,0.0,0.0,0.0,0.0,0.0,0.0,0.0,0.583333,1
Ingram Micro Holding,2025-07,1,@IngramMicroInc,17,0,0.0,0.0,0.0,0.0,0,0.0,0.0,0.0,0.0,0.0,0.0,0.0,0.705882,1
Ingram Micro Holding,2025-08,1,@IngramMicroInc,16,0,0.0,0.0,0.0,0.0,0,0.0,0.0,0.0,0.0,0.0,0.0,0.0,0.6875,1
Ingram Micro Holding,2025-09,1,@IngramMicroInc,21,0,0.0,0.0,0.0,0.0,0,0.0,0.0,0.0,0.0,0.0,0.0,0.0,0.47619,0
Ingram Micro Holding,2025-10,1,@IngramMicroInc,26,0,0.0,0.0,0.0,0.0,0,0.0,0.0,0.0,0.0,0.0,0.0,0.0,0.423077,0
Ingram Micro Holding,2025-11,1,@IngramMicroInc,34,0,0.0,0.0,0.0,0.0,0,0.0,0.0,0.0,0.0,0.0,0.0,0.0,0.588235,1
Ingram Micro Holding,2025-12,1,@IngramMicroInc,15,0,0.0,0.0,0.0,0.0,0,0.0,0.0,0.0,0.0,0.0,0.0,0.0,0.533333,1
Ingram Micro Holding,2026-01,1,@IngramMicroInc,15,0,0.0,0.0,0.0,0.0,0,0.0,0.0,0.0,0.0,0.0,0.0,0.0,0.266667,0
Ingram Micro Holding,2026-02,1,@IngramMicroInc,21,0,0.0,0.0,0.0,0.0,0,0.0,0.0,0.0,0.0,0.0,0.0,0.0,0.714286,1
Ingram Micro Holding,2026-03,1,@IngramMicroInc,29,0,0.0,0.0,0.0,0.0,0,0.0,0.0,0.0,0.0,0.0,0.0,0.0,0.586207,1
Ingram Micro Holding,2026-04,1,@IngramMicroInc,24,0,0.0,0.0,0.0,0.0,0,0.0,0.0,0.0,0.0,0.0,0.0,0.0,0.583333,1
Ingram Micro Holding,2026-05,1,@IngramMicroInc,13,0,0.0,0.0,0.0,0.0,0,0.0,0.0,0.0,0.0,0.0,0.0,0.0,0.846154,1
Ingram Micro Holding,2026-06,1,@IngramMicroInc,6,0,0.0,0.0,0.0,0.0,0,0.0,0.0,0.0,0.0,0.0,0.0,0.0,0.5,1
Intel,2025-08,1,@intel,14,0,0.0,0.0,0.0,0.0,0,0.0,0.0,0.0,0.0,0.0,0.0,0.0,0.571429,1
Intel,2025-09,1,@intel,21,0,0.0,0.0,0.0,0.0,0,0.0,0.0,0.0,0.0,0.0,0.0,0.0,0.619048,1
Intel,2025-10,1,@intel,22,0,0.0,0.0,0.0,0.0,0,0.0,0.0,0.0,0.0,0.0,0.0,0.0,0.545455,1
Intel,2025-11,1,@intel,13,0,0.0,0.0,0.0,0.0,0,0.0,0.0,0.0,0.0,0.0,0.0,0.0,0.692308,1
Intel,2025-12,1,@intel,13,0,0.0,0.0,0.0,0.0,0,0.0,0.0,0.0,0.0,0.0,0.0,0.0,0.461538,0
Intel,2026-01,1,@intel,26,0,0.0,0.0,0.0,0.0,0,0.0,0.038462,0.001479325,0.0,0.0,0.0,0.0,0.653846,1
Intel,2026-02,1,@intel,26,0,0.0,0.0,0.0,0.0,0,0.0,0.0,0.0,0.0,0.0,0.0,0.0,0.461538,0
Intel,2026-03,1,@intel,30,0,0.0,0.0,0.0,0.0,0,0.0,0.0,0.0,0.0,0.0,0.0,0.0,0.6,1
Intel,2026-04,1,@intel,36,0,0.0,0.0,0.0,0.0,0,0.0,0.0,0.0,0.0,0.0,0.0,0.0,0.472222,0
Intel,2026-05,1,@intel,37,0,0.0,0.0,0.0,0.0,0,0.0,0.0,0.0,0.0,0.0,0.0,0.0,0.405405,0
Intel,2026-06,1,@intel,50,0,0.0,0.0,0.0,0.0,0,0.0,0.0,0.0,0.0,0.0,0.0,0.0,0.52,1
JPMorgan Chase,2021-05,1,@jpmorgan,17,0,0.0,0.0,0.0,0.0,0,0.0,0.0,0.0,0.0,0.0,0.0,0.0,0.470588,0
JPMorgan Chase,2021-06,1,@jpmorgan,43,1,0.023256,0.023256,0.000540842,0.693147,1,0.05,0.023256,0.000540842,0.002163343,5.0311e-05,0.023256,0.000540842,0.534884,1
JPMorgan Chase,2021-07,1,@jpmorgan,26,0,0.0,0.0,0.0,0.0,0,0.0,0.0,0.0,0.0,0.0,0.0,0.0,0.461538,0
JPMorgan Chase,2021-08,1,@jpmorgan,30,0,0.0,0.0,0.0,0.0,0,0.0,0.0,0.0,0.0,0.0,0.0,0.0,0.633333,1
JPMorgan Chase,2021-09,1,@jpmorgan,27,0,0.0,0.0,0.0,0.0,0,0.0,0.0,0.0,0.0,0.0,0.0,0.0,0.518519,1
JPMorgan Chase,2021-10,1,@jpmorgan,24,0,0.0,0.0,0.0,0.0,0,0.0,0.0,0.0,0.0,0.0,0.0,0.0,0.625,1
JPMorgan Chase,2021-11,1,@jpmorgan,21,0,0.0,0.0,0.0,0.0,0,0.0,0.0,0.0,0.0,0.0,0.0,0.0,0.52381,1
JPMorgan Chase,2021-12,1,@jpmorgan,21,0,0.0,0.0,0.0,0.0,0,0.0,0.0,0.0,0.0,0.0,0.0,0.0,0.619048,1
JPMorgan Chase,2022-01,1,@jpmorgan,24,0,0.0,0.0,0.0,0.0,0,0.0,0.0,0.0,0.0,0.0,0.0,0.0,0.458333,0
JPMorgan Chase,2022-02,1,@jpmorgan,28,0,0.0,0.0,0.0,0.0,0,0.0,0.0,0.0,0.0,0.0,0.0,0.0,0.5,1
JPMorgan Chase,2022-03,1,@jpmorgan,21,0,0.0,0.0,0.0,0.0,0,0.0,0.0,0.0,0.0,0.0,0.0,0.0,0.380952,0
JPMorgan Chase,2022-04,1,@jpmorgan,26,0,0.0,0.0,0.0,0.0,0,0.0,0.0,0.0,0.0,0.0,0.0,0.0,0.615385,1
JPMorgan Chase,2022-05,1,@jpmorgan,23,0,0.0,0.0,0.0,0.0,0,0.0,0.0,0.0,0.0,0.0,0.0,0.0,0.391304,0
JPMorgan Chase,2022-06,1,@jpmorgan,17,0,0.0,0.0,0.0,0.0,0,0.0,0.0,0.0,0.0,0.0,0.0,0.0,0.352941,0
JPMorgan Chase,2022-07,1,@jpmorgan,12,0,0.0,0.0,0.0,0.0,0,0.0,0.0,0.0,0.0,0.0,0.0,0.0,0.333333,0
JPMorgan Chase,2022-08,1,@jpmorgan,8,0,0.0,0.0,0.0,0.0,0,0.0,0.0,0.0,0.0,0.0,0.0,0.0,0.375,0
JPMorgan Chase,2022-09,1,@jpmorgan,16,0,0.0,0.0,0.0,0.0,0,0.0,0.0,0.0,0.0,0.0,0.0,0.0,0.375,0
JPMorgan Chase,2022-10,1,@jpmorgan,30,0,0.0,0.0,0.0,0.0,0,0.0,0.0,0.0,0.0,0.0,0.0,0.0,0.566667,1
JPMorgan Chase,2022-11,1,@jpmorgan,13,0,0.0,0.0,0.0,0.0,0,0.0,0.0,0.0,0.0,0.0,0.0,0.0,0.461538,0
JPMorgan Chase,2022-12,1,@jpmorgan,11,0,0.0,0.0,0.0,0.0,0,0.0,0.0,0.0,0.0,0.0,0.0,0.0,0.454545,0
JPMorgan Chase,2023-01,1,@jpmorgan,25,0,0.0,0.0,0.0,0.0,0,0.0,0.0,0.0,0.0,0.0,0.0,0.0,0.4,0
JPMorgan Chase,2023-02,1,@jpmorgan,24,0,0.0,0.0,0.0,0.0,0,0.0,0.0,0.0,0.0,0.0,0.0,0.0,0.458333,0
JPMorgan Chase,2023-03,1,@jpmorgan,25,0,0.0,0.0,0.0,0.0,0,0.0,0.0,0.0,0.0,0.0,0.0,0.0,0.52,1
JPMorgan Chase,2023-04,1,@jpmorgan,13,0,0.0,0.0,0.0,0.0,0,0.0,0.0,0.0,0.0,0.0,0.0,0.0,0.538462,1
JPMorgan Chase,2023-05,1,@jpmorgan,20,0,0.0,0.0,0.0,0.0,0,0.0,0.0,0.0,0.0,0.0,0.0,0.0,0.45,0
JPMorgan Chase,2023-06,1,@jpmorgan,20,0,0.0,0.0,0.0,0.0,0,0.0,0.0,0.0,0.0,0.0,0.0,0.0,0.55,1
JPMorgan Chase,2023-07,1,@jpmorgan,10,0,0.0,0.0,0.0,0.0,0,0.0,0.0,0.0,0.0,0.0,0.0,0.0,0.6,1
JPMorgan Chase,2023-08,1,@jpmorgan,13,0,0.0,0.0,0.0,0.0,0,0.0,0.0,0.0,0.0,0.0,0.0,0.0,0.461538,0
JPMorgan Chase,2023-09,1,@jpmorgan,13,0,0.0,0.0,0.0,0.0,0,0.0,0.0,0.0,0.0,0.0,0.0,0.0,0.692308,1
JPMorgan Chase,2023-10,1,@jpmorgan,15,0,0.0,0.0,0.0,0.0,0,0.0,0.0,0.0,0.0,0.0,0.0,0.0,0.666667,1
JPMorgan Chase,2023-11,1,@jpmorgan,10,0,0.0,0.0,0.0,0.0,0,0.0,0.0,0.0,0.0,0.0,0.0,0.0,0.6,1
JPMorgan Chase,2024-01,1,@jpmorgan,1,0,0.0,0.0,0.0,0.0,0,,0.0,0.0,0.0,0.0,0.0,0.0,1.0,1
JPMorgan Chase,2024-04,1,@jpmorgan,2,0,0.0,0.0,0.0,0.0,0,0.0,0.0,0.0,0.0,0.0,0.0,0.0,0.5,1
JPMorgan Chase,2024-07,1,@jpmorgan,1,0,0.0,0.0,0.0,0.0,0,0.0,0.0,0.0,0.0,0.0,0.0,0.0,0.0,0
JPMorgan Chase,2024-10,1,@jpmorgan,1,0,0.0,0.0,0.0,0.0,0,,0.0,0.0,0.0,0.0,0.0,0.0,1.0,1
JPMorgan Chase,2025-01,1,@jpmorgan,1,0,0.0,0.0,0.0,0.0,0,,0.0,0.0,0.0,0.0,0.0,0.0,1.0,1
JPMorgan Chase,2025-04,1,@jpmorgan,2,0,0.0,0.0,0.0,0.0,0,0.0,0.0,0.0,0.0,0.0,0.0,0.0,0.5,1
JPMorgan Chase,2025-05,1,@jpmorgan,12,0,0.0,0.0,0.0,0.0,0,0.0,0.0,0.0,0.0,0.0,0.0,0.0,0.75,1
JPMorgan Chase,2025-06,1,@jpmorgan,10,0,0.0,0.0,0.0,0.0,0,0.0,0.0,0.0,0.0,0.0,0.0,0.0,0.4,0
JPMorgan Chase,2025-07,1,@jpmorgan,20,0,0.0,0.0,0.0,0.0,0,0.0,0.0,0.0,0.0,0.0,0.0,0.0,0.65,1
JPMorgan Chase,2025-08,1,@jpmorgan,8,0,0.0,0.0,0.0,0.0,0,0.0,0.0,0.0,0.0,0.0,0.0,0.0,0.625,1
JPMorgan Chase,2025-09,1,@jpmorgan,21,0,0.0,0.0,0.0,0.0,0,0.0,0.0,0.0,0.0,0.0,0.0,0.0,0.619048,1
JPMorgan Chase,2025-10,1,@jpmorgan,27,0,0.0,0.0,0.0,0.0,0,0.0,0.0,0.0,0.0,0.0,0.0,0.0,0.481481,0
JPMorgan Chase,2025-11,1,@jpmorgan,8,0,0.0,0.0,0.0,0.0,0,0.0,0.0,0.0,0.0,0.0,0.0,0.0,0.625,1
JPMorgan Chase,2025-12,1,@jpmorgan,11,0,0.0,0.0,0.0,0.0,0,0.0,0.0,0.0,0.0,0.0,0.0,0.0,0.363636,0
JPMorgan Chase,2026-01,1,@jpmorgan,18,0,0.0,0.0,0.0,0.0,0,0.0,0.0,0.0,0.0,0.0,0.0,0.0,0.611111,1
JPMorgan Chase,2026-02,1,@jpmorgan,4,0,0.0,0.0,0.0,0.0,0,0.0,0.0,0.0,0.0,0.0,0.0,0.0,0.75,1
JPMorgan Chase,2026-03,1,@jpmorgan,19,0,0.0,0.0,0.0,0.0,0,0.0,0.0,0.0,0.0,0.0,0.0,0.0,0.421053,0
JPMorgan Chase,2026-04,1,@jpmorgan,16,0,0.0,0.0,0.0,0.0,0,0.0,0.0,0.0,0.0,0.0,0.0,0.0,0.5,1
JPMorgan Chase,2026-05,1,@jpmorgan,20,0,0.0,0.0,0.0,0.0,0,0.0,0.0,0.0,0.0,0.0,0.0,0.0,0.4,0
JPMorgan Chase,2026-06,1,@jpmorgan,7,0,0.0,0.0,0.0,0.0,0,0.0,0.0,0.0,0.0,0.0,0.0,0.0,0.428571,0
Johnson & Johnson,2020-09,1,@JNJNews,1,0,0.0,0.0,0.0,0.0,0,0.0,0.0,0.0,0.0,0.0,0.0,0.0,0.0,0
Johnson & Johnson,2020-10,1,@JNJNews,83,1,0.012048,0.012048,0.000145154,0.693147,1,0.022222,0.012048,0.000145154,0.002177351,2.6233e-05,0.012048,0.000145154,0.457831,0
Johnson & Johnson,2020-11,1,@JNJNews,42,0,0.0,0.0,0.0,0.0,0,0.0,0.0,0.0,0.0,0.0,0.0,0.0,0.5,1
Johnson & Johnson,2020-12,1,@JNJNews,33,0,0.0,0.0,0.0,0.0,0,0.0,0.0,0.0,0.0,0.0,0.0,0.0,0.545455,1
Johnson & Johnson,2021-01,1,@JNJNews,26,0,0.0,0.0,0.0,0.0,0,0.0,0.0,0.0,0.0,0.0,0.0,0.0,0.384615,0
Johnson & Johnson,2021-02,1,@JNJNews,35,0,0.0,0.0,0.0,0.0,0,0.0,0.0,0.0,0.0,0.0,0.0,0.0,0.628571,1
Johnson & Johnson,2021-03,1,@JNJNews,52,0,0.0,0.0,0.0,0.0,0,0.0,0.0,0.0,0.0,0.0,0.0,0.0,0.538462,1
Johnson & Johnson,2021-04,1,@JNJNews,15,0,0.0,0.0,0.0,0.0,0,0.0,0.0,0.0,0.0,0.0,0.0,0.0,0.133333,0
Johnson & Johnson,2021-05,1,@JNJNews,17,0,0.0,0.0,0.0,0.0,0,0.0,0.0,0.0,0.0,0.0,0.0,0.0,0.411765,0
Johnson & Johnson,2021-06,1,@JNJNews,28,0,0.0,0.0,0.0,0.0,0,0.0,0.0,0.0,0.0,0.0,0.0,0.0,0.464286,0
Johnson & Johnson,2021-07,1,@JNJNews,26,0,0.0,0.0,0.0,0.0,0,0.0,0.0,0.0,0.0,0.0,0.0,0.0,0.384615,0
Johnson & Johnson,2021-08,1,@JNJNews,13,0,0.0,0.0,0.0,0.0,0,0.0,0.0,0.0,0.0,0.0,0.0,0.0,0.307692,0
Johnson & Johnson,2021-09,1,@JNJNews,27,0,0.0,0.0,0.0,0.0,0,0.0,0.0,0.0,0.0,0.0,0.0,0.0,0.62963,1
Johnson & Johnson,2021-10,1,@JNJNews,54,0,0.0,0.0,0.0,0.0,0,0.0,0.0,0.0,0.0,0.0,0.0,0.0,0.425926,0
Johnson & Johnson,2021-11,1,@JNJNews,51,0,0.0,0.0,0.0,0.0,0,0.0,0.0,0.0,0.0,0.0,0.0,0.0,0.54902,1
Johnson & Johnson,2021-12,1,@JNJNews,21,0,0.0,0.0,0.0,0.0,0,0.0,0.0,0.0,0.0,0.0,0.0,0.0,0.809524,1
Johnson & Johnson,2022-01,1,@JNJNews,23,0,0.0,0.0,0.0,0.0,0,0.0,0.0,0.0,0.0,0.0,0.0,0.0,0.391304,0
Johnson & Johnson,2022-02,1,@JNJNews,7,0,0.0,0.0,0.0,0.0,0,0.0,0.0,0.0,0.0,0.0,0.0,0.0,0.571429,1
Johnson & Johnson,2022-03,1,@JNJNews,3,0,0.0,0.0,0.0,0.0,0,0.0,0.0,0.0,0.0,0.0,0.0,0.0,0.333333,0
Johnson & Johnson,2022-04,1,@JNJNews,7,0,0.0,0.0,0.0,0.0,0,0.0,0.0,0.0,0.0,0.0,0.0,0.0,0.571429,1
Johnson & Johnson,2022-05,1,@JNJNews,3,0,0.0,0.0,0.0,0.0,0,,0.0,0.0,0.0,0.0,0.0,0.0,1.0,1
Johnson & Johnson,2022-06,1,@JNJNews,1,0,0.0,0.0,0.0,0.0,0,0.0,0.0,0.0,0.0,0.0,0.0,0.0,0.0,0
Johnson & Johnson,2022-07,1,@JNJNews,3,0,0.0,0.0,0.0,0.0,0,0.0,0.0,0.0,0.0,0.0,0.0,0.0,0.0,0
Johnson & Johnson,2022-08,1,@JNJNews,1,0,0.0,0.0,0.0,0.0,0,,0.0,0.0,0.0,0.0,0.0,0.0,1.0,1
Johnson & Johnson,2022-09,1,@JNJNews,9,0,0.0,0.0,0.0,0.0,0,0.0,0.0,0.0,0.0,0.0,0.0,0.0,0.0,0
Johnson & Johnson,2022-10,1,@JNJNews,9,0,0.0,0.0,0.0,0.0,0,0.0,0.0,0.0,0.0,0.0,0.0,0.0,0.333333,0
Johnson & Johnson,2022-11,1,@JNJNews,3,0,0.0,0.0,0.0,0.0,0,0.0,0.0,0.0,0.0,0.0,0.0,0.0,0.0,0
Johnson & Johnson,2022-12,1,@JNJNews,4,0,0.0,0.0,0.0,0.0,0,0.0,0.0,0.0,0.0,0.0,0.0,0.0,0.75,1
Johnson & Johnson,2023-01,1,@JNJNews,16,0,0.0,0.0,0.0,0.0,0,0.0,0.0,0.0,0.0,0.0,0.0,0.0,0.25,0
Johnson & Johnson,2023-02,1,@JNJNews,14,0,0.0,0.0,0.0,0.0,0,0.0,0.0,0.0,0.0,0.0,0.0,0.0,0.5,1
Johnson & Johnson,2023-03,1,@JNJNews,9,0,0.0,0.0,0.0,0.0,0,0.0,0.0,0.0,0.0,0.0,0.0,0.0,0.777778,1
Johnson & Johnson,2023-04,1,@JNJNews,11,0,0.0,0.0,0.0,0.0,0,0.0,0.0,0.0,0.0,0.0,0.0,0.0,0.181818,0
Johnson & Johnson,2023-05,1,@JNJNews,1,0,0.0,0.0,0.0,0.0,0,,0.0,0.0,0.0,0.0,0.0,0.0,1.0,1
Johnson & Johnson,2023-06,1,@JNJNews,9,0,0.0,0.0,0.0,0.0,0,0.0,0.0,0.0,0.0,0.0,0.0,0.0,0.555556,1
Johnson & Johnson,2023-07,1,@JNJNews,7,0,0.0,0.0,0.0,0.0,0,0.0,0.0,0.0,0.0,0.0,0.0,0.0,0.142857,0
Johnson & Johnson,2023-09,1,@JNJNews,5,0,0.0,0.0,0.0,0.0,0,0.0,0.0,0.0,0.0,0.0,0.0,0.0,0.8,1
Johnson & Johnson,2023-10,1,@JNJNews,8,0,0.0,0.0,0.0,0.0,0,0.0,0.0,0.0,0.0,0.0,0.0,0.0,0.25,0
Johnson & Johnson,2023-11,1,@JNJNews,1,0,0.0,0.0,0.0,0.0,0,0.0,0.0,0.0,0.0,0.0,0.0,0.0,0.0,0
Johnson & Johnson,2023-12,1,@JNJNews,14,0,0.0,0.0,0.0,0.0,0,0.0,0.0,0.0,0.0,0.0,0.0,0.0,0.357143,0
Johnson & Johnson,2024-01,1,@JNJNews,10,0,0.0,0.0,0.0,0.0,0,0.0,0.0,0.0,0.0,0.0,0.0,0.0,0.3,0
Johnson & Johnson,2024-02,1,@JNJNews,3,0,0.0,0.0,0.0,0.0,0,0.0,0.0,0.0,0.0,0.0,0.0,0.0,0.0,0
Johnson & Johnson,2024-03,1,@JNJNews,4,0,0.0,0.0,0.0,0.0,0,0.0,0.0,0.0,0.0,0.0,0.0,0.0,0.25,0
Johnson & Johnson,2024-04,1,@JNJNews,10,0,0.0,0.0,0.0,0.0,0,0.0,0.0,0.0,0.0,0.0,0.0,0.0,0.2,0
Johnson & Johnson,2024-05,1,@JNJNews,3,0,0.0,0.0,0.0,0.0,0,0.0,0.0,0.0,0.0,0.0,0.0,0.0,0.0,0
Johnson & Johnson,2024-06,1,@JNJNews,1,0,0.0,0.0,0.0,0.0,0,,0.0,0.0,0.0,0.0,0.0,0.0,1.0,1
Johnson & Johnson,2024-07,1,@JNJNews,6,0,0.0,0.0,0.0,0.0,0,0.0,0.0,0.0,0.0,0.0,0.0,0.0,0.0,0
Johnson & Johnson,2024-08,1,@JNJNews,1,0,0.0,0.0,0.0,0.0,0,0.0,0.0,0.0,0.0,0.0,0.0,0.0,0.0,0
Johnson & Johnson,2024-10,1,@JNJNews,12,0,0.0,0.0,0.0,0.0,0,0.0,0.0,0.0,0.0,0.0,0.0,0.0,0.416667,0
Johnson & Johnson,2024-11,1,@JNJNews,1,0,0.0,0.0,0.0,0.0,0,0.0,0.0,0.0,0.0,0.0,0.0,0.0,0.0,0
Johnson & Johnson,2025-01,1,@JNJNews,1,0,0.0,0.0,0.0,0.0,0,0.0,0.0,0.0,0.0,0.0,0.0,0.0,0.0,0
Johnson & Johnson,2025-03,1,@JNJNews,3,0,0.0,0.0,0.0,0.0,0,,0.0,0.0,0.0,0.0,0.0,0.0,1.0,1
Johnson & Johnson,2025-04,1,@JNJNews,1,0,0.0,0.0,0.0,0.0,0,0.0,0.0,0.0,0.0,0.0,0.0,0.0,0.0,0
Johnson & Johnson,2025-06,1,@JNJNews,1,0,0.0,0.0,0.0,0.0,0,,0.0,0.0,0.0,0.0,0.0,0.0,1.0,1
Johnson & Johnson,2025-10,1,@JNJNews,5,0,0.0,0.0,0.0,0.0,0,0.0,0.0,0.0,0.0,0.0,0.0,0.0,0.8,1
Johnson & Johnson,2025-11,1,@JNJNews,1,0,0.0,0.0,0.0,0.0,0,0.0,0.0,0.0,0.0,0.0,0.0,0.0,0.0,0
Johnson & Johnson,2025-12,1,@JNJNews,1,0,0.0,0.0,0.0,0.0,0,,0.0,0.0,0.0,0.0,0.0,0.0,1.0,1
Johnson & Johnson,2026-01,1,@JNJNews,1,0,0.0,0.0,0.0,0.0,0,0.0,0.0,0.0,0.0,0.0,0.0,0.0,0.0,0
Johnson & Johnson,2026-03,1,@JNJNews,2,0,0.0,0.0,0.0,0.0,0,0.0,0.0,0.0,0.0,0.0,0.0,0.0,0.5,1
Johnson & Johnson,2026-04,1,@JNJNews,1,0,0.0,0.0,0.0,0.0,0,0.0,0.0,0.0,0.0,0.0,0.0,0.0,0.0,0
Kroger,2017-06,1,@kroger,1,0,0.0,0.0,0.0,0.0,0,0.0,0.0,0.0,0.0,0.0,0.0,0.0,0.0,0
Kroger,2017-10,1,@kroger,1,0,0.0,0.0,0.0,0.0,0,,0.0,0.0,0.0,0.0,0.0,0.0,1.0,1
Kroger,2018-09,1,@kroger,57,0,0.0,0.0,0.0,0.0,0,0.0,0.0,0.0,0.0,0.0,0.0,0.0,0.508772,1
Kroger,2018-10,1,@kroger,30,0,0.0,0.0,0.0,0.0,0,0.0,0.0,0.0,0.0,0.0,0.0,0.0,0.4,0
Kroger,2018-11,1,@kroger,32,0,0.0,0.0,0.0,0.0,0,0.0,0.03125,0.000976562,0.0,0.0,0.0,0.0,0.46875,0
Kroger,2018-12,1,@kroger,19,0,0.0,0.0,0.0,0.0,0,0.0,0.0,0.0,0.0,0.0,0.0,0.0,0.631579,1
Kroger,2019-01,1,@kroger,15,0,0.0,0.0,0.0,0.0,0,0.0,0.0,0.0,0.0,0.0,0.0,0.0,0.6,1
Kroger,2019-02,1,@kroger,18,0,0.0,0.0,0.0,0.0,0,0.0,0.0,0.0,0.0,0.0,0.0,0.0,0.444444,0
Kroger,2019-03,1,@kroger,25,0,0.0,0.0,0.0,0.0,0,0.0,0.0,0.0,0.0,0.0,0.0,0.0,0.48,0
Kroger,2019-04,1,@kroger,19,0,0.0,0.0,0.0,0.0,0,0.0,0.0,0.0,0.0,0.0,0.0,0.0,0.526316,1
Kroger,2019-05,1,@kroger,24,0,0.0,0.0,0.0,0.0,0,0.0,0.0,0.0,0.0,0.0,0.0,0.0,0.5,1
Kroger,2019-06,1,@kroger,14,0,0.0,0.0,0.0,0.0,0,0.0,0.0,0.0,0.0,0.0,0.0,0.0,0.642857,1
Kroger,2019-07,1,@kroger,17,0,0.0,0.0,0.0,0.0,0,0.0,0.0,0.0,0.0,0.0,0.0,0.0,0.647059,1
Kroger,2019-08,1,@kroger,18,1,0.055556,0.055556,0.003086469,0.693147,1,0.1,0.055556,0.003086469,0.006172883,0.000342941,0.055556,0.003086469,0.444444,0
Kroger,2019-09,1,@kroger,24,0,0.0,0.0,0.0,0.0,0,0.0,0.0,0.0,0.0,0.0,0.0,0.0,0.458333,0
Kroger,2019-10,1,@kroger,14,0,0.0,0.0,0.0,0.0,0,0.0,0.0,0.0,0.0,0.0,0.0,0.0,0.428571,0
Kroger,2019-11,1,@kroger,14,0,0.0,0.0,0.0,0.0,0,0.0,0.0,0.0,0.0,0.0,0.0,0.0,0.214286,0
Kroger,2019-12,1,@kroger,12,0,0.0,0.0,0.0,0.0,0,0.0,0.0,0.0,0.0,0.0,0.0,0.0,0.583333,1
Kroger,2020-01,1,@kroger,13,0,0.0,0.0,0.0,0.0,0,0.0,0.0,0.0,0.0,0.0,0.0,0.0,0.615385,1
Kroger,2020-02,1,@kroger,18,0,0.0,0.0,0.0,0.0,0,0.0,0.0,0.0,0.0,0.0,0.0,0.0,0.722222,1
Kroger,2020-03,1,@kroger,17,0,0.0,0.0,0.0,0.0,0,0.0,0.0,0.0,0.0,0.0,0.0,0.0,0.235294,0
Kroger,2020-04,1,@kroger,13,0,0.0,0.0,0.0,0.0,0,0.0,0.0,0.0,0.0,0.0,0.0,0.0,0.538462,1
Kroger,2020-05,1,@kroger,12,0,0.0,0.0,0.0,0.0,0,0.0,0.0,0.0,0.0,0.0,0.0,0.0,0.833333,1
Kroger,2020-06,1,@kroger,8,0,0.0,0.0,0.0,0.0,0,0.0,0.0,0.0,0.0,0.0,0.0,0.0,0.125,0
Kroger,2020-07,1,@kroger,9,0,0.0,0.0,0.0,0.0,0,0.0,0.0,0.0,0.0,0.0,0.0,0.0,0.444444,0
Kroger,2020-08,1,@kroger,12,0,0.0,0.0,0.0,0.0,0,0.0,0.0,0.0,0.0,0.0,0.0,0.0,0.75,1
Kroger,2020-09,1,@kroger,21,0,0.0,0.0,0.0,0.0,0,0.0,0.0,0.0,0.0,0.0,0.0,0.0,0.52381,1
Kroger,2020-10,1,@kroger,43,2,0.046512,0.046512,0.002163366,1.098612,1,0.133333,0.046512,0.002163366,0.008653418,0.000402488,0.046512,0.002163366,0.651163,1
Kroger,2020-11,1,@kroger,14,0,0.0,0.0,0.0,0.0,0,0.0,0.0,0.0,0.0,0.0,0.0,0.0,0.642857,1
Kroger,2020-12,1,@kroger,23,0,0.0,0.0,0.0,0.0,0,0.0,0.0,0.0,0.0,0.0,0.0,0.0,0.608696,1
Kroger,2021-01,1,@kroger,2,0,0.0,0.0,0.0,0.0,0,0.0,0.0,0.0,0.0,0.0,0.0,0.0,0.0,0
Kroger,2021-02,1,@kroger,8,0,0.0,0.0,0.0,0.0,0,0.0,0.0,0.0,0.0,0.0,0.0,0.0,0.5,1
Kroger,2021-03,1,@kroger,16,1,0.0625,0.0625,0.00390625,0.693147,1,0.142857,0.0625,0.00390625,0.015625,0.000976562,0.0625,0.00390625,0.5625,1
Kroger,2021-04,1,@kroger,4,0,0.0,0.0,0.0,0.0,0,0.0,0.0,0.0,0.0,0.0,0.0,0.0,0.5,1
Kroger,2021-05,1,@kroger,7,0,0.0,0.0,0.0,0.0,0,0.0,0.0,0.0,0.0,0.0,0.0,0.0,0.428571,0
Kroger,2021-06,1,@kroger,6,0,0.0,0.0,0.0,0.0,0,0.0,0.0,0.0,0.0,0.0,0.0,0.0,0.5,1
Kroger,2021-07,1,@kroger,18,0,0.0,0.0,0.0,0.0,0,0.0,0.0,0.0,0.0,0.0,0.0,0.0,0.222222,0
Kroger,2021-08,1,@kroger,10,0,0.0,0.0,0.0,0.0,0,0.0,0.0,0.0,0.0,0.0,0.0,0.0,0.4,0
Kroger,2021-09,1,@kroger,10,0,0.0,0.0,0.0,0.0,0,0.0,0.0,0.0,0.0,0.0,0.0,0.0,0.4,0
Kroger,2021-10,1,@kroger,14,0,0.0,0.0,0.0,0.0,0,0.0,0.0,0.0,0.0,0.0,0.0,0.0,0.357143,0
Kroger,2021-11,1,@kroger,13,0,0.0,0.0,0.0,0.0,0,0.0,0.0,0.0,0.0,0.0,0.0,0.0,0.461538,0
Kroger,2021-12,1,@kroger,8,0,0.0,0.0,0.0,0.0,0,0.0,0.0,0.0,0.0,0.0,0.0,0.0,0.5,1
Kroger,2022-01,1,@kroger,9,1,0.111111,0.111111,0.012345654,0.693147,1,0.2,0.111111,0.012345654,0.024691309,0.002743476,0.111111,0.012345654,0.444444,0
Kroger,2022-02,1,@kroger,14,0,0.0,0.0,0.0,0.0,0,0.0,0.0,0.0,0.0,0.0,0.0,0.0,0.571429,1
Kroger,2022-03,1,@kroger,11,0,0.0,0.0,0.0,0.0,0,0.0,0.0,0.0,0.0,0.0,0.0,0.0,0.363636,0
Kroger,2022-04,1,@kroger,14,0,0.0,0.0,0.0,0.0,0,0.0,0.0,0.0,0.0,0.0,0.0,0.0,0.5,1
Kroger,2022-05,1,@kroger,18,0,0.0,0.0,0.0,0.0,0,0.0,0.0,0.0,0.0,0.0,0.0,0.0,0.611111,1
Kroger,2022-06,1,@kroger,9,0,0.0,0.0,0.0,0.0,0,0.0,0.0,0.0,0.0,0.0,0.0,0.0,0.555556,1
Kroger,2022-07,1,@kroger,12,0,0.0,0.0,0.0,0.0,0,0.0,0.0,0.0,0.0,0.0,0.0,0.0,0.583333,1
Kroger,2022-08,1,@kroger,15,0,0.0,0.0,0.0,0.0,0,0.0,0.0,0.0,0.0,0.0,0.0,0.0,0.733333,1
Kroger,2022-09,1,@kroger,21,0,0.0,0.0,0.0,0.0,0,0.0,0.0,0.0,0.0,0.0,0.0,0.0,0.428571,0
Kroger,2022-10,1,@kroger,4,0,0.0,0.0,0.0,0.0,0,0.0,0.0,0.0,0.0,0.0,0.0,0.0,0.5,1
Kroger,2022-11,1,@kroger,10,0,0.0,0.0,0.0,0.0,0,0.0,0.0,0.0,0.0,0.0,0.0,0.0,0.5,1
Kroger,2023-01,1,@kroger,6,0,0.0,0.0,0.0,0.0,0,0.0,0.0,0.0,0.0,0.0,0.0,0.0,0.333333,0
Kroger,2023-02,1,@kroger,6,0,0.0,0.0,0.0,0.0,0,0.0,0.0,0.0,0.0,0.0,0.0,0.0,0.666667,1
Kroger,2023-04,1,@kroger,2,0,0.0,0.0,0.0,0.0,0,0.0,0.0,0.0,0.0,0.0,0.0,0.0,0.0,0
Kroger,2023-05,1,@kroger,5,0,0.0,0.0,0.0,0.0,0,0.0,0.0,0.0,0.0,0.0,0.0,0.0,0.6,1
Kroger,2023-06,1,@kroger,7,0,0.0,0.0,0.0,0.0,0,0.0,0.0,0.0,0.0,0.0,0.0,0.0,0.142857,0
Kroger,2023-07,1,@kroger,12,0,0.0,0.0,0.0,0.0,0,0.0,0.0,0.0,0.0,0.0,0.0,0.0,0.25,0
Kroger,2023-08,1,@kroger,1,0,0.0,0.0,0.0,0.0,0,0.0,0.0,0.0,0.0,0.0,0.0,0.0,0.0,0
Kroger,2023-09,1,@kroger,2,0,0.0,0.0,0.0,0.0,0,0.0,0.0,0.0,0.0,0.0,0.0,0.0,0.5,1
Kroger,2023-10,1,@kroger,5,0,0.0,0.0,0.0,0.0,0,0.0,0.0,0.0,0.0,0.0,0.0,0.0,0.4,0
Kroger,2023-11,1,@kroger,4,0,0.0,0.0,0.0,0.0,0,0.0,0.0,0.0,0.0,0.0,0.0,0.0,0.0,0
Kroger,2024-02,1,@kroger,3,0,0.0,0.0,0.0,0.0,0,0.0,0.0,0.0,0.0,0.0,0.0,0.0,0.333333,0
Kroger,2024-03,1,@kroger,3,0,0.0,0.0,0.0,0.0,0,0.0,0.0,0.0,0.0,0.0,0.0,0.0,0.0,0
Kroger,2024-04,1,@kroger,3,0,0.0,0.0,0.0,0.0,0,0.0,0.0,0.0,0.0,0.0,0.0,0.0,0.333333,0
Kroger,2024-05,1,@kroger,5,0,0.0,0.0,0.0,0.0,0,0.0,0.0,0.0,0.0,0.0,0.0,0.0,0.4,0
Kroger,2024-06,1,@kroger,2,0,0.0,0.0,0.0,0.0,0,,0.0,0.0,0.0,0.0,0.0,0.0,1.0,1
Kroger,2024-08,1,@kroger,7,0,0.0,0.0,0.0,0.0,0,0.0,0.0,0.0,0.0,0.0,0.0,0.0,0.428571,0
Kroger,2024-09,1,@kroger,1,0,0.0,0.0,0.0,0.0,0,0.0,0.0,0.0,0.0,0.0,0.0,0.0,0.0,0
Kroger,2024-10,1,@kroger,2,0,0.0,0.0,0.0,0.0,0,0.0,0.0,0.0,0.0,0.0,0.0,0.0,0.0,0
Kroger,2025-01,1,@kroger,2,0,0.0,0.0,0.0,0.0,0,0.0,0.0,0.0,0.0,0.0,0.0,0.0,0.0,0
Liberty Mutual Insurance Group,2018-09,1,@LibertyMutual,356,0,0.0,0.0,0.0,0.0,0,0.0,0.002809,7.89e-06,0.0,0.0,0.0,0.0,0.494382,0
Liberty Mutual Insurance Group,2018-10,1,@LibertyMutual,65,0,0.0,0.0,0.0,0.0,0,0.0,0.0,0.0,0.0,0.0,0.0,0.0,0.569231,1
Liberty Mutual Insurance Group,2018-11,1,@LibertyMutual,15,0,0.0,0.0,0.0,0.0,0,0.0,0.0,0.0,0.0,0.0,0.0,0.0,0.533333,1
Liberty Mutual Insurance Group,2018-12,1,@LibertyMutual,47,0,0.0,0.0,0.0,0.0,0,0.0,0.0,0.0,0.0,0.0,0.0,0.0,0.574468,1
Liberty Mutual Insurance Group,2019-01,1,@LibertyMutual,15,0,0.0,0.0,0.0,0.0,0,0.0,0.0,0.0,0.0,0.0,0.0,0.0,0.466667,0
Liberty Mutual Insurance Group,2019-02,1,@LibertyMutual,16,0,0.0,0.0,0.0,0.0,0,0.0,0.0,0.0,0.0,0.0,0.0,0.0,0.4375,0
Liberty Mutual Insurance Group,2019-03,1,@LibertyMutual,12,0,0.0,0.0,0.0,0.0,0,0.0,0.0,0.0,0.0,0.0,0.0,0.0,0.5,1
Liberty Mutual Insurance Group,2019-04,1,@LibertyMutual,20,0,0.0,0.0,0.0,0.0,0,0.0,0.0,0.0,0.0,0.0,0.0,0.0,0.6,1
Liberty Mutual Insurance Group,2019-05,1,@LibertyMutual,58,1,0.017241,0.017241,0.000297252,0.693147,1,0.038462,0.017241,0.000297252,0.00297259,5.125e-05,0.017241,0.000297252,0.551724,1
Liberty Mutual Insurance Group,2019-06,1,@LibertyMutual,12,0,0.0,0.0,0.0,0.0,0,0.0,0.0,0.0,0.0,0.0,0.0,0.0,0.5,1
Liberty Mutual Insurance Group,2019-07,1,@LibertyMutual,11,0,0.0,0.0,0.0,0.0,0,0.0,0.0,0.0,0.0,0.0,0.0,0.0,0.636364,1
Liberty Mutual Insurance Group,2019-08,1,@LibertyMutual,13,0,0.0,0.0,0.0,0.0,0,0.0,0.0,0.0,0.0,0.0,0.0,0.0,0.384615,0
Liberty Mutual Insurance Group,2019-09,1,@LibertyMutual,5,0,0.0,0.0,0.0,0.0,0,0.0,0.0,0.0,0.0,0.0,0.0,0.0,0.2,0
Liberty Mutual Insurance Group,2019-10,1,@LibertyMutual,21,0,0.0,0.0,0.0,0.0,0,0.0,0.0,0.0,0.0,0.0,0.0,0.0,0.761905,1
Liberty Mutual Insurance Group,2019-11,1,@LibertyMutual,11,0,0.0,0.0,0.0,0.0,0,0.0,0.0,0.0,0.0,0.0,0.0,0.0,0.545455,1
Liberty Mutual Insurance Group,2019-12,1,@LibertyMutual,8,0,0.0,0.0,0.0,0.0,0,0.0,0.0,0.0,0.0,0.0,0.0,0.0,0.5,1
Liberty Mutual Insurance Group,2020-01,1,@LibertyMutual,14,0,0.0,0.0,0.0,0.0,0,0.0,0.0,0.0,0.0,0.0,0.0,0.0,0.642857,1
Liberty Mutual Insurance Group,2020-02,1,@LibertyMutual,10,0,0.0,0.0,0.0,0.0,0,0.0,0.0,0.0,0.0,0.0,0.0,0.0,0.6,1
Liberty Mutual Insurance Group,2020-03,1,@LibertyMutual,11,0,0.0,0.0,0.0,0.0,0,0.0,0.0,0.0,0.0,0.0,0.0,0.0,0.636364,1
Liberty Mutual Insurance Group,2020-04,1,@LibertyMutual,4,0,0.0,0.0,0.0,0.0,0,0.0,0.0,0.0,0.0,0.0,0.0,0.0,0.5,1
Liberty Mutual Insurance Group,2020-05,1,@LibertyMutual,12,0,0.0,0.0,0.0,0.0,0,0.0,0.0,0.0,0.0,0.0,0.0,0.0,0.166667,0
Liberty Mutual Insurance Group,2020-06,1,@LibertyMutual,1,0,0.0,0.0,0.0,0.0,0,,0.0,0.0,0.0,0.0,0.0,0.0,1.0,1
Liberty Mutual Insurance Group,2020-07,1,@LibertyMutual,9,0,0.0,0.0,0.0,0.0,0,0.0,0.0,0.0,0.0,0.0,0.0,0.0,0.444444,0
Liberty Mutual Insurance Group,2020-08,1,@LibertyMutual,11,0,0.0,0.0,0.0,0.0,0,0.0,0.0,0.0,0.0,0.0,0.0,0.0,0.727273,1
Liberty Mutual Insurance Group,2020-09,1,@LibertyMutual,14,0,0.0,0.0,0.0,0.0,0,0.0,0.0,0.0,0.0,0.0,0.0,0.0,0.642857,1
Liberty Mutual Insurance Group,2020-10,1,@LibertyMutual,10,0,0.0,0.0,0.0,0.0,0,0.0,0.0,0.0,0.0,0.0,0.0,0.0,0.8,1
Liberty Mutual Insurance Group,2020-11,1,@LibertyMutual,9,0,0.0,0.0,0.0,0.0,0,0.0,0.0,0.0,0.0,0.0,0.0,0.0,0.777778,1
Liberty Mutual Insurance Group,2020-12,1,@LibertyMutual,9,0,0.0,0.0,0.0,0.0,0,0.0,0.0,0.0,0.0,0.0,0.0,0.0,0.555556,1
Liberty Mutual Insurance Group,2021-01,1,@LibertyMutual,6,0,0.0,0.0,0.0,0.0,0,0.0,0.0,0.0,0.0,0.0,0.0,0.0,0.666667,1
Liberty Mutual Insurance Group,2021-02,1,@LibertyMutual,8,0,0.0,0.0,0.0,0.0,0,0.0,0.0,0.0,0.0,0.0,0.0,0.0,0.75,1
Liberty Mutual Insurance Group,2021-03,1,@LibertyMutual,11,0,0.0,0.0,0.0,0.0,0,0.0,0.0,0.0,0.0,0.0,0.0,0.0,0.454545,0
Liberty Mutual Insurance Group,2021-04,1,@LibertyMutual,7,0,0.0,0.0,0.0,0.0,0,0.0,0.0,0.0,0.0,0.0,0.0,0.0,0.428571,0
Liberty Mutual Insurance Group,2021-05,1,@LibertyMutual,3,0,0.0,0.0,0.0,0.0,0,0.0,0.0,0.0,0.0,0.0,0.0,0.0,0.666667,1
Liberty Mutual Insurance Group,2021-06,1,@LibertyMutual,3,0,0.0,0.0,0.0,0.0,0,0.0,0.0,0.0,0.0,0.0,0.0,0.0,0.666667,1
Liberty Mutual Insurance Group,2021-07,1,@LibertyMutual,6,0,0.0,0.0,0.0,0.0,0,0.0,0.0,0.0,0.0,0.0,0.0,0.0,0.833333,1
Liberty Mutual Insurance Group,2021-08,1,@LibertyMutual,5,0,0.0,0.0,0.0,0.0,0,0.0,0.0,0.0,0.0,0.0,0.0,0.0,0.8,1
Liberty Mutual Insurance Group,2021-09,1,@LibertyMutual,8,0,0.0,0.0,0.0,0.0,0,0.0,0.0,0.0,0.0,0.0,0.0,0.0,0.875,1
Liberty Mutual Insurance Group,2021-10,1,@LibertyMutual,5,0,0.0,0.0,0.0,0.0,0,0.0,0.0,0.0,0.0,0.0,0.0,0.0,0.4,0
Liberty Mutual Insurance Group,2021-11,1,@LibertyMutual,13,0,0.0,0.0,0.0,0.0,0,0.0,0.0,0.0,0.0,0.0,0.0,0.0,0.692308,1
Liberty Mutual Insurance Group,2021-12,1,@LibertyMutual,14,0,0.0,0.0,0.0,0.0,0,0.0,0.0,0.0,0.0,0.0,0.0,0.0,0.642857,1
Liberty Mutual Insurance Group,2022-01,1,@LibertyMutual,5,0,0.0,0.0,0.0,0.0,0,0.0,0.0,0.0,0.0,0.0,0.0,0.0,0.4,0
Liberty Mutual Insurance Group,2022-02,1,@LibertyMutual,6,0,0.0,0.0,0.0,0.0,0,0.0,0.0,0.0,0.0,0.0,0.0,0.0,0.166667,0
Liberty Mutual Insurance Group,2022-03,1,@LibertyMutual,6,0,0.0,0.0,0.0,0.0,0,0.0,0.0,0.0,0.0,0.0,0.0,0.0,0.166667,0
Liberty Mutual Insurance Group,2022-04,1,@LibertyMutual,4,0,0.0,0.0,0.0,0.0,0,0.0,0.0,0.0,0.0,0.0,0.0,0.0,0.5,1
Liberty Mutual Insurance Group,2022-05,1,@LibertyMutual,5,0,0.0,0.0,0.0,0.0,0,0.0,0.0,0.0,0.0,0.0,0.0,0.0,0.6,1
Liberty Mutual Insurance Group,2022-06,1,@LibertyMutual,6,0,0.0,0.0,0.0,0.0,0,0.0,0.0,0.0,0.0,0.0,0.0,0.0,0.333333,0
Liberty Mutual Insurance Group,2022-07,1,@LibertyMutual,9,0,0.0,0.0,0.0,0.0,0,0.0,0.0,0.0,0.0,0.0,0.0,0.0,0.222222,0
Liberty Mutual Insurance Group,2022-08,1,@LibertyMutual,2,0,0.0,0.0,0.0,0.0,0,0.0,0.0,0.0,0.0,0.0,0.0,0.0,0.5,1
Liberty Mutual Insurance Group,2022-09,1,@LibertyMutual,7,0,0.0,0.0,0.0,0.0,0,0.0,0.0,0.0,0.0,0.0,0.0,0.0,0.285714,0
Liberty Mutual Insurance Group,2022-10,1,@LibertyMutual,7,0,0.0,0.0,0.0,0.0,0,0.0,0.0,0.0,0.0,0.0,0.0,0.0,0.571429,1
Liberty Mutual Insurance Group,2022-11,1,@LibertyMutual,4,0,0.0,0.0,0.0,0.0,0,0.0,0.0,0.0,0.0,0.0,0.0,0.0,0.75,1
Liberty Mutual Insurance Group,2022-12,1,@LibertyMutual,7,0,0.0,0.0,0.0,0.0,0,0.0,0.0,0.0,0.0,0.0,0.0,0.0,0.428571,0
Liberty Mutual Insurance Group,2023-01,1,@LibertyMutual,5,0,0.0,0.0,0.0,0.0,0,0.0,0.0,0.0,0.0,0.0,0.0,0.0,0.6,1
Liberty Mutual Insurance Group,2023-02,1,@LibertyMutual,5,0,0.0,0.0,0.0,0.0,0,0.0,0.0,0.0,0.0,0.0,0.0,0.0,0.6,1
Liberty Mutual Insurance Group,2023-03,1,@LibertyMutual,2,0,0.0,0.0,0.0,0.0,0,0.0,0.0,0.0,0.0,0.0,0.0,0.0,0.5,1
Liberty Mutual Insurance Group,2023-04,1,@LibertyMutual,6,0,0.0,0.0,0.0,0.0,0,0.0,0.0,0.0,0.0,0.0,0.0,0.0,0.5,1
Liberty Mutual Insurance Group,2023-05,1,@LibertyMutual,6,0,0.0,0.0,0.0,0.0,0,0.0,0.0,0.0,0.0,0.0,0.0,0.0,0.333333,0
Liberty Mutual Insurance Group,2023-06,1,@LibertyMutual,7,0,0.0,0.0,0.0,0.0,0,0.0,0.0,0.0,0.0,0.0,0.0,0.0,0.428571,0
Liberty Mutual Insurance Group,2023-07,1,@LibertyMutual,5,0,0.0,0.0,0.0,0.0,0,0.0,0.0,0.0,0.0,0.0,0.0,0.0,0.2,0
Liberty Mutual Insurance Group,2023-08,1,@LibertyMutual,8,0,0.0,0.0,0.0,0.0,0,0.0,0.0,0.0,0.0,0.0,0.0,0.0,0.5,1
Liberty Mutual Insurance Group,2023-09,1,@LibertyMutual,8,0,0.0,0.0,0.0,0.0,0,0.0,0.0,0.0,0.0,0.0,0.0,0.0,0.625,1
Liberty Mutual Insurance Group,2023-10,1,@LibertyMutual,5,0,0.0,0.0,0.0,0.0,0,0.0,0.0,0.0,0.0,0.0,0.0,0.0,0.8,1
Liberty Mutual Insurance Group,2023-11,1,@LibertyMutual,5,0,0.0,0.0,0.0,0.0,0,0.0,0.0,0.0,0.0,0.0,0.0,0.0,0.2,0
Lockheed Martin,2024-09,1,@lockheedmartin,11,0,0.0,0.0,0.0,0.0,0,0.0,0.0,0.0,0.0,0.0,0.0,0.0,0.181818,0
Lockheed Martin,2024-10,1,@lockheedmartin,21,0,0.0,0.0,0.0,0.0,0,0.0,0.0,0.0,0.0,0.0,0.0,0.0,0.809524,1
Lockheed Martin,2024-11,1,@lockheedmartin,25,0,0.0,0.0,0.0,0.0,0,0.0,0.0,0.0,0.0,0.0,0.0,0.0,0.48,0
Lockheed Martin,2024-12,1,@lockheedmartin,52,0,0.0,0.0,0.0,0.0,0,0.0,0.0,0.0,0.0,0.0,0.0,0.0,0.480769,0
Lockheed Martin,2025-01,1,@lockheedmartin,31,0,0.0,0.0,0.0,0.0,0,0.0,0.0,0.0,0.0,0.0,0.0,0.0,0.516129,1
Lockheed Martin,2025-02,1,@lockheedmartin,39,0,0.0,0.0,0.0,0.0,0,0.0,0.0,0.0,0.0,0.0,0.0,0.0,0.461538,0
Lockheed Martin,2025-03,1,@lockheedmartin,52,0,0.0,0.0,0.0,0.0,0,0.0,0.0,0.0,0.0,0.0,0.0,0.0,0.442308,0
Lockheed Martin,2025-04,1,@lockheedmartin,43,0,0.0,0.0,0.0,0.0,0,0.0,0.0,0.0,0.0,0.0,0.0,0.0,0.534884,1
Lockheed Martin,2025-05,1,@lockheedmartin,44,0,0.0,0.0,0.0,0.0,0,0.0,0.0,0.0,0.0,0.0,0.0,0.0,0.5,1
Lockheed Martin,2025-06,1,@lockheedmartin,37,0,0.0,0.0,0.0,0.0,0,0.0,0.0,0.0,0.0,0.0,0.0,0.0,0.783784,1
Lockheed Martin,2025-07,1,@lockheedmartin,36,0,0.0,0.0,0.0,0.0,0,0.0,0.0,0.0,0.0,0.0,0.0,0.0,0.5,1
Lockheed Martin,2025-08,1,@lockheedmartin,41,0,0.0,0.0,0.0,0.0,0,0.0,0.0,0.0,0.0,0.0,0.0,0.0,0.439024,0
Lockheed Martin,2025-09,1,@lockheedmartin,23,0,0.0,0.0,0.0,0.0,0,0.0,0.0,0.0,0.0,0.0,0.0,0.0,0.347826,0
Lockheed Martin,2025-10,1,@lockheedmartin,60,0,0.0,0.0,0.0,0.0,0,0.0,0.0,0.0,0.0,0.0,0.0,0.0,0.466667,0
Lockheed Martin,2025-11,1,@lockheedmartin,37,0,0.0,0.0,0.0,0.0,0,0.0,0.0,0.0,0.0,0.0,0.0,0.0,0.567568,1
Lockheed Martin,2025-12,1,@lockheedmartin,47,0,0.0,0.0,0.0,0.0,0,0.0,0.0,0.0,0.0,0.0,0.0,0.0,0.680851,1
Lockheed Martin,2026-01,1,@lockheedmartin,58,0,0.0,0.0,0.0,0.0,0,0.0,0.0,0.0,0.0,0.0,0.0,0.0,0.37931,0
Lockheed Martin,2026-02,1,@lockheedmartin,55,0,0.0,0.0,0.0,0.0,0,0.0,0.0,0.0,0.0,0.0,0.0,0.0,0.454545,0
Lockheed Martin,2026-03,1,@lockheedmartin,25,0,0.0,0.0,0.0,0.0,0,0.0,0.0,0.0,0.0,0.0,0.0,0.0,0.64,1
Lockheed Martin,2026-04,1,@lockheedmartin,49,0,0.0,0.0,0.0,0.0,0,0.0,0.0,0.0,0.0,0.0,0.0,0.0,0.510204,1
Lockheed Martin,2026-05,1,@lockheedmartin,43,0,0.0,0.0,0.0,0.0,0,0.0,0.0,0.0,0.0,0.0,0.0,0.0,0.418605,0
Lockheed Martin,2026-06,1,@lockheedmartin,32,0,0.0,0.0,0.0,0.0,0,0.0,0.0,0.0,0.0,0.0,0.0,0.0,0.53125,1
Lowe's,2021-01,1,@lowes,12,0,0.0,0.0,0.0,0.0,0,0.0,0.0,0.0,0.0,0.0,0.0,0.0,0.75,1
Lowe's,2021-02,1,@lowes,66,0,0.0,0.0,0.0,0.0,0,0.0,0.0,0.0,0.0,0.0,0.0,0.0,0.560606,1
Lowe's,2021-03,1,@lowes,20,0,0.0,0.0,0.0,0.0,0,0.0,0.0,0.0,0.0,0.0,0.0,0.0,0.65,1
Lowe's,2021-04,1,@lowes,25,0,0.0,0.0,0.0,0.0,0,0.0,0.0,0.0,0.0,0.0,0.0,0.0,0.56,1
Lowe's,2021-05,1,@lowes,36,0,0.0,0.0,0.0,0.0,0,0.0,0.0,0.0,0.0,0.0,0.0,0.0,0.611111,1
Lowe's,2021-06,1,@lowes,16,0,0.0,0.0,0.0,0.0,0,0.0,0.0,0.0,0.0,0.0,0.0,0.0,0.75,1
Lowe's,2021-07,1,@lowes,18,0,0.0,0.0,0.0,0.0,0,0.0,0.0,0.0,0.0,0.0,0.0,0.0,0.555556,1
Lowe's,2021-08,1,@lowes,14,0,0.0,0.0,0.0,0.0,0,0.0,0.0,0.0,0.0,0.0,0.0,0.0,0.642857,1
Lowe's,2021-09,1,@lowes,26,0,0.0,0.0,0.0,0.0,0,0.0,0.0,0.0,0.0,0.0,0.0,0.0,0.730769,1
Lowe's,2021-10,1,@lowes,67,0,0.0,0.0,0.0,0.0,0,0.0,0.0,0.0,0.0,0.0,0.0,0.0,0.537313,1
Lowe's,2021-11,1,@lowes,62,0,0.0,0.0,0.0,0.0,0,0.0,0.0,0.0,0.0,0.0,0.0,0.0,0.483871,0
Lowe's,2021-12,1,@lowes,42,0,0.0,0.0,0.0,0.0,0,0.0,0.0,0.0,0.0,0.0,0.0,0.0,0.52381,1
Lowe's,2022-01,1,@lowes,20,0,0.0,0.0,0.0,0.0,0,0.0,0.0,0.0,0.0,0.0,0.0,0.0,0.55,1
Lowe's,2022-02,1,@lowes,20,0,0.0,0.0,0.0,0.0,0,0.0,0.0,0.0,0.0,0.0,0.0,0.0,0.5,1
Lowe's,2022-03,1,@lowes,70,0,0.0,0.0,0.0,0.0,0,0.0,0.014286,0.00020409,0.0,0.0,0.0,0.0,0.614286,1
Lowe's,2022-04,1,@lowes,22,0,0.0,0.0,0.0,0.0,0,0.0,0.0,0.0,0.0,0.0,0.0,0.0,0.5,1
Lowe's,2022-05,1,@lowes,16,0,0.0,0.0,0.0,0.0,0,0.0,0.0,0.0,0.0,0.0,0.0,0.0,0.6875,1
Lowe's,2022-06,1,@lowes,15,0,0.0,0.0,0.0,0.0,0,0.0,0.0,0.0,0.0,0.0,0.0,0.0,0.466667,0
Lowe's,2022-07,1,@lowes,24,0,0.0,0.0,0.0,0.0,0,0.0,0.0,0.0,0.0,0.0,0.0,0.0,0.625,1
Lowe's,2022-08,1,@lowes,13,0,0.0,0.0,0.0,0.0,0,0.0,0.0,0.0,0.0,0.0,0.0,0.0,0.538462,1
Lowe's,2022-09,1,@lowes,16,0,0.0,0.0,0.0,0.0,0,0.0,0.0,0.0,0.0,0.0,0.0,0.0,0.25,0
Lowe's,2022-10,1,@lowes,19,0,0.0,0.0,0.0,0.0,0,0.0,0.0,0.0,0.0,0.0,0.0,0.0,0.421053,0
Lowe's,2023-03,1,@lowes,2,0,0.0,0.0,0.0,0.0,0,0.0,0.0,0.0,0.0,0.0,0.0,0.0,0.0,0
Lowe's,2023-04,1,@lowes,10,0,0.0,0.0,0.0,0.0,0,0.0,0.0,0.0,0.0,0.0,0.0,0.0,0.3,0
Lowe's,2023-05,1,@lowes,14,0,0.0,0.0,0.0,0.0,0,0.0,0.0,0.0,0.0,0.0,0.0,0.0,0.5,1
Lowe's,2023-06,1,@lowes,9,0,0.0,0.0,0.0,0.0,0,0.0,0.0,0.0,0.0,0.0,0.0,0.0,0.444444,0
Lowe's,2023-07,1,@lowes,1,0,0.0,0.0,0.0,0.0,0,0.0,0.0,0.0,0.0,0.0,0.0,0.0,0.0,0
Lowe's,2023-08,1,@lowes,3,0,0.0,0.0,0.0,0.0,0,0.0,0.0,0.0,0.0,0.0,0.0,0.0,0.333333,0
Lowe's,2023-09,1,@lowes,3,0,0.0,0.0,0.0,0.0,0,0.0,0.0,0.0,0.0,0.0,0.0,0.0,0.666667,1
Lowe's,2023-10,1,@lowes,3,0,0.0,0.0,0.0,0.0,0,0.0,0.0,0.0,0.0,0.0,0.0,0.0,0.0,0
Lowe's,2023-11,1,@lowes,4,0,0.0,0.0,0.0,0.0,0,0.0,0.0,0.0,0.0,0.0,0.0,0.0,0.25,0
Lowe's,2023-12,1,@lowes,4,0,0.0,0.0,0.0,0.0,0,0.0,0.0,0.0,0.0,0.0,0.0,0.0,0.0,0
Lowe's,2024-01,1,@lowes,4,0,0.0,0.0,0.0,0.0,0,0.0,0.0,0.0,0.0,0.0,0.0,0.0,0.0,0
Lowe's,2024-02,1,@lowes,10,0,0.0,0.0,0.0,0.0,0,0.0,0.0,0.0,0.0,0.0,0.0,0.0,0.3,0
Lowe's,2024-03,1,@lowes,7,0,0.0,0.0,0.0,0.0,0,0.0,0.0,0.0,0.0,0.0,0.0,0.0,0.714286,1
Lowe's,2024-04,1,@lowes,4,0,0.0,0.0,0.0,0.0,0,0.0,0.0,0.0,0.0,0.0,0.0,0.0,0.5,1
Lowe's,2024-05,1,@lowes,7,0,0.0,0.0,0.0,0.0,0,0.0,0.0,0.0,0.0,0.0,0.0,0.0,0.428571,0
Lowe's,2024-06,1,@lowes,21,0,0.0,0.0,0.0,0.0,0,0.0,0.0,0.0,0.0,0.0,0.0,0.0,0.428571,0
Lowe's,2024-07,1,@lowes,14,0,0.0,0.0,0.0,0.0,0,0.0,0.0,0.0,0.0,0.0,0.0,0.0,0.285714,0
Lowe's,2024-08,1,@lowes,5,0,0.0,0.0,0.0,0.0,0,0.0,0.0,0.0,0.0,0.0,0.0,0.0,0.2,0
Lowe's,2024-09,1,@lowes,8,0,0.0,0.0,0.0,0.0,0,0.0,0.0,0.0,0.0,0.0,0.0,0.0,0.5,1
Lowe's,2024-10,1,@lowes,13,0,0.0,0.0,0.0,0.0,0,0.0,0.0,0.0,0.0,0.0,0.0,0.0,0.538462,1
Lowe's,2024-11,1,@lowes,6,0,0.0,0.0,0.0,0.0,0,0.0,0.0,0.0,0.0,0.0,0.0,0.0,0.5,1
Lowe's,2024-12,1,@lowes,2,0,0.0,0.0,0.0,0.0,0,0.0,0.0,0.0,0.0,0.0,0.0,0.0,0.5,1
Lowe's,2025-01,1,@lowes,4,0,0.0,0.0,0.0,0.0,0,0.0,0.0,0.0,0.0,0.0,0.0,0.0,0.5,1
Lowe's,2025-02,1,@lowes,7,0,0.0,0.0,0.0,0.0,0,0.0,0.0,0.0,0.0,0.0,0.0,0.0,0.714286,1
Lowe's,2025-03,1,@lowes,4,0,0.0,0.0,0.0,0.0,0,0.0,0.0,0.0,0.0,0.0,0.0,0.0,0.5,1
Lowe's,2025-04,1,@lowes,11,0,0.0,0.0,0.0,0.0,0,0.0,0.0,0.0,0.0,0.0,0.0,0.0,0.545455,1
Lowe's,2025-05,1,@lowes,11,0,0.0,0.0,0.0,0.0,0,0.0,0.0,0.0,0.0,0.0,0.0,0.0,0.272727,0
Lowe's,2025-06,1,@lowes,7,0,0.0,0.0,0.0,0.0,0,0.0,0.0,0.0,0.0,0.0,0.0,0.0,0.571429,1
Lowe's,2025-07,1,@lowes,3,0,0.0,0.0,0.0,0.0,0,0.0,0.0,0.0,0.0,0.0,0.0,0.0,0.666667,1
Lowe's,2025-08,1,@lowes,5,0,0.0,0.0,0.0,0.0,0,0.0,0.0,0.0,0.0,0.0,0.0,0.0,0.4,0
Lowe's,2025-09,1,@lowes,2,0,0.0,0.0,0.0,0.0,0,0.0,0.0,0.0,0.0,0.0,0.0,0.0,0.5,1
Lowe's,2025-10,1,@lowes,5,0,0.0,0.0,0.0,0.0,0,0.0,0.0,0.0,0.0,0.0,0.0,0.0,0.2,0
Lowe's,2025-11,1,@lowes,8,0,0.0,0.0,0.0,0.0,0,0.0,0.0,0.0,0.0,0.0,0.0,0.0,0.375,0
Lowe's,2025-12,1,@lowes,2,0,0.0,0.0,0.0,0.0,0,0.0,0.0,0.0,0.0,0.0,0.0,0.0,0.0,0
Lowe's,2026-01,1,@lowes,5,0,0.0,0.0,0.0,0.0,0,0.0,0.0,0.0,0.0,0.0,0.0,0.0,0.8,1
Lowe's,2026-02,1,@lowes,7,0,0.0,0.0,0.0,0.0,0,0.0,0.0,0.0,0.0,0.0,0.0,0.0,0.571429,1
Lowe's,2026-03,1,@lowes,9,0,0.0,0.0,0.0,0.0,0,0.0,0.0,0.0,0.0,0.0,0.0,0.0,0.333333,0
Lowe's,2026-04,1,@lowes,13,0,0.0,0.0,0.0,0.0,0,0.0,0.0,0.0,0.0,0.0,0.0,0.0,0.692308,1
Lowe's,2026-05,1,@lowes,6,0,0.0,0.0,0.0,0.0,0,0.0,0.0,0.0,0.0,0.0,0.0,0.0,0.333333,0
Lowe's,2026-06,1,@lowes,5,0,0.0,0.0,0.0,0.0,0,0.0,0.0,0.0,0.0,0.0,0.0,0.0,0.2,0
Marathon Petroleum,2025-02,1,@MarathonPetroCo,15,0,0.0,0.0,0.0,0.0,0,0.0,0.0,0.0,0.0,0.0,0.0,0.0,0.533333,1
Marathon Petroleum,2025-03,1,@MarathonPetroCo,28,0,0.0,0.0,0.0,0.0,0,0.0,0.0,0.0,0.0,0.0,0.0,0.0,0.607143,1
Marathon Petroleum,2025-04,1,@MarathonPetroCo,24,0,0.0,0.0,0.0,0.0,0,0.0,0.0,0.0,0.0,0.0,0.0,0.0,0.666667,1
Marathon Petroleum,2025-05,1,@MarathonPetroCo,24,0,0.0,0.0,0.0,0.0,0,0.0,0.0,0.0,0.0,0.0,0.0,0.0,0.5,1
Marathon Petroleum,2025-06,1,@MarathonPetroCo,29,0,0.0,0.0,0.0,0.0,0,0.0,0.0,0.0,0.0,0.0,0.0,0.0,0.37931,0
Marathon Petroleum,2025-07,1,@MarathonPetroCo,20,0,0.0,0.0,0.0,0.0,0,0.0,0.0,0.0,0.0,0.0,0.0,0.0,0.6,1
Marathon Petroleum,2025-08,1,@MarathonPetroCo,29,0,0.0,0.0,0.0,0.0,0,0.0,0.0,0.0,0.0,0.0,0.0,0.0,0.448276,0
Marathon Petroleum,2025-09,1,@MarathonPetroCo,19,0,0.0,0.0,0.0,0.0,0,0.0,0.0,0.0,0.0,0.0,0.0,0.0,0.315789,0
Marathon Petroleum,2025-10,1,@MarathonPetroCo,32,0,0.0,0.0,0.0,0.0,0,0.0,0.0,0.0,0.0,0.0,0.0,0.0,0.46875,0
Marathon Petroleum,2025-11,1,@MarathonPetroCo,28,0,0.0,0.0,0.0,0.0,0,0.0,0.0,0.0,0.0,0.0,0.0,0.0,0.428571,0
Marathon Petroleum,2025-12,1,@MarathonPetroCo,17,1,0.058824,0.058824,0.003460263,0.693147,1,0.090909,0.058824,0.003460263,0.017301197,0.001017726,0.058824,0.003460263,0.352941,0
Marathon Petroleum,2026-01,1,@MarathonPetroCo,17,0,0.0,0.0,0.0,0.0,0,0.0,0.0,0.0,0.0,0.0,0.0,0.0,0.294118,0
Marathon Petroleum,2026-02,1,@MarathonPetroCo,15,0,0.0,0.0,0.0,0.0,0,0.0,0.0,0.0,0.0,0.0,0.0,0.0,0.533333,1
Marathon Petroleum,2026-03,1,@MarathonPetroCo,17,0,0.0,0.0,0.0,0.0,0,0.0,0.0,0.0,0.0,0.0,0.0,0.0,0.294118,0
Marathon Petroleum,2026-04,1,@MarathonPetroCo,16,0,0.0,0.0,0.0,0.0,0,0.0,0.0,0.0,0.0,0.0,0.0,0.0,0.6875,1
Marathon Petroleum,2026-05,1,@MarathonPetroCo,34,0,0.0,0.0,0.0,0.0,0,0.0,0.0,0.0,0.0,0.0,0.0,0.0,0.352941,0
Marathon Petroleum,2026-06,1,@MarathonPetroCo,13,0,0.0,0.0,0.0,0.0,0,0.0,0.0,0.0,0.0,0.0,0.0,0.0,0.461538,0
Massachusetts Mutual Life,2019-10,1,@massmutual,10,0,0.0,0.0,0.0,0.0,0,0.0,0.0,0.0,0.0,0.0,0.0,0.0,0.5,1
Massachusetts Mutual Life,2019-11,1,@massmutual,39,0,0.0,0.0,0.0,0.0,0,0.0,0.0,0.0,0.0,0.0,0.0,0.0,0.538462,1
Massachusetts Mutual Life,2019-12,1,@massmutual,41,0,0.0,0.0,0.0,0.0,0,0.0,0.0,0.0,0.0,0.0,0.0,0.0,0.609756,1
Massachusetts Mutual Life,2020-01,1,@massmutual,32,0,0.0,0.0,0.0,0.0,0,0.0,0.0,0.0,0.0,0.0,0.0,0.0,0.4375,0
Massachusetts Mutual Life,2020-02,1,@massmutual,30,0,0.0,0.0,0.0,0.0,0,0.0,0.0,0.0,0.0,0.0,0.0,0.0,0.633333,1
Massachusetts Mutual Life,2020-03,1,@massmutual,21,0,0.0,0.0,0.0,0.0,0,0.0,0.0,0.0,0.0,0.0,0.0,0.0,0.666667,1
Massachusetts Mutual Life,2020-04,1,@massmutual,19,0,0.0,0.0,0.0,0.0,0,0.0,0.0,0.0,0.0,0.0,0.0,0.0,0.526316,1
Massachusetts Mutual Life,2020-05,1,@massmutual,23,0,0.0,0.0,0.0,0.0,0,0.0,0.0,0.0,0.0,0.0,0.0,0.0,0.608696,1
Massachusetts Mutual Life,2020-06,1,@massmutual,15,0,0.0,0.0,0.0,0.0,0,0.0,0.0,0.0,0.0,0.0,0.0,0.0,0.533333,1
Massachusetts Mutual Life,2020-07,1,@massmutual,13,0,0.0,0.0,0.0,0.0,0,0.0,0.0,0.0,0.0,0.0,0.0,0.0,0.538462,1
Massachusetts Mutual Life,2020-08,1,@massmutual,22,0,0.0,0.0,0.0,0.0,0,0.0,0.0,0.0,0.0,0.0,0.0,0.0,0.5,1
Massachusetts Mutual Life,2020-09,1,@massmutual,42,0,0.0,0.0,0.0,0.0,0,0.0,0.0,0.0,0.0,0.0,0.0,0.0,0.47619,0
Massachusetts Mutual Life,2020-10,1,@massmutual,25,0,0.0,0.0,0.0,0.0,0,0.0,0.0,0.0,0.0,0.0,0.0,0.0,0.56,1
Massachusetts Mutual Life,2020-11,1,@massmutual,29,0,0.0,0.0,0.0,0.0,0,0.0,0.0,0.0,0.0,0.0,0.0,0.0,0.517241,1
Massachusetts Mutual Life,2020-12,1,@massmutual,18,0,0.0,0.0,0.0,0.0,0,0.0,0.0,0.0,0.0,0.0,0.0,0.0,0.666667,1
Massachusetts Mutual Life,2021-01,1,@massmutual,15,0,0.0,0.0,0.0,0.0,0,0.0,0.0,0.0,0.0,0.0,0.0,0.0,0.666667,1
Massachusetts Mutual Life,2021-02,1,@massmutual,11,0,0.0,0.0,0.0,0.0,0,0.0,0.0,0.0,0.0,0.0,0.0,0.0,0.363636,0
Massachusetts Mutual Life,2021-03,1,@massmutual,16,0,0.0,0.0,0.0,0.0,0,0.0,0.0,0.0,0.0,0.0,0.0,0.0,0.625,1
Massachusetts Mutual Life,2021-04,1,@massmutual,29,0,0.0,0.0,0.0,0.0,0,0.0,0.034483,0.001189077,0.0,0.0,0.0,0.0,0.37931,0
Massachusetts Mutual Life,2021-05,1,@massmutual,23,0,0.0,0.0,0.0,0.0,0,0.0,0.0,0.0,0.0,0.0,0.0,0.0,0.521739,1
Massachusetts Mutual Life,2021-06,1,@massmutual,27,0,0.0,0.0,0.0,0.0,0,0.0,0.0,0.0,0.0,0.0,0.0,0.0,0.407407,0
Massachusetts Mutual Life,2021-07,1,@massmutual,28,0,0.0,0.0,0.0,0.0,0,0.0,0.0,0.0,0.0,0.0,0.0,0.0,0.642857,1
Massachusetts Mutual Life,2021-08,1,@massmutual,20,0,0.0,0.0,0.0,0.0,0,0.0,0.0,0.0,0.0,0.0,0.0,0.0,0.7,1
Massachusetts Mutual Life,2021-09,1,@massmutual,27,0,0.0,0.0,0.0,0.0,0,0.0,0.037037,0.001371739,0.0,0.0,0.0,0.0,0.518519,1
Massachusetts Mutual Life,2021-10,1,@massmutual,24,0,0.0,0.0,0.0,0.0,0,0.0,0.0,0.0,0.0,0.0,0.0,0.0,0.541667,1
Massachusetts Mutual Life,2021-11,1,@massmutual,23,0,0.0,0.0,0.0,0.0,0,0.0,0.043478,0.001890336,0.0,0.0,0.0,0.0,0.391304,0
Massachusetts Mutual Life,2021-12,1,@massmutual,20,0,0.0,0.0,0.0,0.0,0,0.0,0.0,0.0,0.0,0.0,0.0,0.0,0.6,1
Massachusetts Mutual Life,2022-01,1,@massmutual,17,0,0.0,0.0,0.0,0.0,0,0.0,0.0,0.0,0.0,0.0,0.0,0.0,0.470588,0
Massachusetts Mutual Life,2022-02,1,@massmutual,15,0,0.0,0.0,0.0,0.0,0,0.0,0.0,0.0,0.0,0.0,0.0,0.0,0.8,1
Massachusetts Mutual Life,2022-03,1,@massmutual,23,0,0.0,0.0,0.0,0.0,0,0.0,0.0,0.0,0.0,0.0,0.0,0.0,0.521739,1
Massachusetts Mutual Life,2022-04,1,@massmutual,29,0,0.0,0.0,0.0,0.0,0,0.0,0.034483,0.001189077,0.0,0.0,0.0,0.0,0.482759,0
Massachusetts Mutual Life,2022-05,1,@massmutual,26,0,0.0,0.0,0.0,0.0,0,0.0,0.0,0.0,0.0,0.0,0.0,0.0,0.384615,0
Massachusetts Mutual Life,2022-06,1,@massmutual,24,0,0.0,0.0,0.0,0.0,0,0.0,0.0,0.0,0.0,0.0,0.0,0.0,0.583333,1
Massachusetts Mutual Life,2022-07,1,@massmutual,17,0,0.0,0.0,0.0,0.0,0,0.0,0.0,0.0,0.0,0.0,0.0,0.0,0.411765,0
Massachusetts Mutual Life,2022-08,1,@massmutual,12,0,0.0,0.0,0.0,0.0,0,0.0,0.0,0.0,0.0,0.0,0.0,0.0,0.25,0
Massachusetts Mutual Life,2022-09,1,@massmutual,20,0,0.0,0.0,0.0,0.0,0,0.0,0.0,0.0,0.0,0.0,0.0,0.0,0.55,1
Massachusetts Mutual Life,2022-10,1,@massmutual,22,0,0.0,0.0,0.0,0.0,0,0.0,0.0,0.0,0.0,0.0,0.0,0.0,0.681818,1
Massachusetts Mutual Life,2022-11,1,@massmutual,12,0,0.0,0.0,0.0,0.0,0,0.0,0.0,0.0,0.0,0.0,0.0,0.0,0.5,1
McKesson,2021-12,1,@mckesson,27,0,0.0,0.0,0.0,0.0,0,0.0,0.0,0.0,0.0,0.0,0.0,0.0,0.407407,0
McKesson,2022-01,1,@mckesson,20,0,0.0,0.0,0.0,0.0,0,0.0,0.0,0.0,0.0,0.0,0.0,0.0,0.55,1
McKesson,2022-02,1,@mckesson,18,0,0.0,0.0,0.0,0.0,0,0.0,0.0,0.0,0.0,0.0,0.0,0.0,0.388889,0
McKesson,2022-03,1,@mckesson,31,0,0.0,0.0,0.0,0.0,0,0.0,0.0,0.0,0.0,0.0,0.0,0.0,0.548387,1
McKesson,2022-04,1,@mckesson,15,0,0.0,0.0,0.0,0.0,0,0.0,0.0,0.0,0.0,0.0,0.0,0.0,0.333333,0
McKesson,2022-05,1,@mckesson,16,0,0.0,0.0,0.0,0.0,0,0.0,0.0,0.0,0.0,0.0,0.0,0.0,0.375,0
McKesson,2022-06,1,@mckesson,17,0,0.0,0.0,0.0,0.0,0,0.0,0.0,0.0,0.0,0.0,0.0,0.0,0.294118,0
McKesson,2022-07,1,@mckesson,16,0,0.0,0.0,0.0,0.0,0,0.0,0.0,0.0,0.0,0.0,0.0,0.0,0.375,0
McKesson,2022-08,1,@mckesson,23,0,0.0,0.0,0.0,0.0,0,0.0,0.0,0.0,0.0,0.0,0.0,0.0,0.391304,0
McKesson,2022-09,1,@mckesson,24,0,0.0,0.0,0.0,0.0,0,0.0,0.0,0.0,0.0,0.0,0.0,0.0,0.416667,0
McKesson,2022-10,1,@mckesson,23,0,0.0,0.0,0.0,0.0,0,0.0,0.0,0.0,0.0,0.0,0.0,0.0,0.434783,0
McKesson,2022-11,1,@mckesson,28,0,0.0,0.0,0.0,0.0,0,0.0,0.0,0.0,0.0,0.0,0.0,0.0,0.464286,0
McKesson,2022-12,1,@mckesson,28,0,0.0,0.0,0.0,0.0,0,0.0,0.0,0.0,0.0,0.0,0.0,0.0,0.535714,1
McKesson,2023-01,1,@mckesson,22,0,0.0,0.0,0.0,0.0,0,0.0,0.0,0.0,0.0,0.0,0.0,0.0,0.5,1
McKesson,2023-02,1,@mckesson,23,0,0.0,0.0,0.0,0.0,0,0.0,0.0,0.0,0.0,0.0,0.0,0.0,0.608696,1
McKesson,2023-03,1,@mckesson,19,0,0.0,0.0,0.0,0.0,0,0.0,0.0,0.0,0.0,0.0,0.0,0.0,0.315789,0
McKesson,2023-04,1,@mckesson,18,0,0.0,0.0,0.0,0.0,0,0.0,0.0,0.0,0.0,0.0,0.0,0.0,0.611111,1
McKesson,2023-05,1,@mckesson,16,0,0.0,0.0,0.0,0.0,0,0.0,0.0,0.0,0.0,0.0,0.0,0.0,0.375,0
McKesson,2023-06,1,@mckesson,17,0,0.0,0.0,0.0,0.0,0,0.0,0.0,0.0,0.0,0.0,0.0,0.0,0.647059,1
McKesson,2023-07,1,@mckesson,15,0,0.0,0.0,0.0,0.0,0,0.0,0.0,0.0,0.0,0.0,0.0,0.0,0.733333,1
McKesson,2023-08,1,@mckesson,18,0,0.0,0.0,0.0,0.0,0,0.0,0.0,0.0,0.0,0.0,0.0,0.0,0.666667,1
McKesson,2023-09,1,@mckesson,19,0,0.0,0.0,0.0,0.0,0,0.0,0.0,0.0,0.0,0.0,0.0,0.0,0.421053,0
McKesson,2023-10,1,@mckesson,16,0,0.0,0.0,0.0,0.0,0,0.0,0.0,0.0,0.0,0.0,0.0,0.0,0.625,1
McKesson,2023-11,1,@mckesson,13,0,0.0,0.0,0.0,0.0,0,0.0,0.0,0.0,0.0,0.0,0.0,0.0,0.538462,1
McKesson,2023-12,1,@mckesson,11,0,0.0,0.0,0.0,0.0,0,0.0,0.0,0.0,0.0,0.0,0.0,0.0,0.636364,1
McKesson,2024-01,1,@mckesson,17,0,0.0,0.0,0.0,0.0,0,0.0,0.0,0.0,0.0,0.0,0.0,0.0,0.411765,0
McKesson,2024-02,1,@mckesson,21,0,0.0,0.0,0.0,0.0,0,0.0,0.0,0.0,0.0,0.0,0.0,0.0,0.52381,1
McKesson,2024-03,1,@mckesson,19,0,0.0,0.0,0.0,0.0,0,0.0,0.0,0.0,0.0,0.0,0.0,0.0,0.578947,1
McKesson,2024-04,1,@mckesson,19,0,0.0,0.0,0.0,0.0,0,0.0,0.0,0.0,0.0,0.0,0.0,0.0,0.631579,1
McKesson,2024-05,1,@mckesson,18,0,0.0,0.0,0.0,0.0,0,0.0,0.0,0.0,0.0,0.0,0.0,0.0,0.388889,0
McKesson,2024-06,1,@mckesson,18,0,0.0,0.0,0.0,0.0,0,0.0,0.0,0.0,0.0,0.0,0.0,0.0,0.388889,0
McKesson,2024-07,1,@mckesson,14,0,0.0,0.0,0.0,0.0,0,0.0,0.0,0.0,0.0,0.0,0.0,0.0,0.428571,0
McKesson,2024-08,1,@mckesson,16,0,0.0,0.0,0.0,0.0,0,0.0,0.0625,0.00390625,0.0,0.0,0.0,0.0,0.1875,0
McKesson,2024-09,1,@mckesson,15,0,0.0,0.0,0.0,0.0,0,0.0,0.0,0.0,0.0,0.0,0.0,0.0,0.466667,0
McKesson,2024-10,1,@mckesson,17,0,0.0,0.0,0.0,0.0,0,0.0,0.0,0.0,0.0,0.0,0.0,0.0,0.529412,1
McKesson,2024-11,1,@mckesson,5,0,0.0,0.0,0.0,0.0,0,0.0,0.0,0.0,0.0,0.0,0.0,0.0,0.4,0
McKesson,2025-01,1,@mckesson,9,0,0.0,0.0,0.0,0.0,0,0.0,0.0,0.0,0.0,0.0,0.0,0.0,0.444444,0
McKesson,2025-02,1,@mckesson,9,0,0.0,0.0,0.0,0.0,0,0.0,0.0,0.0,0.0,0.0,0.0,0.0,0.555556,1
McKesson,2025-03,1,@mckesson,5,0,0.0,0.0,0.0,0.0,0,0.0,0.0,0.0,0.0,0.0,0.0,0.0,0.8,1
McKesson,2025-04,1,@mckesson,6,0,0.0,0.0,0.0,0.0,0,0.0,0.0,0.0,0.0,0.0,0.0,0.0,0.666667,1
McKesson,2025-05,1,@mckesson,6,0,0.0,0.0,0.0,0.0,0,0.0,0.0,0.0,0.0,0.0,0.0,0.0,0.5,1
McKesson,2025-06,1,@mckesson,10,0,0.0,0.0,0.0,0.0,0,0.0,0.0,0.0,0.0,0.0,0.0,0.0,0.7,1
McKesson,2025-07,1,@mckesson,7,0,0.0,0.0,0.0,0.0,0,0.0,0.0,0.0,0.0,0.0,0.0,0.0,0.285714,0
McKesson,2025-08,1,@mckesson,8,0,0.0,0.0,0.0,0.0,0,0.0,0.0,0.0,0.0,0.0,0.0,0.0,0.5,1
McKesson,2025-09,1,@mckesson,9,0,0.0,0.0,0.0,0.0,0,0.0,0.0,0.0,0.0,0.0,0.0,0.0,0.777778,1
McKesson,2025-10,1,@mckesson,14,0,0.0,0.0,0.0,0.0,0,0.0,0.0,0.0,0.0,0.0,0.0,0.0,0.357143,0
McKesson,2025-11,1,@mckesson,5,0,0.0,0.0,0.0,0.0,0,0.0,0.0,0.0,0.0,0.0,0.0,0.0,0.4,0
McKesson,2025-12,1,@mckesson,14,0,0.0,0.0,0.0,0.0,0,0.0,0.0,0.0,0.0,0.0,0.0,0.0,0.5,1
McKesson,2026-01,1,@mckesson,8,0,0.0,0.0,0.0,0.0,0,0.0,0.0,0.0,0.0,0.0,0.0,0.0,0.625,1
McKesson,2026-02,1,@mckesson,11,0,0.0,0.0,0.0,0.0,0,0.0,0.0,0.0,0.0,0.0,0.0,0.0,0.363636,0
McKesson,2026-03,1,@mckesson,10,0,0.0,0.0,0.0,0.0,0,0.0,0.0,0.0,0.0,0.0,0.0,0.0,0.6,1
McKesson,2026-04,1,@mckesson,12,0,0.0,0.0,0.0,0.0,0,0.0,0.0,0.0,0.0,0.0,0.0,0.0,0.416667,0
McKesson,2026-05,1,@mckesson,14,0,0.0,0.0,0.0,0.0,0,0.0,0.0,0.0,0.0,0.0,0.0,0.0,0.571429,1
McKesson,2026-06,1,@mckesson,11,0,0.0,0.0,0.0,0.0,0,0.0,0.0,0.0,0.0,0.0,0.0,0.0,0.454545,0
Merck,2020-10,1,@merck,21,0,0.0,0.0,0.0,0.0,0,0.0,0.0,0.0,0.0,0.0,0.0,0.0,0.380952,0
Merck,2020-11,1,@merck,27,0,0.0,0.0,0.0,0.0,0,0.0,0.0,0.0,0.0,0.0,0.0,0.0,0.481481,0
Merck,2021-01,1,@merck,24,0,0.0,0.0,0.0,0.0,0,0.0,0.0,0.0,0.0,0.0,0.0,0.0,0.333333,0
Merck,2021-02,1,@merck,43,0,0.0,0.0,0.0,0.0,0,0.0,0.0,0.0,0.0,0.0,0.0,0.0,0.511628,1
Merck,2021-03,1,@merck,49,0,0.0,0.0,0.0,0.0,0,0.0,0.0,0.0,0.0,0.0,0.0,0.0,0.469388,0
Merck,2021-04,1,@merck,6,0,0.0,0.0,0.0,0.0,0,0.0,0.0,0.0,0.0,0.0,0.0,0.0,0.5,1
Merck,2021-05,1,@merck,33,0,0.0,0.0,0.0,0.0,0,0.0,0.0,0.0,0.0,0.0,0.0,0.0,0.242424,0
Merck,2021-06,1,@merck,38,0,0.0,0.0,0.0,0.0,0,0.0,0.0,0.0,0.0,0.0,0.0,0.0,0.473684,0
Merck,2021-07,1,@merck,6,0,0.0,0.0,0.0,0.0,0,0.0,0.0,0.0,0.0,0.0,0.0,0.0,0.833333,1
Merck,2021-08,1,@merck,3,0,0.0,0.0,0.0,0.0,0,0.0,0.0,0.0,0.0,0.0,0.0,0.0,0.666667,1
Merck,2021-09,1,@merck,2,0,0.0,0.0,0.0,0.0,0,0.0,0.0,0.0,0.0,0.0,0.0,0.0,0.0,0
Merck,2021-10,1,@merck,2,0,0.0,0.0,0.0,0.0,0,0.0,0.0,0.0,0.0,0.0,0.0,0.0,0.5,1
Merck,2021-12,1,@merck,1,0,0.0,0.0,0.0,0.0,0,,0.0,0.0,0.0,0.0,0.0,0.0,1.0,1
Merck,2022-01,1,@merck,1,0,0.0,0.0,0.0,0.0,0,0.0,0.0,0.0,0.0,0.0,0.0,0.0,0.0,0
Merck,2022-02,1,@merck,4,0,0.0,0.0,0.0,0.0,0,0.0,0.0,0.0,0.0,0.0,0.0,0.0,0.25,0
Merck,2022-03,1,@merck,2,0,0.0,0.0,0.0,0.0,0,0.0,0.0,0.0,0.0,0.0,0.0,0.0,0.0,0
Merck,2022-05,1,@merck,1,0,0.0,0.0,0.0,0.0,0,0.0,0.0,0.0,0.0,0.0,0.0,0.0,0.0,0
Merck,2022-06,1,@merck,7,0,0.0,0.0,0.0,0.0,0,0.0,0.0,0.0,0.0,0.0,0.0,0.0,0.571429,1
Merck,2023-11,1,@merck,3,0,0.0,0.0,0.0,0.0,0,0.0,0.0,0.0,0.0,0.0,0.0,0.0,0.333333,0
Merck,2023-12,1,@merck,1,0,0.0,0.0,0.0,0.0,0,,0.0,0.0,0.0,0.0,0.0,0.0,1.0,1
Merck,2024-01,1,@merck,4,0,0.0,0.0,0.0,0.0,0,0.0,0.0,0.0,0.0,0.0,0.0,0.0,0.25,0
Merck,2024-02,1,@merck,5,0,0.0,0.0,0.0,0.0,0,0.0,0.0,0.0,0.0,0.0,0.0,0.0,0.4,0
Merck,2024-03,1,@merck,6,0,0.0,0.0,0.0,0.0,0,0.0,0.0,0.0,0.0,0.0,0.0,0.0,0.5,1
Merck,2024-04,1,@merck,7,0,0.0,0.0,0.0,0.0,0,0.0,0.0,0.0,0.0,0.0,0.0,0.0,0.142857,0
Merck,2024-05,1,@merck,7,0,0.0,0.0,0.0,0.0,0,0.0,0.0,0.0,0.0,0.0,0.0,0.0,0.285714,0
Merck,2024-06,1,@merck,6,0,0.0,0.0,0.0,0.0,0,0.0,0.0,0.0,0.0,0.0,0.0,0.0,0.333333,0
Merck,2024-07,1,@merck,8,0,0.0,0.0,0.0,0.0,0,0.0,0.0,0.0,0.0,0.0,0.0,0.0,0.0,0
Merck,2024-08,1,@merck,7,0,0.0,0.0,0.0,0.0,0,0.0,0.0,0.0,0.0,0.0,0.0,0.0,0.428571,0
Merck,2024-09,1,@merck,15,0,0.0,0.0,0.0,0.0,0,0.0,0.0,0.0,0.0,0.0,0.0,0.0,0.4,0
Merck,2024-10,1,@merck,14,0,0.0,0.0,0.0,0.0,0,0.0,0.0,0.0,0.0,0.0,0.0,0.0,0.5,1
Merck,2024-11,1,@merck,8,0,0.0,0.0,0.0,0.0,0,0.0,0.0,0.0,0.0,0.0,0.0,0.0,0.375,0
Merck,2024-12,1,@merck,11,0,0.0,0.0,0.0,0.0,0,0.0,0.0,0.0,0.0,0.0,0.0,0.0,0.181818,0
Merck,2025-01,1,@merck,5,0,0.0,0.0,0.0,0.0,0,0.0,0.0,0.0,0.0,0.0,0.0,0.0,0.2,0
Merck,2025-02,1,@merck,7,0,0.0,0.0,0.0,0.0,0,0.0,0.0,0.0,0.0,0.0,0.0,0.0,0.571429,1
Merck,2025-03,1,@merck,6,0,0.0,0.0,0.0,0.0,0,0.0,0.0,0.0,0.0,0.0,0.0,0.0,0.0,0
Merck,2025-04,1,@merck,6,0,0.0,0.0,0.0,0.0,0,0.0,0.0,0.0,0.0,0.0,0.0,0.0,0.0,0
Merck,2025-05,1,@merck,9,0,0.0,0.0,0.0,0.0,0,0.0,0.0,0.0,0.0,0.0,0.0,0.0,0.444444,0
Merck,2025-06,1,@merck,6,0,0.0,0.0,0.0,0.0,0,0.0,0.0,0.0,0.0,0.0,0.0,0.0,0.333333,0
Merck,2025-07,1,@merck,7,0,0.0,0.0,0.0,0.0,0,0.0,0.0,0.0,0.0,0.0,0.0,0.0,0.428571,0
Merck,2025-08,1,@merck,5,0,0.0,0.0,0.0,0.0,0,0.0,0.0,0.0,0.0,0.0,0.0,0.0,0.2,0
Merck,2025-09,1,@merck,8,0,0.0,0.0,0.0,0.0,0,0.0,0.0,0.0,0.0,0.0,0.0,0.0,0.625,1
Merck,2025-10,1,@merck,22,0,0.0,0.0,0.0,0.0,0,0.0,0.0,0.0,0.0,0.0,0.0,0.0,0.363636,0
Merck,2025-11,1,@merck,9,0,0.0,0.0,0.0,0.0,0,0.0,0.0,0.0,0.0,0.0,0.0,0.0,0.555556,1
Merck,2025-12,1,@merck,5,0,0.0,0.0,0.0,0.0,0,0.0,0.0,0.0,0.0,0.0,0.0,0.0,0.4,0
Merck,2026-01,1,@merck,3,0,0.0,0.0,0.0,0.0,0,0.0,0.0,0.0,0.0,0.0,0.0,0.0,0.666667,1
Merck,2026-02,1,@merck,11,0,0.0,0.0,0.0,0.0,0,0.0,0.0,0.0,0.0,0.0,0.0,0.0,0.363636,0
Merck,2026-03,1,@merck,5,0,0.0,0.0,0.0,0.0,0,0.0,0.0,0.0,0.0,0.0,0.0,0.0,0.4,0
Merck,2026-04,1,@merck,11,0,0.0,0.0,0.0,0.0,0,0.0,0.0,0.0,0.0,0.0,0.0,0.0,0.454545,0
Merck,2026-05,1,@merck,6,0,0.0,0.0,0.0,0.0,0,0.0,0.0,0.0,0.0,0.0,0.0,0.0,0.833333,1
Merck,2026-06,1,@merck,4,0,0.0,0.0,0.0,0.0,0,0.0,0.0,0.0,0.0,0.0,0.0,0.0,0.25,0
MetLife,2020-10,1,@metlife,16,0,0.0,0.0,0.0,0.0,0,0.0,0.0,0.0,0.0,0.0,0.0,0.0,0.625,1
MetLife,2020-11,1,@metlife,22,0,0.0,0.0,0.0,0.0,0,0.0,0.0,0.0,0.0,0.0,0.0,0.0,0.409091,0
MetLife,2020-12,1,@metlife,19,0,0.0,0.0,0.0,0.0,0,0.0,0.0,0.0,0.0,0.0,0.0,0.0,0.315789,0
MetLife,2021-01,1,@metlife,20,0,0.0,0.0,0.0,0.0,0,0.0,0.0,0.0,0.0,0.0,0.0,0.0,0.7,1
MetLife,2021-02,1,@metlife,22,0,0.0,0.0,0.0,0.0,0,0.0,0.0,0.0,0.0,0.0,0.0,0.0,0.363636,0
MetLife,2021-03,1,@metlife,23,0,0.0,0.0,0.0,0.0,0,0.0,0.0,0.0,0.0,0.0,0.0,0.0,0.478261,0
MetLife,2021-04,1,@metlife,27,0,0.0,0.0,0.0,0.0,0,0.0,0.0,0.0,0.0,0.0,0.0,0.0,0.555556,1
MetLife,2021-05,1,@metlife,14,0,0.0,0.0,0.0,0.0,0,0.0,0.0,0.0,0.0,0.0,0.0,0.0,0.5,1
MetLife,2021-06,1,@metlife,17,0,0.0,0.0,0.0,0.0,0,0.0,0.0,0.0,0.0,0.0,0.0,0.0,0.588235,1
MetLife,2021-07,1,@metlife,14,1,0.071429,0.071429,0.005102102,0.693147,1,0.125,0.071429,0.005102102,0.005102102,0.000364438,0.071429,0.005102102,0.428571,0
MetLife,2021-08,1,@metlife,9,0,0.0,0.0,0.0,0.0,0,0.0,0.0,0.0,0.0,0.0,0.0,0.0,0.333333,0
MetLife,2021-09,1,@metlife,18,0,0.0,0.0,0.0,0.0,0,0.0,0.0,0.0,0.0,0.0,0.0,0.0,0.555556,1
MetLife,2021-10,1,@metlife,19,0,0.0,0.0,0.0,0.0,0,0.0,0.0,0.0,0.0,0.0,0.0,0.0,0.473684,0
MetLife,2021-11,1,@metlife,21,0,0.0,0.0,0.0,0.0,0,0.0,0.0,0.0,0.0,0.0,0.0,0.0,0.47619,0
MetLife,2021-12,1,@metlife,11,0,0.0,0.0,0.0,0.0,0,0.0,0.0,0.0,0.0,0.0,0.0,0.0,0.636364,1
MetLife,2022-01,1,@metlife,6,0,0.0,0.0,0.0,0.0,0,0.0,0.0,0.0,0.0,0.0,0.0,0.0,0.333333,0
MetLife,2022-02,1,@metlife,21,0,0.0,0.0,0.0,0.0,0,0.0,0.0,0.0,0.0,0.0,0.0,0.0,0.714286,1
MetLife,2022-03,1,@metlife,25,0,0.0,0.0,0.0,0.0,0,0.0,0.0,0.0,0.0,0.0,0.0,0.0,0.52,1
MetLife,2022-04,1,@metlife,29,0,0.0,0.0,0.0,0.0,0,0.0,0.0,0.0,0.0,0.0,0.0,0.0,0.655172,1
MetLife,2022-05,1,@metlife,21,0,0.0,0.0,0.0,0.0,0,0.0,0.0,0.0,0.0,0.0,0.0,0.0,0.47619,0
MetLife,2022-06,1,@metlife,27,0,0.0,0.0,0.0,0.0,0,0.0,0.0,0.0,0.0,0.0,0.0,0.0,0.296296,0
MetLife,2022-07,1,@metlife,17,0,0.0,0.0,0.0,0.0,0,0.0,0.0,0.0,0.0,0.0,0.0,0.0,0.588235,1
MetLife,2022-08,1,@metlife,38,0,0.0,0.0,0.0,0.0,0,0.0,0.0,0.0,0.0,0.0,0.0,0.0,0.421053,0
MetLife,2022-09,1,@metlife,38,0,0.0,0.0,0.0,0.0,0,0.0,0.0,0.0,0.0,0.0,0.0,0.0,0.368421,0
MetLife,2022-10,1,@metlife,39,1,0.025641,0.025641,0.000657461,0.693147,1,0.037037,0.025641,0.000657461,0.006574609,0.00016858,0.025641,0.000657461,0.307692,0
MetLife,2022-11,1,@metlife,43,0,0.0,0.0,0.0,0.0,0,0.0,0.0,0.0,0.0,0.0,0.0,0.0,0.44186,0
MetLife,2022-12,1,@metlife,28,0,0.0,0.0,0.0,0.0,0,0.0,0.0,0.0,0.0,0.0,0.0,0.0,0.571429,1
MetLife,2023-01,1,@metlife,18,0,0.0,0.0,0.0,0.0,0,0.0,0.0,0.0,0.0,0.0,0.0,0.0,0.5,1
MetLife,2023-02,1,@metlife,5,1,0.2,0.2,0.04,0.693147,1,0.333333,0.2,0.04,0.04,0.008,0.2,0.04,0.4,0
MetLife,2023-03,1,@metlife,18,0,0.0,0.0,0.0,0.0,0,0.0,0.0,0.0,0.0,0.0,0.0,0.0,0.611111,1
MetLife,2023-04,1,@metlife,12,0,0.0,0.0,0.0,0.0,0,0.0,0.0,0.0,0.0,0.0,0.0,0.0,0.666667,1
MetLife,2023-05,1,@metlife,9,0,0.0,0.0,0.0,0.0,0,0.0,0.0,0.0,0.0,0.0,0.0,0.0,0.222222,0
MetLife,2023-06,1,@metlife,10,0,0.0,0.0,0.0,0.0,0,0.0,0.0,0.0,0.0,0.0,0.0,0.0,0.3,0
MetLife,2023-07,1,@metlife,12,0,0.0,0.0,0.0,0.0,0,0.0,0.0,0.0,0.0,0.0,0.0,0.0,0.416667,0
MetLife,2023-08,1,@metlife,13,0,0.0,0.0,0.0,0.0,0,0.0,0.0,0.0,0.0,0.0,0.0,0.0,0.538462,1
MetLife,2023-09,1,@metlife,19,0,0.0,0.0,0.0,0.0,0,0.0,0.0,0.0,0.0,0.0,0.0,0.0,0.526316,1
MetLife,2023-10,1,@metlife,41,0,0.0,0.0,0.0,0.0,0,0.0,0.0,0.0,0.0,0.0,0.0,0.0,0.439024,0
MetLife,2024-02,1,@metlife,1,0,0.0,0.0,0.0,0.0,0,,0.0,0.0,0.0,0.0,0.0,0.0,1.0,1
MetLife,2025-09,1,@metlife,1,0,0.0,0.0,0.0,0.0,0,,0.0,0.0,0.0,0.0,0.0,0.0,1.0,1
MetLife,2025-10,1,@metlife,4,0,0.0,0.0,0.0,0.0,0,0.0,0.0,0.0,0.0,0.0,0.0,0.0,0.75,1
MetLife,2025-11,1,@metlife,5,0,0.0,0.0,0.0,0.0,0,0.0,0.0,0.0,0.0,0.0,0.0,0.0,0.4,0
MetLife,2025-12,1,@metlife,1,0,0.0,0.0,0.0,0.0,0,,0.0,0.0,0.0,0.0,0.0,0.0,1.0,1
MetLife,2026-04,1,@metlife,1,0,0.0,0.0,0.0,0.0,0,,0.0,0.0,0.0,0.0,0.0,0.0,1.0,1
MetLife,2026-05,1,@metlife,7,0,0.0,0.0,0.0,0.0,0,0.0,0.0,0.0,0.0,0.0,0.0,0.0,0.571429,1
Meta Platforms,2023-02,1,@Meta,12,0,0.0,0.0,0.0,0.0,0,0.0,0.0,0.0,0.0,0.0,0.0,0.0,0.416667,0
Meta Platforms,2023-03,1,@Meta,4,0,0.0,0.0,0.0,0.0,0,0.0,0.0,0.0,0.0,0.0,0.0,0.0,0.25,0
Meta Platforms,2023-04,1,@Meta,3,0,0.0,0.0,0.0,0.0,0,0.0,0.0,0.0,0.0,0.0,0.0,0.0,0.666667,1
Meta Platforms,2023-05,1,@Meta,3,0,0.0,0.0,0.0,0.0,0,0.0,0.0,0.0,0.0,0.0,0.0,0.0,0.0,0
Meta Platforms,2023-06,1,@Meta,7,0,0.0,0.0,0.0,0.0,0,0.0,0.0,0.0,0.0,0.0,0.0,0.0,0.428571,0
Meta Platforms,2023-07,1,@Meta,4,0,0.0,0.0,0.0,0.0,0,0.0,0.0,0.0,0.0,0.0,0.0,0.0,0.75,1
Meta Platforms,2023-12,1,@Meta,4,0,0.0,0.0,0.0,0.0,0,0.0,0.0,0.0,0.0,0.0,0.0,0.0,0.25,0
Meta Platforms,2024-01,1,@Meta,6,0,0.0,0.0,0.0,0.0,0,0.0,0.0,0.0,0.0,0.0,0.0,0.0,0.833333,1
Meta Platforms,2024-03,1,@Meta,2,0,0.0,0.0,0.0,0.0,0,0.0,0.0,0.0,0.0,0.0,0.0,0.0,0.5,1
Meta Platforms,2024-04,1,@Meta,13,0,0.0,0.0,0.0,0.0,0,0.0,0.0,0.0,0.0,0.0,0.0,0.0,0.230769,0
Meta Platforms,2024-05,1,@Meta,11,0,0.0,0.0,0.0,0.0,0,0.0,0.0,0.0,0.0,0.0,0.0,0.0,0.454545,0
Meta Platforms,2024-06,1,@Meta,4,0,0.0,0.0,0.0,0.0,0,0.0,0.0,0.0,0.0,0.0,0.0,0.0,0.25,0
Meta Platforms,2024-07,1,@Meta,13,0,0.0,0.0,0.0,0.0,0,0.0,0.0,0.0,0.0,0.0,0.0,0.0,0.538462,1
Meta Platforms,2024-08,1,@Meta,3,0,0.0,0.0,0.0,0.0,0,,0.0,0.0,0.0,0.0,0.0,0.0,1.0,1
Meta Platforms,2024-09,1,@Meta,17,0,0.0,0.0,0.0,0.0,0,0.0,0.0,0.0,0.0,0.0,0.0,0.0,0.529412,1
Meta Platforms,2024-10,1,@Meta,13,0,0.0,0.0,0.0,0.0,0,0.0,0.0,0.0,0.0,0.0,0.0,0.0,0.692308,1
Meta Platforms,2024-12,1,@Meta,3,0,0.0,0.0,0.0,0.0,0,0.0,0.0,0.0,0.0,0.0,0.0,0.0,0.666667,1
Meta Platforms,2025-02,1,@Meta,2,0,0.0,0.0,0.0,0.0,0,0.0,0.0,0.0,0.0,0.0,0.0,0.0,0.5,1
Meta Platforms,2025-03,1,@Meta,1,0,0.0,0.0,0.0,0.0,0,0.0,0.0,0.0,0.0,0.0,0.0,0.0,0.0,0
Meta Platforms,2025-04,1,@Meta,6,0,0.0,0.0,0.0,0.0,0,0.0,0.0,0.0,0.0,0.0,0.0,0.0,0.5,1
Meta Platforms,2025-06,1,@Meta,2,0,0.0,0.0,0.0,0.0,0,0.0,0.0,0.0,0.0,0.0,0.0,0.0,0.5,1
Meta Platforms,2025-07,1,@Meta,3,0,0.0,0.0,0.0,0.0,0,,0.0,0.0,0.0,0.0,0.0,0.0,1.0,1
Meta Platforms,2025-08,1,@Meta,1,0,0.0,0.0,0.0,0.0,0,,0.0,0.0,0.0,0.0,0.0,0.0,1.0,1
Meta Platforms,2025-09,1,@Meta,2,0,0.0,0.0,0.0,0.0,0,0.0,0.0,0.0,0.0,0.0,0.0,0.0,0.0,0
Meta Platforms,2025-10,1,@Meta,2,0,0.0,0.0,0.0,0.0,0,0.0,0.0,0.0,0.0,0.0,0.0,0.0,0.5,1
Meta Platforms,2026-02,1,@Meta,3,0,0.0,0.0,0.0,0.0,0,0.0,0.0,0.0,0.0,0.0,0.0,0.0,0.666667,1
Meta Platforms,2026-03,1,@Meta,1,0,0.0,0.0,0.0,0.0,0,0.0,0.0,0.0,0.0,0.0,0.0,0.0,0.0,0
Meta Platforms,2026-04,1,@Meta,2,0,0.0,0.0,0.0,0.0,0,0.0,0.0,0.0,0.0,0.0,0.0,0.0,0.0,0
Meta Platforms,2026-06,1,@Meta,4,0,0.0,0.0,0.0,0.0,0,0.0,0.0,0.0,0.0,0.0,0.0,0.0,0.5,1
Microsoft,2024-11,1,@microsoft,28,0,0.0,0.0,0.0,0.0,0,0.0,0.0,0.0,0.0,0.0,0.0,0.0,0.357143,0
Microsoft,2024-12,1,@microsoft,29,0,0.0,0.0,0.0,0.0,0,0.0,0.0,0.0,0.0,0.0,0.0,0.0,0.344828,0
Microsoft,2025-01,1,@microsoft,30,0,0.0,0.0,0.0,0.0,0,0.0,0.0,0.0,0.0,0.0,0.0,0.0,0.4,0
Microsoft,2025-02,1,@microsoft,37,0,0.0,0.0,0.0,0.0,0,0.0,0.0,0.0,0.0,0.0,0.0,0.0,0.405405,0
Microsoft,2025-03,1,@microsoft,44,0,0.0,0.0,0.0,0.0,0,0.0,0.0,0.0,0.0,0.0,0.0,0.0,0.454545,0
Microsoft,2025-04,1,@microsoft,29,0,0.0,0.0,0.0,0.0,0,0.0,0.0,0.0,0.0,0.0,0.0,0.0,0.551724,1
Microsoft,2025-05,1,@microsoft,34,0,0.0,0.0,0.0,0.0,0,0.0,0.0,0.0,0.0,0.0,0.0,0.0,0.529412,1
Microsoft,2025-06,1,@microsoft,27,0,0.0,0.0,0.0,0.0,0,0.0,0.0,0.0,0.0,0.0,0.0,0.0,0.481481,0
Microsoft,2025-07,1,@microsoft,13,0,0.0,0.0,0.0,0.0,0,0.0,0.0,0.0,0.0,0.0,0.0,0.0,0.307692,0
Microsoft,2025-08,1,@microsoft,15,0,0.0,0.0,0.0,0.0,0,0.0,0.0,0.0,0.0,0.0,0.0,0.0,0.6,1
Microsoft,2025-09,1,@microsoft,41,0,0.0,0.0,0.0,0.0,0,0.0,0.0,0.0,0.0,0.0,0.0,0.0,0.585366,1
Microsoft,2025-10,1,@microsoft,53,0,0.0,0.0,0.0,0.0,0,0.0,0.0,0.0,0.0,0.0,0.0,0.0,0.433962,0
Microsoft,2025-11,1,@microsoft,76,0,0.0,0.0,0.0,0.0,0,0.0,0.0,0.0,0.0,0.0,0.0,0.0,0.565789,1
Microsoft,2025-12,1,@microsoft,19,0,0.0,0.0,0.0,0.0,0,0.0,0.0,0.0,0.0,0.0,0.0,0.0,0.631579,1
Microsoft,2026-01,1,@microsoft,9,0,0.0,0.0,0.0,0.0,0,0.0,0.0,0.0,0.0,0.0,0.0,0.0,0.333333,0
Microsoft,2026-02,1,@microsoft,17,0,0.0,0.0,0.0,0.0,0,0.0,0.0,0.0,0.0,0.0,0.0,0.0,0.705882,1
Microsoft,2026-03,1,@microsoft,22,0,0.0,0.0,0.0,0.0,0,0.0,0.0,0.0,0.0,0.0,0.0,0.0,0.5,1
Microsoft,2026-04,1,@microsoft,26,0,0.0,0.0,0.0,0.0,0,0.0,0.0,0.0,0.0,0.0,0.0,0.0,0.730769,1
Microsoft,2026-05,1,@microsoft,45,0,0.0,0.0,0.0,0.0,0,0.0,0.0,0.0,0.0,0.0,0.0,0.0,0.466667,0
Microsoft,2026-06,1,@microsoft,66,0,0.0,0.0,0.0,0.0,0,0.0,0.0,0.0,0.0,0.0,0.0,0.0,0.515152,1
MoonPie,2012-04,1,@MoonPie,1,0,0.0,0.0,0.0,0.0,0,0.0,0.0,0.0,0.0,0.0,0.0,0.0,0.0,0
MoonPie,2012-08,1,@MoonPie,1,0,0.0,0.0,0.0,0.0,0,,0.0,0.0,0.0,0.0,0.0,0.0,1.0,1
MoonPie,2016-12,1,@MoonPie,1,0,0.0,0.0,0.0,0.0,0,0.0,0.0,0.0,0.0,0.0,0.0,0.0,0.0,0
MoonPie,2017-06,1,@MoonPie,17,0,0.0,0.0,0.0,0.0,0,0.0,0.0,0.0,0.0,0.0,0.0,0.0,0.411765,0
MoonPie,2017-07,1,@MoonPie,25,0,0.0,0.0,0.0,0.0,0,0.0,0.0,0.0,0.0,0.0,0.0,0.0,0.52,1
MoonPie,2017-08,1,@MoonPie,56,0,0.0,0.0,0.0,0.0,0,0.0,0.0,0.0,0.0,0.0,0.0,0.0,0.446429,0
MoonPie,2017-09,1,@MoonPie,39,0,0.0,0.0,0.0,0.0,0,0.0,0.0,0.0,0.0,0.0,0.0,0.0,0.333333,0
MoonPie,2017-10,1,@MoonPie,52,0,0.0,0.0,0.0,0.0,0,0.0,0.0,0.0,0.0,0.0,0.0,0.0,0.403846,0
MoonPie,2017-11,1,@MoonPie,42,0,0.0,0.0,0.0,0.0,0,0.0,0.0,0.0,0.0,0.0,0.0,0.0,0.428571,0
MoonPie,2017-12,1,@MoonPie,52,1,0.019231,0.019231,0.000369831,0.693147,1,0.028571,0.019231,0.000369831,0.001849138,3.5561e-05,0.019231,0.000369831,0.326923,0
MoonPie,2018-01,1,@MoonPie,38,0,0.0,0.0,0.0,0.0,0,0.0,0.0,0.0,0.0,0.0,0.0,0.0,0.473684,0
MoonPie,2018-02,1,@MoonPie,31,0,0.0,0.0,0.0,0.0,0,0.0,0.0,0.0,0.0,0.0,0.0,0.0,0.483871,0
MoonPie,2018-03,1,@MoonPie,20,0,0.0,0.0,0.0,0.0,0,0.0,0.0,0.0,0.0,0.0,0.0,0.0,0.5,1
MoonPie,2018-04,1,@MoonPie,18,0,0.0,0.0,0.0,0.0,0,0.0,0.0,0.0,0.0,0.0,0.0,0.0,0.388889,0
MoonPie,2018-05,1,@MoonPie,21,0,0.0,0.0,0.0,0.0,0,0.0,0.0,0.0,0.0,0.0,0.0,0.0,0.47619,0
MoonPie,2018-06,1,@MoonPie,14,0,0.0,0.0,0.0,0.0,0,0.0,0.0,0.0,0.0,0.0,0.0,0.0,0.428571,0
MoonPie,2018-07,1,@MoonPie,14,0,0.0,0.0,0.0,0.0,0,0.0,0.0,0.0,0.0,0.0,0.0,0.0,0.571429,1
MoonPie,2018-08,1,@MoonPie,9,0,0.0,0.0,0.0,0.0,0,0.0,0.0,0.0,0.0,0.0,0.0,0.0,0.555556,1
MoonPie,2018-09,1,@MoonPie,9,0,0.0,0.0,0.0,0.0,0,0.0,0.0,0.0,0.0,0.0,0.0,0.0,0.333333,0
MoonPie,2018-10,1,@MoonPie,13,0,0.0,0.0,0.0,0.0,0,0.0,0.0,0.0,0.0,0.0,0.0,0.0,0.384615,0
MoonPie,2018-11,1,@MoonPie,13,0,0.0,0.0,0.0,0.0,0,0.0,0.0,0.0,0.0,0.0,0.0,0.0,0.461538,0
MoonPie,2018-12,1,@MoonPie,9,0,0.0,0.0,0.0,0.0,0,0.0,0.0,0.0,0.0,0.0,0.0,0.0,0.444444,0
MoonPie,2019-01,1,@MoonPie,12,0,0.0,0.0,0.0,0.0,0,0.0,0.0,0.0,0.0,0.0,0.0,0.0,0.666667,1
MoonPie,2019-02,1,@MoonPie,15,0,0.0,0.0,0.0,0.0,0,0.0,0.0,0.0,0.0,0.0,0.0,0.0,0.4,0
MoonPie,2019-03,1,@MoonPie,11,0,0.0,0.0,0.0,0.0,0,0.0,0.0,0.0,0.0,0.0,0.0,0.0,0.363636,0
MoonPie,2019-04,1,@MoonPie,11,0,0.0,0.0,0.0,0.0,0,0.0,0.0,0.0,0.0,0.0,0.0,0.0,0.454545,0
MoonPie,2019-05,1,@MoonPie,15,0,0.0,0.0,0.0,0.0,0,0.0,0.0,0.0,0.0,0.0,0.0,0.0,0.666667,1
MoonPie,2019-06,1,@MoonPie,9,0,0.0,0.0,0.0,0.0,0,0.0,0.0,0.0,0.0,0.0,0.0,0.0,0.111111,0
MoonPie,2019-07,1,@MoonPie,15,0,0.0,0.0,0.0,0.0,0,0.0,0.0,0.0,0.0,0.0,0.0,0.0,0.4,0
MoonPie,2019-08,1,@MoonPie,8,0,0.0,0.0,0.0,0.0,0,0.0,0.0,0.0,0.0,0.0,0.0,0.0,0.375,0
MoonPie,2019-09,1,@MoonPie,9,0,0.0,0.0,0.0,0.0,0,0.0,0.0,0.0,0.0,0.0,0.0,0.0,0.333333,0
MoonPie,2019-10,1,@MoonPie,8,0,0.0,0.0,0.0,0.0,0,0.0,0.0,0.0,0.0,0.0,0.0,0.0,0.375,0
MoonPie,2019-11,1,@MoonPie,6,0,0.0,0.0,0.0,0.0,0,0.0,0.0,0.0,0.0,0.0,0.0,0.0,0.666667,1
MoonPie,2019-12,1,@MoonPie,7,0,0.0,0.0,0.0,0.0,0,0.0,0.0,0.0,0.0,0.0,0.0,0.0,0.0,0
MoonPie,2020-01,1,@MoonPie,13,0,0.0,0.0,0.0,0.0,0,0.0,0.0,0.0,0.0,0.0,0.0,0.0,0.461538,0
MoonPie,2020-02,1,@MoonPie,7,0,0.0,0.0,0.0,0.0,0,0.0,0.0,0.0,0.0,0.0,0.0,0.0,0.571429,1
MoonPie,2020-03,1,@MoonPie,8,0,0.0,0.0,0.0,0.0,0,0.0,0.0,0.0,0.0,0.0,0.0,0.0,0.0,0
MoonPie,2020-04,1,@MoonPie,8,0,0.0,0.0,0.0,0.0,0,0.0,0.0,0.0,0.0,0.0,0.0,0.0,0.5,1
MoonPie,2020-05,1,@MoonPie,10,0,0.0,0.0,0.0,0.0,0,0.0,0.0,0.0,0.0,0.0,0.0,0.0,0.7,1
MoonPie,2020-06,1,@MoonPie,5,0,0.0,0.0,0.0,0.0,0,0.0,0.0,0.0,0.0,0.0,0.0,0.0,0.2,0
MoonPie,2020-07,1,@MoonPie,5,0,0.0,0.0,0.0,0.0,0,0.0,0.0,0.0,0.0,0.0,0.0,0.0,0.4,0
MoonPie,2020-08,1,@MoonPie,6,0,0.0,0.0,0.0,0.0,0,0.0,0.0,0.0,0.0,0.0,0.0,0.0,0.666667,1
MoonPie,2020-09,1,@MoonPie,5,0,0.0,0.0,0.0,0.0,0,0.0,0.0,0.0,0.0,0.0,0.0,0.0,0.6,1
MoonPie,2020-10,1,@MoonPie,11,0,0.0,0.0,0.0,0.0,0,0.0,0.0,0.0,0.0,0.0,0.0,0.0,0.454545,0
MoonPie,2020-11,1,@MoonPie,7,0,0.0,0.0,0.0,0.0,0,0.0,0.0,0.0,0.0,0.0,0.0,0.0,0.571429,1
MoonPie,2020-12,1,@MoonPie,11,0,0.0,0.0,0.0,0.0,0,0.0,0.0,0.0,0.0,0.0,0.0,0.0,0.545455,1
MoonPie,2021-01,1,@MoonPie,7,0,0.0,0.0,0.0,0.0,0,0.0,0.0,0.0,0.0,0.0,0.0,0.0,0.428571,0
MoonPie,2021-02,1,@MoonPie,7,0,0.0,0.0,0.0,0.0,0,0.0,0.0,0.0,0.0,0.0,0.0,0.0,0.142857,0
MoonPie,2021-03,1,@MoonPie,8,0,0.0,0.0,0.0,0.0,0,0.0,0.0,0.0,0.0,0.0,0.0,0.0,0.625,1
MoonPie,2021-04,1,@MoonPie,5,0,0.0,0.0,0.0,0.0,0,0.0,0.0,0.0,0.0,0.0,0.0,0.0,0.6,1
MoonPie,2021-05,1,@MoonPie,7,0,0.0,0.0,0.0,0.0,0,0.0,0.0,0.0,0.0,0.0,0.0,0.0,0.428571,0
MoonPie,2021-06,1,@MoonPie,4,0,0.0,0.0,0.0,0.0,0,0.0,0.0,0.0,0.0,0.0,0.0,0.0,0.5,1
MoonPie,2021-07,1,@MoonPie,3,0,0.0,0.0,0.0,0.0,0,0.0,0.0,0.0,0.0,0.0,0.0,0.0,0.666667,1
MoonPie,2021-08,1,@MoonPie,1,0,0.0,0.0,0.0,0.0,0,,0.0,0.0,0.0,0.0,0.0,0.0,1.0,1
MoonPie,2021-09,1,@MoonPie,4,0,0.0,0.0,0.0,0.0,0,0.0,0.0,0.0,0.0,0.0,0.0,0.0,0.0,0
MoonPie,2021-10,1,@MoonPie,6,0,0.0,0.0,0.0,0.0,0,0.0,0.0,0.0,0.0,0.0,0.0,0.0,0.333333,0
MoonPie,2021-11,1,@MoonPie,2,0,0.0,0.0,0.0,0.0,0,0.0,0.0,0.0,0.0,0.0,0.0,0.0,0.0,0
MoonPie,2021-12,1,@MoonPie,8,0,0.0,0.0,0.0,0.0,0,0.0,0.0,0.0,0.0,0.0,0.0,0.0,0.375,0
MoonPie,2022-01,1,@MoonPie,4,0,0.0,0.0,0.0,0.0,0,0.0,0.0,0.0,0.0,0.0,0.0,0.0,0.75,1
MoonPie,2022-02,1,@MoonPie,2,0,0.0,0.0,0.0,0.0,0,,0.0,0.0,0.0,0.0,0.0,0.0,1.0,1
MoonPie,2022-03,1,@MoonPie,6,0,0.0,0.0,0.0,0.0,0,0.0,0.0,0.0,0.0,0.0,0.0,0.0,0.333333,0
MoonPie,2022-04,1,@MoonPie,6,0,0.0,0.0,0.0,0.0,0,0.0,0.0,0.0,0.0,0.0,0.0,0.0,0.5,1
MoonPie,2022-05,1,@MoonPie,7,0,0.0,0.0,0.0,0.0,0,0.0,0.0,0.0,0.0,0.0,0.0,0.0,0.428571,0
MoonPie,2022-06,1,@MoonPie,11,0,0.0,0.0,0.0,0.0,0,0.0,0.0,0.0,0.0,0.0,0.0,0.0,0.272727,0
MoonPie,2022-07,1,@MoonPie,1,0,0.0,0.0,0.0,0.0,0,0.0,0.0,0.0,0.0,0.0,0.0,0.0,0.0,0
MoonPie,2022-08,1,@MoonPie,3,0,0.0,0.0,0.0,0.0,0,,0.0,0.0,0.0,0.0,0.0,0.0,1.0,1
MoonPie,2022-09,1,@MoonPie,3,0,0.0,0.0,0.0,0.0,0,0.0,0.0,0.0,0.0,0.0,0.0,0.0,0.666667,1
MoonPie,2022-10,1,@MoonPie,1,0,0.0,0.0,0.0,0.0,0,0.0,0.0,0.0,0.0,0.0,0.0,0.0,0.0,0
MoonPie,2022-11,1,@MoonPie,2,0,0.0,0.0,0.0,0.0,0,0.0,0.0,0.0,0.0,0.0,0.0,0.0,0.0,0
MoonPie,2022-12,1,@MoonPie,4,0,0.0,0.0,0.0,0.0,0,,0.0,0.0,0.0,0.0,0.0,0.0,1.0,1
MoonPie,2023-01,1,@MoonPie,3,0,0.0,0.0,0.0,0.0,0,0.0,0.0,0.0,0.0,0.0,0.0,0.0,0.666667,1
MoonPie,2023-02,1,@MoonPie,1,0,0.0,0.0,0.0,0.0,0,0.0,0.0,0.0,0.0,0.0,0.0,0.0,0.0,0
MoonPie,2023-03,1,@MoonPie,6,0,0.0,0.0,0.0,0.0,0,0.0,0.0,0.0,0.0,0.0,0.0,0.0,0.166667,0
MoonPie,2023-04,1,@MoonPie,5,0,0.0,0.0,0.0,0.0,0,0.0,0.0,0.0,0.0,0.0,0.0,0.0,0.2,0
MoonPie,2023-05,1,@MoonPie,5,0,0.0,0.0,0.0,0.0,0,0.0,0.0,0.0,0.0,0.0,0.0,0.0,0.4,0
MoonPie,2023-06,1,@MoonPie,5,0,0.0,0.0,0.0,0.0,0,0.0,0.0,0.0,0.0,0.0,0.0,0.0,0.0,0
MoonPie,2023-07,1,@MoonPie,7,0,0.0,0.0,0.0,0.0,0,0.0,0.0,0.0,0.0,0.0,0.0,0.0,0.428571,0
MoonPie,2023-08,1,@MoonPie,4,0,0.0,0.0,0.0,0.0,0,0.0,0.0,0.0,0.0,0.0,0.0,0.0,0.25,0
MoonPie,2023-09,1,@MoonPie,3,0,0.0,0.0,0.0,0.0,0,0.0,0.0,0.0,0.0,0.0,0.0,0.0,0.333333,0
MoonPie,2023-10,1,@MoonPie,3,0,0.0,0.0,0.0,0.0,0,0.0,0.0,0.0,0.0,0.0,0.0,0.0,0.666667,1
MoonPie,2023-12,1,@MoonPie,8,0,0.0,0.0,0.0,0.0,0,0.0,0.0,0.0,0.0,0.0,0.0,0.0,0.5,1
MoonPie,2024-03,1,@MoonPie,5,0,0.0,0.0,0.0,0.0,0,0.0,0.0,0.0,0.0,0.0,0.0,0.0,0.6,1
MoonPie,2024-04,1,@MoonPie,6,0,0.0,0.0,0.0,0.0,0,0.0,0.0,0.0,0.0,0.0,0.0,0.0,0.666667,1
MoonPie,2024-05,1,@MoonPie,2,0,0.0,0.0,0.0,0.0,0,0.0,0.0,0.0,0.0,0.0,0.0,0.0,0.5,1
MoonPie,2024-06,1,@MoonPie,2,0,0.0,0.0,0.0,0.0,0,0.0,0.0,0.0,0.0,0.0,0.0,0.0,0.5,1
MoonPie,2024-08,1,@MoonPie,1,0,0.0,0.0,0.0,0.0,0,0.0,0.0,0.0,0.0,0.0,0.0,0.0,0.0,0
MoonPie,2024-09,1,@MoonPie,5,0,0.0,0.0,0.0,0.0,0,0.0,0.0,0.0,0.0,0.0,0.0,0.0,0.4,0
MoonPie,2024-10,1,@MoonPie,2,0,0.0,0.0,0.0,0.0,0,0.0,0.0,0.0,0.0,0.0,0.0,0.0,0.5,1
MoonPie,2024-11,1,@MoonPie,1,0,0.0,0.0,0.0,0.0,0,,0.0,0.0,0.0,0.0,0.0,0.0,1.0,1
MoonPie,2024-12,1,@MoonPie,3,0,0.0,0.0,0.0,0.0,0,0.0,0.0,0.0,0.0,0.0,0.0,0.0,0.666667,1
MoonPie,2025-01,1,@MoonPie,2,0,0.0,0.0,0.0,0.0,0,0.0,0.0,0.0,0.0,0.0,0.0,0.0,0.5,1
MoonPie,2025-02,1,@MoonPie,2,0,0.0,0.0,0.0,0.0,0,0.0,0.0,0.0,0.0,0.0,0.0,0.0,0.5,1
MoonPie,2025-03,1,@MoonPie,1,0,0.0,0.0,0.0,0.0,0,,0.0,0.0,0.0,0.0,0.0,0.0,1.0,1
MoonPie,2025-07,1,@MoonPie,1,0,0.0,0.0,0.0,0.0,0,0.0,0.0,0.0,0.0,0.0,0.0,0.0,0.0,0
MoonPie,2025-08,1,@MoonPie,2,0,0.0,0.0,0.0,0.0,0,0.0,0.0,0.0,0.0,0.0,0.0,0.0,0.0,0
MoonPie,2025-10,1,@MoonPie,2,0,0.0,0.0,0.0,0.0,0,0.0,0.0,0.0,0.0,0.0,0.0,0.0,0.5,1
MoonPie,2025-11,1,@MoonPie,1,0,0.0,0.0,0.0,0.0,0,0.0,0.0,0.0,0.0,0.0,0.0,0.0,0.0,0
MoonPie,2025-12,1,@MoonPie,1,0,0.0,0.0,0.0,0.0,0,0.0,0.0,0.0,0.0,0.0,0.0,0.0,0.0,0
MoonPie,2026-03,1,@MoonPie,5,0,0.0,0.0,0.0,0.0,0,0.0,0.0,0.0,0.0,0.0,0.0,0.0,0.6,1
MoonPie,2026-04,1,@MoonPie,7,0,0.0,0.0,0.0,0.0,0,0.0,0.0,0.0,0.0,0.0,0.0,0.0,0.0,0
MoonPie,2026-05,1,@MoonPie,2,0,0.0,0.0,0.0,0.0,0,0.0,0.0,0.0,0.0,0.0,0.0,0.0,0.0,0
Morgan Stanley,2022-08,1,@morganstanley,24,0,0.0,0.0,0.0,0.0,0,0.0,0.0,0.0,0.0,0.0,0.0,0.0,0.541667,1
Morgan Stanley,2022-09,1,@morganstanley,53,0,0.0,0.0,0.0,0.0,0,0.0,0.0,0.0,0.0,0.0,0.0,0.0,0.339623,0
Morgan Stanley,2022-10,1,@morganstanley,27,0,0.0,0.0,0.0,0.0,0,0.0,0.0,0.0,0.0,0.0,0.0,0.0,0.296296,0
Morgan Stanley,2022-11,1,@morganstanley,27,0,0.0,0.0,0.0,0.0,0,0.0,0.0,0.0,0.0,0.0,0.0,0.0,0.518519,1
Morgan Stanley,2022-12,1,@morganstanley,35,0,0.0,0.0,0.0,0.0,0,0.0,0.0,0.0,0.0,0.0,0.0,0.0,0.485714,0
Morgan Stanley,2023-01,1,@morganstanley,43,0,0.0,0.0,0.0,0.0,0,0.0,0.0,0.0,0.0,0.0,0.0,0.0,0.418605,0
Morgan Stanley,2023-02,1,@morganstanley,44,0,0.0,0.0,0.0,0.0,0,0.0,0.0,0.0,0.0,0.0,0.0,0.0,0.386364,0
Morgan Stanley,2023-03,1,@morganstanley,47,0,0.0,0.0,0.0,0.0,0,0.0,0.0,0.0,0.0,0.0,0.0,0.0,0.531915,1
Morgan Stanley,2023-04,1,@morganstanley,45,0,0.0,0.0,0.0,0.0,0,0.0,0.0,0.0,0.0,0.0,0.0,0.0,0.377778,0
Morgan Stanley,2023-05,1,@morganstanley,45,0,0.0,0.0,0.0,0.0,0,0.0,0.0,0.0,0.0,0.0,0.0,0.0,0.377778,0
Morgan Stanley,2023-06,1,@morganstanley,11,0,0.0,0.0,0.0,0.0,0,0.0,0.0,0.0,0.0,0.0,0.0,0.0,0.363636,0
Morgan Stanley,2023-07,1,@morganstanley,10,0,0.0,0.0,0.0,0.0,0,0.0,0.0,0.0,0.0,0.0,0.0,0.0,0.3,0
Morgan Stanley,2023-08,1,@morganstanley,2,0,0.0,0.0,0.0,0.0,0,0.0,0.0,0.0,0.0,0.0,0.0,0.0,0.5,1
Morgan Stanley,2023-09,1,@morganstanley,1,0,0.0,0.0,0.0,0.0,0,,0.0,0.0,0.0,0.0,0.0,0.0,1.0,1
Morgan Stanley,2023-10,1,@morganstanley,9,0,0.0,0.0,0.0,0.0,0,0.0,0.0,0.0,0.0,0.0,0.0,0.0,0.444444,0
Morgan Stanley,2023-11,1,@morganstanley,4,0,0.0,0.0,0.0,0.0,0,0.0,0.0,0.0,0.0,0.0,0.0,0.0,0.25,0
Morgan Stanley,2023-12,1,@morganstanley,5,0,0.0,0.0,0.0,0.0,0,0.0,0.0,0.0,0.0,0.0,0.0,0.0,0.4,0
Morgan Stanley,2024-01,1,@morganstanley,4,0,0.0,0.0,0.0,0.0,0,0.0,0.0,0.0,0.0,0.0,0.0,0.0,0.0,0
Morgan Stanley,2024-02,1,@morganstanley,5,0,0.0,0.0,0.0,0.0,0,,0.0,0.0,0.0,0.0,0.0,0.0,1.0,1
Morgan Stanley,2024-03,1,@morganstanley,5,0,0.0,0.0,0.0,0.0,0,0.0,0.0,0.0,0.0,0.0,0.0,0.0,0.4,0
Morgan Stanley,2024-04,1,@morganstanley,8,0,0.0,0.0,0.0,0.0,0,0.0,0.0,0.0,0.0,0.0,0.0,0.0,0.25,0
Morgan Stanley,2024-05,1,@morganstanley,3,0,0.0,0.0,0.0,0.0,0,0.0,0.0,0.0,0.0,0.0,0.0,0.0,0.666667,1
Morgan Stanley,2024-06,1,@morganstanley,1,0,0.0,0.0,0.0,0.0,0,0.0,0.0,0.0,0.0,0.0,0.0,0.0,0.0,0
Morgan Stanley,2024-07,1,@morganstanley,10,0,0.0,0.0,0.0,0.0,0,0.0,0.0,0.0,0.0,0.0,0.0,0.0,0.0,0
Morgan Stanley,2024-08,1,@morganstanley,6,0,0.0,0.0,0.0,0.0,0,0.0,0.0,0.0,0.0,0.0,0.0,0.0,0.5,1
Morgan Stanley,2024-09,1,@morganstanley,7,0,0.0,0.0,0.0,0.0,0,0.0,0.0,0.0,0.0,0.0,0.0,0.0,0.285714,0
Morgan Stanley,2024-10,1,@morganstanley,13,0,0.0,0.0,0.0,0.0,0,0.0,0.0,0.0,0.0,0.0,0.0,0.0,0.230769,0
Morgan Stanley,2024-11,1,@morganstanley,1,0,0.0,0.0,0.0,0.0,0,0.0,0.0,0.0,0.0,0.0,0.0,0.0,0.0,0
Morgan Stanley,2024-12,1,@morganstanley,2,0,0.0,0.0,0.0,0.0,0,0.0,0.0,0.0,0.0,0.0,0.0,0.0,0.5,1
Morgan Stanley,2025-01,1,@morganstanley,9,0,0.0,0.0,0.0,0.0,0,0.0,0.0,0.0,0.0,0.0,0.0,0.0,0.333333,0
Morgan Stanley,2025-02,1,@morganstanley,8,0,0.0,0.0,0.0,0.0,0,0.0,0.0,0.0,0.0,0.0,0.0,0.0,0.25,0
Morgan Stanley,2025-03,1,@morganstanley,14,0,0.0,0.0,0.0,0.0,0,0.0,0.0,0.0,0.0,0.0,0.0,0.0,0.428571,0
Morgan Stanley,2025-04,1,@morganstanley,14,0,0.0,0.0,0.0,0.0,0,0.0,0.0,0.0,0.0,0.0,0.0,0.0,0.071429,0
Morgan Stanley,2025-05,1,@morganstanley,7,0,0.0,0.0,0.0,0.0,0,0.0,0.0,0.0,0.0,0.0,0.0,0.0,0.714286,1
Morgan Stanley,2025-06,1,@morganstanley,5,0,0.0,0.0,0.0,0.0,0,0.0,0.0,0.0,0.0,0.0,0.0,0.0,0.8,1
Morgan Stanley,2025-07,1,@morganstanley,7,0,0.0,0.0,0.0,0.0,0,0.0,0.0,0.0,0.0,0.0,0.0,0.0,0.428571,0
Morgan Stanley,2025-08,1,@morganstanley,7,0,0.0,0.0,0.0,0.0,0,0.0,0.0,0.0,0.0,0.0,0.0,0.0,0.428571,0
Morgan Stanley,2025-09,1,@morganstanley,10,0,0.0,0.0,0.0,0.0,0,0.0,0.0,0.0,0.0,0.0,0.0,0.0,0.7,1
Morgan Stanley,2025-10,1,@morganstanley,19,0,0.0,0.0,0.0,0.0,0,0.0,0.0,0.0,0.0,0.0,0.0,0.0,0.631579,1
Morgan Stanley,2025-11,1,@morganstanley,31,0,0.0,0.0,0.0,0.0,0,0.0,0.0,0.0,0.0,0.0,0.0,0.0,0.483871,0
Morgan Stanley,2025-12,1,@morganstanley,22,0,0.0,0.0,0.0,0.0,0,0.0,0.0,0.0,0.0,0.0,0.0,0.0,0.545455,1
Morgan Stanley,2026-01,1,@morganstanley,29,0,0.0,0.0,0.0,0.0,0,0.0,0.0,0.0,0.0,0.0,0.0,0.0,0.586207,1
Morgan Stanley,2026-02,1,@morganstanley,27,0,0.0,0.0,0.0,0.0,0,0.0,0.0,0.0,0.0,0.0,0.0,0.0,0.62963,1
Morgan Stanley,2026-03,1,@morganstanley,54,0,0.0,0.0,0.0,0.0,0,0.0,0.0,0.0,0.0,0.0,0.0,0.0,0.388889,0
Morgan Stanley,2026-04,1,@morganstanley,35,0,0.0,0.0,0.0,0.0,0,0.0,0.0,0.0,0.0,0.0,0.0,0.0,0.542857,1
Morgan Stanley,2026-05,1,@morganstanley,26,0,0.0,0.0,0.0,0.0,0,0.0,0.0,0.0,0.0,0.0,0.0,0.0,0.653846,1
Morgan Stanley,2026-06,1,@morganstanley,25,0,0.0,0.0,0.0,0.0,0,0.0,0.0,0.0,0.0,0.0,0.0,0.0,0.24,0
Nationwide,2022-02,1,@nationwide,34,0,0.0,0.0,0.0,0.0,0,0.0,0.0,0.0,0.0,0.0,0.0,0.0,0.411765,0
Nationwide,2022-03,1,@nationwide,42,0,0.0,0.0,0.0,0.0,0,0.0,0.0,0.0,0.0,0.0,0.0,0.0,0.52381,1
Nationwide,2022-04,1,@nationwide,25,0,0.0,0.0,0.0,0.0,0,0.0,0.0,0.0,0.0,0.0,0.0,0.0,0.4,0
Nationwide,2022-05,1,@nationwide,31,0,0.0,0.0,0.0,0.0,0,0.0,0.0,0.0,0.0,0.0,0.0,0.0,0.612903,1
Nationwide,2022-06,1,@nationwide,30,0,0.0,0.0,0.0,0.0,0,0.0,0.0,0.0,0.0,0.0,0.0,0.0,0.466667,0
Nationwide,2022-07,1,@nationwide,25,0,0.0,0.0,0.0,0.0,0,0.0,0.0,0.0,0.0,0.0,0.0,0.0,0.48,0
Nationwide,2022-08,1,@nationwide,25,0,0.0,0.0,0.0,0.0,0,0.0,0.0,0.0,0.0,0.0,0.0,0.0,0.32,0
Nationwide,2022-09,1,@nationwide,25,0,0.0,0.0,0.0,0.0,0,0.0,0.0,0.0,0.0,0.0,0.0,0.0,0.56,1
Nationwide,2022-10,1,@nationwide,120,1,0.008333,0.008333,6.9439e-05,0.693147,1,0.017857,0.008333,6.9439e-05,0.000486089,4.051e-06,0.008333,6.9439e-05,0.533333,1
Nationwide,2022-11,1,@nationwide,7,0,0.0,0.0,0.0,0.0,0,0.0,0.0,0.0,0.0,0.0,0.0,0.0,0.571429,1
Nationwide,2022-12,1,@nationwide,16,0,0.0,0.0,0.0,0.0,0,0.0,0.0,0.0,0.0,0.0,0.0,0.0,0.3125,0
Nationwide,2023-01,1,@nationwide,23,0,0.0,0.0,0.0,0.0,0,0.0,0.0,0.0,0.0,0.0,0.0,0.0,0.521739,1
Nationwide,2023-02,1,@nationwide,34,0,0.0,0.0,0.0,0.0,0,0.0,0.0,0.0,0.0,0.0,0.0,0.0,0.647059,1
Nationwide,2023-03,1,@nationwide,18,0,0.0,0.0,0.0,0.0,0,0.0,0.0,0.0,0.0,0.0,0.0,0.0,0.333333,0
Nationwide,2023-04,1,@nationwide,6,0,0.0,0.0,0.0,0.0,0,0.0,0.0,0.0,0.0,0.0,0.0,0.0,0.666667,1
Nationwide,2023-05,1,@nationwide,17,0,0.0,0.0,0.0,0.0,0,0.0,0.0,0.0,0.0,0.0,0.0,0.0,0.411765,0
Nationwide,2023-06,1,@nationwide,6,0,0.0,0.0,0.0,0.0,0,0.0,0.0,0.0,0.0,0.0,0.0,0.0,0.666667,1
Nationwide,2023-07,1,@nationwide,10,0,0.0,0.0,0.0,0.0,0,0.0,0.0,0.0,0.0,0.0,0.0,0.0,0.6,1
Nationwide,2023-08,1,@nationwide,7,0,0.0,0.0,0.0,0.0,0,0.0,0.0,0.0,0.0,0.0,0.0,0.0,0.714286,1
Nationwide,2023-09,1,@nationwide,11,0,0.0,0.0,0.0,0.0,0,0.0,0.0,0.0,0.0,0.0,0.0,0.0,0.636364,1
Nationwide,2023-10,1,@nationwide,18,0,0.0,0.0,0.0,0.0,0,0.0,0.0,0.0,0.0,0.0,0.0,0.0,0.5,1
Nationwide,2023-11,1,@nationwide,86,0,0.0,0.0,0.0,0.0,0,0.0,0.0,0.0,0.0,0.0,0.0,0.0,0.55814,1
Nationwide,2023-12,1,@nationwide,76,0,0.0,0.0,0.0,0.0,0,0.0,0.0,0.0,0.0,0.0,0.0,0.0,0.342105,0
Nationwide,2024-01,1,@nationwide,53,0,0.0,0.0,0.0,0.0,0,0.0,0.0,0.0,0.0,0.0,0.0,0.0,0.528302,1
Nationwide,2024-02,1,@nationwide,83,0,0.0,0.0,0.0,0.0,0,0.0,0.0,0.0,0.0,0.0,0.0,0.0,0.518072,1
Nationwide,2024-03,1,@nationwide,19,0,0.0,0.0,0.0,0.0,0,0.0,0.0,0.0,0.0,0.0,0.0,0.0,0.578947,1
Nationwide,2024-04,1,@nationwide,23,0,0.0,0.0,0.0,0.0,0,0.0,0.0,0.0,0.0,0.0,0.0,0.0,0.347826,0
Nationwide,2024-05,1,@nationwide,11,0,0.0,0.0,0.0,0.0,0,0.0,0.0,0.0,0.0,0.0,0.0,0.0,0.272727,0
Nationwide,2024-06,1,@nationwide,25,0,0.0,0.0,0.0,0.0,0,0.0,0.0,0.0,0.0,0.0,0.0,0.0,0.6,1
Nationwide,2024-07,1,@nationwide,11,0,0.0,0.0,0.0,0.0,0,0.0,0.0,0.0,0.0,0.0,0.0,0.0,0.272727,0
Nationwide,2024-08,1,@nationwide,12,0,0.0,0.0,0.0,0.0,0,0.0,0.0,0.0,0.0,0.0,0.0,0.0,0.416667,0
Nationwide,2024-09,1,@nationwide,26,0,0.0,0.0,0.0,0.0,0,0.0,0.0,0.0,0.0,0.0,0.0,0.0,0.346154,0
Nationwide,2024-10,1,@nationwide,5,0,0.0,0.0,0.0,0.0,0,0.0,0.0,0.0,0.0,0.0,0.0,0.0,0.8,1
Nationwide,2024-11,1,@nationwide,12,1,0.083333,0.083333,0.006944389,0.693147,1,0.142857,0.083333,0.006944389,0.013888861,0.0011574,0.083333,0.006944389,0.416667,0
Nationwide,2024-12,1,@nationwide,12,0,0.0,0.0,0.0,0.0,0,0.0,0.0,0.0,0.0,0.0,0.0,0.0,0.666667,1
Nationwide,2025-01,1,@nationwide,11,0,0.0,0.0,0.0,0.0,0,0.0,0.0,0.0,0.0,0.0,0.0,0.0,0.363636,0
Nationwide,2025-02,1,@nationwide,46,0,0.0,0.0,0.0,0.0,0,0.0,0.0,0.0,0.0,0.0,0.0,0.0,0.652174,1
Nationwide,2025-03,1,@nationwide,4,0,0.0,0.0,0.0,0.0,0,0.0,0.0,0.0,0.0,0.0,0.0,0.0,0.75,1
Nationwide,2025-04,1,@nationwide,7,0,0.0,0.0,0.0,0.0,0,0.0,0.0,0.0,0.0,0.0,0.0,0.0,0.714286,1
Nationwide,2025-05,1,@nationwide,8,0,0.0,0.0,0.0,0.0,0,0.0,0.0,0.0,0.0,0.0,0.0,0.0,0.625,1
Nationwide,2025-06,1,@nationwide,1,0,0.0,0.0,0.0,0.0,0,,0.0,0.0,0.0,0.0,0.0,0.0,1.0,1
Nationwide,2025-07,1,@nationwide,2,0,0.0,0.0,0.0,0.0,0,0.0,0.0,0.0,0.0,0.0,0.0,0.0,0.0,0
Nationwide,2025-09,1,@nationwide,11,0,0.0,0.0,0.0,0.0,0,0.0,0.0,0.0,0.0,0.0,0.0,0.0,0.272727,0
Nationwide,2025-10,1,@nationwide,6,0,0.0,0.0,0.0,0.0,0,0.0,0.0,0.0,0.0,0.0,0.0,0.0,0.5,1
Nationwide,2025-11,1,@nationwide,6,0,0.0,0.0,0.0,0.0,0,0.0,0.0,0.0,0.0,0.0,0.0,0.0,0.5,1
Nationwide,2025-12,1,@nationwide,13,0,0.0,0.0,0.0,0.0,0,0.0,0.0,0.0,0.0,0.0,0.0,0.0,0.692308,1
Nationwide,2026-01,1,@nationwide,7,0,0.0,0.0,0.0,0.0,0,0.0,0.0,0.0,0.0,0.0,0.0,0.0,0.571429,1
Nationwide,2026-02,1,@nationwide,23,0,0.0,0.0,0.0,0.0,0,0.0,0.0,0.0,0.0,0.0,0.0,0.0,0.608696,1
Nationwide,2026-03,1,@nationwide,8,0,0.0,0.0,0.0,0.0,0,0.0,0.0,0.0,0.0,0.0,0.0,0.0,0.875,1
Nationwide,2026-04,1,@nationwide,10,0,0.0,0.0,0.0,0.0,0,0.0,0.0,0.0,0.0,0.0,0.0,0.0,0.2,0
Nationwide,2026-06,1,@nationwide,2,0,0.0,0.0,0.0,0.0,0,0.0,0.0,0.0,0.0,0.0,0.0,0.0,0.5,1
New York Life Insurance,2021-07,1,@NewYorkLife,5,0,0.0,0.0,0.0,0.0,0,0.0,0.0,0.0,0.0,0.0,0.0,0.0,0.2,0
New York Life Insurance,2021-08,1,@NewYorkLife,11,0,0.0,0.0,0.0,0.0,0,0.0,0.0,0.0,0.0,0.0,0.0,0.0,0.636364,1
New York Life Insurance,2021-09,1,@NewYorkLife,32,0,0.0,0.0,0.0,0.0,0,0.0,0.0,0.0,0.0,0.0,0.0,0.0,0.59375,1
New York Life Insurance,2021-10,1,@NewYorkLife,21,0,0.0,0.0,0.0,0.0,0,0.0,0.0,0.0,0.0,0.0,0.0,0.0,0.428571,0
New York Life Insurance,2021-11,1,@NewYorkLife,32,0,0.0,0.0,0.0,0.0,0,0.0,0.0,0.0,0.0,0.0,0.0,0.0,0.625,1
New York Life Insurance,2021-12,1,@NewYorkLife,17,0,0.0,0.0,0.0,0.0,0,0.0,0.0,0.0,0.0,0.0,0.0,0.0,0.647059,1
New York Life Insurance,2022-01,1,@NewYorkLife,9,0,0.0,0.0,0.0,0.0,0,0.0,0.0,0.0,0.0,0.0,0.0,0.0,0.555556,1
New York Life Insurance,2022-02,1,@NewYorkLife,23,0,0.0,0.0,0.0,0.0,0,0.0,0.0,0.0,0.0,0.0,0.0,0.0,0.608696,1
New York Life Insurance,2022-03,1,@NewYorkLife,54,1,0.018519,0.018519,0.000342953,0.693147,1,0.032258,0.018519,0.000342953,0.002057665,3.8106e-05,0.018519,0.000342953,0.425926,0
New York Life Insurance,2022-04,1,@NewYorkLife,21,1,0.047619,0.047619,0.002267569,0.693147,1,0.066667,0.047619,0.002267569,0.013605415,0.000647876,0.047619,0.002267569,0.285714,0
New York Life Insurance,2022-05,1,@NewYorkLife,21,0,0.0,0.0,0.0,0.0,0,0.0,0.0,0.0,0.0,0.0,0.0,0.0,0.380952,0
New York Life Insurance,2022-06,1,@NewYorkLife,22,0,0.0,0.0,0.0,0.0,0,0.0,0.0,0.0,0.0,0.0,0.0,0.0,0.363636,0
New York Life Insurance,2022-07,1,@NewYorkLife,9,0,0.0,0.0,0.0,0.0,0,0.0,0.0,0.0,0.0,0.0,0.0,0.0,0.444444,0
New York Life Insurance,2022-08,1,@NewYorkLife,12,0,0.0,0.0,0.0,0.0,0,0.0,0.0,0.0,0.0,0.0,0.0,0.0,0.5,1
New York Life Insurance,2022-09,1,@NewYorkLife,22,0,0.0,0.0,0.0,0.0,0,0.0,0.0,0.0,0.0,0.0,0.0,0.0,0.409091,0
New York Life Insurance,2022-10,1,@NewYorkLife,12,0,0.0,0.0,0.0,0.0,0,0.0,0.0,0.0,0.0,0.0,0.0,0.0,0.333333,0
New York Life Insurance,2022-11,1,@NewYorkLife,15,0,0.0,0.0,0.0,0.0,0,0.0,0.0,0.0,0.0,0.0,0.0,0.0,0.466667,0
New York Life Insurance,2022-12,1,@NewYorkLife,2,0,0.0,0.0,0.0,0.0,0,0.0,0.0,0.0,0.0,0.0,0.0,0.0,0.5,1
New York Life Insurance,2023-02,1,@NewYorkLife,2,0,0.0,0.0,0.0,0.0,0,,0.0,0.0,0.0,0.0,0.0,0.0,1.0,1
New York Life Insurance,2023-03,1,@NewYorkLife,21,0,0.0,0.0,0.0,0.0,0,0.0,0.0,0.0,0.0,0.0,0.0,0.0,0.380952,0
New York Life Insurance,2023-05,1,@NewYorkLife,2,0,0.0,0.0,0.0,0.0,0,,0.0,0.0,0.0,0.0,0.0,0.0,1.0,1
New York Life Insurance,2023-06,1,@NewYorkLife,5,0,0.0,0.0,0.0,0.0,0,0.0,0.0,0.0,0.0,0.0,0.0,0.0,0.4,0
New York Life Insurance,2023-07,1,@NewYorkLife,1,0,0.0,0.0,0.0,0.0,0,,0.0,0.0,0.0,0.0,0.0,0.0,1.0,1
New York Life Insurance,2023-08,1,@NewYorkLife,1,0,0.0,0.0,0.0,0.0,0,,0.0,0.0,0.0,0.0,0.0,0.0,1.0,1
New York Life Insurance,2023-09,1,@NewYorkLife,5,0,0.0,0.0,0.0,0.0,0,0.0,0.0,0.0,0.0,0.0,0.0,0.0,0.8,1
New York Life Insurance,2024-02,1,@NewYorkLife,2,0,0.0,0.0,0.0,0.0,0,0.0,0.0,0.0,0.0,0.0,0.0,0.0,0.5,1
New York Life Insurance,2024-03,1,@NewYorkLife,1,0,0.0,0.0,0.0,0.0,0,,0.0,0.0,0.0,0.0,0.0,0.0,1.0,1
New York Life Insurance,2024-04,1,@NewYorkLife,4,0,0.0,0.0,0.0,0.0,0,,0.0,0.0,0.0,0.0,0.0,0.0,1.0,1
New York Life Insurance,2024-05,1,@NewYorkLife,2,0,0.0,0.0,0.0,0.0,0,0.0,0.0,0.0,0.0,0.0,0.0,0.0,0.5,1
New York Life Insurance,2024-06,1,@NewYorkLife,3,0,0.0,0.0,0.0,0.0,0,0.0,0.0,0.0,0.0,0.0,0.0,0.0,0.333333,0
New York Life Insurance,2024-07,1,@NewYorkLife,13,0,0.0,0.0,0.0,0.0,0,0.0,0.0,0.0,0.0,0.0,0.0,0.0,0.538462,1
New York Life Insurance,2024-08,1,@NewYorkLife,6,0,0.0,0.0,0.0,0.0,0,0.0,0.0,0.0,0.0,0.0,0.0,0.0,0.5,1
New York Life Insurance,2024-09,1,@NewYorkLife,3,0,0.0,0.0,0.0,0.0,0,0.0,0.0,0.0,0.0,0.0,0.0,0.0,0.333333,0
New York Life Insurance,2024-10,1,@NewYorkLife,7,0,0.0,0.0,0.0,0.0,0,0.0,0.0,0.0,0.0,0.0,0.0,0.0,0.571429,1
New York Life Insurance,2024-11,1,@NewYorkLife,2,0,0.0,0.0,0.0,0.0,0,0.0,0.0,0.0,0.0,0.0,0.0,0.0,0.0,0
New York Life Insurance,2025-01,1,@NewYorkLife,1,0,0.0,0.0,0.0,0.0,0,,0.0,0.0,0.0,0.0,0.0,0.0,1.0,1
New York Life Insurance,2025-02,1,@NewYorkLife,1,0,0.0,0.0,0.0,0.0,0,0.0,0.0,0.0,0.0,0.0,0.0,0.0,0.0,0
New York Life Insurance,2025-03,1,@NewYorkLife,4,0,0.0,0.0,0.0,0.0,0,0.0,0.0,0.0,0.0,0.0,0.0,0.0,0.5,1
New York Life Insurance,2025-04,1,@NewYorkLife,3,0,0.0,0.0,0.0,0.0,0,0.0,0.0,0.0,0.0,0.0,0.0,0.0,0.333333,0
New York Life Insurance,2025-06,1,@NewYorkLife,4,0,0.0,0.0,0.0,0.0,0,,0.0,0.0,0.0,0.0,0.0,0.0,1.0,1
New York Life Insurance,2025-08,1,@NewYorkLife,5,0,0.0,0.0,0.0,0.0,0,0.0,0.0,0.0,0.0,0.0,0.0,0.0,0.6,1
New York Life Insurance,2025-09,1,@NewYorkLife,1,0,0.0,0.0,0.0,0.0,0,0.0,0.0,0.0,0.0,0.0,0.0,0.0,0.0,0
New York Life Insurance,2025-11,1,@NewYorkLife,2,0,0.0,0.0,0.0,0.0,0,,0.0,0.0,0.0,0.0,0.0,0.0,1.0,1
New York Life Insurance,2026-02,1,@NewYorkLife,2,0,0.0,0.0,0.0,0.0,0,0.0,0.0,0.0,0.0,0.0,0.0,0.0,0.5,1
New York Life Insurance,2026-05,1,@NewYorkLife,3,0,0.0,0.0,0.0,0.0,0,0.0,0.0,0.0,0.0,0.0,0.0,0.0,0.666667,1
New York Life Insurance,2026-06,1,@NewYorkLife,10,0,0.0,0.0,0.0,0.0,0,0.0,0.0,0.0,0.0,0.0,0.0,0.0,0.4,0
Nike,2024-11,1,@nike,7,0,0.0,0.0,0.0,0.0,0,0.0,0.0,0.0,0.0,0.0,0.0,0.0,0.142857,0
Nike,2024-12,1,@nike,3,0,0.0,0.0,0.0,0.0,0,0.0,0.0,0.0,0.0,0.0,0.0,0.0,0.666667,1
Nike,2025-01,1,@nike,8,0,0.0,0.0,0.0,0.0,0,0.0,0.0,0.0,0.0,0.0,0.0,0.0,0.5,1
Nike,2025-02,1,@nike,21,0,0.0,0.0,0.0,0.0,0,0.0,0.0,0.0,0.0,0.0,0.0,0.0,0.52381,1
Nike,2025-03,1,@nike,1,0,0.0,0.0,0.0,0.0,0,,0.0,0.0,0.0,0.0,0.0,0.0,1.0,1
Nike,2025-04,1,@nike,9,0,0.0,0.0,0.0,0.0,0,0.0,0.0,0.0,0.0,0.0,0.0,0.0,0.555556,1
Nike,2025-05,1,@nike,6,0,0.0,0.0,0.0,0.0,0,0.0,0.0,0.0,0.0,0.0,0.0,0.0,0.333333,0
Nike,2025-06,1,@nike,29,0,0.0,0.0,0.0,0.0,0,0.0,0.0,0.0,0.0,0.0,0.0,0.0,0.551724,1
Nike,2025-07,1,@nike,8,2,0.25,0.25,0.0625,1.098612,1,0.285714,0.25,0.0625,0.0625,0.015625,0.25,0.0625,0.125,0
Nike,2025-08,1,@nike,7,0,0.0,0.0,0.0,0.0,0,0.0,0.0,0.0,0.0,0.0,0.0,0.0,0.285714,0
Nike,2025-09,1,@nike,13,0,0.0,0.0,0.0,0.0,0,0.0,0.0,0.0,0.0,0.0,0.0,0.0,0.461538,0
Nike,2025-10,1,@nike,4,0,0.0,0.0,0.0,0.0,0,0.0,0.0,0.0,0.0,0.0,0.0,0.0,0.0,0
Nike,2025-11,1,@nike,1,0,0.0,0.0,0.0,0.0,0,0.0,0.0,0.0,0.0,0.0,0.0,0.0,0.0,0
Nike,2025-12,1,@nike,3,0,0.0,0.0,0.0,0.0,0,,0.0,0.0,0.0,0.0,0.0,0.0,1.0,1
Nike,2026-01,1,@nike,3,0,0.0,0.0,0.0,0.0,0,,0.0,0.0,0.0,0.0,0.0,0.0,1.0,1
Nike,2026-02,1,@nike,13,0,0.0,0.0,0.0,0.0,0,0.0,0.0,0.0,0.0,0.0,0.0,0.0,0.384615,0
Nike,2026-03,1,@nike,3,0,0.0,0.0,0.0,0.0,0,0.0,0.0,0.0,0.0,0.0,0.0,0.0,0.333333,0
Nike,2026-04,1,@nike,11,0,0.0,0.0,0.0,0.0,0,0.0,0.0,0.0,0.0,0.0,0.0,0.0,0.181818,0
Nike,2026-05,1,@nike,26,0,0.0,0.0,0.0,0.0,0,0.0,0.0,0.0,0.0,0.0,0.0,0.0,0.346154,0
Nike,2026-06,1,@nike,16,0,0.0,0.0,0.0,0.0,0,0.0,0.0,0.0,0.0,0.0,0.0,0.0,0.625,1
Nvidia,2016-08,1,@nvidia,1,0,0.0,0.0,0.0,0.0,0,,0.0,0.0,0.0,0.0,0.0,0.0,1.0,1
Nvidia,2025-05,1,@nvidia,1,0,0.0,0.0,0.0,0.0,0,,0.0,0.0,0.0,0.0,0.0,0.0,1.0,1
Nvidia,2025-06,1,@nvidia,64,0,0.0,0.0,0.0,0.0,0,0.0,0.0,0.0,0.0,0.0,0.0,0.0,0.53125,1
Nvidia,2025-07,1,@nvidia,57,0,0.0,0.0,0.0,0.0,0,0.0,0.0,0.0,0.0,0.0,0.0,0.0,0.526316,1
Nvidia,2025-08,1,@nvidia,57,0,0.0,0.0,0.0,0.0,0,0.0,0.0,0.0,0.0,0.0,0.0,0.0,0.491228,0
Nvidia,2025-09,1,@nvidia,48,0,0.0,0.0,0.0,0.0,0,0.0,0.0,0.0,0.0,0.0,0.0,0.0,0.5,1
Nvidia,2025-10,1,@nvidia,66,0,0.0,0.0,0.0,0.0,0,0.0,0.0,0.0,0.0,0.0,0.0,0.0,0.606061,1
Nvidia,2025-11,1,@nvidia,62,0,0.0,0.0,0.0,0.0,0,0.0,0.0,0.0,0.0,0.0,0.0,0.0,0.516129,1
Nvidia,2025-12,1,@nvidia,75,0,0.0,0.0,0.0,0.0,0,0.0,0.0,0.0,0.0,0.0,0.0,0.0,0.373333,0
Nvidia,2026-01,1,@nvidia,101,0,0.0,0.0,0.0,0.0,0,0.0,0.0,0.0,0.0,0.0,0.0,0.0,0.524752,1
Nvidia,2026-02,1,@nvidia,59,0,0.0,0.0,0.0,0.0,0,0.0,0.0,0.0,0.0,0.0,0.0,0.0,0.508475,1
Nvidia,2026-03,1,@nvidia,140,0,0.0,0.0,0.0,0.0,0,0.0,0.0,0.0,0.0,0.0,0.0,0.0,0.507143,1
Nvidia,2026-04,1,@nvidia,100,0,0.0,0.0,0.0,0.0,0,0.0,0.01,0.0001,0.0,0.0,0.0,0.0,0.41,0
Nvidia,2026-05,1,@nvidia,130,0,0.0,0.0,0.0,0.0,0,0.0,0.0,0.0,0.0,0.0,0.0,0.0,0.492308,0
Nvidia,2026-06,1,@nvidia,161,0,0.0,0.0,0.0,0.0,0,0.0,0.0,0.0,0.0,0.0,0.0,0.0,0.465839,0
Oracle,2024-07,1,@oracle,22,0,0.0,0.0,0.0,0.0,0,0.0,0.0,0.0,0.0,0.0,0.0,0.0,0.545455,1
Oracle,2024-08,1,@oracle,55,0,0.0,0.0,0.0,0.0,0,0.0,0.0,0.0,0.0,0.0,0.0,0.0,0.327273,0
Oracle,2024-09,1,@oracle,64,0,0.0,0.0,0.0,0.0,0,0.0,0.0,0.0,0.0,0.0,0.0,0.0,0.453125,0
Oracle,2024-10,1,@oracle,37,0,0.0,0.0,0.0,0.0,0,0.0,0.0,0.0,0.0,0.0,0.0,0.0,0.648649,1
Oracle,2024-11,1,@oracle,32,0,0.0,0.0,0.0,0.0,0,0.0,0.0,0.0,0.0,0.0,0.0,0.0,0.46875,0
Oracle,2024-12,1,@oracle,70,0,0.0,0.0,0.0,0.0,0,0.0,0.014286,0.00020409,0.0,0.0,0.0,0.0,0.471429,0
Oracle,2025-01,1,@oracle,36,0,0.0,0.0,0.0,0.0,0,0.0,0.0,0.0,0.0,0.0,0.0,0.0,0.472222,0
Oracle,2025-02,1,@oracle,30,0,0.0,0.0,0.0,0.0,0,0.0,0.033333,0.001111089,0.0,0.0,0.0,0.0,0.433333,0
Oracle,2025-03,1,@oracle,48,0,0.0,0.0,0.0,0.0,0,0.0,0.0,0.0,0.0,0.0,0.0,0.0,0.375,0
Oracle,2025-04,1,@oracle,33,0,0.0,0.0,0.0,0.0,0,0.0,0.0,0.0,0.0,0.0,0.0,0.0,0.424242,0
Oracle,2025-05,1,@oracle,37,0,0.0,0.0,0.0,0.0,0,0.0,0.0,0.0,0.0,0.0,0.0,0.0,0.513514,1
Oracle,2025-06,1,@oracle,51,0,0.0,0.0,0.0,0.0,0,0.0,0.0,0.0,0.0,0.0,0.0,0.0,0.392157,0
Oracle,2025-07,1,@oracle,32,0,0.0,0.0,0.0,0.0,0,0.0,0.0,0.0,0.0,0.0,0.0,0.0,0.4375,0
Oracle,2025-08,1,@oracle,41,0,0.0,0.0,0.0,0.0,0,0.0,0.0,0.0,0.0,0.0,0.0,0.0,0.487805,0
Oracle,2025-09,1,@oracle,30,0,0.0,0.0,0.0,0.0,0,0.0,0.0,0.0,0.0,0.0,0.0,0.0,0.366667,0
Oracle,2025-10,1,@oracle,72,0,0.0,0.0,0.0,0.0,0,0.0,0.0,0.0,0.0,0.0,0.0,0.0,0.486111,0
Oracle,2025-11,1,@oracle,19,0,0.0,0.0,0.0,0.0,0,0.0,0.0,0.0,0.0,0.0,0.0,0.0,0.368421,0
Oracle,2025-12,1,@oracle,28,0,0.0,0.0,0.0,0.0,0,0.0,0.0,0.0,0.0,0.0,0.0,0.0,0.464286,0
Oracle,2026-01,1,@oracle,35,0,0.0,0.0,0.0,0.0,0,0.0,0.0,0.0,0.0,0.0,0.0,0.0,0.571429,1
Oracle,2026-02,1,@oracle,32,0,0.0,0.0,0.0,0.0,0,0.0,0.0,0.0,0.0,0.0,0.0,0.0,0.53125,1
Oracle,2026-03,1,@oracle,41,0,0.0,0.0,0.0,0.0,0,0.0,0.0,0.0,0.0,0.0,0.0,0.0,0.512195,1
Oracle,2026-04,1,@oracle,26,0,0.0,0.0,0.0,0.0,0,0.0,0.0,0.0,0.0,0.0,0.0,0.0,0.423077,0
Oracle,2026-05,1,@oracle,23,0,0.0,0.0,0.0,0.0,0,0.0,0.0,0.0,0.0,0.0,0.0,0.0,0.434783,0
Oracle,2026-06,1,@oracle,15,0,0.0,0.0,0.0,0.0,0,0.0,0.066667,0.004444489,0.0,0.0,0.0,0.0,0.466667,0
PepsiCo,2020-12,1,@pepsico,3,0,0.0,0.0,0.0,0.0,0,0.0,0.0,0.0,0.0,0.0,0.0,0.0,0.666667,1
PepsiCo,2021-01,1,@pepsico,20,0,0.0,0.0,0.0,0.0,0,0.0,0.0,0.0,0.0,0.0,0.0,0.0,0.5,1
PepsiCo,2021-02,1,@pepsico,33,0,0.0,0.0,0.0,0.0,0,0.0,0.0,0.0,0.0,0.0,0.0,0.0,0.454545,0
PepsiCo,2021-03,1,@pepsico,24,0,0.0,0.0,0.0,0.0,0,0.0,0.0,0.0,0.0,0.0,0.0,0.0,0.416667,0
PepsiCo,2021-04,1,@pepsico,32,1,0.03125,0.03125,0.000976562,0.693147,1,0.055556,0.0625,0.00390625,0.006835938,0.000213623,0.03125,0.000976562,0.4375,0
PepsiCo,2021-05,1,@pepsico,20,0,0.0,0.0,0.0,0.0,0,0.0,0.0,0.0,0.0,0.0,0.0,0.0,0.7,1
PepsiCo,2021-06,1,@pepsico,28,0,0.0,0.0,0.0,0.0,0,0.0,0.0,0.0,0.0,0.0,0.0,0.0,0.357143,0
PepsiCo,2021-07,1,@pepsico,33,1,0.030303,0.030303,0.000918272,0.693147,1,0.045455,0.030303,0.000918272,0.006427903,0.000194785,0.030303,0.000918272,0.333333,0
PepsiCo,2021-08,1,@pepsico,22,0,0.0,0.0,0.0,0.0,0,0.0,0.0,0.0,0.0,0.0,0.0,0.0,0.772727,1
PepsiCo,2021-09,1,@pepsico,25,1,0.04,0.04,0.0016,0.693147,1,0.066667,0.04,0.0016,0.0144,0.000576,0.04,0.0016,0.4,0
PepsiCo,2021-10,1,@pepsico,44,1,0.022727,0.022727,0.000516517,0.693147,1,0.055556,0.022727,0.000516517,0.004132178,9.3912e-05,0.022727,0.000516517,0.590909,1
PepsiCo,2021-11,1,@pepsico,24,1,0.041667,0.041667,0.001736139,0.693147,1,0.090909,0.041667,0.001736139,0.005208375,0.000217017,0.041667,0.001736139,0.541667,1
PepsiCo,2021-12,1,@pepsico,26,0,0.0,0.0,0.0,0.0,0,0.0,0.0,0.0,0.0,0.0,0.0,0.0,0.653846,1
PepsiCo,2022-01,1,@pepsico,22,0,0.0,0.0,0.0,0.0,0,0.0,0.0,0.0,0.0,0.0,0.0,0.0,0.590909,1
PepsiCo,2022-02,1,@pepsico,28,0,0.0,0.0,0.0,0.0,0,0.0,0.0,0.0,0.0,0.0,0.0,0.0,0.464286,0
PepsiCo,2022-03,1,@pepsico,16,0,0.0,0.0,0.0,0.0,0,0.0,0.0,0.0,0.0,0.0,0.0,0.0,0.5,1
PepsiCo,2022-04,1,@pepsico,22,0,0.0,0.0,0.0,0.0,0,0.0,0.0,0.0,0.0,0.0,0.0,0.0,0.5,1
PepsiCo,2022-05,1,@pepsico,21,0,0.0,0.0,0.0,0.0,0,0.0,0.0,0.0,0.0,0.0,0.0,0.0,0.619048,1
PepsiCo,2022-06,1,@pepsico,19,0,0.0,0.0,0.0,0.0,0,0.0,0.0,0.0,0.0,0.0,0.0,0.0,0.684211,1
PepsiCo,2022-07,1,@pepsico,29,0,0.0,0.0,0.0,0.0,0,0.0,0.0,0.0,0.0,0.0,0.0,0.0,0.37931,0
PepsiCo,2022-08,1,@pepsico,19,0,0.0,0.0,0.0,0.0,0,0.0,0.0,0.0,0.0,0.0,0.0,0.0,0.789474,1
PepsiCo,2022-09,1,@pepsico,22,1,0.045455,0.045455,0.002066157,0.693147,1,0.111111,0.045455,0.002066157,0.014462963,0.000657414,0.045455,0.002066157,0.590909,1
PepsiCo,2022-10,1,@pepsico,31,0,0.0,0.0,0.0,0.0,0,0.0,0.0,0.0,0.0,0.0,0.0,0.0,0.548387,1
PepsiCo,2022-11,1,@pepsico,27,0,0.0,0.0,0.0,0.0,0,0.0,0.0,0.0,0.0,0.0,0.0,0.0,0.592593,1
PepsiCo,2022-12,1,@pepsico,29,0,0.0,0.0,0.0,0.0,0,0.0,0.0,0.0,0.0,0.0,0.0,0.0,0.62069,1
PepsiCo,2023-01,1,@pepsico,18,0,0.0,0.0,0.0,0.0,0,0.0,0.0,0.0,0.0,0.0,0.0,0.0,0.777778,1
PepsiCo,2023-02,1,@pepsico,25,0,0.0,0.0,0.0,0.0,0,0.0,0.0,0.0,0.0,0.0,0.0,0.0,0.32,0
PepsiCo,2023-03,1,@pepsico,25,1,0.04,0.04,0.0016,0.693147,1,0.066667,0.04,0.0016,0.0144,0.000576,0.04,0.0016,0.4,0
PepsiCo,2023-04,1,@pepsico,22,0,0.0,0.0,0.0,0.0,0,0.0,0.0,0.0,0.0,0.0,0.0,0.0,0.454545,0
PepsiCo,2023-05,1,@pepsico,20,0,0.0,0.0,0.0,0.0,0,0.0,0.0,0.0,0.0,0.0,0.0,0.0,0.55,1
PepsiCo,2023-06,1,@pepsico,19,0,0.0,0.0,0.0,0.0,0,0.0,0.0,0.0,0.0,0.0,0.0,0.0,0.631579,1
PepsiCo,2023-07,1,@pepsico,20,0,0.0,0.0,0.0,0.0,0,0.0,0.0,0.0,0.0,0.0,0.0,0.0,0.45,0
PepsiCo,2023-08,1,@pepsico,17,0,0.0,0.0,0.0,0.0,0,0.0,0.0,0.0,0.0,0.0,0.0,0.0,0.588235,1
PepsiCo,2023-09,1,@pepsico,10,0,0.0,0.0,0.0,0.0,0,0.0,0.0,0.0,0.0,0.0,0.0,0.0,0.4,0
PepsiCo,2023-10,1,@pepsico,11,0,0.0,0.0,0.0,0.0,0,0.0,0.0,0.0,0.0,0.0,0.0,0.0,0.545455,1
PepsiCo,2025-02,1,@pepsico,1,0,0.0,0.0,0.0,0.0,0,0.0,0.0,0.0,0.0,0.0,0.0,0.0,0.0,0
PepsiCo,2025-04,1,@pepsico,1,0,0.0,0.0,0.0,0.0,0,0.0,0.0,0.0,0.0,0.0,0.0,0.0,0.0,0
PepsiCo,2025-07,1,@pepsico,1,0,0.0,0.0,0.0,0.0,0,0.0,0.0,0.0,0.0,0.0,0.0,0.0,0.0,0
PepsiCo,2025-09,1,@pepsico,3,0,0.0,0.0,0.0,0.0,0,0.0,0.0,0.0,0.0,0.0,0.0,0.0,0.666667,1
PepsiCo,2025-10,1,@pepsico,1,0,0.0,0.0,0.0,0.0,0,0.0,0.0,0.0,0.0,0.0,0.0,0.0,0.0,0
PepsiCo,2025-12,1,@pepsico,2,0,0.0,0.0,0.0,0.0,0,,0.0,0.0,0.0,0.0,0.0,0.0,1.0,1
PepsiCo,2026-02,1,@pepsico,1,0,0.0,0.0,0.0,0.0,0,0.0,0.0,0.0,0.0,0.0,0.0,0.0,0.0,0
PepsiCo,2026-04,1,@pepsico,1,0,0.0,0.0,0.0,0.0,0,0.0,0.0,0.0,0.0,0.0,0.0,0.0,0.0,0
Performance Food Group,2015-07,1,@PFGCareers,1,0,0.0,0.0,0.0,0.0,0,,0.0,0.0,0.0,0.0,0.0,0.0,1.0,1
Performance Food Group,2015-10,1,@PFGCareers,2,0,0.0,0.0,0.0,0.0,0,0.0,0.0,0.0,0.0,0.0,0.0,0.0,0.5,1
Pfizer,2022-05,1,@pfizer,26,0,0.0,0.0,0.0,0.0,0,0.0,0.0,0.0,0.0,0.0,0.0,0.0,0.461538,0
Pfizer,2022-06,1,@pfizer,49,0,0.0,0.0,0.0,0.0,0,0.0,0.0,0.0,0.0,0.0,0.0,0.0,0.489796,0
Pfizer,2022-07,1,@pfizer,23,0,0.0,0.0,0.0,0.0,0,0.0,0.0,0.0,0.0,0.0,0.0,0.0,0.347826,0
Pfizer,2022-08,1,@pfizer,29,0,0.0,0.0,0.0,0.0,0,0.0,0.034483,0.001189077,0.0,0.0,0.0,0.0,0.551724,1
Pfizer,2022-09,1,@pfizer,55,0,0.0,0.0,0.0,0.0,0,0.0,0.0,0.0,0.0,0.0,0.0,0.0,0.418182,0
Pfizer,2022-10,1,@pfizer,72,1,0.013889,0.013889,0.000192904,0.693147,1,0.027778,0.013889,0.000192904,0.002507742,3.483e-05,0.013889,0.000192904,0.5,1
Pfizer,2022-11,1,@pfizer,32,0,0.0,0.0,0.0,0.0,0,0.0,0.0,0.0,0.0,0.0,0.0,0.0,0.4375,0
Pfizer,2022-12,1,@pfizer,12,0,0.0,0.0,0.0,0.0,0,0.0,0.0,0.0,0.0,0.0,0.0,0.0,0.75,1
Pfizer,2023-01,1,@pfizer,2,0,0.0,0.0,0.0,0.0,0,,0.0,0.0,0.0,0.0,0.0,0.0,1.0,1
Pfizer,2023-02,1,@pfizer,2,0,0.0,0.0,0.0,0.0,0,,0.0,0.0,0.0,0.0,0.0,0.0,1.0,1
Pfizer,2023-03,1,@pfizer,6,0,0.0,0.0,0.0,0.0,0,0.0,0.0,0.0,0.0,0.0,0.0,0.0,0.5,1
Pfizer,2023-04,1,@pfizer,4,0,0.0,0.0,0.0,0.0,0,0.0,0.0,0.0,0.0,0.0,0.0,0.0,0.5,1
Pfizer,2023-05,1,@pfizer,4,0,0.0,0.0,0.0,0.0,0,0.0,0.0,0.0,0.0,0.0,0.0,0.0,0.0,0
Pfizer,2023-06,1,@pfizer,1,0,0.0,0.0,0.0,0.0,0,,0.0,0.0,0.0,0.0,0.0,0.0,1.0,1
Pfizer,2023-07,1,@pfizer,4,0,0.0,0.0,0.0,0.0,0,0.0,0.0,0.0,0.0,0.0,0.0,0.0,0.75,1
Pfizer,2023-09,1,@pfizer,5,0,0.0,0.0,0.0,0.0,0,0.0,0.0,0.0,0.0,0.0,0.0,0.0,0.4,0
Pfizer,2023-10,1,@pfizer,1,0,0.0,0.0,0.0,0.0,0,,0.0,0.0,0.0,0.0,0.0,0.0,1.0,1
Pfizer,2024-03,1,@pfizer,1,0,0.0,0.0,0.0,0.0,0,0.0,0.0,0.0,0.0,0.0,0.0,0.0,0.0,0
Pfizer,2024-04,1,@pfizer,5,0,0.0,0.0,0.0,0.0,0,0.0,0.0,0.0,0.0,0.0,0.0,0.0,0.8,1
Pfizer,2024-05,1,@pfizer,1,0,0.0,0.0,0.0,0.0,0,0.0,0.0,0.0,0.0,0.0,0.0,0.0,0.0,0
Pfizer,2024-08,1,@pfizer,2,0,0.0,0.0,0.0,0.0,0,0.0,0.0,0.0,0.0,0.0,0.0,0.0,0.5,1
Pfizer,2024-09,1,@pfizer,1,0,0.0,0.0,0.0,0.0,0,,0.0,0.0,0.0,0.0,0.0,0.0,1.0,1
Pfizer,2024-10,1,@pfizer,1,0,0.0,0.0,0.0,0.0,0,,0.0,0.0,0.0,0.0,0.0,0.0,1.0,1
Pfizer,2025-02,1,@pfizer,3,0,0.0,0.0,0.0,0.0,0,0.0,0.0,0.0,0.0,0.0,0.0,0.0,0.666667,1
Pfizer,2025-03,1,@pfizer,3,0,0.0,0.0,0.0,0.0,0,0.0,0.0,0.0,0.0,0.0,0.0,0.0,0.666667,1
Pfizer,2025-04,1,@pfizer,5,0,0.0,0.0,0.0,0.0,0,0.0,0.0,0.0,0.0,0.0,0.0,0.0,0.4,0
Pfizer,2025-05,1,@pfizer,2,0,0.0,0.0,0.0,0.0,0,0.0,0.0,0.0,0.0,0.0,0.0,0.0,0.5,1
Pfizer,2025-06,1,@pfizer,2,0,0.0,0.0,0.0,0.0,0,0.0,0.0,0.0,0.0,0.0,0.0,0.0,0.5,1
Pfizer,2025-07,1,@pfizer,2,0,0.0,0.0,0.0,0.0,0,0.0,0.0,0.0,0.0,0.0,0.0,0.0,0.0,0
Pfizer,2025-08,1,@pfizer,2,0,0.0,0.0,0.0,0.0,0,0.0,0.0,0.0,0.0,0.0,0.0,0.0,0.5,1
Pfizer,2025-09,1,@pfizer,2,0,0.0,0.0,0.0,0.0,0,,0.0,0.0,0.0,0.0,0.0,0.0,1.0,1
Pfizer,2025-10,1,@pfizer,2,0,0.0,0.0,0.0,0.0,0,0.0,0.0,0.0,0.0,0.0,0.0,0.0,0.5,1
Pfizer,2025-12,1,@pfizer,1,0,0.0,0.0,0.0,0.0,0,0.0,0.0,0.0,0.0,0.0,0.0,0.0,0.0,0
Pfizer,2026-01,1,@pfizer,4,0,0.0,0.0,0.0,0.0,0,0.0,0.0,0.0,0.0,0.0,0.0,0.0,0.75,1
Pfizer,2026-02,1,@pfizer,2,0,0.0,0.0,0.0,0.0,0,,0.0,0.0,0.0,0.0,0.0,0.0,1.0,1
Pfizer,2026-03,1,@pfizer,5,0,0.0,0.0,0.0,0.0,0,0.0,0.0,0.0,0.0,0.0,0.0,0.0,0.4,0
Pfizer,2026-04,1,@pfizer,4,0,0.0,0.0,0.0,0.0,0,0.0,0.0,0.0,0.0,0.0,0.0,0.0,0.5,1
Pfizer,2026-05,1,@pfizer,4,0,0.0,0.0,0.0,0.0,0,0.0,0.0,0.0,0.0,0.0,0.0,0.0,0.25,0
Pfizer,2026-06,1,@pfizer,2,0,0.0,0.0,0.0,0.0,0,0.0,0.0,0.0,0.0,0.0,0.0,0.0,0.5,1
Phillips 66,2020-04,1,@Phillips66co,1,0,0.0,0.0,0.0,0.0,0,,0.0,0.0,0.0,0.0,0.0,0.0,1.0,1
Phillips 66,2020-05,1,@Phillips66co,21,0,0.0,0.0,0.0,0.0,0,0.0,0.0,0.0,0.0,0.0,0.0,0.0,0.666667,1
Phillips 66,2020-06,1,@Phillips66co,12,0,0.0,0.0,0.0,0.0,0,0.0,0.0,0.0,0.0,0.0,0.0,0.0,0.333333,0
Phillips 66,2020-07,1,@Phillips66co,24,0,0.0,0.0,0.0,0.0,0,0.0,0.0,0.0,0.0,0.0,0.0,0.0,0.375,0
Phillips 66,2020-08,1,@Phillips66co,17,0,0.0,0.0,0.0,0.0,0,0.0,0.0,0.0,0.0,0.0,0.0,0.0,0.705882,1
Phillips 66,2020-09,1,@Phillips66co,18,0,0.0,0.0,0.0,0.0,0,0.0,0.0,0.0,0.0,0.0,0.0,0.0,0.333333,0
Phillips 66,2020-10,1,@Phillips66co,61,0,0.0,0.0,0.0,0.0,0,0.0,0.0,0.0,0.0,0.0,0.0,0.0,0.42623,0
Phillips 66,2020-11,1,@Phillips66co,49,0,0.0,0.0,0.0,0.0,0,0.0,0.0,0.0,0.0,0.0,0.0,0.0,0.387755,0
Phillips 66,2020-12,1,@Phillips66co,43,0,0.0,0.0,0.0,0.0,0,0.0,0.0,0.0,0.0,0.0,0.0,0.0,0.395349,0
Phillips 66,2021-01,1,@Phillips66co,46,0,0.0,0.0,0.0,0.0,0,0.0,0.0,0.0,0.0,0.0,0.0,0.0,0.478261,0
Phillips 66,2021-02,1,@Phillips66co,23,0,0.0,0.0,0.0,0.0,0,0.0,0.0,0.0,0.0,0.0,0.0,0.0,0.434783,0
Phillips 66,2021-03,1,@Phillips66co,34,0,0.0,0.0,0.0,0.0,0,0.0,0.0,0.0,0.0,0.0,0.0,0.0,0.470588,0
Phillips 66,2021-04,1,@Phillips66co,57,0,0.0,0.0,0.0,0.0,0,0.0,0.017544,0.000307792,0.0,0.0,0.0,0.0,0.473684,0
Phillips 66,2021-05,1,@Phillips66co,23,0,0.0,0.0,0.0,0.0,0,0.0,0.0,0.0,0.0,0.0,0.0,0.0,0.565217,1
Phillips 66,2021-06,1,@Phillips66co,31,0,0.0,0.0,0.0,0.0,0,0.0,0.0,0.0,0.0,0.0,0.0,0.0,0.483871,0
Phillips 66,2021-07,1,@Phillips66co,9,0,0.0,0.0,0.0,0.0,0,0.0,0.0,0.0,0.0,0.0,0.0,0.0,0.555556,1
Phillips 66,2021-08,1,@Phillips66co,13,0,0.0,0.0,0.0,0.0,0,0.0,0.0,0.0,0.0,0.0,0.0,0.0,0.307692,0
Phillips 66,2021-09,1,@Phillips66co,17,0,0.0,0.0,0.0,0.0,0,0.0,0.0,0.0,0.0,0.0,0.0,0.0,0.470588,0
Phillips 66,2021-10,1,@Phillips66co,21,0,0.0,0.0,0.0,0.0,0,0.0,0.0,0.0,0.0,0.0,0.0,0.0,0.285714,0
Phillips 66,2021-11,1,@Phillips66co,19,0,0.0,0.0,0.0,0.0,0,0.0,0.0,0.0,0.0,0.0,0.0,0.0,0.631579,1
Phillips 66,2021-12,1,@Phillips66co,10,0,0.0,0.0,0.0,0.0,0,0.0,0.0,0.0,0.0,0.0,0.0,0.0,0.3,0
Phillips 66,2022-01,1,@Phillips66co,9,0,0.0,0.0,0.0,0.0,0,0.0,0.0,0.0,0.0,0.0,0.0,0.0,0.555556,1
Phillips 66,2022-02,1,@Phillips66co,10,0,0.0,0.0,0.0,0.0,0,0.0,0.0,0.0,0.0,0.0,0.0,0.0,0.5,1
Phillips 66,2022-03,1,@Phillips66co,12,1,0.083333,0.083333,0.006944389,0.693147,1,0.142857,0.083333,0.006944389,0.027777639,0.002314794,0.083333,0.006944389,0.416667,0
Phillips 66,2022-04,1,@Phillips66co,19,0,0.0,0.0,0.0,0.0,0,0.0,0.0,0.0,0.0,0.0,0.0,0.0,0.368421,0
Phillips 66,2022-05,1,@Phillips66co,13,0,0.0,0.0,0.0,0.0,0,0.0,0.0,0.0,0.0,0.0,0.0,0.0,0.538462,1
Phillips 66,2022-06,1,@Phillips66co,17,0,0.0,0.0,0.0,0.0,0,0.0,0.0,0.0,0.0,0.0,0.0,0.0,0.529412,1
Phillips 66,2022-07,1,@Phillips66co,16,0,0.0,0.0,0.0,0.0,0,0.0,0.0,0.0,0.0,0.0,0.0,0.0,0.3125,0
Phillips 66,2022-08,1,@Phillips66co,11,0,0.0,0.0,0.0,0.0,0,0.0,0.0,0.0,0.0,0.0,0.0,0.0,0.454545,0
Phillips 66,2022-09,1,@Phillips66co,9,0,0.0,0.0,0.0,0.0,0,0.0,0.0,0.0,0.0,0.0,0.0,0.0,0.333333,0
Phillips 66,2022-10,1,@Phillips66co,12,0,0.0,0.0,0.0,0.0,0,0.0,0.0,0.0,0.0,0.0,0.0,0.0,0.416667,0
Phillips 66,2022-11,1,@Phillips66co,4,0,0.0,0.0,0.0,0.0,0,0.0,0.0,0.0,0.0,0.0,0.0,0.0,0.25,0
Phillips 66,2025-04,1,@Phillips66co,2,0,0.0,0.0,0.0,0.0,0,0.0,0.0,0.0,0.0,0.0,0.0,0.0,0.5,1
Procter & Gamble,2022-09,1,@ProcterGamble,23,0,0.0,0.0,0.0,0.0,0,0.0,0.0,0.0,0.0,0.0,0.0,0.0,0.608696,1
Procter & Gamble,2022-10,1,@ProcterGamble,128,0,0.0,0.0,0.0,0.0,0,0.0,0.0,0.0,0.0,0.0,0.0,0.0,0.554688,1
Procter & Gamble,2022-11,1,@ProcterGamble,29,0,0.0,0.0,0.0,0.0,0,0.0,0.0,0.0,0.0,0.0,0.0,0.0,0.551724,1
Procter & Gamble,2022-12,1,@ProcterGamble,5,0,0.0,0.0,0.0,0.0,0,0.0,0.0,0.0,0.0,0.0,0.0,0.0,0.4,0
Procter & Gamble,2023-01,1,@ProcterGamble,10,0,0.0,0.0,0.0,0.0,0,0.0,0.0,0.0,0.0,0.0,0.0,0.0,0.4,0
Procter & Gamble,2023-02,1,@ProcterGamble,4,0,0.0,0.0,0.0,0.0,0,0.0,0.0,0.0,0.0,0.0,0.0,0.0,0.75,1
Procter & Gamble,2023-03,1,@ProcterGamble,20,0,0.0,0.0,0.0,0.0,0,0.0,0.0,0.0,0.0,0.0,0.0,0.0,0.5,1
Procter & Gamble,2023-04,1,@ProcterGamble,10,0,0.0,0.0,0.0,0.0,0,0.0,0.0,0.0,0.0,0.0,0.0,0.0,0.5,1
Procter & Gamble,2023-05,1,@ProcterGamble,6,0,0.0,0.0,0.0,0.0,0,0.0,0.0,0.0,0.0,0.0,0.0,0.0,0.5,1
Procter & Gamble,2023-06,1,@ProcterGamble,1,0,0.0,0.0,0.0,0.0,0,,0.0,0.0,0.0,0.0,0.0,0.0,1.0,1
Procter & Gamble,2023-07,1,@ProcterGamble,9,0,0.0,0.0,0.0,0.0,0,0.0,0.0,0.0,0.0,0.0,0.0,0.0,0.666667,1
Procter & Gamble,2023-08,1,@ProcterGamble,11,0,0.0,0.0,0.0,0.0,0,0.0,0.0,0.0,0.0,0.0,0.0,0.0,0.636364,1
Procter & Gamble,2023-09,1,@ProcterGamble,8,0,0.0,0.0,0.0,0.0,0,0.0,0.0,0.0,0.0,0.0,0.0,0.0,0.75,1
Procter & Gamble,2023-10,1,@ProcterGamble,4,0,0.0,0.0,0.0,0.0,0,0.0,0.0,0.0,0.0,0.0,0.0,0.0,0.5,1
Progressive,2024-03,1,@progressive,2,0,0.0,0.0,0.0,0.0,0,0.0,0.0,0.0,0.0,0.0,0.0,0.0,0.0,0
Progressive,2024-04,1,@progressive,31,0,0.0,0.0,0.0,0.0,0,0.0,0.0,0.0,0.0,0.0,0.0,0.0,0.741935,1
Progressive,2024-05,1,@progressive,12,0,0.0,0.0,0.0,0.0,0,0.0,0.0,0.0,0.0,0.0,0.0,0.0,0.416667,0
Progressive,2024-06,1,@progressive,8,0,0.0,0.0,0.0,0.0,0,0.0,0.0,0.0,0.0,0.0,0.0,0.0,0.25,0
Progressive,2024-07,1,@progressive,9,0,0.0,0.0,0.0,0.0,0,0.0,0.0,0.0,0.0,0.0,0.0,0.0,0.555556,1
Progressive,2024-08,1,@progressive,5,0,0.0,0.0,0.0,0.0,0,0.0,0.0,0.0,0.0,0.0,0.0,0.0,0.6,1
Progressive,2024-09,1,@progressive,8,0,0.0,0.0,0.0,0.0,0,0.0,0.0,0.0,0.0,0.0,0.0,0.0,0.625,1
Progressive,2024-10,1,@progressive,10,0,0.0,0.0,0.0,0.0,0,0.0,0.0,0.0,0.0,0.0,0.0,0.0,0.5,1
Progressive,2024-11,1,@progressive,5,0,0.0,0.0,0.0,0.0,0,0.0,0.0,0.0,0.0,0.0,0.0,0.0,0.4,0
Progressive,2024-12,1,@progressive,3,0,0.0,0.0,0.0,0.0,0,0.0,0.0,0.0,0.0,0.0,0.0,0.0,0.333333,0
Progressive,2025-02,1,@progressive,34,0,0.0,0.0,0.0,0.0,0,0.0,0.0,0.0,0.0,0.0,0.0,0.0,0.470588,0
Progressive,2025-03,1,@progressive,1,0,0.0,0.0,0.0,0.0,0,,0.0,0.0,0.0,0.0,0.0,0.0,1.0,1
Progressive,2025-04,1,@progressive,3,0,0.0,0.0,0.0,0.0,0,0.0,0.0,0.0,0.0,0.0,0.0,0.0,0.333333,0
Progressive,2025-06,1,@progressive,4,0,0.0,0.0,0.0,0.0,0,0.0,0.0,0.0,0.0,0.0,0.0,0.0,0.25,0
Progressive,2025-07,1,@progressive,3,0,0.0,0.0,0.0,0.0,0,0.0,0.0,0.0,0.0,0.0,0.0,0.0,0.666667,1
Progressive,2025-08,1,@progressive,1,0,0.0,0.0,0.0,0.0,0,0.0,0.0,0.0,0.0,0.0,0.0,0.0,0.0,0
Progressive,2025-09,1,@progressive,3,0,0.0,0.0,0.0,0.0,0,0.0,0.0,0.0,0.0,0.0,0.0,0.0,0.666667,1
Progressive,2025-10,1,@progressive,2,0,0.0,0.0,0.0,0.0,0,0.0,0.0,0.0,0.0,0.0,0.0,0.0,0.5,1
Progressive,2025-11,1,@progressive,10,0,0.0,0.0,0.0,0.0,0,0.0,0.0,0.0,0.0,0.0,0.0,0.0,0.4,0
Progressive,2025-12,1,@progressive,3,0,0.0,0.0,0.0,0.0,0,0.0,0.0,0.0,0.0,0.0,0.0,0.0,0.666667,1
Progressive,2026-02,1,@progressive,2,0,0.0,0.0,0.0,0.0,0,,0.0,0.0,0.0,0.0,0.0,0.0,1.0,1
Progressive,2026-03,1,@progressive,1,0,0.0,0.0,0.0,0.0,0,,0.0,0.0,0.0,0.0,0.0,0.0,1.0,1
Progressive,2026-04,1,@progressive,1,0,0.0,0.0,0.0,0.0,0,,0.0,0.0,0.0,0.0,0.0,0.0,1.0,1
Progressive,2026-05,1,@progressive,7,0,0.0,0.0,0.0,0.0,0,0.0,0.0,0.0,0.0,0.0,0.0,0.0,0.714286,1
Progressive,2026-06,1,@progressive,2,0,0.0,0.0,0.0,0.0,0,0.0,0.0,0.0,0.0,0.0,0.0,0.0,0.5,1
Prudential Financial,2019-02,1,@Prudential,15,0,0.0,0.0,0.0,0.0,0,0.0,0.0,0.0,0.0,0.0,0.0,0.0,0.533333,1
Prudential Financial,2019-03,1,@Prudential,50,0,0.0,0.0,0.0,0.0,0,0.0,0.0,0.0,0.0,0.0,0.0,0.0,0.42,0
Prudential Financial,2019-04,1,@Prudential,41,0,0.0,0.0,0.0,0.0,0,0.0,0.0,0.0,0.0,0.0,0.0,0.0,0.560976,1
Prudential Financial,2019-05,1,@Prudential,36,0,0.0,0.0,0.0,0.0,0,0.0,0.0,0.0,0.0,0.0,0.0,0.0,0.583333,1
Prudential Financial,2019-06,1,@Prudential,28,0,0.0,0.0,0.0,0.0,0,0.0,0.0,0.0,0.0,0.0,0.0,0.0,0.642857,1
Prudential Financial,2019-07,1,@Prudential,36,0,0.0,0.0,0.0,0.0,0,0.0,0.0,0.0,0.0,0.0,0.0,0.0,0.444444,0
Prudential Financial,2019-08,1,@Prudential,31,0,0.0,0.0,0.0,0.0,0,0.0,0.0,0.0,0.0,0.0,0.0,0.0,0.548387,1
Prudential Financial,2019-09,1,@Prudential,53,0,0.0,0.0,0.0,0.0,0,0.0,0.018868,0.000356001,0.0,0.0,0.0,0.0,0.679245,1
Prudential Financial,2019-10,1,@Prudential,12,0,0.0,0.0,0.0,0.0,0,0.0,0.0,0.0,0.0,0.0,0.0,0.0,0.333333,0
Prudential Financial,2019-11,1,@Prudential,7,0,0.0,0.0,0.0,0.0,0,0.0,0.0,0.0,0.0,0.0,0.0,0.0,0.571429,1
Prudential Financial,2019-12,1,@Prudential,16,0,0.0,0.0,0.0,0.0,0,0.0,0.0,0.0,0.0,0.0,0.0,0.0,0.3125,0
Prudential Financial,2020-01,1,@Prudential,10,0,0.0,0.0,0.0,0.0,0,0.0,0.0,0.0,0.0,0.0,0.0,0.0,0.3,0
Prudential Financial,2020-02,1,@Prudential,37,0,0.0,0.0,0.0,0.0,0,0.0,0.0,0.0,0.0,0.0,0.0,0.0,0.432432,0
Prudential Financial,2020-03,1,@Prudential,34,0,0.0,0.0,0.0,0.0,0,0.0,0.0,0.0,0.0,0.0,0.0,0.0,0.264706,0
Prudential Financial,2020-04,1,@Prudential,21,0,0.0,0.0,0.0,0.0,0,0.0,0.0,0.0,0.0,0.0,0.0,0.0,0.666667,1
Prudential Financial,2020-05,1,@Prudential,17,0,0.0,0.0,0.0,0.0,0,0.0,0.0,0.0,0.0,0.0,0.0,0.0,0.470588,0
Prudential Financial,2020-06,1,@Prudential,16,0,0.0,0.0,0.0,0.0,0,0.0,0.0,0.0,0.0,0.0,0.0,0.0,0.375,0
Prudential Financial,2020-07,1,@Prudential,12,0,0.0,0.0,0.0,0.0,0,0.0,0.0,0.0,0.0,0.0,0.0,0.0,0.416667,0
Prudential Financial,2020-08,1,@Prudential,12,0,0.0,0.0,0.0,0.0,0,0.0,0.0,0.0,0.0,0.0,0.0,0.0,0.416667,0
Prudential Financial,2020-09,1,@Prudential,15,0,0.0,0.0,0.0,0.0,0,0.0,0.0,0.0,0.0,0.0,0.0,0.0,0.466667,0
Prudential Financial,2020-10,1,@Prudential,18,0,0.0,0.0,0.0,0.0,0,0.0,0.0,0.0,0.0,0.0,0.0,0.0,0.388889,0
Prudential Financial,2020-11,1,@Prudential,27,0,0.0,0.0,0.0,0.0,0,0.0,0.0,0.0,0.0,0.0,0.0,0.0,0.62963,1
Prudential Financial,2020-12,1,@Prudential,14,0,0.0,0.0,0.0,0.0,0,0.0,0.0,0.0,0.0,0.0,0.0,0.0,0.785714,1
Prudential Financial,2021-01,1,@Prudential,16,0,0.0,0.0,0.0,0.0,0,0.0,0.0,0.0,0.0,0.0,0.0,0.0,0.4375,0
Prudential Financial,2021-02,1,@Prudential,16,0,0.0,0.0,0.0,0.0,0,0.0,0.0,0.0,0.0,0.0,0.0,0.0,0.625,1
Prudential Financial,2021-03,1,@Prudential,8,0,0.0,0.0,0.0,0.0,0,0.0,0.0,0.0,0.0,0.0,0.0,0.0,0.5,1
Prudential Financial,2021-04,1,@Prudential,17,0,0.0,0.0,0.0,0.0,0,0.0,0.0,0.0,0.0,0.0,0.0,0.0,0.647059,1
Prudential Financial,2021-05,1,@Prudential,9,0,0.0,0.0,0.0,0.0,0,0.0,0.0,0.0,0.0,0.0,0.0,0.0,0.555556,1
Prudential Financial,2021-06,1,@Prudential,17,0,0.0,0.0,0.0,0.0,0,0.0,0.0,0.0,0.0,0.0,0.0,0.0,0.529412,1
Prudential Financial,2021-07,1,@Prudential,8,0,0.0,0.0,0.0,0.0,0,0.0,0.0,0.0,0.0,0.0,0.0,0.0,0.5,1
Prudential Financial,2021-08,1,@Prudential,19,0,0.0,0.0,0.0,0.0,0,0.0,0.0,0.0,0.0,0.0,0.0,0.0,0.736842,1
Prudential Financial,2021-09,1,@Prudential,37,0,0.0,0.0,0.0,0.0,0,0.0,0.0,0.0,0.0,0.0,0.0,0.0,0.594595,1
Prudential Financial,2021-10,1,@Prudential,16,0,0.0,0.0,0.0,0.0,0,0.0,0.0,0.0,0.0,0.0,0.0,0.0,0.5625,1
Prudential Financial,2021-11,1,@Prudential,15,1,0.066667,0.066667,0.004444489,0.693147,1,0.166667,0.066667,0.004444489,0.0133334,0.000888898,0.066667,0.004444489,0.6,1
Prudential Financial,2021-12,1,@Prudential,9,0,0.0,0.0,0.0,0.0,0,0.0,0.0,0.0,0.0,0.0,0.0,0.0,0.555556,1
Prudential Financial,2022-01,1,@Prudential,7,0,0.0,0.0,0.0,0.0,0,0.0,0.0,0.0,0.0,0.0,0.0,0.0,0.285714,0
Prudential Financial,2022-02,1,@Prudential,11,0,0.0,0.0,0.0,0.0,0,0.0,0.0,0.0,0.0,0.0,0.0,0.0,0.909091,1
Prudential Financial,2022-03,1,@Prudential,17,0,0.0,0.0,0.0,0.0,0,0.0,0.0,0.0,0.0,0.0,0.0,0.0,0.529412,1
Prudential Financial,2022-04,1,@Prudential,7,0,0.0,0.0,0.0,0.0,0,0.0,0.0,0.0,0.0,0.0,0.0,0.0,0.428571,0
Prudential Financial,2022-05,1,@Prudential,10,0,0.0,0.0,0.0,0.0,0,0.0,0.0,0.0,0.0,0.0,0.0,0.0,0.6,1
Prudential Financial,2022-06,1,@Prudential,19,0,0.0,0.0,0.0,0.0,0,0.0,0.0,0.0,0.0,0.0,0.0,0.0,0.631579,1
Prudential Financial,2022-07,1,@Prudential,9,0,0.0,0.0,0.0,0.0,0,0.0,0.0,0.0,0.0,0.0,0.0,0.0,0.333333,0
Prudential Financial,2022-08,1,@Prudential,7,0,0.0,0.0,0.0,0.0,0,0.0,0.0,0.0,0.0,0.0,0.0,0.0,0.571429,1
Prudential Financial,2022-09,1,@Prudential,15,0,0.0,0.0,0.0,0.0,0,0.0,0.0,0.0,0.0,0.0,0.0,0.0,0.6,1
Prudential Financial,2022-10,1,@Prudential,26,0,0.0,0.0,0.0,0.0,0,0.0,0.0,0.0,0.0,0.0,0.0,0.0,0.576923,1
Prudential Financial,2022-11,1,@Prudential,1,0,0.0,0.0,0.0,0.0,0,0.0,0.0,0.0,0.0,0.0,0.0,0.0,0.0,0
Publix Super Markets,2022-03,1,@Publix,1,0,0.0,0.0,0.0,0.0,0,0.0,0.0,0.0,0.0,0.0,0.0,0.0,0.0,0
Publix Super Markets,2022-05,1,@Publix,16,0,0.0,0.0,0.0,0.0,0,0.0,0.0,0.0,0.0,0.0,0.0,0.0,0.5,1
Publix Super Markets,2022-06,1,@Publix,14,0,0.0,0.0,0.0,0.0,0,0.0,0.0,0.0,0.0,0.0,0.0,0.0,0.428571,0
Publix Super Markets,2022-07,1,@Publix,25,0,0.0,0.0,0.0,0.0,0,0.0,0.0,0.0,0.0,0.0,0.0,0.0,0.36,0
Publix Super Markets,2022-08,1,@Publix,16,0,0.0,0.0,0.0,0.0,0,0.0,0.0,0.0,0.0,0.0,0.0,0.0,0.6875,1
Publix Super Markets,2022-09,1,@Publix,17,0,0.0,0.0,0.0,0.0,0,0.0,0.0,0.0,0.0,0.0,0.0,0.0,0.705882,1
Publix Super Markets,2022-10,1,@Publix,9,0,0.0,0.0,0.0,0.0,0,0.0,0.0,0.0,0.0,0.0,0.0,0.0,0.555556,1
Publix Super Markets,2022-11,1,@Publix,11,0,0.0,0.0,0.0,0.0,0,0.0,0.0,0.0,0.0,0.0,0.0,0.0,0.818182,1
Publix Super Markets,2023-01,1,@Publix,8,0,0.0,0.0,0.0,0.0,0,0.0,0.0,0.0,0.0,0.0,0.0,0.0,0.625,1
Publix Super Markets,2023-02,1,@Publix,15,0,0.0,0.0,0.0,0.0,0,0.0,0.0,0.0,0.0,0.0,0.0,0.0,0.466667,0
Publix Super Markets,2023-03,1,@Publix,10,0,0.0,0.0,0.0,0.0,0,0.0,0.0,0.0,0.0,0.0,0.0,0.0,0.6,1
Publix Super Markets,2023-04,1,@Publix,15,0,0.0,0.0,0.0,0.0,0,0.0,0.0,0.0,0.0,0.0,0.0,0.0,0.466667,0
Publix Super Markets,2023-05,1,@Publix,14,0,0.0,0.0,0.0,0.0,0,0.0,0.0,0.0,0.0,0.0,0.0,0.0,0.571429,1
Publix Super Markets,2023-06,1,@Publix,15,0,0.0,0.0,0.0,0.0,0,0.0,0.0,0.0,0.0,0.0,0.0,0.0,0.733333,1
Publix Super Markets,2023-07,1,@Publix,14,0,0.0,0.0,0.0,0.0,0,0.0,0.0,0.0,0.0,0.0,0.0,0.0,0.571429,1
Publix Super Markets,2023-08,1,@Publix,22,0,0.0,0.0,0.0,0.0,0,0.0,0.0,0.0,0.0,0.0,0.0,0.0,0.454545,0
Publix Super Markets,2023-09,1,@Publix,19,0,0.0,0.0,0.0,0.0,0,0.0,0.0,0.0,0.0,0.0,0.0,0.0,0.526316,1
Publix Super Markets,2023-10,1,@Publix,19,0,0.0,0.0,0.0,0.0,0,0.0,0.0,0.0,0.0,0.0,0.0,0.0,0.421053,0
Publix Super Markets,2023-11,1,@Publix,22,0,0.0,0.0,0.0,0.0,0,0.0,0.0,0.0,0.0,0.0,0.0,0.0,0.454545,0
Publix Super Markets,2023-12,1,@Publix,20,0,0.0,0.0,0.0,0.0,0,0.0,0.0,0.0,0.0,0.0,0.0,0.0,0.45,0
Publix Super Markets,2024-01,1,@Publix,19,0,0.0,0.0,0.0,0.0,0,0.0,0.0,0.0,0.0,0.0,0.0,0.0,0.631579,1
Publix Super Markets,2024-02,1,@Publix,16,0,0.0,0.0,0.0,0.0,0,0.0,0.0,0.0,0.0,0.0,0.0,0.0,0.625,1
Publix Super Markets,2024-03,1,@Publix,23,0,0.0,0.0,0.0,0.0,0,0.0,0.0,0.0,0.0,0.0,0.0,0.0,0.521739,1
Publix Super Markets,2024-04,1,@Publix,22,0,0.0,0.0,0.0,0.0,0,0.0,0.0,0.0,0.0,0.0,0.0,0.0,0.454545,0
Publix Super Markets,2024-05,1,@Publix,16,0,0.0,0.0,0.0,0.0,0,0.0,0.0,0.0,0.0,0.0,0.0,0.0,0.4375,0
Publix Super Markets,2024-06,1,@Publix,22,0,0.0,0.0,0.0,0.0,0,0.0,0.0,0.0,0.0,0.0,0.0,0.0,0.363636,0
Publix Super Markets,2024-07,1,@Publix,16,0,0.0,0.0,0.0,0.0,0,0.0,0.0,0.0,0.0,0.0,0.0,0.0,0.5,1
Publix Super Markets,2024-08,1,@Publix,20,0,0.0,0.0,0.0,0.0,0,0.0,0.0,0.0,0.0,0.0,0.0,0.0,0.5,1
Publix Super Markets,2024-09,1,@Publix,21,0,0.0,0.0,0.0,0.0,0,0.0,0.0,0.0,0.0,0.0,0.0,0.0,0.52381,1
Publix Super Markets,2024-10,1,@Publix,17,0,0.0,0.0,0.0,0.0,0,0.0,0.0,0.0,0.0,0.0,0.0,0.0,0.470588,0
Publix Super Markets,2024-11,1,@Publix,18,0,0.0,0.0,0.0,0.0,0,0.0,0.0,0.0,0.0,0.0,0.0,0.0,0.333333,0
Publix Super Markets,2024-12,1,@Publix,20,0,0.0,0.0,0.0,0.0,0,0.0,0.0,0.0,0.0,0.0,0.0,0.0,0.4,0
Publix Super Markets,2025-01,1,@Publix,22,0,0.0,0.0,0.0,0.0,0,0.0,0.0,0.0,0.0,0.0,0.0,0.0,0.636364,1
Publix Super Markets,2025-02,1,@Publix,18,0,0.0,0.0,0.0,0.0,0,0.0,0.0,0.0,0.0,0.0,0.0,0.0,0.222222,0
Publix Super Markets,2025-03,1,@Publix,22,0,0.0,0.0,0.0,0.0,0,0.0,0.0,0.0,0.0,0.0,0.0,0.0,0.636364,1
Publix Super Markets,2025-04,1,@Publix,25,0,0.0,0.0,0.0,0.0,0,0.0,0.0,0.0,0.0,0.0,0.0,0.0,0.44,0
Publix Super Markets,2025-05,1,@Publix,22,0,0.0,0.0,0.0,0.0,0,0.0,0.0,0.0,0.0,0.0,0.0,0.0,0.454545,0
Publix Super Markets,2025-06,1,@Publix,21,0,0.0,0.0,0.0,0.0,0,0.0,0.0,0.0,0.0,0.0,0.0,0.0,0.333333,0
Publix Super Markets,2025-07,1,@Publix,24,0,0.0,0.0,0.0,0.0,0,0.0,0.0,0.0,0.0,0.0,0.0,0.0,0.5,1
Publix Super Markets,2025-08,1,@Publix,21,0,0.0,0.0,0.0,0.0,0,0.0,0.0,0.0,0.0,0.0,0.0,0.0,0.380952,0
Publix Super Markets,2025-09,1,@Publix,33,0,0.0,0.0,0.0,0.0,0,0.0,0.0,0.0,0.0,0.0,0.0,0.0,0.393939,0
Publix Super Markets,2025-10,1,@Publix,20,0,0.0,0.0,0.0,0.0,0,0.0,0.0,0.0,0.0,0.0,0.0,0.0,0.35,0
Publix Super Markets,2025-11,1,@Publix,18,0,0.0,0.0,0.0,0.0,0,0.0,0.0,0.0,0.0,0.0,0.0,0.0,0.5,1
Publix Super Markets,2025-12,1,@Publix,22,0,0.0,0.0,0.0,0.0,0,0.0,0.0,0.0,0.0,0.0,0.0,0.0,0.272727,0
Publix Super Markets,2026-01,1,@Publix,12,0,0.0,0.0,0.0,0.0,0,0.0,0.0,0.0,0.0,0.0,0.0,0.0,0.416667,0
Publix Super Markets,2026-02,1,@Publix,8,0,0.0,0.0,0.0,0.0,0,0.0,0.0,0.0,0.0,0.0,0.0,0.0,0.5,1
Publix Super Markets,2026-03,1,@Publix,9,0,0.0,0.0,0.0,0.0,0,0.0,0.0,0.0,0.0,0.0,0.0,0.0,0.222222,0
Publix Super Markets,2026-04,1,@Publix,9,0,0.0,0.0,0.0,0.0,0,0.0,0.0,0.0,0.0,0.0,0.0,0.0,0.333333,0
Publix Super Markets,2026-05,1,@Publix,11,0,0.0,0.0,0.0,0.0,0,0.0,0.0,0.0,0.0,0.0,0.0,0.0,0.181818,0
Publix Super Markets,2026-06,1,@Publix,2,0,0.0,0.0,0.0,0.0,0,0.0,0.0,0.0,0.0,0.0,0.0,0.0,0.5,1
RTX,2020-03,1,@RTX_News,17,0,0.0,0.0,0.0,0.0,0,0.0,0.0,0.0,0.0,0.0,0.0,0.0,0.470588,0
RTX,2020-04,1,@RTX_News,32,0,0.0,0.0,0.0,0.0,0,0.0,0.0,0.0,0.0,0.0,0.0,0.0,0.40625,0
RTX,2020-05,1,@RTX_News,24,0,0.0,0.0,0.0,0.0,0,0.0,0.0,0.0,0.0,0.0,0.0,0.0,0.291667,0
RTX,2020-06,1,@RTX_News,22,0,0.0,0.0,0.0,0.0,0,0.0,0.0,0.0,0.0,0.0,0.0,0.0,0.545455,1
RTX,2020-07,1,@RTX_News,29,0,0.0,0.0,0.0,0.0,0,0.0,0.0,0.0,0.0,0.0,0.0,0.0,0.448276,0
RTX,2020-08,1,@RTX_News,12,0,0.0,0.0,0.0,0.0,0,0.0,0.0,0.0,0.0,0.0,0.0,0.0,0.583333,1
RTX,2020-09,1,@RTX_News,3,0,0.0,0.0,0.0,0.0,0,0.0,0.0,0.0,0.0,0.0,0.0,0.0,0.333333,0
RTX,2020-10,1,@RTX_News,29,0,0.0,0.0,0.0,0.0,0,0.0,0.0,0.0,0.0,0.0,0.0,0.0,0.62069,1
RTX,2020-11,1,@RTX_News,24,0,0.0,0.0,0.0,0.0,0,0.0,0.0,0.0,0.0,0.0,0.0,0.0,0.625,1
RTX,2020-12,1,@RTX_News,3,0,0.0,0.0,0.0,0.0,0,0.0,0.0,0.0,0.0,0.0,0.0,0.0,0.666667,1
RTX,2021-01,1,@RTX_News,5,0,0.0,0.0,0.0,0.0,0,0.0,0.0,0.0,0.0,0.0,0.0,0.0,0.2,0
RTX,2021-02,1,@RTX_News,12,0,0.0,0.0,0.0,0.0,0,0.0,0.0,0.0,0.0,0.0,0.0,0.0,0.583333,1
RTX,2021-03,1,@RTX_News,3,0,0.0,0.0,0.0,0.0,0,0.0,0.0,0.0,0.0,0.0,0.0,0.0,0.666667,1
RTX,2021-04,1,@RTX_News,6,0,0.0,0.0,0.0,0.0,0,0.0,0.0,0.0,0.0,0.0,0.0,0.0,0.0,0
RTX,2021-05,1,@RTX_News,13,0,0.0,0.0,0.0,0.0,0,0.0,0.0,0.0,0.0,0.0,0.0,0.0,0.153846,0
RTX,2021-07,1,@RTX_News,5,0,0.0,0.0,0.0,0.0,0,0.0,0.0,0.0,0.0,0.0,0.0,0.0,0.2,0
RTX,2021-08,1,@RTX_News,1,0,0.0,0.0,0.0,0.0,0,0.0,0.0,0.0,0.0,0.0,0.0,0.0,0.0,0
RTX,2021-09,1,@RTX_News,11,0,0.0,0.0,0.0,0.0,0,0.0,0.0,0.0,0.0,0.0,0.0,0.0,0.181818,0
RTX,2021-10,1,@RTX_News,14,0,0.0,0.0,0.0,0.0,0,0.0,0.0,0.0,0.0,0.0,0.0,0.0,0.285714,0
RTX,2021-11,1,@RTX_News,14,0,0.0,0.0,0.0,0.0,0,0.0,0.0,0.0,0.0,0.0,0.0,0.0,0.785714,1
RTX,2021-12,1,@RTX_News,3,0,0.0,0.0,0.0,0.0,0,0.0,0.0,0.0,0.0,0.0,0.0,0.0,0.0,0
RTX,2022-01,1,@RTX_News,2,0,0.0,0.0,0.0,0.0,0,,0.0,0.0,0.0,0.0,0.0,0.0,1.0,1
RTX,2022-02,1,@RTX_News,8,0,0.0,0.0,0.0,0.0,0,0.0,0.0,0.0,0.0,0.0,0.0,0.0,0.625,1
RTX,2022-03,1,@RTX_News,6,0,0.0,0.0,0.0,0.0,0,0.0,0.0,0.0,0.0,0.0,0.0,0.0,0.0,0
RTX,2022-04,1,@RTX_News,6,0,0.0,0.0,0.0,0.0,0,0.0,0.0,0.0,0.0,0.0,0.0,0.0,0.166667,0
RTX,2022-05,1,@RTX_News,2,0,0.0,0.0,0.0,0.0,0,0.0,0.0,0.0,0.0,0.0,0.0,0.0,0.0,0
RTX,2022-07,1,@RTX_News,16,0,0.0,0.0,0.0,0.0,0,0.0,0.0,0.0,0.0,0.0,0.0,0.0,0.375,0
RTX,2022-09,1,@RTX_News,1,0,0.0,0.0,0.0,0.0,0,,0.0,0.0,0.0,0.0,0.0,0.0,1.0,1
RTX,2022-10,1,@RTX_News,3,0,0.0,0.0,0.0,0.0,0,0.0,0.0,0.0,0.0,0.0,0.0,0.0,0.0,0
RTX,2023-02,1,@RTX_News,2,0,0.0,0.0,0.0,0.0,0,0.0,0.0,0.0,0.0,0.0,0.0,0.0,0.0,0
RTX,2023-03,1,@RTX_News,11,0,0.0,0.0,0.0,0.0,0,0.0,0.0,0.0,0.0,0.0,0.0,0.0,0.818182,1
RTX,2023-04,1,@RTX_News,6,0,0.0,0.0,0.0,0.0,0,0.0,0.0,0.0,0.0,0.0,0.0,0.0,0.833333,1
RTX,2023-05,1,@RTX_News,3,0,0.0,0.0,0.0,0.0,0,0.0,0.0,0.0,0.0,0.0,0.0,0.0,0.0,0
RTX,2023-06,1,@RTX_News,12,0,0.0,0.0,0.0,0.0,0,0.0,0.0,0.0,0.0,0.0,0.0,0.0,0.583333,1
RTX,2023-07,1,@RTX_News,11,0,0.0,0.0,0.0,0.0,0,0.0,0.0,0.0,0.0,0.0,0.0,0.0,0.727273,1
RTX,2023-08,1,@RTX_News,6,0,0.0,0.0,0.0,0.0,0,0.0,0.0,0.0,0.0,0.0,0.0,0.0,0.833333,1
RTX,2023-09,1,@RTX_News,13,0,0.0,0.0,0.0,0.0,0,0.0,0.0,0.0,0.0,0.0,0.0,0.0,0.692308,1
RTX,2023-10,1,@RTX_News,11,0,0.0,0.0,0.0,0.0,0,0.0,0.0,0.0,0.0,0.0,0.0,0.0,0.636364,1
RTX,2023-11,1,@RTX_News,6,0,0.0,0.0,0.0,0.0,0,0.0,0.0,0.0,0.0,0.0,0.0,0.0,0.333333,0
RTX,2023-12,1,@RTX_News,4,0,0.0,0.0,0.0,0.0,0,0.0,0.0,0.0,0.0,0.0,0.0,0.0,0.25,0
RTX,2024-01,1,@RTX_News,14,0,0.0,0.0,0.0,0.0,0,0.0,0.0,0.0,0.0,0.0,0.0,0.0,0.214286,0
RTX,2024-02,1,@RTX_News,22,0,0.0,0.0,0.0,0.0,0,0.0,0.0,0.0,0.0,0.0,0.0,0.0,0.681818,1
RTX,2024-03,1,@RTX_News,7,0,0.0,0.0,0.0,0.0,0,0.0,0.0,0.0,0.0,0.0,0.0,0.0,0.571429,1
RTX,2024-04,1,@RTX_News,13,0,0.0,0.0,0.0,0.0,0,0.0,0.0,0.0,0.0,0.0,0.0,0.0,0.230769,0
RTX,2024-05,1,@RTX_News,15,0,0.0,0.0,0.0,0.0,0,0.0,0.0,0.0,0.0,0.0,0.0,0.0,0.4,0
RTX,2024-06,1,@RTX_News,7,0,0.0,0.0,0.0,0.0,0,0.0,0.0,0.0,0.0,0.0,0.0,0.0,0.571429,1
RTX,2024-07,1,@RTX_News,30,0,0.0,0.0,0.0,0.0,0,0.0,0.0,0.0,0.0,0.0,0.0,0.0,0.566667,1
RTX,2024-08,1,@RTX_News,7,0,0.0,0.0,0.0,0.0,0,0.0,0.0,0.0,0.0,0.0,0.0,0.0,0.428571,0
RTX,2024-09,1,@RTX_News,7,0,0.0,0.0,0.0,0.0,0,0.0,0.0,0.0,0.0,0.0,0.0,0.0,0.714286,1
RTX,2024-10,1,@RTX_News,17,0,0.0,0.0,0.0,0.0,0,0.0,0.0,0.0,0.0,0.0,0.0,0.0,0.294118,0
RTX,2024-11,1,@RTX_News,6,0,0.0,0.0,0.0,0.0,0,0.0,0.0,0.0,0.0,0.0,0.0,0.0,0.333333,0
RTX,2024-12,1,@RTX_News,18,0,0.0,0.0,0.0,0.0,0,0.0,0.0,0.0,0.0,0.0,0.0,0.0,0.388889,0
RTX,2025-01,1,@RTX_News,10,0,0.0,0.0,0.0,0.0,0,0.0,0.0,0.0,0.0,0.0,0.0,0.0,0.7,1
RTX,2025-02,1,@RTX_News,16,0,0.0,0.0,0.0,0.0,0,0.0,0.0,0.0,0.0,0.0,0.0,0.0,0.6875,1
RTX,2025-03,1,@RTX_News,11,0,0.0,0.0,0.0,0.0,0,0.0,0.0,0.0,0.0,0.0,0.0,0.0,0.181818,0
RTX,2025-04,1,@RTX_News,15,0,0.0,0.0,0.0,0.0,0,0.0,0.0,0.0,0.0,0.0,0.0,0.0,0.333333,0
RTX,2025-05,1,@RTX_News,20,0,0.0,0.0,0.0,0.0,0,0.0,0.0,0.0,0.0,0.0,0.0,0.0,0.55,1
RTX,2025-06,1,@RTX_News,26,0,0.0,0.0,0.0,0.0,0,0.0,0.0,0.0,0.0,0.0,0.0,0.0,0.769231,1
RTX,2025-07,1,@RTX_News,23,0,0.0,0.0,0.0,0.0,0,0.0,0.0,0.0,0.0,0.0,0.0,0.0,0.478261,0
RTX,2025-08,1,@RTX_News,26,0,0.0,0.0,0.0,0.0,0,0.0,0.0,0.0,0.0,0.0,0.0,0.0,0.423077,0
RTX,2025-09,1,@RTX_News,35,0,0.0,0.0,0.0,0.0,0,0.0,0.0,0.0,0.0,0.0,0.0,0.0,0.6,1
RTX,2025-10,1,@RTX_News,23,0,0.0,0.0,0.0,0.0,0,0.0,0.0,0.0,0.0,0.0,0.0,0.0,0.391304,0
RTX,2025-11,1,@RTX_News,15,0,0.0,0.0,0.0,0.0,0,0.0,0.0,0.0,0.0,0.0,0.0,0.0,0.666667,1
RTX,2025-12,1,@RTX_News,25,0,0.0,0.0,0.0,0.0,0,0.0,0.0,0.0,0.0,0.0,0.0,0.0,0.36,0
RTX,2026-01,1,@RTX_News,6,0,0.0,0.0,0.0,0.0,0,0.0,0.0,0.0,0.0,0.0,0.0,0.0,0.166667,0
RTX,2026-02,1,@RTX_News,19,0,0.0,0.0,0.0,0.0,0,0.0,0.0,0.0,0.0,0.0,0.0,0.0,0.526316,1
RTX,2026-05,1,@RTX_News,13,0,0.0,0.0,0.0,0.0,0,0.0,0.0,0.0,0.0,0.0,0.0,0.0,0.307692,0
RTX,2026-06,1,@RTX_News,8,0,0.0,0.0,0.0,0.0,0,0.0,0.0,0.0,0.0,0.0,0.0,0.0,0.5,1
State Farm Insurance,2025-03,1,@StateFarm,7,0,0.0,0.0,0.0,0.0,0,0.0,0.0,0.0,0.0,0.0,0.0,0.0,0.714286,1
State Farm Insurance,2025-04,1,@StateFarm,8,0,0.0,0.0,0.0,0.0,0,0.0,0.0,0.0,0.0,0.0,0.0,0.0,0.5,1
State Farm Insurance,2025-05,1,@StateFarm,4,0,0.0,0.0,0.0,0.0,0,0.0,0.0,0.0,0.0,0.0,0.0,0.0,0.5,1
State Farm Insurance,2025-06,1,@StateFarm,8,0,0.0,0.0,0.0,0.0,0,0.0,0.0,0.0,0.0,0.0,0.0,0.0,0.25,0
State Farm Insurance,2025-07,1,@StateFarm,10,0,0.0,0.0,0.0,0.0,0,0.0,0.0,0.0,0.0,0.0,0.0,0.0,0.5,1
State Farm Insurance,2025-08,1,@StateFarm,2,0,0.0,0.0,0.0,0.0,0,0.0,0.0,0.0,0.0,0.0,0.0,0.0,0.5,1
State Farm Insurance,2025-09,1,@StateFarm,12,0,0.0,0.0,0.0,0.0,0,0.0,0.0,0.0,0.0,0.0,0.0,0.0,0.333333,0
State Farm Insurance,2025-10,1,@StateFarm,11,0,0.0,0.0,0.0,0.0,0,0.0,0.0,0.0,0.0,0.0,0.0,0.0,0.363636,0
State Farm Insurance,2025-11,1,@StateFarm,4,0,0.0,0.0,0.0,0.0,0,0.0,0.0,0.0,0.0,0.0,0.0,0.0,0.75,1
State Farm Insurance,2025-12,1,@StateFarm,3,0,0.0,0.0,0.0,0.0,0,0.0,0.0,0.0,0.0,0.0,0.0,0.0,0.333333,0
State Farm Insurance,2026-01,1,@StateFarm,3,0,0.0,0.0,0.0,0.0,0,0.0,0.0,0.0,0.0,0.0,0.0,0.0,0.0,0
State Farm Insurance,2026-02,1,@StateFarm,25,0,0.0,0.0,0.0,0.0,0,0.0,0.0,0.0,0.0,0.0,0.0,0.0,0.52,1
State Farm Insurance,2026-03,1,@StateFarm,17,0,0.0,0.0,0.0,0.0,0,0.0,0.0,0.0,0.0,0.0,0.0,0.0,0.588235,1
State Farm Insurance,2026-04,1,@StateFarm,13,0,0.0,0.0,0.0,0.0,0,0.0,0.0,0.0,0.0,0.0,0.0,0.0,0.384615,0
State Farm Insurance,2026-05,1,@StateFarm,14,0,0.0,0.0,0.0,0.0,0,0.0,0.0,0.0,0.0,0.0,0.0,0.0,0.714286,1
State Farm Insurance,2026-06,1,@StateFarm,6,0,0.0,0.0,0.0,0.0,0,0.0,0.0,0.0,0.0,0.0,0.0,0.0,0.666667,1
StoneX Group,2025-05,1,@StoneX_Official,1,0,0.0,0.0,0.0,0.0,0,,0.0,0.0,0.0,0.0,0.0,0.0,1.0,1
StoneX Group,2025-08,1,@StoneX_Official,92,0,0.0,0.0,0.0,0.0,0,0.0,0.0,0.0,0.0,0.0,0.0,0.0,0.554348,1
StoneX Group,2025-09,1,@StoneX_Official,95,0,0.0,0.0,0.0,0.0,0,0.0,0.0,0.0,0.0,0.0,0.0,0.0,0.536842,1
StoneX Group,2025-10,1,@StoneX_Official,114,0,0.0,0.0,0.0,0.0,0,0.0,0.008772,7.6948e-05,0.0,0.0,0.0,0.0,0.438596,0
StoneX Group,2025-11,1,@StoneX_Official,93,0,0.0,0.0,0.0,0.0,0,0.0,0.0,0.0,0.0,0.0,0.0,0.0,0.537634,1
StoneX Group,2025-12,1,@StoneX_Official,69,0,0.0,0.0,0.0,0.0,0,0.0,0.0,0.0,0.0,0.0,0.0,0.0,0.565217,1
StoneX Group,2026-01,1,@StoneX_Official,99,0,0.0,0.0,0.0,0.0,0,0.0,0.0,0.0,0.0,0.0,0.0,0.0,0.575758,1
StoneX Group,2026-02,1,@StoneX_Official,55,0,0.0,0.0,0.0,0.0,0,0.0,0.0,0.0,0.0,0.0,0.0,0.0,0.636364,1
StoneX Group,2026-03,1,@StoneX_Official,71,1,0.014085,0.014085,0.000198387,0.693147,1,0.021739,0.014085,0.000198387,0.002182189,3.0736e-05,0.014085,0.000198387,0.352113,0
StoneX Group,2026-04,1,@StoneX_Official,71,0,0.0,0.0,0.0,0.0,0,0.0,0.0,0.0,0.0,0.0,0.0,0.0,0.521127,1
StoneX Group,2026-05,1,@StoneX_Official,61,0,0.0,0.0,0.0,0.0,0,0.0,0.0,0.0,0.0,0.0,0.0,0.0,0.360656,0
StoneX Group,2026-06,1,@StoneX_Official,27,0,0.0,0.0,0.0,0.0,0,0.0,0.0,0.0,0.0,0.0,0.0,0.0,0.444444,0
Sysco,2021-12,1,@sysco,58,0,0.0,0.0,0.0,0.0,0,0.0,0.0,0.0,0.0,0.0,0.0,0.0,0.603448,1
Sysco,2022-01,1,@sysco,43,0,0.0,0.0,0.0,0.0,0,0.0,0.0,0.0,0.0,0.0,0.0,0.0,0.604651,1
Sysco,2022-02,1,@sysco,41,0,0.0,0.0,0.0,0.0,0,0.0,0.0,0.0,0.0,0.0,0.0,0.0,0.487805,0
Sysco,2022-03,1,@sysco,62,1,0.016129,0.016129,0.000260145,0.693147,1,0.037037,0.016129,0.000260145,0.004942764,7.9722e-05,0.016129,0.000260145,0.564516,1
Sysco,2022-04,1,@sysco,44,0,0.0,0.0,0.0,0.0,0,0.0,0.0,0.0,0.0,0.0,0.0,0.0,0.681818,1
Sysco,2022-05,1,@sysco,44,1,0.022727,0.022727,0.000516517,0.693147,1,0.04,0.022727,0.000516517,0.004648694,0.000105651,0.022727,0.000516517,0.431818,0
Sysco,2022-06,1,@sysco,26,0,0.0,0.0,0.0,0.0,0,0.0,0.0,0.0,0.0,0.0,0.0,0.0,0.423077,0
Sysco,2022-07,1,@sysco,41,1,0.02439,0.02439,0.000594872,0.693147,1,0.052632,0.02439,0.000594872,0.006543666,0.0001596,0.02439,0.000594872,0.536585,1
Sysco,2022-08,1,@sysco,29,0,0.0,0.0,0.0,0.0,0,0.0,0.0,0.0,0.0,0.0,0.0,0.0,0.413793,0
Sysco,2022-09,1,@sysco,33,0,0.0,0.0,0.0,0.0,0,0.0,0.0,0.0,0.0,0.0,0.0,0.0,0.393939,0
Sysco,2022-10,1,@sysco,19,0,0.0,0.0,0.0,0.0,0,0.0,0.0,0.0,0.0,0.0,0.0,0.0,0.315789,0
Sysco,2022-11,1,@sysco,27,0,0.0,0.0,0.0,0.0,0,0.0,0.0,0.0,0.0,0.0,0.0,0.0,0.444444,0
Sysco,2022-12,1,@sysco,22,0,0.0,0.0,0.0,0.0,0,0.0,0.0,0.0,0.0,0.0,0.0,0.0,0.545455,1
Sysco,2023-01,1,@sysco,23,0,0.0,0.0,0.0,0.0,0,0.0,0.0,0.0,0.0,0.0,0.0,0.0,0.173913,0
Sysco,2023-02,1,@sysco,15,0,0.0,0.0,0.0,0.0,0,0.0,0.0,0.0,0.0,0.0,0.0,0.0,0.533333,1
Sysco,2023-03,1,@sysco,19,0,0.0,0.0,0.0,0.0,0,0.0,0.0,0.0,0.0,0.0,0.0,0.0,0.578947,1
Sysco,2023-04,1,@sysco,11,0,0.0,0.0,0.0,0.0,0,0.0,0.0,0.0,0.0,0.0,0.0,0.0,0.363636,0
Sysco,2023-05,1,@sysco,7,0,0.0,0.0,0.0,0.0,0,0.0,0.0,0.0,0.0,0.0,0.0,0.0,0.714286,1
Sysco,2023-06,1,@sysco,12,0,0.0,0.0,0.0,0.0,0,0.0,0.0,0.0,0.0,0.0,0.0,0.0,0.25,0
Sysco,2023-07,1,@sysco,7,0,0.0,0.0,0.0,0.0,0,0.0,0.0,0.0,0.0,0.0,0.0,0.0,0.571429,1
Sysco,2023-08,1,@sysco,10,0,0.0,0.0,0.0,0.0,0,0.0,0.0,0.0,0.0,0.0,0.0,0.0,0.4,0
Sysco,2023-09,1,@sysco,9,0,0.0,0.0,0.0,0.0,0,0.0,0.0,0.0,0.0,0.0,0.0,0.0,0.666667,1
Sysco,2023-10,1,@sysco,7,0,0.0,0.0,0.0,0.0,0,0.0,0.0,0.0,0.0,0.0,0.0,0.0,0.285714,0
Sysco,2023-11,1,@sysco,12,0,0.0,0.0,0.0,0.0,0,0.0,0.0,0.0,0.0,0.0,0.0,0.0,0.5,1
Sysco,2023-12,1,@sysco,10,1,0.1,0.1,0.01,0.693147,1,0.142857,0.1,0.01,0.04,0.004,0.1,0.01,0.3,0
Sysco,2024-01,1,@sysco,7,0,0.0,0.0,0.0,0.0,0,0.0,0.0,0.0,0.0,0.0,0.0,0.0,0.0,0
Sysco,2024-02,1,@sysco,2,0,0.0,0.0,0.0,0.0,0,0.0,0.0,0.0,0.0,0.0,0.0,0.0,0.5,1
Sysco,2024-03,1,@sysco,7,0,0.0,0.0,0.0,0.0,0,0.0,0.0,0.0,0.0,0.0,0.0,0.0,0.571429,1
Sysco,2024-04,1,@sysco,9,0,0.0,0.0,0.0,0.0,0,0.0,0.0,0.0,0.0,0.0,0.0,0.0,0.444444,0
Sysco,2024-05,1,@sysco,9,0,0.0,0.0,0.0,0.0,0,0.0,0.0,0.0,0.0,0.0,0.0,0.0,0.333333,0
Sysco,2024-06,1,@sysco,7,0,0.0,0.0,0.0,0.0,0,0.0,0.0,0.0,0.0,0.0,0.0,0.0,0.571429,1
Sysco,2024-07,1,@sysco,12,0,0.0,0.0,0.0,0.0,0,0.0,0.0,0.0,0.0,0.0,0.0,0.0,0.666667,1
Sysco,2024-08,1,@sysco,6,0,0.0,0.0,0.0,0.0,0,0.0,0.0,0.0,0.0,0.0,0.0,0.0,0.333333,0
Sysco,2024-09,1,@sysco,6,0,0.0,0.0,0.0,0.0,0,0.0,0.0,0.0,0.0,0.0,0.0,0.0,0.5,1
Sysco,2024-10,1,@sysco,11,1,0.090909,0.090909,0.008264446,0.693147,1,0.2,0.090909,0.008264446,0.008264446,0.000751313,0.090909,0.008264446,0.545455,1
Sysco,2024-11,1,@sysco,15,0,0.0,0.0,0.0,0.0,0,0.0,0.0,0.0,0.0,0.0,0.0,0.0,0.733333,1
Sysco,2024-12,1,@sysco,6,0,0.0,0.0,0.0,0.0,0,0.0,0.0,0.0,0.0,0.0,0.0,0.0,0.5,1
Sysco,2025-01,1,@sysco,10,0,0.0,0.0,0.0,0.0,0,0.0,0.0,0.0,0.0,0.0,0.0,0.0,0.1,0
Sysco,2025-02,1,@sysco,3,0,0.0,0.0,0.0,0.0,0,0.0,0.0,0.0,0.0,0.0,0.0,0.0,0.666667,1
Sysco,2025-03,1,@sysco,5,0,0.0,0.0,0.0,0.0,0,0.0,0.0,0.0,0.0,0.0,0.0,0.0,0.4,0
Sysco,2025-04,1,@sysco,5,0,0.0,0.0,0.0,0.0,0,0.0,0.0,0.0,0.0,0.0,0.0,0.0,0.8,1
Sysco,2025-05,1,@sysco,8,0,0.0,0.0,0.0,0.0,0,0.0,0.0,0.0,0.0,0.0,0.0,0.0,0.75,1
Sysco,2025-06,1,@sysco,2,0,0.0,0.0,0.0,0.0,0,0.0,0.0,0.0,0.0,0.0,0.0,0.0,0.0,0
Sysco,2025-07,1,@sysco,17,0,0.0,0.0,0.0,0.0,0,0.0,0.0,0.0,0.0,0.0,0.0,0.0,0.294118,0
Sysco,2025-08,1,@sysco,4,0,0.0,0.0,0.0,0.0,0,0.0,0.0,0.0,0.0,0.0,0.0,0.0,0.75,1
Sysco,2025-09,1,@sysco,6,0,0.0,0.0,0.0,0.0,0,0.0,0.0,0.0,0.0,0.0,0.0,0.0,0.333333,0
Sysco,2025-10,1,@sysco,27,0,0.0,0.0,0.0,0.0,0,0.0,0.0,0.0,0.0,0.0,0.0,0.0,0.62963,1
Sysco,2025-11,1,@sysco,12,0,0.0,0.0,0.0,0.0,0,0.0,0.0,0.0,0.0,0.0,0.0,0.0,0.666667,1
Sysco,2025-12,1,@sysco,12,0,0.0,0.0,0.0,0.0,0,0.0,0.0,0.0,0.0,0.0,0.0,0.0,0.583333,1
Sysco,2026-01,1,@sysco,13,0,0.0,0.0,0.0,0.0,0,0.0,0.0,0.0,0.0,0.0,0.0,0.0,0.538462,1
Sysco,2026-02,1,@sysco,7,0,0.0,0.0,0.0,0.0,0,0.0,0.0,0.0,0.0,0.0,0.0,0.0,0.571429,1
Sysco,2026-03,1,@sysco,1,0,0.0,0.0,0.0,0.0,0,0.0,0.0,0.0,0.0,0.0,0.0,0.0,0.0,0
Sysco,2026-04,1,@sysco,3,0,0.0,0.0,0.0,0.0,0,0.0,0.0,0.0,0.0,0.0,0.0,0.0,0.333333,0
TD Synnex,2021-09,1,@tdsynnex,32,0,0.0,0.0,0.0,0.0,0,0.0,0.0,0.0,0.0,0.0,0.0,0.0,0.5,1
TD Synnex,2021-10,1,@tdsynnex,31,0,0.0,0.0,0.0,0.0,0,0.0,0.0,0.0,0.0,0.0,0.0,0.0,0.387097,0
TD Synnex,2021-11,1,@tdsynnex,7,0,0.0,0.0,0.0,0.0,0,0.0,0.0,0.0,0.0,0.0,0.0,0.0,0.857143,1
TD Synnex,2021-12,1,@tdsynnex,12,0,0.0,0.0,0.0,0.0,0,0.0,0.0,0.0,0.0,0.0,0.0,0.0,0.333333,0
TD Synnex,2022-01,1,@tdsynnex,13,0,0.0,0.0,0.0,0.0,0,0.0,0.0,0.0,0.0,0.0,0.0,0.0,0.230769,0
TD Synnex,2022-02,1,@tdsynnex,14,0,0.0,0.0,0.0,0.0,0,0.0,0.0,0.0,0.0,0.0,0.0,0.0,0.714286,1
TD Synnex,2022-03,1,@tdsynnex,37,0,0.0,0.0,0.0,0.0,0,0.0,0.0,0.0,0.0,0.0,0.0,0.0,0.351351,0
TD Synnex,2022-04,1,@tdsynnex,16,0,0.0,0.0,0.0,0.0,0,0.0,0.0,0.0,0.0,0.0,0.0,0.0,0.5,1
TD Synnex,2022-05,1,@tdsynnex,21,0,0.0,0.0,0.0,0.0,0,0.0,0.0,0.0,0.0,0.0,0.0,0.0,0.47619,0
TD Synnex,2022-06,1,@tdsynnex,17,0,0.0,0.0,0.0,0.0,0,0.0,0.0,0.0,0.0,0.0,0.0,0.0,0.647059,1
TD Synnex,2022-07,1,@tdsynnex,12,0,0.0,0.0,0.0,0.0,0,0.0,0.0,0.0,0.0,0.0,0.0,0.0,0.666667,1
TD Synnex,2022-08,1,@tdsynnex,11,0,0.0,0.0,0.0,0.0,0,0.0,0.0,0.0,0.0,0.0,0.0,0.0,0.363636,0
TD Synnex,2022-09,1,@tdsynnex,15,0,0.0,0.0,0.0,0.0,0,0.0,0.0,0.0,0.0,0.0,0.0,0.0,0.466667,0
TD Synnex,2022-10,1,@tdsynnex,17,0,0.0,0.0,0.0,0.0,0,0.0,0.0,0.0,0.0,0.0,0.0,0.0,0.529412,1
TD Synnex,2022-11,1,@tdsynnex,11,0,0.0,0.0,0.0,0.0,0,0.0,0.0,0.0,0.0,0.0,0.0,0.0,0.363636,0
TD Synnex,2022-12,1,@tdsynnex,12,0,0.0,0.0,0.0,0.0,0,0.0,0.0,0.0,0.0,0.0,0.0,0.0,0.166667,0
TD Synnex,2023-01,1,@tdsynnex,6,0,0.0,0.0,0.0,0.0,0,0.0,0.0,0.0,0.0,0.0,0.0,0.0,0.666667,1
TD Synnex,2023-02,1,@tdsynnex,10,0,0.0,0.0,0.0,0.0,0,0.0,0.0,0.0,0.0,0.0,0.0,0.0,0.5,1
TD Synnex,2023-03,1,@tdsynnex,32,0,0.0,0.0,0.0,0.0,0,0.0,0.0,0.0,0.0,0.0,0.0,0.0,0.71875,1
TD Synnex,2023-04,1,@tdsynnex,18,0,0.0,0.0,0.0,0.0,0,0.0,0.0,0.0,0.0,0.0,0.0,0.0,0.333333,0
TD Synnex,2023-05,1,@tdsynnex,24,0,0.0,0.0,0.0,0.0,0,0.0,0.0,0.0,0.0,0.0,0.0,0.0,0.541667,1
TD Synnex,2023-06,1,@tdsynnex,17,0,0.0,0.0,0.0,0.0,0,0.0,0.0,0.0,0.0,0.0,0.0,0.0,0.588235,1
TD Synnex,2023-07,1,@tdsynnex,9,0,0.0,0.0,0.0,0.0,0,0.0,0.0,0.0,0.0,0.0,0.0,0.0,0.666667,1
TD Synnex,2023-08,1,@tdsynnex,7,0,0.0,0.0,0.0,0.0,0,0.0,0.0,0.0,0.0,0.0,0.0,0.0,0.285714,0
TD Synnex,2023-09,1,@tdsynnex,10,0,0.0,0.0,0.0,0.0,0,0.0,0.0,0.0,0.0,0.0,0.0,0.0,0.4,0
TD Synnex,2023-10,1,@tdsynnex,13,0,0.0,0.0,0.0,0.0,0,0.0,0.0,0.0,0.0,0.0,0.0,0.0,0.461538,0
TD Synnex,2023-11,1,@tdsynnex,6,0,0.0,0.0,0.0,0.0,0,0.0,0.0,0.0,0.0,0.0,0.0,0.0,0.333333,0
TD Synnex,2023-12,1,@tdsynnex,9,0,0.0,0.0,0.0,0.0,0,0.0,0.0,0.0,0.0,0.0,0.0,0.0,0.444444,0
TD Synnex,2024-01,1,@tdsynnex,11,0,0.0,0.0,0.0,0.0,0,0.0,0.0,0.0,0.0,0.0,0.0,0.0,0.454545,0
TD Synnex,2024-02,1,@tdsynnex,12,0,0.0,0.0,0.0,0.0,0,0.0,0.0,0.0,0.0,0.0,0.0,0.0,0.666667,1
TD Synnex,2024-03,1,@tdsynnex,4,0,0.0,0.0,0.0,0.0,0,0.0,0.0,0.0,0.0,0.0,0.0,0.0,0.25,0
TD Synnex,2024-04,1,@tdsynnex,7,0,0.0,0.0,0.0,0.0,0,0.0,0.0,0.0,0.0,0.0,0.0,0.0,0.571429,1
TD Synnex,2024-05,1,@tdsynnex,2,0,0.0,0.0,0.0,0.0,0,,0.0,0.0,0.0,0.0,0.0,0.0,1.0,1
TD Synnex,2024-06,1,@tdsynnex,3,0,0.0,0.0,0.0,0.0,0,0.0,0.0,0.0,0.0,0.0,0.0,0.0,0.333333,0
TD Synnex,2024-09,1,@tdsynnex,2,0,0.0,0.0,0.0,0.0,0,0.0,0.0,0.0,0.0,0.0,0.0,0.0,0.5,1
TD Synnex,2024-10,1,@tdsynnex,3,0,0.0,0.0,0.0,0.0,0,0.0,0.0,0.0,0.0,0.0,0.0,0.0,0.666667,1
TD Synnex,2025-01,1,@tdsynnex,1,0,0.0,0.0,0.0,0.0,0,0.0,0.0,0.0,0.0,0.0,0.0,0.0,0.0,0
TD Synnex,2025-03,1,@tdsynnex,1,0,0.0,0.0,0.0,0.0,0,0.0,0.0,0.0,0.0,0.0,0.0,0.0,0.0,0
TD Synnex,2025-07,1,@tdsynnex,1,0,0.0,0.0,0.0,0.0,0,0.0,0.0,0.0,0.0,0.0,0.0,0.0,0.0,0
TD Synnex,2025-11,1,@tdsynnex,2,0,0.0,0.0,0.0,0.0,0,0.0,0.0,0.0,0.0,0.0,0.0,0.0,0.0,0
TIAA,2022-06,1,@tiaa,3,0,0.0,0.0,0.0,0.0,0,0.0,0.0,0.0,0.0,0.0,0.0,0.0,0.666667,1
TIAA,2022-07,1,@tiaa,34,0,0.0,0.0,0.0,0.0,0,0.0,0.0,0.0,0.0,0.0,0.0,0.0,0.558824,1
TIAA,2022-08,1,@tiaa,15,0,0.0,0.0,0.0,0.0,0,0.0,0.0,0.0,0.0,0.0,0.0,0.0,0.6,1
TIAA,2022-09,1,@tiaa,16,0,0.0,0.0,0.0,0.0,0,0.0,0.0,0.0,0.0,0.0,0.0,0.0,0.5625,1
TIAA,2022-10,1,@tiaa,20,0,0.0,0.0,0.0,0.0,0,0.0,0.0,0.0,0.0,0.0,0.0,0.0,0.55,1
TIAA,2022-11,1,@tiaa,22,0,0.0,0.0,0.0,0.0,0,0.0,0.0,0.0,0.0,0.0,0.0,0.0,0.454545,0
TIAA,2022-12,1,@tiaa,14,0,0.0,0.0,0.0,0.0,0,0.0,0.0,0.0,0.0,0.0,0.0,0.0,0.571429,1
TIAA,2023-01,1,@tiaa,2,0,0.0,0.0,0.0,0.0,0,,0.0,0.0,0.0,0.0,0.0,0.0,1.0,1
TIAA,2023-02,1,@tiaa,14,0,0.0,0.0,0.0,0.0,0,0.0,0.0,0.0,0.0,0.0,0.0,0.0,0.428571,0
TIAA,2023-03,1,@tiaa,24,0,0.0,0.0,0.0,0.0,0,0.0,0.0,0.0,0.0,0.0,0.0,0.0,0.416667,0
TIAA,2023-04,1,@tiaa,12,0,0.0,0.0,0.0,0.0,0,0.0,0.0,0.0,0.0,0.0,0.0,0.0,0.5,1
TIAA,2023-05,1,@tiaa,10,0,0.0,0.0,0.0,0.0,0,0.0,0.0,0.0,0.0,0.0,0.0,0.0,0.6,1
TIAA,2023-06,1,@tiaa,17,0,0.0,0.0,0.0,0.0,0,0.0,0.0,0.0,0.0,0.0,0.0,0.0,0.411765,0
TIAA,2023-07,1,@tiaa,7,0,0.0,0.0,0.0,0.0,0,0.0,0.0,0.0,0.0,0.0,0.0,0.0,0.285714,0
TIAA,2023-08,1,@tiaa,1,0,0.0,0.0,0.0,0.0,0,,0.0,0.0,0.0,0.0,0.0,0.0,1.0,1
TIAA,2023-09,1,@tiaa,5,0,0.0,0.0,0.0,0.0,0,0.0,0.0,0.0,0.0,0.0,0.0,0.0,0.2,0
TIAA,2023-10,1,@tiaa,1,0,0.0,0.0,0.0,0.0,0,0.0,0.0,0.0,0.0,0.0,0.0,0.0,0.0,0
TJX,2015-12,1,@tjmaxx,17,0,0.0,0.0,0.0,0.0,0,0.0,0.0,0.0,0.0,0.0,0.0,0.0,0.058824,0
TJX,2016-01,1,@tjmaxx,42,0,0.0,0.0,0.0,0.0,0,0.0,0.0,0.0,0.0,0.0,0.0,0.0,0.190476,0
TJX,2016-02,1,@tjmaxx,44,0,0.0,0.0,0.0,0.0,0,0.0,0.0,0.0,0.0,0.0,0.0,0.0,0.204545,0
TJX,2016-03,1,@tjmaxx,31,0,0.0,0.0,0.0,0.0,0,0.0,0.0,0.0,0.0,0.0,0.0,0.0,0.193548,0
TJX,2016-04,1,@tjmaxx,34,0,0.0,0.0,0.0,0.0,0,0.0,0.0,0.0,0.0,0.0,0.0,0.0,0.235294,0
TJX,2016-05,1,@tjmaxx,60,0,0.0,0.0,0.0,0.0,0,0.0,0.0,0.0,0.0,0.0,0.0,0.0,0.3,0
TJX,2016-06,1,@tjmaxx,45,0,0.0,0.0,0.0,0.0,0,0.0,0.0,0.0,0.0,0.0,0.0,0.0,0.288889,0
TJX,2016-07,1,@tjmaxx,48,0,0.0,0.0,0.0,0.0,0,0.0,0.0,0.0,0.0,0.0,0.0,0.0,0.229167,0
TJX,2016-08,1,@tjmaxx,45,0,0.0,0.0,0.0,0.0,0,0.0,0.0,0.0,0.0,0.0,0.0,0.0,0.222222,0
TJX,2016-09,1,@tjmaxx,71,0,0.0,0.0,0.0,0.0,0,0.0,0.0,0.0,0.0,0.0,0.0,0.0,0.309859,0
TJX,2016-10,1,@tjmaxx,77,0,0.0,0.0,0.0,0.0,0,0.0,0.0,0.0,0.0,0.0,0.0,0.0,0.337662,0
TJX,2016-11,1,@tjmaxx,27,0,0.0,0.0,0.0,0.0,0,0.0,0.0,0.0,0.0,0.0,0.0,0.0,0.296296,0
TJX,2016-12,1,@tjmaxx,45,0,0.0,0.0,0.0,0.0,0,0.0,0.0,0.0,0.0,0.0,0.0,0.0,0.4,0
TJX,2017-01,1,@tjmaxx,32,0,0.0,0.0,0.0,0.0,0,0.0,0.0,0.0,0.0,0.0,0.0,0.0,0.15625,0
TJX,2017-02,1,@tjmaxx,28,0,0.0,0.0,0.0,0.0,0,0.0,0.0,0.0,0.0,0.0,0.0,0.0,0.142857,0
TJX,2017-03,1,@tjmaxx,27,0,0.0,0.0,0.0,0.0,0,0.0,0.0,0.0,0.0,0.0,0.0,0.0,0.222222,0
TJX,2017-04,1,@tjmaxx,41,0,0.0,0.0,0.0,0.0,0,0.0,0.0,0.0,0.0,0.0,0.0,0.0,0.317073,0
TJX,2017-05,1,@tjmaxx,18,0,0.0,0.0,0.0,0.0,0,0.0,0.0,0.0,0.0,0.0,0.0,0.0,0.166667,0
TJX,2017-06,1,@tjmaxx,9,0,0.0,0.0,0.0,0.0,0,0.0,0.0,0.0,0.0,0.0,0.0,0.0,0.0,0
TJX,2017-07,1,@tjmaxx,17,0,0.0,0.0,0.0,0.0,0,0.0,0.0,0.0,0.0,0.0,0.0,0.0,0.470588,0
TJX,2017-08,1,@tjmaxx,12,0,0.0,0.0,0.0,0.0,0,0.0,0.0,0.0,0.0,0.0,0.0,0.0,0.166667,0
TJX,2017-09,1,@tjmaxx,8,0,0.0,0.0,0.0,0.0,0,0.0,0.0,0.0,0.0,0.0,0.0,0.0,0.5,1
TJX,2017-10,1,@tjmaxx,15,0,0.0,0.0,0.0,0.0,0,0.0,0.0,0.0,0.0,0.0,0.0,0.0,0.066667,0
TJX,2017-11,1,@tjmaxx,13,0,0.0,0.0,0.0,0.0,0,0.0,0.0,0.0,0.0,0.0,0.0,0.0,0.538462,1
TJX,2017-12,1,@tjmaxx,7,0,0.0,0.0,0.0,0.0,0,0.0,0.0,0.0,0.0,0.0,0.0,0.0,0.428571,0
TJX,2018-01,1,@tjmaxx,8,0,0.0,0.0,0.0,0.0,0,0.0,0.0,0.0,0.0,0.0,0.0,0.0,0.25,0
TJX,2018-02,1,@tjmaxx,9,0,0.0,0.0,0.0,0.0,0,0.0,0.0,0.0,0.0,0.0,0.0,0.0,0.333333,0
TJX,2018-03,1,@tjmaxx,6,0,0.0,0.0,0.0,0.0,0,0.0,0.0,0.0,0.0,0.0,0.0,0.0,0.333333,0
TJX,2018-04,1,@tjmaxx,6,0,0.0,0.0,0.0,0.0,0,0.0,0.0,0.0,0.0,0.0,0.0,0.0,0.0,0
TJX,2018-05,1,@tjmaxx,5,0,0.0,0.0,0.0,0.0,0,0.0,0.0,0.0,0.0,0.0,0.0,0.0,0.0,0
TJX,2018-06,1,@tjmaxx,1,0,0.0,0.0,0.0,0.0,0,0.0,0.0,0.0,0.0,0.0,0.0,0.0,0.0,0
TJX,2018-08,1,@tjmaxx,1,0,0.0,0.0,0.0,0.0,0,0.0,0.0,0.0,0.0,0.0,0.0,0.0,0.0,0
TJX,2018-09,1,@tjmaxx,3,0,0.0,0.0,0.0,0.0,0,0.0,0.0,0.0,0.0,0.0,0.0,0.0,0.0,0
TJX,2018-10,1,@tjmaxx,1,0,0.0,0.0,0.0,0.0,0,0.0,0.0,0.0,0.0,0.0,0.0,0.0,0.0,0
TJX,2018-11,1,@tjmaxx,2,0,0.0,0.0,0.0,0.0,0,0.0,0.0,0.0,0.0,0.0,0.0,0.0,0.5,1
TJX,2018-12,1,@tjmaxx,2,0,0.0,0.0,0.0,0.0,0,0.0,0.0,0.0,0.0,0.0,0.0,0.0,0.0,0
TJX,2019-01,1,@tjmaxx,2,0,0.0,0.0,0.0,0.0,0,0.0,0.0,0.0,0.0,0.0,0.0,0.0,0.0,0
TJX,2019-02,1,@tjmaxx,1,0,0.0,0.0,0.0,0.0,0,0.0,0.0,0.0,0.0,0.0,0.0,0.0,0.0,0
TJX,2019-03,1,@tjmaxx,2,0,0.0,0.0,0.0,0.0,0,0.0,0.0,0.0,0.0,0.0,0.0,0.0,0.0,0
TJX,2019-04,1,@tjmaxx,3,0,0.0,0.0,0.0,0.0,0,0.0,0.0,0.0,0.0,0.0,0.0,0.0,0.0,0
TJX,2019-05,1,@tjmaxx,1,0,0.0,0.0,0.0,0.0,0,0.0,0.0,0.0,0.0,0.0,0.0,0.0,0.0,0
TJX,2019-06,1,@tjmaxx,1,0,0.0,0.0,0.0,0.0,0,0.0,0.0,0.0,0.0,0.0,0.0,0.0,0.0,0
TJX,2019-07,1,@tjmaxx,2,0,0.0,0.0,0.0,0.0,0,0.0,0.0,0.0,0.0,0.0,0.0,0.0,0.0,0
TJX,2019-08,1,@tjmaxx,5,0,0.0,0.0,0.0,0.0,0,0.0,0.0,0.0,0.0,0.0,0.0,0.0,0.0,0
TJX,2019-09,1,@tjmaxx,1,0,0.0,0.0,0.0,0.0,0,0.0,0.0,0.0,0.0,0.0,0.0,0.0,0.0,0
TJX,2019-10,1,@tjmaxx,3,0,0.0,0.0,0.0,0.0,0,0.0,0.0,0.0,0.0,0.0,0.0,0.0,0.0,0
TJX,2019-11,1,@tjmaxx,5,0,0.0,0.0,0.0,0.0,0,0.0,0.0,0.0,0.0,0.0,0.0,0.0,0.0,0
TJX,2019-12,1,@tjmaxx,6,0,0.0,0.0,0.0,0.0,0,0.0,0.0,0.0,0.0,0.0,0.0,0.0,0.0,0
TJX,2020-01,1,@tjmaxx,3,0,0.0,0.0,0.0,0.0,0,0.0,0.0,0.0,0.0,0.0,0.0,0.0,0.0,0
TJX,2020-02,1,@tjmaxx,2,0,0.0,0.0,0.0,0.0,0,0.0,0.0,0.0,0.0,0.0,0.0,0.0,0.0,0
TJX,2020-04,1,@tjmaxx,1,0,0.0,0.0,0.0,0.0,0,0.0,0.0,0.0,0.0,0.0,0.0,0.0,0.0,0
TJX,2020-05,1,@tjmaxx,1,0,0.0,0.0,0.0,0.0,0,0.0,0.0,0.0,0.0,0.0,0.0,0.0,0.0,0
TJX,2020-10,1,@tjmaxx,1,0,0.0,0.0,0.0,0.0,0,0.0,0.0,0.0,0.0,0.0,0.0,0.0,0.0,0
TJX,2021-02,1,@tjmaxx,1,0,0.0,0.0,0.0,0.0,0,0.0,0.0,0.0,0.0,0.0,0.0,0.0,0.0,0
TJX,2021-05,1,@tjmaxx,3,0,0.0,0.0,0.0,0.0,0,0.0,0.0,0.0,0.0,0.0,0.0,0.0,0.0,0
TJX,2022-06,1,@tjmaxx,1,0,0.0,0.0,0.0,0.0,0,0.0,0.0,0.0,0.0,0.0,0.0,0.0,0.0,0
TJX,2022-10,1,@tjmaxx,1,0,0.0,0.0,0.0,0.0,0,0.0,0.0,0.0,0.0,0.0,0.0,0.0,0.0,0
TJX,2023-03,1,@tjmaxx,1,0,0.0,0.0,0.0,0.0,0,0.0,0.0,0.0,0.0,0.0,0.0,0.0,0.0,0
TJX,2023-06,1,@tjmaxx,1,0,0.0,0.0,0.0,0.0,0,0.0,0.0,0.0,0.0,0.0,0.0,0.0,0.0,0
TJX,2023-09,1,@tjmaxx,1,0,0.0,0.0,0.0,0.0,0,,0.0,0.0,0.0,0.0,0.0,0.0,1.0,1
TJX,2023-12,1,@tjmaxx,1,0,0.0,0.0,0.0,0.0,0,,0.0,0.0,0.0,0.0,0.0,0.0,1.0,1
TJX,2024-12,1,@tjmaxx,2,0,0.0,0.0,0.0,0.0,0,0.0,0.0,0.0,0.0,0.0,0.0,0.0,0.5,1
Target,2020-03,1,@target,10,0,0.0,0.0,0.0,0.0,0,0.0,0.0,0.0,0.0,0.0,0.0,0.0,0.5,1
Target,2020-04,1,@target,6,0,0.0,0.0,0.0,0.0,0,0.0,0.0,0.0,0.0,0.0,0.0,0.0,0.5,1
Target,2020-05,1,@target,17,0,0.0,0.0,0.0,0.0,0,0.0,0.0,0.0,0.0,0.0,0.0,0.0,0.352941,0
Target,2020-06,1,@target,8,0,0.0,0.0,0.0,0.0,0,0.0,0.0,0.0,0.0,0.0,0.0,0.0,0.75,1
Target,2020-07,1,@target,10,0,0.0,0.0,0.0,0.0,0,0.0,0.0,0.0,0.0,0.0,0.0,0.0,0.4,0
Target,2020-08,1,@target,21,0,0.0,0.0,0.0,0.0,0,0.0,0.047619,0.002267569,0.0,0.0,0.0,0.0,0.333333,0
Target,2020-09,1,@target,20,0,0.0,0.0,0.0,0.0,0,0.0,0.0,0.0,0.0,0.0,0.0,0.0,0.5,1
Target,2020-10,1,@target,33,0,0.0,0.0,0.0,0.0,0,0.0,0.0,0.0,0.0,0.0,0.0,0.0,0.484848,0
Target,2020-11,1,@target,18,0,0.0,0.0,0.0,0.0,0,0.0,0.0,0.0,0.0,0.0,0.0,0.0,0.277778,0
Target,2020-12,1,@target,25,0,0.0,0.0,0.0,0.0,0,0.0,0.0,0.0,0.0,0.0,0.0,0.0,0.52,1
Target,2021-01,1,@target,14,0,0.0,0.0,0.0,0.0,0,0.0,0.0,0.0,0.0,0.0,0.0,0.0,0.428571,0
Target,2021-02,1,@target,30,0,0.0,0.0,0.0,0.0,0,0.0,0.0,0.0,0.0,0.0,0.0,0.0,0.533333,1
Target,2021-03,1,@target,18,0,0.0,0.0,0.0,0.0,0,0.0,0.0,0.0,0.0,0.0,0.0,0.0,0.5,1
Target,2021-04,1,@target,18,0,0.0,0.0,0.0,0.0,0,0.0,0.0,0.0,0.0,0.0,0.0,0.0,0.222222,0
Target,2021-05,1,@target,13,0,0.0,0.0,0.0,0.0,0,0.0,0.0,0.0,0.0,0.0,0.0,0.0,0.384615,0
Target,2021-06,1,@target,24,0,0.0,0.0,0.0,0.0,0,0.0,0.0,0.0,0.0,0.0,0.0,0.0,0.416667,0
Target,2021-07,1,@target,14,0,0.0,0.0,0.0,0.0,0,0.0,0.0,0.0,0.0,0.0,0.0,0.0,0.285714,0
Target,2021-08,1,@target,19,0,0.0,0.0,0.0,0.0,0,0.0,0.0,0.0,0.0,0.0,0.0,0.0,0.473684,0
Target,2021-09,1,@target,31,0,0.0,0.0,0.0,0.0,0,0.0,0.0,0.0,0.0,0.0,0.0,0.0,0.419355,0
Target,2021-10,1,@target,26,0,0.0,0.0,0.0,0.0,0,0.0,0.0,0.0,0.0,0.0,0.0,0.0,0.423077,0
Target,2021-11,1,@target,29,0,0.0,0.0,0.0,0.0,0,0.0,0.0,0.0,0.0,0.0,0.0,0.0,0.413793,0
Target,2021-12,1,@target,24,0,0.0,0.0,0.0,0.0,0,0.0,0.0,0.0,0.0,0.0,0.0,0.0,0.625,1
Target,2022-01,1,@target,22,0,0.0,0.0,0.0,0.0,0,0.0,0.0,0.0,0.0,0.0,0.0,0.0,0.227273,0
Target,2022-02,1,@target,16,0,0.0,0.0,0.0,0.0,0,0.0,0.0,0.0,0.0,0.0,0.0,0.0,0.375,0
Target,2022-03,1,@target,10,0,0.0,0.0,0.0,0.0,0,0.0,0.0,0.0,0.0,0.0,0.0,0.0,0.5,1
Target,2022-04,1,@target,17,0,0.0,0.0,0.0,0.0,0,0.0,0.0,0.0,0.0,0.0,0.0,0.0,0.470588,0
Target,2022-05,1,@target,11,0,0.0,0.0,0.0,0.0,0,0.0,0.0,0.0,0.0,0.0,0.0,0.0,0.363636,0
Target,2022-06,1,@target,17,0,0.0,0.0,0.0,0.0,0,0.0,0.0,0.0,0.0,0.0,0.0,0.0,0.529412,1
Target,2022-07,1,@target,15,0,0.0,0.0,0.0,0.0,0,0.0,0.0,0.0,0.0,0.0,0.0,0.0,0.666667,1
Target,2022-08,1,@target,16,0,0.0,0.0,0.0,0.0,0,0.0,0.0,0.0,0.0,0.0,0.0,0.0,0.375,0
Target,2022-09,1,@target,20,0,0.0,0.0,0.0,0.0,0,0.0,0.0,0.0,0.0,0.0,0.0,0.0,0.55,1
Target,2022-10,1,@target,21,0,0.0,0.0,0.0,0.0,0,0.0,0.0,0.0,0.0,0.0,0.0,0.0,0.428571,0
Target,2023-01,1,@target,2,0,0.0,0.0,0.0,0.0,0,0.0,0.0,0.0,0.0,0.0,0.0,0.0,0.5,1
Tesla,2019-03,1,@tesla,1,0,0.0,0.0,0.0,0.0,0,0.0,0.0,0.0,0.0,0.0,0.0,0.0,0.0,0
Tesla,2025-01,1,@tesla,1,0,0.0,0.0,0.0,0.0,0,,0.0,0.0,0.0,0.0,0.0,0.0,1.0,1
Tesla,2025-05,1,@tesla,1,0,0.0,0.0,0.0,0.0,0,0.0,0.0,0.0,0.0,0.0,0.0,0.0,0.0,0
Tesla,2025-06,1,@tesla,1,0,0.0,0.0,0.0,0.0,0,,0.0,0.0,0.0,0.0,0.0,0.0,1.0,1
Tesla,2025-10,1,@tesla,22,0,0.0,0.0,0.0,0.0,0,0.0,0.0,0.0,0.0,0.0,0.0,0.0,0.5,1
Tesla,2025-11,1,@tesla,62,0,0.0,0.0,0.0,0.0,0,0.0,0.0,0.0,0.0,0.0,0.0,0.0,0.564516,1
Tesla,2025-12,1,@tesla,93,0,0.0,0.0,0.0,0.0,0,0.0,0.0,0.0,0.0,0.0,0.0,0.0,0.526882,1
Tesla,2026-01,1,@tesla,74,1,0.013514,0.013514,0.000182628,0.693147,1,0.025641,0.013514,0.000182628,0.002008843,2.7147e-05,0.013514,0.000182628,0.472973,0
Tesla,2026-02,1,@tesla,66,3,0.045455,0.045455,0.002066157,1.386294,1,0.076923,0.045455,0.002066157,0.005509691,0.000250443,0.045455,0.002066157,0.409091,0
Tesla,2026-03,1,@tesla,96,0,0.0,0.0,0.0,0.0,0,0.0,0.0,0.0,0.0,0.0,0.0,0.0,0.395833,0
Tesla,2026-04,1,@tesla,128,1,0.007812,0.007812,6.1027e-05,0.693147,1,0.014493,0.007812,6.1027e-05,0.000793402,6.198e-06,0.007812,6.1027e-05,0.460938,0
Tesla,2026-05,1,@tesla,122,0,0.0,0.0,0.0,0.0,0,0.0,0.0,0.0,0.0,0.0,0.0,0.0,0.409836,0
Tesla,2026-06,1,@tesla,43,0,0.0,0.0,0.0,0.0,0,0.0,0.0,0.0,0.0,0.0,0.0,0.0,0.581395,1
Travelers,2021-11,1,@travelers,7,0,0.0,0.0,0.0,0.0,0,0.0,0.0,0.0,0.0,0.0,0.0,0.0,0.714286,1
Travelers,2021-12,1,@travelers,24,0,0.0,0.0,0.0,0.0,0,0.0,0.0,0.0,0.0,0.0,0.0,0.0,0.5,1
Travelers,2022-01,1,@travelers,41,0,0.0,0.0,0.0,0.0,0,0.0,0.0,0.0,0.0,0.0,0.0,0.0,0.365854,0
Travelers,2022-02,1,@travelers,22,0,0.0,0.0,0.0,0.0,0,0.0,0.0,0.0,0.0,0.0,0.0,0.0,0.636364,1
Travelers,2022-03,1,@travelers,43,0,0.0,0.0,0.0,0.0,0,0.0,0.0,0.0,0.0,0.0,0.0,0.0,0.465116,0
Travelers,2022-04,1,@travelers,47,0,0.0,0.0,0.0,0.0,0,0.0,0.0,0.0,0.0,0.0,0.0,0.0,0.361702,0
Travelers,2022-05,1,@travelers,31,0,0.0,0.0,0.0,0.0,0,0.0,0.0,0.0,0.0,0.0,0.0,0.0,0.548387,1
Travelers,2022-06,1,@travelers,62,0,0.0,0.0,0.0,0.0,0,0.0,0.0,0.0,0.0,0.0,0.0,0.0,0.5,1
Travelers,2022-07,1,@travelers,41,1,0.02439,0.02439,0.000594872,0.693147,1,0.047619,0.02439,0.000594872,0.005353898,0.000130582,0.02439,0.000594872,0.487805,0
Travelers,2022-08,1,@travelers,33,1,0.030303,0.030303,0.000918272,0.693147,1,0.066667,0.030303,0.000918272,0.004591359,0.000139132,0.030303,0.000918272,0.545455,1
Travelers,2022-09,1,@travelers,52,0,0.0,0.0,0.0,0.0,0,0.0,0.0,0.0,0.0,0.0,0.0,0.0,0.634615,1
Travelers,2022-10,1,@travelers,34,0,0.0,0.0,0.0,0.0,0,0.0,0.0,0.0,0.0,0.0,0.0,0.0,0.617647,1
Travelers,2022-11,1,@travelers,27,0,0.0,0.0,0.0,0.0,0,0.0,0.0,0.0,0.0,0.0,0.0,0.0,0.481481,0
Travelers,2022-12,1,@travelers,24,0,0.0,0.0,0.0,0.0,0,0.0,0.0,0.0,0.0,0.0,0.0,0.0,0.458333,0
Travelers,2023-01,1,@travelers,27,0,0.0,0.0,0.0,0.0,0,0.0,0.0,0.0,0.0,0.0,0.0,0.0,0.592593,1
Travelers,2023-02,1,@travelers,25,0,0.0,0.0,0.0,0.0,0,0.0,0.0,0.0,0.0,0.0,0.0,0.0,0.56,1
Travelers,2023-03,1,@travelers,54,0,0.0,0.0,0.0,0.0,0,0.0,0.0,0.0,0.0,0.0,0.0,0.0,0.555556,1
Travelers,2023-04,1,@travelers,35,0,0.0,0.0,0.0,0.0,0,0.0,0.028571,0.000816302,0.0,0.0,0.0,0.0,0.542857,1
Travelers,2023-05,1,@travelers,43,0,0.0,0.0,0.0,0.0,0,0.0,0.0,0.0,0.0,0.0,0.0,0.0,0.395349,0
Travelers,2023-06,1,@travelers,60,0,0.0,0.0,0.0,0.0,0,0.0,0.0,0.0,0.0,0.0,0.0,0.0,0.566667,1
Travelers,2023-07,1,@travelers,19,0,0.0,0.0,0.0,0.0,0,0.0,0.0,0.0,0.0,0.0,0.0,0.0,0.421053,0
Travelers,2023-08,1,@travelers,16,0,0.0,0.0,0.0,0.0,0,0.0,0.0,0.0,0.0,0.0,0.0,0.0,0.5625,1
Travelers,2023-09,1,@travelers,28,0,0.0,0.0,0.0,0.0,0,0.0,0.0,0.0,0.0,0.0,0.0,0.0,0.5,1
Travelers,2023-10,1,@travelers,26,0,0.0,0.0,0.0,0.0,0,0.0,0.0,0.0,0.0,0.0,0.0,0.0,0.5,1
Travelers,2023-11,1,@travelers,14,0,0.0,0.0,0.0,0.0,0,0.0,0.0,0.0,0.0,0.0,0.0,0.0,0.5,1
Tyson Foods,2019-03,1,@tysonfoods,22,1,0.045455,0.045455,0.002066157,0.693147,1,0.1,0.045455,0.002066157,0.008264537,0.000375665,0.045455,0.002066157,0.545455,1
Tyson Foods,2019-04,1,@tysonfoods,110,0,0.0,0.0,0.0,0.0,0,0.0,0.0,0.0,0.0,0.0,0.0,0.0,0.572727,1
Tyson Foods,2019-05,1,@tysonfoods,108,0,0.0,0.0,0.0,0.0,0,0.0,0.0,0.0,0.0,0.0,0.0,0.0,0.5,1
Tyson Foods,2019-06,1,@tysonfoods,88,0,0.0,0.0,0.0,0.0,0,0.0,0.0,0.0,0.0,0.0,0.0,0.0,0.647727,1
Tyson Foods,2019-07,1,@tysonfoods,70,0,0.0,0.0,0.0,0.0,0,0.0,0.0,0.0,0.0,0.0,0.0,0.0,0.557143,1
Tyson Foods,2019-08,1,@tysonfoods,85,1,0.011765,0.011765,0.000138415,0.693147,1,0.020833,0.011765,0.000138415,0.002906649,3.4197e-05,0.011765,0.000138415,0.435294,0
Tyson Foods,2019-09,1,@tysonfoods,68,0,0.0,0.0,0.0,0.0,0,0.0,0.0,0.0,0.0,0.0,0.0,0.0,0.529412,1
Tyson Foods,2019-10,1,@tysonfoods,62,0,0.0,0.0,0.0,0.0,0,0.0,0.0,0.0,0.0,0.0,0.0,0.0,0.5,1
Tyson Foods,2019-11,1,@tysonfoods,36,0,0.0,0.0,0.0,0.0,0,0.0,0.0,0.0,0.0,0.0,0.0,0.0,0.527778,1
Tyson Foods,2019-12,1,@tysonfoods,29,0,0.0,0.0,0.0,0.0,0,0.0,0.0,0.0,0.0,0.0,0.0,0.0,0.586207,1
Tyson Foods,2020-01,1,@tysonfoods,32,0,0.0,0.0,0.0,0.0,0,0.0,0.0,0.0,0.0,0.0,0.0,0.0,0.40625,0
Tyson Foods,2020-02,1,@tysonfoods,4,0,0.0,0.0,0.0,0.0,0,0.0,0.0,0.0,0.0,0.0,0.0,0.0,0.75,1
Tyson Foods,2020-03,1,@tysonfoods,13,0,0.0,0.0,0.0,0.0,0,0.0,0.0,0.0,0.0,0.0,0.0,0.0,0.307692,0
Tyson Foods,2020-04,1,@tysonfoods,37,0,0.0,0.0,0.0,0.0,0,0.0,0.027027,0.000730459,0.0,0.0,0.0,0.0,0.486486,0
Tyson Foods,2020-05,1,@tysonfoods,26,0,0.0,0.0,0.0,0.0,0,0.0,0.0,0.0,0.0,0.0,0.0,0.0,0.5,1
Tyson Foods,2020-06,1,@tysonfoods,14,0,0.0,0.0,0.0,0.0,0,0.0,0.0,0.0,0.0,0.0,0.0,0.0,0.714286,1
Tyson Foods,2020-07,1,@tysonfoods,20,0,0.0,0.0,0.0,0.0,0,0.0,0.0,0.0,0.0,0.0,0.0,0.0,0.4,0
Tyson Foods,2020-08,1,@tysonfoods,19,0,0.0,0.0,0.0,0.0,0,0.0,0.052632,0.002770127,0.0,0.0,0.0,0.0,0.315789,0
Tyson Foods,2020-09,1,@tysonfoods,14,0,0.0,0.0,0.0,0.0,0,0.0,0.0,0.0,0.0,0.0,0.0,0.0,0.428571,0
Tyson Foods,2020-10,1,@tysonfoods,6,0,0.0,0.0,0.0,0.0,0,0.0,0.0,0.0,0.0,0.0,0.0,0.0,0.333333,0
Tyson Foods,2020-11,1,@tysonfoods,6,0,0.0,0.0,0.0,0.0,0,0.0,0.0,0.0,0.0,0.0,0.0,0.0,0.333333,0
Tyson Foods,2020-12,1,@tysonfoods,1,0,0.0,0.0,0.0,0.0,0,0.0,0.0,0.0,0.0,0.0,0.0,0.0,0.0,0
Tyson Foods,2021-01,1,@tysonfoods,17,0,0.0,0.0,0.0,0.0,0,0.0,0.0,0.0,0.0,0.0,0.0,0.0,0.529412,1
Tyson Foods,2021-02,1,@tysonfoods,9,0,0.0,0.0,0.0,0.0,0,0.0,0.0,0.0,0.0,0.0,0.0,0.0,0.555556,1
Tyson Foods,2021-03,1,@tysonfoods,32,0,0.0,0.0,0.0,0.0,0,0.0,0.0,0.0,0.0,0.0,0.0,0.0,0.71875,1
Tyson Foods,2021-04,1,@tysonfoods,19,0,0.0,0.0,0.0,0.0,0,0.0,0.0,0.0,0.0,0.0,0.0,0.0,0.631579,1
Tyson Foods,2021-05,1,@tysonfoods,19,0,0.0,0.0,0.0,0.0,0,0.0,0.0,0.0,0.0,0.0,0.0,0.0,0.631579,1
Tyson Foods,2021-06,1,@tysonfoods,7,0,0.0,0.0,0.0,0.0,0,0.0,0.0,0.0,0.0,0.0,0.0,0.0,0.571429,1
Tyson Foods,2021-07,1,@tysonfoods,7,0,0.0,0.0,0.0,0.0,0,0.0,0.0,0.0,0.0,0.0,0.0,0.0,0.285714,0
Tyson Foods,2021-08,1,@tysonfoods,1,0,0.0,0.0,0.0,0.0,0,,0.0,0.0,0.0,0.0,0.0,0.0,1.0,1
Tyson Foods,2021-09,1,@tysonfoods,3,0,0.0,0.0,0.0,0.0,0,0.0,0.0,0.0,0.0,0.0,0.0,0.0,0.0,0
Tyson Foods,2021-10,1,@tysonfoods,5,0,0.0,0.0,0.0,0.0,0,0.0,0.0,0.0,0.0,0.0,0.0,0.0,0.6,1
Tyson Foods,2021-11,1,@tysonfoods,2,0,0.0,0.0,0.0,0.0,0,0.0,0.0,0.0,0.0,0.0,0.0,0.0,0.5,1
Tyson Foods,2021-12,1,@tysonfoods,1,0,0.0,0.0,0.0,0.0,0,,0.0,0.0,0.0,0.0,0.0,0.0,1.0,1
Tyson Foods,2022-01,1,@tysonfoods,5,0,0.0,0.0,0.0,0.0,0,0.0,0.0,0.0,0.0,0.0,0.0,0.0,0.6,1
Tyson Foods,2022-02,1,@tysonfoods,5,0,0.0,0.0,0.0,0.0,0,0.0,0.0,0.0,0.0,0.0,0.0,0.0,0.8,1
Tyson Foods,2022-03,1,@tysonfoods,8,0,0.0,0.0,0.0,0.0,0,0.0,0.0,0.0,0.0,0.0,0.0,0.0,0.625,1
Tyson Foods,2022-04,1,@tysonfoods,9,0,0.0,0.0,0.0,0.0,0,0.0,0.0,0.0,0.0,0.0,0.0,0.0,0.555556,1
Tyson Foods,2022-05,1,@tysonfoods,8,0,0.0,0.0,0.0,0.0,0,0.0,0.0,0.0,0.0,0.0,0.0,0.0,0.375,0
Tyson Foods,2022-07,1,@tysonfoods,2,0,0.0,0.0,0.0,0.0,0,,0.0,0.0,0.0,0.0,0.0,0.0,1.0,1
Tyson Foods,2022-08,1,@tysonfoods,4,0,0.0,0.0,0.0,0.0,0,0.0,0.0,0.0,0.0,0.0,0.0,0.0,0.5,1
Tyson Foods,2022-09,1,@tysonfoods,9,0,0.0,0.0,0.0,0.0,0,0.0,0.0,0.0,0.0,0.0,0.0,0.0,0.555556,1
Tyson Foods,2022-10,1,@tysonfoods,8,0,0.0,0.0,0.0,0.0,0,0.0,0.0,0.0,0.0,0.0,0.0,0.0,0.625,1
Tyson Foods,2022-11,1,@tysonfoods,5,0,0.0,0.0,0.0,0.0,0,0.0,0.0,0.0,0.0,0.0,0.0,0.0,0.4,0
Tyson Foods,2023-01,1,@tysonfoods,1,0,0.0,0.0,0.0,0.0,0,0.0,0.0,0.0,0.0,0.0,0.0,0.0,0.0,0
Tyson Foods,2023-02,1,@tysonfoods,4,0,0.0,0.0,0.0,0.0,0,0.0,0.0,0.0,0.0,0.0,0.0,0.0,0.75,1
Tyson Foods,2023-03,1,@tysonfoods,2,0,0.0,0.0,0.0,0.0,0,,0.0,0.0,0.0,0.0,0.0,0.0,1.0,1
Tyson Foods,2023-05,1,@tysonfoods,4,0,0.0,0.0,0.0,0.0,0,0.0,0.0,0.0,0.0,0.0,0.0,0.0,0.75,1
Tyson Foods,2023-06,1,@tysonfoods,1,0,0.0,0.0,0.0,0.0,0,,0.0,0.0,0.0,0.0,0.0,0.0,1.0,1
Tyson Foods,2023-08,1,@tysonfoods,2,0,0.0,0.0,0.0,0.0,0,,0.0,0.0,0.0,0.0,0.0,0.0,1.0,1
Tyson Foods,2023-09,1,@tysonfoods,1,0,0.0,0.0,0.0,0.0,0,0.0,0.0,0.0,0.0,0.0,0.0,0.0,0.0,0
Tyson Foods,2023-11,1,@tysonfoods,2,0,0.0,0.0,0.0,0.0,0,0.0,0.0,0.0,0.0,0.0,0.0,0.0,0.5,1
Tyson Foods,2026-02,1,@tysonfoods,1,0,0.0,0.0,0.0,0.0,0,0.0,0.0,0.0,0.0,0.0,0.0,0.0,0.0,0
Tyson Foods,2026-03,1,@tysonfoods,7,0,0.0,0.0,0.0,0.0,0,0.0,0.0,0.0,0.0,0.0,0.0,0.0,0.428571,0
Tyson Foods,2026-06,1,@tysonfoods,1,0,0.0,0.0,0.0,0.0,0,0.0,0.0,0.0,0.0,0.0,0.0,0.0,0.0,0
UPS,2025-08,1,@ups,14,0,0.0,0.0,0.0,0.0,0,0.0,0.0,0.0,0.0,0.0,0.0,0.0,0.571429,1
UPS,2025-09,1,@ups,15,0,0.0,0.0,0.0,0.0,0,0.0,0.0,0.0,0.0,0.0,0.0,0.0,0.466667,0
UPS,2025-10,1,@ups,18,0,0.0,0.0,0.0,0.0,0,0.0,0.0,0.0,0.0,0.0,0.0,0.0,0.5,1
UPS,2025-11,1,@ups,21,0,0.0,0.0,0.0,0.0,0,0.0,0.0,0.0,0.0,0.0,0.0,0.0,0.571429,1
UPS,2025-12,1,@ups,31,0,0.0,0.0,0.0,0.0,0,0.0,0.0,0.0,0.0,0.0,0.0,0.0,0.419355,0
UPS,2026-01,1,@ups,17,0,0.0,0.0,0.0,0.0,0,0.0,0.0,0.0,0.0,0.0,0.0,0.0,0.411765,0
UPS,2026-02,1,@ups,19,0,0.0,0.0,0.0,0.0,0,0.0,0.0,0.0,0.0,0.0,0.0,0.0,0.421053,0
UPS,2026-03,1,@ups,15,0,0.0,0.0,0.0,0.0,0,0.0,0.0,0.0,0.0,0.0,0.0,0.0,0.333333,0
UPS,2026-04,1,@ups,21,0,0.0,0.0,0.0,0.0,0,0.0,0.0,0.0,0.0,0.0,0.0,0.0,0.190476,0
UPS,2026-05,1,@ups,20,0,0.0,0.0,0.0,0.0,0,0.0,0.0,0.0,0.0,0.0,0.0,0.0,0.5,1
UPS,2026-06,1,@ups,9,0,0.0,0.0,0.0,0.0,0,0.0,0.0,0.0,0.0,0.0,0.0,0.0,0.555556,1
USAA,2022-05,1,@usaa,17,0,0.0,0.0,0.0,0.0,0,0.0,0.0,0.0,0.0,0.0,0.0,0.0,0.529412,1
USAA,2022-06,1,@usaa,42,0,0.0,0.0,0.0,0.0,0,0.0,0.0,0.0,0.0,0.0,0.0,0.0,0.47619,0
USAA,2022-07,1,@usaa,26,0,0.0,0.0,0.0,0.0,0,0.0,0.0,0.0,0.0,0.0,0.0,0.0,0.423077,0
USAA,2022-08,1,@usaa,30,0,0.0,0.0,0.0,0.0,0,0.0,0.0,0.0,0.0,0.0,0.0,0.0,0.5,1
USAA,2022-09,1,@usaa,26,0,0.0,0.0,0.0,0.0,0,0.0,0.0,0.0,0.0,0.0,0.0,0.0,0.461538,0
USAA,2022-10,1,@usaa,50,0,0.0,0.0,0.0,0.0,0,0.0,0.0,0.0,0.0,0.0,0.0,0.0,0.48,0
USAA,2022-11,1,@usaa,57,0,0.0,0.0,0.0,0.0,0,0.0,0.0,0.0,0.0,0.0,0.0,0.0,0.403509,0
USAA,2022-12,1,@usaa,55,0,0.0,0.0,0.0,0.0,0,0.0,0.0,0.0,0.0,0.0,0.0,0.0,0.490909,0
USAA,2023-01,1,@usaa,18,0,0.0,0.0,0.0,0.0,0,0.0,0.0,0.0,0.0,0.0,0.0,0.0,0.388889,0
USAA,2023-02,1,@usaa,50,0,0.0,0.0,0.0,0.0,0,0.0,0.0,0.0,0.0,0.0,0.0,0.0,0.54,1
USAA,2023-03,1,@usaa,15,0,0.0,0.0,0.0,0.0,0,0.0,0.0,0.0,0.0,0.0,0.0,0.0,0.466667,0
USAA,2023-04,1,@usaa,27,0,0.0,0.0,0.0,0.0,0,0.0,0.0,0.0,0.0,0.0,0.0,0.0,0.62963,1
USAA,2023-05,1,@usaa,31,0,0.0,0.0,0.0,0.0,0,0.0,0.0,0.0,0.0,0.0,0.0,0.0,0.612903,1
USAA,2023-06,1,@usaa,16,0,0.0,0.0,0.0,0.0,0,0.0,0.0,0.0,0.0,0.0,0.0,0.0,0.4375,0
USAA,2023-07,1,@usaa,10,0,0.0,0.0,0.0,0.0,0,0.0,0.0,0.0,0.0,0.0,0.0,0.0,0.6,1
USAA,2023-08,1,@usaa,20,0,0.0,0.0,0.0,0.0,0,0.0,0.0,0.0,0.0,0.0,0.0,0.0,0.75,1
USAA,2023-09,1,@usaa,17,0,0.0,0.0,0.0,0.0,0,0.0,0.0,0.0,0.0,0.0,0.0,0.0,0.764706,1
USAA,2023-10,1,@usaa,18,0,0.0,0.0,0.0,0.0,0,0.0,0.0,0.0,0.0,0.0,0.0,0.0,0.611111,1
USAA,2023-11,1,@usaa,30,0,0.0,0.0,0.0,0.0,0,0.0,0.0,0.0,0.0,0.0,0.0,0.0,0.666667,1
USAA,2023-12,1,@usaa,28,0,0.0,0.0,0.0,0.0,0,0.0,0.0,0.0,0.0,0.0,0.0,0.0,0.5,1
USAA,2024-01,1,@usaa,19,1,0.052632,0.052632,0.002770127,0.693147,1,0.090909,0.052632,0.002770127,0.024930936,0.001312165,0.052632,0.002770127,0.421053,0
USAA,2024-02,1,@usaa,31,0,0.0,0.0,0.0,0.0,0,0.0,0.0,0.0,0.0,0.0,0.0,0.0,0.516129,1
USAA,2024-03,1,@usaa,9,0,0.0,0.0,0.0,0.0,0,0.0,0.0,0.0,0.0,0.0,0.0,0.0,0.333333,0
USAA,2024-04,1,@usaa,17,0,0.0,0.0,0.0,0.0,0,0.0,0.0,0.0,0.0,0.0,0.0,0.0,0.764706,1
USAA,2024-05,1,@usaa,25,0,0.0,0.0,0.0,0.0,0,0.0,0.0,0.0,0.0,0.0,0.0,0.0,0.6,1
USAA,2024-06,1,@usaa,12,0,0.0,0.0,0.0,0.0,0,0.0,0.0,0.0,0.0,0.0,0.0,0.0,0.333333,0
USAA,2024-07,1,@usaa,11,0,0.0,0.0,0.0,0.0,0,0.0,0.0,0.0,0.0,0.0,0.0,0.0,0.545455,1
USAA,2024-08,1,@usaa,21,0,0.0,0.0,0.0,0.0,0,0.0,0.0,0.0,0.0,0.0,0.0,0.0,0.714286,1
USAA,2024-09,1,@usaa,18,0,0.0,0.0,0.0,0.0,0,0.0,0.0,0.0,0.0,0.0,0.0,0.0,0.555556,1
USAA,2024-10,1,@usaa,11,0,0.0,0.0,0.0,0.0,0,0.0,0.0,0.0,0.0,0.0,0.0,0.0,0.636364,1
USAA,2024-11,1,@usaa,26,0,0.0,0.0,0.0,0.0,0,0.0,0.0,0.0,0.0,0.0,0.0,0.0,0.576923,1
USAA,2024-12,1,@usaa,41,0,0.0,0.0,0.0,0.0,0,0.0,0.0,0.0,0.0,0.0,0.0,0.0,0.585366,1
USAA,2025-01,1,@usaa,16,0,0.0,0.0,0.0,0.0,0,0.0,0.0,0.0,0.0,0.0,0.0,0.0,0.8125,1
USAA,2025-02,1,@usaa,21,0,0.0,0.0,0.0,0.0,0,0.0,0.047619,0.002267569,0.0,0.0,0.0,0.0,0.380952,0
USAA,2025-03,1,@usaa,10,0,0.0,0.0,0.0,0.0,0,0.0,0.0,0.0,0.0,0.0,0.0,0.0,0.6,1
USAA,2025-04,1,@usaa,4,0,0.0,0.0,0.0,0.0,0,0.0,0.0,0.0,0.0,0.0,0.0,0.0,0.25,0
USAA,2025-05,1,@usaa,7,0,0.0,0.0,0.0,0.0,0,0.0,0.0,0.0,0.0,0.0,0.0,0.0,0.571429,1
USAA,2025-06,1,@usaa,7,0,0.0,0.0,0.0,0.0,0,0.0,0.0,0.0,0.0,0.0,0.0,0.0,0.428571,0
USAA,2025-07,1,@usaa,8,0,0.0,0.0,0.0,0.0,0,0.0,0.0,0.0,0.0,0.0,0.0,0.0,0.75,1
USAA,2026-04,1,@usaa,2,0,0.0,0.0,0.0,0.0,0,0.0,0.0,0.0,0.0,0.0,0.0,0.0,0.5,1
Uber Technologies,2023-12,1,@Uber,19,0,0.0,0.0,0.0,0.0,0,0.0,0.0,0.0,0.0,0.0,0.0,0.0,0.421053,0
Uber Technologies,2024-01,1,@Uber,33,0,0.0,0.0,0.0,0.0,0,0.0,0.0,0.0,0.0,0.0,0.0,0.0,0.454545,0
Uber Technologies,2024-02,1,@Uber,57,0,0.0,0.0,0.0,0.0,0,0.0,0.0,0.0,0.0,0.0,0.0,0.0,0.508772,1
Uber Technologies,2024-03,1,@Uber,29,0,0.0,0.0,0.0,0.0,0,0.0,0.0,0.0,0.0,0.0,0.0,0.0,0.551724,1
Uber Technologies,2024-04,1,@Uber,45,0,0.0,0.0,0.0,0.0,0,0.0,0.0,0.0,0.0,0.0,0.0,0.0,0.488889,0
Uber Technologies,2024-05,1,@Uber,46,0,0.0,0.0,0.0,0.0,0,0.0,0.0,0.0,0.0,0.0,0.0,0.0,0.434783,0
Uber Technologies,2024-06,1,@Uber,32,0,0.0,0.0,0.0,0.0,0,0.0,0.0,0.0,0.0,0.0,0.0,0.0,0.4375,0
Uber Technologies,2024-07,1,@Uber,20,0,0.0,0.0,0.0,0.0,0,0.0,0.0,0.0,0.0,0.0,0.0,0.0,0.55,1
Uber Technologies,2024-08,1,@Uber,31,0,0.0,0.0,0.0,0.0,0,0.0,0.0,0.0,0.0,0.0,0.0,0.0,0.548387,1
Uber Technologies,2024-09,1,@Uber,38,0,0.0,0.0,0.0,0.0,0,0.0,0.0,0.0,0.0,0.0,0.0,0.0,0.394737,0
Uber Technologies,2024-10,1,@Uber,56,0,0.0,0.0,0.0,0.0,0,0.0,0.0,0.0,0.0,0.0,0.0,0.0,0.517857,1
Uber Technologies,2024-11,1,@Uber,16,0,0.0,0.0,0.0,0.0,0,0.0,0.0,0.0,0.0,0.0,0.0,0.0,0.1875,0
Uber Technologies,2024-12,1,@Uber,28,0,0.0,0.0,0.0,0.0,0,0.0,0.0,0.0,0.0,0.0,0.0,0.0,0.642857,1
Uber Technologies,2025-01,1,@Uber,31,0,0.0,0.0,0.0,0.0,0,0.0,0.0,0.0,0.0,0.0,0.0,0.0,0.483871,0
Uber Technologies,2025-02,1,@Uber,25,0,0.0,0.0,0.0,0.0,0,0.0,0.0,0.0,0.0,0.0,0.0,0.0,0.4,0
Uber Technologies,2025-03,1,@Uber,33,0,0.0,0.0,0.0,0.0,0,0.0,0.0,0.0,0.0,0.0,0.0,0.0,0.484848,0
Uber Technologies,2025-04,1,@Uber,23,0,0.0,0.0,0.0,0.0,0,0.0,0.0,0.0,0.0,0.0,0.0,0.0,0.521739,1
Uber Technologies,2025-05,1,@Uber,33,0,0.0,0.0,0.0,0.0,0,0.0,0.0,0.0,0.0,0.0,0.0,0.0,0.636364,1
Uber Technologies,2025-06,1,@Uber,15,0,0.0,0.0,0.0,0.0,0,0.0,0.0,0.0,0.0,0.0,0.0,0.0,0.666667,1
Uber Technologies,2025-07,1,@Uber,26,0,0.0,0.0,0.0,0.0,0,0.0,0.0,0.0,0.0,0.0,0.0,0.0,0.5,1
Uber Technologies,2025-08,1,@Uber,16,0,0.0,0.0,0.0,0.0,0,0.0,0.0,0.0,0.0,0.0,0.0,0.0,0.5625,1
Uber Technologies,2025-09,1,@Uber,17,1,0.058824,0.058824,0.003460263,0.693147,1,0.090909,0.058824,0.003460263,0.017301197,0.001017726,0.058824,0.003460263,0.352941,0
Uber Technologies,2025-10,1,@Uber,26,0,0.0,0.0,0.0,0.0,0,0.0,0.0,0.0,0.0,0.0,0.0,0.0,0.538462,1
Uber Technologies,2025-11,1,@Uber,28,0,0.0,0.0,0.0,0.0,0,0.0,0.0,0.0,0.0,0.0,0.0,0.0,0.392857,0
Uber Technologies,2025-12,1,@Uber,33,0,0.0,0.0,0.0,0.0,0,0.0,0.0,0.0,0.0,0.0,0.0,0.0,0.454545,0
Uber Technologies,2026-01,1,@Uber,36,0,0.0,0.0,0.0,0.0,0,0.0,0.0,0.0,0.0,0.0,0.0,0.0,0.361111,0
Uber Technologies,2026-02,1,@Uber,30,0,0.0,0.0,0.0,0.0,0,0.0,0.0,0.0,0.0,0.0,0.0,0.0,0.466667,0
Uber Technologies,2026-03,1,@Uber,39,1,0.025641,0.025641,0.000657461,0.693147,1,0.045455,0.025641,0.000657461,0.005917148,0.000151722,0.025641,0.000657461,0.435897,0
Uber Technologies,2026-04,1,@Uber,46,0,0.0,0.0,0.0,0.0,0,0.0,0.0,0.0,0.0,0.0,0.0,0.0,0.652174,1
Uber Technologies,2026-05,1,@Uber,27,0,0.0,0.0,0.0,0.0,0,0.0,0.0,0.0,0.0,0.0,0.0,0.0,0.37037,0
Uber Technologies,2026-06,1,@Uber,20,0,0.0,0.0,0.0,0.0,0,0.0,0.0,0.0,0.0,0.0,0.0,0.0,0.45,0
United Airlines Holdings,2023-06,1,@united,3,0,0.0,0.0,0.0,0.0,0,0.0,0.0,0.0,0.0,0.0,0.0,0.0,0.666667,1
United Airlines Holdings,2023-07,1,@united,14,0,0.0,0.0,0.0,0.0,0,0.0,0.0,0.0,0.0,0.0,0.0,0.0,0.571429,1
United Airlines Holdings,2023-08,1,@united,19,0,0.0,0.0,0.0,0.0,0,0.0,0.0,0.0,0.0,0.0,0.0,0.0,0.684211,1
United Airlines Holdings,2023-09,1,@united,13,0,0.0,0.0,0.0,0.0,0,0.0,0.0,0.0,0.0,0.0,0.0,0.0,0.384615,0
United Airlines Holdings,2023-10,1,@united,10,0,0.0,0.0,0.0,0.0,0,0.0,0.0,0.0,0.0,0.0,0.0,0.0,0.7,1
United Airlines Holdings,2023-11,1,@united,9,0,0.0,0.0,0.0,0.0,0,0.0,0.0,0.0,0.0,0.0,0.0,0.0,0.333333,0
United Airlines Holdings,2023-12,1,@united,14,0,0.0,0.0,0.0,0.0,0,0.0,0.0,0.0,0.0,0.0,0.0,0.0,0.357143,0
United Airlines Holdings,2024-01,1,@united,7,0,0.0,0.0,0.0,0.0,0,0.0,0.0,0.0,0.0,0.0,0.0,0.0,0.285714,0
United Airlines Holdings,2024-02,1,@united,20,0,0.0,0.0,0.0,0.0,0,0.0,0.0,0.0,0.0,0.0,0.0,0.0,0.2,0
United Airlines Holdings,2024-03,1,@united,5,0,0.0,0.0,0.0,0.0,0,0.0,0.0,0.0,0.0,0.0,0.0,0.0,0.4,0
United Airlines Holdings,2024-04,1,@united,5,0,0.0,0.0,0.0,0.0,0,0.0,0.0,0.0,0.0,0.0,0.0,0.0,0.2,0
United Airlines Holdings,2024-05,1,@united,16,0,0.0,0.0,0.0,0.0,0,0.0,0.0,0.0,0.0,0.0,0.0,0.0,0.5,1
United Airlines Holdings,2024-06,1,@united,9,0,0.0,0.0,0.0,0.0,0,0.0,0.0,0.0,0.0,0.0,0.0,0.0,0.555556,1
United Airlines Holdings,2024-07,1,@united,7,0,0.0,0.0,0.0,0.0,0,0.0,0.0,0.0,0.0,0.0,0.0,0.0,0.428571,0
United Airlines Holdings,2024-08,1,@united,8,0,0.0,0.0,0.0,0.0,0,0.0,0.0,0.0,0.0,0.0,0.0,0.0,0.25,0
United Airlines Holdings,2024-09,1,@united,12,0,0.0,0.0,0.0,0.0,0,0.0,0.0,0.0,0.0,0.0,0.0,0.0,0.666667,1
United Airlines Holdings,2024-10,1,@united,10,1,0.1,0.1,0.01,0.693147,1,0.2,0.1,0.01,0.02,0.002,0.1,0.01,0.5,1
United Airlines Holdings,2024-11,1,@united,5,0,0.0,0.0,0.0,0.0,0,0.0,0.0,0.0,0.0,0.0,0.0,0.0,0.2,0
United Airlines Holdings,2024-12,1,@united,15,0,0.0,0.0,0.0,0.0,0,0.0,0.0,0.0,0.0,0.0,0.0,0.0,0.466667,0
United Airlines Holdings,2025-01,1,@united,12,0,0.0,0.0,0.0,0.0,0,0.0,0.0,0.0,0.0,0.0,0.0,0.0,0.416667,0
United Airlines Holdings,2025-02,1,@united,5,0,0.0,0.0,0.0,0.0,0,0.0,0.0,0.0,0.0,0.0,0.0,0.0,0.4,0
United Airlines Holdings,2025-03,1,@united,3,0,0.0,0.0,0.0,0.0,0,0.0,0.0,0.0,0.0,0.0,0.0,0.0,0.333333,0
United Airlines Holdings,2025-04,1,@united,6,0,0.0,0.0,0.0,0.0,0,0.0,0.0,0.0,0.0,0.0,0.0,0.0,0.666667,1
United Airlines Holdings,2025-05,1,@united,10,0,0.0,0.0,0.0,0.0,0,0.0,0.0,0.0,0.0,0.0,0.0,0.0,0.3,0
United Airlines Holdings,2025-06,1,@united,4,0,0.0,0.0,0.0,0.0,0,0.0,0.0,0.0,0.0,0.0,0.0,0.0,0.0,0
United Airlines Holdings,2025-07,1,@united,4,0,0.0,0.0,0.0,0.0,0,0.0,0.0,0.0,0.0,0.0,0.0,0.0,0.75,1
United Airlines Holdings,2025-08,1,@united,4,0,0.0,0.0,0.0,0.0,0,0.0,0.0,0.0,0.0,0.0,0.0,0.0,0.5,1
United Airlines Holdings,2025-09,1,@united,2,0,0.0,0.0,0.0,0.0,0,,0.0,0.0,0.0,0.0,0.0,0.0,1.0,1
United Airlines Holdings,2025-10,1,@united,4,0,0.0,0.0,0.0,0.0,0,0.0,0.0,0.0,0.0,0.0,0.0,0.0,0.25,0
United Airlines Holdings,2025-11,1,@united,7,0,0.0,0.0,0.0,0.0,0,0.0,0.0,0.0,0.0,0.0,0.0,0.0,0.428571,0
United Airlines Holdings,2025-12,1,@united,3,0,0.0,0.0,0.0,0.0,0,0.0,0.0,0.0,0.0,0.0,0.0,0.0,0.0,0
United Airlines Holdings,2026-01,1,@united,10,0,0.0,0.0,0.0,0.0,0,0.0,0.0,0.0,0.0,0.0,0.0,0.0,0.4,0
United Airlines Holdings,2026-02,1,@united,4,0,0.0,0.0,0.0,0.0,0,0.0,0.0,0.0,0.0,0.0,0.0,0.0,0.25,0
United Airlines Holdings,2026-03,1,@united,3,0,0.0,0.0,0.0,0.0,0,0.0,0.0,0.0,0.0,0.0,0.0,0.0,0.0,0
United Airlines Holdings,2026-04,1,@united,2,0,0.0,0.0,0.0,0.0,0,0.0,0.0,0.0,0.0,0.0,0.0,0.0,0.0,0
United Airlines Holdings,2026-05,1,@united,6,0,0.0,0.0,0.0,0.0,0,0.0,0.0,0.0,0.0,0.0,0.0,0.0,0.333333,0
United Airlines Holdings,2026-06,1,@united,2,0,0.0,0.0,0.0,0.0,0,,0.0,0.0,0.0,0.0,0.0,0.0,1.0,1
UnitedHealth Group,2022-09,1,@UnitedHealthGrp,13,0,0.0,0.0,0.0,0.0,0,0.0,0.076923,0.005917148,0.0,0.0,0.0,0.0,0.615385,1
UnitedHealth Group,2022-10,1,@UnitedHealthGrp,13,0,0.0,0.0,0.0,0.0,0,0.0,0.0,0.0,0.0,0.0,0.0,0.0,0.307692,0
UnitedHealth Group,2022-11,1,@UnitedHealthGrp,11,0,0.0,0.0,0.0,0.0,0,0.0,0.0,0.0,0.0,0.0,0.0,0.0,0.363636,0
UnitedHealth Group,2022-12,1,@UnitedHealthGrp,4,0,0.0,0.0,0.0,0.0,0,0.0,0.0,0.0,0.0,0.0,0.0,0.0,0.25,0
UnitedHealth Group,2023-01,1,@UnitedHealthGrp,7,0,0.0,0.0,0.0,0.0,0,0.0,0.0,0.0,0.0,0.0,0.0,0.0,0.0,0
UnitedHealth Group,2023-02,1,@UnitedHealthGrp,7,0,0.0,0.0,0.0,0.0,0,0.0,0.0,0.0,0.0,0.0,0.0,0.0,0.571429,1
UnitedHealth Group,2023-03,1,@UnitedHealthGrp,10,0,0.0,0.0,0.0,0.0,0,0.0,0.0,0.0,0.0,0.0,0.0,0.0,0.3,0
UnitedHealth Group,2023-04,1,@UnitedHealthGrp,10,0,0.0,0.0,0.0,0.0,0,0.0,0.0,0.0,0.0,0.0,0.0,0.0,0.7,1
UnitedHealth Group,2023-05,1,@UnitedHealthGrp,5,0,0.0,0.0,0.0,0.0,0,0.0,0.0,0.0,0.0,0.0,0.0,0.0,0.2,0
UnitedHealth Group,2023-06,1,@UnitedHealthGrp,3,0,0.0,0.0,0.0,0.0,0,0.0,0.0,0.0,0.0,0.0,0.0,0.0,0.0,0
UnitedHealth Group,2023-07,1,@UnitedHealthGrp,6,0,0.0,0.0,0.0,0.0,0,0.0,0.0,0.0,0.0,0.0,0.0,0.0,0.333333,0
UnitedHealth Group,2025-02,1,@UnitedHealthGrp,1,0,0.0,0.0,0.0,0.0,0,0.0,0.0,0.0,0.0,0.0,0.0,0.0,0.0,0
UnitedHealth Group,2025-03,1,@UnitedHealthGrp,8,0,0.0,0.0,0.0,0.0,0,0.0,0.0,0.0,0.0,0.0,0.0,0.0,0.375,0
UnitedHealth Group,2025-04,1,@UnitedHealthGrp,4,0,0.0,0.0,0.0,0.0,0,0.0,0.0,0.0,0.0,0.0,0.0,0.0,0.0,0
UnitedHealth Group,2025-05,1,@UnitedHealthGrp,4,0,0.0,0.0,0.0,0.0,0,0.0,0.0,0.0,0.0,0.0,0.0,0.0,0.5,1
UnitedHealth Group,2025-06,1,@UnitedHealthGrp,4,0,0.0,0.0,0.0,0.0,0,0.0,0.0,0.0,0.0,0.0,0.0,0.0,0.5,1
UnitedHealth Group,2025-07,1,@UnitedHealthGrp,8,0,0.0,0.0,0.0,0.0,0,0.0,0.0,0.0,0.0,0.0,0.0,0.0,0.125,0
UnitedHealth Group,2025-08,1,@UnitedHealthGrp,1,0,0.0,0.0,0.0,0.0,0,,0.0,0.0,0.0,0.0,0.0,0.0,1.0,1
UnitedHealth Group,2025-09,1,@UnitedHealthGrp,1,0,0.0,0.0,0.0,0.0,0,0.0,0.0,0.0,0.0,0.0,0.0,0.0,0.0,0
UnitedHealth Group,2025-10,1,@UnitedHealthGrp,4,0,0.0,0.0,0.0,0.0,0,0.0,0.0,0.0,0.0,0.0,0.0,0.0,0.25,0
UnitedHealth Group,2025-12,1,@UnitedHealthGrp,1,0,0.0,0.0,0.0,0.0,0,0.0,0.0,0.0,0.0,0.0,0.0,0.0,0.0,0
UnitedHealth Group,2026-03,1,@UnitedHealthGrp,13,0,0.0,0.0,0.0,0.0,0,0.0,0.0,0.0,0.0,0.0,0.0,0.0,0.615385,1
UnitedHealth Group,2026-04,1,@UnitedHealthGrp,6,0,0.0,0.0,0.0,0.0,0,0.0,0.0,0.0,0.0,0.0,0.0,0.0,0.333333,0
UnitedHealth Group,2026-05,1,@UnitedHealthGrp,10,0,0.0,0.0,0.0,0.0,0,0.0,0.0,0.0,0.0,0.0,0.0,0.0,0.7,1
UnitedHealth Group,2026-06,1,@UnitedHealthGrp,1,0,0.0,0.0,0.0,0.0,0,0.0,0.0,0.0,0.0,0.0,0.0,0.0,0.0,0
Valero Energy,2022-04,1,@valeroenergy,2,0,0.0,0.0,0.0,0.0,0,0.0,0.0,0.0,0.0,0.0,0.0,0.0,0.5,1
Valero Energy,2022-05,1,@valeroenergy,2,0,0.0,0.0,0.0,0.0,0,,0.0,0.0,0.0,0.0,0.0,0.0,1.0,1
Valero Energy,2022-06,1,@valeroenergy,5,0,0.0,0.0,0.0,0.0,0,,0.0,0.0,0.0,0.0,0.0,0.0,1.0,1
Valero Energy,2022-07,1,@valeroenergy,12,0,0.0,0.0,0.0,0.0,0,0.0,0.0,0.0,0.0,0.0,0.0,0.0,0.75,1
Valero Energy,2022-08,1,@valeroenergy,21,0,0.0,0.0,0.0,0.0,0,0.0,0.0,0.0,0.0,0.0,0.0,0.0,0.714286,1
Valero Energy,2022-09,1,@valeroenergy,49,0,0.0,0.0,0.0,0.0,0,0.0,0.0,0.0,0.0,0.0,0.0,0.0,0.510204,1
Valero Energy,2022-10,1,@valeroenergy,14,0,0.0,0.0,0.0,0.0,0,0.0,0.0,0.0,0.0,0.0,0.0,0.0,0.642857,1
Valero Energy,2022-11,1,@valeroenergy,3,0,0.0,0.0,0.0,0.0,0,0.0,0.0,0.0,0.0,0.0,0.0,0.0,0.666667,1
Valero Energy,2023-03,1,@valeroenergy,3,0,0.0,0.0,0.0,0.0,0,0.0,0.0,0.0,0.0,0.0,0.0,0.0,0.666667,1
Valero Energy,2023-06,1,@valeroenergy,18,0,0.0,0.0,0.0,0.0,0,0.0,0.0,0.0,0.0,0.0,0.0,0.0,0.444444,0
Valero Energy,2023-07,1,@valeroenergy,6,0,0.0,0.0,0.0,0.0,0,0.0,0.0,0.0,0.0,0.0,0.0,0.0,0.5,1
Valero Energy,2023-08,1,@valeroenergy,4,0,0.0,0.0,0.0,0.0,0,0.0,0.0,0.0,0.0,0.0,0.0,0.0,0.5,1
Valero Energy,2023-09,1,@valeroenergy,6,0,0.0,0.0,0.0,0.0,0,0.0,0.0,0.0,0.0,0.0,0.0,0.0,0.666667,1
Valero Energy,2023-10,1,@valeroenergy,5,0,0.0,0.0,0.0,0.0,0,0.0,0.0,0.0,0.0,0.0,0.0,0.0,0.6,1
Valero Energy,2023-11,1,@valeroenergy,1,0,0.0,0.0,0.0,0.0,0,,0.0,0.0,0.0,0.0,0.0,0.0,1.0,1
Valero Energy,2023-12,1,@valeroenergy,8,0,0.0,0.0,0.0,0.0,0,0.0,0.0,0.0,0.0,0.0,0.0,0.0,0.5,1
Valero Energy,2024-01,1,@valeroenergy,6,0,0.0,0.0,0.0,0.0,0,0.0,0.0,0.0,0.0,0.0,0.0,0.0,0.5,1
Valero Energy,2024-06,1,@valeroenergy,2,0,0.0,0.0,0.0,0.0,0,,0.0,0.0,0.0,0.0,0.0,0.0,1.0,1
Valero Energy,2024-12,1,@valeroenergy,2,0,0.0,0.0,0.0,0.0,0,0.0,0.0,0.0,0.0,0.0,0.0,0.0,0.5,1
Valero Energy,2025-03,1,@valeroenergy,2,0,0.0,0.0,0.0,0.0,0,,0.0,0.0,0.0,0.0,0.0,0.0,1.0,1
Valero Energy,2025-04,1,@valeroenergy,3,0,0.0,0.0,0.0,0.0,0,0.0,0.0,0.0,0.0,0.0,0.0,0.0,0.666667,1
Valero Energy,2025-06,1,@valeroenergy,4,0,0.0,0.0,0.0,0.0,0,0.0,0.0,0.0,0.0,0.0,0.0,0.0,0.0,0
Valero Energy,2025-11,1,@valeroenergy,4,0,0.0,0.0,0.0,0.0,0,0.0,0.0,0.0,0.0,0.0,0.0,0.0,0.5,1
Valero Energy,2025-12,1,@valeroenergy,4,0,0.0,0.0,0.0,0.0,0,0.0,0.0,0.0,0.0,0.0,0.0,0.0,0.0,0
Verizon Communications,2024-10,1,@Verizon,7,0,0.0,0.0,0.0,0.0,0,0.0,0.0,0.0,0.0,0.0,0.0,0.0,0.285714,0
Verizon Communications,2024-11,1,@Verizon,4,0,0.0,0.0,0.0,0.0,0,0.0,0.0,0.0,0.0,0.0,0.0,0.0,0.75,1
Verizon Communications,2025-01,1,@Verizon,1,0,0.0,0.0,0.0,0.0,0,0.0,0.0,0.0,0.0,0.0,0.0,0.0,0.0,0
Verizon Communications,2025-02,1,@Verizon,5,0,0.0,0.0,0.0,0.0,0,0.0,0.0,0.0,0.0,0.0,0.0,0.0,0.2,0
Verizon Communications,2025-06,1,@Verizon,2,0,0.0,0.0,0.0,0.0,0,0.0,0.0,0.0,0.0,0.0,0.0,0.0,0.5,1
Verizon Communications,2025-07,1,@Verizon,2,0,0.0,0.0,0.0,0.0,0,0.0,0.0,0.0,0.0,0.0,0.0,0.0,0.5,1
Verizon Communications,2025-10,1,@Verizon,2,0,0.0,0.0,0.0,0.0,0,0.0,0.0,0.0,0.0,0.0,0.0,0.0,0.0,0
Verizon Communications,2026-01,1,@Verizon,16,0,0.0,0.0,0.0,0.0,0,0.0,0.0,0.0,0.0,0.0,0.0,0.0,0.5625,1
Verizon Communications,2026-03,1,@Verizon,2,0,0.0,0.0,0.0,0.0,0,0.0,0.0,0.0,0.0,0.0,0.0,0.0,0.5,1
Verizon Communications,2026-04,1,@Verizon,2,0,0.0,0.0,0.0,0.0,0,0.0,0.0,0.0,0.0,0.0,0.0,0.0,0.5,1
Walmart,2023-07,1,@walmart,20,0,0.0,0.0,0.0,0.0,0,0.0,0.0,0.0,0.0,0.0,0.0,0.0,0.5,1
Walmart,2023-08,1,@walmart,70,0,0.0,0.0,0.0,0.0,0,0.0,0.0,0.0,0.0,0.0,0.0,0.0,0.585714,1
Walmart,2023-09,1,@walmart,72,0,0.0,0.0,0.0,0.0,0,0.0,0.0,0.0,0.0,0.0,0.0,0.0,0.458333,0
Walmart,2023-10,1,@walmart,37,1,0.027027,0.027027,0.000730459,0.693147,1,0.052632,0.027027,0.000730459,0.002921835,7.8968e-05,0.027027,0.000730459,0.486486,0
Walmart,2023-11,1,@walmart,19,0,0.0,0.0,0.0,0.0,0,0.0,0.0,0.0,0.0,0.0,0.0,0.0,0.631579,1
Walmart,2023-12,1,@walmart,13,0,0.0,0.0,0.0,0.0,0,0.0,0.0,0.0,0.0,0.0,0.0,0.0,0.692308,1
Walmart,2024-01,1,@walmart,13,0,0.0,0.0,0.0,0.0,0,0.0,0.0,0.0,0.0,0.0,0.0,0.0,0.307692,0
Walmart,2024-02,1,@walmart,27,0,0.0,0.0,0.0,0.0,0,0.0,0.0,0.0,0.0,0.0,0.0,0.0,0.407407,0
Walmart,2024-03,1,@walmart,21,0,0.0,0.0,0.0,0.0,0,0.0,0.0,0.0,0.0,0.0,0.0,0.0,0.285714,0
Walmart,2024-04,1,@walmart,24,0,0.0,0.0,0.0,0.0,0,0.0,0.0,0.0,0.0,0.0,0.0,0.0,0.416667,0
Walmart,2024-05,1,@walmart,20,0,0.0,0.0,0.0,0.0,0,0.0,0.0,0.0,0.0,0.0,0.0,0.0,0.45,0
Walmart,2024-06,1,@walmart,21,0,0.0,0.0,0.0,0.0,0,0.0,0.0,0.0,0.0,0.0,0.0,0.0,0.238095,0
Walmart,2024-07,1,@walmart,43,1,0.023256,0.023256,0.000540842,0.693147,1,0.038462,0.023256,0.000540842,0.002163343,5.0311e-05,0.023256,0.000540842,0.395349,0
Walmart,2024-08,1,@walmart,53,0,0.0,0.0,0.0,0.0,0,0.0,0.0,0.0,0.0,0.0,0.0,0.0,0.283019,0
Walmart,2024-09,1,@walmart,35,1,0.028571,0.028571,0.000816302,0.693147,1,0.047619,0.028571,0.000816302,0.003265265,9.3292e-05,0.028571,0.000816302,0.4,0
Walmart,2024-10,1,@walmart,47,0,0.0,0.0,0.0,0.0,0,0.0,0.0,0.0,0.0,0.0,0.0,0.0,0.191489,0
Walmart,2024-11,1,@walmart,23,0,0.0,0.0,0.0,0.0,0,0.0,0.0,0.0,0.0,0.0,0.0,0.0,0.478261,0
Walmart,2024-12,1,@walmart,14,0,0.0,0.0,0.0,0.0,0,0.0,0.0,0.0,0.0,0.0,0.0,0.0,0.214286,0
Walmart,2025-01,1,@walmart,5,0,0.0,0.0,0.0,0.0,0,0.0,0.0,0.0,0.0,0.0,0.0,0.0,0.6,1
Walmart,2025-02,1,@walmart,41,0,0.0,0.0,0.0,0.0,0,0.0,0.0,0.0,0.0,0.0,0.0,0.0,0.243902,0
Walmart,2025-03,1,@walmart,24,0,0.0,0.0,0.0,0.0,0,0.0,0.0,0.0,0.0,0.0,0.0,0.0,0.333333,0
Walmart,2025-04,1,@walmart,25,0,0.0,0.0,0.0,0.0,0,0.0,0.0,0.0,0.0,0.0,0.0,0.0,0.32,0
Walmart,2025-05,1,@walmart,15,0,0.0,0.0,0.0,0.0,0,0.0,0.0,0.0,0.0,0.0,0.0,0.0,0.2,0
Walmart,2025-06,1,@walmart,15,0,0.0,0.0,0.0,0.0,0,0.0,0.0,0.0,0.0,0.0,0.0,0.0,0.466667,0
Walmart,2025-07,1,@walmart,20,0,0.0,0.0,0.0,0.0,0,0.0,0.0,0.0,0.0,0.0,0.0,0.0,0.45,0
Walmart,2025-08,1,@walmart,12,0,0.0,0.0,0.0,0.0,0,0.0,0.0,0.0,0.0,0.0,0.0,0.0,0.25,0
Walmart,2025-09,1,@walmart,11,0,0.0,0.0,0.0,0.0,0,0.0,0.0,0.0,0.0,0.0,0.0,0.0,0.545455,1
Walmart,2025-10,1,@walmart,11,0,0.0,0.0,0.0,0.0,0,0.0,0.0,0.0,0.0,0.0,0.0,0.0,0.363636,0
Walmart,2025-11,1,@walmart,5,0,0.0,0.0,0.0,0.0,0,0.0,0.0,0.0,0.0,0.0,0.0,0.0,0.0,0
Walmart,2025-12,1,@walmart,5,0,0.0,0.0,0.0,0.0,0,0.0,0.0,0.0,0.0,0.0,0.0,0.0,0.0,0
Walmart,2026-01,1,@walmart,9,0,0.0,0.0,0.0,0.0,0,0.0,0.0,0.0,0.0,0.0,0.0,0.0,0.333333,0
Walmart,2026-02,1,@walmart,40,0,0.0,0.0,0.0,0.0,0,0.0,0.0,0.0,0.0,0.0,0.0,0.0,0.7,1
Walmart,2026-03,1,@walmart,13,0,0.0,0.0,0.0,0.0,0,0.0,0.0,0.0,0.0,0.0,0.0,0.0,0.461538,0
Walmart,2026-04,1,@walmart,7,0,0.0,0.0,0.0,0.0,0,0.0,0.0,0.0,0.0,0.0,0.0,0.0,0.428571,0
Walmart,2026-05,1,@walmart,8,0,0.0,0.0,0.0,0.0,0,0.0,0.0,0.0,0.0,0.0,0.0,0.0,0.625,1
Walmart,2026-06,1,@walmart,4,0,0.0,0.0,0.0,0.0,0,0.0,0.0,0.0,0.0,0.0,0.0,0.0,0.75,1
Walt Disney,2024-01,1,@Disney,5,0,0.0,0.0,0.0,0.0,0,,0.0,0.0,0.0,0.0,0.0,0.0,1.0,1
Walt Disney,2024-02,1,@Disney,29,0,0.0,0.0,0.0,0.0,0,0.0,0.0,0.0,0.0,0.0,0.0,0.0,0.551724,1
Walt Disney,2024-03,1,@Disney,25,0,0.0,0.0,0.0,0.0,0,0.0,0.0,0.0,0.0,0.0,0.0,0.0,0.6,1
Walt Disney,2024-04,1,@Disney,19,0,0.0,0.0,0.0,0.0,0,0.0,0.0,0.0,0.0,0.0,0.0,0.0,0.578947,1
Walt Disney,2024-05,1,@Disney,15,0,0.0,0.0,0.0,0.0,0,0.0,0.0,0.0,0.0,0.0,0.0,0.0,0.4,0
Walt Disney,2024-06,1,@Disney,5,0,0.0,0.0,0.0,0.0,0,0.0,0.0,0.0,0.0,0.0,0.0,0.0,0.8,1
Walt Disney,2024-07,1,@Disney,8,0,0.0,0.0,0.0,0.0,0,0.0,0.0,0.0,0.0,0.0,0.0,0.0,0.5,1
Walt Disney,2024-08,1,@Disney,94,0,0.0,0.0,0.0,0.0,0,0.0,0.0,0.0,0.0,0.0,0.0,0.0,0.62766,1
Walt Disney,2024-09,1,@Disney,15,0,0.0,0.0,0.0,0.0,0,0.0,0.0,0.0,0.0,0.0,0.0,0.0,0.866667,1
Walt Disney,2024-10,1,@Disney,6,0,0.0,0.0,0.0,0.0,0,0.0,0.0,0.0,0.0,0.0,0.0,0.0,0.5,1
Walt Disney,2024-11,1,@Disney,135,0,0.0,0.0,0.0,0.0,0,0.0,0.0,0.0,0.0,0.0,0.0,0.0,0.666667,1
Walt Disney,2024-12,1,@Disney,27,0,0.0,0.0,0.0,0.0,0,0.0,0.0,0.0,0.0,0.0,0.0,0.0,0.62963,1
Walt Disney,2025-01,1,@Disney,8,0,0.0,0.0,0.0,0.0,0,0.0,0.0,0.0,0.0,0.0,0.0,0.0,0.375,0
Walt Disney,2025-02,1,@Disney,16,0,0.0,0.0,0.0,0.0,0,0.0,0.0,0.0,0.0,0.0,0.0,0.0,0.8125,1
Walt Disney,2025-03,1,@Disney,116,0,0.0,0.0,0.0,0.0,0,0.0,0.0,0.0,0.0,0.0,0.0,0.0,0.543103,1
Walt Disney,2025-04,1,@Disney,115,0,0.0,0.0,0.0,0.0,0,0.0,0.0,0.0,0.0,0.0,0.0,0.0,0.521739,1
Walt Disney,2025-05,1,@Disney,50,0,0.0,0.0,0.0,0.0,0,0.0,0.0,0.0,0.0,0.0,0.0,0.0,0.64,1
Walt Disney,2025-06,1,@Disney,22,0,0.0,0.0,0.0,0.0,0,0.0,0.0,0.0,0.0,0.0,0.0,0.0,0.590909,1
Walt Disney,2025-07,1,@Disney,52,0,0.0,0.0,0.0,0.0,0,0.0,0.0,0.0,0.0,0.0,0.0,0.0,0.596154,1
Walt Disney,2025-08,1,@Disney,65,0,0.0,0.0,0.0,0.0,0,0.0,0.0,0.0,0.0,0.0,0.0,0.0,0.569231,1
Walt Disney,2025-09,1,@Disney,36,0,0.0,0.0,0.0,0.0,0,0.0,0.0,0.0,0.0,0.0,0.0,0.0,0.5,1
Walt Disney,2025-10,1,@Disney,49,0,0.0,0.0,0.0,0.0,0,0.0,0.0,0.0,0.0,0.0,0.0,0.0,0.755102,1
Walt Disney,2025-11,1,@Disney,93,0,0.0,0.0,0.0,0.0,0,0.0,0.0,0.0,0.0,0.0,0.0,0.0,0.483871,0
Walt Disney,2025-12,1,@Disney,49,0,0.0,0.0,0.0,0.0,0,0.0,0.0,0.0,0.0,0.0,0.0,0.0,0.612245,1
Walt Disney,2026-01,1,@Disney,8,0,0.0,0.0,0.0,0.0,0,0.0,0.0,0.0,0.0,0.0,0.0,0.0,0.25,0
Walt Disney,2026-02,1,@Disney,33,0,0.0,0.0,0.0,0.0,0,0.0,0.0,0.0,0.0,0.0,0.0,0.0,0.30303,0
Walt Disney,2026-03,1,@Disney,55,0,0.0,0.0,0.0,0.0,0,0.0,0.0,0.0,0.0,0.0,0.0,0.0,0.6,1
Walt Disney,2026-04,1,@Disney,81,0,0.0,0.0,0.0,0.0,0,0.0,0.0,0.0,0.0,0.0,0.0,0.0,0.54321,1
Walt Disney,2026-05,1,@Disney,86,0,0.0,0.0,0.0,0.0,0,0.0,0.0,0.0,0.0,0.0,0.0,0.0,0.55814,1
Walt Disney,2026-06,1,@Disney,36,0,0.0,0.0,0.0,0.0,0,0.0,0.0,0.0,0.0,0.0,0.0,0.0,0.75,1
Wells Fargo,2023-06,1,@wellsfargo,9,0,0.0,0.0,0.0,0.0,0,0.0,0.0,0.0,0.0,0.0,0.0,0.0,0.666667,1
Wells Fargo,2023-07,1,@wellsfargo,11,0,0.0,0.0,0.0,0.0,0,0.0,0.0,0.0,0.0,0.0,0.0,0.0,0.636364,1
Wells Fargo,2023-08,1,@wellsfargo,8,2,0.25,0.25,0.0625,1.098612,1,0.5,0.25,0.0625,0.125,0.03125,0.25,0.0625,0.5,1
Wells Fargo,2023-09,1,@wellsfargo,9,0,0.0,0.0,0.0,0.0,0,0.0,0.0,0.0,0.0,0.0,0.0,0.0,0.555556,1
Wells Fargo,2023-10,1,@wellsfargo,12,0,0.0,0.0,0.0,0.0,0,0.0,0.0,0.0,0.0,0.0,0.0,0.0,0.333333,0
Wells Fargo,2023-11,1,@wellsfargo,9,0,0.0,0.0,0.0,0.0,0,0.0,0.0,0.0,0.0,0.0,0.0,0.0,0.444444,0
Wells Fargo,2023-12,1,@wellsfargo,11,0,0.0,0.0,0.0,0.0,0,0.0,0.0,0.0,0.0,0.0,0.0,0.0,0.545455,1
Wells Fargo,2024-01,1,@wellsfargo,4,0,0.0,0.0,0.0,0.0,0,0.0,0.0,0.0,0.0,0.0,0.0,0.0,0.75,1
Wells Fargo,2024-02,1,@wellsfargo,7,0,0.0,0.0,0.0,0.0,0,0.0,0.0,0.0,0.0,0.0,0.0,0.0,0.428571,0
Wells Fargo,2024-03,1,@wellsfargo,4,0,0.0,0.0,0.0,0.0,0,0.0,0.0,0.0,0.0,0.0,0.0,0.0,0.5,1
Wells Fargo,2024-04,1,@wellsfargo,9,0,0.0,0.0,0.0,0.0,0,0.0,0.0,0.0,0.0,0.0,0.0,0.0,0.444444,0
Wells Fargo,2024-05,1,@wellsfargo,26,0,0.0,0.0,0.0,0.0,0,0.0,0.0,0.0,0.0,0.0,0.0,0.0,0.730769,1
Wells Fargo,2024-06,1,@wellsfargo,9,0,0.0,0.0,0.0,0.0,0,0.0,0.0,0.0,0.0,0.0,0.0,0.0,0.333333,0
Wells Fargo,2024-07,1,@wellsfargo,7,0,0.0,0.0,0.0,0.0,0,0.0,0.0,0.0,0.0,0.0,0.0,0.0,0.285714,0
Wells Fargo,2024-08,1,@wellsfargo,3,0,0.0,0.0,0.0,0.0,0,0.0,0.0,0.0,0.0,0.0,0.0,0.0,0.666667,1
Wells Fargo,2024-09,1,@wellsfargo,6,0,0.0,0.0,0.0,0.0,0,0.0,0.0,0.0,0.0,0.0,0.0,0.0,0.666667,1
Wells Fargo,2024-10,1,@wellsfargo,15,0,0.0,0.0,0.0,0.0,0,0.0,0.0,0.0,0.0,0.0,0.0,0.0,0.6,1
Wells Fargo,2024-11,1,@wellsfargo,5,0,0.0,0.0,0.0,0.0,0,0.0,0.0,0.0,0.0,0.0,0.0,0.0,0.6,1
Wells Fargo,2024-12,1,@wellsfargo,9,0,0.0,0.0,0.0,0.0,0,0.0,0.0,0.0,0.0,0.0,0.0,0.0,0.444444,0
Wells Fargo,2025-01,1,@wellsfargo,5,0,0.0,0.0,0.0,0.0,0,0.0,0.0,0.0,0.0,0.0,0.0,0.0,0.8,1
Wells Fargo,2025-02,1,@wellsfargo,4,0,0.0,0.0,0.0,0.0,0,0.0,0.0,0.0,0.0,0.0,0.0,0.0,0.0,0
Wells Fargo,2025-03,1,@wellsfargo,5,0,0.0,0.0,0.0,0.0,0,0.0,0.0,0.0,0.0,0.0,0.0,0.0,0.6,1
Wells Fargo,2025-04,1,@wellsfargo,11,0,0.0,0.0,0.0,0.0,0,0.0,0.0,0.0,0.0,0.0,0.0,0.0,0.636364,1
Wells Fargo,2025-05,1,@wellsfargo,5,0,0.0,0.0,0.0,0.0,0,0.0,0.0,0.0,0.0,0.0,0.0,0.0,0.8,1
Wells Fargo,2025-06,1,@wellsfargo,13,0,0.0,0.0,0.0,0.0,0,0.0,0.0,0.0,0.0,0.0,0.0,0.0,0.461538,0
Wells Fargo,2025-07,1,@wellsfargo,9,0,0.0,0.0,0.0,0.0,0,0.0,0.0,0.0,0.0,0.0,0.0,0.0,0.777778,1
Wells Fargo,2025-08,1,@wellsfargo,3,0,0.0,0.0,0.0,0.0,0,,0.0,0.0,0.0,0.0,0.0,0.0,1.0,1
Wells Fargo,2025-09,1,@wellsfargo,3,0,0.0,0.0,0.0,0.0,0,0.0,0.0,0.0,0.0,0.0,0.0,0.0,0.666667,1
Wells Fargo,2025-10,1,@wellsfargo,5,0,0.0,0.0,0.0,0.0,0,0.0,0.0,0.0,0.0,0.0,0.0,0.0,0.6,1
Wells Fargo,2025-11,1,@wellsfargo,9,0,0.0,0.0,0.0,0.0,0,0.0,0.0,0.0,0.0,0.0,0.0,0.0,0.555556,1
Wells Fargo,2025-12,1,@wellsfargo,3,0,0.0,0.0,0.0,0.0,0,0.0,0.0,0.0,0.0,0.0,0.0,0.0,0.333333,0
Wells Fargo,2026-01,1,@wellsfargo,1,0,0.0,0.0,0.0,0.0,0,,0.0,0.0,0.0,0.0,0.0,0.0,1.0,1
Wells Fargo,2026-02,1,@wellsfargo,2,0,0.0,0.0,0.0,0.0,0,,0.0,0.0,0.0,0.0,0.0,0.0,1.0,1
Wells Fargo,2026-04,1,@wellsfargo,3,0,0.0,0.0,0.0,0.0,0,0.0,0.0,0.0,0.0,0.0,0.0,0.0,0.333333,0
Wells Fargo,2026-06,1,@wellsfargo,2,0,0.0,0.0,0.0,0.0,0,0.0,0.0,0.0,0.0,0.0,0.0,0.0,0.5,1
Wendy's,2009-11,1,@Wendys,1,0,0.0,0.0,0.0,0.0,0,,0.0,0.0,0.0,0.0,0.0,0.0,1.0,1
Wendy's,2019-11,1,@Wendys,11,0,0.0,0.0,0.0,0.0,0,0.0,0.0,0.0,0.0,0.0,0.0,0.0,0.545455,1
Wendy's,2019-12,1,@Wendys,17,0,0.0,0.0,0.0,0.0,0,0.0,0.0,0.0,0.0,0.0,0.0,0.0,0.470588,0
Wendy's,2020-01,1,@Wendys,13,0,0.0,0.0,0.0,0.0,0,0.0,0.0,0.0,0.0,0.0,0.0,0.0,0.461538,0
Wendy's,2020-02,1,@Wendys,19,0,0.0,0.0,0.0,0.0,0,0.0,0.0,0.0,0.0,0.0,0.0,0.0,0.684211,1
Wendy's,2020-03,1,@Wendys,18,0,0.0,0.0,0.0,0.0,0,0.0,0.0,0.0,0.0,0.0,0.0,0.0,0.5,1
Wendy's,2020-04,1,@Wendys,50,0,0.0,0.0,0.0,0.0,0,0.0,0.02,0.0004,0.0,0.0,0.0,0.0,0.58,1
Wendy's,2020-05,1,@Wendys,49,2,0.040816,0.040816,0.001665946,1.098612,1,0.071429,0.040816,0.001665946,0.007496797,0.000305989,0.040816,0.001665946,0.428571,0
Wendy's,2020-06,1,@Wendys,11,0,0.0,0.0,0.0,0.0,0,0.0,0.0,0.0,0.0,0.0,0.0,0.0,0.454545,0
Wendy's,2020-07,1,@Wendys,19,0,0.0,0.0,0.0,0.0,0,0.0,0.0,0.0,0.0,0.0,0.0,0.0,0.631579,1
Wendy's,2020-08,1,@Wendys,30,0,0.0,0.0,0.0,0.0,0,0.0,0.0,0.0,0.0,0.0,0.0,0.0,0.466667,0
Wendy's,2020-09,1,@Wendys,16,0,0.0,0.0,0.0,0.0,0,0.0,0.0,0.0,0.0,0.0,0.0,0.0,0.5,1
Wendy's,2020-10,1,@Wendys,24,0,0.0,0.0,0.0,0.0,0,0.0,0.0,0.0,0.0,0.0,0.0,0.0,0.375,0
Wendy's,2020-11,1,@Wendys,14,0,0.0,0.0,0.0,0.0,0,0.0,0.0,0.0,0.0,0.0,0.0,0.0,0.5,1
Wendy's,2020-12,1,@Wendys,18,1,0.055556,0.055556,0.003086469,0.693147,1,0.071429,0.055556,0.003086469,0.024691531,0.001371763,0.055556,0.003086469,0.222222,0
Wendy's,2021-01,1,@Wendys,6,0,0.0,0.0,0.0,0.0,0,0.0,0.0,0.0,0.0,0.0,0.0,0.0,0.333333,0
Wendy's,2021-02,1,@Wendys,38,2,0.052632,0.052632,0.002770127,1.098612,1,0.117647,0.078947,0.006232629,0.015235596,0.00080188,0.052632,0.002770127,0.552632,1
Wendy's,2021-03,1,@Wendys,34,0,0.0,0.0,0.0,0.0,0,0.0,0.0,0.0,0.0,0.0,0.0,0.0,0.323529,0
Wendy's,2021-04,1,@Wendys,19,0,0.0,0.0,0.0,0.0,0,0.0,0.0,0.0,0.0,0.0,0.0,0.0,0.526316,1
Wendy's,2021-05,1,@Wendys,8,0,0.0,0.0,0.0,0.0,0,0.0,0.0,0.0,0.0,0.0,0.0,0.0,0.625,1
Wendy's,2021-06,1,@Wendys,21,0,0.0,0.0,0.0,0.0,0,0.0,0.0,0.0,0.0,0.0,0.0,0.0,0.52381,1
Wendy's,2021-07,1,@Wendys,12,0,0.0,0.0,0.0,0.0,0,0.0,0.0,0.0,0.0,0.0,0.0,0.0,0.75,1
Wendy's,2021-08,1,@Wendys,13,0,0.0,0.0,0.0,0.0,0,0.0,0.0,0.0,0.0,0.0,0.0,0.0,0.615385,1
Wendy's,2021-09,1,@Wendys,18,0,0.0,0.0,0.0,0.0,0,0.0,0.0,0.0,0.0,0.0,0.0,0.0,0.666667,1
Wendy's,2021-10,1,@Wendys,12,0,0.0,0.0,0.0,0.0,0,0.0,0.0,0.0,0.0,0.0,0.0,0.0,0.583333,1
Wendy's,2021-11,1,@Wendys,9,0,0.0,0.0,0.0,0.0,0,0.0,0.0,0.0,0.0,0.0,0.0,0.0,0.444444,0
Wendy's,2021-12,1,@Wendys,4,0,0.0,0.0,0.0,0.0,0,0.0,0.0,0.0,0.0,0.0,0.0,0.0,0.25,0
Wendy's,2022-01,1,@Wendys,17,2,0.117647,0.117647,0.013840817,1.098612,1,0.181818,0.117647,0.013840817,0.062283734,0.007327495,0.117647,0.013840817,0.352941,0
Wendy's,2022-02,1,@Wendys,7,0,0.0,0.0,0.0,0.0,0,0.0,0.0,0.0,0.0,0.0,0.0,0.0,0.428571,0
Wendy's,2022-03,1,@Wendys,18,0,0.0,0.0,0.0,0.0,0,0.0,0.0,0.0,0.0,0.0,0.0,0.0,0.277778,0
Wendy's,2022-04,1,@Wendys,13,0,0.0,0.0,0.0,0.0,0,0.0,0.0,0.0,0.0,0.0,0.0,0.0,0.538462,1
Wendy's,2022-05,1,@Wendys,1,0,0.0,0.0,0.0,0.0,0,,0.0,0.0,0.0,0.0,0.0,0.0,1.0,1
Wendy's,2022-06,1,@Wendys,9,0,0.0,0.0,0.0,0.0,0,0.0,0.0,0.0,0.0,0.0,0.0,0.0,0.333333,0
Wendy's,2022-07,1,@Wendys,13,0,0.0,0.0,0.0,0.0,0,0.0,0.0,0.0,0.0,0.0,0.0,0.0,0.384615,0
Wendy's,2022-08,1,@Wendys,17,1,0.058824,0.058824,0.003460263,0.693147,1,0.1,0.058824,0.003460263,0.006920467,0.00040709,0.058824,0.003460263,0.411765,0
Wendy's,2022-09,1,@Wendys,9,0,0.0,0.0,0.0,0.0,0,0.0,0.0,0.0,0.0,0.0,0.0,0.0,0.222222,0
Wendy's,2022-10,1,@Wendys,15,1,0.066667,0.066667,0.004444489,0.693147,1,0.166667,0.066667,0.004444489,0.004444489,0.000296301,0.066667,0.004444489,0.6,1
Wendy's,2022-11,1,@Wendys,5,0,0.0,0.0,0.0,0.0,0,0.0,0.0,0.0,0.0,0.0,0.0,0.0,0.4,0
Wendy's,2022-12,1,@Wendys,12,0,0.0,0.0,0.0,0.0,0,0.0,0.0,0.0,0.0,0.0,0.0,0.0,0.166667,0
Wendy's,2023-01,1,@Wendys,8,0,0.0,0.0,0.0,0.0,0,0.0,0.0,0.0,0.0,0.0,0.0,0.0,0.25,0
Wendy's,2023-02,1,@Wendys,8,0,0.0,0.0,0.0,0.0,0,0.0,0.0,0.0,0.0,0.0,0.0,0.0,0.375,0
Wendy's,2023-03,1,@Wendys,3,0,0.0,0.0,0.0,0.0,0,0.0,0.0,0.0,0.0,0.0,0.0,0.0,0.333333,0
Wendy's,2023-04,1,@Wendys,11,0,0.0,0.0,0.0,0.0,0,0.0,0.0,0.0,0.0,0.0,0.0,0.0,0.454545,0
Wendy's,2023-05,1,@Wendys,13,0,0.0,0.0,0.0,0.0,0,0.0,0.0,0.0,0.0,0.0,0.0,0.0,0.307692,0
Wendy's,2023-06,1,@Wendys,8,0,0.0,0.0,0.0,0.0,0,0.0,0.0,0.0,0.0,0.0,0.0,0.0,0.25,0
Wendy's,2023-07,1,@Wendys,4,0,0.0,0.0,0.0,0.0,0,0.0,0.0,0.0,0.0,0.0,0.0,0.0,0.0,0
Wendy's,2023-08,1,@Wendys,2,0,0.0,0.0,0.0,0.0,0,0.0,0.0,0.0,0.0,0.0,0.0,0.0,0.5,1
Wendy's,2023-09,1,@Wendys,6,0,0.0,0.0,0.0,0.0,0,0.0,0.0,0.0,0.0,0.0,0.0,0.0,0.333333,0
Wendy's,2023-10,1,@Wendys,4,0,0.0,0.0,0.0,0.0,0,0.0,0.0,0.0,0.0,0.0,0.0,0.0,0.5,1
Wendy's,2023-11,1,@Wendys,4,0,0.0,0.0,0.0,0.0,0,0.0,0.0,0.0,0.0,0.0,0.0,0.0,0.0,0
Wendy's,2024-01,1,@Wendys,7,0,0.0,0.0,0.0,0.0,0,0.0,0.0,0.0,0.0,0.0,0.0,0.0,0.142857,0
Wendy's,2024-02,1,@Wendys,5,0,0.0,0.0,0.0,0.0,0,0.0,0.0,0.0,0.0,0.0,0.0,0.0,0.2,0
Wendy's,2024-03,1,@Wendys,6,0,0.0,0.0,0.0,0.0,0,0.0,0.0,0.0,0.0,0.0,0.0,0.0,0.333333,0
Wendy's,2024-04,1,@Wendys,11,0,0.0,0.0,0.0,0.0,0,0.0,0.0,0.0,0.0,0.0,0.0,0.0,0.636364,1
Wendy's,2024-05,1,@Wendys,8,0,0.0,0.0,0.0,0.0,0,0.0,0.0,0.0,0.0,0.0,0.0,0.0,0.375,0
Wendy's,2024-06,1,@Wendys,8,0,0.0,0.0,0.0,0.0,0,0.0,0.0,0.0,0.0,0.0,0.0,0.0,0.375,0
Wendy's,2024-07,1,@Wendys,10,0,0.0,0.0,0.0,0.0,0,0.0,0.0,0.0,0.0,0.0,0.0,0.0,0.6,1
Wendy's,2024-08,1,@Wendys,23,0,0.0,0.0,0.0,0.0,0,0.0,0.0,0.0,0.0,0.0,0.0,0.0,0.565217,1
Wendy's,2024-09,1,@Wendys,8,0,0.0,0.0,0.0,0.0,0,0.0,0.0,0.0,0.0,0.0,0.0,0.0,0.125,0
Wendy's,2024-10,1,@Wendys,9,0,0.0,0.0,0.0,0.0,0,0.0,0.0,0.0,0.0,0.0,0.0,0.0,0.333333,0
Wendy's,2024-11,1,@Wendys,3,0,0.0,0.0,0.0,0.0,0,0.0,0.0,0.0,0.0,0.0,0.0,0.0,0.0,0
Wendy's,2024-12,1,@Wendys,8,0,0.0,0.0,0.0,0.0,0,0.0,0.0,0.0,0.0,0.0,0.0,0.0,0.375,0
Wendy's,2025-01,1,@Wendys,4,0,0.0,0.0,0.0,0.0,0,0.0,0.0,0.0,0.0,0.0,0.0,0.0,0.5,1
Wendy's,2025-02,1,@Wendys,6,0,0.0,0.0,0.0,0.0,0,0.0,0.0,0.0,0.0,0.0,0.0,0.0,0.833333,1
Wendy's,2025-03,1,@Wendys,11,0,0.0,0.0,0.0,0.0,0,0.0,0.0,0.0,0.0,0.0,0.0,0.0,0.272727,0
Wendy's,2025-04,1,@Wendys,11,0,0.0,0.0,0.0,0.0,0,0.0,0.0,0.0,0.0,0.0,0.0,0.0,0.090909,0
Wendy's,2025-05,1,@Wendys,1,0,0.0,0.0,0.0,0.0,0,0.0,0.0,0.0,0.0,0.0,0.0,0.0,0.0,0
Wendy's,2025-06,1,@Wendys,2,0,0.0,0.0,0.0,0.0,0,0.0,0.0,0.0,0.0,0.0,0.0,0.0,0.0,0
Wendy's,2025-07,1,@Wendys,5,0,0.0,0.0,0.0,0.0,0,0.0,0.0,0.0,0.0,0.0,0.0,0.0,0.2,0
Wendy's,2025-08,1,@Wendys,2,0,0.0,0.0,0.0,0.0,0,0.0,0.0,0.0,0.0,0.0,0.0,0.0,0.5,1
Wendy's,2025-09,1,@Wendys,2,0,0.0,0.0,0.0,0.0,0,,0.0,0.0,0.0,0.0,0.0,0.0,1.0,1
Wendy's,2025-10,1,@Wendys,3,0,0.0,0.0,0.0,0.0,0,,0.0,0.0,0.0,0.0,0.0,0.0,1.0,1
Wendy's,2025-11,1,@Wendys,3,0,0.0,0.0,0.0,0.0,0,0.0,0.0,0.0,0.0,0.0,0.0,0.0,0.0,0
Wendy's,2025-12,1,@Wendys,5,0,0.0,0.0,0.0,0.0,0,0.0,0.0,0.0,0.0,0.0,0.0,0.0,0.2,0
Wendy's,2026-01,1,@Wendys,7,0,0.0,0.0,0.0,0.0,0,0.0,0.0,0.0,0.0,0.0,0.0,0.0,0.428571,0
Wendy's,2026-02,1,@Wendys,8,0,0.0,0.0,0.0,0.0,0,0.0,0.0,0.0,0.0,0.0,0.0,0.0,0.25,0
Wendy's,2026-03,1,@Wendys,31,0,0.0,0.0,0.0,0.0,0,0.0,0.0,0.0,0.0,0.0,0.0,0.0,0.516129,1
Wendy's,2026-04,1,@Wendys,31,0,0.0,0.0,0.0,0.0,0,0.0,0.0,0.0,0.0,0.0,0.0,0.0,0.322581,0
Wendy's,2026-05,1,@Wendys,23,0,0.0,0.0,0.0,0.0,0,0.0,0.0,0.0,0.0,0.0,0.0,0.0,0.521739,1
Wendy's,2026-06,1,@Wendys,5,0,0.0,0.0,0.0,0.0,0,0.0,0.0,0.0,0.0,0.0,0.0,0.0,0.6,1
