fortune_year,fortune_rank,firm_name,fortune_company_url,target_report_year,sec_cik,sec_company_name,sec_ticker,sec_match_score,sec_match_status,form,filing_date,report_date,accession_number,primary_document,sec_filing_url,local_report_path,download_status,status,notes,collected_at
2025,1,Amazon,https://fortune.com/company/amazon-com/,2025,,,,0.00,sec_source_fetch_failed,,,,,,,,not_attempted,sec_source_fetch_failed,SEC source fetch failed before CIK matching: RuntimeError: Request failed after 3 attempts: https://www.sec.gov/files/company_tickers.json: HTTP Error 403: Forbidden,2026-06-12T04:09:26+00:00
2025,1,Amazon,https://fortune.com/company/amazon-com/,2024,,,,0.00,sec_source_fetch_failed,,,,,,,,not_attempted,sec_source_fetch_failed,SEC source fetch failed before CIK matching: RuntimeError: Request failed after 3 attempts: https://www.sec.gov/files/company_tickers.json: HTTP Error 403: Forbidden,2026-06-12T04:09:26+00:00
2025,1,Amazon,https://fortune.com/company/amazon-com/,2023,,,,0.00,sec_source_fetch_failed,,,,,,,,not_attempted,sec_source_fetch_failed,SEC source fetch failed before CIK matching: RuntimeError: Request failed after 3 attempts: https://www.sec.gov/files/company_tickers.json: HTTP Error 403: Forbidden,2026-06-12T04:09:26+00:00
2025,2,Walmart,https://fortune.com/company/walmart/,2025,,,,0.00,sec_source_fetch_failed,,,,,,,,not_attempted,sec_source_fetch_failed,SEC source fetch failed before CIK matching: RuntimeError: Request failed after 3 attempts: https://www.sec.gov/files/company_tickers.json: HTTP Error 403: Forbidden,2026-06-12T04:09:26+00:00
2025,2,Walmart,https://fortune.com/company/walmart/,2024,,,,0.00,sec_source_fetch_failed,,,,,,,,not_attempted,sec_source_fetch_failed,SEC source fetch failed before CIK matching: RuntimeError: Request failed after 3 attempts: https://www.sec.gov/files/company_tickers.json: HTTP Error 403: Forbidden,2026-06-12T04:09:26+00:00
2025,2,Walmart,https://fortune.com/company/walmart/,2023,,,,0.00,sec_source_fetch_failed,,,,,,,,not_attempted,sec_source_fetch_failed,SEC source fetch failed before CIK matching: RuntimeError: Request failed after 3 attempts: https://www.sec.gov/files/company_tickers.json: HTTP Error 403: Forbidden,2026-06-12T04:09:26+00:00
2025,3,UnitedHealth Group,https://fortune.com/company/unitedhealth-group/,2025,,,,0.00,sec_source_fetch_failed,,,,,,,,not_attempted,sec_source_fetch_failed,SEC source fetch failed before CIK matching: RuntimeError: Request failed after 3 attempts: https://www.sec.gov/files/company_tickers.json: HTTP Error 403: Forbidden,2026-06-12T04:09:26+00:00
2025,3,UnitedHealth Group,https://fortune.com/company/unitedhealth-group/,2024,,,,0.00,sec_source_fetch_failed,,,,,,,,not_attempted,sec_source_fetch_failed,SEC source fetch failed before CIK matching: RuntimeError: Request failed after 3 attempts: https://www.sec.gov/files/company_tickers.json: HTTP Error 403: Forbidden,2026-06-12T04:09:26+00:00
2025,3,UnitedHealth Group,https://fortune.com/company/unitedhealth-group/,2023,,,,0.00,sec_source_fetch_failed,,,,,,,,not_attempted,sec_source_fetch_failed,SEC source fetch failed before CIK matching: RuntimeError: Request failed after 3 attempts: https://www.sec.gov/files/company_tickers.json: HTTP Error 403: Forbidden,2026-06-12T04:09:26+00:00
2025,4,Apple,https://fortune.com/company/apple/,2025,,,,0.00,sec_source_fetch_failed,,,,,,,,not_attempted,sec_source_fetch_failed,SEC source fetch failed before CIK matching: RuntimeError: Request failed after 3 attempts: https://www.sec.gov/files/company_tickers.json: HTTP Error 403: Forbidden,2026-06-12T04:09:26+00:00
2025,4,Apple,https://fortune.com/company/apple/,2024,,,,0.00,sec_source_fetch_failed,,,,,,,,not_attempted,sec_source_fetch_failed,SEC source fetch failed before CIK matching: RuntimeError: Request failed after 3 attempts: https://www.sec.gov/files/company_tickers.json: HTTP Error 403: Forbidden,2026-06-12T04:09:26+00:00
2025,4,Apple,https://fortune.com/company/apple/,2023,,,,0.00,sec_source_fetch_failed,,,,,,,,not_attempted,sec_source_fetch_failed,SEC source fetch failed before CIK matching: RuntimeError: Request failed after 3 attempts: https://www.sec.gov/files/company_tickers.json: HTTP Error 403: Forbidden,2026-06-12T04:09:26+00:00
2025,5,Alphabet,https://fortune.com/company/alphabet/,2025,,,,0.00,sec_source_fetch_failed,,,,,,,,not_attempted,sec_source_fetch_failed,SEC source fetch failed before CIK matching: RuntimeError: Request failed after 3 attempts: https://www.sec.gov/files/company_tickers.json: HTTP Error 403: Forbidden,2026-06-12T04:09:26+00:00
2025,5,Alphabet,https://fortune.com/company/alphabet/,2024,,,,0.00,sec_source_fetch_failed,,,,,,,,not_attempted,sec_source_fetch_failed,SEC source fetch failed before CIK matching: RuntimeError: Request failed after 3 attempts: https://www.sec.gov/files/company_tickers.json: HTTP Error 403: Forbidden,2026-06-12T04:09:26+00:00
2025,5,Alphabet,https://fortune.com/company/alphabet/,2023,,,,0.00,sec_source_fetch_failed,,,,,,,,not_attempted,sec_source_fetch_failed,SEC source fetch failed before CIK matching: RuntimeError: Request failed after 3 attempts: https://www.sec.gov/files/company_tickers.json: HTTP Error 403: Forbidden,2026-06-12T04:09:26+00:00
2025,6,CVS Health,https://fortune.com/company/cvs-health/,2025,,,,0.00,sec_source_fetch_failed,,,,,,,,not_attempted,sec_source_fetch_failed,SEC source fetch failed before CIK matching: RuntimeError: Request failed after 3 attempts: https://www.sec.gov/files/company_tickers.json: HTTP Error 403: Forbidden,2026-06-12T04:09:26+00:00
2025,6,CVS Health,https://fortune.com/company/cvs-health/,2024,,,,0.00,sec_source_fetch_failed,,,,,,,,not_attempted,sec_source_fetch_failed,SEC source fetch failed before CIK matching: RuntimeError: Request failed after 3 attempts: https://www.sec.gov/files/company_tickers.json: HTTP Error 403: Forbidden,2026-06-12T04:09:26+00:00
2025,6,CVS Health,https://fortune.com/company/cvs-health/,2023,,,,0.00,sec_source_fetch_failed,,,,,,,,not_attempted,sec_source_fetch_failed,SEC source fetch failed before CIK matching: RuntimeError: Request failed after 3 attempts: https://www.sec.gov/files/company_tickers.json: HTTP Error 403: Forbidden,2026-06-12T04:09:26+00:00
2025,7,Berkshire Hathaway,https://fortune.com/company/berkshire-hathaway/,2025,,,,0.00,sec_source_fetch_failed,,,,,,,,not_attempted,sec_source_fetch_failed,SEC source fetch failed before CIK matching: RuntimeError: Request failed after 3 attempts: https://www.sec.gov/files/company_tickers.json: HTTP Error 403: Forbidden,2026-06-12T04:09:26+00:00
2025,7,Berkshire Hathaway,https://fortune.com/company/berkshire-hathaway/,2024,,,,0.00,sec_source_fetch_failed,,,,,,,,not_attempted,sec_source_fetch_failed,SEC source fetch failed before CIK matching: RuntimeError: Request failed after 3 attempts: https://www.sec.gov/files/company_tickers.json: HTTP Error 403: Forbidden,2026-06-12T04:09:26+00:00
2025,7,Berkshire Hathaway,https://fortune.com/company/berkshire-hathaway/,2023,,,,0.00,sec_source_fetch_failed,,,,,,,,not_attempted,sec_source_fetch_failed,SEC source fetch failed before CIK matching: RuntimeError: Request failed after 3 attempts: https://www.sec.gov/files/company_tickers.json: HTTP Error 403: Forbidden,2026-06-12T04:09:26+00:00
2025,8,McKesson,https://fortune.com/company/mckesson/,2025,,,,0.00,sec_source_fetch_failed,,,,,,,,not_attempted,sec_source_fetch_failed,SEC source fetch failed before CIK matching: RuntimeError: Request failed after 3 attempts: https://www.sec.gov/files/company_tickers.json: HTTP Error 403: Forbidden,2026-06-12T04:09:26+00:00
2025,8,McKesson,https://fortune.com/company/mckesson/,2024,,,,0.00,sec_source_fetch_failed,,,,,,,,not_attempted,sec_source_fetch_failed,SEC source fetch failed before CIK matching: RuntimeError: Request failed after 3 attempts: https://www.sec.gov/files/company_tickers.json: HTTP Error 403: Forbidden,2026-06-12T04:09:26+00:00
2025,8,McKesson,https://fortune.com/company/mckesson/,2023,,,,0.00,sec_source_fetch_failed,,,,,,,,not_attempted,sec_source_fetch_failed,SEC source fetch failed before CIK matching: RuntimeError: Request failed after 3 attempts: https://www.sec.gov/files/company_tickers.json: HTTP Error 403: Forbidden,2026-06-12T04:09:26+00:00
2025,9,Exxon Mobil,https://fortune.com/company/exxon-mobil/,2025,,,,0.00,sec_source_fetch_failed,,,,,,,,not_attempted,sec_source_fetch_failed,SEC source fetch failed before CIK matching: RuntimeError: Request failed after 3 attempts: https://www.sec.gov/files/company_tickers.json: HTTP Error 403: Forbidden,2026-06-12T04:09:26+00:00
2025,9,Exxon Mobil,https://fortune.com/company/exxon-mobil/,2024,,,,0.00,sec_source_fetch_failed,,,,,,,,not_attempted,sec_source_fetch_failed,SEC source fetch failed before CIK matching: RuntimeError: Request failed after 3 attempts: https://www.sec.gov/files/company_tickers.json: HTTP Error 403: Forbidden,2026-06-12T04:09:26+00:00
2025,9,Exxon Mobil,https://fortune.com/company/exxon-mobil/,2023,,,,0.00,sec_source_fetch_failed,,,,,,,,not_attempted,sec_source_fetch_failed,SEC source fetch failed before CIK matching: RuntimeError: Request failed after 3 attempts: https://www.sec.gov/files/company_tickers.json: HTTP Error 403: Forbidden,2026-06-12T04:09:26+00:00
2025,10,Cencora,https://fortune.com/company/amerisourcebergen/,2025,,,,0.00,sec_source_fetch_failed,,,,,,,,not_attempted,sec_source_fetch_failed,SEC source fetch failed before CIK matching: RuntimeError: Request failed after 3 attempts: https://www.sec.gov/files/company_tickers.json: HTTP Error 403: Forbidden,2026-06-12T04:09:26+00:00
2025,10,Cencora,https://fortune.com/company/amerisourcebergen/,2024,,,,0.00,sec_source_fetch_failed,,,,,,,,not_attempted,sec_source_fetch_failed,SEC source fetch failed before CIK matching: RuntimeError: Request failed after 3 attempts: https://www.sec.gov/files/company_tickers.json: HTTP Error 403: Forbidden,2026-06-12T04:09:26+00:00
2025,10,Cencora,https://fortune.com/company/amerisourcebergen/,2023,,,,0.00,sec_source_fetch_failed,,,,,,,,not_attempted,sec_source_fetch_failed,SEC source fetch failed before CIK matching: RuntimeError: Request failed after 3 attempts: https://www.sec.gov/files/company_tickers.json: HTTP Error 403: Forbidden,2026-06-12T04:09:26+00:00
2025,11,Microsoft,https://fortune.com/company/microsoft/,2025,,,,0.00,sec_source_fetch_failed,,,,,,,,not_attempted,sec_source_fetch_failed,SEC source fetch failed before CIK matching: RuntimeError: Request failed after 3 attempts: https://www.sec.gov/files/company_tickers.json: HTTP Error 403: Forbidden,2026-06-12T04:09:26+00:00
2025,11,Microsoft,https://fortune.com/company/microsoft/,2024,,,,0.00,sec_source_fetch_failed,,,,,,,,not_attempted,sec_source_fetch_failed,SEC source fetch failed before CIK matching: RuntimeError: Request failed after 3 attempts: https://www.sec.gov/files/company_tickers.json: HTTP Error 403: Forbidden,2026-06-12T04:09:26+00:00
2025,11,Microsoft,https://fortune.com/company/microsoft/,2023,,,,0.00,sec_source_fetch_failed,,,,,,,,not_attempted,sec_source_fetch_failed,SEC source fetch failed before CIK matching: RuntimeError: Request failed after 3 attempts: https://www.sec.gov/files/company_tickers.json: HTTP Error 403: Forbidden,2026-06-12T04:09:26+00:00
2025,12,JPMorgan Chase,https://fortune.com/company/jpmorgan-chase/,2025,,,,0.00,sec_source_fetch_failed,,,,,,,,not_attempted,sec_source_fetch_failed,SEC source fetch failed before CIK matching: RuntimeError: Request failed after 3 attempts: https://www.sec.gov/files/company_tickers.json: HTTP Error 403: Forbidden,2026-06-12T04:09:26+00:00
2025,12,JPMorgan Chase,https://fortune.com/company/jpmorgan-chase/,2024,,,,0.00,sec_source_fetch_failed,,,,,,,,not_attempted,sec_source_fetch_failed,SEC source fetch failed before CIK matching: RuntimeError: Request failed after 3 attempts: https://www.sec.gov/files/company_tickers.json: HTTP Error 403: Forbidden,2026-06-12T04:09:26+00:00
2025,12,JPMorgan Chase,https://fortune.com/company/jpmorgan-chase/,2023,,,,0.00,sec_source_fetch_failed,,,,,,,,not_attempted,sec_source_fetch_failed,SEC source fetch failed before CIK matching: RuntimeError: Request failed after 3 attempts: https://www.sec.gov/files/company_tickers.json: HTTP Error 403: Forbidden,2026-06-12T04:09:26+00:00
2025,13,Costco Wholesale,https://fortune.com/company/costco/,2025,,,,0.00,sec_source_fetch_failed,,,,,,,,not_attempted,sec_source_fetch_failed,SEC source fetch failed before CIK matching: RuntimeError: Request failed after 3 attempts: https://www.sec.gov/files/company_tickers.json: HTTP Error 403: Forbidden,2026-06-12T04:09:26+00:00
2025,13,Costco Wholesale,https://fortune.com/company/costco/,2024,,,,0.00,sec_source_fetch_failed,,,,,,,,not_attempted,sec_source_fetch_failed,SEC source fetch failed before CIK matching: RuntimeError: Request failed after 3 attempts: https://www.sec.gov/files/company_tickers.json: HTTP Error 403: Forbidden,2026-06-12T04:09:26+00:00
2025,13,Costco Wholesale,https://fortune.com/company/costco/,2023,,,,0.00,sec_source_fetch_failed,,,,,,,,not_attempted,sec_source_fetch_failed,SEC source fetch failed before CIK matching: RuntimeError: Request failed after 3 attempts: https://www.sec.gov/files/company_tickers.json: HTTP Error 403: Forbidden,2026-06-12T04:09:26+00:00
2025,14,Cigna Group,https://fortune.com/company/cigna/,2025,,,,0.00,sec_source_fetch_failed,,,,,,,,not_attempted,sec_source_fetch_failed,SEC source fetch failed before CIK matching: RuntimeError: Request failed after 3 attempts: https://www.sec.gov/files/company_tickers.json: HTTP Error 403: Forbidden,2026-06-12T04:09:26+00:00
2025,14,Cigna Group,https://fortune.com/company/cigna/,2024,,,,0.00,sec_source_fetch_failed,,,,,,,,not_attempted,sec_source_fetch_failed,SEC source fetch failed before CIK matching: RuntimeError: Request failed after 3 attempts: https://www.sec.gov/files/company_tickers.json: HTTP Error 403: Forbidden,2026-06-12T04:09:26+00:00
2025,14,Cigna Group,https://fortune.com/company/cigna/,2023,,,,0.00,sec_source_fetch_failed,,,,,,,,not_attempted,sec_source_fetch_failed,SEC source fetch failed before CIK matching: RuntimeError: Request failed after 3 attempts: https://www.sec.gov/files/company_tickers.json: HTTP Error 403: Forbidden,2026-06-12T04:09:26+00:00
2025,15,Cardinal Health,https://fortune.com/company/cardinal-health/,2025,,,,0.00,sec_source_fetch_failed,,,,,,,,not_attempted,sec_source_fetch_failed,SEC source fetch failed before CIK matching: RuntimeError: Request failed after 3 attempts: https://www.sec.gov/files/company_tickers.json: HTTP Error 403: Forbidden,2026-06-12T04:09:26+00:00
2025,15,Cardinal Health,https://fortune.com/company/cardinal-health/,2024,,,,0.00,sec_source_fetch_failed,,,,,,,,not_attempted,sec_source_fetch_failed,SEC source fetch failed before CIK matching: RuntimeError: Request failed after 3 attempts: https://www.sec.gov/files/company_tickers.json: HTTP Error 403: Forbidden,2026-06-12T04:09:26+00:00
2025,15,Cardinal Health,https://fortune.com/company/cardinal-health/,2023,,,,0.00,sec_source_fetch_failed,,,,,,,,not_attempted,sec_source_fetch_failed,SEC source fetch failed before CIK matching: RuntimeError: Request failed after 3 attempts: https://www.sec.gov/files/company_tickers.json: HTTP Error 403: Forbidden,2026-06-12T04:09:26+00:00
2025,16,Nvidia,https://fortune.com/company/nvidia/,2025,,,,0.00,sec_source_fetch_failed,,,,,,,,not_attempted,sec_source_fetch_failed,SEC source fetch failed before CIK matching: RuntimeError: Request failed after 3 attempts: https://www.sec.gov/files/company_tickers.json: HTTP Error 403: Forbidden,2026-06-12T04:09:26+00:00
2025,16,Nvidia,https://fortune.com/company/nvidia/,2024,,,,0.00,sec_source_fetch_failed,,,,,,,,not_attempted,sec_source_fetch_failed,SEC source fetch failed before CIK matching: RuntimeError: Request failed after 3 attempts: https://www.sec.gov/files/company_tickers.json: HTTP Error 403: Forbidden,2026-06-12T04:09:26+00:00
2025,16,Nvidia,https://fortune.com/company/nvidia/,2023,,,,0.00,sec_source_fetch_failed,,,,,,,,not_attempted,sec_source_fetch_failed,SEC source fetch failed before CIK matching: RuntimeError: Request failed after 3 attempts: https://www.sec.gov/files/company_tickers.json: HTTP Error 403: Forbidden,2026-06-12T04:09:26+00:00
2025,17,Meta Platforms,https://fortune.com/company/facebook/,2025,,,,0.00,sec_source_fetch_failed,,,,,,,,not_attempted,sec_source_fetch_failed,SEC source fetch failed before CIK matching: RuntimeError: Request failed after 3 attempts: https://www.sec.gov/files/company_tickers.json: HTTP Error 403: Forbidden,2026-06-12T04:09:26+00:00
2025,17,Meta Platforms,https://fortune.com/company/facebook/,2024,,,,0.00,sec_source_fetch_failed,,,,,,,,not_attempted,sec_source_fetch_failed,SEC source fetch failed before CIK matching: RuntimeError: Request failed after 3 attempts: https://www.sec.gov/files/company_tickers.json: HTTP Error 403: Forbidden,2026-06-12T04:09:26+00:00
2025,17,Meta Platforms,https://fortune.com/company/facebook/,2023,,,,0.00,sec_source_fetch_failed,,,,,,,,not_attempted,sec_source_fetch_failed,SEC source fetch failed before CIK matching: RuntimeError: Request failed after 3 attempts: https://www.sec.gov/files/company_tickers.json: HTTP Error 403: Forbidden,2026-06-12T04:09:26+00:00
2025,18,Elevance Health,https://fortune.com/company/elevance-health/,2025,,,,0.00,sec_source_fetch_failed,,,,,,,,not_attempted,sec_source_fetch_failed,SEC source fetch failed before CIK matching: RuntimeError: Request failed after 3 attempts: https://www.sec.gov/files/company_tickers.json: HTTP Error 403: Forbidden,2026-06-12T04:09:26+00:00
2025,18,Elevance Health,https://fortune.com/company/elevance-health/,2024,,,,0.00,sec_source_fetch_failed,,,,,,,,not_attempted,sec_source_fetch_failed,SEC source fetch failed before CIK matching: RuntimeError: Request failed after 3 attempts: https://www.sec.gov/files/company_tickers.json: HTTP Error 403: Forbidden,2026-06-12T04:09:26+00:00
2025,18,Elevance Health,https://fortune.com/company/elevance-health/,2023,,,,0.00,sec_source_fetch_failed,,,,,,,,not_attempted,sec_source_fetch_failed,SEC source fetch failed before CIK matching: RuntimeError: Request failed after 3 attempts: https://www.sec.gov/files/company_tickers.json: HTTP Error 403: Forbidden,2026-06-12T04:09:26+00:00
2025,19,Centene,https://fortune.com/company/centene/,2025,,,,0.00,sec_source_fetch_failed,,,,,,,,not_attempted,sec_source_fetch_failed,SEC source fetch failed before CIK matching: RuntimeError: Request failed after 3 attempts: https://www.sec.gov/files/company_tickers.json: HTTP Error 403: Forbidden,2026-06-12T04:09:26+00:00
2025,19,Centene,https://fortune.com/company/centene/,2024,,,,0.00,sec_source_fetch_failed,,,,,,,,not_attempted,sec_source_fetch_failed,SEC source fetch failed before CIK matching: RuntimeError: Request failed after 3 attempts: https://www.sec.gov/files/company_tickers.json: HTTP Error 403: Forbidden,2026-06-12T04:09:26+00:00
2025,19,Centene,https://fortune.com/company/centene/,2023,,,,0.00,sec_source_fetch_failed,,,,,,,,not_attempted,sec_source_fetch_failed,SEC source fetch failed before CIK matching: RuntimeError: Request failed after 3 attempts: https://www.sec.gov/files/company_tickers.json: HTTP Error 403: Forbidden,2026-06-12T04:09:26+00:00
2025,20,Bank of America,https://fortune.com/company/bank-of-america-corp/,2025,,,,0.00,sec_source_fetch_failed,,,,,,,,not_attempted,sec_source_fetch_failed,SEC source fetch failed before CIK matching: RuntimeError: Request failed after 3 attempts: https://www.sec.gov/files/company_tickers.json: HTTP Error 403: Forbidden,2026-06-12T04:09:26+00:00
2025,20,Bank of America,https://fortune.com/company/bank-of-america-corp/,2024,,,,0.00,sec_source_fetch_failed,,,,,,,,not_attempted,sec_source_fetch_failed,SEC source fetch failed before CIK matching: RuntimeError: Request failed after 3 attempts: https://www.sec.gov/files/company_tickers.json: HTTP Error 403: Forbidden,2026-06-12T04:09:26+00:00
2025,20,Bank of America,https://fortune.com/company/bank-of-america-corp/,2023,,,,0.00,sec_source_fetch_failed,,,,,,,,not_attempted,sec_source_fetch_failed,SEC source fetch failed before CIK matching: RuntimeError: Request failed after 3 attempts: https://www.sec.gov/files/company_tickers.json: HTTP Error 403: Forbidden,2026-06-12T04:09:26+00:00
2025,21,Chevron,https://fortune.com/company/chevron/,2025,,,,0.00,sec_source_fetch_failed,,,,,,,,not_attempted,sec_source_fetch_failed,SEC source fetch failed before CIK matching: RuntimeError: Request failed after 3 attempts: https://www.sec.gov/files/company_tickers.json: HTTP Error 403: Forbidden,2026-06-12T04:09:26+00:00
2025,21,Chevron,https://fortune.com/company/chevron/,2024,,,,0.00,sec_source_fetch_failed,,,,,,,,not_attempted,sec_source_fetch_failed,SEC source fetch failed before CIK matching: RuntimeError: Request failed after 3 attempts: https://www.sec.gov/files/company_tickers.json: HTTP Error 403: Forbidden,2026-06-12T04:09:26+00:00
2025,21,Chevron,https://fortune.com/company/chevron/,2023,,,,0.00,sec_source_fetch_failed,,,,,,,,not_attempted,sec_source_fetch_failed,SEC source fetch failed before CIK matching: RuntimeError: Request failed after 3 attempts: https://www.sec.gov/files/company_tickers.json: HTTP Error 403: Forbidden,2026-06-12T04:09:26+00:00
2025,22,Ford Motor,https://fortune.com/company/ford-motor/,2025,,,,0.00,sec_source_fetch_failed,,,,,,,,not_attempted,sec_source_fetch_failed,SEC source fetch failed before CIK matching: RuntimeError: Request failed after 3 attempts: https://www.sec.gov/files/company_tickers.json: HTTP Error 403: Forbidden,2026-06-12T04:09:26+00:00
2025,22,Ford Motor,https://fortune.com/company/ford-motor/,2024,,,,0.00,sec_source_fetch_failed,,,,,,,,not_attempted,sec_source_fetch_failed,SEC source fetch failed before CIK matching: RuntimeError: Request failed after 3 attempts: https://www.sec.gov/files/company_tickers.json: HTTP Error 403: Forbidden,2026-06-12T04:09:26+00:00
2025,22,Ford Motor,https://fortune.com/company/ford-motor/,2023,,,,0.00,sec_source_fetch_failed,,,,,,,,not_attempted,sec_source_fetch_failed,SEC source fetch failed before CIK matching: RuntimeError: Request failed after 3 attempts: https://www.sec.gov/files/company_tickers.json: HTTP Error 403: Forbidden,2026-06-12T04:09:26+00:00
2025,23,General Motors,https://fortune.com/company/general-motors/,2025,,,,0.00,sec_source_fetch_failed,,,,,,,,not_attempted,sec_source_fetch_failed,SEC source fetch failed before CIK matching: RuntimeError: Request failed after 3 attempts: https://www.sec.gov/files/company_tickers.json: HTTP Error 403: Forbidden,2026-06-12T04:09:26+00:00
2025,23,General Motors,https://fortune.com/company/general-motors/,2024,,,,0.00,sec_source_fetch_failed,,,,,,,,not_attempted,sec_source_fetch_failed,SEC source fetch failed before CIK matching: RuntimeError: Request failed after 3 attempts: https://www.sec.gov/files/company_tickers.json: HTTP Error 403: Forbidden,2026-06-12T04:09:26+00:00
2025,23,General Motors,https://fortune.com/company/general-motors/,2023,,,,0.00,sec_source_fetch_failed,,,,,,,,not_attempted,sec_source_fetch_failed,SEC source fetch failed before CIK matching: RuntimeError: Request failed after 3 attempts: https://www.sec.gov/files/company_tickers.json: HTTP Error 403: Forbidden,2026-06-12T04:09:26+00:00
2025,24,Citigroup,https://fortune.com/company/citigroup/,2025,,,,0.00,sec_source_fetch_failed,,,,,,,,not_attempted,sec_source_fetch_failed,SEC source fetch failed before CIK matching: RuntimeError: Request failed after 3 attempts: https://www.sec.gov/files/company_tickers.json: HTTP Error 403: Forbidden,2026-06-12T04:09:26+00:00
2025,24,Citigroup,https://fortune.com/company/citigroup/,2024,,,,0.00,sec_source_fetch_failed,,,,,,,,not_attempted,sec_source_fetch_failed,SEC source fetch failed before CIK matching: RuntimeError: Request failed after 3 attempts: https://www.sec.gov/files/company_tickers.json: HTTP Error 403: Forbidden,2026-06-12T04:09:26+00:00
2025,24,Citigroup,https://fortune.com/company/citigroup/,2023,,,,0.00,sec_source_fetch_failed,,,,,,,,not_attempted,sec_source_fetch_failed,SEC source fetch failed before CIK matching: RuntimeError: Request failed after 3 attempts: https://www.sec.gov/files/company_tickers.json: HTTP Error 403: Forbidden,2026-06-12T04:09:26+00:00
2025,25,Home Depot,https://fortune.com/company/home-depot/,2025,,,,0.00,sec_source_fetch_failed,,,,,,,,not_attempted,sec_source_fetch_failed,SEC source fetch failed before CIK matching: RuntimeError: Request failed after 3 attempts: https://www.sec.gov/files/company_tickers.json: HTTP Error 403: Forbidden,2026-06-12T04:09:26+00:00
2025,25,Home Depot,https://fortune.com/company/home-depot/,2024,,,,0.00,sec_source_fetch_failed,,,,,,,,not_attempted,sec_source_fetch_failed,SEC source fetch failed before CIK matching: RuntimeError: Request failed after 3 attempts: https://www.sec.gov/files/company_tickers.json: HTTP Error 403: Forbidden,2026-06-12T04:09:26+00:00
2025,25,Home Depot,https://fortune.com/company/home-depot/,2023,,,,0.00,sec_source_fetch_failed,,,,,,,,not_attempted,sec_source_fetch_failed,SEC source fetch failed before CIK matching: RuntimeError: Request failed after 3 attempts: https://www.sec.gov/files/company_tickers.json: HTTP Error 403: Forbidden,2026-06-12T04:09:26+00:00
2025,26,Fannie Mae,https://fortune.com/company/fannie-mae/,2025,,,,0.00,sec_source_fetch_failed,,,,,,,,not_attempted,sec_source_fetch_failed,SEC source fetch failed before CIK matching: RuntimeError: Request failed after 3 attempts: https://www.sec.gov/files/company_tickers.json: HTTP Error 403: Forbidden,2026-06-12T04:09:26+00:00
2025,26,Fannie Mae,https://fortune.com/company/fannie-mae/,2024,,,,0.00,sec_source_fetch_failed,,,,,,,,not_attempted,sec_source_fetch_failed,SEC source fetch failed before CIK matching: RuntimeError: Request failed after 3 attempts: https://www.sec.gov/files/company_tickers.json: HTTP Error 403: Forbidden,2026-06-12T04:09:26+00:00
2025,26,Fannie Mae,https://fortune.com/company/fannie-mae/,2023,,,,0.00,sec_source_fetch_failed,,,,,,,,not_attempted,sec_source_fetch_failed,SEC source fetch failed before CIK matching: RuntimeError: Request failed after 3 attempts: https://www.sec.gov/files/company_tickers.json: HTTP Error 403: Forbidden,2026-06-12T04:09:26+00:00
2025,27,Kroger,https://fortune.com/company/kroger/,2025,,,,0.00,sec_source_fetch_failed,,,,,,,,not_attempted,sec_source_fetch_failed,SEC source fetch failed before CIK matching: RuntimeError: Request failed after 3 attempts: https://www.sec.gov/files/company_tickers.json: HTTP Error 403: Forbidden,2026-06-12T04:09:26+00:00
2025,27,Kroger,https://fortune.com/company/kroger/,2024,,,,0.00,sec_source_fetch_failed,,,,,,,,not_attempted,sec_source_fetch_failed,SEC source fetch failed before CIK matching: RuntimeError: Request failed after 3 attempts: https://www.sec.gov/files/company_tickers.json: HTTP Error 403: Forbidden,2026-06-12T04:09:26+00:00
2025,27,Kroger,https://fortune.com/company/kroger/,2023,,,,0.00,sec_source_fetch_failed,,,,,,,,not_attempted,sec_source_fetch_failed,SEC source fetch failed before CIK matching: RuntimeError: Request failed after 3 attempts: https://www.sec.gov/files/company_tickers.json: HTTP Error 403: Forbidden,2026-06-12T04:09:26+00:00
2025,28,Verizon Communications,https://fortune.com/company/verizon/,2025,,,,0.00,sec_source_fetch_failed,,,,,,,,not_attempted,sec_source_fetch_failed,SEC source fetch failed before CIK matching: RuntimeError: Request failed after 3 attempts: https://www.sec.gov/files/company_tickers.json: HTTP Error 403: Forbidden,2026-06-12T04:09:26+00:00
2025,28,Verizon Communications,https://fortune.com/company/verizon/,2024,,,,0.00,sec_source_fetch_failed,,,,,,,,not_attempted,sec_source_fetch_failed,SEC source fetch failed before CIK matching: RuntimeError: Request failed after 3 attempts: https://www.sec.gov/files/company_tickers.json: HTTP Error 403: Forbidden,2026-06-12T04:09:26+00:00
2025,28,Verizon Communications,https://fortune.com/company/verizon/,2023,,,,0.00,sec_source_fetch_failed,,,,,,,,not_attempted,sec_source_fetch_failed,SEC source fetch failed before CIK matching: RuntimeError: Request failed after 3 attempts: https://www.sec.gov/files/company_tickers.json: HTTP Error 403: Forbidden,2026-06-12T04:09:26+00:00
2025,29,Phillips 66,https://fortune.com/company/phillips/,2025,,,,0.00,sec_source_fetch_failed,,,,,,,,not_attempted,sec_source_fetch_failed,SEC source fetch failed before CIK matching: RuntimeError: Request failed after 3 attempts: https://www.sec.gov/files/company_tickers.json: HTTP Error 403: Forbidden,2026-06-12T04:09:26+00:00
2025,29,Phillips 66,https://fortune.com/company/phillips/,2024,,,,0.00,sec_source_fetch_failed,,,,,,,,not_attempted,sec_source_fetch_failed,SEC source fetch failed before CIK matching: RuntimeError: Request failed after 3 attempts: https://www.sec.gov/files/company_tickers.json: HTTP Error 403: Forbidden,2026-06-12T04:09:26+00:00
2025,29,Phillips 66,https://fortune.com/company/phillips/,2023,,,,0.00,sec_source_fetch_failed,,,,,,,,not_attempted,sec_source_fetch_failed,SEC source fetch failed before CIK matching: RuntimeError: Request failed after 3 attempts: https://www.sec.gov/files/company_tickers.json: HTTP Error 403: Forbidden,2026-06-12T04:09:26+00:00
2025,30,Marathon Petroleum,https://fortune.com/company/marathon-petroleum/,2025,,,,0.00,sec_source_fetch_failed,,,,,,,,not_attempted,sec_source_fetch_failed,SEC source fetch failed before CIK matching: RuntimeError: Request failed after 3 attempts: https://www.sec.gov/files/company_tickers.json: HTTP Error 403: Forbidden,2026-06-12T04:09:26+00:00
2025,30,Marathon Petroleum,https://fortune.com/company/marathon-petroleum/,2024,,,,0.00,sec_source_fetch_failed,,,,,,,,not_attempted,sec_source_fetch_failed,SEC source fetch failed before CIK matching: RuntimeError: Request failed after 3 attempts: https://www.sec.gov/files/company_tickers.json: HTTP Error 403: Forbidden,2026-06-12T04:09:26+00:00
2025,30,Marathon Petroleum,https://fortune.com/company/marathon-petroleum/,2023,,,,0.00,sec_source_fetch_failed,,,,,,,,not_attempted,sec_source_fetch_failed,SEC source fetch failed before CIK matching: RuntimeError: Request failed after 3 attempts: https://www.sec.gov/files/company_tickers.json: HTTP Error 403: Forbidden,2026-06-12T04:09:26+00:00
2025,31,StoneX Group,https://fortune.com/company/stonex-group/,2025,,,,0.00,sec_source_fetch_failed,,,,,,,,not_attempted,sec_source_fetch_failed,SEC source fetch failed before CIK matching: RuntimeError: Request failed after 3 attempts: https://www.sec.gov/files/company_tickers.json: HTTP Error 403: Forbidden,2026-06-12T04:09:26+00:00
2025,31,StoneX Group,https://fortune.com/company/stonex-group/,2024,,,,0.00,sec_source_fetch_failed,,,,,,,,not_attempted,sec_source_fetch_failed,SEC source fetch failed before CIK matching: RuntimeError: Request failed after 3 attempts: https://www.sec.gov/files/company_tickers.json: HTTP Error 403: Forbidden,2026-06-12T04:09:26+00:00
2025,31,StoneX Group,https://fortune.com/company/stonex-group/,2023,,,,0.00,sec_source_fetch_failed,,,,,,,,not_attempted,sec_source_fetch_failed,SEC source fetch failed before CIK matching: RuntimeError: Request failed after 3 attempts: https://www.sec.gov/files/company_tickers.json: HTTP Error 403: Forbidden,2026-06-12T04:09:26+00:00
2025,32,State Farm Insurance,https://fortune.com/company/state-farm-insurance-cos/,2025,,,,0.00,sec_source_fetch_failed,,,,,,,,not_attempted,sec_source_fetch_failed,SEC source fetch failed before CIK matching: RuntimeError: Request failed after 3 attempts: https://www.sec.gov/files/company_tickers.json: HTTP Error 403: Forbidden,2026-06-12T04:09:26+00:00
2025,32,State Farm Insurance,https://fortune.com/company/state-farm-insurance-cos/,2024,,,,0.00,sec_source_fetch_failed,,,,,,,,not_attempted,sec_source_fetch_failed,SEC source fetch failed before CIK matching: RuntimeError: Request failed after 3 attempts: https://www.sec.gov/files/company_tickers.json: HTTP Error 403: Forbidden,2026-06-12T04:09:26+00:00
2025,32,State Farm Insurance,https://fortune.com/company/state-farm-insurance-cos/,2023,,,,0.00,sec_source_fetch_failed,,,,,,,,not_attempted,sec_source_fetch_failed,SEC source fetch failed before CIK matching: RuntimeError: Request failed after 3 attempts: https://www.sec.gov/files/company_tickers.json: HTTP Error 403: Forbidden,2026-06-12T04:09:26+00:00
2025,33,Freddie Mac,https://fortune.com/company/freddie-mac/,2025,,,,0.00,sec_source_fetch_failed,,,,,,,,not_attempted,sec_source_fetch_failed,SEC source fetch failed before CIK matching: RuntimeError: Request failed after 3 attempts: https://www.sec.gov/files/company_tickers.json: HTTP Error 403: Forbidden,2026-06-12T04:09:26+00:00
2025,33,Freddie Mac,https://fortune.com/company/freddie-mac/,2024,,,,0.00,sec_source_fetch_failed,,,,,,,,not_attempted,sec_source_fetch_failed,SEC source fetch failed before CIK matching: RuntimeError: Request failed after 3 attempts: https://www.sec.gov/files/company_tickers.json: HTTP Error 403: Forbidden,2026-06-12T04:09:26+00:00
2025,33,Freddie Mac,https://fortune.com/company/freddie-mac/,2023,,,,0.00,sec_source_fetch_failed,,,,,,,,not_attempted,sec_source_fetch_failed,SEC source fetch failed before CIK matching: RuntimeError: Request failed after 3 attempts: https://www.sec.gov/files/company_tickers.json: HTTP Error 403: Forbidden,2026-06-12T04:09:26+00:00
2025,34,Humana,https://fortune.com/company/humana/,2025,,,,0.00,sec_source_fetch_failed,,,,,,,,not_attempted,sec_source_fetch_failed,SEC source fetch failed before CIK matching: RuntimeError: Request failed after 3 attempts: https://www.sec.gov/files/company_tickers.json: HTTP Error 403: Forbidden,2026-06-12T04:09:26+00:00
2025,34,Humana,https://fortune.com/company/humana/,2024,,,,0.00,sec_source_fetch_failed,,,,,,,,not_attempted,sec_source_fetch_failed,SEC source fetch failed before CIK matching: RuntimeError: Request failed after 3 attempts: https://www.sec.gov/files/company_tickers.json: HTTP Error 403: Forbidden,2026-06-12T04:09:26+00:00
2025,34,Humana,https://fortune.com/company/humana/,2023,,,,0.00,sec_source_fetch_failed,,,,,,,,not_attempted,sec_source_fetch_failed,SEC source fetch failed before CIK matching: RuntimeError: Request failed after 3 attempts: https://www.sec.gov/files/company_tickers.json: HTTP Error 403: Forbidden,2026-06-12T04:09:26+00:00
2025,35,AT&T,https://fortune.com/company/att/,2025,,,,0.00,sec_source_fetch_failed,,,,,,,,not_attempted,sec_source_fetch_failed,SEC source fetch failed before CIK matching: RuntimeError: Request failed after 3 attempts: https://www.sec.gov/files/company_tickers.json: HTTP Error 403: Forbidden,2026-06-12T04:09:26+00:00
2025,35,AT&T,https://fortune.com/company/att/,2024,,,,0.00,sec_source_fetch_failed,,,,,,,,not_attempted,sec_source_fetch_failed,SEC source fetch failed before CIK matching: RuntimeError: Request failed after 3 attempts: https://www.sec.gov/files/company_tickers.json: HTTP Error 403: Forbidden,2026-06-12T04:09:26+00:00
2025,35,AT&T,https://fortune.com/company/att/,2023,,,,0.00,sec_source_fetch_failed,,,,,,,,not_attempted,sec_source_fetch_failed,SEC source fetch failed before CIK matching: RuntimeError: Request failed after 3 attempts: https://www.sec.gov/files/company_tickers.json: HTTP Error 403: Forbidden,2026-06-12T04:09:26+00:00
2025,36,Goldman Sachs Group,https://fortune.com/company/goldman-sachs-group/,2025,,,,0.00,sec_source_fetch_failed,,,,,,,,not_attempted,sec_source_fetch_failed,SEC source fetch failed before CIK matching: RuntimeError: Request failed after 3 attempts: https://www.sec.gov/files/company_tickers.json: HTTP Error 403: Forbidden,2026-06-12T04:09:26+00:00
2025,36,Goldman Sachs Group,https://fortune.com/company/goldman-sachs-group/,2024,,,,0.00,sec_source_fetch_failed,,,,,,,,not_attempted,sec_source_fetch_failed,SEC source fetch failed before CIK matching: RuntimeError: Request failed after 3 attempts: https://www.sec.gov/files/company_tickers.json: HTTP Error 403: Forbidden,2026-06-12T04:09:26+00:00
2025,36,Goldman Sachs Group,https://fortune.com/company/goldman-sachs-group/,2023,,,,0.00,sec_source_fetch_failed,,,,,,,,not_attempted,sec_source_fetch_failed,SEC source fetch failed before CIK matching: RuntimeError: Request failed after 3 attempts: https://www.sec.gov/files/company_tickers.json: HTTP Error 403: Forbidden,2026-06-12T04:09:26+00:00
2025,37,Comcast,https://fortune.com/company/comcast/,2025,,,,0.00,sec_source_fetch_failed,,,,,,,,not_attempted,sec_source_fetch_failed,SEC source fetch failed before CIK matching: RuntimeError: Request failed after 3 attempts: https://www.sec.gov/files/company_tickers.json: HTTP Error 403: Forbidden,2026-06-12T04:09:26+00:00
2025,37,Comcast,https://fortune.com/company/comcast/,2024,,,,0.00,sec_source_fetch_failed,,,,,,,,not_attempted,sec_source_fetch_failed,SEC source fetch failed before CIK matching: RuntimeError: Request failed after 3 attempts: https://www.sec.gov/files/company_tickers.json: HTTP Error 403: Forbidden,2026-06-12T04:09:26+00:00
2025,37,Comcast,https://fortune.com/company/comcast/,2023,,,,0.00,sec_source_fetch_failed,,,,,,,,not_attempted,sec_source_fetch_failed,SEC source fetch failed before CIK matching: RuntimeError: Request failed after 3 attempts: https://www.sec.gov/files/company_tickers.json: HTTP Error 403: Forbidden,2026-06-12T04:09:26+00:00
2025,38,Wells Fargo,https://fortune.com/company/wells-fargo/,2025,,,,0.00,sec_source_fetch_failed,,,,,,,,not_attempted,sec_source_fetch_failed,SEC source fetch failed before CIK matching: RuntimeError: Request failed after 3 attempts: https://www.sec.gov/files/company_tickers.json: HTTP Error 403: Forbidden,2026-06-12T04:09:26+00:00
2025,38,Wells Fargo,https://fortune.com/company/wells-fargo/,2024,,,,0.00,sec_source_fetch_failed,,,,,,,,not_attempted,sec_source_fetch_failed,SEC source fetch failed before CIK matching: RuntimeError: Request failed after 3 attempts: https://www.sec.gov/files/company_tickers.json: HTTP Error 403: Forbidden,2026-06-12T04:09:26+00:00
2025,38,Wells Fargo,https://fortune.com/company/wells-fargo/,2023,,,,0.00,sec_source_fetch_failed,,,,,,,,not_attempted,sec_source_fetch_failed,SEC source fetch failed before CIK matching: RuntimeError: Request failed after 3 attempts: https://www.sec.gov/files/company_tickers.json: HTTP Error 403: Forbidden,2026-06-12T04:09:26+00:00
2025,39,Morgan Stanley,https://fortune.com/company/morgan-stanley/,2025,,,,0.00,sec_source_fetch_failed,,,,,,,,not_attempted,sec_source_fetch_failed,SEC source fetch failed before CIK matching: RuntimeError: Request failed after 3 attempts: https://www.sec.gov/files/company_tickers.json: HTTP Error 403: Forbidden,2026-06-12T04:09:26+00:00
2025,39,Morgan Stanley,https://fortune.com/company/morgan-stanley/,2024,,,,0.00,sec_source_fetch_failed,,,,,,,,not_attempted,sec_source_fetch_failed,SEC source fetch failed before CIK matching: RuntimeError: Request failed after 3 attempts: https://www.sec.gov/files/company_tickers.json: HTTP Error 403: Forbidden,2026-06-12T04:09:26+00:00
2025,39,Morgan Stanley,https://fortune.com/company/morgan-stanley/,2023,,,,0.00,sec_source_fetch_failed,,,,,,,,not_attempted,sec_source_fetch_failed,SEC source fetch failed before CIK matching: RuntimeError: Request failed after 3 attempts: https://www.sec.gov/files/company_tickers.json: HTTP Error 403: Forbidden,2026-06-12T04:09:26+00:00
2025,40,Valero Energy,https://fortune.com/company/valero-energy/,2025,,,,0.00,sec_source_fetch_failed,,,,,,,,not_attempted,sec_source_fetch_failed,SEC source fetch failed before CIK matching: RuntimeError: Request failed after 3 attempts: https://www.sec.gov/files/company_tickers.json: HTTP Error 403: Forbidden,2026-06-12T04:09:26+00:00
2025,40,Valero Energy,https://fortune.com/company/valero-energy/,2024,,,,0.00,sec_source_fetch_failed,,,,,,,,not_attempted,sec_source_fetch_failed,SEC source fetch failed before CIK matching: RuntimeError: Request failed after 3 attempts: https://www.sec.gov/files/company_tickers.json: HTTP Error 403: Forbidden,2026-06-12T04:09:26+00:00
2025,40,Valero Energy,https://fortune.com/company/valero-energy/,2023,,,,0.00,sec_source_fetch_failed,,,,,,,,not_attempted,sec_source_fetch_failed,SEC source fetch failed before CIK matching: RuntimeError: Request failed after 3 attempts: https://www.sec.gov/files/company_tickers.json: HTTP Error 403: Forbidden,2026-06-12T04:09:26+00:00
2025,41,Dell Technologies,https://fortune.com/company/dell-technologies/,2025,,,,0.00,sec_source_fetch_failed,,,,,,,,not_attempted,sec_source_fetch_failed,SEC source fetch failed before CIK matching: RuntimeError: Request failed after 3 attempts: https://www.sec.gov/files/company_tickers.json: HTTP Error 403: Forbidden,2026-06-12T04:09:26+00:00
2025,41,Dell Technologies,https://fortune.com/company/dell-technologies/,2024,,,,0.00,sec_source_fetch_failed,,,,,,,,not_attempted,sec_source_fetch_failed,SEC source fetch failed before CIK matching: RuntimeError: Request failed after 3 attempts: https://www.sec.gov/files/company_tickers.json: HTTP Error 403: Forbidden,2026-06-12T04:09:26+00:00
2025,41,Dell Technologies,https://fortune.com/company/dell-technologies/,2023,,,,0.00,sec_source_fetch_failed,,,,,,,,not_attempted,sec_source_fetch_failed,SEC source fetch failed before CIK matching: RuntimeError: Request failed after 3 attempts: https://www.sec.gov/files/company_tickers.json: HTTP Error 403: Forbidden,2026-06-12T04:09:26+00:00
2025,42,Target,https://fortune.com/company/target/,2025,,,,0.00,sec_source_fetch_failed,,,,,,,,not_attempted,sec_source_fetch_failed,SEC source fetch failed before CIK matching: RuntimeError: Request failed after 3 attempts: https://www.sec.gov/files/company_tickers.json: HTTP Error 403: Forbidden,2026-06-12T04:09:26+00:00
2025,42,Target,https://fortune.com/company/target/,2024,,,,0.00,sec_source_fetch_failed,,,,,,,,not_attempted,sec_source_fetch_failed,SEC source fetch failed before CIK matching: RuntimeError: Request failed after 3 attempts: https://www.sec.gov/files/company_tickers.json: HTTP Error 403: Forbidden,2026-06-12T04:09:26+00:00
2025,42,Target,https://fortune.com/company/target/,2023,,,,0.00,sec_source_fetch_failed,,,,,,,,not_attempted,sec_source_fetch_failed,SEC source fetch failed before CIK matching: RuntimeError: Request failed after 3 attempts: https://www.sec.gov/files/company_tickers.json: HTTP Error 403: Forbidden,2026-06-12T04:09:26+00:00
2025,43,Tesla,https://fortune.com/company/tesla/,2025,,,,0.00,sec_source_fetch_failed,,,,,,,,not_attempted,sec_source_fetch_failed,SEC source fetch failed before CIK matching: RuntimeError: Request failed after 3 attempts: https://www.sec.gov/files/company_tickers.json: HTTP Error 403: Forbidden,2026-06-12T04:09:26+00:00
2025,43,Tesla,https://fortune.com/company/tesla/,2024,,,,0.00,sec_source_fetch_failed,,,,,,,,not_attempted,sec_source_fetch_failed,SEC source fetch failed before CIK matching: RuntimeError: Request failed after 3 attempts: https://www.sec.gov/files/company_tickers.json: HTTP Error 403: Forbidden,2026-06-12T04:09:26+00:00
2025,43,Tesla,https://fortune.com/company/tesla/,2023,,,,0.00,sec_source_fetch_failed,,,,,,,,not_attempted,sec_source_fetch_failed,SEC source fetch failed before CIK matching: RuntimeError: Request failed after 3 attempts: https://www.sec.gov/files/company_tickers.json: HTTP Error 403: Forbidden,2026-06-12T04:09:26+00:00
2025,44,Walt Disney,https://fortune.com/company/disney/,2025,,,,0.00,sec_source_fetch_failed,,,,,,,,not_attempted,sec_source_fetch_failed,SEC source fetch failed before CIK matching: RuntimeError: Request failed after 3 attempts: https://www.sec.gov/files/company_tickers.json: HTTP Error 403: Forbidden,2026-06-12T04:09:26+00:00
2025,44,Walt Disney,https://fortune.com/company/disney/,2024,,,,0.00,sec_source_fetch_failed,,,,,,,,not_attempted,sec_source_fetch_failed,SEC source fetch failed before CIK matching: RuntimeError: Request failed after 3 attempts: https://www.sec.gov/files/company_tickers.json: HTTP Error 403: Forbidden,2026-06-12T04:09:26+00:00
2025,44,Walt Disney,https://fortune.com/company/disney/,2023,,,,0.00,sec_source_fetch_failed,,,,,,,,not_attempted,sec_source_fetch_failed,SEC source fetch failed before CIK matching: RuntimeError: Request failed after 3 attempts: https://www.sec.gov/files/company_tickers.json: HTTP Error 403: Forbidden,2026-06-12T04:09:26+00:00
2025,45,Johnson & Johnson,https://fortune.com/company/johnson-johnson/,2025,,,,0.00,sec_source_fetch_failed,,,,,,,,not_attempted,sec_source_fetch_failed,SEC source fetch failed before CIK matching: RuntimeError: Request failed after 3 attempts: https://www.sec.gov/files/company_tickers.json: HTTP Error 403: Forbidden,2026-06-12T04:09:26+00:00
2025,45,Johnson & Johnson,https://fortune.com/company/johnson-johnson/,2024,,,,0.00,sec_source_fetch_failed,,,,,,,,not_attempted,sec_source_fetch_failed,SEC source fetch failed before CIK matching: RuntimeError: Request failed after 3 attempts: https://www.sec.gov/files/company_tickers.json: HTTP Error 403: Forbidden,2026-06-12T04:09:26+00:00
2025,45,Johnson & Johnson,https://fortune.com/company/johnson-johnson/,2023,,,,0.00,sec_source_fetch_failed,,,,,,,,not_attempted,sec_source_fetch_failed,SEC source fetch failed before CIK matching: RuntimeError: Request failed after 3 attempts: https://www.sec.gov/files/company_tickers.json: HTTP Error 403: Forbidden,2026-06-12T04:09:26+00:00
2025,46,PepsiCo,https://fortune.com/company/pepsico/,2025,,,,0.00,sec_source_fetch_failed,,,,,,,,not_attempted,sec_source_fetch_failed,SEC source fetch failed before CIK matching: RuntimeError: Request failed after 3 attempts: https://www.sec.gov/files/company_tickers.json: HTTP Error 403: Forbidden,2026-06-12T04:09:26+00:00
2025,46,PepsiCo,https://fortune.com/company/pepsico/,2024,,,,0.00,sec_source_fetch_failed,,,,,,,,not_attempted,sec_source_fetch_failed,SEC source fetch failed before CIK matching: RuntimeError: Request failed after 3 attempts: https://www.sec.gov/files/company_tickers.json: HTTP Error 403: Forbidden,2026-06-12T04:09:26+00:00
2025,46,PepsiCo,https://fortune.com/company/pepsico/,2023,,,,0.00,sec_source_fetch_failed,,,,,,,,not_attempted,sec_source_fetch_failed,SEC source fetch failed before CIK matching: RuntimeError: Request failed after 3 attempts: https://www.sec.gov/files/company_tickers.json: HTTP Error 403: Forbidden,2026-06-12T04:09:26+00:00
2025,47,Boeing,https://fortune.com/company/boeing/,2025,,,,0.00,sec_source_fetch_failed,,,,,,,,not_attempted,sec_source_fetch_failed,SEC source fetch failed before CIK matching: RuntimeError: Request failed after 3 attempts: https://www.sec.gov/files/company_tickers.json: HTTP Error 403: Forbidden,2026-06-12T04:09:26+00:00
2025,47,Boeing,https://fortune.com/company/boeing/,2024,,,,0.00,sec_source_fetch_failed,,,,,,,,not_attempted,sec_source_fetch_failed,SEC source fetch failed before CIK matching: RuntimeError: Request failed after 3 attempts: https://www.sec.gov/files/company_tickers.json: HTTP Error 403: Forbidden,2026-06-12T04:09:26+00:00
2025,47,Boeing,https://fortune.com/company/boeing/,2023,,,,0.00,sec_source_fetch_failed,,,,,,,,not_attempted,sec_source_fetch_failed,SEC source fetch failed before CIK matching: RuntimeError: Request failed after 3 attempts: https://www.sec.gov/files/company_tickers.json: HTTP Error 403: Forbidden,2026-06-12T04:09:26+00:00
2025,48,UPS,https://fortune.com/company/ups/,2025,,,,0.00,sec_source_fetch_failed,,,,,,,,not_attempted,sec_source_fetch_failed,SEC source fetch failed before CIK matching: RuntimeError: Request failed after 3 attempts: https://www.sec.gov/files/company_tickers.json: HTTP Error 403: Forbidden,2026-06-12T04:09:26+00:00
2025,48,UPS,https://fortune.com/company/ups/,2024,,,,0.00,sec_source_fetch_failed,,,,,,,,not_attempted,sec_source_fetch_failed,SEC source fetch failed before CIK matching: RuntimeError: Request failed after 3 attempts: https://www.sec.gov/files/company_tickers.json: HTTP Error 403: Forbidden,2026-06-12T04:09:26+00:00
2025,48,UPS,https://fortune.com/company/ups/,2023,,,,0.00,sec_source_fetch_failed,,,,,,,,not_attempted,sec_source_fetch_failed,SEC source fetch failed before CIK matching: RuntimeError: Request failed after 3 attempts: https://www.sec.gov/files/company_tickers.json: HTTP Error 403: Forbidden,2026-06-12T04:09:26+00:00
2025,49,RTX,https://fortune.com/company/raytheon-technologies/,2025,,,,0.00,sec_source_fetch_failed,,,,,,,,not_attempted,sec_source_fetch_failed,SEC source fetch failed before CIK matching: RuntimeError: Request failed after 3 attempts: https://www.sec.gov/files/company_tickers.json: HTTP Error 403: Forbidden,2026-06-12T04:09:26+00:00
2025,49,RTX,https://fortune.com/company/raytheon-technologies/,2024,,,,0.00,sec_source_fetch_failed,,,,,,,,not_attempted,sec_source_fetch_failed,SEC source fetch failed before CIK matching: RuntimeError: Request failed after 3 attempts: https://www.sec.gov/files/company_tickers.json: HTTP Error 403: Forbidden,2026-06-12T04:09:26+00:00
2025,49,RTX,https://fortune.com/company/raytheon-technologies/,2023,,,,0.00,sec_source_fetch_failed,,,,,,,,not_attempted,sec_source_fetch_failed,SEC source fetch failed before CIK matching: RuntimeError: Request failed after 3 attempts: https://www.sec.gov/files/company_tickers.json: HTTP Error 403: Forbidden,2026-06-12T04:09:26+00:00
2025,50,FedEx,https://fortune.com/company/fedex/,2025,,,,0.00,sec_source_fetch_failed,,,,,,,,not_attempted,sec_source_fetch_failed,SEC source fetch failed before CIK matching: RuntimeError: Request failed after 3 attempts: https://www.sec.gov/files/company_tickers.json: HTTP Error 403: Forbidden,2026-06-12T04:09:26+00:00
2025,50,FedEx,https://fortune.com/company/fedex/,2024,,,,0.00,sec_source_fetch_failed,,,,,,,,not_attempted,sec_source_fetch_failed,SEC source fetch failed before CIK matching: RuntimeError: Request failed after 3 attempts: https://www.sec.gov/files/company_tickers.json: HTTP Error 403: Forbidden,2026-06-12T04:09:26+00:00
2025,50,FedEx,https://fortune.com/company/fedex/,2023,,,,0.00,sec_source_fetch_failed,,,,,,,,not_attempted,sec_source_fetch_failed,SEC source fetch failed before CIK matching: RuntimeError: Request failed after 3 attempts: https://www.sec.gov/files/company_tickers.json: HTTP Error 403: Forbidden,2026-06-12T04:09:26+00:00
2025,51,Progressive,https://fortune.com/company/progressive/,2025,,,,0.00,sec_source_fetch_failed,,,,,,,,not_attempted,sec_source_fetch_failed,SEC source fetch failed before CIK matching: RuntimeError: Request failed after 3 attempts: https://www.sec.gov/files/company_tickers.json: HTTP Error 403: Forbidden,2026-06-12T04:09:26+00:00
2025,51,Progressive,https://fortune.com/company/progressive/,2024,,,,0.00,sec_source_fetch_failed,,,,,,,,not_attempted,sec_source_fetch_failed,SEC source fetch failed before CIK matching: RuntimeError: Request failed after 3 attempts: https://www.sec.gov/files/company_tickers.json: HTTP Error 403: Forbidden,2026-06-12T04:09:26+00:00
2025,51,Progressive,https://fortune.com/company/progressive/,2023,,,,0.00,sec_source_fetch_failed,,,,,,,,not_attempted,sec_source_fetch_failed,SEC source fetch failed before CIK matching: RuntimeError: Request failed after 3 attempts: https://www.sec.gov/files/company_tickers.json: HTTP Error 403: Forbidden,2026-06-12T04:09:26+00:00
2025,52,Lowe's,https://fortune.com/company/lowes/,2025,,,,0.00,sec_source_fetch_failed,,,,,,,,not_attempted,sec_source_fetch_failed,SEC source fetch failed before CIK matching: RuntimeError: Request failed after 3 attempts: https://www.sec.gov/files/company_tickers.json: HTTP Error 403: Forbidden,2026-06-12T04:09:26+00:00
2025,52,Lowe's,https://fortune.com/company/lowes/,2024,,,,0.00,sec_source_fetch_failed,,,,,,,,not_attempted,sec_source_fetch_failed,SEC source fetch failed before CIK matching: RuntimeError: Request failed after 3 attempts: https://www.sec.gov/files/company_tickers.json: HTTP Error 403: Forbidden,2026-06-12T04:09:26+00:00
2025,52,Lowe's,https://fortune.com/company/lowes/,2023,,,,0.00,sec_source_fetch_failed,,,,,,,,not_attempted,sec_source_fetch_failed,SEC source fetch failed before CIK matching: RuntimeError: Request failed after 3 attempts: https://www.sec.gov/files/company_tickers.json: HTTP Error 403: Forbidden,2026-06-12T04:09:26+00:00
2025,53,Energy Transfer,https://fortune.com/company/energy-transfer-equity/,2025,,,,0.00,sec_source_fetch_failed,,,,,,,,not_attempted,sec_source_fetch_failed,SEC source fetch failed before CIK matching: RuntimeError: Request failed after 3 attempts: https://www.sec.gov/files/company_tickers.json: HTTP Error 403: Forbidden,2026-06-12T04:09:26+00:00
2025,53,Energy Transfer,https://fortune.com/company/energy-transfer-equity/,2024,,,,0.00,sec_source_fetch_failed,,,,,,,,not_attempted,sec_source_fetch_failed,SEC source fetch failed before CIK matching: RuntimeError: Request failed after 3 attempts: https://www.sec.gov/files/company_tickers.json: HTTP Error 403: Forbidden,2026-06-12T04:09:26+00:00
2025,53,Energy Transfer,https://fortune.com/company/energy-transfer-equity/,2023,,,,0.00,sec_source_fetch_failed,,,,,,,,not_attempted,sec_source_fetch_failed,SEC source fetch failed before CIK matching: RuntimeError: Request failed after 3 attempts: https://www.sec.gov/files/company_tickers.json: HTTP Error 403: Forbidden,2026-06-12T04:09:26+00:00
2025,54,Procter & Gamble,https://fortune.com/company/procter-gamble/,2025,,,,0.00,sec_source_fetch_failed,,,,,,,,not_attempted,sec_source_fetch_failed,SEC source fetch failed before CIK matching: RuntimeError: Request failed after 3 attempts: https://www.sec.gov/files/company_tickers.json: HTTP Error 403: Forbidden,2026-06-12T04:09:26+00:00
2025,54,Procter & Gamble,https://fortune.com/company/procter-gamble/,2024,,,,0.00,sec_source_fetch_failed,,,,,,,,not_attempted,sec_source_fetch_failed,SEC source fetch failed before CIK matching: RuntimeError: Request failed after 3 attempts: https://www.sec.gov/files/company_tickers.json: HTTP Error 403: Forbidden,2026-06-12T04:09:26+00:00
2025,54,Procter & Gamble,https://fortune.com/company/procter-gamble/,2023,,,,0.00,sec_source_fetch_failed,,,,,,,,not_attempted,sec_source_fetch_failed,SEC source fetch failed before CIK matching: RuntimeError: Request failed after 3 attempts: https://www.sec.gov/files/company_tickers.json: HTTP Error 403: Forbidden,2026-06-12T04:09:26+00:00
2025,55,Sysco,https://fortune.com/company/sysco/,2025,,,,0.00,sec_source_fetch_failed,,,,,,,,not_attempted,sec_source_fetch_failed,SEC source fetch failed before CIK matching: RuntimeError: Request failed after 3 attempts: https://www.sec.gov/files/company_tickers.json: HTTP Error 403: Forbidden,2026-06-12T04:09:26+00:00
2025,55,Sysco,https://fortune.com/company/sysco/,2024,,,,0.00,sec_source_fetch_failed,,,,,,,,not_attempted,sec_source_fetch_failed,SEC source fetch failed before CIK matching: RuntimeError: Request failed after 3 attempts: https://www.sec.gov/files/company_tickers.json: HTTP Error 403: Forbidden,2026-06-12T04:09:26+00:00
2025,55,Sysco,https://fortune.com/company/sysco/,2023,,,,0.00,sec_source_fetch_failed,,,,,,,,not_attempted,sec_source_fetch_failed,SEC source fetch failed before CIK matching: RuntimeError: Request failed after 3 attempts: https://www.sec.gov/files/company_tickers.json: HTTP Error 403: Forbidden,2026-06-12T04:09:26+00:00
2025,56,American Express,https://fortune.com/company/american-express/,2025,,,,0.00,sec_source_fetch_failed,,,,,,,,not_attempted,sec_source_fetch_failed,SEC source fetch failed before CIK matching: RuntimeError: Request failed after 3 attempts: https://www.sec.gov/files/company_tickers.json: HTTP Error 403: Forbidden,2026-06-12T04:09:26+00:00
2025,56,American Express,https://fortune.com/company/american-express/,2024,,,,0.00,sec_source_fetch_failed,,,,,,,,not_attempted,sec_source_fetch_failed,SEC source fetch failed before CIK matching: RuntimeError: Request failed after 3 attempts: https://www.sec.gov/files/company_tickers.json: HTTP Error 403: Forbidden,2026-06-12T04:09:26+00:00
2025,56,American Express,https://fortune.com/company/american-express/,2023,,,,0.00,sec_source_fetch_failed,,,,,,,,not_attempted,sec_source_fetch_failed,SEC source fetch failed before CIK matching: RuntimeError: Request failed after 3 attempts: https://www.sec.gov/files/company_tickers.json: HTTP Error 403: Forbidden,2026-06-12T04:09:26+00:00
2025,57,Albertsons,https://fortune.com/company/albertsons-cos/,2025,,,,0.00,sec_source_fetch_failed,,,,,,,,not_attempted,sec_source_fetch_failed,SEC source fetch failed before CIK matching: RuntimeError: Request failed after 3 attempts: https://www.sec.gov/files/company_tickers.json: HTTP Error 403: Forbidden,2026-06-12T04:09:26+00:00
2025,57,Albertsons,https://fortune.com/company/albertsons-cos/,2024,,,,0.00,sec_source_fetch_failed,,,,,,,,not_attempted,sec_source_fetch_failed,SEC source fetch failed before CIK matching: RuntimeError: Request failed after 3 attempts: https://www.sec.gov/files/company_tickers.json: HTTP Error 403: Forbidden,2026-06-12T04:09:26+00:00
2025,57,Albertsons,https://fortune.com/company/albertsons-cos/,2023,,,,0.00,sec_source_fetch_failed,,,,,,,,not_attempted,sec_source_fetch_failed,SEC source fetch failed before CIK matching: RuntimeError: Request failed after 3 attempts: https://www.sec.gov/files/company_tickers.json: HTTP Error 403: Forbidden,2026-06-12T04:09:26+00:00
2025,58,Archer Daniels Midland,https://fortune.com/company/archer-daniels-midland/,2025,,,,0.00,sec_source_fetch_failed,,,,,,,,not_attempted,sec_source_fetch_failed,SEC source fetch failed before CIK matching: RuntimeError: Request failed after 3 attempts: https://www.sec.gov/files/company_tickers.json: HTTP Error 403: Forbidden,2026-06-12T04:09:26+00:00
2025,58,Archer Daniels Midland,https://fortune.com/company/archer-daniels-midland/,2024,,,,0.00,sec_source_fetch_failed,,,,,,,,not_attempted,sec_source_fetch_failed,SEC source fetch failed before CIK matching: RuntimeError: Request failed after 3 attempts: https://www.sec.gov/files/company_tickers.json: HTTP Error 403: Forbidden,2026-06-12T04:09:26+00:00
2025,58,Archer Daniels Midland,https://fortune.com/company/archer-daniels-midland/,2023,,,,0.00,sec_source_fetch_failed,,,,,,,,not_attempted,sec_source_fetch_failed,SEC source fetch failed before CIK matching: RuntimeError: Request failed after 3 attempts: https://www.sec.gov/files/company_tickers.json: HTTP Error 403: Forbidden,2026-06-12T04:09:26+00:00
2025,59,MetLife,https://fortune.com/company/metlife/,2025,,,,0.00,sec_source_fetch_failed,,,,,,,,not_attempted,sec_source_fetch_failed,SEC source fetch failed before CIK matching: RuntimeError: Request failed after 3 attempts: https://www.sec.gov/files/company_tickers.json: HTTP Error 403: Forbidden,2026-06-12T04:09:26+00:00
2025,59,MetLife,https://fortune.com/company/metlife/,2024,,,,0.00,sec_source_fetch_failed,,,,,,,,not_attempted,sec_source_fetch_failed,SEC source fetch failed before CIK matching: RuntimeError: Request failed after 3 attempts: https://www.sec.gov/files/company_tickers.json: HTTP Error 403: Forbidden,2026-06-12T04:09:26+00:00
2025,59,MetLife,https://fortune.com/company/metlife/,2023,,,,0.00,sec_source_fetch_failed,,,,,,,,not_attempted,sec_source_fetch_failed,SEC source fetch failed before CIK matching: RuntimeError: Request failed after 3 attempts: https://www.sec.gov/files/company_tickers.json: HTTP Error 403: Forbidden,2026-06-12T04:09:26+00:00
2025,60,HCA Healthcare,https://fortune.com/company/hca-holdings/,2025,,,,0.00,sec_source_fetch_failed,,,,,,,,not_attempted,sec_source_fetch_failed,SEC source fetch failed before CIK matching: RuntimeError: Request failed after 3 attempts: https://www.sec.gov/files/company_tickers.json: HTTP Error 403: Forbidden,2026-06-12T04:09:26+00:00
2025,60,HCA Healthcare,https://fortune.com/company/hca-holdings/,2024,,,,0.00,sec_source_fetch_failed,,,,,,,,not_attempted,sec_source_fetch_failed,SEC source fetch failed before CIK matching: RuntimeError: Request failed after 3 attempts: https://www.sec.gov/files/company_tickers.json: HTTP Error 403: Forbidden,2026-06-12T04:09:26+00:00
2025,60,HCA Healthcare,https://fortune.com/company/hca-holdings/,2023,,,,0.00,sec_source_fetch_failed,,,,,,,,not_attempted,sec_source_fetch_failed,SEC source fetch failed before CIK matching: RuntimeError: Request failed after 3 attempts: https://www.sec.gov/files/company_tickers.json: HTTP Error 403: Forbidden,2026-06-12T04:09:26+00:00
2025,61,Lockheed Martin,https://fortune.com/company/lockheed-martin/,2025,,,,0.00,sec_source_fetch_failed,,,,,,,,not_attempted,sec_source_fetch_failed,SEC source fetch failed before CIK matching: RuntimeError: Request failed after 3 attempts: https://www.sec.gov/files/company_tickers.json: HTTP Error 403: Forbidden,2026-06-12T04:09:26+00:00
2025,61,Lockheed Martin,https://fortune.com/company/lockheed-martin/,2024,,,,0.00,sec_source_fetch_failed,,,,,,,,not_attempted,sec_source_fetch_failed,SEC source fetch failed before CIK matching: RuntimeError: Request failed after 3 attempts: https://www.sec.gov/files/company_tickers.json: HTTP Error 403: Forbidden,2026-06-12T04:09:26+00:00
2025,61,Lockheed Martin,https://fortune.com/company/lockheed-martin/,2023,,,,0.00,sec_source_fetch_failed,,,,,,,,not_attempted,sec_source_fetch_failed,SEC source fetch failed before CIK matching: RuntimeError: Request failed after 3 attempts: https://www.sec.gov/files/company_tickers.json: HTTP Error 403: Forbidden,2026-06-12T04:09:26+00:00
2025,62,New York Life Insurance,https://fortune.com/company/new-york-life-insurance/,2025,,,,0.00,sec_source_fetch_failed,,,,,,,,not_attempted,sec_source_fetch_failed,SEC source fetch failed before CIK matching: RuntimeError: Request failed after 3 attempts: https://www.sec.gov/files/company_tickers.json: HTTP Error 403: Forbidden,2026-06-12T04:09:26+00:00
2025,62,New York Life Insurance,https://fortune.com/company/new-york-life-insurance/,2024,,,,0.00,sec_source_fetch_failed,,,,,,,,not_attempted,sec_source_fetch_failed,SEC source fetch failed before CIK matching: RuntimeError: Request failed after 3 attempts: https://www.sec.gov/files/company_tickers.json: HTTP Error 403: Forbidden,2026-06-12T04:09:26+00:00
2025,62,New York Life Insurance,https://fortune.com/company/new-york-life-insurance/,2023,,,,0.00,sec_source_fetch_failed,,,,,,,,not_attempted,sec_source_fetch_failed,SEC source fetch failed before CIK matching: RuntimeError: Request failed after 3 attempts: https://www.sec.gov/files/company_tickers.json: HTTP Error 403: Forbidden,2026-06-12T04:09:26+00:00
2025,63,Capital One Financial,https://fortune.com/company/capital-one-financial/,2025,,,,0.00,sec_source_fetch_failed,,,,,,,,not_attempted,sec_source_fetch_failed,SEC source fetch failed before CIK matching: RuntimeError: Request failed after 3 attempts: https://www.sec.gov/files/company_tickers.json: HTTP Error 403: Forbidden,2026-06-12T04:09:26+00:00
2025,63,Capital One Financial,https://fortune.com/company/capital-one-financial/,2024,,,,0.00,sec_source_fetch_failed,,,,,,,,not_attempted,sec_source_fetch_failed,SEC source fetch failed before CIK matching: RuntimeError: Request failed after 3 attempts: https://www.sec.gov/files/company_tickers.json: HTTP Error 403: Forbidden,2026-06-12T04:09:26+00:00
2025,63,Capital One Financial,https://fortune.com/company/capital-one-financial/,2023,,,,0.00,sec_source_fetch_failed,,,,,,,,not_attempted,sec_source_fetch_failed,SEC source fetch failed before CIK matching: RuntimeError: Request failed after 3 attempts: https://www.sec.gov/files/company_tickers.json: HTTP Error 403: Forbidden,2026-06-12T04:09:26+00:00
2025,64,Allstate,https://fortune.com/company/allstate/,2025,,,,0.00,sec_source_fetch_failed,,,,,,,,not_attempted,sec_source_fetch_failed,SEC source fetch failed before CIK matching: RuntimeError: Request failed after 3 attempts: https://www.sec.gov/files/company_tickers.json: HTTP Error 403: Forbidden,2026-06-12T04:09:26+00:00
2025,64,Allstate,https://fortune.com/company/allstate/,2024,,,,0.00,sec_source_fetch_failed,,,,,,,,not_attempted,sec_source_fetch_failed,SEC source fetch failed before CIK matching: RuntimeError: Request failed after 3 attempts: https://www.sec.gov/files/company_tickers.json: HTTP Error 403: Forbidden,2026-06-12T04:09:26+00:00
2025,64,Allstate,https://fortune.com/company/allstate/,2023,,,,0.00,sec_source_fetch_failed,,,,,,,,not_attempted,sec_source_fetch_failed,SEC source fetch failed before CIK matching: RuntimeError: Request failed after 3 attempts: https://www.sec.gov/files/company_tickers.json: HTTP Error 403: Forbidden,2026-06-12T04:09:26+00:00
2025,65,Caterpillar,https://fortune.com/company/caterpillar/,2025,,,,0.00,sec_source_fetch_failed,,,,,,,,not_attempted,sec_source_fetch_failed,SEC source fetch failed before CIK matching: RuntimeError: Request failed after 3 attempts: https://www.sec.gov/files/company_tickers.json: HTTP Error 403: Forbidden,2026-06-12T04:09:26+00:00
2025,65,Caterpillar,https://fortune.com/company/caterpillar/,2024,,,,0.00,sec_source_fetch_failed,,,,,,,,not_attempted,sec_source_fetch_failed,SEC source fetch failed before CIK matching: RuntimeError: Request failed after 3 attempts: https://www.sec.gov/files/company_tickers.json: HTTP Error 403: Forbidden,2026-06-12T04:09:26+00:00
2025,65,Caterpillar,https://fortune.com/company/caterpillar/,2023,,,,0.00,sec_source_fetch_failed,,,,,,,,not_attempted,sec_source_fetch_failed,SEC source fetch failed before CIK matching: RuntimeError: Request failed after 3 attempts: https://www.sec.gov/files/company_tickers.json: HTTP Error 403: Forbidden,2026-06-12T04:09:26+00:00
2025,66,IBM,https://fortune.com/company/ibm/,2025,,,,0.00,sec_source_fetch_failed,,,,,,,,not_attempted,sec_source_fetch_failed,SEC source fetch failed before CIK matching: RuntimeError: Request failed after 3 attempts: https://www.sec.gov/files/company_tickers.json: HTTP Error 403: Forbidden,2026-06-12T04:09:26+00:00
2025,66,IBM,https://fortune.com/company/ibm/,2024,,,,0.00,sec_source_fetch_failed,,,,,,,,not_attempted,sec_source_fetch_failed,SEC source fetch failed before CIK matching: RuntimeError: Request failed after 3 attempts: https://www.sec.gov/files/company_tickers.json: HTTP Error 403: Forbidden,2026-06-12T04:09:26+00:00
2025,66,IBM,https://fortune.com/company/ibm/,2023,,,,0.00,sec_source_fetch_failed,,,,,,,,not_attempted,sec_source_fetch_failed,SEC source fetch failed before CIK matching: RuntimeError: Request failed after 3 attempts: https://www.sec.gov/files/company_tickers.json: HTTP Error 403: Forbidden,2026-06-12T04:09:26+00:00
2025,67,Eli Lilly,https://fortune.com/company/eli-lilly/,2025,,,,0.00,sec_source_fetch_failed,,,,,,,,not_attempted,sec_source_fetch_failed,SEC source fetch failed before CIK matching: RuntimeError: Request failed after 3 attempts: https://www.sec.gov/files/company_tickers.json: HTTP Error 403: Forbidden,2026-06-12T04:09:26+00:00
2025,67,Eli Lilly,https://fortune.com/company/eli-lilly/,2024,,,,0.00,sec_source_fetch_failed,,,,,,,,not_attempted,sec_source_fetch_failed,SEC source fetch failed before CIK matching: RuntimeError: Request failed after 3 attempts: https://www.sec.gov/files/company_tickers.json: HTTP Error 403: Forbidden,2026-06-12T04:09:26+00:00
2025,67,Eli Lilly,https://fortune.com/company/eli-lilly/,2023,,,,0.00,sec_source_fetch_failed,,,,,,,,not_attempted,sec_source_fetch_failed,SEC source fetch failed before CIK matching: RuntimeError: Request failed after 3 attempts: https://www.sec.gov/files/company_tickers.json: HTTP Error 403: Forbidden,2026-06-12T04:09:26+00:00
2025,68,Merck,https://fortune.com/company/merck/,2025,,,,0.00,sec_source_fetch_failed,,,,,,,,not_attempted,sec_source_fetch_failed,SEC source fetch failed before CIK matching: RuntimeError: Request failed after 3 attempts: https://www.sec.gov/files/company_tickers.json: HTTP Error 403: Forbidden,2026-06-12T04:09:26+00:00
2025,68,Merck,https://fortune.com/company/merck/,2024,,,,0.00,sec_source_fetch_failed,,,,,,,,not_attempted,sec_source_fetch_failed,SEC source fetch failed before CIK matching: RuntimeError: Request failed after 3 attempts: https://www.sec.gov/files/company_tickers.json: HTTP Error 403: Forbidden,2026-06-12T04:09:26+00:00
2025,68,Merck,https://fortune.com/company/merck/,2023,,,,0.00,sec_source_fetch_failed,,,,,,,,not_attempted,sec_source_fetch_failed,SEC source fetch failed before CIK matching: RuntimeError: Request failed after 3 attempts: https://www.sec.gov/files/company_tickers.json: HTTP Error 403: Forbidden,2026-06-12T04:09:26+00:00
2025,69,Nationwide,https://fortune.com/company/nationwide/,2025,,,,0.00,sec_source_fetch_failed,,,,,,,,not_attempted,sec_source_fetch_failed,SEC source fetch failed before CIK matching: RuntimeError: Request failed after 3 attempts: https://www.sec.gov/files/company_tickers.json: HTTP Error 403: Forbidden,2026-06-12T04:09:26+00:00
2025,69,Nationwide,https://fortune.com/company/nationwide/,2024,,,,0.00,sec_source_fetch_failed,,,,,,,,not_attempted,sec_source_fetch_failed,SEC source fetch failed before CIK matching: RuntimeError: Request failed after 3 attempts: https://www.sec.gov/files/company_tickers.json: HTTP Error 403: Forbidden,2026-06-12T04:09:26+00:00
2025,69,Nationwide,https://fortune.com/company/nationwide/,2023,,,,0.00,sec_source_fetch_failed,,,,,,,,not_attempted,sec_source_fetch_failed,SEC source fetch failed before CIK matching: RuntimeError: Request failed after 3 attempts: https://www.sec.gov/files/company_tickers.json: HTTP Error 403: Forbidden,2026-06-12T04:09:26+00:00
2025,70,Broadcom,https://fortune.com/company/broadcom/,2025,,,,0.00,sec_source_fetch_failed,,,,,,,,not_attempted,sec_source_fetch_failed,SEC source fetch failed before CIK matching: RuntimeError: Request failed after 3 attempts: https://www.sec.gov/files/company_tickers.json: HTTP Error 403: Forbidden,2026-06-12T04:09:26+00:00
2025,70,Broadcom,https://fortune.com/company/broadcom/,2024,,,,0.00,sec_source_fetch_failed,,,,,,,,not_attempted,sec_source_fetch_failed,SEC source fetch failed before CIK matching: RuntimeError: Request failed after 3 attempts: https://www.sec.gov/files/company_tickers.json: HTTP Error 403: Forbidden,2026-06-12T04:09:26+00:00
2025,70,Broadcom,https://fortune.com/company/broadcom/,2023,,,,0.00,sec_source_fetch_failed,,,,,,,,not_attempted,sec_source_fetch_failed,SEC source fetch failed before CIK matching: RuntimeError: Request failed after 3 attempts: https://www.sec.gov/files/company_tickers.json: HTTP Error 403: Forbidden,2026-06-12T04:09:26+00:00
2025,71,Delta Air Lines,https://fortune.com/company/delta-air-lines/,2025,,,,0.00,sec_source_fetch_failed,,,,,,,,not_attempted,sec_source_fetch_failed,SEC source fetch failed before CIK matching: RuntimeError: Request failed after 3 attempts: https://www.sec.gov/files/company_tickers.json: HTTP Error 403: Forbidden,2026-06-12T04:09:26+00:00
2025,71,Delta Air Lines,https://fortune.com/company/delta-air-lines/,2024,,,,0.00,sec_source_fetch_failed,,,,,,,,not_attempted,sec_source_fetch_failed,SEC source fetch failed before CIK matching: RuntimeError: Request failed after 3 attempts: https://www.sec.gov/files/company_tickers.json: HTTP Error 403: Forbidden,2026-06-12T04:09:26+00:00
2025,71,Delta Air Lines,https://fortune.com/company/delta-air-lines/,2023,,,,0.00,sec_source_fetch_failed,,,,,,,,not_attempted,sec_source_fetch_failed,SEC source fetch failed before CIK matching: RuntimeError: Request failed after 3 attempts: https://www.sec.gov/files/company_tickers.json: HTTP Error 403: Forbidden,2026-06-12T04:09:26+00:00
2025,72,Publix Super Markets,https://fortune.com/company/publix-super-markets/,2025,,,,0.00,sec_source_fetch_failed,,,,,,,,not_attempted,sec_source_fetch_failed,SEC source fetch failed before CIK matching: RuntimeError: Request failed after 3 attempts: https://www.sec.gov/files/company_tickers.json: HTTP Error 403: Forbidden,2026-06-12T04:09:26+00:00
2025,72,Publix Super Markets,https://fortune.com/company/publix-super-markets/,2024,,,,0.00,sec_source_fetch_failed,,,,,,,,not_attempted,sec_source_fetch_failed,SEC source fetch failed before CIK matching: RuntimeError: Request failed after 3 attempts: https://www.sec.gov/files/company_tickers.json: HTTP Error 403: Forbidden,2026-06-12T04:09:26+00:00
2025,72,Publix Super Markets,https://fortune.com/company/publix-super-markets/,2023,,,,0.00,sec_source_fetch_failed,,,,,,,,not_attempted,sec_source_fetch_failed,SEC source fetch failed before CIK matching: RuntimeError: Request failed after 3 attempts: https://www.sec.gov/files/company_tickers.json: HTTP Error 403: Forbidden,2026-06-12T04:09:26+00:00
2025,73,Pfizer,https://fortune.com/company/pfizer/,2025,,,,0.00,sec_source_fetch_failed,,,,,,,,not_attempted,sec_source_fetch_failed,SEC source fetch failed before CIK matching: RuntimeError: Request failed after 3 attempts: https://www.sec.gov/files/company_tickers.json: HTTP Error 403: Forbidden,2026-06-12T04:09:26+00:00
2025,73,Pfizer,https://fortune.com/company/pfizer/,2024,,,,0.00,sec_source_fetch_failed,,,,,,,,not_attempted,sec_source_fetch_failed,SEC source fetch failed before CIK matching: RuntimeError: Request failed after 3 attempts: https://www.sec.gov/files/company_tickers.json: HTTP Error 403: Forbidden,2026-06-12T04:09:26+00:00
2025,73,Pfizer,https://fortune.com/company/pfizer/,2023,,,,0.00,sec_source_fetch_failed,,,,,,,,not_attempted,sec_source_fetch_failed,SEC source fetch failed before CIK matching: RuntimeError: Request failed after 3 attempts: https://www.sec.gov/files/company_tickers.json: HTTP Error 403: Forbidden,2026-06-12T04:09:26+00:00
2025,74,TD Synnex,https://fortune.com/company/synnex/,2025,,,,0.00,sec_source_fetch_failed,,,,,,,,not_attempted,sec_source_fetch_failed,SEC source fetch failed before CIK matching: RuntimeError: Request failed after 3 attempts: https://www.sec.gov/files/company_tickers.json: HTTP Error 403: Forbidden,2026-06-12T04:09:26+00:00
2025,74,TD Synnex,https://fortune.com/company/synnex/,2024,,,,0.00,sec_source_fetch_failed,,,,,,,,not_attempted,sec_source_fetch_failed,SEC source fetch failed before CIK matching: RuntimeError: Request failed after 3 attempts: https://www.sec.gov/files/company_tickers.json: HTTP Error 403: Forbidden,2026-06-12T04:09:26+00:00
2025,74,TD Synnex,https://fortune.com/company/synnex/,2023,,,,0.00,sec_source_fetch_failed,,,,,,,,not_attempted,sec_source_fetch_failed,SEC source fetch failed before CIK matching: RuntimeError: Request failed after 3 attempts: https://www.sec.gov/files/company_tickers.json: HTTP Error 403: Forbidden,2026-06-12T04:09:26+00:00
2025,75,ConocoPhillips,https://fortune.com/company/conocophillips/,2025,,,,0.00,sec_source_fetch_failed,,,,,,,,not_attempted,sec_source_fetch_failed,SEC source fetch failed before CIK matching: RuntimeError: Request failed after 3 attempts: https://www.sec.gov/files/company_tickers.json: HTTP Error 403: Forbidden,2026-06-12T04:09:26+00:00
2025,75,ConocoPhillips,https://fortune.com/company/conocophillips/,2024,,,,0.00,sec_source_fetch_failed,,,,,,,,not_attempted,sec_source_fetch_failed,SEC source fetch failed before CIK matching: RuntimeError: Request failed after 3 attempts: https://www.sec.gov/files/company_tickers.json: HTTP Error 403: Forbidden,2026-06-12T04:09:26+00:00
2025,75,ConocoPhillips,https://fortune.com/company/conocophillips/,2023,,,,0.00,sec_source_fetch_failed,,,,,,,,not_attempted,sec_source_fetch_failed,SEC source fetch failed before CIK matching: RuntimeError: Request failed after 3 attempts: https://www.sec.gov/files/company_tickers.json: HTTP Error 403: Forbidden,2026-06-12T04:09:26+00:00
2025,76,Galaxy Digital,https://fortune.com/company/galaxy-digital/,2025,,,,0.00,sec_source_fetch_failed,,,,,,,,not_attempted,sec_source_fetch_failed,SEC source fetch failed before CIK matching: RuntimeError: Request failed after 3 attempts: https://www.sec.gov/files/company_tickers.json: HTTP Error 403: Forbidden,2026-06-12T04:09:26+00:00
2025,76,Galaxy Digital,https://fortune.com/company/galaxy-digital/,2024,,,,0.00,sec_source_fetch_failed,,,,,,,,not_attempted,sec_source_fetch_failed,SEC source fetch failed before CIK matching: RuntimeError: Request failed after 3 attempts: https://www.sec.gov/files/company_tickers.json: HTTP Error 403: Forbidden,2026-06-12T04:09:26+00:00
2025,76,Galaxy Digital,https://fortune.com/company/galaxy-digital/,2023,,,,0.00,sec_source_fetch_failed,,,,,,,,not_attempted,sec_source_fetch_failed,SEC source fetch failed before CIK matching: RuntimeError: Request failed after 3 attempts: https://www.sec.gov/files/company_tickers.json: HTTP Error 403: Forbidden,2026-06-12T04:09:26+00:00
2025,77,AbbVie,https://fortune.com/company/abbvie/,2025,,,,0.00,sec_source_fetch_failed,,,,,,,,not_attempted,sec_source_fetch_failed,SEC source fetch failed before CIK matching: RuntimeError: Request failed after 3 attempts: https://www.sec.gov/files/company_tickers.json: HTTP Error 403: Forbidden,2026-06-12T04:09:26+00:00
2025,77,AbbVie,https://fortune.com/company/abbvie/,2024,,,,0.00,sec_source_fetch_failed,,,,,,,,not_attempted,sec_source_fetch_failed,SEC source fetch failed before CIK matching: RuntimeError: Request failed after 3 attempts: https://www.sec.gov/files/company_tickers.json: HTTP Error 403: Forbidden,2026-06-12T04:09:26+00:00
2025,77,AbbVie,https://fortune.com/company/abbvie/,2023,,,,0.00,sec_source_fetch_failed,,,,,,,,not_attempted,sec_source_fetch_failed,SEC source fetch failed before CIK matching: RuntimeError: Request failed after 3 attempts: https://www.sec.gov/files/company_tickers.json: HTTP Error 403: Forbidden,2026-06-12T04:09:26+00:00
2025,78,Prudential Financial,https://fortune.com/company/prudential-financial/,2025,,,,0.00,sec_source_fetch_failed,,,,,,,,not_attempted,sec_source_fetch_failed,SEC source fetch failed before CIK matching: RuntimeError: Request failed after 3 attempts: https://www.sec.gov/files/company_tickers.json: HTTP Error 403: Forbidden,2026-06-12T04:09:26+00:00
2025,78,Prudential Financial,https://fortune.com/company/prudential-financial/,2024,,,,0.00,sec_source_fetch_failed,,,,,,,,not_attempted,sec_source_fetch_failed,SEC source fetch failed before CIK matching: RuntimeError: Request failed after 3 attempts: https://www.sec.gov/files/company_tickers.json: HTTP Error 403: Forbidden,2026-06-12T04:09:26+00:00
2025,78,Prudential Financial,https://fortune.com/company/prudential-financial/,2023,,,,0.00,sec_source_fetch_failed,,,,,,,,not_attempted,sec_source_fetch_failed,SEC source fetch failed before CIK matching: RuntimeError: Request failed after 3 attempts: https://www.sec.gov/files/company_tickers.json: HTTP Error 403: Forbidden,2026-06-12T04:09:26+00:00
2025,79,TJX,https://fortune.com/company/tjx/,2025,,,,0.00,sec_source_fetch_failed,,,,,,,,not_attempted,sec_source_fetch_failed,SEC source fetch failed before CIK matching: RuntimeError: Request failed after 3 attempts: https://www.sec.gov/files/company_tickers.json: HTTP Error 403: Forbidden,2026-06-12T04:09:26+00:00
2025,79,TJX,https://fortune.com/company/tjx/,2024,,,,0.00,sec_source_fetch_failed,,,,,,,,not_attempted,sec_source_fetch_failed,SEC source fetch failed before CIK matching: RuntimeError: Request failed after 3 attempts: https://www.sec.gov/files/company_tickers.json: HTTP Error 403: Forbidden,2026-06-12T04:09:26+00:00
2025,79,TJX,https://fortune.com/company/tjx/,2023,,,,0.00,sec_source_fetch_failed,,,,,,,,not_attempted,sec_source_fetch_failed,SEC source fetch failed before CIK matching: RuntimeError: Request failed after 3 attempts: https://www.sec.gov/files/company_tickers.json: HTTP Error 403: Forbidden,2026-06-12T04:09:26+00:00
2025,80,Performance Food Group,https://fortune.com/company/performance-food-group/,2025,,,,0.00,sec_source_fetch_failed,,,,,,,,not_attempted,sec_source_fetch_failed,SEC source fetch failed before CIK matching: RuntimeError: Request failed after 3 attempts: https://www.sec.gov/files/company_tickers.json: HTTP Error 403: Forbidden,2026-06-12T04:09:26+00:00
2025,80,Performance Food Group,https://fortune.com/company/performance-food-group/,2024,,,,0.00,sec_source_fetch_failed,,,,,,,,not_attempted,sec_source_fetch_failed,SEC source fetch failed before CIK matching: RuntimeError: Request failed after 3 attempts: https://www.sec.gov/files/company_tickers.json: HTTP Error 403: Forbidden,2026-06-12T04:09:26+00:00
2025,80,Performance Food Group,https://fortune.com/company/performance-food-group/,2023,,,,0.00,sec_source_fetch_failed,,,,,,,,not_attempted,sec_source_fetch_failed,SEC source fetch failed before CIK matching: RuntimeError: Request failed after 3 attempts: https://www.sec.gov/files/company_tickers.json: HTTP Error 403: Forbidden,2026-06-12T04:09:26+00:00
2025,81,United Airlines Holdings,https://fortune.com/company/united-continental-holdings/,2025,,,,0.00,sec_source_fetch_failed,,,,,,,,not_attempted,sec_source_fetch_failed,SEC source fetch failed before CIK matching: RuntimeError: Request failed after 3 attempts: https://www.sec.gov/files/company_tickers.json: HTTP Error 403: Forbidden,2026-06-12T04:09:26+00:00
2025,81,United Airlines Holdings,https://fortune.com/company/united-continental-holdings/,2024,,,,0.00,sec_source_fetch_failed,,,,,,,,not_attempted,sec_source_fetch_failed,SEC source fetch failed before CIK matching: RuntimeError: Request failed after 3 attempts: https://www.sec.gov/files/company_tickers.json: HTTP Error 403: Forbidden,2026-06-12T04:09:26+00:00
2025,81,United Airlines Holdings,https://fortune.com/company/united-continental-holdings/,2023,,,,0.00,sec_source_fetch_failed,,,,,,,,not_attempted,sec_source_fetch_failed,SEC source fetch failed before CIK matching: RuntimeError: Request failed after 3 attempts: https://www.sec.gov/files/company_tickers.json: HTTP Error 403: Forbidden,2026-06-12T04:09:26+00:00
2025,82,Oracle,https://fortune.com/company/oracle/,2025,,,,0.00,sec_source_fetch_failed,,,,,,,,not_attempted,sec_source_fetch_failed,SEC source fetch failed before CIK matching: RuntimeError: Request failed after 3 attempts: https://www.sec.gov/files/company_tickers.json: HTTP Error 403: Forbidden,2026-06-12T04:09:26+00:00
2025,82,Oracle,https://fortune.com/company/oracle/,2024,,,,0.00,sec_source_fetch_failed,,,,,,,,not_attempted,sec_source_fetch_failed,SEC source fetch failed before CIK matching: RuntimeError: Request failed after 3 attempts: https://www.sec.gov/files/company_tickers.json: HTTP Error 403: Forbidden,2026-06-12T04:09:26+00:00
2025,82,Oracle,https://fortune.com/company/oracle/,2023,,,,0.00,sec_source_fetch_failed,,,,,,,,not_attempted,sec_source_fetch_failed,SEC source fetch failed before CIK matching: RuntimeError: Request failed after 3 attempts: https://www.sec.gov/files/company_tickers.json: HTTP Error 403: Forbidden,2026-06-12T04:09:26+00:00
2025,83,Cisco Systems,https://fortune.com/company/cisco-systems-inc/,2025,,,,0.00,sec_source_fetch_failed,,,,,,,,not_attempted,sec_source_fetch_failed,SEC source fetch failed before CIK matching: RuntimeError: Request failed after 3 attempts: https://www.sec.gov/files/company_tickers.json: HTTP Error 403: Forbidden,2026-06-12T04:09:26+00:00
2025,83,Cisco Systems,https://fortune.com/company/cisco-systems-inc/,2024,,,,0.00,sec_source_fetch_failed,,,,,,,,not_attempted,sec_source_fetch_failed,SEC source fetch failed before CIK matching: RuntimeError: Request failed after 3 attempts: https://www.sec.gov/files/company_tickers.json: HTTP Error 403: Forbidden,2026-06-12T04:09:26+00:00
2025,83,Cisco Systems,https://fortune.com/company/cisco-systems-inc/,2023,,,,0.00,sec_source_fetch_failed,,,,,,,,not_attempted,sec_source_fetch_failed,SEC source fetch failed before CIK matching: RuntimeError: Request failed after 3 attempts: https://www.sec.gov/files/company_tickers.json: HTTP Error 403: Forbidden,2026-06-12T04:09:26+00:00
2025,84,HP,https://fortune.com/company/hp/,2025,,,,0.00,sec_source_fetch_failed,,,,,,,,not_attempted,sec_source_fetch_failed,SEC source fetch failed before CIK matching: RuntimeError: Request failed after 3 attempts: https://www.sec.gov/files/company_tickers.json: HTTP Error 403: Forbidden,2026-06-12T04:09:26+00:00
2025,84,HP,https://fortune.com/company/hp/,2024,,,,0.00,sec_source_fetch_failed,,,,,,,,not_attempted,sec_source_fetch_failed,SEC source fetch failed before CIK matching: RuntimeError: Request failed after 3 attempts: https://www.sec.gov/files/company_tickers.json: HTTP Error 403: Forbidden,2026-06-12T04:09:26+00:00
2025,84,HP,https://fortune.com/company/hp/,2023,,,,0.00,sec_source_fetch_failed,,,,,,,,not_attempted,sec_source_fetch_failed,SEC source fetch failed before CIK matching: RuntimeError: Request failed after 3 attempts: https://www.sec.gov/files/company_tickers.json: HTTP Error 403: Forbidden,2026-06-12T04:09:26+00:00
2025,85,Charter Communications,https://fortune.com/company/charter-communications/,2025,,,,0.00,sec_source_fetch_failed,,,,,,,,not_attempted,sec_source_fetch_failed,SEC source fetch failed before CIK matching: RuntimeError: Request failed after 3 attempts: https://www.sec.gov/files/company_tickers.json: HTTP Error 403: Forbidden,2026-06-12T04:09:26+00:00
2025,85,Charter Communications,https://fortune.com/company/charter-communications/,2024,,,,0.00,sec_source_fetch_failed,,,,,,,,not_attempted,sec_source_fetch_failed,SEC source fetch failed before CIK matching: RuntimeError: Request failed after 3 attempts: https://www.sec.gov/files/company_tickers.json: HTTP Error 403: Forbidden,2026-06-12T04:09:26+00:00
2025,85,Charter Communications,https://fortune.com/company/charter-communications/,2023,,,,0.00,sec_source_fetch_failed,,,,,,,,not_attempted,sec_source_fetch_failed,SEC source fetch failed before CIK matching: RuntimeError: Request failed after 3 attempts: https://www.sec.gov/files/company_tickers.json: HTTP Error 403: Forbidden,2026-06-12T04:09:26+00:00
2025,86,American Airlines Group,https://fortune.com/company/american-airlines-group/,2025,,,,0.00,sec_source_fetch_failed,,,,,,,,not_attempted,sec_source_fetch_failed,SEC source fetch failed before CIK matching: RuntimeError: Request failed after 3 attempts: https://www.sec.gov/files/company_tickers.json: HTTP Error 403: Forbidden,2026-06-12T04:09:26+00:00
2025,86,American Airlines Group,https://fortune.com/company/american-airlines-group/,2024,,,,0.00,sec_source_fetch_failed,,,,,,,,not_attempted,sec_source_fetch_failed,SEC source fetch failed before CIK matching: RuntimeError: Request failed after 3 attempts: https://www.sec.gov/files/company_tickers.json: HTTP Error 403: Forbidden,2026-06-12T04:09:26+00:00
2025,86,American Airlines Group,https://fortune.com/company/american-airlines-group/,2023,,,,0.00,sec_source_fetch_failed,,,,,,,,not_attempted,sec_source_fetch_failed,SEC source fetch failed before CIK matching: RuntimeError: Request failed after 3 attempts: https://www.sec.gov/files/company_tickers.json: HTTP Error 403: Forbidden,2026-06-12T04:09:26+00:00
2025,87,Tyson Foods,https://fortune.com/company/tyson-foods/,2025,,,,0.00,sec_source_fetch_failed,,,,,,,,not_attempted,sec_source_fetch_failed,SEC source fetch failed before CIK matching: RuntimeError: Request failed after 3 attempts: https://www.sec.gov/files/company_tickers.json: HTTP Error 403: Forbidden,2026-06-12T04:09:26+00:00
2025,87,Tyson Foods,https://fortune.com/company/tyson-foods/,2024,,,,0.00,sec_source_fetch_failed,,,,,,,,not_attempted,sec_source_fetch_failed,SEC source fetch failed before CIK matching: RuntimeError: Request failed after 3 attempts: https://www.sec.gov/files/company_tickers.json: HTTP Error 403: Forbidden,2026-06-12T04:09:26+00:00
2025,87,Tyson Foods,https://fortune.com/company/tyson-foods/,2023,,,,0.00,sec_source_fetch_failed,,,,,,,,not_attempted,sec_source_fetch_failed,SEC source fetch failed before CIK matching: RuntimeError: Request failed after 3 attempts: https://www.sec.gov/files/company_tickers.json: HTTP Error 403: Forbidden,2026-06-12T04:09:26+00:00
2025,88,Intel,https://fortune.com/company/intel/,2025,,,,0.00,sec_source_fetch_failed,,,,,,,,not_attempted,sec_source_fetch_failed,SEC source fetch failed before CIK matching: RuntimeError: Request failed after 3 attempts: https://www.sec.gov/files/company_tickers.json: HTTP Error 403: Forbidden,2026-06-12T04:09:26+00:00
2025,88,Intel,https://fortune.com/company/intel/,2024,,,,0.00,sec_source_fetch_failed,,,,,,,,not_attempted,sec_source_fetch_failed,SEC source fetch failed before CIK matching: RuntimeError: Request failed after 3 attempts: https://www.sec.gov/files/company_tickers.json: HTTP Error 403: Forbidden,2026-06-12T04:09:26+00:00
2025,88,Intel,https://fortune.com/company/intel/,2023,,,,0.00,sec_source_fetch_failed,,,,,,,,not_attempted,sec_source_fetch_failed,SEC source fetch failed before CIK matching: RuntimeError: Request failed after 3 attempts: https://www.sec.gov/files/company_tickers.json: HTTP Error 403: Forbidden,2026-06-12T04:09:26+00:00
2025,89,Enterprise Products Partners,https://fortune.com/company/enterprise-products-partners/,2025,,,,0.00,sec_source_fetch_failed,,,,,,,,not_attempted,sec_source_fetch_failed,SEC source fetch failed before CIK matching: RuntimeError: Request failed after 3 attempts: https://www.sec.gov/files/company_tickers.json: HTTP Error 403: Forbidden,2026-06-12T04:09:26+00:00
2025,89,Enterprise Products Partners,https://fortune.com/company/enterprise-products-partners/,2024,,,,0.00,sec_source_fetch_failed,,,,,,,,not_attempted,sec_source_fetch_failed,SEC source fetch failed before CIK matching: RuntimeError: Request failed after 3 attempts: https://www.sec.gov/files/company_tickers.json: HTTP Error 403: Forbidden,2026-06-12T04:09:26+00:00
2025,89,Enterprise Products Partners,https://fortune.com/company/enterprise-products-partners/,2023,,,,0.00,sec_source_fetch_failed,,,,,,,,not_attempted,sec_source_fetch_failed,SEC source fetch failed before CIK matching: RuntimeError: Request failed after 3 attempts: https://www.sec.gov/files/company_tickers.json: HTTP Error 403: Forbidden,2026-06-12T04:09:26+00:00
2025,90,Ingram Micro Holding,https://fortune.com/company/ingram-micro/,2025,,,,0.00,sec_source_fetch_failed,,,,,,,,not_attempted,sec_source_fetch_failed,SEC source fetch failed before CIK matching: RuntimeError: Request failed after 3 attempts: https://www.sec.gov/files/company_tickers.json: HTTP Error 403: Forbidden,2026-06-12T04:09:26+00:00
2025,90,Ingram Micro Holding,https://fortune.com/company/ingram-micro/,2024,,,,0.00,sec_source_fetch_failed,,,,,,,,not_attempted,sec_source_fetch_failed,SEC source fetch failed before CIK matching: RuntimeError: Request failed after 3 attempts: https://www.sec.gov/files/company_tickers.json: HTTP Error 403: Forbidden,2026-06-12T04:09:26+00:00
2025,90,Ingram Micro Holding,https://fortune.com/company/ingram-micro/,2023,,,,0.00,sec_source_fetch_failed,,,,,,,,not_attempted,sec_source_fetch_failed,SEC source fetch failed before CIK matching: RuntimeError: Request failed after 3 attempts: https://www.sec.gov/files/company_tickers.json: HTTP Error 403: Forbidden,2026-06-12T04:09:26+00:00
2025,91,General Dynamics,https://fortune.com/company/general-dynamics/,2025,,,,0.00,sec_source_fetch_failed,,,,,,,,not_attempted,sec_source_fetch_failed,SEC source fetch failed before CIK matching: RuntimeError: Request failed after 3 attempts: https://www.sec.gov/files/company_tickers.json: HTTP Error 403: Forbidden,2026-06-12T04:09:26+00:00
2025,91,General Dynamics,https://fortune.com/company/general-dynamics/,2024,,,,0.00,sec_source_fetch_failed,,,,,,,,not_attempted,sec_source_fetch_failed,SEC source fetch failed before CIK matching: RuntimeError: Request failed after 3 attempts: https://www.sec.gov/files/company_tickers.json: HTTP Error 403: Forbidden,2026-06-12T04:09:26+00:00
2025,91,General Dynamics,https://fortune.com/company/general-dynamics/,2023,,,,0.00,sec_source_fetch_failed,,,,,,,,not_attempted,sec_source_fetch_failed,SEC source fetch failed before CIK matching: RuntimeError: Request failed after 3 attempts: https://www.sec.gov/files/company_tickers.json: HTTP Error 403: Forbidden,2026-06-12T04:09:26+00:00
2025,92,Uber Technologies,https://fortune.com/company/uber-technologies/,2025,,,,0.00,sec_source_fetch_failed,,,,,,,,not_attempted,sec_source_fetch_failed,SEC source fetch failed before CIK matching: RuntimeError: Request failed after 3 attempts: https://www.sec.gov/files/company_tickers.json: HTTP Error 403: Forbidden,2026-06-12T04:09:26+00:00
2025,92,Uber Technologies,https://fortune.com/company/uber-technologies/,2024,,,,0.00,sec_source_fetch_failed,,,,,,,,not_attempted,sec_source_fetch_failed,SEC source fetch failed before CIK matching: RuntimeError: Request failed after 3 attempts: https://www.sec.gov/files/company_tickers.json: HTTP Error 403: Forbidden,2026-06-12T04:09:26+00:00
2025,92,Uber Technologies,https://fortune.com/company/uber-technologies/,2023,,,,0.00,sec_source_fetch_failed,,,,,,,,not_attempted,sec_source_fetch_failed,SEC source fetch failed before CIK matching: RuntimeError: Request failed after 3 attempts: https://www.sec.gov/files/company_tickers.json: HTTP Error 403: Forbidden,2026-06-12T04:09:26+00:00
2025,93,USAA,https://fortune.com/company/usaa/,2025,,,,0.00,sec_source_fetch_failed,,,,,,,,not_attempted,sec_source_fetch_failed,SEC source fetch failed before CIK matching: RuntimeError: Request failed after 3 attempts: https://www.sec.gov/files/company_tickers.json: HTTP Error 403: Forbidden,2026-06-12T04:09:26+00:00
2025,93,USAA,https://fortune.com/company/usaa/,2024,,,,0.00,sec_source_fetch_failed,,,,,,,,not_attempted,sec_source_fetch_failed,SEC source fetch failed before CIK matching: RuntimeError: Request failed after 3 attempts: https://www.sec.gov/files/company_tickers.json: HTTP Error 403: Forbidden,2026-06-12T04:09:26+00:00
2025,93,USAA,https://fortune.com/company/usaa/,2023,,,,0.00,sec_source_fetch_failed,,,,,,,,not_attempted,sec_source_fetch_failed,SEC source fetch failed before CIK matching: RuntimeError: Request failed after 3 attempts: https://www.sec.gov/files/company_tickers.json: HTTP Error 403: Forbidden,2026-06-12T04:09:26+00:00
2025,94,TIAA,https://fortune.com/company/tiaa/,2025,,,,0.00,sec_source_fetch_failed,,,,,,,,not_attempted,sec_source_fetch_failed,SEC source fetch failed before CIK matching: RuntimeError: Request failed after 3 attempts: https://www.sec.gov/files/company_tickers.json: HTTP Error 403: Forbidden,2026-06-12T04:09:26+00:00
2025,94,TIAA,https://fortune.com/company/tiaa/,2024,,,,0.00,sec_source_fetch_failed,,,,,,,,not_attempted,sec_source_fetch_failed,SEC source fetch failed before CIK matching: RuntimeError: Request failed after 3 attempts: https://www.sec.gov/files/company_tickers.json: HTTP Error 403: Forbidden,2026-06-12T04:09:26+00:00
2025,94,TIAA,https://fortune.com/company/tiaa/,2023,,,,0.00,sec_source_fetch_failed,,,,,,,,not_attempted,sec_source_fetch_failed,SEC source fetch failed before CIK matching: RuntimeError: Request failed after 3 attempts: https://www.sec.gov/files/company_tickers.json: HTTP Error 403: Forbidden,2026-06-12T04:09:26+00:00
2025,95,Liberty Mutual Insurance Group,https://fortune.com/company/liberty-mutual-insurance-group/,2025,,,,0.00,sec_source_fetch_failed,,,,,,,,not_attempted,sec_source_fetch_failed,SEC source fetch failed before CIK matching: RuntimeError: Request failed after 3 attempts: https://www.sec.gov/files/company_tickers.json: HTTP Error 403: Forbidden,2026-06-12T04:09:26+00:00
2025,95,Liberty Mutual Insurance Group,https://fortune.com/company/liberty-mutual-insurance-group/,2024,,,,0.00,sec_source_fetch_failed,,,,,,,,not_attempted,sec_source_fetch_failed,SEC source fetch failed before CIK matching: RuntimeError: Request failed after 3 attempts: https://www.sec.gov/files/company_tickers.json: HTTP Error 403: Forbidden,2026-06-12T04:09:26+00:00
2025,95,Liberty Mutual Insurance Group,https://fortune.com/company/liberty-mutual-insurance-group/,2023,,,,0.00,sec_source_fetch_failed,,,,,,,,not_attempted,sec_source_fetch_failed,SEC source fetch failed before CIK matching: RuntimeError: Request failed after 3 attempts: https://www.sec.gov/files/company_tickers.json: HTTP Error 403: Forbidden,2026-06-12T04:09:26+00:00
2025,96,Travelers,https://fortune.com/company/travelers-cos/,2025,,,,0.00,sec_source_fetch_failed,,,,,,,,not_attempted,sec_source_fetch_failed,SEC source fetch failed before CIK matching: RuntimeError: Request failed after 3 attempts: https://www.sec.gov/files/company_tickers.json: HTTP Error 403: Forbidden,2026-06-12T04:09:26+00:00
2025,96,Travelers,https://fortune.com/company/travelers-cos/,2024,,,,0.00,sec_source_fetch_failed,,,,,,,,not_attempted,sec_source_fetch_failed,SEC source fetch failed before CIK matching: RuntimeError: Request failed after 3 attempts: https://www.sec.gov/files/company_tickers.json: HTTP Error 403: Forbidden,2026-06-12T04:09:26+00:00
2025,96,Travelers,https://fortune.com/company/travelers-cos/,2023,,,,0.00,sec_source_fetch_failed,,,,,,,,not_attempted,sec_source_fetch_failed,SEC source fetch failed before CIK matching: RuntimeError: Request failed after 3 attempts: https://www.sec.gov/files/company_tickers.json: HTTP Error 403: Forbidden,2026-06-12T04:09:26+00:00
2025,97,Bristol-Myers Squibb,https://fortune.com/company/bristol-myers-squibb/,2025,,,,0.00,sec_source_fetch_failed,,,,,,,,not_attempted,sec_source_fetch_failed,SEC source fetch failed before CIK matching: RuntimeError: Request failed after 3 attempts: https://www.sec.gov/files/company_tickers.json: HTTP Error 403: Forbidden,2026-06-12T04:09:26+00:00
2025,97,Bristol-Myers Squibb,https://fortune.com/company/bristol-myers-squibb/,2024,,,,0.00,sec_source_fetch_failed,,,,,,,,not_attempted,sec_source_fetch_failed,SEC source fetch failed before CIK matching: RuntimeError: Request failed after 3 attempts: https://www.sec.gov/files/company_tickers.json: HTTP Error 403: Forbidden,2026-06-12T04:09:26+00:00
2025,97,Bristol-Myers Squibb,https://fortune.com/company/bristol-myers-squibb/,2023,,,,0.00,sec_source_fetch_failed,,,,,,,,not_attempted,sec_source_fetch_failed,SEC source fetch failed before CIK matching: RuntimeError: Request failed after 3 attempts: https://www.sec.gov/files/company_tickers.json: HTTP Error 403: Forbidden,2026-06-12T04:09:26+00:00
2025,98,Coca-Cola,https://fortune.com/company/coca-cola/,2025,,,,0.00,sec_source_fetch_failed,,,,,,,,not_attempted,sec_source_fetch_failed,SEC source fetch failed before CIK matching: RuntimeError: Request failed after 3 attempts: https://www.sec.gov/files/company_tickers.json: HTTP Error 403: Forbidden,2026-06-12T04:09:26+00:00
2025,98,Coca-Cola,https://fortune.com/company/coca-cola/,2024,,,,0.00,sec_source_fetch_failed,,,,,,,,not_attempted,sec_source_fetch_failed,SEC source fetch failed before CIK matching: RuntimeError: Request failed after 3 attempts: https://www.sec.gov/files/company_tickers.json: HTTP Error 403: Forbidden,2026-06-12T04:09:26+00:00
2025,98,Coca-Cola,https://fortune.com/company/coca-cola/,2023,,,,0.00,sec_source_fetch_failed,,,,,,,,not_attempted,sec_source_fetch_failed,SEC source fetch failed before CIK matching: RuntimeError: Request failed after 3 attempts: https://www.sec.gov/files/company_tickers.json: HTTP Error 403: Forbidden,2026-06-12T04:09:26+00:00
2025,99,Nike,https://fortune.com/company/nike/,2025,,,,0.00,sec_source_fetch_failed,,,,,,,,not_attempted,sec_source_fetch_failed,SEC source fetch failed before CIK matching: RuntimeError: Request failed after 3 attempts: https://www.sec.gov/files/company_tickers.json: HTTP Error 403: Forbidden,2026-06-12T04:09:26+00:00
2025,99,Nike,https://fortune.com/company/nike/,2024,,,,0.00,sec_source_fetch_failed,,,,,,,,not_attempted,sec_source_fetch_failed,SEC source fetch failed before CIK matching: RuntimeError: Request failed after 3 attempts: https://www.sec.gov/files/company_tickers.json: HTTP Error 403: Forbidden,2026-06-12T04:09:26+00:00
2025,99,Nike,https://fortune.com/company/nike/,2023,,,,0.00,sec_source_fetch_failed,,,,,,,,not_attempted,sec_source_fetch_failed,SEC source fetch failed before CIK matching: RuntimeError: Request failed after 3 attempts: https://www.sec.gov/files/company_tickers.json: HTTP Error 403: Forbidden,2026-06-12T04:09:26+00:00
2025,100,Massachusetts Mutual Life,https://fortune.com/company/massachusetts-mutual-life-insurance/,2025,,,,0.00,sec_source_fetch_failed,,,,,,,,not_attempted,sec_source_fetch_failed,SEC source fetch failed before CIK matching: RuntimeError: Request failed after 3 attempts: https://www.sec.gov/files/company_tickers.json: HTTP Error 403: Forbidden,2026-06-12T04:09:26+00:00
2025,100,Massachusetts Mutual Life,https://fortune.com/company/massachusetts-mutual-life-insurance/,2024,,,,0.00,sec_source_fetch_failed,,,,,,,,not_attempted,sec_source_fetch_failed,SEC source fetch failed before CIK matching: RuntimeError: Request failed after 3 attempts: https://www.sec.gov/files/company_tickers.json: HTTP Error 403: Forbidden,2026-06-12T04:09:26+00:00
2025,100,Massachusetts Mutual Life,https://fortune.com/company/massachusetts-mutual-life-insurance/,2023,,,,0.00,sec_source_fetch_failed,,,,,,,,not_attempted,sec_source_fetch_failed,SEC source fetch failed before CIK matching: RuntimeError: Request failed after 3 attempts: https://www.sec.gov/files/company_tickers.json: HTTP Error 403: Forbidden,2026-06-12T04:09:26+00:00
