"no","id","tweet_url","text","model_humor","p_humor","humor_grade","humor_score_rule","p_humor_ml","human_coded","human_humor_label","human_humor_binary","human_type","model_vs_human"
"1","2065192194277818396","https://x.com/Wendys/status/2065192194277818396","if u dress up i will love u forever. Come experience the most bananas drive-thru ever. https://t.co/FDvzC4JTr1","1","0.5176","medium","0.11","0.357664","0","","","","no_human"
"2","2064726596179706275","https://x.com/Wendys/status/2064726596179706275","Her: Gimme 10
Me: minutes or nuggets?","1","0.5282","medium","0.928","0.755204","0","","","","no_human"
"3","2064504139749417369","https://x.com/Wendys/status/2064504139749417369","What does one wear to meet a minion","1","0.5237","medium","0.0","0.40964","0","","","","no_human"
"4","2063002561263640786","https://x.com/Wendys/status/2063002561263640786","The KPIs, ROIs, and LOLs are about to go off the charts.
Congratulations to our NEW Chief Tasting Officer Amber Luster 🎉🎉🎉 We can’t wait to see all the incredible things you do with your title. 

And thank you to all our fans who submitted an application❤️ https://t.co/WxU0LzL72Z","1","0.5296","medium","0.52","0.43746","0","","","","no_human"
"5","2061565494453555359","https://x.com/Wendys/status/2061565494453555359","Came for a Frosty, stayed for the door to the backrooms https://t.co/0BMCyHc7XK","0","0.4426","low","0.6","0.495033","0","","","","no_human"
"6","2060433958609813857","https://x.com/Wendys/status/2060433958609813857","Y’all nearly crashed the system with all your applications, but we’ve finally made our top selections. Stay tuned for an announcement coming real soon 👀👀👀 https://t.co/f6wqnO0yeF","0","0.4782","low","0.11","0.267665","0","","","","no_human"
"7","2060406022825554333","https://x.com/Wendys/status/2060406022825554333","50% off on Sat &amp; Sun too 💅","1","0.5240","medium","0.0","0.430035","0","","","","no_human"
"8","2060405944735957384","https://x.com/Wendys/status/2060405944735957384","rich asf craving the new Ice Spicy Meal on DoorDash https://t.co/kVe28gJjYt","0","0.3994","low","0.0","0.25546","0","","","","no_human"
"9","2060393163458498982","https://x.com/Wendys/status/2060393163458498982","28 and 10? Fine. Free FRENCH fries in the app with $5 purchase for everybody (including aliens 👽)","0","0.4974","low","0.0","0.306152","0","","","","no_human"
"10","2059700189909111001","https://x.com/Wendys/status/2059700189909111001","Big star energy. Pocket-sized legends. https://t.co/oNQdB0s9Mn","0","0.4584","low","0.0","0.08009","0","","","","no_human"
"11","2059459943040753916","https://x.com/Wendys/status/2059459943040753916","It’s giving fan behavior but I’m a fan of me too, so I get it! https://t.co/ecpi4sU0kz","1","0.5597","medium","0.0","0.08009","0","","","","no_human"
"12","2059351523583311924","https://x.com/Wendys/status/2059351523583311924","Be there. Seaport Square.","1","0.5510","medium","0.0","0.40964","0","","","","no_human"
"13","2057593602490970314","https://x.com/Wendys/status/2057593602490970314","Hi @KenJennings","0","0.3882","low","0.0","0.467293","0","","","","no_human"
"14","2057590511653794039","https://x.com/Wendys/status/2057590511653794039","This isn’t my living room btw I was at a friends house","1","0.5281","medium","0.11","0.44814","0","","","","no_human"
"15","2057590262373785937","https://x.com/Wendys/status/2057590262373785937","@James_Holzhauer","0","0.3882","low","0.0","0.467293","0","","","","no_human"
"16","2057589742649192842","https://x.com/Wendys/status/2057589742649192842","it's not roasting if it's true 😌 @Jeopardy https://t.co/Da3mvCbEFB","1","0.5036","medium","1.0","0.742053","0","","","","no_human"
"17","2057509387422380064","https://x.com/Wendys/status/2057509387422380064","From one redheaded baddie to another, we just wanted to formally invite you to compete in our Wendy’s look-alike contest this weekend for #worldredheadday

https://t.co/Plz0ZCapd2","0","0.4893","low","0.0","0.300047","0","","","","no_human"
"18","2056803537636467033","https://x.com/Wendys/status/2056803537636467033","might change my name to Wemby’s and only serve french fries after last night’s game","1","0.5867","medium","0.743","0.714933","0","","","","no_human"
"19","2056485781707821429","https://x.com/Wendys/status/2056485781707821429","If you have flaming locks of auburn hair and a face card that never declines, we have the perfect contest for you 😉
Wendy’s Look-Alike Contest is 3:30-5:30pm May 26th at Seaport Square in NYC! https://t.co/sEUa15Db7G","1","0.5758","medium","0.0","0.349927","0","","","","no_human"
"20","2054933542442848652","https://x.com/Wendys/status/2054933542442848652","🟨🟦🍟 https://t.co/y9M33fb83V","0","0.3990","low","0.0","0.08009","0","","","","no_human"
"21","2054257059399389281","https://x.com/Wendys/status/2054257059399389281","Did you know? One cookie dough frosty is the equivalent of 12 dancing fruit videos?","0","0.4941","low","0.0","0.493219","0","","","","no_human"
"22","2052863834503700774","https://x.com/Wendys/status/2052863834503700774","Their love story is almost as fresh as our beef ❤️ https://t.co/OydNIkjSGV","0","0.4996","low","0.0","0.307728","0","","","","no_human"
"23","2052727809756348567","https://x.com/Wendys/status/2052727809756348567","Sir, this is a banana https://t.co/mtSrVrahpo","0","0.3908","low","0.0","0.08009","0","","","","no_human"
"24","2052536825336729602","https://x.com/Wendys/status/2052536825336729602","Rick Devens after last night’s tribal council 
@Rick_Devens @MrBeast #Survivor50","0","0.4527","low","0.0","0.467293","0","","","","no_human"
"25","2052513071906619715","https://x.com/Wendys/status/2052513071906619715","The necklace of every mom’s dreams is here. Tag a mom and tell us why she deserves one below and we might just surprise a few ❤️ https://t.co/p9208Rvu4D","1","0.5167","medium","0.0","0.242508","0","","","","no_human"
"26","2050328345645133837","https://x.com/Wendys/status/2050328345645133837","new spicy chicken sandwich slaps https://t.co/nDUnSsL79R","0","0.4015","low","0.0","0.298357","0","","","","no_human"
"27","2050307931778732264","https://x.com/Wendys/status/2050307931778732264","I'm trying to get as crispy as the bacon on our Baconator this Girls Trip 😎☀️🌺 https://t.co/8oGyl5S3GO","1","0.5234","medium","0.0","0.311594","0","","","","no_human"
"28","2050243908991328359","https://x.com/Wendys/status/2050243908991328359","that bow is not just blue, it's not turquoise, it's not lapis, it's actually cerulean. https://t.co/mswbnGHkgg","1","0.5823","medium","0.11","0.281008","0","","","","no_human"
"29","2048730947017654333","https://x.com/Wendys/status/2048730947017654333","Sweet &amp; Sour is BACK… but only for a limited time unless y’all get loud. Go get the sauce in-restaurant + like, comment and share this post to save it. SWEET &amp; SOUR ARMY DO UR THING. https://t.co/ndF0vOrTpo","1","0.5267","medium","0.11","0.44272","0","","","","no_human"
"30","2047463502583869524","https://x.com/Wendys/status/2047463502583869524","THIS would happen at Wendy's 👀 https://t.co/lNjM2bD6pb","0","0.4816","low","0.11","0.287961","0","","","","no_human"
"31","2042359791239024659","https://x.com/Wendys/status/2042359791239024659","She a baddie with her baddie friend (I'm the baddie friend)","1","0.5030","medium","0.0","0.40964","0","","","","no_human"
"32","2042345361310957745","https://x.com/Wendys/status/2042345361310957745","still rich still craving @wendys new spicy chicken sandwich #wendyspartner","0","0.4208","low","0.0","0.399699","0","","","","no_human"
"33","2042276646711894177","https://x.com/Wendys/status/2042276646711894177","WE’VE GOT OUR WINNER🏆 the Pretzel Bacon Pub Burger is coming back to the menu soon https://t.co/jdeIQgJBnp","1","0.5020","medium","0.0","0.274562","0","","","","no_human"
"34","2041987332509782141","https://x.com/Wendys/status/2041987332509782141","The universe called. It said add me on Co-Star. @ wendys_official https://t.co/7HYmQbBfv7","1","0.5359","medium","0.6","0.617407","0","","","","no_human"
"35","2041526924149690528","https://x.com/Wendys/status/2041526924149690528","Offer only available in-restaurant upon request at participating U.S. Wendy’s on April 7, 2026. No purchase necessary. Limit one (1) free Small Fry and Small Frosty Classic per person. A la carte only. While supplies last.","1","0.5217","medium","0.0","0.193277","0","","","","no_human"
"36","2041526852036988999","https://x.com/Wendys/status/2041526852036988999","🫵 YOU GET A FREE FRY AND FROSTY 🫵 AND YOU GET A FREE FRY AND FROSTY 🫵 AND YOU GET A FREE FRY AND FROSTY 🫵 https://t.co/OQ2OI18i5U","0","0.4910","low","0.0","0.326047","0","","","","no_human"
"37","2041332734883201293","https://x.com/Wendys/status/2041332734883201293","Offer only available in-restaurant upon request at participating U.S. Wendy’s on April 7, 2026. No purchase necessary. Limit one (1) free Small Fry and Small Frosty Classic per person. A la carte only. While supplies last.","1","0.5217","medium","0.0","0.193277","0","","","","no_human"
"38","2041332610928951432","https://x.com/Wendys/status/2041332610928951432","WE HAVE A DUNK 🚨that means all of America gets free small fry and Frosty on April 7th. Not to be dramatic, but that was the greatest moment in dunk history.","1","0.5579","medium","0.0","0.297696","0","","","","no_human"
"39","2041332103036412007","https://x.com/Wendys/status/2041332103036412007","GET UP RODDY GAYLE 🤯 https://t.co/Yz0SkHVdwC","0","0.4545","low","0.0","0.08009","0","","","","no_human"
"40","2041317545412546926","https://x.com/Wendys/status/2041317545412546926","Tip off time here we goooooo 🫣🏀","1","0.5849","medium","0.0","0.447858","0","","","","no_human"
"41","2041286930231373912","https://x.com/Wendys/status/2041286930231373912","You: Wow I hope so and so team wins

Me: DUNKS DUNKS DUNKS DUNKS","1","0.5458","medium","0.0","0.40964","0","","","","no_human"
"42","2041274861461586245","https://x.com/Wendys/status/2041274861461586245","Offer only available in-restaurant upon request at participating U.S. Wendy’s on April 7, 2026. No purchase necessary. Limit one (1) free Small Fry and Small Frosty Classic per person. A la carte only. While supplies last.","1","0.5217","medium","0.0","0.193277","0","","","","no_human"
"43","2041274790418485741","https://x.com/Wendys/status/2041274790418485741","Who shall fulfill the prophecy?!?!?!?!

Tag us when you see who unlocks it 👀 https://t.co/mmdG7uqh7a","1","0.5454","medium","0.66","0.31109","0","","","","no_human"
"44","2041273129272824054","https://x.com/Wendys/status/2041273129272824054","Get your votes in!","0","0.4801","low","0.0","0.40964","0","","","","no_human"
"45","2041272778461258077","https://x.com/Wendys/status/2041272778461258077","The Bourbon Bacon Cheeseburger and Pretzel Bacon Pub Burger have made it to our championship! Get your votes in to decide who will be crowned the winner and end up back on the menu https://t.co/VIgjuIMDNF","1","0.5005","medium","0.0","0.318832","0","","","","no_human"
"46","2041270386478780749","https://x.com/Wendys/status/2041270386478780749","ONLY A FEW HOURS UNTIL SOMEONE DUNKS THEIR WAY INTO AMERICAN HISTORY","1","0.5009","medium","0.0","0.390897","0","","","","no_human"
"47","2041241219603554599","https://x.com/Wendys/status/2041241219603554599","Tonight we are anti lay ups and anti fundamentals and pro massive jams","1","0.5236","medium","0.0","0.40964","0","","","","no_human"
"48","2041187810728727004","https://x.com/Wendys/status/2041187810728727004","Offer only available in-restaurant upon request at participating U.S. Wendy’s on April 7, 2026. No purchase necessary. Limit one (1) free Small Fry and Small Frosty Classic per person. A la carte only. While supplies last.","1","0.5217","medium","0.0","0.193277","0","","","","no_human"
"49","2041187699764163013","https://x.com/Wendys/status/2041187699764163013","woke up thinking about who’s gonna dunk in the national championship game tonight to unlock a free small fry and Frosty for America tomorrow","0","0.4804","low","0.11","0.388778","0","","","","no_human"
"50","2040186917312979266","https://x.com/Wendys/status/2040186917312979266","Oh good you made it. Introducing: The Official Dunks Menu 🏀 Order in the Wendy’s app all March Madness® long for the chance to win prizes in the Dunkstakes https://t.co/hI3HxiD7VV","0","0.4807","low","0.0","0.36179","0","","","","no_human"
"51","2040186893468393651","https://x.com/Wendys/status/2040186893468393651","YOU COULD GO ALL THE WAY https://t.co/JG6srzZZTh","1","0.5150","medium","0.0","0.279201","0","","","","no_human"
"52","2040186889131479302","https://x.com/Wendys/status/2040186889131479302","keep scrolling 👇👇👇 https://t.co/O8onjjhdsH","0","0.3990","low","0.0","0.08009","0","","","","no_human"
"53","2040186885704683992","https://x.com/Wendys/status/2040186885704683992","Scroll for a #MarchMadness surprise 👀 🏀 https://t.co/FJ4PuPVkOq","0","0.3986","low","0.11","0.11859","0","","","","no_human"
"54","2039915068729541060","https://x.com/Wendys/status/2039915068729541060","Offer only available in-restaurant upon request at participating U.S. Wendy’s on April 7, 2026. No purchase necessary. Limit one (1) free Small Fry and Small Frosty Classic per person. A la carte only. While supplies last. Not valid for digital or delivery orders or with any other discount or offer. No substitutions.","0","0.4996","low","0.0","0.201565","0","","","","no_human"
"55","2039900754387869992","https://x.com/Wendys/status/2039900754387869992","Help us give the people what they want! If there’s a dunk during the natty everyone in America gets a free small fry and classic Frosty on April 7th https://t.co/UnfLgpYclZ","1","0.5473","medium","0.0","0.27309","0","","","","no_human"
"56","2039789214120996993","https://x.com/Wendys/status/2039789214120996993","Congrats to these Official Wendy’s Dunk Team athletes on making it to the Final Four. You dunked into hoops. You dunked into Frosty. You dunked into our hearts. https://t.co/b6IeqJW8YD","1","0.5319","medium","0.0","0.360102","0","","","","no_human"
"57","2039714223337463977","https://x.com/Wendys/status/2039714223337463977","Vote!","1","0.5163","medium","0.0","0.16956","0","","","","no_human"
"58","2039714041212358979","https://x.com/Wendys/status/2039714041212358979","Vote!","1","0.5163","medium","0.0","0.16956","0","","","","no_human"
"59","2039713760378487274","https://x.com/Wendys/status/2039713760378487274","We’ve got our final four! It’s time to decide who will make it to the championship and ultimately end up back on the menu. Get your votes in now! https://t.co/Yat9QPbeFA","0","0.4979","low","0.0","0.337641","0","","","","no_human"
"60","2038738065678811271","https://x.com/Wendys/status/2038738065678811271","Vote!","1","0.5163","medium","0.0","0.16956","0","","","","no_human"
"61","2038737809075565002","https://x.com/Wendys/status/2038737809075565002","Vote!","1","0.5163","medium","0.0","0.16956","0","","","","no_human"
"62","2038737532473803096","https://x.com/Wendys/status/2038737532473803096","Vote!","1","0.5163","medium","0.0","0.16956","0","","","","no_human"
"63","2038737391863869923","https://x.com/Wendys/status/2038737391863869923","Vote!","1","0.5163","medium","0.0","0.16956","0","","","","no_human"
"64","2038736376653554124","https://x.com/Wendys/status/2038736376653554124","After a tough fight to make it on the bracket, we have our finalists! America, we want to hear from you! Tell us what you want to see back on the menu. Voting starts… NOW!

Better luck next time to the Sunroom, Salad SuperBar, Giant JBC, and Trex burger. https://t.co/Ypg0dTCSnT","1","0.5620","medium","0.0","0.406751","0","","","","no_human"
"65","2037346325923278851","https://x.com/Wendys/status/2037346325923278851","Okay not a dunk but that’s STILL OUR GUY @jmilly2410","1","0.5292","medium","0.0","0.418146","0","","","","no_human"
"66","2037342589230408021","https://x.com/Wendys/status/2037342589230408021","TREY KAUFMAN-RENN GAME-WINNER 🚨

PURDUE ADVANCES TO THE ELITE 8 🤯 https://t.co/CYj7ltsGXT","1","0.5085","medium","0.0","0.312827","0","","","","no_human"
"67","2036210859299455486","https://x.com/Wendys/status/2036210859299455486","“Fries + Frosty = The Best of Both Worlds” https://t.co/ixuIhrXwcR","0","0.4654","low","0.0","0.35201","0","","","","no_human"
"68","2035444365800214846","https://x.com/Wendys/status/2035444365800214846","On and off the court, Coen Carr can’t stop (won’t stop) dunking. https://t.co/pvLNEM1zSj","1","0.5068","medium","0.0","0.08009","0","","","","no_human"
"69","2035438297070096829","https://x.com/Wendys/status/2035438297070096829","Fears ➡️ Carr 🔨 https://t.co/Y7Wa3vl7X5","0","0.3990","low","0.0","0.08009","0","","","","no_human"
"70","2035415108646490534","https://x.com/Wendys/status/2035415108646490534","I hope Yaxel doesn’t dunk his fries in his Frosty this violently https://t.co/l75Yp2p6YX","0","0.4959","low","0.0","0.314302","0","","","","no_human"
"71","2035414922763350398","https://x.com/Wendys/status/2035414922763350398","Tarris Reed stat line: buckets, boards, and dunks. Basically a Dunk Menu combo. https://t.co/rktHfBeiwV","0","0.4249","low","0.0","0.08009","0","","","","no_human"
"72","2035411565797634404","https://x.com/Wendys/status/2035411565797634404","YAXEL LENDEBORG. ABSOLUTELY DISGUSTING.

#MarchMadness https://t.co/GzFu2ZqKzo","0","0.3990","low","0.0","0.08009","0","","","","no_human"
"73","2035213787020575096","https://x.com/Wendys/status/2035213787020575096","Tarris Reed throws it down 🔨 https://t.co/kGW6Ewxnon","1","0.5216","medium","0.0","0.08009","0","","","","no_human"
"74","2035089780396953839","https://x.com/Wendys/status/2035089780396953839","“Hold my Frosty” – Coen Carr, probably. @Coencarr2 https://t.co/8hGMcWQRSr","0","0.4189","low","0.0","0.33655","0","","","","no_human"
"75","2035036863413805229","https://x.com/Wendys/status/2035036863413805229","A championship-caliber roster that dunks on and off the court: introducing the Official Wendy’s Dunk Team 🤝Tune in for the dunks, then try your own with the Dunk Menu, only in the app. https://t.co/ACwbEmgmQE","0","0.4810","low","0.0","0.242443","0","","","","no_human"
"76","2034753037797904417","https://x.com/Wendys/status/2034753037797904417","Coen Carr AGAIN 😤 https://t.co/Hwfed2ciRF","0","0.4638","low","0.11","0.11859","0","","","","no_human"
"77","2033636564551524646","https://x.com/Wendys/status/2033636564551524646","truly life changing https://t.co/0tX6CyMW2P","0","0.3990","low","0.11","0.320571","0","","","","no_human"
"78","2033326344264888604","https://x.com/Wendys/status/2033326344264888604","Congrats to our Aunt on winning Best Supporting Actress! https://t.co/5EVi2wrFcH","0","0.4559","low","0.0","0.290896","0","","","","no_human"
"79","2032563031024996510","https://x.com/Wendys/status/2032563031024996510","Head to https://t.co/lkd5mlJoiZ to see how to apply. WHAT ARE YOU WAITING FOR?!?!?!?! IT’S $100,000 !!!!!

No purch nec. 50 US/DC, 18+. Ends 3/30. Rules: https://t.co/mNIqecbPOQ

#WendysCTOContest https://t.co/WD3ZxE9iee","1","0.5620","medium","0.11","0.215422","0","","","","no_human"
"80","2031884901557965271","https://x.com/Wendys/status/2031884901557965271","What the fries at the bottom of my biggie bag see when I go scavenging for them https://t.co/qO9JGCgaXs","1","0.5641","medium","0.0","0.23627","0","","","","no_human"
"81","2031738937870364955","https://x.com/Wendys/status/2031738937870364955","travis gonna love the drive thru at his mom's house https://t.co/ssjGEuifjO","1","0.5279","medium","0.11","0.346228","0","","","","no_human"
"82","2030448455412252800","https://x.com/Wendys/status/2030448455412252800","Travis and Jason Kelce’s mom, Donna Kelce, is in the middle of a home renovation ... TMZ has learned.

Read more: https://t.co/4KursdUOlk https://t.co/FsAv2tPWyz","0","0.4424","low","0.0","0.255194","0","","","","no_human"
"83","2030030225254359259","https://x.com/Wendys/status/2030030225254359259","No purch nec. 50 US/DC, 18+. Ends 3/30. Rules: https://t.co/mNIqecbPOQ. To qualify tag @Wendys and #WendysCTOcontest","0","0.4674","low","0.0","0.351071","0","","","","no_human"
"84","2030030060720164942","https://x.com/Wendys/status/2030030060720164942",".@GenoSmith3 in case things don’t work out in free agency we’re looking for a Chief Tasting Officer…","0","0.4720","low","0.0","0.442477","0","","","","no_human"
"85","2030021566528893409","https://x.com/Wendys/status/2030021566528893409",".@maurahiggins Since being a faithful fell through, here’s a job to get u more Birkins 
https://t.co/mNIqecbPOQ.

No purch nec. 50 US/DC, 18+. Ends 3/30. Rules: To qualify tag @Wendys and #WendysCTOContest https://t.co/RWQGC4PJmA","0","0.4559","low","0.11","0.342834","0","","","","no_human"
"86","2029952811224514866","https://x.com/Wendys/status/2029952811224514866","Breaking: The Raiders are releasing last season’s starting QB Geno Smith, barring a trade before the start of the new league year, sources tell @AdamSchefter.  

By releasing Smith, the Raiders will open up $8M in salary cap space while taking on $18.5M in dead money.

Get breaking news alerts from Adam Schefter through the ESPN App: https://t.co/wLAog0kJUB","0","0.4618","low","0.52","0.457361","0","","","","no_human"
"87","2029687889098068156","https://x.com/Wendys/status/2029687889098068156","Our first Chief Tasting Officer application is in, and lets just say the bar is LOW. Apply now and make your video more than a McNibble. Link in bio to enter the first #WendysCTOcontest https://t.co/JXujBHw5pP","1","0.5139","medium","0.0","0.368634","0","","","","no_human"
"88","2029585417066946625","https://x.com/Wendys/status/2029585417066946625","Ever wish you could eat Wendy’s professionally? Now you can (oh and make $100k). See how to apply at https://t.co/mNIqecbPOQ #WendysCTOcontest https://t.co/bQZSEBjfAx","1","0.5611","medium","0.0","0.305949","0","","","","no_human"
"89","2029290891425529996","https://x.com/Wendys/status/2029290891425529996","This is what it looks like when you don’t have to pretend to like your “product”","1","0.5782","medium","0.0","0.479845","0","","","","no_human"
"90","2029249180762341501","https://x.com/Wendys/status/2029249180762341501","Wendy’s US President posts new video amid burger battle with McDonald’s &amp; Burger King. https://t.co/R6IALUetCC","0","0.4956","low","0.2","0.421848","0","","","","no_human"
"91","2027127868791431190","https://x.com/Wendys/status/2027127868791431190","No trowaway votes around here… https://t.co/KuKsN6ZoOj","1","0.5606","medium","0.0","0.08009","0","","","","no_human"
"92","2027105501260202278","https://x.com/Wendys/status/2027105501260202278","i’ll take ew for 400 https://t.co/ShRmiSgG6W","0","0.4532","low","0.0","0.26073","0","","","","no_human"
"93","2026335579764343176","https://x.com/Wendys/status/2026335579764343176","McDonald's is launching the Big Arch burger in the US on March 3 https://t.co/U5n8YWn3U4","0","0.4903","low","0.0","0.300013","0","","","","no_human"
"94","2022846838726922625","https://x.com/Wendys/status/2022846838726922625","Based on the results from today’s dunk contest this would blow the judges minds https://t.co/6nP4bbhJ2h","0","0.4505","low","0.32","0.340678","0","","","","no_human"
"95","2021355348100313369","https://x.com/Wendys/status/2021355348100313369","Sir this is a DAYTONA discount code","0","0.4189","low","0.0","0.44117","0","","","","no_human"
"96","2021268433296367729","https://x.com/Wendys/status/2021268433296367729","We're cooking something up.

Use code DAYTONA in the @Wendys app to get a $1 Classic or Spicy Chicken Sandwich with purchase, starting at the beginning of the race on Sunday 2/15 and available all day Monday 2/16. https://t.co/nsXc16Pwpj","0","0.4535","low","0.0","0.293612","0","","","","no_human"
"97","2020685488789815407","https://x.com/Wendys/status/2020685488789815407","Has a kicker ever won MVP?","1","0.5395","medium","0.0","0.40964","0","","","","no_human"
"98","2019221773569728518","https://x.com/Wendys/status/2019221773569728518","also okc receives a first round pick somehow @ShamsCharania https://t.co/WUoYrt9zY7","0","0.3910","low","0.0","0.286249","0","","","","no_human"
"99","2015935710449009033","https://x.com/Wendys/status/2015935710449009033","kind of seems like you just wanted a reason to eat nothing but wendys chili for a month?","1","0.5422","medium","0.0","0.45928","0","","","","no_human"
"100","2014446063961178239","https://x.com/Wendys/status/2014446063961178239","If Scottie Scheffler wins this week I will only eat Wendy’s chili for a month. It’s not happening folks. ZERO chance.","1","0.5419","medium","0.0","0.447086","0","","","","no_human"
"101","2014093064155889768","https://x.com/Wendys/status/2014093064155889768","We don’t chikin out on Sundays https://t.co/pA1BXe0Sc0","0","0.4901","low","0.0","0.315917","0","","","","no_human"
"102","2012261535259726070","https://x.com/Wendys/status/2012261535259726070","CLOWNS ARE GOIN DOWN. We’re live right now over on
https://t.co/P0GZ7DIn5g","1","0.5402","medium","0.0","0.368104","0","","","","no_human"
"103","2012226909820621147","https://x.com/Wendys/status/2012226909820621147","TENDYS VS CLOWNS. WHO U GOT? Streaming some College Football ‘26 later today on twitch https://t.co/FJANT6bsl5","0","0.4402","low","0.321","0.502734","0","","","","no_human"
"104","2009777266847363171","https://x.com/Wendys/status/2009777266847363171","life is so crazy bc wdym i’m giving out bogo dave’s singles or doubles on doordash just bc some lady asked where’s the beef 42 years ago","1","0.5353","medium","0.0","0.36615","0","","","","no_human"
"105","2007833761703223723","https://x.com/Wendys/status/2007833761703223723","We should play wide receiver cuz we're wide open on Sunday. Score a FREE 3pc Tendy's on @UberEats w/ $10 purchase today (Sunday) https://t.co/f252WJhD40","0","0.4895","low","0.0","0.225261","0","","","","no_human"
"106","2001787208093614204","https://x.com/Wendys/status/2001787208093614204","DMing myself 75% off an energy drink rn lol","1","0.5339","medium","0.11","0.44814","0","","","","no_human"
"107","2001787158034866204","https://x.com/Wendys/status/2001787158034866204","We’ll go first! Here’s my sleep score 😴 https://t.co/TPfPApvtJj","1","0.5742","medium","0.0","0.26073","0","","","","no_human"
"108","2001787068914225487","https://x.com/Wendys/status/2001787068914225487","Attn insomniacs

drop your sleep score below &amp; i’ll give you an energy drink deal based on how much your score sucks (but hurry bc you have to share it by 12/22)","1","0.5846","medium","0.32","0.548058","0","","","","no_human"
"109","1996659770724696551","https://x.com/Wendys/status/1996659770724696551","im hot and im cold https://t.co/BVtiB1CiRA","0","0.4249","low","0.56","0.620779","0","","","","no_human"
"110","1996272892787778047","https://x.com/Wendys/status/1996272892787778047","we would never do “a nicer ham restaurant.”  Or would we, Tim Robinson? https://t.co/ztdidCUJQ5","1","0.5435","medium","0.0","0.24705","0","","","","no_human"
"111","1993735456609972272","https://x.com/Wendys/status/1993735456609972272","Let’s get u to bed wendy https://t.co/DY3BoVEDUi","1","0.5032","medium","0.11","0.380153","0","","","","no_human"
"112","1991966149815496874","https://x.com/Wendys/status/1991966149815496874","don’t ask for her ig, ask for her wendy's order https://t.co/97FPbtJodn","0","0.4764","low","0.0","0.393552","0","","","","no_human"
"113","1988671571091980633","https://x.com/Wendys/status/1988671571091980633",".@fibulaa said we’re Tendy’s now and who are we to argue? Try our new chicken tendys today! https://t.co/8FccP5qRR5","0","0.4662","low","0.0","0.348295","0","","","","no_human"
"114","1980393481068831176","https://x.com/Wendys/status/1980393481068831176","ok so maybe don’t hang it in the louvre","1","0.5133","medium","0.0","0.44533","0","","","","no_human"
"115","1976057070555132086","https://x.com/Wendys/status/1976057070555132086","Canceling my hair appointment at angie’s 1.5 salons","1","0.5660","medium","0.0","0.40964","0","","","","no_human"
"116","1975235300231434581","https://x.com/Wendys/status/1975235300231434581","There's more drama underway at Lisa's lunch. #RHOSLC is all-new TOMORROW! https://t.co/TqflNLJsOh","0","0.4520","low","0.0","0.29695","0","","","","no_human"
"117","1965423062154924241","https://x.com/Wendys/status/1965423062154924241","Yeah, crazy. I can already smell the bacon.","1","0.5776","medium","0.0","0.381514","0","","","","no_human"
"118","1965414892438958172","https://x.com/Wendys/status/1965414892438958172","Here comes the sun with SVG's @Wendys car lighting up Saturday's race with a breakfast worth getting up for. https://t.co/Im0FWviGot","0","0.4505","low","0.0","0.373535","0","","","","no_human"
"119","1960389997531423031","https://x.com/Wendys/status/1960389997531423031","Can’t believe we got Travis Swift before gta6","1","0.5767","medium","0.0","0.398268","0","","","","no_human"
"120","1957893154453041344","https://x.com/Wendys/status/1957893154453041344","Today is the most important day on the calendar (national baked potato day)","1","0.5367","medium","0.0","0.404908","0","","","","no_human"
"121","1948426303293579682","https://x.com/Wendys/status/1948426303293579682","i hope my misfortune comes with fries https://t.co/II0cqSofil","1","0.5373","medium","0.0","0.23627","0","","","","no_human"
"122","1946349498231345200","https://x.com/Wendys/status/1946349498231345200","kinda want to see how they share chili","1","0.5495","medium","0.11","0.47575","0","","","","no_human"
"123","1945931126129988023","https://x.com/Wendys/status/1945931126129988023","Dave Franco and Alison Brie spotted sharing a fry at Wendy’s. https://t.co/zCCMKwFg4F","1","0.5072","medium","0.0","0.262411","0","","","","no_human"
"124","1942770676286505156","https://x.com/Wendys/status/1942770676286505156","Am I too chronically online","1","0.5492","medium","0.0","0.40964","0","","","","no_human"
"125","1942767810238632071","https://x.com/Wendys/status/1942767810238632071","She’s got bette davis friesssss","1","0.5156","medium","0.0","0.398268","0","","","","no_human"
"126","1938000813210714481","https://x.com/Wendys/status/1938000813210714481","mommy? https://t.co/d3bMKmPhaE","0","0.3990","low","0.0","0.08009","0","","","","no_human"
"127","1934989870239261157","https://x.com/Wendys/status/1934989870239261157","if you can guess what it is you win @TakisUSA https://t.co/P9mgUnvngw","1","0.5335","medium","0.0","0.293778","0","","","","no_human"
"128","1920237379442397554","https://x.com/Wendys/status/1920237379442397554",".@TSA do I still need a real id if I have a Frosty key tag","0","0.4872","low","0.0","0.477176","0","","","","no_human"
"129","1917664473776623724","https://x.com/Wendys/status/1917664473776623724","100 fries vs. 1 girlfriend who said she wasn’t hungry","1","0.5361","medium","0.0","0.443554","0","","","","no_human"
"130","1914826173638414390","https://x.com/Wendys/status/1914826173638414390","when we say Frosty Swirls just know the car is making the swirls","1","0.5290","medium","0.0","0.461407","0","","","","no_human"
"131","1914824035609027011","https://x.com/Wendys/status/1914824035609027011","Can't get Daniel to stop doing swirls in his Talladega @Wendys car https://t.co/o7I4ijkleN","0","0.4490","low","0.0","0.341613","0","","","","no_human"
"132","1914683170374459772","https://x.com/Wendys/status/1914683170374459772","get ready to taste a fresh way to Frosty","1","0.5103","medium","0.0","0.449493","0","","","","no_human"
"133","1914680845526278493","https://x.com/Wendys/status/1914680845526278493","Tasting something fresh for Talladega @Wendys 👀 https://t.co/V25KNexqQn","0","0.3692","low","0.11","0.324749","0","","","","no_human"
"134","1911933396550287524","https://x.com/Wendys/status/1911933396550287524","I kissed the ground and i liked it","1","0.5625","medium","0.0","0.40964","0","","","","no_human"
"135","1911781221559844913","https://x.com/Wendys/status/1911781221559844913","Katy Perry seemingly kisses the ground after returning from Space. https://t.co/ugi07THOjC","0","0.4416","low","0.0","0.08009","0","","","","no_human"
"136","1910713017144127729","https://x.com/Wendys/status/1910713017144127729","Okay we lied (kinda) but also Strawberry, Brownie Batter, and Caramel Frosty Swirls! https://t.co/3rC3oIORjZ https://t.co/cMj5lYqypC","1","0.5050","medium","0.11","0.305491","0","","","","no_human"
"137","1909664559243178141","https://x.com/Wendys/status/1909664559243178141","Sorry to say, but Frosty is out :/","1","0.5569","medium","0.0","0.447784","0","","","","no_human"
"138","1907472436305813963","https://x.com/Wendys/status/1907472436305813963","Keep your game fresh this March Madness with a $1 JBC or Double Stack in the Wendy’s app (w/ additional purchase). #NothingBeatsFresh","0","0.4522","low","0.26","0.540878","0","","","","no_human"
"139","1907167027267010864","https://x.com/Wendys/status/1907167027267010864","HERE IS CUTE HASHTAG THE BURGER BUN IS A BASKETBALL
#DollarJBCorDoubleStackinWendysAppWithOfferLegalSaidToIncludeWithAdditionalPurchase","1","0.5497","medium","0.0","0.40964","0","","","","no_human"
"140","1906741707875483676","https://x.com/Wendys/status/1906741707875483676","Get a $1 JBC or Double Stack all March Madness®. And now for the legal, but we added an emoji to make it cute.
#INTHEWENDYSAPPWITHOFFERANDADDITIONALPURCHASE","1","0.5508","medium","0.0","0.470394","0","","","","no_human"
"141","1905709754686788031","https://x.com/Wendys/status/1905709754686788031","Freeze your meeting, not your burgers. https://t.co/YDWr58Z49k https://t.co/ADx5QdbXzs","1","0.5050","medium","0.0","0.171587","0","","","","no_human"
"142","1905709287558791496","https://x.com/Wendys/status/1905709287558791496","Calling it now, Wendy’s plug-in taking it all. Download the Chrome extension to freeze your meeting and get back to the game faster. https://t.co/YDWr58Z49k #NothingBeatsFresh https://t.co/5x8tycHevl","1","0.5138","medium","0.0","0.254932","0","","","","no_human"
"143","1905701777573621999","https://x.com/Wendys/status/1905701777573621999","it’s time for basketball and burgers. burgerball. what if the burger bun was a basketball? idk. if you use this hashtag, u will see basketbun #WendysBasketballBurger","1","0.5561","medium","0.11","0.497266","0","","","","no_human"
"144","1905005766244815166","https://x.com/Wendys/status/1905005766244815166","If you see Drew and I both frozen on the same meeting, no you didn’t https://t.co/YDWr58YwjM https://t.co/xRa29ojreh","1","0.5129","medium","0.11","0.289967","0","","","","no_human"
"145","1904642614470545836","https://x.com/Wendys/status/1904642614470545836","morning routine https://t.co/QwyhwqGTzo","0","0.3990","low","0.0","0.243298","0","","","","no_human"
"146","1904565120010723568","https://x.com/Wendys/status/1904565120010723568","For all of March Madness®, get a $1 JBC or Double Stack in the Wendy’s app. Don’t worry about forgetting, we have a simple hashtag to help you remember: #DollarJBCorDoubleStackinWendysAppWithOfferLegalSaidToIncludeWithAdditionalPurchase","0","0.4984","low","0.26","0.557818","0","","","","no_human"
"147","1903162702585008400","https://x.com/Wendys/status/1903162702585008400","Freeze your meeting, not your burger. Download the Chrome extension to get back to the game faster. https://t.co/YDWr58Z49k https://t.co/i5Ll8LGNgK","1","0.5264","medium","0.0","0.252225","0","","","","no_human"
"148","1903112530345521579","https://x.com/Wendys/status/1903112530345521579","hang the banner @VandyMBB https://t.co/uqk1MMR3d6","0","0.3936","low","0.0","0.286249","0","","","","no_human"
"149","1901851793795219858","https://x.com/Wendys/status/1901851793795219858","March Madness bracket if  you picked each matchup by which School's home stadium is closest to an @Wendys location https://t.co/HBiHGjsNdg","0","0.4723","low","0.0","0.415283","0","","","","no_human"
"150","1899970489797271587","https://x.com/Wendys/status/1899970489797271587","BIGGIE BAGS FLY FREE https://t.co/59iYwMlcCW","0","0.4395","low","0.0","0.126109","0","","","","no_human"
"151","1893347732040880523","https://x.com/Wendys/status/1893347732040880523","Your outie dips their fries in their Thin Mints Frosty 
Your outie keeps their thin mints in the freezer 
Your outie uses X in light mode","0","0.4862","low","0.0","0.438949","0","","","","no_human"
"152","1892979312707473537","https://x.com/Wendys/status/1892979312707473537","Im gonna show up at your door selling Thin Mints Frosty","1","0.5068","medium","0.11","0.491491","0","","","","no_human"
"153","1889332081404088470","https://x.com/Wendys/status/1889332081404088470","Fresh meets fast.","0","0.4938","low","0.0","0.40964","0","","","","no_human"
"154","1889331721939673543","https://x.com/Wendys/status/1889331721939673543","Check out this fresh drip 🔥 Teaming up with the freshest in the game @wendys
@TeamTrackhouse #daytona500 https://t.co/qCvFWc5PgV","0","0.4067","low","0.11","0.449971","0","","","","no_human"
"155","1889052840129114344","https://x.com/Wendys/status/1889052840129114344","if you thought my burgers were fresh, wait till u see my whip 🏁","1","0.5690","medium","0.11","0.44814","0","","","","no_human"
"156","1886095648572760240","https://x.com/Wendys/status/1886095648572760240","If i see my shadow u get 6 more weeks of vanilla frosty","0","0.4947","low","0.11","0.491491","0","","","","no_human"
"157","1881055482015805887","https://x.com/Wendys/status/1881055482015805887","Thank you Mr. Beast","1","0.5708","medium","0.0","0.40964","0","","","","no_human"
"158","1879984832446623928","https://x.com/Wendys/status/1879984832446623928","Can’t believe we’re getting TikTok ban before gta 6","1","0.6045","medium","0.0","0.450057","0","","","","no_human"
"159","1879575467256422436","https://x.com/Wendys/status/1879575467256422436","4pc in 4k https://t.co/w8cOOHtz6P","0","0.4783","low","0.0","0.08009","0","","","","no_human"
"160","1874908984093876692","https://x.com/Wendys/status/1874908984093876692","""how to type squared symbol on mac reddit” https://t.co/8HDnTWj1Iv","0","0.4931","low","0.0","0.08009","0","","","","no_human"
"161","1874116245085446380","https://x.com/Wendys/status/1874116245085446380","2025 = 45^2

It's a perfect square.  It will probably be the only perfect square year you ever get to live in.

The last time that occurred was in 1936.  The next will be in 2116.

So, make 2025 a perfect year for you.","1","0.5694","medium","0.0","0.442315","0","","","","no_human"
"162","1869446006234104036","https://x.com/Wendys/status/1869446006234104036","Do you pronounce it caramel or do u pronounce it wrong?","1","0.5883","medium","0.11","0.44814","0","","","","no_human"
"163","1869053674779291778","https://x.com/Wendys/status/1869053674779291778","Keep things roasty this holiday season. https://t.co/UG4KDOSndU","0","0.4103","low","0.0","0.295523","0","","","","no_human"
"164","1868743844931797186","https://x.com/Wendys/status/1868743844931797186","Frosty Key Tag: It’s like the best investment of your life except it’s free frosty treats but same vibes.","1","0.5065","medium","0.469","0.608979","0","","","","no_human"
"165","1865181393224974679","https://x.com/Wendys/status/1865181393224974679","idk, i like our version better https://t.co/lxLle9WjFt","0","0.4830","low","0.11","0.370498","0","","","","no_human"
"166","1864694795936899378","https://x.com/Wendys/status/1864694795936899378","Meet Pantone's Color of the Year 2025: PANTONE 17-1230 Mocha Mousse 🍫☕
A rich, warming brown inspired by chocolate, and coffee. Earthy, elegant, and comforting—Mocha Mousse connects us to nature and modern refinement.
Explore more via https://t.co/T8fKMpL4Pm #MochaMousse https://t.co/2b428qm7iy","0","0.4617","low","0.0","0.184782","0","","","","no_human"
"167","1864373989759471899","https://x.com/Wendys/status/1864373989759471899","@laufey 🥹","0","0.3882","low","0.0","0.467293","0","","","","no_human"
"168","1864360277942075898","https://x.com/Wendys/status/1864360277942075898","my aesthetic is Laufey + salted caramel frosty 🥺","1","0.5168","medium","0.0","0.452991","0","","","","no_human"
"169","1861447874346934316","https://x.com/Wendys/status/1861447874346934316","REPORT: Naive Little Salted Caramel Frosty Totally Unaware Woman’s Happiness Rests on Her Shoulders","1","0.5212","medium","0.0","0.453506","0","","","","no_human"
"170","1859714761916555425","https://x.com/Wendys/status/1859714761916555425","“U changed my life” I’m literally just a salted caramel frosty","1","0.5249","medium","0.11","0.467592","0","","","","no_human"
"171","1859336640713330801","https://x.com/Wendys/status/1859336640713330801","It’s the only book u can read upside-down https://t.co/vJ0ZsNeQFY","1","0.5667","medium","0.11","0.11859","0","","","","no_human"
"172","1849526709361480181","https://x.com/Wendys/status/1849526709361480181","but this IS how you eat Wendy's Breakfast Burrito","1","0.5237","medium","0.0","0.457887","0","","","","no_human"
"173","1847306069816594818","https://x.com/Wendys/status/1847306069816594818","When mom doesn’t stop for a Wendy’s Krabby Patty Kollab burger https://t.co/jZgDsddw1l","1","0.5079","medium","0.0","0.249461","0","","","","no_human"
"174","1846290474933670375","https://x.com/Wendys/status/1846290474933670375","Sat down w @shanevg97 to see if he had any spicy takes for sunday https://t.co/N7wL6cIkOd","0","0.4469","low","0.0","0.25362","0","","","","no_human"
"175","1844751905022447697","https://x.com/Wendys/status/1844751905022447697","this guy https://t.co/YwNEDcYzgH","0","0.4103","low","0.0","0.243738","0","","","","no_human"
"176","1843779609789378824","https://x.com/Wendys/status/1843779609789378824","REV UP THOSE FRYERS https://t.co/iGRVIYwGjO","0","0.4562","low","0.0","0.08009","0","","","","no_human"
"177","1843405888624963775","https://x.com/Wendys/status/1843405888624963775","America tomorrow https://t.co/BG87XHjcvj","0","0.4555","low","0.0","0.246343","0","","","","no_human"
"178","1842315701081530795","https://x.com/Wendys/status/1842315701081530795","when wendy’s krabby patty kollab gets announced but you gotta wait til tuesday https://t.co/UBztx3sg66","1","0.5611","medium","0.11","0.287961","0","","","","no_human"
"179","1841548608854016300","https://x.com/Wendys/status/1841548608854016300","BBBBRRREAKING NEWWWS https://t.co/Vw5FulLl0U","0","0.3990","low","0.0","0.08009","0","","","","no_human"
"180","1841265943395082611","https://x.com/Wendys/status/1841265943395082611","If you want something done right, you gotta do it yourself. https://t.co/jEKOYLjxGc","1","0.5538","medium","0.11","0.399479","0","","","","no_human"
"181","1839768956812378574","https://x.com/Wendys/status/1839768956812378574","👀👀👀","1","0.5163","medium","0.09","0.44114","0","","","","no_human"
"182","1839411514715090949","https://x.com/Wendys/status/1839411514715090949","I scream. You scream. We all scream for working ice cream machines. https://t.co/8cAJRNFGKS","1","0.5155","medium","0.0","0.08009","0","","","","no_human"
"183","1839266928679845920","https://x.com/Wendys/status/1839266928679845920","Downtown Chicago. 6AM. @Wendys trolling @McDonalds and I’m here for it. https://t.co/bhfpszCtxE","0","0.4628","low","0.0","0.34367","0","","","","no_human"
"184","1836585948496162855","https://x.com/Wendys/status/1836585948496162855","When you have a leaky faucet, you go to Angie’s List, but when you have a grievance, you go to Angie’s Scroll #RHOSLC","1","0.6140","medium","0.0","0.40964","0","","","","no_human"
"185","1835137149286379953","https://x.com/Wendys/status/1835137149286379953","@Wendys this is not how you eat burritos. 😀😃🙂🙃 https://t.co/UJTtycnwjr","0","0.4648","low","0.11","0.388581","0","","","","no_human"
"186","1834619968442323418","https://x.com/Wendys/status/1834619968442323418","POV: me going straight from bed to the couch every Saturday","1","0.5457","medium","0.0","0.457738","0","","","","no_human"
"187","1834347199402229959","https://x.com/Wendys/status/1834347199402229959","Absolutely no fun was had at our commercial shoot today… 🤣🚀 

Special thanks to our amazing partners at @Wendys 🫶 https://t.co/QoZNAgR4ZG","0","0.4707","low","0.11","0.383454","0","","","","no_human"
"188","1833595083490238906","https://x.com/Wendys/status/1833595083490238906","???!?!?!?!WHO EATS A BURRITO LIKE THIS?!?!?!?! @Wendys https://t.co/QkwBdIHaql","0","0.4301","low","0.0","0.347417","0","","","","no_human"
"189","1827852148366843989","https://x.com/Wendys/status/1827852148366843989","Unhappy Hour means you can get a $1 Honey Buddy w purchase in the app. See? Life still has meaning - even on Monday mornings. https://t.co/9ANLjAkbTt","1","0.5091","medium","0.0","0.167152","0","","","","no_human"
"190","1826439447467966764","https://x.com/Wendys/status/1826439447467966764","Despicable Meat 2","1","0.5163","medium","0.0","0.40964","0","","","","no_human"
"191","1826437489961435372","https://x.com/Wendys/status/1826437489961435372","“Emily in Paris, Texas”","1","0.5090","medium","0.0","0.40964","0","","","","no_human"
"192","1826437406708695361","https://x.com/Wendys/status/1826437406708695361","“Americas Least Wanted”","1","0.5299","medium","0.0","0.40964","0","","","","no_human"
"193","1826437226713989454","https://x.com/Wendys/status/1826437226713989454","“Casablanda”","1","0.5163","medium","0.0","0.40964","0","","","","no_human"
"194","1826437118563889607","https://x.com/Wendys/status/1826437118563889607","“The Bland Budapest Motel”","1","0.5290","medium","0.0","0.40964","0","","","","no_human"
"195","1826437010606764235","https://x.com/Wendys/status/1826437010606764235","“James and the Giant Flavor Reach”","0","0.4979","low","0.0","0.40964","0","","","","no_human"
"196","1826436573988090093","https://x.com/Wendys/status/1826436573988090093","“Chicken Runs”","0","0.4465","low","0.0","0.370267","0","","","","no_human"
"197","1826436504614273198","https://x.com/Wendys/status/1826436504614273198","“Horrible Sauces “","1","0.5163","medium","0.0","0.40964","0","","","","no_human"
"198","1826432938801570164","https://x.com/Wendys/status/1826432938801570164","“We Bought A Streaming App”","1","0.5567","medium","0.19","0.498158","0","","","","no_human"
"199","1826432611092136230","https://x.com/Wendys/status/1826432611092136230","“Appetite Gone in 60 Seconds”","1","0.5090","medium","0.0","0.40964","0","","","","no_human"
"200","1826432485950898219","https://x.com/Wendys/status/1826432485950898219","“Forgetting Sarah Marshall’s Order”","0","0.4919","low","0.0","0.437437","0","","","","no_human"
"201","1826432151862026427","https://x.com/Wendys/status/1826432151862026427","Can’t wait to watch… 
“Any Given Day but Sunday” 
a thread 🧵","1","0.5424","medium","0.0","0.42338","0","","","","no_human"
"202","1826331865781075979","https://x.com/Wendys/status/1826331865781075979","Chick-Fil-A is launching its own streaming platform 

• The plan is to launch a slate of TV shows
• There are also talks of doing animated projects https://t.co/RamoYkIxPw","0","0.4993","low","0.26","0.504152","0","","","","no_human"
"203","1825520839032291500","https://x.com/Wendys/status/1825520839032291500","UNHAPPY HOUR","1","0.5163","medium","0.0","0.316967","0","","","","no_human"
"204","1825310472368791724","https://x.com/Wendys/status/1825310472368791724","Unhappy Hour means you can get a $1 Honey Buddy w purchase in the app. Also means monday morning but forget that part.","1","0.5284","medium","0.0","0.208769","0","","","","no_human"
"205","1822987972481806759","https://x.com/Wendys/status/1822987972481806759","UNHAPPY HOUR","1","0.5163","medium","0.0","0.316967","0","","","","no_human"
"206","1822772454533579005","https://x.com/Wendys/status/1822772454533579005","Unhappy Hour is tomorrow so yew can get a $1 Honey Buddy w purchase in the app. Does that help?","0","0.4756","low","0.0","0.199965","0","","","","no_human"
"207","1821635837161029764","https://x.com/Wendys/status/1821635837161029764","@NYTGames Why ru playing games 😔 @NYTGames","0","0.4089","low","0.0","0.467293","0","","","","no_human"
"208","1821610694745485569","https://x.com/Wendys/status/1821610694745485569","@NYTGames why u flirtin with me","0","0.4348","low","0.11","0.505793","0","","","","no_human"
"209","1821610561962176956","https://x.com/Wendys/status/1821610561962176956","Wordle 1,146 1/6

🟩🟩🟩🟩🟩","1","0.5163","medium","0.19","0.47614","0","","","","no_human"
"210","1820445708874658217","https://x.com/Wendys/status/1820445708874658217","UNHAPPY HOUR","1","0.5163","medium","0.0","0.316967","0","","","","no_human"
"211","1820231911635087503","https://x.com/Wendys/status/1820231911635087503","Unhappy Hour: get a $1 Honey Buddy w purchase in the app. Monday mornings, it’s literally the least we could do.

Hope that’s enough.","1","0.5443","medium","0.11","0.222019","0","","","","no_human"
"212","1818340302802850216","https://x.com/Wendys/status/1818340302802850216","My saucy nuggs get such a good block from the table they do a yurchenko double pike into my mouth","1","0.5672","medium","0.0","0.433352","0","","","","no_human"
"213","1817921258727862748","https://x.com/Wendys/status/1817921258727862748","UNHAPPY HOUR","1","0.5163","medium","0.0","0.316967","0","","","","no_human"
"214","1817695153110528201","https://x.com/Wendys/status/1817695153110528201","Happy hours are overrated. Come to Unhappy Hour tomorrow AM for a $1 Honey Buddy w purchase in the app (and lil’ head pats)","0","0.4430","low","0.0","0.191322","0","","","","no_human"
"215","1811795717297508777","https://x.com/Wendys/status/1811795717297508777","That’s cute. 

We’ve got free fries every Friday in the app. All year long.","1","0.5392","medium","0.0","0.293194","0","","","","no_human"
"216","1811499139739398639","https://x.com/Wendys/status/1811499139739398639",".@nytgames it’s literally been a word since 2007 https://t.co/flCQAfCAjP","0","0.4325","low","0.11","0.29212","0","","","","no_human"
"217","1811077661101301959","https://x.com/Wendys/status/1811077661101301959","Workin’ on the ol’ photoshop skills again…
Hit us up if your profile pic needs some sauce","0","0.4994","low","0.0","0.40964","0","","","","no_human"
"218","1810668075450036606","https://x.com/Wendys/status/1810668075450036606","McDonald’s are giving away free fries on National French Fry Day, July 12th https://t.co/B8V25hppkI","1","0.5567","medium","0.0","0.310121","0","","","","no_human"
"219","1810406280198299682","https://x.com/Wendys/status/1810406280198299682","Missing messy? Well, our saucy nuggs are just sitting there waiting for ya. Go messy!","1","0.5122","medium","0.0","0.407327","0","","","","no_human"
"220","1810007794310840603","https://x.com/Wendys/status/1810007794310840603","Whenever i need new tires i just pull up to a pit crew during a nascar race @NASCARChicago","0","0.4501","low","0.0","0.431928","0","","","","no_human"
"221","1808626600872665366","https://x.com/Wendys/status/1808626600872665366",".@shanevg97 you asked for some sauce for your race in Chicago. This work? https://t.co/e67YBsIvdK","0","0.3964","low","0.0","0.349225","0","","","","no_human"
"222","1806348032662802747","https://x.com/Wendys/status/1806348032662802747","ANYTHING IS SAUCE-A-BLEEEEEEEEEE","0","0.4967","low","0.0","0.40964","0","","","","no_human"
"223","1806180519689834523","https://x.com/Wendys/status/1806180519689834523","Never change Deuce. 

DaRon Holmes II (@DaRonagon) joked about getting free @Wendys sauces as a new member of the Nuggets and that he needs an inhaler for the altitude in Denver. 😂 @WDTN 

You got a great one, @nuggets fans.

(📽️: @NBA) https://t.co/tJ1bDyME5N","0","0.4130","low","0.11","0.459975","0","","","","no_human"
"224","1806158973009097170","https://x.com/Wendys/status/1806158973009097170","Congrats to @DaRonagon on achieving your life long dream. And also being drafted to the NBA.

A year’s worth of saucy nuggs comin’ atcha https://t.co/wXE3qADVg0","0","0.4388","low","0.0","0.368473","0","","","","no_human"
"225","1806124723254022149","https://x.com/Wendys/status/1806124723254022149","🏀🏀🏀🏀🏀🏀🏀🏀🏀🏀","1","0.5163","medium","0.0","0.40964","0","","","","no_human"
"226","1806116941091811827","https://x.com/Wendys/status/1806116941091811827","Whoever becomes a nugget tonight gets FREE saucy nuggets for a year 👀","0","0.4879","low","0.11","0.451267","0","","","","no_human"
"227","1801112110136500397","https://x.com/Wendys/status/1801112110136500397","Like this tweet (no one will see it)","1","0.5622","medium","0.0","0.430382","0","","","","no_human"
"228","1801106753884434800","https://x.com/Wendys/status/1801106753884434800","Wait now I wanna see ur likes","1","0.5341","medium","0.11","0.44814","0","","","","no_human"
"229","1797664751524384826","https://x.com/Wendys/status/1797664751524384826","WE HAVE SAUCY NUGGS IN OUR APP NOW SEND TWEET https://t.co/cnnCnVJlsa","1","0.5158","medium","0.0","0.265029","0","","","","no_human"
"230","1793796655512183145","https://x.com/Wendys/status/1793796655512183145","Stop taking the concept of a Biggie Bag and making it worse","1","0.5040","medium","0.0","0.40964","0","","","","no_human"
"231","1793780306484285515","https://x.com/Wendys/status/1793780306484285515","Burger King to launch $5 value meal ahead of McDonald's, Bloomberg News reports https://t.co/X7zmrnINjM https://t.co/jAgCVLjwkH","1","0.5033","medium","0.0","0.171587","0","","","","no_human"
"232","1793669890429358538","https://x.com/Wendys/status/1793669890429358538","Vote below","1","0.5163","medium","0.0","0.16956","0","","","","no_human"
"233","1793669887094927716","https://x.com/Wendys/status/1793669887094927716","What’s this called? https://t.co/yn4TwIhXnu","0","0.4945","low","0.0","0.08009","0","","","","no_human"
"234","1787884953876705769","https://x.com/Wendys/status/1787884953876705769","same energy https://t.co/piNJhbGVin","0","0.3990","low","0.11","0.11859","0","","","","no_human"
"235","1787542849061626009","https://x.com/Wendys/status/1787542849061626009","me inventing the mcflurry fries","1","0.5637","medium","0.0","0.406322","0","","","","no_human"
"236","1785760296335822857","https://x.com/Wendys/status/1785760296335822857","I’ll say it again https://t.co/C0TO0cW54C","1","0.5511","medium","0.0","0.315835","0","","","","no_human"
"237","1785674044190175475","https://x.com/Wendys/status/1785674044190175475","McDonald’s announced plans to create their largest burger ever https://t.co/IMnQErb8sy","0","0.4667","low","0.0","0.08009","0","","","","no_human"
"238","1785401765271101734","https://x.com/Wendys/status/1785401765271101734","Look between CAPS LOCK and RETURN on your keyboard. That’s the alphabet. Use it to write an original joke.","1","0.5652","medium","0.0","0.442821","0","","","","no_human"
"239","1783201437113082357","https://x.com/Wendys/status/1783201437113082357","Congrats 👑@reggiebush
Can we get our burger back now https://t.co/nSSLMRUv7m","0","0.4857","low","0.0","0.25362","0","","","","no_human"
"240","1783192374044184957","https://x.com/Wendys/status/1783192374044184957","You can get chili for $1 with purchase in the app today.
Which means you should get a @Cinnabon Pull-Apart to go with it and then like walk around and make people mad or sumthn. https://t.co/FGv8IS89zC","0","0.4815","low","0.0","0.293443","0","","","","no_human"
"241","1783121130837954590","https://x.com/Wendys/status/1783121130837954590","REGGIE BUSH IS GETTING HIS HEISMAN BACK 🔥 (per @PeteThamel) https://t.co/WR19AowcCi","0","0.4206","low","0.11","0.384653","0","","","","no_human"
"242","1781058134250758398","https://x.com/Wendys/status/1781058134250758398","You're welcome https://t.co/cJVqUJJ8u3","1","0.5137","medium","0.0","0.08009","0","","","","no_human"
"243","1781022004847522155","https://x.com/Wendys/status/1781022004847522155","I really loved that book that they turned into a show with Kerry Washington, Little Fries Everywhere","1","0.5737","medium","0.0","0.426013","0","","","","no_human"
"244","1781013620115312711","https://x.com/Wendys/status/1781013620115312711","Jason Kelce lost Eagles Super Bowl ring in pool of chili https://t.co/kY3jihvRPq","0","0.4653","low","0.26","0.458228","0","","","","no_human"
"245","1779914355594727486","https://x.com/Wendys/status/1779914355594727486","I thought I could file my taxes on tumblr but apparently that is incorrect","1","0.5805","medium","0.0","0.40964","0","","","","no_human"
"246","1778907911395107025","https://x.com/Wendys/status/1778907911395107025","vote below","1","0.5163","medium","0.0","0.16956","0","","","","no_human"
"247","1778907905896435764","https://x.com/Wendys/status/1778907905896435764","Does this make sense or have you not experienced joy? https://t.co/AjFkef0wfY","1","0.5420","medium","0.0","0.288965","0","","","","no_human"
"248","1775209957358522399","https://x.com/Wendys/status/1775209957358522399","New @Cinnabon Pull-Apart? It’s okay to have just a lil’ treat. 🥹","0","0.4958","low","0.0","0.431928","0","","","","no_human"
"249","1770483284897616104","https://x.com/Wendys/status/1770483284897616104","Let’s redecorate (paint all the walls and furniture the same color as the orange dreamsicle frosty) 🧡🍊🟠📙🏀🟧","1","0.5198","medium","0.11","0.494968","0","","","","no_human"
"250","1769903716776157419","https://x.com/Wendys/status/1769903716776157419","Congrats to Neese State! (Contractually obligated to drop the Mc) @McNeeseMBB","0","0.4872","low","0.0","0.457185","0","","","","no_human"
"251","1769882785836371981","https://x.com/Wendys/status/1769882785836371981","@tuasleftnut @MarchMadnessMBB @CBSSportsCBB @SickosCBB @SickosCommittee In that case https://t.co/OolCKBv0XX","0","0.3975","low","0.0","0.423532","0","","","","no_human"
"252","1769784989338464723","https://x.com/Wendys/status/1769784989338464723","fry put my hand up on fry hip. When fry dip you dip we dip","1","0.5826","medium","0.0","0.371237","0","","","","no_human"
"253","1767684773659418706","https://x.com/Wendys/status/1767684773659418706","everything’s fine https://t.co/38Ku9IouH6","0","0.3990","low","0.0","0.261037","0","","","","no_human"
"254","1767666525698207989","https://x.com/Wendys/status/1767666525698207989","The voices did not stop. They are louder now","1","0.5667","medium","0.0","0.458001","0","","","","no_human"
"255","1757905771189190791","https://x.com/Wendys/status/1757905771189190791","Struggling to keep the romance fresh? Let Wendy’s &amp; Josh help with perfect pairing package. https://t.co/BSFaYwVdlv","0","0.4826","low","0.0","0.373941","0","","","","no_human"
"256","1757549861858119986","https://x.com/Wendys/status/1757549861858119986","Critics are calling “Wendy and Josh Are Just Friends,” “Like Normal People, but much shorter and more burgers.” Grab a Baconator, pour a glass of @joshcellars, and cozy up with our Valentine’s Day read:   https://t.co/UPHQnPnp7k","0","0.4722","low","0.2","0.444641","0","","","","no_human"
"257","1757109191762747848","https://x.com/Wendys/status/1757109191762747848",". @joshcellars burgers are fun
red wine is posh
wanna pair up?
nvm blame it on the Josh https://t.co/i8bRaSup6s","1","0.5051","medium","0.11","0.356268","0","","","","no_human"
"258","1755700112045580732","https://x.com/Wendys/status/1755700112045580732","Thanks for a great AMA! @McDonalds  thank you for the paid support and letting us take over for the day. Talk soon!","0","0.4220","low","0.0","0.446045","0","","","","no_human"
"259","1755671017173774387","https://x.com/Wendys/status/1755671017173774387","Speaking of burglary, we’re taking this AMA. Ask us anything. https://t.co/w9JkcBUkg9 https://t.co/bJbwt5CfLx","0","0.4919","low","0.0","0.171587","0","","","","no_human"
"260","1752389070351675762","https://x.com/Wendys/status/1752389070351675762","Pookie looking absolutely fire https://t.co/zx9zjINi7m","0","0.3990","low","0.0","0.08009","0","","","","no_human"
"261","1750997136404029658","https://x.com/Wendys/status/1750997136404029658","https://t.co/A2e8OWmrfx","0","0.3990","low","0.0","0.08009","0","","","","no_human"
"262","1750522723510493356","https://x.com/Wendys/status/1750522723510493356","McDonald’s is releasing a Double Big Mac https://t.co/M8IhDWesyG","0","0.4497","low","0.0","0.300013","0","","","","no_human"
"263","1748061377682387211","https://x.com/Wendys/status/1748061377682387211","Finally got mine 🥰 https://t.co/Wbg0cebnYJ","0","0.4551","low","0.0","0.258644","0","","","","no_human"
"264","1747413044945117351","https://x.com/Wendys/status/1747413044945117351","RT @TeamTrackhouse: Order up! The House is getting 𝗕𝗶𝗴𝗴𝗶𝗲𝗿 in 2024.

🍔: https://t.co/ikk9c2Ivgu https://t.co/th9UsnrRTu","0","0.4171","low","0.0","0.350621","0","","","","no_human"
"265","1747408308141494598","https://x.com/Wendys/status/1747408308141494598","Order up! The House is getting 𝗕𝗶𝗴𝗴𝗶𝗲𝗿 in 2024.

🍔: https://t.co/ikk9c2Ivgu https://t.co/th9UsnrRTu","0","0.4527","low","0.0","0.295767","0","","","","no_human"
"266","1744381160086524197","https://x.com/Wendys/status/1744381160086524197","sometimes a vanilla frosty after 8 months is enough to stop the voices","0","0.4965","low","0.0","0.452991","0","","","","no_human"
"267","1724894653793833227","https://x.com/Wendys/status/1724894653793833227","On the 1st Wednesday of Nuggetmas my true love gave to me: FREE NUGGETS.
.
.
.
.

Get a free 6 pc Nuggs today with any purchase from our in-app offer.
Limited time only at participating U.S. Wendy’s. Account registration required.","0","0.4808","low","0.24","0.458683","0","","","","no_human"
"268","1724568790820687971","https://x.com/Wendys/status/1724568790820687971","https://t.co/2m6fIRFQvX","0","0.3990","low","0.0","0.08009","0","","","","no_human"
"269","1720890415690256753","https://x.com/Wendys/status/1720890415690256753","helping @LisaBarlow7 get her rings insured today just in case. #BravoCon https://t.co/aH8xmU9sGB","0","0.4237","low","0.0","0.310815","0","","","","no_human"
"270","1720855479293731083","https://x.com/Wendys/status/1720855479293731083","Attack this croissant am i right https://t.co/h3zS2Rfkhw","0","0.4648","low","0.0","0.330144","0","","","","no_human"
"271","1716894851499966760","https://x.com/Wendys/status/1716894851499966760","WHERE IS WENDY","1","0.5224","medium","0.0","0.467222","0","","","","no_human"
"272","1716838471950639260","https://x.com/Wendys/status/1716838471950639260","Red Velvet's Seulgi, Irene, Joy and Yeri in mood samplers for ‘Chill Kill.’ Wendy's has yet to be released. https://t.co/Kfda6DJhrJ","0","0.4800","low","0.11","0.287961","0","","","","no_human"
"273","1708923043551338818","https://x.com/Wendys/status/1708923043551338818","The Starting Lineup
Corner Three Days Grace 
Step Back Sunday","1","0.5308","medium","0.0","0.40964","0","","","","no_human"
"274","1708846678881513926","https://x.com/Wendys/status/1708846678881513926","“I’m emo” 

- Jimmy Butler 

(Via @ByTimReynolds ) https://t.co/IrL9Nqqvyv","0","0.3585","low","0.0","0.286249","0","","","","no_human"
"275","1705356808959787436","https://x.com/Wendys/status/1705356808959787436","Fun fact, these are doubloons. https://t.co/GjW2QACWt3","0","0.4948","low","0.16","0.323495","0","","","","no_human"
"276","1704183136916017577","https://x.com/Wendys/status/1704183136916017577","Gonna switch my religion on hinge to pumpkin spice frosty. see what kind of new clientele shakes out.","1","0.5200","medium","0.11","0.482452","0","","","","no_human"
"277","1703862493611802817","https://x.com/Wendys/status/1703862493611802817","Today is the day that is good and nothing bad happens. Yup, National Cheeseburger day. Celebrate with a 1 cent jbc with any purchase in the app.","0","0.4736","low","0.0","0.299989","0","","","","no_human"
"278","1699798695691395159","https://x.com/Wendys/status/1699798695691395159","https://t.co/OQOqI9VO8g","0","0.3990","low","0.0","0.08009","0","","","","no_human"
"279","1699796550636200229","https://x.com/Wendys/status/1699796550636200229","https://t.co/l4bH6S4RXz","0","0.3990","low","0.0","0.08009","0","","","","no_human"
"280","1699409208628650328","https://x.com/Wendys/status/1699409208628650328","Stop in for a weather appropriate pumpkin spice frosty starting 9/12! https://t.co/ZnEgpFDdsD","0","0.4530","low","0.0","0.285033","0","","","","no_human"
"281","1692596616299999573","https://x.com/Wendys/status/1692596616299999573","https://t.co/PZH0rWXOC4","0","0.3990","low","0.0","0.08009","0","","","","no_human"
"282","1692415477480411288","https://x.com/Wendys/status/1692415477480411288","@Wendys so when are you gonna release a Pumpkin Spice Frosty?!?! 🎃🍦","1","0.5062","medium","0.11","0.515676","0","","","","no_human"
"283","1684338270325424129","https://x.com/Wendys/status/1684338270325424129","My red flag is thinking she still thinks about me https://t.co/AYfjEK0Gve","1","0.5284","medium","0.0","0.08009","0","","","","no_human"
"284","1683273880004173824","https://x.com/Wendys/status/1683273880004173824","That’s his most expensive X yet 😮","1","0.5719","medium","0.0","0.40964","0","","","","no_human"
"285","1681758534982148097","https://x.com/Wendys/status/1681758534982148097","F*dge it. 27 minutes of food footage https://t.co/sgKlje7vmI","0","0.4897","low","0.0","0.318062","0","","","","no_human"
"286","1677057469187518465","https://x.com/Wendys/status/1677057469187518465","I AM SUING OUR THREADS ACCOUNT","0","0.4966","low","0.0","0.446407","0","","","","no_human"
"287","1674801534251552769","https://x.com/Wendys/status/1674801534251552769","Straw #Barbie Frosty? https://t.co/G92L2Fo8f8","0","0.4460","low","0.0","0.285033","0","","","","no_human"
"288","1673337925763776513","https://x.com/Wendys/status/1673337925763776513","And Baconate https://t.co/IUvcqDW4f4","0","0.4249","low","0.0","0.08009","0","","","","no_human"
"289","1673334051069997057","https://x.com/Wendys/status/1673334051069997057",".@Wendys Shake...","0","0.3882","low","0.0","0.467293","0","","","","no_human"
"290","1671254412919205888","https://x.com/Wendys/status/1671254412919205888","https://t.co/wyUBSllNxt","0","0.3990","low","0.0","0.08009","0","","","","no_human"
"291","1669414854078218240","https://x.com/Wendys/status/1669414854078218240","https://t.co/qPNHucr5nI","0","0.3990","low","0.0","0.08009","0","","","","no_human"
"292","1668661154325966852","https://x.com/Wendys/status/1668661154325966852","https://t.co/MbvA7eagxO","0","0.3990","low","0.0","0.08009","0","","","","no_human"
"293","1667183491551821832","https://x.com/Wendys/status/1667183491551821832","@TheDrum You know why Wendys hasnt posted a ChatGPT ad? They dont cut corners.","0","0.4697","low","0.0","0.485733","0","","","","no_human"
"294","1664302314826416129","https://x.com/Wendys/status/1664302314826416129","Bet. Starting 6/5 everyone can get a free small Frosty in the Wendy’s app.","1","0.5180","medium","0.0","0.317584","0","","","","no_human"
"295","1663376242433720321","https://x.com/Wendys/status/1663376242433720321","guess this means they went with our script 💅🔥⛏️ @nuggets @miamiHEAT @NBA #HeatNuggets https://t.co/mcdvyAyQQL","0","0.3814","low","0.11","0.418969","0","","","","no_human"
"296","1662099102618857473","https://x.com/Wendys/status/1662099102618857473","https://t.co/Hf7jv9iDRg","0","0.3990","low","0.0","0.08009","0","","","","no_human"
"297","1662098257575649282","https://x.com/Wendys/status/1662098257575649282","Pretty fair trade in our opinion. 

Starting today through 6/1 you can celebrate National Hamburger Day with a 1¢ Junior Bacon Cheeseburger with any purchase in the Wendy’s app. One use per person.","0","0.4700","low","0.0","0.375454","0","","","","no_human"
"298","1661089747027017748","https://x.com/Wendys/status/1661089747027017748","Thank you to everyone who participated in our little breakfast experimeat. If you missed it, we hope you can figure yourself out and grab some $3 Breakfast.","1","0.5816","medium","0.0","0.425328","0","","","","no_human"
"299","1661013813658009603","https://x.com/Wendys/status/1661013813658009603","Are you a bacon person or a sausage person? @ us and we’ll tell you exactly what you are based on your profile. Which is probably really unique.","1","0.5794","medium","0.32","0.518889","0","","","","no_human"
"300","1659651535268093953","https://x.com/Wendys/status/1659651535268093953",".@NoahGragson, 🏎️ Official Wendy’s Nascar Driver 🏎️, is a top 5 finalist for the All Star race. Help our boy out and cast your vote: https://t.co/9i6qrWSous https://t.co/HogmdO0xdM","0","0.4278","low","0.0","0.210183","0","","","","no_human"
"301","1658178790713876486","https://x.com/Wendys/status/1658178790713876486","A Frosty is a sweet treat. It is a drink. It is a sauce. It is fearless. It’s Frosty and it’s the new look for summer 🍓","1","0.5091","medium","0.0","0.450751","0","","","","no_human"
"302","1656345646134353921","https://x.com/Wendys/status/1656345646134353921","babe wake up, Wendy is on Cameo @BookCameo https://t.co/rDXL28jvYH","0","0.4272","low","0.11","0.367824","0","","","","no_human"
"303","1655950878724202499","https://x.com/Wendys/status/1655950878724202499","Starting tomorrow, we’ll be fulfilling a handful of requests for anyone that needs a message from the one and only me. While you’re waiting, go ahead and grab a free fry when you get a Strawberry Frosty in the app https://t.co/7aEzQi8dIK https://t.co/RqhVNDehES","1","0.5007","medium","0.0","0.223715","0","","","","no_human"
"304","1654524291231129600","https://x.com/Wendys/status/1654524291231129600","https://t.co/PBcoTxw1zV","0","0.3990","low","0.0","0.08009","0","","","","no_human"
"305","1654284843490988033","https://x.com/Wendys/status/1654284843490988033","RT @Spitalfield98: Dearest @Wendys — if you help promote our Remember Right Now 20 Year Anniversary Tour with a RT, we will send *you* free…","0","0.4975","low","0.2","0.506064","0","","","","no_human"
"306","1654276971214299136","https://x.com/Wendys/status/1654276971214299136","Dearest @Wendys — if you help promote our Remember Right Now 20 Year Anniversary Tour with a RT, we will send *you* free food for a month! [wsg on select dates: @RookieOfTheYear + @ValenciaShane + @heybobnanna] 🖤🖤🖤 TICKETS: https://t.co/5bxGHadYA7 https://t.co/JspQNpNNjr","0","0.4481","low","0.2","0.454307","0","","","","no_human"
"307","1653824235846901769","https://x.com/Wendys/status/1653824235846901769","How are you doing? https://t.co/X1mGkQwZsh","1","0.5191","medium","0.0","0.297138","0","","","","no_human"
"308","1651965168270671872","https://x.com/Wendys/status/1651965168270671872","https://t.co/dyZwO11Voc","0","0.3990","low","0.0","0.08009","0","","","","no_human"
"309","1650890952855150592","https://x.com/Wendys/status/1650890952855150592","those are my posts thanks","1","0.5245","medium","0.0","0.40964","0","","","","no_human"
"310","1650820225728741378","https://x.com/Wendys/status/1650820225728741378","Hey @Wendys..... what's happening on your fb","0","0.4907","low","0.0","0.421056","0","","","","no_human"
"311","1648417729508958215","https://x.com/Wendys/status/1648417729508958215","Where’s the beef?","1","0.5113","medium","0.0","0.40964","0","","","","no_human"
"312","1648372138863214613","https://x.com/Wendys/status/1648372138863214613","This is where the yellow boxes are 🟨","0","0.4990","low","0.0","0.40964","0","","","","no_human"
"313","1648334094319882240","https://x.com/Wendys/status/1648334094319882240","McDonald's announced they're changing their burgers.  
Big Macs &amp; other burgers are getting softer buns, meltier cheese, tastier onions, and Big Macs are getting more Big Mac sauce. 

The changes are rolling out slowly. What do you think of this? https://t.co/7NvFsRco8w","1","0.5278","medium","0.0","0.392535","0","","","","no_human"
"314","1646139417172783117","https://x.com/Wendys/status/1646139417172783117","Play the full clip 😉","1","0.5290","medium","0.0","0.40964","0","","","","no_human"
"315","1646136173037772800","https://x.com/Wendys/status/1646136173037772800","*clears throat* It’s #NationalRoastDay on TikTok https://t.co/YhNuzeZpuP","1","0.5270","medium","0.5","0.613548","0","","","","no_human"
"316","1646128960802111489","https://x.com/Wendys/status/1646128960802111489","thanks for the roast @Wendys https://t.co/CCFo2CXouL","0","0.3863","low","0.5","0.579245","0","","","","no_human"
"317","1644140500218179585","https://x.com/Wendys/status/1644140500218179585","I’m a burger girl, in a burger world https://t.co/E5UsSIHwBE","1","0.5169","medium","0.0","0.310117","0","","","","no_human"
"318","1644025053384679530","https://x.com/Wendys/status/1644025053384679530","Bacon or sausage croissant for $3 Breakfast Deal. Vote and make your case.","0","0.4999","low","0.0","0.275193","0","","","","no_human"
"319","1641560467918270465","https://x.com/Wendys/status/1641560467918270465","Your hour starts now!

From now until 7 PM EDT get up to ❗️$30 off❗️ when you add a Biggie Bag to your Wendy's DoorDash order. DON'T FORGET: make sure your cart has at least a $12 subtotal before you apply the code. 

Promo code BIGGIE","1","0.5505","medium","0.0","0.477499","0","","","","no_human"
"320","1641209202222723073","https://x.com/Wendys/status/1641209202222723073","This Thurs, 3/30 &amp; Fri, 3/31 from 6 – 7 PM EDT
 get ❗$30 off❗ when you add a Biggie Bag to your Wendy’s DoorDash order of $12 or more.

Promo code BIGGIE https://t.co/SUGr1eMNMl","0","0.4745","low","0.0","0.425157","0","","","","no_human"
"321","1633912561732145156","https://x.com/Wendys/status/1633912561732145156","say hi before you keep scrolling pls","1","0.5694","medium","0.0","0.423786","0","","","","no_human"
"322","1626647347584286720","https://x.com/Wendys/status/1626647347584286720","That’s the perfect place for people that don’t like beef tbh","1","0.5138","medium","0.11","0.523413","0","","","","no_human"
"323","1625171742267256839","https://x.com/Wendys/status/1625171742267256839","Just kidding, found it. #Daytona500 #NASCAR","1","0.5906","medium","0.0","0.397171","0","","","","no_human"
"324","1625171069064839168","https://x.com/Wendys/status/1625171069064839168",".@Wendys https://t.co/BJXFKYHQZo","0","0.3585","low","0.0","0.286249","0","","","","no_human"
"325","1625165317189009409","https://x.com/Wendys/status/1625165317189009409","Where's the beef?","1","0.5113","medium","0.0","0.40964","0","","","","no_human"
"326","1623778043176124416","https://x.com/Wendys/status/1623778043176124416","I want some","0","0.4923","low","0.0","0.436757","0","","","","no_human"
"327","1623714551152648193","https://x.com/Wendys/status/1623714551152648193","They tried saying you couldn’t pay with these so I invited them to the superkick party. #TheELITE https://t.co/pL44p9dgHx","1","0.5148","medium","0.0","0.277366","0","","","","no_human"
"328","1623545691305046016","https://x.com/Wendys/status/1623545691305046016","A successful Trios Title defense means one thing.. an ELITE @Wendys feast. https://t.co/aA03WhTYrA","0","0.4536","low","0.0","0.325824","0","","","","no_human"
"329","1620815679707582465","https://x.com/Wendys/status/1620815679707582465","https://t.co/GIrRuNlcDy","0","0.3990","low","0.0","0.08009","0","","","","no_human"
"330","1620468613915504645","https://x.com/Wendys/status/1620468613915504645","Put out garlic fries and didn’t even think about how it would make the vampires feel. My bad, y’all. That one’s on me.","1","0.5817","medium","0.0","0.446541","0","","","","no_human"
"331","1619013166251544577","https://x.com/Wendys/status/1619013166251544577","🧐 https://t.co/zfKntViVIe","0","0.3990","low","0.0","0.08009","0","","","","no_human"
"332","1618685219955171328","https://x.com/Wendys/status/1618685219955171328","I'm back. https://t.co/uY7P5KEC18","0","0.4644","low","0.0","0.08009","0","","","","no_human"
"333","1616553921287278617","https://x.com/Wendys/status/1616553921287278617","“Death is simply another stage of life.” - Grand Elder Guru https://t.co/JfUz7Ilh69","0","0.4402","low","0.0","0.282071","0","","","","no_human"
"334","1616469866348683264","https://x.com/Wendys/status/1616469866348683264","RT @TheJoker621: My coworker got me breakfast 😎
@Wendys https://t.co/DOT0WiIr0z","0","0.4345","low","0.0","0.379308","0","","","","no_human"
"335","1616440426835369984","https://x.com/Wendys/status/1616440426835369984","My coworker got me breakfast 😎
@Wendys https://t.co/DOT0WiIr0z","0","0.4553","low","0.0","0.328841","0","","","","no_human"
"336","1616147413210628117","https://x.com/Wendys/status/1616147413210628117","TGIF","1","0.5163","medium","0.0","0.40964","0","","","","no_human"
"337","1615817267605901313","https://x.com/Wendys/status/1615817267605901313","It souled out. https://t.co/M7gRH2Tfmv","1","0.5245","medium","0.0","0.08009","0","","","","no_human"
"338","1606445952969150464","https://x.com/Wendys/status/1606445952969150464","Anyone seen this yet?","0","0.4748","low","0.0","0.40964","0","","","","no_human"
"339","1605335737368342528","https://x.com/Wendys/status/1605335737368342528","Want to know the secret behind my voice? Warming up with @wendys Holiday Peppermint Frosty. It is literally INSANE, so good guys. Go out and get one and let me know how much you love it #ad https://t.co/BFFtbYe5ln","0","0.4752","low","0.221","0.537067","0","","","","no_human"
"340","1605240519017525248","https://x.com/Wendys/status/1605240519017525248","#NewProfilePic","1","0.5163","medium","0.0","0.40964","0","","","","no_human"
"341","1604921931530207236","https://x.com/Wendys/status/1604921931530207236","RT @youngbucks: Dave’s Double, No Cheese.","1","0.5161","medium","0.0","0.419805","0","","","","no_human"
"342","1604919683584401410","https://x.com/Wendys/status/1604919683584401410","Dave’s Double, No Cheese.","1","0.5940","medium","0.0","0.380366","0","","","","no_human"
"343","1604918638804598784","https://x.com/Wendys/status/1604918638804598784","@youngbucks @AEW @BranCutler @Minimates @KennyOmegamanX @IsiahKassidy @GarciaWrestling @PAvalon 👀👀👀👀👀👀 https://t.co/TU917wcGV2","0","0.3582","low","0.11","0.472632","0","","","","no_human"
"344","1604865566057144320","https://x.com/Wendys/status/1604865566057144320","Since the job seems open, should I step up as the head of Twitter? I will abide by this poll.","1","0.5122","medium","0.0","0.372766","0","","","","no_human"
"345","1602425619618332673","https://x.com/Wendys/status/1602425619618332673","Love it when a USC Trojan gets what’s rightfully theirs. cc:@ReggieBush https://t.co/rrT0EuFiyt","1","0.5187","medium","0.0","0.345283","0","","","","no_human"
"346","1599873034529042432","https://x.com/Wendys/status/1599873034529042432","https://t.co/kP4yInqjEm","0","0.3990","low","0.0","0.08009","0","","","","no_human"
"347","1598740786518134805","https://x.com/Wendys/status/1598740786518134805","Jim, your wife said she wants a Baconator.","1","0.5312","medium","0.0","0.389813","0","","","","no_human"
"348","1598721162506215424","https://x.com/Wendys/status/1598721162506215424","https://t.co/pENxCGoER5","0","0.3990","low","0.0","0.08009","0","","","","no_human"
"349","1598469601288982528","https://x.com/Wendys/status/1598469601288982528","Jim Cramer says he likes these 3 best-of-breed restaurant stocks https://t.co/wTyUzClLrx","0","0.4352","low","0.0","0.313389","0","","","","no_human"
"350","1596245866121416704","https://x.com/Wendys/status/1596245866121416704","No one lost. THEREFORE EVERYONE WINS. Free fries with purchase in the Wendy’s app. https://t.co/Wf19A9jLy2","0","0.4684","low","0.0","0.224983","0","","","","no_human"
"351","1596229186192302080","https://x.com/Wendys/status/1596229186192302080","Right proper match, innit? @wendysuk","0","0.4472","low","0.0","0.483021","0","","","","no_human"
"352","1596217383001108480","https://x.com/Wendys/status/1596217383001108480","USA! USA! USA! Let’s get these fries","1","0.5402","medium","0.0","0.428174","0","","","","no_human"
"353","1595102167110922241","https://x.com/Wendys/status/1595102167110922241","Hey @wendysuk USA vs England this Friday. Let’s put all the chips on the table. If we win, FREE fries with purchase in the Wendy’s app for the entire USA. #USA #USMNT https://t.co/KzrgjlE8I0","0","0.4502","low","0.0","0.293743","0","","","","no_human"
"354","1592632537486340097","https://x.com/Wendys/status/1592632537486340097","Hey this new one is Peppermint https://t.co/uKFvPSP35a","0","0.4329","low","0.0","0.286088","0","","","","no_human"
"355","1586797319466295296","https://x.com/Wendys/status/1586797319466295296","But for real. Get some free nuggets.","0","0.4804","low","0.0","0.407017","0","","","","no_human"
"356","1586734670754058243","https://x.com/Wendys/status/1586734670754058243","One devil of a deal! 
Get a free 10-piece Nuggs with any purchase of $12 or more by using code “NUGGME” in the @DoorDash app https://t.co/7LGG1Ae7yg","0","0.3810","low","0.0","0.229537","0","","","","no_human"
"357","1586372289758576640","https://x.com/Wendys/status/1586372289758576640","Ready for something TASTY!?  
Get a free 10-piece Nuggs with any purchase of $12 or more by using code “NUGGME” in the @DoorDash app https://t.co/1VWzHro1vy","0","0.3782","low","0.0","0.229537","0","","","","no_human"
"358","1586062805207244803","https://x.com/Wendys/status/1586062805207244803","Scientists at DeVry University have reconstructed this 3D model of how the Temple of Artemis at Ephesus, one of the seven ancient wonders of the world, might have looked. https://t.co/Eg3TttCRPR","1","0.5069","medium","0.0","0.310117","0","","","","no_human"
"359","1585376361237340160","https://x.com/Wendys/status/1585376361237340160","Secure the city. Secure the bag. Come hang while we stream Gotham Knights. 🦇 https://t.co/ppA1jjEaki","0","0.4901","low","0.0","0.281738","0","","","","no_human"
"360","1582484431620567040","https://x.com/Wendys/status/1582484431620567040","You afraid of ghosts? Come hang while we stream Ghostbusters! Thanks. 👻https://t.co/P0GZ7DZXWO","0","0.4721","low","0.0","0.281738","0","","","","no_human"
"361","1581745509441556482","https://x.com/Wendys/status/1581745509441556482","https://t.co/W8EugGOUMD","0","0.3990","low","0.0","0.08009","0","","","","no_human"
"362","1581683892016205825","https://x.com/Wendys/status/1581683892016205825","Bravoholics enjoying @Wendys French Toast Sticks for brunch at Bravopalooza? As Wendy's partner @LisaBarlow7 would say... we love that. #ad #BravoCon https://t.co/AjP2o8PAYT","1","0.5304","medium","0.0","0.451956","0","","","","no_human"
"363","1581414595939700736","https://x.com/Wendys/status/1581414595939700736","we love that","1","0.6149","medium","0.0","0.452527","0","","","","no_human"
"364","1581410264339009536","https://x.com/Wendys/status/1581410264339009536","I had about 6 French Toast Sticks and I’d do it again. BGs, start your day with @wendys new #FrenchToastSticks #BravoCon #ad https://t.co/jXUuOFStao","0","0.4729","low","0.0","0.403359","0","","","","no_human"
"365","1580645245423071233","https://x.com/Wendys/status/1580645245423071233","@pandoramusic","0","0.3882","low","0.0","0.467293","0","","","","no_human"
"366","1580580422408622081","https://x.com/Wendys/status/1580580422408622081","Who’s a TRUE Reggaeton OG? No need to guess, he is here at #PandoraLIVE El Pulso! Join us by RSVP at https://t.co/bcSKvW6MqW for the show at 8:50pm ET tonight at https://t.co/0qvXb4uABp @pandora","0","0.4862","low","0.0","0.309925","0","","","","no_human"
"367","1578434005996695553","https://x.com/Wendys/status/1578434005996695553","Purple and covered in nerds, just like @Twitch #TwitchCon2022 https://t.co/xZYQpzthC6","0","0.4286","low","0.0","0.361097","0","","","","no_human"
"368","1577345554614566913","https://x.com/Wendys/status/1577345554614566913","Got tired of chasing trends. Please have a cheeseburger for lunch","0","0.4940","low","0.0","0.403402","0","","","","no_human"
"369","1577337977071706113","https://x.com/Wendys/status/1577337977071706113","Low vibration angel numbers astrology overwatch 2 house of the dragon sir this is a wendy’s Mario movie spooky season breath of the wild 2 soup-core Minecraft streaming Fortnite anime vibes aesthetic gen z Elden ring corn","0","0.4291","low","0.524","0.717403","0","","","","no_human"
"370","1574773606520848384","https://x.com/Wendys/status/1574773606520848384","*Dolphin noises* https://t.co/AWi27iAoSa","0","0.3990","low","0.0","0.08009","0","","","","no_human"
"371","1574473925165449216","https://x.com/Wendys/status/1574473925165449216","Sci-fi is when you have this Wendy; fantasy is when you have that Wendy https://t.co/NwLaLK2Cs3","1","0.5839","medium","0.0","0.350409","0","","","","no_human"
"372","1573323893967822851","https://x.com/Wendys/status/1573323893967822851","He was just excited. https://t.co/BpyGBb6pIS","0","0.3990","low","0.0","0.242508","0","","","","no_human"
"373","1572656302614085632","https://x.com/Wendys/status/1572656302614085632","Walking outside after they say the ice cream machine’s broke https://t.co/fEK83Gk9rr","1","0.5294","medium","0.0","0.28363","0","","","","no_human"
"374","1570426440428187650","https://x.com/Wendys/status/1570426440428187650","You shouldn’t have said anything … https://t.co/iRUrFOCaNs","1","0.5484","medium","0.0","0.322884","0","","","","no_human"
"375","1570174502453084160","https://x.com/Wendys/status/1570174502453084160","https://t.co/mZzgtv9uEi","0","0.3990","low","0.0","0.08009","0","","","","no_human"
"376","1569796617984741378","https://x.com/Wendys/status/1569796617984741378","We’re back on Twitch playing Cooking Mama to see if our new French Toast Sticks live up to mama’s standards. Come find out https://t.co/P0GZ7DIn5g https://t.co/p9o9SwgxUc","0","0.4822","low","0.0","0.32539","0","","","","no_human"
"377","1567614811046920193","https://x.com/Wendys/status/1567614811046920193","Aw geez, the Rick and Morty merch is limited edition?? Better order a Rick and Morty combo through the @ubereats app to win some before it’s gone.","0","0.4500","low","0.0","0.426577","0","","","","no_human"
"378","1565438020790243329","https://x.com/Wendys/status/1565438020790243329","burgers","1","0.5475","medium","0.0","0.40964","0","","","","no_human"
"379","1562870837283135495","https://x.com/Wendys/status/1562870837283135495","She's still his favorite mom. https://t.co/8Ip4FPIdwI","0","0.4918","low","0.0","0.08009","0","","","","no_human"
"380","1562500966313627649","https://x.com/Wendys/status/1562500966313627649","It’s always true crime this true crime that, but the real true crime is that there’s no gallon sized cup with a curly straw for strawberry lemonade 😩","1","0.5587","medium","0.0","0.454444","0","","","","no_human"
"381","1560446512961830912","https://x.com/Wendys/status/1560446512961830912","Me tomorrow morning https://t.co/tbRMnHer3z","0","0.4677","low","0.0","0.298297","0","","","","no_human"
"382","1560334081308647425","https://x.com/Wendys/status/1560334081308647425","Q: What’s going on in Wendy’s?
A: New French Toast Sticks https://t.co/3i6O1Lnhwi","1","0.5170","medium","0.62","0.655444","0","","","","no_human"
"383","1559912735525183488","https://x.com/Wendys/status/1559912735525183488","Are you telling me the French Toasted this stick?","1","0.5669","medium","0.0","0.445765","0","","","","no_human"
"384","1559639856925626369","https://x.com/Wendys/status/1559639856925626369","Whoa, chill. No one said anything about compliments. Just trying to tell you we have new French Toast Sticks. Are you guys new here? https://t.co/EEXGiyMieO","1","0.5766","medium","0.0","0.406912","0","","","","no_human"
"385","1559627059491704832","https://x.com/Wendys/status/1559627059491704832","You know what rhymes with Roast? 
Toast. Let’s do a whole Toast Day thing. Might be fun.","1","0.5352","medium","0.5","0.676047","0","","","","no_human"
"386","1555554802075156480","https://x.com/Wendys/status/1555554802075156480","Congrats to the happy duo! and to @ChaosYT__ on free fries for a year! When you #ChooseHotAndCrispy every hour is golden ✨ https://t.co/wUpxKoP0AF","1","0.5017","medium","0.0","0.288618","0","","","","no_human"
"387","1555198547494051842","https://x.com/Wendys/status/1555198547494051842","@facelessfreebie Whoops! My b, bestie. Messed up your handle. Hope that proposal still stands.","1","0.5205","medium","0.491","0.639143","0","","","","no_human"
"388","1555192002639175681","https://x.com/Wendys/status/1555192002639175681","@MichaelaBarger7 we only have fries for you (and millions of others) #ChooseHotAndCrispy https://t.co/g2AUqoXZYG","1","0.5027","medium","0.0","0.302634","0","","","","no_human"
"389","1555191997006286852","https://x.com/Wendys/status/1555191997006286852","@FaceleeFreebie I do… not plan on wearing chains #ChooseHotAndCrispy https://t.co/X0Byoml3pt","0","0.4655","low","0.0","0.25362","0","","","","no_human"
"390","1555191981285974016","https://x.com/Wendys/status/1555191981285974016","@HustleBunnee can we get an amen up in here? #ChooseHotAndCrispy https://t.co/mtlz7F1bty","1","0.5147","medium","0.0","0.25362","0","","","","no_human"
"391","1555191976110301185","https://x.com/Wendys/status/1555191976110301185","@spdustin render us like one of your french fries #ChooseHotAndCrispy https://t.co/T2WC1EKnZD","1","0.5050","medium","0.0","0.407872","0","","","","no_human"
"392","1555191970682867712","https://x.com/Wendys/status/1555191970682867712","@ChaosYT_ call us mrs. steal ur anime boi, @BurgerKing  #ChooseHotAndCrispy https://t.co/uEfjlwXbV2","0","0.4149","low","0.11","0.391924","0","","","","no_human"
"393","1555191966182301697","https://x.com/Wendys/status/1555191966182301697","@Haley23096395 finally, someone without condiment issues #ChooseHotAndCrispy https://t.co/XBOBxYrPsn","0","0.3490","very_low","0.0","0.25362","0","","","","no_human"
"394","1555191949707169794","https://x.com/Wendys/status/1555191949707169794","Y’all sure know how to make a personified brand feel special 😊 Vote on the Top 8 fry proposals below! You have 24hrs, most likes wins free Hot &amp; Crispy for a year #ChooseHotAndCrispy","1","0.5490","medium","0.67","0.661366","0","","","","no_human"
"395","1554830029871230979","https://x.com/Wendys/status/1554830029871230979","If you love us so much, put a 💍 on it baybeee 

Tweet us your fry proposal with #ChooseHotAndCrispy for a chance at FREE FRIES for one year. https://t.co/roTbEnTrOY","1","0.5266","medium","0.0","0.31007","0","","","","no_human"
"396","1552389305695453184","https://x.com/Wendys/status/1552389305695453184","It’s always BeReal this and BeReal that when it would BeReal nice if you called your mother","1","0.5759","medium","0.0","0.269325","0","","","","no_human"
"397","1551575748741324801","https://x.com/Wendys/status/1551575748741324801","Free medium fry with any Frosty. Name a better duo, we’ll wait.","0","0.4964","low","0.0","0.373586","0","","","","no_human"
"398","1550536004293074949","https://x.com/Wendys/status/1550536004293074949","RT @sad_dad_time: babe wake up wendy’s is talking to emo bands again","0","0.4794","low","0.11","0.503306","0","","","","no_human"
"399","1550527908137025536","https://x.com/Wendys/status/1550527908137025536","babe wake up wendy’s is talking to emo bands again","1","0.5249","medium","0.11","0.505722","0","","","","no_human"
"400","1550150187624046592","https://x.com/Wendys/status/1550150187624046592","Get your fill of Strawberry Frosty before it’s poly-gone...sorry. Also, Frosty Mountain Village is live on Horizon Worlds. https://t.co/EKBDCviiEn https://t.co/GEYnCiT2KA","0","0.4775","low","0.0","0.323439","0","","","","no_human"
"401","1549785096974209024","https://x.com/Wendys/status/1549785096974209024","https://t.co/iTACbFhf5B","0","0.3990","low","0.0","0.08009","0","","","","no_human"
"402","1549774834535645196","https://x.com/Wendys/status/1549774834535645196","https://t.co/hFkP7ZtIMm","0","0.3990","low","0.0","0.08009","0","","","","no_human"
"403","1549092266341449728","https://x.com/Wendys/status/1549092266341449728","Our dreams are fry in the sky. Dip your skis in Frosty Mountain Village, now live in Horizon Worlds. https://t.co/EKBDCviiEn https://t.co/N0h8SaQ63q","0","0.4696","low","0.0","0.239034","0","","","","no_human"
"404","1549035671314366464","https://x.com/Wendys/status/1549035671314366464","RT @AltPress: what if we…. kissed outside the emo wendys? @Wendys https://t.co/8Mwko14vwZ","0","0.4600","low","0.0","0.39197","0","","","","no_human"
"405","1548667210620600321","https://x.com/Wendys/status/1548667210620600321","what if we…. kissed outside the emo wendys? @Wendys https://t.co/8Mwko14vwZ","0","0.4840","low","0.0","0.340452","0","","","","no_human"
"406","1546922193661181953","https://x.com/Wendys/status/1546922193661181953","When i text you “🗣” know that sir this is a Wendy’s","0","0.4654","low","0.0","0.488854","0","","","","no_human"
"407","1546869599492243457","https://x.com/Wendys/status/1546869599492243457","If your egg wants to go jellyfishing, you picked the wrong breakfast. https://t.co/FZHhrnjNIh","1","0.5388","medium","0.0","0.268157","0","","","","no_human"
"408","1545154011778748419","https://x.com/Wendys/status/1545154011778748419","sneak a Frosty in your purse https://t.co/piZUzsFJBo","0","0.4490","low","0.0","0.285033","0","","","","no_human"
"409","1541483384542842883","https://x.com/Wendys/status/1541483384542842883","They’re a 10 but they say they’re lovin’ it 🧐","1","0.5717","medium","0.0","0.396857","0","","","","no_human"
"410","1537805600758824961","https://x.com/Wendys/status/1537805600758824961","When the sky’s the limit, conquer the sky. Check out our first VR Platformer! Sunrise City is live in Horizon Worlds. https://t.co/EVZxSU2FvT https://t.co/iF25TTXgCt","0","0.4599","low","0.0","0.260346","0","","","","no_human"
"411","1537586561033744384","https://x.com/Wendys/status/1537586561033744384","https://t.co/6YIJpwJgV2","0","0.3990","low","0.0","0.08009","0","","","","no_human"
"412","1537503288240881665","https://x.com/Wendys/status/1537503288240881665","IT’S STRAWBERRY FROSTY TIME. https://t.co/86ir3U0trr","1","0.5076","medium","0.0","0.370351","0","","","","no_human"
"413","1537078641905090561","https://x.com/Wendys/status/1537078641905090561","New world just dropped on Horizon Worlds. Get a free breakfast sandwich with any purchase and hop into Sunrise City. https://t.co/EVZxSU2FvT","0","0.4371","low","0.0","0.283489","0","","","","no_human"
"414","1536788752739205121","https://x.com/Wendys/status/1536788752739205121","This is the first Strawberry Frosty Moon in 4.53 billion years! This won’t happen again until the heat death of the universe 🤯🤯🤯 @NASA @neiltyson","0","0.4391","low","0.6","0.697341","0","","","","no_human"
"415","1535310096577732608","https://x.com/Wendys/status/1535310096577732608","Who’s had the Strawberry Frosty?","1","0.5105","medium","0.0","0.428241","0","","","","no_human"
"416","1534544184438403072","https://x.com/Wendys/status/1534544184438403072","Get a salad. Get FREE fries with FRY PASS. That’s the tweet.","1","0.5385","medium","0.0","0.336402","0","","","","no_human"
"417","1533917869230243847","https://x.com/Wendys/status/1533917869230243847","Hey. https://t.co/fW8RyRzuxb","0","0.4865","low","0.0","0.247001","0","","","","no_human"
"418","1522284287239897092","https://x.com/Wendys/status/1522284287239897092","Shout out to all the zero like ratio tweets out there just existing, living the life they want instead of the one they were told to.","1","0.5551","medium","0.819","0.737862","0","","","","no_human"
"419","1518681018466721792","https://x.com/Wendys/status/1518681018466721792",".@elonmusk let me tweet from space pls","1","0.5004","medium","0.0","0.436209","0","","","","no_human"
"420","1517169828590764036","https://x.com/Wendys/status/1517169828590764036","You ever finish your burg but then you miss it so much you eat the melted cheese stuck to the wrapper.","1","0.5557","medium","0.0","0.451995","0","","","","no_human"
"421","1514667895497887748","https://x.com/Wendys/status/1514667895497887748","Dropped a Spicy Nugget under the front seat one time, but it’s gone now. Not because someone (not me) got out of the car and got down there and found it and ate it…because that definitely didn’t totally happen.","1","0.5484","medium","0.0","0.444513","0","","","","no_human"
"422","1513983410930335753","https://x.com/Wendys/status/1513983410930335753","Well, no one else was using the drive thru. 🤷‍♀️","1","0.5415","medium","0.11","0.44814","0","","","","no_human"
"423","1511766482291765248","https://x.com/Wendys/status/1511766482291765248","When they say “let’s split some nuggs” but they actually mean “do you wanna speed eat in silence as we each try to get the most”.","1","0.6091","medium","0.11","0.481369","0","","","","no_human"
"424","1511410018083647489","https://x.com/Wendys/status/1511410018083647489","That tomatonator is sounding good for lunch","1","0.5224","medium","0.0","0.404711","0","","","","no_human"
"425","1511409448329351168","https://x.com/Wendys/status/1511409448329351168","Yo, shout-out to @Wendys for giving me the best tomato I’ve ever seen. https://t.co/FRLApQsEBJ","0","0.4619","low","0.0","0.347696","0","","","","no_human"
"426","1511377350830788610","https://x.com/Wendys/status/1511377350830788610","When you're eating a Baconator and Shania comes on https://t.co/SwZAYNci7v","1","0.5392","medium","0.0","0.287456","0","","","","no_human"
"427","1511054225303814146","https://x.com/Wendys/status/1511054225303814146","What if we kissed on the roof of the VR Wendy’s? 😳","1","0.5414","medium","0.0","0.467222","0","","","","no_human"
"428","1511006859171352584","https://x.com/Wendys/status/1511006859171352584","RT @TwitterMktg: Oh it’s on! @Wendys and @Skittles faced fierce competition, but now it’s time to decide once and for all who the best bran…","0","0.4553","low","0.0","0.469337","0","","","","no_human"
"429","1510996113079296010","https://x.com/Wendys/status/1510996113079296010","Oh it’s on! @Wendys and @Skittles faced fierce competition, but now it’s time to decide once and for all who the best brand on Twitter is. And it’s all up to you.

Who should win #BestOfTweets Brand Bracket ‘22?

🍟 @Wendys
VS
🌈 @Skittles

Vote now!","0","0.4714","low","0.0","0.396547","0","","","","no_human"
"430","1510659635933548556","https://x.com/Wendys/status/1510659635933548556","RT @Wendys: Who do you have to WIN. IT. ALL?!  8. North Carolina or 1. Kansas?

Tweet your CHAMP and we’ll @ you with how you did plus send…","1","0.5606","medium","0.56","0.634237","0","","","","no_human"
"431","1510656447528542212","https://x.com/Wendys/status/1510656447528542212","Who do you have to WIN. IT. ALL?!  8. North Carolina or 1. Kansas?

Tweet your CHAMP and we’ll @ you with how you did plus send a Wendy’s offer just for you. 

Choose Wisely #ForTheWendys","1","0.5772","medium","0.0","0.423919","0","","","","no_human"
"432","1510643384419037186","https://x.com/Wendys/status/1510643384419037186","STIUCSIB KCAB ERA STIUCSIB KCUB","1","0.5163","medium","0.908","0.72744","0","","","","no_human"
"433","1509595960548204557","https://x.com/Wendys/status/1509595960548204557","RT @TwitterMktg: The  #BestOfTweets Brand Bracket Semifinals are here.

In this round, Conversation Starters and Iconic Mascots collide. Bu…","0","0.4750","low","0.26","0.538855","0","","","","no_human"
"434","1509591862335655943","https://x.com/Wendys/status/1509591862335655943","The  #BestOfTweets Brand Bracket Semifinals are here.

In this round, Conversation Starters and Iconic Mascots collide. But you pick who will advance to the finals. 

✈️ @Delta’s travel tips
VS
🍟 @Wendys infamous spice

Vote now!","0","0.4889","low","0.26","0.407963","0","","","","no_human"
"435","1509185783776878598","https://x.com/Wendys/status/1509185783776878598","Ready Player Bun https://t.co/0F6ynAtppa","0","0.3990","low","0.0","0.08009","0","","","","no_human"
"436","1508870042414424071","https://x.com/Wendys/status/1508870042414424071","RT @TwitterMktg: Quarterfinals of the #BestOfTweets Brand Bracket is a matter of taste.

Whose Tweets satisfy your appetite? 

🍉 @SourPatch…","0","0.4238","low","0.0","0.47047","0","","","","no_human"
"437","1508851162983723016","https://x.com/Wendys/status/1508851162983723016","Quarterfinals of the #BestOfTweets Brand Bracket is a matter of taste.

Whose Tweets satisfy your appetite? 

🍉 @SourPatchKids’ sweet mischief
VS
🍟 @Wendys infamous spice

Vote now!","0","0.4532","low","0.0","0.359218","0","","","","no_human"
"438","1508469601495138308","https://x.com/Wendys/status/1508469601495138308","https://t.co/14lbopsZSJ","0","0.3990","low","0.0","0.08009","0","","","","no_human"
"439","1507071241999560707","https://x.com/Wendys/status/1507071241999560707","After reviewing the play, we see a good clean block.","1","0.5651","medium","0.0","0.404711","0","","","","no_human"
"440","1507061922922999808","https://x.com/Wendys/status/1507061922922999808","Pumped to be back @Wendys for March Madness this year! Also...anyone else think this is goaltending by Tyler? Just me? #ad https://t.co/fO1g4tJBcs","0","0.4353","low","0.0","0.39555","0","","","","no_human"
"441","1506347581982613504","https://x.com/Wendys/status/1506347581982613504","Update: they added goats to Fortnite","1","0.5454","medium","0.0","0.40964","0","","","","no_human"
"442","1505869975839559681","https://x.com/Wendys/status/1505869975839559681","Hey @Wendys really like your new skin in Fortnite Season 2 https://t.co/zJvGQRQChl","0","0.4469","low","0.0","0.365267","0","","","","no_human"
"443","1504931534410637318","https://x.com/Wendys/status/1504931534410637318","A guaranteed bet is that when we get together with @RickandMorty in Vegas it’s gonna get wild. https://t.co/2vBumkuymb","0","0.4942","low","0.11","0.29212","0","","","","no_human"
"444","1504898843703402502","https://x.com/Wendys/status/1504898843703402502","RT @TwitterMktg: Rounding out the first week of #BestOfTweets Brand Bracket.

On deck: top hats and hot takes. 
🥜 @MrPeanut’s nonstop nutti…","0","0.4585","low","0.0","0.483403","0","","","","no_human"
"445","1504835309258817538","https://x.com/Wendys/status/1504835309258817538","Rounding out the first week of #BestOfTweets Brand Bracket.

On deck: top hats and hot takes. 
🥜 @MrPeanut’s nonstop nuttiness
VS
🍟 @Wendys infamous spice

Vote now!","0","0.4610","low","0.0","0.388378","0","","","","no_human"
"446","1503793289081851912","https://x.com/Wendys/status/1503793289081851912","Let's get moderately schwifty then hit up Morty's Mayhem at Resorts World for the good brekky.","1","0.5060","medium","0.0","0.465697","0","","","","no_human"
"447","1503780715489423360","https://x.com/Wendys/status/1503780715489423360","Hoops and @wendys Breakfast go hand in hand and there’s only one place to get them together - VEGAS baby! #ad https://t.co/Cj5g1diqBR","0","0.4635","low","0.0","0.322698","0","","","","no_human"
"448","1503438625672937479","https://x.com/Wendys/status/1503438625672937479","RT @Wendys: Wendy’s Pick ‘Em is BACK, baby! 

Hit the ❤️, and we’ll hit you up when it’s time to make your picks for EVERY round of March M…","1","0.5366","medium","0.0","0.478652","0","","","","no_human"
"449","1500883144530092034","https://x.com/Wendys/status/1500883144530092034","What if I told ya the classic ✨Dave’s Single ✨ was just $1 in the app? Welp, this is me telling you.","1","0.5680","medium","0.0","0.250296","0","","","","no_human"
"450","1498659324910047233","https://x.com/Wendys/status/1498659324910047233","Crispy, chicken &amp; habanero hot honey on a fluffy biscuit - Wendy’s NEW Hot Honey Chicken. How’s that for a “good morning”?","0","0.4554","low","0.0","0.420936","0","","","","no_human"
"451","1498426568946892801","https://x.com/Wendys/status/1498426568946892801","Wendy’s Pick ‘Em is BACK, baby! 

Hit the ❤️, and we’ll hit you up when it’s time to make your picks for EVERY round of March Madness. 

Winning picks win sweet deals, so Choose Wisely #ForTheWendys https://t.co/7l8jasWATw","1","0.5588","medium","0.0","0.410358","0","","","","no_human"
"452","1494385125680893961","https://x.com/Wendys/status/1494385125680893961","Lil ✨sweet✨. Lil 🔥spicy🔥. Wendy’s NEW Hot Honey Chicken Sandwich really can do it all.","1","0.5136","medium","0.11","0.465746","0","","","","no_human"
"453","1493720865254428676","https://x.com/Wendys/status/1493720865254428676","Come hang with the cool kids while we watch @eNASCARCocaCola Series opener of the @iRacing Series at Daytona tonight! Starts at 9pm EST on Twitch. I’m cheering for @Dr_Bob41 in that Wendy’s car. 🏎 

https://t.co/uEukJGdbM6","0","0.4374","low","0.0","0.421861","0","","","","no_human"
"454","1491535958713458690","https://x.com/Wendys/status/1491535958713458690","hi, i'm johnny knoxville and...

Sir, this is a Wendy's.","0","0.4196","low","0.0","0.467222","0","","","","no_human"
"455","1491487068584824843","https://x.com/Wendys/status/1491487068584824843","Soggy fries where? I don’t have any.","1","0.5263","medium","0.0","0.446982","0","","","","no_human"
"456","1488953810659725314","https://x.com/Wendys/status/1488953810659725314","Grab a 10pc Nuggs free in the app with any purchase. I dare you.","0","0.4601","low","0.5","0.476558","0","","","","no_human"
"457","1488512462223667201","https://x.com/Wendys/status/1488512462223667201","Hot or cold? Doesn’t matter because any drank in a Wendy’s cup is free when you grab one of our breakfast sammies.","0","0.4991","low","0.67","0.708254","0","","","","no_human"
"458","1486700523201839104","https://x.com/Wendys/status/1486700523201839104","Whatever wakes ya up, drink it ✨free✨ from a Wendy’s cup. Free drink with any breakfast sandwich.","1","0.5022","medium","0.0","0.350576","0","","","","no_human"
"459","1485407829506904069","https://x.com/Wendys/status/1485407829506904069","Tune in for the cool and crispy moves on the Knuckle Huck while crushing some of those hot and crispy Official Fries of X Games Aspen. (That’s our fries)","1","0.5028","medium","0.703","0.745827","0","","","","no_human"
"460","1485399447068573699","https://x.com/Wendys/status/1485399447068573699","Wendy’s Ski Knuckle Huck at #XGames Aspen 2022!
🕖: 7pm ET | 5pm MT | 4pm PT
📺: ESPN &amp; ESPN App

@WolfermanQuinn 🇺🇸 https://t.co/4B3BOz7J2H","0","0.4392","low","0.26","0.526859","0","","","","no_human"
"461","1483861582073548809","https://x.com/Wendys/status/1483861582073548809","From our lawyers: Not based on actual data. “Coca-Cola” is a registered trademark of The Coca-Cola Company.","1","0.5008","medium","0.32","0.52164","0","","","","no_human"
"462","1483829962012569606","https://x.com/Wendys/status/1483829962012569606","Top free drink in your state according to our psychic. https://t.co/zWigqhWQDc","0","0.4909","low","0.0","0.126109","0","","","","no_human"
"463","1481668920700461062","https://x.com/Wendys/status/1481668920700461062","Here’s the best tweets from #NationalRoastDay 

https://t.co/pljPieiyev","1","0.5017","medium","0.5","0.650832","0","","","","no_human"
"464","1481395692220395527","https://x.com/Wendys/status/1481395692220395527","I heard when they breed the dogs to have faces like that it's really bad for the animal. #NationalRoastDay","1","0.5902","medium","0.5","0.695985","0","","","","no_human"
"465","1481395069823471618","https://x.com/Wendys/status/1481395069823471618","@Wendys Roast me! :)","0","0.4988","low","0.5","0.744773","0","","","","no_human"
"466","1481342770623225856","https://x.com/Wendys/status/1481342770623225856","New stuff sounds like my little brother trying to cuss for the first time.
#NationalRoastDay","1","0.5095","medium","0.5","0.695039","0","","","","no_human"
"467","1481342165573906443","https://x.com/Wendys/status/1481342165573906443","@Wendys roast us","0","0.4782","low","0.61","0.783273","0","","","","no_human"
"468","1481341396430766085","https://x.com/Wendys/status/1481341396430766085","Everyone good? Feeling great? 
Still many hours left in the day, but take a quick lunch break because we’re trying to push this free medium fries with purchase thing in the app and I want to keep my job.","1","0.5504","medium","0.0","0.324007","0","","","","no_human"
"469","1481306650132848645","https://x.com/Wendys/status/1481306650132848645","For something that pretends to be a sport, your ""athletes"" sure suck at rounding bases.
#NationalRoastDay","1","0.5449","medium","0.5","0.718485","0","","","","no_human"
"470","1481299289582231566","https://x.com/Wendys/status/1481299289582231566","Dang, your hair didn't even show up to your birthday party. #NationalRoastDay","1","0.5150","medium","0.5","0.700261","0","","","","no_human"
"471","1481299190139473924","https://x.com/Wendys/status/1481299190139473924","@Wendys Roast me https://t.co/wjiBaHP4Sb","0","0.4743","low","0.5","0.669074","0","","","","no_human"
"472","1481295012646334468","https://x.com/Wendys/status/1481295012646334468","It’s #NationalRoastDay™ 
Drop the “roast me” below 👇

Oh, and don’t forget to get free medium fries with purchase, in the app.
Gotta do something with all this salt.","1","0.5153","medium","0.56","0.610438","0","","","","no_human"
"473","1480986154765885443","https://x.com/Wendys/status/1480986154765885443","There’s still one more holiday that’s just around the corner, and I know exactly what you’re getting 🔥🔥🔥

See ya tomorrow for National Roast Day 😉","1","0.5388","medium","0.896","0.805374","0","","","","no_human"
"474","1480539931294511104","https://x.com/Wendys/status/1480539931294511104","What’s up? You’re up. So go pick up any Wendy’s Breakfast Sammie and get a free drink.","1","0.5131","medium","0.0","0.395393","0","","","","no_human"
"475","1471541646902935552","https://x.com/Wendys/status/1471541646902935552","Potatoes wish they could be our fries when they grow up.","1","0.5674","medium","0.0","0.406322","0","","","","no_human"
"476","1468943521403052038","https://x.com/Wendys/status/1468943521403052038","Me sleeping knowing I’m getting $1 biscuits tomorrow a.m.: 👁👄👁","1","0.5184","medium","0.0","0.4462","0","","","","no_human"
"477","1466438148829941770","https://x.com/Wendys/status/1466438148829941770","Even if I didn’t pass math, I still got this breakfast biscuit for just $1. So that’s pretty nice.","1","0.5243","medium","0.0","0.345159","0","","","","no_human"
"478","1466406802673717250","https://x.com/Wendys/status/1466406802673717250","How much is a breakfast biscuit at Wendy's? 8÷2(2+2)÷16 Dollars","1","0.5222","medium","0.0","0.39926","0","","","","no_human"
"479","1463554140190265344","https://x.com/Wendys/status/1463554140190265344","How do you eat our hot and crispy fries?","1","0.5499","medium","0.56","0.697369","0","","","","no_human"
"480","1461680665083006976","https://x.com/Wendys/status/1461680665083006976","you hand over the dollar, we'll hand over the breakfast biscuit. no funny business.","1","0.5502","medium","0.0","0.391716","0","","","","no_human"
"481","1461318275560706052","https://x.com/Wendys/status/1461318275560706052","breakfast biscuits. one dollar. that's all. #advertisement","1","0.5342","medium","0.0","0.419567","0","","","","no_human"
"482","1460682535650971649","https://x.com/Wendys/status/1460682535650971649","the internet just couldn't handle how rad these picks are","1","0.5365","medium","0.0","0.397171","0","","","","no_human"
"483","1460653898184724487","https://x.com/Wendys/status/1460653898184724487","We teamed up with our fellow elder emo at @Wendys to bring you a fresh take on our ultimate MySpace playlist. Travel back to a simpler time with this track list of HITS expertly curated by @Wendys 💙🍟 
🎶➡️ https://t.co/bB6RJAInr1 https://t.co/Q9pwIN7iFM","0","0.4265","low","0.2","0.437643","0","","","","no_human"
"484","1459189091984150532","https://x.com/Wendys/status/1459189091984150532","Heard My Space was back https://t.co/6CpTXW2TPX","1","0.5138","medium","0.0","0.08009","0","","","","no_human"
"485","1456269198896680968","https://x.com/Wendys/status/1456269198896680968","How many fingers am I holding up? Just one… for the $1 hot &amp; buttery Breakfast Biscuit.","0","0.4683","low","0.0","0.444382","0","","","","no_human"
"486","1455253881135538184","https://x.com/Wendys/status/1455253881135538184","Ghosts, ghouls, monsters. None of these are nearly as terrifying as cold and soggy fries. Try Wendy’s new hot and crispy fries and save yourself the scares.

https://t.co/l2VERKj3PO","1","0.5196","medium","0.56","0.662123","0","","","","no_human"
"487","1455209020629950464","https://x.com/Wendys/status/1455209020629950464","https://t.co/DXk93t9deq","0","0.3990","low","0.0","0.08009","0","","","","no_human"
"488","1454154005559627781","https://x.com/Wendys/status/1454154005559627781","Add a spooky thrill with a quick story of fright and freezing to your next drive thru visit. Don't worry, you're safe…you’re at Wendy's...right? https://t.co/7R4UXJ3WiK","1","0.5042","medium","0.11","0.463243","0","","","","no_human"
"489","1453805031463993346","https://x.com/Wendys/status/1453805031463993346","Changing name to Meat","1","0.5377","medium","0.0","0.40964","0","","","","no_human"
"490","1453783325517262852","https://x.com/Wendys/status/1453783325517262852","Fries or sauce forks: what do you call them where you're from???","1","0.6042","medium","0.0","0.406322","0","","","","no_human"
"491","1453067485343801349","https://x.com/Wendys/status/1453067485343801349","Dave’s single so why can’t you be? Grow up.","1","0.6005","medium","0.0","0.283672","0","","","","no_human"
"492","1451578964280025096","https://x.com/Wendys/status/1451578964280025096","repost if you dip your phone i̶̹̦̔͌̊̍͒̉͊̀ņ̷̖̯̩̯̈́͑̀̀̌͊̃ͅ ̷̡̬̤̺̖̫͐̔͌͜t̸̹̠̥́̄͆̕̚͜͝h̴̡̠͕̩͕͉̅̀́͜ė̴̺̄ ̷̢̭̖̱̦̇͆̅̎ẅ̴̻͈̝̩̰͈́͑͛̑̅̍̈́̽ͅḛ̴̈͗̃͂n̷͍̜͇̮̩̳̈̚͝d̴̥̘̤̞̟̙͉͊̿́y̴̢̫͖͍͖͐͂̀͜s̴̨̱̠̳͝͠ ̵̧̯̰͚̩̒͗f̵̡̙̗̻̬̑͌͊̈́̓r̶̞̬͔̞͖̈́̐̉o̷͎̐́s̶̬̮̝̬̝̘͉̊͗̃̈́̒͝ͅt̵̢͍̳͚͉̙͓͔̏̾́y̴̯̐̍̿̓̚͝͝","1","0.5468","medium","0.0","0.40964","0","","","","no_human"
"493","1451256272007872517","https://x.com/Wendys/status/1451256272007872517","When you eat all the fries otw home: “T’was just the appetizer.”","1","0.5653","medium","0.0","0.440845","0","","","","no_human"
"494","1450114742375362565","https://x.com/Wendys/status/1450114742375362565","Alright friendys, Fanta has 3 new Mystery Mixes, and you could win $10,000 if you guess any of the flavors. Best case scenario? You win $10k. Worst case scenario? You enjoy a delicious new beverage. That’s what we call a win/win.#WhatTheFanta #Sweepstakes

https://t.co/nnx7w1wTsX https://t.co/L5iczmWZjM","1","0.5274","medium","0.0","0.313253","0","","","","no_human"
"495","1448326668599320576","https://x.com/Wendys/status/1448326668599320576","Wendy’s is _____","1","0.5294","medium","0.0","0.467222","0","","","","no_human"
"496","1446136625977774083","https://x.com/Wendys/status/1446136625977774083","We’ve tapped the energy of the universe to discover your drink destiny. Get your #SodiacSign below, share it as a reply, and get your custom SodaScope!","0","0.4993","low","0.6","0.658623","0","","","","no_human"
"497","1445105618357002243","https://x.com/Wendys/status/1445105618357002243","where the things that should be fresh are frozen, and the things that should be frozen are out of order.","1","0.5203","medium","0.0","0.437437","0","","","","no_human"
"498","1445088131145940995","https://x.com/Wendys/status/1445088131145940995","Can you lend us a hand? We might lend one back","1","0.5687","medium","0.0","0.40964","0","","","","no_human"
"499","1445048052235051010","https://x.com/Wendys/status/1445048052235051010","if u were the person who ran the McDonald's account for a day, what would u tweet","1","0.5367","medium","0.11","0.464597","0","","","","no_human"
"500","1442946786688057344","https://x.com/Wendys/status/1442946786688057344","Did you know that every time there’s a pick-six, a Breakfast Baconator gets its six-strips-of-bacon wings?","1","0.5325","medium","0.0","0.413197","0","","","","no_human"
"501","1442530592109645832","https://x.com/Wendys/status/1442530592109645832","Best breakfast sandwich, no bull shirt.","1","0.5376","medium","0.0","0.411832","0","","","","no_human"
"502","1442528227717693445","https://x.com/Wendys/status/1442528227717693445","Them Breakfast Baconators From @Wendys Be The Shirt.","0","0.4899","low","0.0","0.450024","0","","","","no_human"
"503","1441797252536692744","https://x.com/Wendys/status/1441797252536692744","RT @CFBONFOX: The game of the week is finally here!

Catch Notre Dame vs Wisconsin with @RJ_Young, @geoffschwartz and special guests @desho…","0","0.4306","low","0.0","0.473799","0","","","","no_human"
"504","1441794626281607179","https://x.com/Wendys/status/1441794626281607179","The game of the week is finally here!

Catch Notre Dame vs Wisconsin with @RJ_Young, @geoffschwartz and special guests @deshonekizer &amp; @Chris_Guwap live from Soldier Field (brought to you by @Wendys) https://t.co/hi4YcW15Ri","0","0.4135","low","0.0","0.433059","0","","","","no_human"
"505","1441107722926104591","https://x.com/Wendys/status/1441107722926104591","Don’t you ever take the fries at the bottom of the bag for granted. One day, they may not be there (emotional).","1","0.5304","medium","0.0","0.442172","0","","","","no_human"
"506","1440695066108989455","https://x.com/Wendys/status/1440695066108989455","Newb School &gt; literally any other learning institution. 

Order $20+ of Wendy’s on Uber Eats and unlock NEWB SCHOOL to watch your favorite streamers share their wisdom.🎓","0","0.4490","low","0.11","0.498235","0","","","","no_human"
"507","1440360796404400131","https://x.com/Wendys/status/1440360796404400131","RT @CFBONFOX: Another fun week of College Football is in the books 🙌

Set a reminder to join @RJ_Young and @GeoffSchwartz tomorrow as they…","0","0.4526","low","0.0","0.454401","0","","","","no_human"
"508","1440315177279184904","https://x.com/Wendys/status/1440315177279184904","Think you can create new Big Bacon Cheddar art that’s more creative than this? Join our Big Bacon CheddArt Channel on the Wendy’s Discord server and show us what you got! https://t.co/43yvP1EcvR https://t.co/hOqj6Sxj4r","1","0.5103","medium","0.2","0.363969","0","","","","no_human"
"509","1440121644920365059","https://x.com/Wendys/status/1440121644920365059","Another fun week of College Football is in the books 🙌

Set a reminder to join @RJ_Young and @GeoffSchwartz tomorrow as they discuss all the biggest storylines from Week 3 (Brought to you by @Wendys) 🏈⬇️

https://t.co/1pZF6U42I1","0","0.4410","low","0.0","0.387076","0","","","","no_human"
"510","1440059703296348161","https://x.com/Wendys/status/1440059703296348161","Mid donalds","1","0.5163","medium","0.0","0.40964","0","","","","no_human"
"511","1439257913428615168","https://x.com/Wendys/status/1439257913428615168","Every Saturday and Sunday in September, get a free 6pc Spicy Nuggs w/ purchase AND free delivery in the Wendy’s App!

Your coffee table should be so lucky.","0","0.4754","low","0.0","0.31827","0","","","","no_human"
"512","1438927615797104640","https://x.com/Wendys/status/1438927615797104640","Soda in the water cup is about as sneaky as three kids in a trench coat","1","0.5407","medium","0.0","0.40964","0","","","","no_human"
"513","1438222894014865408","https://x.com/Wendys/status/1438222894014865408","Who else has a “normal person voice” they use when they pull up to order at the drive-thru?","1","0.5436","medium","0.11","0.490485","0","","","","no_human"
"514","1435333827812106244","https://x.com/Wendys/status/1435333827812106244","Use your big brain to win the right to sit on your big brain. Our Tetris 99 tournament for the Wendy’s Big Brain Bean Bag Chair starts NOW at https://t.co/P0GZ7DIn5g https://t.co/ZKC1qBpjXc","0","0.4756","low","0.0","0.337655","0","","","","no_human"
"515","1435261233364615177","https://x.com/Wendys/status/1435261233364615177","Attn: ✨ 🧠  𝔹𝕀𝔾 𝔹ℝ𝔸𝕀ℕ𝕊 🧠 ✨  the Wendy’s Big Brain Bean Bag Chair is up for grabs. Compete in our Tetris 99 tournament TODAY at https://t.co/P0GZ7DIn5g @ 4 PM EST. Winner takes home this intelligent piece of furniture. https://t.co/ZKC1qBpjXc https://t.co/jx8wYbrxkq","0","0.4361","low","0.2","0.314215","0","","","","no_human"
"516","1434154280542474244","https://x.com/Wendys/status/1434154280542474244","Best way to get game ready? A good breakfast, duh. Don’t worry tho. We’ve got ya covered.","1","0.5114","medium","0.0","0.417256","0","","","","no_human"
"517","1433133572324532224","https://x.com/Wendys/status/1433133572324532224","Introducing Wendy’s BOGO $1 Big Brain Bean Bag Chair. The FIRST ever chair that transforms the knowledge of great deals into back support. And it can be YOURS! Stay tuned for deets on how to win. #BOGOBigBrain https://t.co/7wEgIhajgN","1","0.5119","medium","0.0","0.289559","0","","","","no_human"
"518","1432774256434233345","https://x.com/Wendys/status/1432774256434233345","BOGO $1 your faves. And yup, we mean Spicy Nuggs too.","1","0.5155","medium","0.0","0.430526","0","","","","no_human"
"519","1431621266583261187","https://x.com/Wendys/status/1431621266583261187","Just cause we’re the Official Breakfast of College Football doesn’t mean we are playing around with breakfast.  ¯\_(ツ)_/¯","1","0.5370","medium","0.0","0.403496","0","","","","no_human"
"520","1430213213367513093","https://x.com/Wendys/status/1430213213367513093","There are Wendy’s Spicy Nuggs and then there are the knockoffs. #WendysSpicyNuggs","1","0.5241","medium","0.0","0.456637","0","","","","no_human"
"521","1428703371024900102","https://x.com/Wendys/status/1428703371024900102","Croissant or ✨𝒬𝒲𝒜𝒮𝒜𝒰𝒩𝒯✨, no matter how you say it grab one this a.m. for just $1.99.","1","0.5625","medium","0.0","0.360587","0","","","","no_human"
"522","1427345012677910533","https://x.com/Wendys/status/1427345012677910533","Best Spicy Nuggs on the block. Verified. #WendysSpicyNuggs","0","0.4503","low","0.0","0.439154","0","","","","no_human"
"523","1426529042409213953","https://x.com/Wendys/status/1426529042409213953","It’s the final croissant-down. Head to Wendy’s before 10:30am today for your last chance to get a FREE Sausage or Bacon, Egg &amp; Swiss Croissant. No purchase necessary.","1","0.5285","medium","0.0","0.290539","0","","","","no_human"
"524","1425937918149943298","https://x.com/Wendys/status/1425937918149943298","https://t.co/HAMiQPcCFm","0","0.3990","low","0.0","0.08009","0","","","","no_human"
"525","1425804264178323456","https://x.com/Wendys/status/1425804264178323456","Tomorrow and Saturday, let your free flag fly! ‘Cause you can get a Bacon or Sausage, Egg &amp; Swiss Croissant FOR FREE. No catch. Available during breakfast hours only.","1","0.5302","medium","0.0","0.323061","0","","","","no_human"
"526","1425549128399040519","https://x.com/Wendys/status/1425549128399040519","Only real spiceheads can enter our new Spice Club on Discord. If you’re a fan of authentic spicy nuggs, join our Spice Club Channel now: https://t.co/omlOuutGf3","0","0.4731","low","0.0","0.359282","0","","","","no_human"
"527","1425503905832701956","https://x.com/Wendys/status/1425503905832701956","Do you love Wendy’s? Do you love Wendy’s Spicy Nuggs? Do you also love Discord? Then you’re going to triple love our Genshin Impact stream on Twitch. Watch us live or hang out in our new Spice Club channel on Discord https://t.co/P0GZ7DIn5g","1","0.5211","medium","0.0","0.447809","0","","","","no_human"
"528","1425189040211566593","https://x.com/Wendys/status/1425189040211566593","Verified tweets for verified eats. There’s only one top dog in the spicy nugget game, and that’s verified. #WendysSpicyNuggs","1","0.5061","medium","0.0","0.460158","0","","","","no_human"
"529","1425134843923517449","https://x.com/Wendys/status/1425134843923517449","RT @Wendys: Did somebody say FREE Sausage or Bacon, Egg &amp; Swiss Croissant? Yep, it was us. ❤️ this Tweet and we’ll remind you when it’s go…","1","0.5740","medium","0.0","0.397155","0","","","","no_human"
"530","1423726854154821635","https://x.com/Wendys/status/1423726854154821635","Did somebody say FREE Sausage or Bacon, Egg &amp; Swiss Croissant? Yep, it was us. ❤️ this Tweet and we’ll remind you when it’s go time on Friday 8/13 and Saturday 8/14. https://t.co/pzsEgNdykw","1","0.5826","medium","0.0","0.33486","0","","","","no_human"
"531","1419719465453953024","https://x.com/Wendys/status/1419719465453953024","Expand your  ✨🧠𝑀𝐼𝐼𝐼𝐼𝐼𝒩𝒟🧠✨and keep your pockets lined with BOGO $1.","0","0.4630","low","0.0","0.40964","0","","","","no_human"
"532","1419376178671009792","https://x.com/Wendys/status/1419376178671009792","Hey @Grubhub, what kind of food are you going to have at this livestream tonight? Asking for a hungry friend.","1","0.5093","medium","0.0","0.464127","0","","","","no_human"
"533","1418692734001496069","https://x.com/Wendys/status/1418692734001496069","We’re teaming up with our friends over at @Grubhub to deliver you more than just food. Tune into our Facebook page on 7/25 at 7pm ET for a can’t-miss livestream event. https://t.co/F5SkQ4Wetv","0","0.4955","low","0.2","0.465253","0","","","","no_human"
"534","1417914905617965066","https://x.com/Wendys/status/1417914905617965066","Our BOGO $1 is for the big brains (not smol).","0","0.4754","low","0.0","0.40964","0","","","","no_human"
"535","1417199040542949378","https://x.com/Wendys/status/1417199040542949378","Replying to your own tweet about BOGO $1 headshots knowing you’re going to big brain yourself https://t.co/ukbFR9wKJF","1","0.5260","medium","0.0","0.331839","0","","","","no_human"
"536","1417137962215743489","https://x.com/Wendys/status/1417137962215743489","We’re taking BOGO $1 headshots. Who wants one?","1","0.5344","medium","0.0","0.40964","0","","","","no_human"
"537","1416239232964648960","https://x.com/Wendys/status/1416239232964648960","If these BMX Streets could talk, they’d tell you Wendy’s is the official spicy nuggs of the X-Games.","1","0.5306","medium","0.0","0.431959","0","","","","no_human"
"538","1416064251811270660","https://x.com/Wendys/status/1416064251811270660","Bogos binted?","1","0.5163","medium","0.0","0.40964","0","","","","no_human"
"539","1415476190920548354","https://x.com/Wendys/status/1415476190920548354","It’s showtime! Get a FREE 4 piece spicy nuggets with FREE delivery on orders of $15 or more through @grubhub. Things are guaranteed to get spicy. @pandoramusic https://t.co/wmQvIcdfAH","0","0.4244","low","0.0","0.359273","0","","","","no_human"
"540","1415355158700171268","https://x.com/Wendys/status/1415355158700171268","Get your favorite Wendy’s meal, get your favorite chair, and get ready for @edsheeran to go live tonight at 9pm ET! Tune in here: https://t.co/wmQvIcdfAH","0","0.4417","low","0.0","0.371292","0","","","","no_human"
"541","1414663884720508928","https://x.com/Wendys/status/1414663884720508928","Double up on our Spicy Nugget Bois for one extra buck? Awwwww, yeah. It’s a BOGO $1.","0","0.4713","low","0.0","0.432646","0","","","","no_human"
"542","1412403458687209477","https://x.com/Wendys/status/1412403458687209477","Wendy’s breakfast 2 for $4? Oh Yeah! Get 2 sammies just 4 buckaroonies ya lil rascals.","1","0.5050","medium","0.0","0.414642","0","","","","no_human"
"543","1409943806519173122","https://x.com/Wendys/status/1409943806519173122","What’s the opposite of fresh? Can’t remember ¯\_(ツ)_/¯ This Summer Strawberry Chicken Salad has me forgetting.","1","0.5230","medium","0.0","0.383467","0","","","","no_human"
"544","1407742489528836099","https://x.com/Wendys/status/1407742489528836099","I am tired of lunch. These clowns. I am tired of people caught in the freezers of their beef. https://t.co/8qMWdd2CGf","0","0.4431","low","0.0","0.290091","0","","","","no_human"
"545","1407418304151670787","https://x.com/Wendys/status/1407418304151670787","And now a Bird Person's eye view of the greatest cheeseburger restaurant in the multiverse. https://t.co/oawFI9wF6S","0","0.4637","low","0.6","0.573275","0","","","","no_human"
"546","1407352689567096832","https://x.com/Wendys/status/1407352689567096832","Hey, check the #TMobileTuesdays app. We got you a little somethin’ 😘💝💝 @tmobile","1","0.5079","medium","0.0","0.390529","0","","","","no_human"
"547","1406823243584053249","https://x.com/Wendys/status/1406823243584053249","The longer you run, the hungrier you'll get. Choose wisely.","1","0.5542","medium","0.0","0.411898","0","","","","no_human"
"548","1406822936426606595","https://x.com/Wendys/status/1406822936426606595","You can't run from your past forever. @Wendys #ad https://t.co/H0KcgrVGcW","0","0.4671","low","0.0","0.25362","0","","","","no_human"
"549","1406685219315404801","https://x.com/Wendys/status/1406685219315404801","“And that’s the way the news goes!” https://t.co/147w3Q4SHX","1","0.5230","medium","0.0","0.279201","0","","","","no_human"
"550","1406061661425999878","https://x.com/Wendys/status/1406061661425999878","All Morty’s restaurants now have Pickle Rick Pickle Frostys. Portal over to Panorama City to try it.","1","0.5522","medium","0.6","0.650886","0","","","","no_human"
"551","1406047214963728385","https://x.com/Wendys/status/1406047214963728385","If someone sees a Mr. Meeseeks walking around 14645 Roscoe Blvd, Panorama City, CA, please let him know that his break is over. The sooner he finishes his shift, the sooner he can disappear.","1","0.5318","medium","0.0","0.468702","0","","","","no_human"
"552","1406033771154096132","https://x.com/Wendys/status/1406033771154096132","Wubba Lubba Grub Grub. Welcome to Morty’s!","1","0.5011","medium","0.0","0.465397","0","","","","no_human"
"553","1406015436915945475","https://x.com/Wendys/status/1406015436915945475","Sir, this is a Morty’s. https://t.co/u7B1GLMGLL","0","0.3889","low","0.0","0.336151","0","","","","no_human"
"554","1405545529300369411","https://x.com/Wendys/status/1405545529300369411","nice","0","0.4968","low","0.0","0.269325","0","","","","no_human"
"555","1405225063415177224","https://x.com/Wendys/status/1405225063415177224","try it and see what happens*

*You'll get a free Jr Bacon Cheeseburger with any purchase in the app
**this one is just for fun","0","0.4712","low","0.0","0.251424","0","","","","no_human"
"556","1404998233588473857","https://x.com/Wendys/status/1404998233588473857","can someone @Wendys please confirm or deny?? lol 🍔  
#migos  
#culture3 https://t.co/THF2OYxgip","0","0.4344","low","0.0","0.25362","0","","","","no_human"
"557","1404796001978880013","https://x.com/Wendys/status/1404796001978880013","Sausage, Egg &amp; Swiss croissant for me. Honey Butter Chicken Biscuit for Samwise.
This 2 for $4 has us covered for breakfast AND second breakfast.","0","0.4055","low","0.0","0.304127","0","","","","no_human"
"558","1403414138236383237","https://x.com/Wendys/status/1403414138236383237","The Summer Strawberry Chicken Salad is here. And so is Sim Wendy. Come play Sims 4 with us on Twitch. https://t.co/P0GZ7DIn5g","0","0.4481","low","0.2","0.402607","0","","","","no_human"
"559","1403047227170435083","https://x.com/Wendys/status/1403047227170435083","Void where prohibited. Offer good while supplies last. Ends 6/10/21 or while supplies last. No purchase necessary. Limit one/person. Must be U.S. resident, 18+ only.","1","0.5377","medium","0.6","0.555928","0","","","","no_human"
"560","1403039695857127431","https://x.com/Wendys/status/1403039695857127431","🚨FREE SWAG ALERT🚨 We’ve got some limited edition shirts that are sweeter than a Frosty-ccino. Comment on this post with  #WendysFrostyccinoIsColdBrewWithFrostyCreamer for a chance to snag one. https://t.co/QATez2T3bq","0","0.4637","low","0.0","0.275264","0","","","","no_human"
"561","1402298901428899840","https://x.com/Wendys/status/1402298901428899840","Did you hear we have a new salad?","1","0.5422","medium","0.0","0.45048","0","","","","no_human"
"562","1400982621757247491","https://x.com/Wendys/status/1400982621757247491","Thank you Julien https://t.co/42jvTo4e68","0","0.4887","low","0.0","0.08009","0","","","","no_human"
"563","1400516310044401671","https://x.com/Wendys/status/1400516310044401671","Free @Wendys ad written by their biggest fan (aka my son) https://t.co/skbzdfB3tk","0","0.4314","low","0.0","0.219067","0","","","","no_human"
"564","1397992184213917701","https://x.com/Wendys/status/1397992184213917701","Every time I eat the Bourbon Bacon Cheeseburger I say “Time to get my Bourb-ON!” 

And then everybody laughs because I’m the only one at the table.","1","0.5394","medium","0.0","0.433618","0","","","","no_human"
"565","1397559601726476292","https://x.com/Wendys/status/1397559601726476292","Well, 'ello love","1","0.5652","medium","0.0","0.452527","0","","","","no_human"
"566","1397493144254623748","https://x.com/Wendys/status/1397493144254623748","Britain just got a new favourite redhead. 

#SorryNotSorryRonald 😉","0","0.4536","low","0.0","0.398786","0","","","","no_human"
"567","1395802538310606852","https://x.com/Wendys/status/1395802538310606852","Wendy’s Frosty-ccino is cold brew with Frosty creamer. Overwatch is a video game celebrating its 5th anniversary. Twitch is where they meet. https://t.co/P0GZ7DIn5g","0","0.4728","low","0.0","0.440866","0","","","","no_human"
"568","1394331631222149122","https://x.com/Wendys/status/1394331631222149122","W̸̱̝͆ȇ̴̫̦̕n̶̤̏̾d̶̢̤͆y̵̛̰'̸͙͝s̵͍͉̏ ̶̧̲̅F̷̗̦͂̈r̶̙͛o̶̩͖͘s̷̙̐͊t̸͇͌͊y̶͓̐͘-̸̺̺̈͠c̵̺̍̑ͅć̷̳̠i̶̡͖̓̓n̵͍̥̔ö̶͕͕ ̸̰̀̿i̵̺̩̾s̵̳̓ ̷̹͋c̷͕̄̓ͅo̷̲̹̒l̵̬̙̓͝d̶̮̣̍ ̷̬̪̂̕b̶̙͙͠r̸͕̙͒ë̷̫́̉w̸̞̆ ̸̪̺̊̇w̸̼̙͠į̶̿t̶̤̰͑h̶͙̀͝ ̶̇̂ͅF̴̦͊r̵̼̯͌ǫ̵̧̀s̵̙͌ť̶̘͍̐y̸̥̕ ̶̳̝̌ĉ̸̞͕r̴̭̳̉e̸̱͉̍̉a̸͈̫͊͋m̸̲̜͛e̷͚͝r̴͙͋","1","0.5163","medium","0.0","0.40964","0","","","","no_human"
"569","1390694820306427912","https://x.com/Wendys/status/1390694820306427912","Wendy's Frosty-ccino is cold brew with","0","0.4675","low","0.0","0.498428","0","","","","no_human"
"570","1390327056567783424","https://x.com/Wendys/status/1390327056567783424","Cold brew with Frosty creamer is","0","0.4560","low","0.0","0.484079","0","","","","no_human"
"571","1389965096756072451","https://x.com/Wendys/status/1389965096756072451","Wendy's Frosty-ccino is cold brew with","0","0.4675","low","0.0","0.498428","0","","","","no_human"
"572","1388192293216309250","https://x.com/Wendys/status/1388192293216309250","Oh, snap! $1 Any Size Fries and Pokemon Snap? Watch us play it on Twitch and grab yourself some $1 fries in our app! https://t.co/P0GZ7DIn5g","0","0.4741","low","0.0","0.277286","0","","","","no_human"
"573","1387028764542980101","https://x.com/Wendys/status/1387028764542980101","Seriously just got this Honey Butter Chicken Biscuit for $1.99, wild.","0","0.3711","low","0.0","0.28789","0","","","","no_human"
"574","1385655564835901449","https://x.com/Wendys/status/1385655564835901449","Wendy, Honey, Butter and Chicken Biscuit are on the hunt again. Watch us stream Monster Hunter Rise on Twitch and grab a Honey Butter Chicken Biscuit for a $1.99 the next time you get breakfast. https://t.co/P0GZ7DIn5g","0","0.3879","low","0.0","0.278917","0","","","","no_human"
"575","1383119249741348866","https://x.com/Wendys/status/1383119249741348866","We’re hunting monsters in Monster Hunter Rise on Twitch. And if you’re hunting a great deal get the $1.99 Honey Butter Chicken Biscuit this month. Watch the stream now! https://t.co/P0GZ7DIn5g","0","0.4181","low","0.0","0.260779","0","","","","no_human"
"576","1382339375309189120","https://x.com/Wendys/status/1382339375309189120","everybody says yellow Wendy's
but nobody says hello Wendy's","1","0.5543","medium","0.0","0.440829","0","","","","no_human"
"577","1382148071656591360","https://x.com/Wendys/status/1382148071656591360","Yellow Wendy’s use to hit different 📈 https://t.co/NIRiwHv43w","1","0.5090","medium","0.0","0.352597","0","","","","no_human"
"578","1380601092308877314","https://x.com/Wendys/status/1380601092308877314","The new $5 Biggie Bag is just in time for Among Us’ new map. Don’t be sus. Grab one and watch our stream on Twitch. https://t.co/P0GZ7DIn5g","0","0.4081","low","0.32","0.50347","0","","","","no_human"
"579","1380201597863559168","https://x.com/Wendys/status/1380201597863559168","a bunch of people pointing and laughing and maybe asking for pictures","0","0.4685","low","0.0","0.431219","0","","","","no_human"
"580","1379418884504236037","https://x.com/Wendys/status/1379418884504236037","RT @Wendys: What’s better than Wendy’s Honey Butter Chicken Biscuit? Wendy’s  $1.99 Honey Butter Chicken Biscuit. Get yours today! https://…","0","0.3669","low","0.0","0.270541","0","","","","no_human"
"581","1379243596214329349","https://x.com/Wendys/status/1379243596214329349","RT @marchmadness: #FinalFour Twitter Live presented by @Wendys is LIVE!
 
Watch @BaylorMBB &amp; @ZagMBB battle it out for the #NationalChampio…","0","0.4306","low","0.0","0.471955","0","","","","no_human"
"582","1379241336033976323","https://x.com/Wendys/status/1379241336033976323","#FinalFour Twitter Live presented by @Wendys is LIVE!
 
Watch @BaylorMBB &amp; @ZagMBB battle it out for the #NationalChampionship!  #MarchMadness
 
@RexChapman | @AdamLefkoe | @bwood_33 https://t.co/vukCOa0jtF","0","0.3998","low","0.0","0.430434","0","","","","no_human"
"583","1378548431896055812","https://x.com/Wendys/status/1378548431896055812","It’s the Championship - all or nothing. Choose your team before the games start. 

https://t.co/TFBBGnH4ld","1","0.5311","medium","0.0","0.277508","0","","","","no_human"
"584","1378475532896120833","https://x.com/Wendys/status/1378475532896120833","RT @marchmadness: #FinalFour Twitter Live presented by @Wendys is LIVE!

Watch @BaylorMBB &amp; @UHCougarMBK in a Texas showdown for a #Nationa…","0","0.4152","low","0.0","0.471955","0","","","","no_human"
"585","1378453149044850688","https://x.com/Wendys/status/1378453149044850688","#FinalFour Twitter Live presented by @Wendys is LIVE!

Watch @BaylorMBB &amp; @UHCougarMBK in a Texas showdown for a #NationalChampionship spot. #MarchMadness

@RexChapman | @AdamLefkoe | @bwood_33 https://t.co/fw7fOmcneX","0","0.3845","low","0.0","0.430434","0","","","","no_human"
"586","1378437515204562948","https://x.com/Wendys/status/1378437515204562948","the @UberEats app.","0","0.4299","low","0.0","0.325845","0","","","","no_human"
"587","1378437146709782530","https://x.com/Wendys/status/1378437146709782530","Friends finish each other's sentences, like how @Wendys has a $0 delivery fee on","0","0.4828","low","0.2","0.536668","0","","","","no_human"
"588","1377655396085727235","https://x.com/Wendys/status/1377655396085727235","Free Junior Bacon Cheeseburger for all ya wah wah babies","0","0.4920","low","0.0","0.352156","0","","","","no_human"
"589","1377644234833063936","https://x.com/Wendys/status/1377644234833063936","Buy-bu-bu-bu-buy","1","0.5163","medium","0.0","0.40964","0","","","","no_human"
"590","1377636930616229899","https://x.com/Wendys/status/1377636930616229899","The only thing that could make Adult Swim Jr. and April Fools’ Day better is bacon. You’re welcome. @wendys #ad https://t.co/w0uHlmeFjl","0","0.4892","low","0.0","0.352102","0","","","","no_human"
"591","1377300828248236034","https://x.com/Wendys/status/1377300828248236034","you seein’ this 👀","1","0.5281","medium","0.11","0.44814","0","","","","no_human"
"592","1377228720981819397","https://x.com/Wendys/status/1377228720981819397","Final four, baby! Pick your winners before the games start.👇

https://t.co/B3vxH9Y4SJ","0","0.4848","low","0.0","0.315661","0","","","","no_human"
"593","1376979649578872837","https://x.com/Wendys/status/1376979649578872837","What’s better than Wendy’s Honey Butter Chicken Biscuit? Wendy’s  $1.99 Honey Butter Chicken Biscuit. Get yours today! https://t.co/0xe5ukedCm","0","0.3845","low","0.0","0.255139","0","","","","no_human"
"594","1376503955879043075","https://x.com/Wendys/status/1376503955879043075","Elite 8, let’s gooooo! Pick your winners below before the games tip off.

https://t.co/AFRLyWE8kF","1","0.5160","medium","0.0","0.295825","0","","","","no_human"
"595","1375509321744719874","https://x.com/Wendys/status/1375509321744719874","It’s a new season of Fall Guys and we’re out to SECURE THE BAG. Get yourself a $5 Biggie Bag and come watch us grab that #1 spot on Twitch. https://t.co/P0GZ7DZXWO","0","0.4973","low","0.0","0.341643","0","","","","no_human"
"596","1374785760264609794","https://x.com/Wendys/status/1374785760264609794","https://t.co/4PlC3nRg20","0","0.3990","low","0.0","0.08009","0","","","","no_human"
"597","1374769284631629825","https://x.com/Wendys/status/1374769284631629825","🏆 Sweet or spicy? It’s time to decide this #BestOfTweets Brand Bracket food fight.

Which brand’s Tweets satisfy your craving for quality content? 
🍟 @Wendys infamous spice
VS
🌈 @Skittles’ colorful personality  

Vote now!","0","0.4455","low","0.0","0.405457","0","","","","no_human"
"598","1374381328326488068","https://x.com/Wendys/status/1374381328326488068","Sweet 16 time. How’s your bracket looking - busted? You’ve still got skin in the game here. Vote in our polls before the games start. 

https://t.co/1lu7FutJLV","1","0.5282","medium","0.0","0.264182","0","","","","no_human"
"599","1373614761972207618","https://x.com/Wendys/status/1373614761972207618","Round two is poppin off! Think you know your bracket? Vote in our polls before the games start. 📊🏀

https://t.co/RL12aq9NsP","0","0.4881","low","0.0","0.232052","0","","","","no_human"
"600","1372971843255164934","https://x.com/Wendys/status/1372971843255164934","Watch us drain some threes in 2k, and score a free Honey Butter Chicken Biscuit this Saturday. 😎🍯
https://t.co/P0GZ7DIn5g","0","0.3790","low","0.0","0.222503","0","","","","no_human"
"601","1372888082979061767","https://x.com/Wendys/status/1372888082979061767","FREE Honey Butter Chicken Biscuit today and Saturday, NO CATCH. See? No losers in Biscuitball.🤘🏽🍯 https://t.co/VjyFP6uFAj","0","0.4147","low","0.0","0.213837","0","","","","no_human"
"602","1372525850625765382","https://x.com/Wendys/status/1372525850625765382","RT @Wendys: It’s Biscuitball time! Get your FREE Honey Butter Chicken Biscuit N-N-N-NOOOOW. https://t.co/VUOxg9hz3r","0","0.3702","low","0.0","0.272753","0","","","","no_human"
"603","1372243633731145729","https://x.com/Wendys/status/1372243633731145729","great, now it's stuck in my head again","1","0.5600","medium","0.0","0.372766","0","","","","no_human"
"604","1372241709497774085","https://x.com/Wendys/status/1372241709497774085","Direct deposit $1,400

Me at @Wendys: 🚨Bag alert major bag alert!!!🚨

💰💰💰","0","0.4784","low","0.11","0.505793","0","","","","no_human"
"605","1372210239014047750","https://x.com/Wendys/status/1372210239014047750","We don’t know if y’all remember but it’s Biscuitball season out here. That means ya get a free Honey Butter Chicken Biscuit this Thursday, Friday, and  Saturday only.","0","0.4739","low","0.0","0.314106","0","","","","no_human"
"606","1371833939149664261","https://x.com/Wendys/status/1371833939149664261","Starting your day with a W, just like our name.","1","0.5125","medium","0.0","0.436341","0","","","","no_human"
"607","1371831384575197186","https://x.com/Wendys/status/1371831384575197186","RT @Wendys: It’s FREE HONEY BUTTER CHICKEN BISCUITBALL TIME. ❤️  this tweet and we’ll remind you on Thursday 3/18 when you can score a free…","1","0.5258","medium","0.0","0.325014","0","","","","no_human"
"608","1371829641674158086","https://x.com/Wendys/status/1371829641674158086","I’m having @Wendys breakfast W or L","0","0.4442","low","0.0","0.450024","0","","","","no_human"
"609","1371526729534222338","https://x.com/Wendys/status/1371526729534222338","Ok, true story time: they are square because they have four equal sides that meat at 90 degree angles","1","0.5989","medium","0.0","0.469474","0","","","","no_human"
"610","1371490866053939204","https://x.com/Wendys/status/1371490866053939204","Y’all get ready - March Madness is HERE. Pick your winners before the games tip off.

https://t.co/6hiCkU96fN","0","0.4923","low","0.0","0.372812","0","","","","no_human"
"611","1371097041837916163","https://x.com/Wendys/status/1371097041837916163","RT @Wendys: It’s MARCH MADNESS TIME, BABY. Choose wisely in our tournament polls and we’ll hook you up with some sweet deals.

❤️ this twee…","1","0.5231","medium","0.2","0.539347","0","","","","no_human"
"612","1370810525907611652","https://x.com/Wendys/status/1370810525907611652","@Wendys 
What is the true story of why the burgers are square","1","0.5685","medium","0.0","0.477933","0","","","","no_human"
"613","1370809149626417152","https://x.com/Wendys/status/1370809149626417152","I’d say your favorite combo is your new jersey number, but then everybody would be 44.","0","0.4813","low","0.0","0.426652","0","","","","no_human"
"614","1370782992117866498","https://x.com/Wendys/status/1370782992117866498","Utah State’s Marco Anthony says he chose the No. 44 jersey because of Wendy’s “4 for $4” deal 😭 @brhoops(via @CBSSports) https://t.co/4uCGrqzGJ4","0","0.4313","low","0.11","0.434565","0","","","","no_human"
"615","1370466586314866690","https://x.com/Wendys/status/1370466586314866690","We’re back to making an Impact. Grab your FREE Spicy 10-Piece in our app, and then hop in the stream. https://t.co/P0GZ7DIn5g","0","0.4850","low","0.0","0.212508","0","","","","no_human"
"616","1370124888049061895","https://x.com/Wendys/status/1370124888049061895","It’s MARCH MADNESS TIME, BABY. Choose wisely in our tournament polls and we’ll hook you up with some sweet deals.

❤️ this tweet and we’ll hit you up when it’s time to vote in each tourney round. https://t.co/rvWMGK1xv6","1","0.5690","medium","0.0","0.343828","0","","","","no_human"
"617","1370109813070381066","https://x.com/Wendys/status/1370109813070381066","It’s FREE HONEY BUTTER CHICKEN BISCUITBALL TIME. ❤️  this tweet and we’ll remind you on Thursday 3/18 when you can score a free Honey Butter Chicken Biscuit. https://t.co/YuVPLdfMj9","0","0.4929","low","0.0","0.240671","0","","","","no_human"
"618","1369742953468604420","https://x.com/Wendys/status/1369742953468604420","It’s Biscuitball time! Get your FREE Honey Butter Chicken Biscuit N-N-N-NOOOOW. https://t.co/VUOxg9hz3r","0","0.3947","low","0.0","0.228114","0","","","","no_human"
"619","1368978891755380743","https://x.com/Wendys/status/1368978891755380743","#SecureThe","1","0.5163","medium","0.0","0.40964","0","","","","no_human"
"620","1368637437984055298","https://x.com/Wendys/status/1368637437984055298","-- .- .--- --- .-. / -... .- --. / .- .-.. . .-. - https://t.co/g7tAghxwko","0","0.3990","low","0.0","0.08009","0","","","","no_human"
"621","1368637272153853952","https://x.com/Wendys/status/1368637272153853952","-. ..- --. --. . - ... / ..-. .-. .. . ... / .- -. -.. / -.. .-. .. -. -.- / ..-. --- .-. / ..... / -... ..- -.-. -.- … https://t.co/4TCk8VnxrZ","0","0.3990","low","0.0","0.08009","0","","","","no_human"
"622","1368636998651625473","https://x.com/Wendys/status/1368636998651625473","-... .- -.-. --- -. / -.. --- ..- -... .-.. . / ... - .- -.-. -.- https://t.co/G0NgxWgfee","0","0.3990","low","0.0","0.08009","0","","","","no_human"
"623","1367867943225356289","https://x.com/Wendys/status/1367867943225356289","Our new Jalapeño Popper Chicken Sandwich is the sandwich of the future. To celebrate, we’re answering all your questions about the future. Ask us anything.","1","0.5062","medium","0.0","0.375104","0","","","","no_human"
"624","1367313189030006787","https://x.com/Wendys/status/1367313189030006787","it’s all boneless","1","0.5610","medium","0.0","0.40964","0","","","","no_human"
"625","1365415423047577602","https://x.com/Wendys/status/1365415423047577602","Should I ban george again?","1","0.5262","medium","0.0","0.40964","0","","","","no_human"
"626","1365376931051548678","https://x.com/Wendys/status/1365376931051548678","Well, you convinced us to play genshin impact, but now you have to come to the stream and help us figure out what we’re doing. Let’s do it! https://t.co/P0GZ7DIn5g","1","0.5961","medium","0.0","0.349897","0","","","","no_human"
"627","1364258730125197314","https://x.com/Wendys/status/1364258730125197314","What’s poppin? Is that a thing people say still? Anyway, the answer is this Jalapeño Popper Chicken Sandwich. It rules.","1","0.5455","medium","0.62","0.623731","0","","","","no_human"
"628","1363171560652083201","https://x.com/Wendys/status/1363171560652083201","The future of flavor is now with the new Jalapeño Popper Chicken Sandwich from Wendy’s. Try one today for free with $0 delivery through @Grubhub. Minimum $15 purchase.","0","0.3977","low","0.0","0.381846","0","","","","no_human"
"629","1362850965838258179","https://x.com/Wendys/status/1362850965838258179","We’re kicking bass and takin lakes! We’re reelin in some fresh fish and dealin out our new Crispy Panko Fish Sandwich. Check out our stream now! It’s guaranteed to be as exciting as actual fishing: https://t.co/P0GZ7DIn5g","1","0.5068","medium","0.0","0.366997","0","","","","no_human"
"630","1362440584418398211","https://x.com/Wendys/status/1362440584418398211","The next big thing in chicken tech? Tune in to find out. #innovation 

https://t.co/KuBLjReml9","0","0.4551","low","0.0","0.296401","0","","","","no_human"
"631","1361826031137652737","https://x.com/Wendys/status/1361826031137652737","Oh no...how embarrassing. Hopefully no one reads this.","1","0.5519","medium","0.0","0.40054","0","","","","no_human"
"632","1361822944658403342","https://x.com/Wendys/status/1361822944658403342","Woah! Wendy’s new sandwich looks incredible! 🤯 https://t.co/oNH81IT13O","0","0.4473","low","0.0","0.357105","0","","","","no_human"
"633","1360298310762979329","https://x.com/Wendys/status/1360298310762979329","Savor the moment. The best roasts of #NationalRoastDay 2021 are right here. https://t.co/naLA8BFQrw","1","0.5100","medium","0.5","0.654064","0","","","","no_human"
"634","1360011130048049153","https://x.com/Wendys/status/1360011130048049153","Well, that was fun. To all of those we torched, as they say, “you roast the ones you love.” If we didn’t get to you, maybe that’s the biggest burn of all. Either way, Free Frosty-ccino in the Wendy’s app all week long! #NationalRoastDay","1","0.5596","medium","0.5","0.671937","0","","","","no_human"
"635","1360007619256209416","https://x.com/Wendys/status/1360007619256209416","lol a true national treasure","1","0.5323","medium","0.0","0.445344","0","","","","no_human"
"636","1359994334532276225","https://x.com/Wendys/status/1359994334532276225","@Wendys sorry for the wait, all good things take time- you wouldn't know anything about that @Wendys #NationalRoastDay https://t.co/roqi9qdbKV","0","0.4628","low","0.5","0.678235","0","","","","no_human"
"637","1359988657097240576","https://x.com/Wendys/status/1359988657097240576","Creating a food empire off of insulting people to stay relevant? Real original, Gordon. #NationalRoastDay https://t.co/a1wcHSZA5J","0","0.4726","low","0.5","0.656905","0","","","","no_human"
"638","1359979789214494721","https://x.com/Wendys/status/1359979789214494721","@Wendys https://t.co/bJfDtVu9ZJ","0","0.3585","low","0.0","0.286249","0","","","","no_human"
"639","1359973584878391306","https://x.com/Wendys/status/1359973584878391306","Looks like you're about to open up a circle pit at a Build-A-Bear. #NationalRoastDay","1","0.5660","medium","0.5","0.738957","0","","","","no_human"
"640","1359967792624238592","https://x.com/Wendys/status/1359967792624238592","For those who don’t mind pulling out a QR code on a date on a Tuesday. #NationalRoastDay","0","0.4763","low","0.5","0.715207","0","","","","no_human"
"641","1359944987291627520","https://x.com/Wendys/status/1359944987291627520","@Wendys do you have any two for one roast me deals?","1","0.5122","medium","0.5","0.744773","0","","","","no_human"
"642","1359943682221363204","https://x.com/Wendys/status/1359943682221363204","You're what people put up to scare the scarecrows.

Loved your work in trolls world tour

If you give this guy a swirlie he'll clean your toilet.

Washed up Ryan Cabrera is definitely on the way down.

Boom 4for4 #NationalRoastDay","1","0.5448","medium","0.5","0.677488","0","","","","no_human"
"643","1359936703495045122","https://x.com/Wendys/status/1359936703495045122","What is this, take your child to work day at a funeral home?
#NationalRoastDay","1","0.5396","medium","0.5","0.696335","0","","","","no_human"
"644","1359932399870738433","https://x.com/Wendys/status/1359932399870738433","Please stop ruining cookies. #NationalRoastDay","1","0.5311","medium","0.5","0.768265","0","","","","no_human"
"645","1359931378826027009","https://x.com/Wendys/status/1359931378826027009","@Wendys One roast, please","0","0.4557","low","0.5","0.744773","0","","","","no_human"
"646","1359923876583645184","https://x.com/Wendys/status/1359923876583645184","Not even a Sarah MacLachlan track would make me want you. #NationalRoastDay","1","0.5798","medium","0.5","0.709086","0","","","","no_human"
"647","1359920580439457799","https://x.com/Wendys/status/1359920580439457799","@Wendys Roast me.","0","0.4988","low","0.5","0.744773","0","","","","no_human"
"648","1359919274958196736","https://x.com/Wendys/status/1359919274958196736","Congrats on being the world’s first stale flavored chip.  #NationalRoastDay","1","0.5291","medium","0.5","0.716877","0","","","","no_human"
"649","1359919021202825223","https://x.com/Wendys/status/1359919021202825223","@Wendys We're ready... maybe... ROAST US","1","0.5349","medium","0.61","0.731149","0","","","","no_human"
"650","1359908897054732290","https://x.com/Wendys/status/1359908897054732290","Even Papa John wouldn't eat 40 of you in 30 days. #NationalRoastDay","1","0.5161","medium","0.5","0.697889","0","","","","no_human"
"651","1359905095396323335","https://x.com/Wendys/status/1359905095396323335","How are you a verified account when you're not even verified cheese? #NationalRoastDay","1","0.5896","medium","0.5","0.719255","0","","","","no_human"
"652","1359903118033620994","https://x.com/Wendys/status/1359903118033620994","@Wendys ROAST US PLEASE VVENDY","0","0.4782","low","0.61","0.783273","0","","","","no_human"
"653","1359902805901910026","https://x.com/Wendys/status/1359902805901910026","Dude, your eyes need to start practicing some social distancing. #NationalRoastDay","1","0.5296","medium","0.56","0.709193","0","","","","no_human"
"654","1359901868797870084","https://x.com/Wendys/status/1359901868797870084","@Wendys Roast Me","0","0.4988","low","0.5","0.744773","0","","","","no_human"
"655","1359901806403477504","https://x.com/Wendys/status/1359901806403477504","@Wendys burn me like the roof of a mouth","0","0.4883","low","0.5","0.664169","0","","","","no_human"
"656","1359895187464613889","https://x.com/Wendys/status/1359895187464613889","Time for everybody’s favorite made up social media holiday. It’s #NationalRoastDay, like right now.
Drop a “Roast Me” below and feel the burn.","1","0.5463","medium","0.5","0.721976","0","","","","no_human"
"657","1359577880326524935","https://x.com/Wendys/status/1359577880326524935","#NationalRoastDay is tomorrow.
If you didn’t know, now you know. Either way, you’re a jabroni.","1","0.5135","medium","0.5","0.703043","0","","","","no_human"
"658","1359215493626949637","https://x.com/Wendys/status/1359215493626949637","rOaSt Me WeNdY’s
Fine. Come back on Thursday cause we’re roasting everyone on Thursday cause Thursday is #NationalRoastDay","1","0.5584","medium","0.5","0.713754","0","","","","no_human"
"659","1358460514238681089","https://x.com/Wendys/status/1358460514238681089","If football isn’t your thing, that’s cool. $0 delivery is for everyone. Get Wendy’s delivered with $0 delivery fee on all orders of $15 or more with Grubhub.","0","0.4713","low","0.0","0.449884","0","","","","no_human"
"660","1357769514528743424","https://x.com/Wendys/status/1357769514528743424","Watch us make some Totally Reliable Deliveries while getting $0 delivery on Grubhub with $15 minimum order. We’re streaming live now: https://t.co/P0GZ7DIn5g","1","0.5010","medium","0.26","0.566293","0","","","","no_human"
"661","1356328102188748802","https://x.com/Wendys/status/1356328102188748802","Making a mcstake can happen, just glad you learned from it.","1","0.6256","medium","0.0","0.397171","0","","","","no_human"
"662","1356321677743976450","https://x.com/Wendys/status/1356321677743976450","@Wendys can't lie. Just ate mcdonald's spicy nuggets to try them. I'm truly sorry I cheated. They were horrible!","1","0.5428","medium","0.11","0.485092","0","","","","no_human"
"663","1355323114280906760","https://x.com/Wendys/status/1355323114280906760","Time for the Knuckle Huck. Watch them bust out the moves you’ll still be thinking about when you’re eating your Honey Butter Chicken Biscuit tomorrow morning.","0","0.4533","low","0.26","0.481408","0","","","","no_human"
"664","1355322273226493959","https://x.com/Wendys/status/1355322273226493959","Watch the LIVESTREAM of the Wendy's Snowboard Knuckle Huck event at #XGames Aspen 2021! 🏂 https://t.co/Dt5syy3wbO","0","0.4812","low","0.26","0.560274","0","","","","no_human"
"665","1355230683392860162","https://x.com/Wendys/status/1355230683392860162","We’re back on Twitch, getting dubs in Overwatch. Speaking of dubs, you can also get yourself two select breakfast sandwiches for $4 now! https://t.co/P0GZ7DIn5g","1","0.5087","medium","0.0","0.360757","0","","","","no_human"
"666","1354800178872659972","https://x.com/Wendys/status/1354800178872659972","Did other places knowingly expose you to a reheated breakfast that was frozen weeks ago? Get Wendy’s on your side. https://t.co/Awh4fPeSHQ","1","0.5097","medium","0.0","0.378768","0","","","","no_human"
"667","1352663870469500930","https://x.com/Wendys/status/1352663870469500930","https://t.co/gTk92jCiXY","0","0.3990","low","0.0","0.08009","0","","","","no_human"
"668","1346894350182182912","https://x.com/Wendys/status/1346894350182182912","Hey funny zoom background guy, it’s a new year. That means finding something else to make up for your lack of personality, and also #NationalRoastDay is about to be back! SOON.","1","0.5144","medium","0.5","0.634812","0","","","","no_human"
"669","1342838056269840385","https://x.com/Wendys/status/1342838056269840385","Right now on Uber Eats you can get a $0 delivery fee on orders of $15 or more. So bring on the burgers and nuggs, y’all. https://t.co/rohZdtqoT7","1","0.5215","medium","0.0","0.419428","0","","","","no_human"
"670","1341065714313117701","https://x.com/Wendys/status/1341065714313117701","It’s officially time to #wakeandbaconate friends. Tune in now to party Baconator style with @MMATAband. https://t.co/sBU6LY5J27","0","0.4379","low","0.0","0.320452","0","","","","no_human"
"671","1340011507661365248","https://x.com/Wendys/status/1340011507661365248","It’s almost time to #wakeandbaconate. Join us live with @MMATAband on Monday 12/21 at 12pm ET. Set your reminders now! https://t.co/ehn3t8x7Za","0","0.4666","low","0.0","0.369978","0","","","","no_human"
"672","1340008979494301696","https://x.com/Wendys/status/1340008979494301696","First we wake, then we BACONATE! @MMATAband, you ready?","1","0.5319","medium","0.0","0.467293","0","","","","no_human"
"673","1339940203688046593","https://x.com/Wendys/status/1339940203688046593","Skate at a Wendy’s? Skate at a Wendy’s. Watch us grind the rails live while we Skate and Baconate: https://t.co/sQfjVH1iaa","1","0.5471","medium","0.2","0.443454","0","","","","no_human"
"674","1339620945347178500","https://x.com/Wendys/status/1339620945347178500","Listen, the family photo shoot turned out great, but Baconator makes everything better. Send us your family holiday card, and we will Baconate the heck out of it.","1","0.5414","medium","0.0","0.366498","0","","","","no_human"
"675","1338606048823881728","https://x.com/Wendys/status/1338606048823881728","If a Baconator party stops, you’re doing it wrong.

Get to Wendy’s and try a free Breakfast Baconator with purchase in the app.","1","0.5121","medium","0.0","0.254296","0","","","","no_human"
"676","1338523478648107011","https://x.com/Wendys/status/1338523478648107011","Ain’t no party like a Baconator party cause a Baconator party…","1","0.5295","medium","0.0","0.382417","0","","","","no_human"
"677","1337140424444669954","https://x.com/Wendys/status/1337140424444669954","We’re live and we’re taking next-gen to the next level. Watch @itshafu enjoy the sweet taste of victory and other dope menu items thanks to @UberEats. The graphics on these games aren’t the only thing crispy round here. Iykyk lol. https://t.co/IiVQtgeT16","1","0.5139","medium","0.0","0.398275","0","","","","no_human"
"678","1336068202917466113","https://x.com/Wendys/status/1336068202917466113","Soooo you guys keep asking us to stream more on @Twitch so how about this. We partnered with @UberEats and five of the biggest streamers and we’re going to stream for five days straight. You ask and you shall receive. W’s in the chat all day, let’s go. https://t.co/IiVQtgeT16 https://t.co/G5RgtnVQcL","0","0.4801","low","0.2","0.430786","0","","","","no_human"
"679","1335041387566411777","https://x.com/Wendys/status/1335041387566411777","Get your favorite burger before we listen to all our favorite hits. Get a FREE Baconator on @postmates with any order of $15 or more with code: BACONATOR (that one’s easy to remember). https://t.co/K7xiyEljYQ","0","0.4280","low","0.0","0.328265","0","","","","no_human"
"680","1334880343938240513","https://x.com/Wendys/status/1334880343938240513","Time to grab a bite before Dolly Parton goes live tonight at 9pm Et! We’re gonna have a Grand Ole time. Tune in here: https://t.co/0qvXb4u2LR","1","0.5579","medium","0.11","0.41788","0","","","","no_human"
"681","1334613261128495106","https://x.com/Wendys/status/1334613261128495106","Baconator O’Clock=the perf time to baconate, if we do say so ourselves. 

Get to Wendy’s and start baconating with a free Breakfast Baconator with purchase in the app.","1","0.5102","medium","0.0","0.274714","0","","","","no_human"
"682","1334521075930173446","https://x.com/Wendys/status/1334521075930173446","When do you prefer to Baconate?","1","0.5785","medium","0.0","0.40964","0","","","","no_human"
"683","1333884282247532544","https://x.com/Wendys/status/1333884282247532544","We’re not gonna say there was a right answer to this, but this seems like y’all were on it. 

Get to Wendy’s and see for yourself, with a free Breakfast Baconator with purchase in the app.","1","0.5191","medium","0.11","0.327317","0","","","","no_human"
"684","1333868626395455492","https://x.com/Wendys/status/1333868626395455492","red sus","1","0.5163","medium","0.09","0.44114","0","","","","no_human"
"685","1333864403498795008","https://x.com/Wendys/status/1333864403498795008","Made my first sale on #Redbubble, now I have to figure out how to spend my 22¢! ☺️ @Wendys #AmongUs https://t.co/e7xNqM7tME","1","0.5296","medium","0.0","0.25362","0","","","","no_human"
"686","1333813017507749888","https://x.com/Wendys/status/1333813017507749888","How many Baconators would a Baconator Baconate if a Baconator could Baconate?","1","0.5287","medium","0.0","0.332471","0","","","","no_human"
"687","1332670830015180803","https://x.com/Wendys/status/1332670830015180803","🥓 Morning win! 🥓 $5 off Breakfast thru Grubhub. Get it. https://t.co/mhOghjfBS4","1","0.5169","medium","0.11","0.366435","0","","","","no_human"
"688","1329515439312039940","https://x.com/Wendys/status/1329515439312039940","Prove it","1","0.5906","medium","0.0","0.336046","0","","","","no_human"
"689","1329177361267429376","https://x.com/Wendys/status/1329177361267429376","Putting stories in the Wendy's app.
jk no one asked for that. https://t.co/AqIA0o1C2V","1","0.5075","medium","0.2","0.340321","0","","","","no_human"
"690","1328791788988096512","https://x.com/Wendys/status/1328791788988096512","WE’RE GOIN’ TO WENDY’S https://t.co/mPMwZMygLo","1","0.5523","medium","0.0","0.249461","0","","","","no_human"
"691","1328791501787303946","https://x.com/Wendys/status/1328791501787303946",".@Wendys You just won the Chicken Wars! 
What are you gonna do next?","1","0.5083","medium","0.11","0.443212","0","","","","no_human"
"692","1328412660241723395","https://x.com/Wendys/status/1328412660241723395","We’re LIVE! Join us for the BIG reveal! 
https://t.co/ZeJ0fIdqvH","0","0.4912","low","0.0","0.08009","0","","","","no_human"
"693","1328399983230455811","https://x.com/Wendys/status/1328399983230455811","Going live with a BIG announcement 👀 today at 2 PM EST... Seats are filling up! https://t.co/ZeJ0fIdqvH","0","0.4729","low","0.11","0.365043","0","","","","no_human"
"694","1327327865160036352","https://x.com/Wendys/status/1327327865160036352","Only an impostor would not watch this stream. Don’t be sus, join us live: https://t.co/P0GZ7DIn5g","0","0.4937","low","0.32","0.467997","0","","","","no_human"
"695","1326978864002834432","https://x.com/Wendys/status/1326978864002834432","Are you releasing Roy the game on next-gen consoles?","1","0.5354","medium","0.0","0.444618","0","","","","no_human"
"696","1326978186907934722","https://x.com/Wendys/status/1326978186907934722","The Citadel of Ricks Giftshop and @wendys are having an intergalactic mystery giveaway. Comment what you think it is, and visit the Adult Swim Festival this Saturday to find out. https://t.co/x00SKqsoBP #ad https://t.co/110NI0Rg3W","0","0.4960","low","0.0","0.154773","0","","","","no_human"
"697","1326632246615355392","https://x.com/Wendys/status/1326632246615355392","About to go to town on this Chicken Sandwich. Classic.","0","0.4883","low","0.0","0.339536","0","","","","no_human"
"698","1326223240927260674","https://x.com/Wendys/status/1326223240927260674","Get our new Classic Chicken Sandwich FREE with any purchase in the app. https://t.co/jhxRPD6jXH","0","0.3748","low","0.0","0.168082","0","","","","no_human"
"699","1326221906916352003","https://x.com/Wendys/status/1326221906916352003","Y’all want a free chicken sandwich?","0","0.4698","low","0.0","0.35871","0","","","","no_human"
"700","1325888740473139203","https://x.com/Wendys/status/1325888740473139203","We just dropped our New Classic Chicken Sandwich, and it’s no contest when you can get that bad boy for free with purchase in the app. https://t.co/jhxRPD6jXH https://t.co/SVPfVLvggj","0","0.4795","low","0.0","0.156103","0","","","","no_human"
"701","1321891566982701056","https://x.com/Wendys/status/1321891566982701056","Something spooky is happening...👀 https://t.co/8nGgdpxoLB","0","0.4326","low","0.11","0.11859","0","","","","no_human"
"702","1321887986288656388","https://x.com/Wendys/status/1321887986288656388","That was fun. Now check out our app for a free croissant breakfast sandwich tomorrow. Nothing’s scarier than a bad breakfast. https://t.co/9OJPFH5ns3","0","0.4804","low","0.0","0.284575","0","","","","no_human"
"703","1321830152662327297","https://x.com/Wendys/status/1321830152662327297","Need a set of eyes on those costumes before Halloween? Reply to this tweet with a pic and we’ll let you know what we think.","1","0.5686","medium","0.0","0.442921","0","","","","no_human"
"704","1321490902083395585","https://x.com/Wendys/status/1321490902083395585","when it's thanksgiving in 2009","1","0.5854","medium","0.0","0.40964","0","","","","no_human"
"705","1321203076171182080","https://x.com/Wendys/status/1321203076171182080","that fry is longer than waiting for a text back","1","0.5129","medium","0.0","0.371237","0","","","","no_human"
"706","1321196722144661505","https://x.com/Wendys/status/1321196722144661505","Hey @Wendys is this a record? https://t.co/DJbQxCo5gx","0","0.4147","low","0.0","0.299137","0","","","","no_human"
"707","1320026678421295105","https://x.com/Wendys/status/1320026678421295105","Looking for your new fave? Twist things up with a Pretzel Pub Combo. $0 Delivery fee on orders of $15 or more when you order through Uber Eats! https://t.co/nrjxU8U9hH","0","0.4402","low","0.0","0.373521","0","","","","no_human"
"708","1319708105542979588","https://x.com/Wendys/status/1319708105542979588","128.
Get a free croissant sandwich in the app tomorrow morning and count for yourself.","0","0.4751","low","0.0","0.270574","0","","","","no_human"
"709","1319700706820063234","https://x.com/Wendys/status/1319700706820063234","It’s officially layer szn, baby. 
Reply to this tweet with how many layers you think our breakfast croissant sandwiches have. HINT: It’s not 136.","1","0.5894","medium","0.0","0.356961","0","","","","no_human"
"710","1319308816173928449","https://x.com/Wendys/status/1319308816173928449","Want that blue shell with a side of fries? We’re playing Mario Kart Live all over this Wendy’s right now: https://t.co/P0GZ7DIn5g","1","0.5078","medium","0.0","0.410336","0","","","","no_human"
"711","1318624118070280192","https://x.com/Wendys/status/1318624118070280192","lol hope they'll still take your return at Spirit Halloween after the stink of this tweet gets on the costume","1","0.5224","medium","0.0","0.396291","0","","","","no_human"
"712","1318616066386481152","https://x.com/Wendys/status/1318616066386481152","Stick to pushing the food that’s so “good”you took it out of your name. 

My grandma has more heat in her roasts.","1","0.5797","medium","0.0","0.437042","0","","","","no_human"
"713","1318582764652867591","https://x.com/Wendys/status/1318582764652867591","Here’s some advice about spice: It’s always better on a donut (like the Spicy Ghost Pepper Donut). 🔥🍩 #DunkinSpicySide https://t.co/gcdvThyXpK","1","0.5045","medium","0.11","0.370498","0","","","","no_human"
"714","1318226099516678147","https://x.com/Wendys/status/1318226099516678147","Check out Chef @Mike_Haracz chowing down on the Pretzel Bacon Pub Cheeseburger.
 
Yeah, it’s really that good.  #WendysPretzelPubTasting https://t.co/cyvXw3yOmw","0","0.4886","low","0.0","0.359644","0","","","","no_human"
"715","1316823356168114176","https://x.com/Wendys/status/1316823356168114176","Maybe we ARE the imposter, because we’re killing the meme. Don’t be sus, watch the stream now, because we’re LIVE: https://t.co/ppA1jjDCuK","1","0.5358","medium","0.32","0.474278","0","","","","no_human"
"716","1316371848960061440","https://x.com/Wendys/status/1316371848960061440","You put in the work, now it’s time for your reward. Head to @UberEats now and get up to 30% off breakfast today through Friday morning with code: WENDYS30","0","0.4653","low","0.0","0.437618","0","","","","no_human"
"717","1316077291592716289","https://x.com/Wendys/status/1316077291592716289","Don’t thank us, thank yourselves. 10.8K RT’s means y’all made this coupon worth up to 30% off any Wendy’s breakfast order. Use code WENDYS30 in the @UberEats app Wednesday through Friday to treat yo self. https://t.co/DSsRWbFuA6","0","0.3958","low","0.26","0.503489","0","","","","no_human"
"718","1315790897695666176","https://x.com/Wendys/status/1315790897695666176","the first thing you order when you leave the bubble","1","0.5480","medium","0.0","0.43666","0","","","","no_human"
"719","1315778050697523200","https://x.com/Wendys/status/1315778050697523200","444 https://t.co/KFOMfD2P7k","0","0.4547","low","0.0","0.240852","0","","","","no_human"
"720","1315698806793687040","https://x.com/Wendys/status/1315698806793687040","For the next 24 hrs, this Wendy’s Breakfast coupon to use on @UberEats will get more valuable every time you retweet it (One retweet per person, ya animals). If you wanna pay full price for breakfast this week, ignore this tweet. https://t.co/jY9a37GZXx","0","0.4823","low","0.11","0.44456","0","","","","no_human"
"721","1314300635400073216","https://x.com/Wendys/status/1314300635400073216","feelin frosty","0","0.4869","low","0.0","0.452991","0","","","","no_human"
"722","1314279488394596353","https://x.com/Wendys/status/1314279488394596353","We’re LIVE with former [redacted] chef, Chef @mike_haracz! Check it out as he gets down on the Pretzel Bacon Pub Cheeseburger.  https://t.co/12qD4oXp4p","1","0.5062","medium","0.0","0.356423","0","","","","no_human"
"723","1314250917953318912","https://x.com/Wendys/status/1314250917953318912","Burger King could never https://t.co/5aCAxQtEXM","1","0.5294","medium","0.0","0.08009","0","","","","no_human"
"724","1313576456031797256","https://x.com/Wendys/status/1313576456031797256","We’re going LIVE on 10/8 at 3pm ET with @mike_haracz, diving face first into the new Pretzel Bacon Pub Cheeseburger. Set your reminder now! https://t.co/12qD4oXp4p","0","0.4544","low","0.0","0.376049","0","","","","no_human"
"725","1310646202082492417","https://x.com/Wendys/status/1310646202082492417","don't think they'll live long, or prosper tbh","1","0.5285","medium","0.11","0.468592","0","","","","no_human"
"726","1310644972941701122","https://x.com/Wendys/status/1310644972941701122","@Wendys what you think of McDonald’s Spock nuggets😳😳","1","0.5121","medium","0.0","0.482055","0","","","","no_human"
"727","1309849985589145601","https://x.com/Wendys/status/1309849985589145601","Celebrate National Breakfast day with the Queen 👑. Here’s $5 off breakfast when ya order thru @Grubhub. No minimum, just lots of yum. YA WELCOME.","1","0.5308","medium","0.11","0.488592","0","","","","no_human"
"728","1309543210793009152","https://x.com/Wendys/status/1309543210793009152","Pretzel Bacon Pub Cheeseburger. @DrPepper. We call it the Dr PubberCombo. Well, not officially, but you could. https://t.co/Hcn54JRQiy","1","0.5735","medium","0.0","0.321844","0","","","","no_human"
"729","1308105339255107589","https://x.com/Wendys/status/1308105339255107589","Just making sure they see this","1","0.5360","medium","0.0","0.429538","0","","","","no_human"
"730","1306967559766409218","https://x.com/Wendys/status/1306967559766409218","So we have this cheeseburger, and it’s got this pretzel bun, and some beer cheese, and some onion tanglers, and some bacon, and then there’s some more cheese. Folks, it’s super good.","1","0.5422","medium","0.0","0.388312","0","","","","no_human"
"731","1306035620494671874","https://x.com/Wendys/status/1306035620494671874","Concert is live! Get your food on with Uber Eats, you can order the Pretzel Bacon Pub Cheeseburger, Spicy Nuggs, and whatever else you want with $0 Delivery Fee on Wendy's orders with $10 min. Terms and other fees apply. See Uber Eats for availability. https://t.co/IfR64uwusI","0","0.4600","low","0.0","0.397241","0","","","","no_human"
"732","1305922483883835392","https://x.com/Wendys/status/1305922483883835392","Hit the drive thru and get ready for @thekillers going live tonight at 9pm ET! 
Tune in here: https://t.co/IfR64uwusI","0","0.4673","low","0.11","0.421302","0","","","","no_human"
"733","1305523569884094468","https://x.com/Wendys/status/1305523569884094468","You wanted a pretzel bun, you got… a lot more than that. Introducing the Pretzel Bacon Pub Lineup. https://t.co/QCOQWFioGl","1","0.5245","medium","0.0","0.27937","0","","","","no_human"
"734","1303726230966075392","https://x.com/Wendys/status/1303726230966075392","Sliding into your mentions like https://t.co/kKfWx8zdMO","0","0.4889","low","0.0","0.305232","0","","","","no_human"
"735","1303348684541882368","https://x.com/Wendys/status/1303348684541882368","You’re awake anyway, might as well get that BOGO for a $1 breakfast. Come through.","1","0.5081","medium","0.0","0.401868","0","","","","no_human"
"736","1301938615392636929","https://x.com/Wendys/status/1301938615392636929","We didn’t just bring back the pretzel bun, we brought you the Pretzel Bacon Pub Cheeseburger. And now Postmates will bring it to you for FREE with a $15 minimum purchase. https://t.co/eM8HxPFLq7","1","0.5010","medium","0.5","0.580068","0","","","","no_human"
"737","1301868598751830016","https://x.com/Wendys/status/1301868598751830016","Drop in, hop the gap, eat some breakfast, 360 nosegrab, grab the tape, spell S-K-A-T-E, eat more breakfast, repeat. 🤙🤙🤙 https://t.co/P0GZ7DIn5g","0","0.4879","low","0.0","0.39622","0","","","","no_human"
"738","1301249157164945410","https://x.com/Wendys/status/1301249157164945410","Yo @Pringles at the count of three list the craziest thing you’ve ever dipped into a Frosty…1…2…3…","0","0.4491","low","0.0","0.437346","0","","","","no_human"
"739","1301144281281974274","https://x.com/Wendys/status/1301144281281974274","Get a little breakfast, and then double it for a dollar. We’re talking buy one get one for $1 breakfast goodness.","1","0.5187","medium","0.0","0.437541","0","","","","no_human"
"740","1300919000088670208","https://x.com/Wendys/status/1300919000088670208","MOOD https://t.co/l27aPssBFv","0","0.3990","low","0.09","0.11159","0","","","","no_human"
"741","1300451564763709440","https://x.com/Wendys/status/1300451564763709440","Friends don’t let friends miss a breakfast BOGO. https://t.co/1BDp1fKpa4","0","0.4790","low","0.0","0.398926","0","","","","no_human"
"742","1300224121142497280","https://x.com/Wendys/status/1300224121142497280","We’re proud to be a supporter of this year’s American Black Film Festival Awards. Check it out Live Now:","1","0.5062","medium","0.0","0.437316","0","","","","no_human"
"743","1300222228978573312","https://x.com/Wendys/status/1300222228978573312","We are now LIVE with the Best of the American Black Film Festival Awards Presented by IMDb! #ABFF @BorisKodjoe @nicolearip
  https://t.co/Iib9qO8qOa","0","0.4159","low","0.0","0.366813","0","","","","no_human"
"744","1299728632114446338","https://x.com/Wendys/status/1299728632114446338","Don’t get it twisted, our collar DOES NOT have a subliminal message!","1","0.5390","medium","0.0","0.459905","0","","","","no_human"
"745","1299061951050518531","https://x.com/Wendys/status/1299061951050518531","Try our new Spicy Crispy Chicken Sandwich in the 444 while you watch us play with new peeps on our Fortnite squad stream. One of those peeps could be you!
https://t.co/sQfjVH1iaa","0","0.4315","low","0.0","0.347149","0","","","","no_human"
"746","1298984742822412288","https://x.com/Wendys/status/1298984742822412288","One for you and one for you. 😎 https://t.co/dk6c4f4GqQ","0","0.4608","low","0.0","0.08009","0","","","","no_human"
"747","1298434773367640065","https://x.com/Wendys/status/1298434773367640065","Must have scraped up all of BKs leftovers and slapped mcprice tag on it.","1","0.5281","medium","0.0","0.40964","0","","","","no_human"
"748","1298343100125937665","https://x.com/Wendys/status/1298343100125937665","@Wendys I see that @McDonalds is coming out with Spicy Nuggets. 🤔 What are your feelings?","0","0.4691","low","0.0","0.485441","0","","","","no_human"
"749","1298099186785759232","https://x.com/Wendys/status/1298099186785759232","Wanna really help your friends that need to up their breakfast game? Now you can buy one, get one for $1. So, yeah, see you in the morning.","1","0.5362","medium","0.11","0.45531","0","","","","no_human"
"750","1297919369109012481","https://x.com/Wendys/status/1297919369109012481","Some of you are still sleeping on our breakfast? Tag a friend that needs a lesson in good, morning eating.","1","0.5220","medium","0.0","0.41899","0","","","","no_human"
"751","1296875748834320388","https://x.com/Wendys/status/1296875748834320388","I dip... you dip...","1","0.5478","medium","0.0","0.40964","0","","","","no_human"
"752","1296530892731682818","https://x.com/Wendys/status/1296530892731682818","The 444 squad is heating things up in Fortnite today. Grab a new Spicy Crispy Chicken Sandwich in the 444 and check out our squad stream on Twitch. https://t.co/P0GZ7DIn5g","0","0.4068","low","0.0","0.348444","0","","","","no_human"
"753","1296241274668961798","https://x.com/Wendys/status/1296241274668961798","Dang, that's probably all the practice we can fit in today. 

Even if you didn't get a new profile pic, you can still get a Spicy 4 for $4","1","0.5417","medium","0.0","0.433324","0","","","","no_human"
"754","1296100179976822785","https://x.com/Wendys/status/1296100179976822785","Been working on the ol' photoshop skills. Hit us up and we’ll spice up your profile pic.","1","0.5332","medium","0.0","0.411898","0","","","","no_human"
"755","1295479727147364352","https://x.com/Wendys/status/1295479727147364352","4 for $4s in this house
4 for $4s in this house
4 for $4s in this house
4 for $4s in this house","0","0.4513","low","0.0","0.40964","0","","","","no_human"
"756","1295466172066836480","https://x.com/Wendys/status/1295466172066836480","4 for 4 ....I’m on my Wendy https://t.co/esqHpaEVRu","0","0.4906","low","0.0","0.249461","0","","","","no_human"
"757","1294036401290321920","https://x.com/Wendys/status/1294036401290321920","scoreboard https://t.co/oEtechUQ2j","0","0.3990","low","0.0","0.08009","0","","","","no_human"
"758","1294005354607542274","https://x.com/Wendys/status/1294005354607542274","Wendy's back on the Fall Guys again

0 dubs so far 😂👌","1","0.5206","medium","0.11","0.505722","0","","","","no_human"
"759","1294001894227161089","https://x.com/Wendys/status/1294001894227161089","We’re going to run it back and play @FallGuysGame. Check out our stream here! https://t.co/P0GZ7DIn5g","1","0.5030","medium","0.0","0.390849","0","","","","no_human"
"760","1293925856734261250","https://x.com/Wendys/status/1293925856734261250","We had a presentation about the power of the internet. 
My professor said we can’t get 44,444 ppl to use the code SPICY444 on @Postmates to get a free 444 delivered to their door. Do you think they’re right?","1","0.5569","medium","0.0","0.440436","0","","","","no_human"
"761","1293571318068240384","https://x.com/Wendys/status/1293571318068240384","We officially have our own podcast. Click the link and check out our first ep. 44,444 of you are definitely not going to want to miss out on this. https://t.co/Ge8PPdNSzX","1","0.5234","medium","0.52","0.603723","0","","","","no_human"
"762","1293256222922203138","https://x.com/Wendys/status/1293256222922203138","Hope your server maintenance is as active as your twitter 😉

(and make sure the crowns aren’t paper)","1","0.6058","medium","0.0","0.455632","1","humor","1","aggressive","match"
"763","1293228415823347718","https://x.com/Wendys/status/1293228415823347718","@Wendys apparently you're really good at twitter, do you have any tips lol","1","0.5550","medium","0.0","0.438441","0","","","","no_human"
"764","1293204516872101891","https://x.com/Wendys/status/1293204516872101891","Where are the podcast lovers at? We’re dropping something fun for you tomorrow.","1","0.5565","medium","0.0","0.412815","0","","","","no_human"
"765","1292880058399567876","https://x.com/Wendys/status/1292880058399567876","Don’t know who needs to hear this but pepper isn’t spicy...this new 444 is thoughhhhh 🥵 https://t.co/H2tx5WJFVc","0","0.3827","low","0.0","0.374389","1","non_humor","0","none","match"
"766","1291837518455779328","https://x.com/Wendys/status/1291837518455779328","4:44 on the clock I’m in my drop top getting some eats.","1","0.5954","medium","0.0","0.46106","1","humor","1","affiliative","match"
"767","1291462568511406081","https://x.com/Wendys/status/1291462568511406081","The burgers are square for a reason.","1","0.5968","medium","0.0","0.40964","1","humor","1","aggressive","match"
"768","1291458005813399555","https://x.com/Wendys/status/1291458005813399555","@Wendys Did someone warn the cows that you were coming? https://t.co/DJwrnWsunU","0","0.4907","low","0.0","0.364023","0","","","","no_human"
"769","1291449766098935808","https://x.com/Wendys/status/1291449766098935808","We like our games like we like our hamburgers: square. Get Wendy’s famous 444 and watch us stream Minecraft today!
https://t.co/sQfjVH1iaa","1","0.5242","medium","0.2","0.469061","0","","","","no_human"
"770","1290387967127814145","https://x.com/Wendys/status/1290387967127814145","Trying to learn a new magic trick, please play along:
Ok, pick a number between four and four.
Now pick it three times.
Now that you’re hungry...
See you in the drive-thru.
Nailed it.","1","0.5591","medium","0.11","0.45484","0","","","","no_human"
"771","1288908749411946497","https://x.com/Wendys/status/1288908749411946497","Real ones know. https://t.co/TRqxRULx4s","0","0.3887","low","0.0","0.321539","1","non_humor","0","none","match"
"772","1288188030881325062","https://x.com/Wendys/status/1288188030881325062","It’s going to be a long day of fishing and catching butterflies on today’s stream. But at least you’ve got an excuse to get yourself a delicious 444. Like you even needed an excuse... https://t.co/sQfjVH1iaa","1","0.5343","medium","0.0","0.336237","0","","","","no_human"
"773","1287856490339078146","https://x.com/Wendys/status/1287856490339078146","Too good to say no. Welcome to the illustrious 444.","1","0.5707","medium","0.0","0.392403","0","","","","no_human"
"774","1287737754223181824","https://x.com/Wendys/status/1287737754223181824","If the day didn't start with a Frosty-ccino, did it even really happen?","1","0.5296","medium","0.0","0.471283","0","","","","no_human"
"775","1287586791235686401","https://x.com/Wendys/status/1287586791235686401","why @wendys should follow me :) https://t.co/lfaSjZOzEI","0","0.4549","low","0.0","0.25362","0","","","","no_human"
"776","1286650842225848321","https://x.com/Wendys/status/1286650842225848321","Wakey wakey, eggs and bac-y-nator.","1","0.6008","medium","0.0","0.40964","1","humor","1","affiliative","match"
"777","1285956361189240832","https://x.com/Wendys/status/1285956361189240832","yes. we bought ad space on every single clock, twice a day, just for this reason. don't let us down.","1","0.5286","medium","0.0","0.41582","0","","","","no_human"
"778","1285658885366386688","https://x.com/Wendys/status/1285658885366386688","We’re heading back to the island for a quick swim. Grab a Strawberry Lemonade to sip while we dip in the stream. https://t.co/P0GZ7DIn5g","1","0.5941","medium","0.0","0.312981","1","humor","1","affiliative","match"
"779","1283561455787347973","https://x.com/Wendys/status/1283561455787347973","Sorry, Nick. No dice.","1","0.6221","medium","0.0","0.40964","1","humor","1","aggressive","match"
"780","1282744963479097345","https://x.com/Wendys/status/1282744963479097345","You want two Spicy Chicken Sandwiches? Toss me $5 and you got a deal.","0","0.4726","low","0.0","0.398799","0","","","","no_human"
"781","1278698388054310913","https://x.com/Wendys/status/1278698388054310913","Black College Communities deserve to be honored and celebrated. Thanks @tmcf_hbcu for taking the time and sharing all of this great info today.","0","0.3832","low","0.0","0.44943","1","non_humor","0","none","match"
"782","1278698264821456899","https://x.com/Wendys/status/1278698264821456899","We’re all looking for opportunities to continue supporting an initiative like this, how can some of our followers make a difference today?

https://t.co/PENdl3CP59","0","0.4932","low","0.0","0.352278","0","","","","no_human"
"783","1278697776361209856","https://x.com/Wendys/status/1278697776361209856",".@tmcf_hbcu has a ton of opportunities for those looking for higher education. For a lot of our followers this could be the organization they’ve been hoping for. How can you all help them out?

https://t.co/aJ1kGPHS81","0","0.4517","low","0.0","0.313406","0","","","","no_human"
"784","1278697646312611841","https://x.com/Wendys/status/1278697646312611841","This acronym #HBCU might be new to some of our followers, what exactly does that stand for?

https://t.co/afDXa92aiC","0","0.4022","low","0.0","0.25546","1","non_humor","0","none","match"
"785","1278697516540866568","https://x.com/Wendys/status/1278697516540866568","Excited to partner with @tmcf_hbcu. We want to give them this platform to tell you who they are, what they do, and how we can help them make a difference. 

Follow along 👇","1","0.5588","medium","0.0","0.45554","0","","","","no_human"
"786","1278646012790427650","https://x.com/Wendys/status/1278646012790427650","Financial support is always great and helps the sustainability of @tmcf_hbcu to ensure we are around for years to come supporting our #HBCU students. Also, share what @tmcf_hbcu is doing with your network!

Like @TerrenceJ said, give at https://t.co/xlkM325qC0!

#HBCUs #HBCU https://t.co/WpgcfdBKiw","0","0.4242","low","0.0","0.382956","0","","","","no_human"
"787","1278530059351945217","https://x.com/Wendys/status/1278530059351945217","@tmcf_hbcu help students financially at #HBCUs with scholarships and programs for students who want to become #csuite leaders or #entrepreneurs. We develop future K-12 educators and connect top #HBCU talent with #Fortune500 companies at our award-winning Leadership Institute! https://t.co/qTk2q5xQIl","0","0.4478","low","0.0","0.354832","0","","","","no_human"
"788","1278506710244765697","https://x.com/Wendys/status/1278506710244765697","Title III of the #HigherEducation Act of 1965, Congress officially defined a Historically Black College and University, as a school of higher learning that is accredited and established before 1964, and whose principal mission was and is the education of African-Americans. https://t.co/HrTBTAzQZX","0","0.4932","low","0.0","0.08009","0","","","","no_human"
"789","1278388817301512195","https://x.com/Wendys/status/1278388817301512195","Tomorrow we’re putting these Twitter fingers to work and you won’t want to miss it. We’ll see you all bright and early as we tweet with our friends @tmcf_hbcu to talk about their organization and how we can support the Black College Community.","1","0.5444","medium","0.2","0.524618","0","","","","no_human"
"790","1276283358692216833","https://x.com/Wendys/status/1276283358692216833","We know everything can’t be fixed at once. But we can continue to press forward and push for change one day at a time.","1","0.5443","medium","0.0","0.468622","0","","","","no_human"
"791","1276283357979164674","https://x.com/Wendys/status/1276283357979164674","We’ll also be chatting with @tmcf_hbcu next week to learn more about their history supporting students at #HBCUs. Check out the conversation on 7/2.","0","0.4120","low","0.0","0.443727","1","non_humor","0","none","match"
"792","1276283357219950593","https://x.com/Wendys/status/1276283357219950593","Today, we are announcing new partnerships with the Urban League (@CULempowering) and the YWCA(@ywcacolumbus).  These two organizations are committed to fighting racism and empowering Black youth, and we’re eager to be a part of their mission.","0","0.4071","low","0.0","0.445559","1","non_humor","0","none","match"
"793","1276283356473327618","https://x.com/Wendys/status/1276283356473327618","We remain committed to investing back in the communities we serve by supporting organizations dedicated to social justice, youth, and education in the Black community.","1","0.5319","medium","0.0","0.436076","0","","","","no_human"
"794","1276283355768803330","https://x.com/Wendys/status/1276283355768803330","So much has happened over the past couple of weeks, including the death of Rayshard Brooks.  We’ve taken the time to ensure we’re focused on the best ways to support positive change.","0","0.4224","low","0.0","0.42271","1","non_humor","0","none","match"
"795","1269066301974208513","https://x.com/Wendys/status/1269066301974208513","RT @tmcf_hbcu: No🧢...all facts, @Wendys is supporting the Black College Community and we're ecstatic that their donation will provide oppor…","0","0.4984","low","0.2","0.529594","0","","","","no_human"
"796","1269040852350971906","https://x.com/Wendys/status/1269040852350971906","No🧢...all facts, @Wendys is supporting the Black College Community and we're ecstatic that their donation will provide opportunities for our #HBCU talent! Together we can make a difference!","1","0.5243","medium","0.2","0.536006","0","","","","no_human"
"797","1268327435206111232","https://x.com/Wendys/status/1268327435206111232","In the coming days, we’ll be using our Twitter account to amplify Black voices. Because what’s the point of this big platform if we don’t use it for what matters during times like these?","1","0.5387","medium","0.0","0.484774","0","","","","no_human"
"798","1268327013401706499","https://x.com/Wendys/status/1268327013401706499","Our employees and customers have spoken loud and clear. We know we have a lot more to do than a donation. We’re committed to doing the work and we hear you.","1","0.5635","medium","0.0","0.469166","0","","","","no_human"
"799","1268326640972595206","https://x.com/Wendys/status/1268326640972595206","We’re about putting our money where our mouth is. So here’s our money and here’s our mouth. We are committed to donating $500k to support social justice, the youth and education in the Black community starting with the Thurgood Marshall College Fund and we’ll have receipts.","1","0.6009","medium","0.0","0.431204","1","humor","1","self-enhancing","match"
"800","1268325890037030912","https://x.com/Wendys/status/1268325890037030912","Our voice would be nothing without Black culture. Right now, a lot of people are hurting because of blatant racism against Black people. Their voices need to be heard. Period. #BlackLivesMatter","1","0.5080","medium","0.43","0.611195","0","","","","no_human"
"801","1266395345996652552","https://x.com/Wendys/status/1266395345996652552","We’re moving National Roast Day because there are going to be better times for it. Love you guys.","1","0.6198","medium","0.835","0.790454","1","humor","1","affiliative","match"
"802","1266084754832719872","https://x.com/Wendys/status/1266084754832719872","#NationalRoastDay starts right here tomorrow at 11am ET. For everyone that’s said “Roast Me Wendy’s,”...Tomorrow’s lookin’ good.  
Let’s roll, jabronis.","1","0.6064","medium","0.5","0.71616","1","humor","1","aggressive","match"
"803","1265312303920099328","https://x.com/Wendys/status/1265312303920099328","👀","1","0.5163","medium","0.09","0.44114","0","","","","no_human"
"804","1263943215847141376","https://x.com/Wendys/status/1263943215847141376","Here’s one fire app offer for ya. Get a 6pc Nugg for $1. Get ‘em Spicy or Crispy - just a buck. https://t.co/8oJBE0j8Iz","0","0.4498","low","0.0","0.291546","0","","","","no_human"
"805","1263549059962408962","https://x.com/Wendys/status/1263549059962408962","Alright Wendys, your time has come. Do you have what it takes to be the Queen of the Hill? Suit up and enter our Super Smash Bros tournament on https://t.co/P0GZ7DIn5g. We’ll see ya at the top. https://t.co/PUgtPzPZ8e","1","0.6057","medium","0.0","0.357295","1","humor","1","affiliative","match"
"806","1263145989583536129","https://x.com/Wendys/status/1263145989583536129","Shoutout to @Wendys for winning the Ultimate Wendy’s Invitational yesterday. Is quality your recipe? It’s your turn to prove it. Download a Wendy Mii using these Smash Bros codes &amp; enter our Queen of the Hill Tournament tomorrow. Wendys only. https://t.co/h71vxeQ6RN","1","0.5142","medium","0.67","0.693994","0","","","","no_human"
"807","1262824362178220034","https://x.com/Wendys/status/1262824362178220034","32 Wendys will enter. Only Wendy’s will win. The Ultimate Wendy’s Invitational starts now on https://t.co/P0GZ7DIn5g. https://t.co/VMgKsvQZuW","1","0.5191","medium","0.56","0.599622","0","","","","no_human"
"808","1262515931135332352","https://x.com/Wendys/status/1262515931135332352","To be the best, you gotta beat the best. Introducing The Ultimate Wendy’s Invitational - a Smash Bros tourney on Twitch. It starts tomorrow and the field is set. Who ya got? https://t.co/pMFo4INx6P","0","0.4891","low","0.11","0.468275","0","","","","no_human"
"809","1261339056618835968","https://x.com/Wendys/status/1261339056618835968","2 for $5 is your Spicy Nugg hookup. https://t.co/YqGE1mbsex","0","0.3777","low","0.0","0.08009","1","non_humor","0","none","match"
"810","1260917780594884608","https://x.com/Wendys/status/1260917780594884608","Sorry, private meeting. Elite breakfast foods only. https://t.co/skbJUhiqgc","1","0.6003","medium","0.0","0.268157","1","humor","1","self-enhancing","match"
"811","1260238918638854147","https://x.com/Wendys/status/1260238918638854147","If you get two 10-piece Spicy Nuggets in your 2 for $5, doesn't that make it a 20 for $5?","1","0.5195","medium","0.0","0.443639","0","","","","no_human"
"812","1259832419311661058","https://x.com/Wendys/status/1259832419311661058","Treat yo self. https://t.co/cHqfuIdNRK","0","0.3998","low","0.0","0.08009","1","non_humor","0","none","match"
"813","1259528627017748480","https://x.com/Wendys/status/1259528627017748480","Since you’ve been asking. https://t.co/mZBOLo0daZ","0","0.4106","low","0.0","0.229165","1","non_humor","0","none","match"
"814","1258860982752944130","https://x.com/Wendys/status/1258860982752944130","What a wild week of Cyber Searchin’. Here’s some highlights from today’s $1,000 hiding spot. Thanks to everyone who played along! https://t.co/PpqBey42Rz","1","0.5092","medium","0.0","0.285358","0","","","","no_human"
"815","1258818656668209153","https://x.com/Wendys/status/1258818656668209153","The search took you all over the internet, from Freshtovia to the Mushroom Kingdom and beyond. Thank you to everyone who participated in the Cyber Search. Hope you had some fun.","1","0.5510","medium","0.0","0.407516","0","","","","no_human"
"816","1258788961482309633","https://x.com/Wendys/status/1258788961482309633","It's the final day of the Cyber Search, so let's kick it up a notch. One code, that's it. Oh yeah, and it's worth $1,000. You game? https://t.co/H9bM7rWONS https://t.co/ryr0QmTZOp","1","0.5408","medium","0.0","0.342027","0","","","","no_human"
"817","1258501865110515712","https://x.com/Wendys/status/1258501865110515712","129 hiding spots and you found every one of ‘em. But there's still one left. And it's big. $1000 in Wendy's food big. Tomorrow morning at 12 ET the hunt for the final code begins. Y'all ready for this? https://t.co/H9bM7sepFq https://t.co/JyG7o9J5zC","0","0.4693","low","0.11","0.389322","0","","","","no_human"
"818","1258477819971219457","https://x.com/Wendys/status/1258477819971219457","Okay...honestly, that's pretty impressive. All the codes for these hints have been found. Nice work everyone!","1","0.5410","medium","0.11","0.37128","0","","","","no_human"
"819","1258474405593825281","https://x.com/Wendys/status/1258474405593825281","The clues are harder, but keep working smarter. Can you find these codes for Wendy's gift cards? https://t.co/H9bM7rWONS https://t.co/2lvaZWPT8E","1","0.5280","medium","0.0","0.219246","0","","","","no_human"
"820","1258445201200287749","https://x.com/Wendys/status/1258445201200287749","And there it is. These two have been found. Turns out someone had found them even quicker than we thought! Next clues at 3 ET.","1","0.5543","medium","0.0","0.432695","0","","","","no_human"
"821","1258441499085242369","https://x.com/Wendys/status/1258441499085242369","Cyber Search day 4 is here. Follow a clue, DM us the code, and if you win, we'll message you back the deets for a big ol' Wendy's gift card. https://t.co/H9bM7rWONS https://t.co/9kK4uPoxOZ","1","0.5325","medium","0.0","0.304654","0","","","","no_human"
"822","1258112312055119883","https://x.com/Wendys/status/1258112312055119883","Another round of Cyber Search is in the bag. Tomorrow we’re gonna raise the bar again. Four codes worth $250 each. Think you can win? https://t.co/H9bM7rWONS","1","0.5577","medium","0.11","0.314316","0","","","","no_human"
"823","1258111899369189377","https://x.com/Wendys/status/1258111899369189377","Wow. Thought those were going to be a bit harder. Looks like you guys are quicker than we expected. See you again tomorrow?","1","0.5746","medium","0.2","0.543934","0","","","","no_human"
"824","1258109329816813568","https://x.com/Wendys/status/1258109329816813568","A final batch of clues to bring it home on Cyber Search day 3. Did you score big today, or is your treasure coming tomorrow? https://t.co/H9bM7rWONS https://t.co/MGgpXugsPI","0","0.4778","low","0.5","0.53806","0","","","","no_human"
"825","1258082734414663685","https://x.com/Wendys/status/1258082734414663685","Ya'll did it again. Found the codes so fast. Maybe the ones at 3 ET will be even harder.","1","0.5542","medium","0.0","0.437063","0","","","","no_human"
"826","1258079077883351051","https://x.com/Wendys/status/1258079077883351051","Are the clues getting harder? Let's find out. Here's three more clues for three more codes. https://t.co/H9bM7rWONS https://t.co/VVBgTMXY6m","1","0.5188","medium","0.0","0.29153","0","","","","no_human"
"827","1258056614101356544","https://x.com/Wendys/status/1258056614101356544","Nice job, code hunters! This batch of clues have all been solved. Check back at 1 pm ET for the next clue drop. 🤓","0","0.4889","low","0.0","0.399292","0","","","","no_human"
"828","1258049583374053379","https://x.com/Wendys/status/1258049583374053379","We’re back, code hunters. Continue to scour the web for a taste of true treasure: codes for Wendy's gift cards. Can you find one? Give it a go.  https://t.co/H9bM7rWONS https://t.co/fc4pz032X1","1","0.5359","medium","0.0","0.330498","0","","","","no_human"
"829","1258049228502433792","https://x.com/Wendys/status/1258049228502433792","For Cyber Search Day 3 we’ve hidden 9 codes totaling $1000 in free Wendy’s. You’ve got to be the first to DM us a code after we share the hint. And if you’re not first, well, we’re here all week… https://t.co/H9bM7rWONS","1","0.5554","medium","0.2","0.389435","0","","","","no_human"
"830","1257808806102343695","https://x.com/Wendys/status/1257808806102343695","And the last four codes have been found. You all just keep getting faster and faster, nice work.","1","0.5372","medium","0.0","0.369149","0","","","","no_human"
"831","1257807705445740546","https://x.com/Wendys/status/1257807705445740546","Annnnnnnnnd they're gone. All four codes have been found for these hints...but there's still four others so you better hurry.","1","0.5523","medium","0.0","0.400649","0","","","","no_human"
"832","1257805255129075715","https://x.com/Wendys/status/1257805255129075715","Well that was fast...looks like all four codes for this set of hints have been found too but we still have a few more left 👀","1","0.5588","medium","0.11","0.502535","0","","","","no_human"
"833","1257804908666982400","https://x.com/Wendys/status/1257804908666982400","The final clues for day 2 are here. Let’s see what you got. https://t.co/H9bM7rWONS https://t.co/vf3W8yrG7B","1","0.5341","medium","0.0","0.292664","0","","","","no_human"
"834","1257804882494570509","https://x.com/Wendys/status/1257804882494570509","You all are pretty good at this. All codes have been found for this set of hints.","1","0.5226","medium","0.0","0.404711","0","","","","no_human"
"835","1257794033377828864","https://x.com/Wendys/status/1257794033377828864","Ok, Cyber Searching code hunters. Here's your chance to score some good eating. A few more clues for a few more codes. https://t.co/H9bM7rWONS https://t.co/qPfwHHmR47","0","0.4945","low","0.0","0.308377","0","","","","no_human"
"836","1257793056180506624","https://x.com/Wendys/status/1257793056180506624","4 new hints for 4 new codes. It's time to Cyber Search. Or are you just gonna sit there and let someone else take home the gift cards? https://t.co/H9bM7rWONS https://t.co/JJ16s4l4LC","1","0.5021","medium","0.11","0.38555","0","","","","no_human"
"837","1257791635850698752","https://x.com/Wendys/status/1257791635850698752","You guys really brought the heat yesterday, so let’s keep rollin with more codes and more free Wendy’s! Now the Cyber Search continues. Do you have what it takes? https://t.co/H9bM7rWONS https://t.co/N1fBYnsHEe","1","0.5800","medium","0.0","0.244497","0","","","","no_human"
"838","1257400910231330817","https://x.com/Wendys/status/1257400910231330817","There are 30 codes left and three more hints below. Good luck finding them now because tomorrow we kick it up a notch. https://t.co/H9bM7rWONS https://t.co/zPDYRGPEYJ","1","0.5322","medium","0.0","0.282589","0","","","","no_human"
"839","1257372347436318722","https://x.com/Wendys/status/1257372347436318722","Not a bad start, but they won't all be that easy. Here's a few more clues for a bunch more codes. You got what it takes, Sherlock? https://t.co/H9bM7rWONS https://t.co/vkdOsNBzpA","1","0.5612","medium","0.0","0.259493","0","","","","no_human"
"840","1257356670520483841","https://x.com/Wendys/status/1257356670520483841","You have found most of the codes, but there are still some out there for this one. Giving you an extra clue: 

Don't be a slowpoke. Beat your friends to codes before you have to ask them to share the prize. FB doesn't just stand for fresh beef. https://t.co/H9bM7rWONS","1","0.5411","medium","0.0","0.330476","0","","","","no_human"
"841","1257328823126888448","https://x.com/Wendys/status/1257328823126888448","The legal stuff: https://t.co/H9bM7rWONS","0","0.4416","low","0.0","0.08009","0","","","","no_human"
"842","1257325964528238601","https://x.com/Wendys/status/1257325964528238601","Today there are 100, $10 codes. Here are your first clues. https://t.co/P8Pzso0ynu","1","0.5263","medium","0.0","0.248851","0","","","","no_human"
"843","1257325300704215047","https://x.com/Wendys/status/1257325300704215047","Welcome to Wendy's Cyber Search. All week we'll be sharing hints to codes hidden across the internet to win Wendy’s gift cards. Each worth a little something, some worth a lot of something. DM us the code on Twitter for your chance to win. Happy hunting! https://t.co/H9bM7rWONS","1","0.5476","medium","0.0","0.383042","0","","","","no_human"
"844","1257152398566592516","https://x.com/Wendys/status/1257152398566592516","No, this is THE Wendy's.","1","0.5585","medium","0.0","0.467222","1","humor","1","affiliative","match"
"845","1257091241122168836","https://x.com/Wendys/status/1257091241122168836","@Wendys Ma'am, this is a Wendy's.","0","0.4199","low","0.0","0.488495","0","","","","no_human"
"846","1257082671118913537","https://x.com/Wendys/status/1257082671118913537","This week, we will be hiding codes. Lots of codes. Codes that will score you free Wendy's. Hidden across our entire internet presence. The clues start Monday. Think you can solve the Cyber Search? https://t.co/FB2IXQSyAq","1","0.6091","medium","0.2","0.375916","1","humor","1","affiliative","match"
"847","1256977275754610688","https://x.com/Wendys/status/1256977275754610688","That Honey Butter Chicken Biscuit is one bad boi. See it in action during the Rick and Morty premiere tonight!","0","0.3956","low","0.0","0.316347","1","non_humor","0","none","match"
"848","1256475023209979910","https://x.com/Wendys/status/1256475023209979910","apparently if you constantly catch the clock at 11:11 the universe is trying to tell you something but what if i constantly catch the clock at 4:44 should i go to wendy’s","1","0.5943","medium","0.6","0.682164","0","","","","no_human"
"849","1256297367860625414","https://x.com/Wendys/status/1256297367860625414","Be on the lookout for this Honey Butter Chicken Biscuit. @wendys #ad https://t.co/71Cd9mpyi6","0","0.3437","very_low","0.0","0.24341","1","non_humor","0","none","match"
"850","1255937272907776001","https://x.com/Wendys/status/1255937272907776001","Come and see the Wendy-est Mortys in the entire multiverse. We’re playing with Wendy Morty and Breakfast Morty in Pocket Mortys! Check out our stream right now: https://t.co/sQfjVH1iaa","0","0.4087","low","0.71","0.709943","1","non_humor","0","none","match"
"851","1255888429910577153","https://x.com/Wendys/status/1255888429910577153","Spicy, spicy! Very nice-y. Score yourself one FREE Spicy Chicken Sandwich with mobile purchase in the Wendy's app! 🔥🔥🔥 https://t.co/wIYUkeVVJA","0","0.3756","low","0.11","0.222925","1","non_humor","0","none","match"
"852","1255226259094810631","https://x.com/Wendys/status/1255226259094810631","Get the chicken you crave with our 2 for $5, but which two are you taking? https://t.co/omBHdWQNV2","0","0.4609","low","0.0","0.215356","0","","","","no_human"
"853","1254847872614502402","https://x.com/Wendys/status/1254847872614502402","Wendy Morty is waiting for you. This Morty loves two things: Being fresh, and never being frozen. @Wendys #ad https://t.co/tgPq7bl7rb","0","0.4181","low","0.0","0.433579","0","","","","no_human"
"854","1254757690321932288","https://x.com/Wendys/status/1254757690321932288","Now that really honey butters my biscuit! https://t.co/xkZxxXsVwM","1","0.5848","medium","0.0","0.214069","1","humor","1","affiliative","match"
"855","1254067898349428737","https://x.com/Wendys/status/1254067898349428737","We gave you a GroupNug, now send some to a friend. Use Postmates code: NUGHUG and send a loved one free 10pc. nugs with free delivery fee by ordering Wendy’s through Postmates! This weekend only.","0","0.4153","low","0.0","0.415231","1","non_humor","0","none","match"
"856","1253791528977420288","https://x.com/Wendys/status/1253791528977420288","Feel the love with our GroupNug. Come to a Wendy’s drive-thru today and get your free 4pc. nuggets! https://t.co/k2qjjMV6nX","0","0.4523","low","0.11","0.414637","0","","","","no_human"
"857","1253708482882265088","https://x.com/Wendys/status/1253708482882265088","We could all use a GroupNug. Come to the Wendy’s drive-thru today and get your free 4pc. nuggets! https://t.co/nCRGbFk4AO","0","0.4739","low","0.11","0.395987","0","","","","no_human"
"858","1253342185157607433","https://x.com/Wendys/status/1253342185157607433","America, come get your GroupNug. Come to the Wendy’s drive-thru tomorrow and get your free 4pc. nuggets! https://t.co/GRTmEcX3Ar","0","0.4282","low","0.11","0.387723","1","non_humor","0","none","match"
"859","1252980092113993730","https://x.com/Wendys/status/1252980092113993730","Everyone has become their own hairstylist. We all need a nug. This Friday ONLY, we’re giving America a big GroupNug. Get FREE 4pc nuggets when you visit our drive-thru. https://t.co/dXYeMJFsWu","1","0.6086","medium","0.11","0.348742","1","humor","1","affiliative","match"
"860","1252704850711842817","https://x.com/Wendys/status/1252704850711842817","RT @Wendys: We’re giving America a GroupNug this Friday. ♥ this tweet and we’ll remind you when to get your free 4pc nuggets! https://t.co/…","1","0.5861","medium","0.0","0.366591","0","","","","no_human"
"861","1252619450748219393","https://x.com/Wendys/status/1252619450748219393","Come to Wendy’s drive-thru this Friday and get FREE 4pc nuggets. No purchase necessary and not a single string attached. https://t.co/tRx2bZQn2M","1","0.5253","medium","0.11","0.311972","0","","","","no_human"
"862","1252379047335608320","https://x.com/Wendys/status/1252379047335608320","We’re giving America a GroupNug this Friday. ♥ this tweet and we’ll remind you when to get your free 4pc nuggets! https://t.co/AKWHpSXdD6","1","0.6023","medium","0.0","0.325154","1","humor","1","affiliative","match"
"863","1252355382657216512","https://x.com/Wendys/status/1252355382657216512","Not gonna lie, all this love y’all are showing has inspired us. We wish we could give you a hug, but instead…how about a nug? This Friday, we’ll be giving out free 4pc spicy and crispy nugs at every Wendy’s drive-thru.
 
No purchase necessary, not a single string attached.","1","0.6236","medium","0.11","0.396969","1","humor","1","affiliative","match"
"864","1252250012676997123","https://x.com/Wendys/status/1252250012676997123","Everyone could use some extra love right now, so we’re trading our usual roasting for a little toasting.

Let’s use this thread to shout out the special people in our lives that we think deserve some shine right now.","1","0.6117","medium","0.5","0.673407","1","humor","1","affiliative","match"
"865","1250895183601971200","https://x.com/Wendys/status/1250895183601971200","We're talking best game soundtracks? 
Not easy to narrow down.

We'll nominate @MoonPie @ChuckECheese and @MonsterEnergy https://t.co/RMQUsbnXNu","0","0.4688","low","0.0","0.409838","0","","","","no_human"
"866","1250869157983371266","https://x.com/Wendys/status/1250869157983371266","Yeah, we party.

We nominate @eUnited, @Wendys, and @TheMob 

https://t.co/sqWCcmiktX https://t.co/ZeNgOXtSyn","0","0.4034","low","0.0","0.330976","0","","","","no_human"
"867","1250053580716990467","https://x.com/Wendys/status/1250053580716990467","Had so much fun last week, we figured we’d do it again! Get your hands on a free Breakfast Baconator in the Wendy's app and help us solve this bad boy. https://t.co/KhIgxDbUYH","1","0.5817","medium","0.2","0.344","1","humor","1","affiliative","match"
"868","1249758082500104198","https://x.com/Wendys/status/1249758082500104198","You: I dip my fries in my Frosty!

This guy:","1","0.5648","medium","0.0","0.414352","0","","","","no_human"
"869","1249700938148970502","https://x.com/Wendys/status/1249700938148970502","Let me tell ya, @Wendys has the best ketchup for coffee https://t.co/utVSw2jaJw","0","0.4592","low","0.0","0.371231","0","","","","no_human"
"870","1249692974499467266","https://x.com/Wendys/status/1249692974499467266","We got you covered for breakfast! Get a free Breakfast Baconator added to any purchase.  https://t.co/p8NxAexkV4 https://t.co/gFpVNpabvW","0","0.4689","low","0.0","0.224451","0","","","","no_human"
"871","1248715778649722880","https://x.com/Wendys/status/1248715778649722880","A relationship based solely on crocs and pineapple pizza may not be the greatest foundation, but we're willing to find out. Hit Josh with the reply mystery girl.","1","0.5690","medium","0.32","0.52164","0","","","","no_human"
"872","1248715156521172992","https://x.com/Wendys/status/1248715156521172992","@Wendys A girl and I bonded on agreeing crocs are a necessary fashion evil and pineapple on pizza is ehhhhhh. She said it was good enough to send out the save the dates. And then I was ghosted.","1","0.5131","medium","0.0","0.424918","0","","","","no_human"
"873","1248700769886515202","https://x.com/Wendys/status/1248700769886515202","Come on Victoria! Maybe your week would've been more than a 9 if you would've replied?

Either way that Free Dave's Single in the app is a 10/10","1","0.5224","medium","0.0","0.252848","0","","","","no_human"
"874","1248700279723360256","https://x.com/Wendys/status/1248700279723360256","@Wendys ghosting should be a legal offense. I can go on for daaaaaaaays! https://t.co/Un47cL53Bh","0","0.4694","low","0.0","0.25362","0","","","","no_human"
"875","1248698613045366785","https://x.com/Wendys/status/1248698613045366785","Shout out to the girl that keeps ""losing"" her phone. 

Maybe while she downloads the findmyphone app you can enjoy a Free Dave's Single in our app.","1","0.6303","medium","0.0","0.209279","1","humor","1","aggressive","match"
"876","1248693897263448071","https://x.com/Wendys/status/1248693897263448071","Um, hey, Cousin. Give the HDMI back. This is not a game.
You have 48 hours.

In the meantime we will enjoy a Free Dave's Single.","1","0.6290","medium","0.0","0.274582","1","humor","1","aggressive","match"
"877","1248692589710249991","https://x.com/Wendys/status/1248692589710249991","@Wendys I asked my cousin to give back my hdmi that he's had for over a year. He said he couldn't find it and he'd give me one of his. I said no mate I want my hdmi back if you can't find it then here and I sent him the link to buy it. It's been a week and he has yet to respond","1","0.5874","medium","0.0","0.464155","0","","","","no_human"
"878","1248686254683717632","https://x.com/Wendys/status/1248686254683717632","She ghosted you, so we're here for the ultimate sub tweet. 

Not so sure about sandwich art, but we've got a Free Dave's Single with your name on it. 
(just the expression it still has Dave's name on it)","1","0.6050","medium","0.0","0.277703","0","","","","no_human"
"879","1248685541786300416","https://x.com/Wendys/status/1248685541786300416","@Wendys Set up a date with a chick who worked at the Subway next door and ghosted me big time. Tried to apologize about it afterwards too. Nah fam, that ain't right.","1","0.5139","medium","0.32","0.600842","0","","","","no_human"
"880","1248682804860370947","https://x.com/Wendys/status/1248682804860370947","She worked in the Optical Center? Should've seen that coming. 
Guess hindsight is 20/20.
At least there's a clear view of a Free Dave's Single in your future.","1","0.5717","medium","0.0","0.247901","0","","","","no_human"
"881","1248681997419065349","https://x.com/Wendys/status/1248681997419065349","He was texting from the ice cream machine and...welp.

Forget that frozen relationship with Jordan, and grab a Fresh Dave's Single.","1","0.5274","medium","0.0","0.311725","0","","","","no_human"
"882","1248681442474889216","https://x.com/Wendys/status/1248681442474889216","@Wendys i was ghosted twice by a guy who worked at mcdonalds his name was jordan","0","0.4711","low","0.0","0.418146","0","","","","no_human"
"883","1248680953628819457","https://x.com/Wendys/status/1248680953628819457","Yoooou, got what I neeeeeeed. But I guess I'll text your friend. Yeah, guess I'll text your friend. 

Teaching ghosts some lesson and getting that Fresh Beef in the Dave's Single.","1","0.5512","medium","0.0","0.350323","0","","","","no_human"
"884","1248680479634731011","https://x.com/Wendys/status/1248680479634731011","@Wendys We were dating and we hung out with his friend while we were dating but he stopped showing up to hang out and texted me to break up and so I decided to message his friend","1","0.5266","medium","0.0","0.467293","0","","","","no_human"
"885","1248679862384185347","https://x.com/Wendys/status/1248679862384185347","Shout out to LostMermaid. It's never too late to reply back. Even if it has been like...a year. The internet can see you. 

Let's grab that Free Dave's Single while we wait.","1","0.6479","medium","0.0","0.31909","1","humor","1","affiliative","match"
"886","1248678777342877696","https://x.com/Wendys/status/1248678777342877696","@Wendys no answer :( https://t.co/86ZB0F39Dq","0","0.4426","low","0.0","0.25362","0","","","","no_human"
"887","1248678101598470144","https://x.com/Wendys/status/1248678101598470144","At times like these Braden, we just hope it wasn't Cats. 

Now you can cue up a movie and chill with a Free Dave's Single.","1","0.6104","medium","0.0","0.289153","0","","","","no_human"
"888","1248677421588586496","https://x.com/Wendys/status/1248677421588586496","Come on now! You can't hit them with the old fruit and scoot! 

Might be out of oranges, but at least you've still got the Free Dave's Single in the app.","1","0.5931","medium","0.0","0.211272","1","humor","1","affiliative","match"
"889","1248677192059564034","https://x.com/Wendys/status/1248677192059564034","@Wendys one time i was supposed to meet girl at the movies, she quit replying 30 minutes before the movie. i show up to the movies lookin for her and she was there w another dude","1","0.5192","medium","0.11","0.513008","0","","","","no_human"
"890","1248676724512043009","https://x.com/Wendys/status/1248676724512043009","It's not too late to Snap back and avoid the clapback mystery girl. 
Until then, Humphrey will be chilling with that Dave's Single.","1","0.5929","medium","0.0","0.283672","0","","","","no_human"
"891","1248675448869007360","https://x.com/Wendys/status/1248675448869007360","@Wendys I got ghosted by a girl I like last night while were snapping and then suddenly she just stopped talking to me","1","0.5201","medium","0.0","0.446112","0","","","","no_human"
"892","1248673823387500544","https://x.com/Wendys/status/1248673823387500544","Sup guy down the street. Erica knows where you live. 
Until then, she's hanging out with her new friend Dave's Single.","1","0.5383","medium","0.0","0.30035","0","","","","no_human"
"893","1248672449283198984","https://x.com/Wendys/status/1248672449283198984","Getting ghosted stinks, but right now you feel it even more. If you’ve been ghosted, tell us and we’ll call Casper out; maybe even reignite a spark. Single in isolation? We got you with a free Dave’s Single to keep you company. #DavesSinglesforSingles
https://t.co/nIYYsjlUyK https://t.co/PF5egvOICf","1","0.5713","medium","0.0","0.246068","0","","","","no_human"
"894","1247871819098361857","https://x.com/Wendys/status/1247871819098361857","Breakfast like you mean it - score a Breakfast Baconator for free in the Wendy's app. https://t.co/p8NxAefJwu https://t.co/A3aO6Y5lbN","0","0.4867","low","0.0","0.248264","0","","","","no_human"
"895","1247599530503258112","https://x.com/Wendys/status/1247599530503258112","Head to the Wendy’s app to grab a free Dave’s Single on us and tune into @SportsCenter tonight to find out who won this year’s @WoodenAward.","0","0.4937","low","0.2","0.367524","0","","","","no_human"
"896","1247574856784379906","https://x.com/Wendys/status/1247574856784379906","Picking up a new hobby. Come paint with us on Twitch. https://t.co/P0GZ7DIn5g https://t.co/8mllJ9tke4","0","0.3695","low","0.0","0.262732","1","non_humor","0","none","match"
"897","1247262166392221698","https://x.com/Wendys/status/1247262166392221698","The Wooden Award winner will be revealed tomorrow.

Who’s your choice?

( 📍 @Wendys) https://t.co/SQdg3QVmoi","0","0.3837","low","0.0","0.312592","1","non_humor","0","none","match"
"898","1247163893912403968","https://x.com/Wendys/status/1247163893912403968","Time for a little Monday morning crossword….um… could you guys help? Let’s solve this together in the replies. https://t.co/eQw0VnHrCY","1","0.5361","medium","0.0","0.361805","0","","","","no_human"
"899","1245378419770228739","https://x.com/Wendys/status/1245378419770228739","Forget the jokes, and grab a treat. Get a Free Jr Frosty right now with any order. https://t.co/kvpnVJe5BO","0","0.4346","low","0.0","0.367908","0","","","","no_human"
"900","1243562664334372864","https://x.com/Wendys/status/1243562664334372864","Breakfast? 
How about a Free Breakfast Baconator with purchase?

Lunch? 
How about a $1 DoubleStack?

Dinner? 
How about a Free Dave’s Single with purchase?

Get it all when you mobile order in the app. See you in the drive thru. 

https://t.co/p8NxAexkV4","1","0.5296","medium","0.11","0.218847","0","","","","no_human"
"901","1242894464760328192","https://x.com/Wendys/status/1242894464760328192","Don’t miss our best catches! Hop in the stream now! https://t.co/J4Z5cZlvtz #ACNH https://t.co/mnAaUVZ3TJ","0","0.3952","low","0.0","0.316764","1","non_humor","0","none","match"
"902","1242845092060237824","https://x.com/Wendys/status/1242845092060237824","Need lunch? We’ve got you covered. Get a Double Stack for just $1 when you order through our app. https://t.co/S8RfLiozck","0","0.4791","low","0.0","0.301059","0","","","","no_human"
"903","1242166387814084609","https://x.com/Wendys/status/1242166387814084609","We got our own Animal Crossing island. Get some Wendy’s delivered and come hang out with us! https://t.co/P0GZ7DIn5g https://t.co/fVAdVfdQ8f","0","0.4510","low","0.2","0.367839","0","","","","no_human"
"904","1242110241573163016","https://x.com/Wendys/status/1242110241573163016","The little things can make all the difference sometimes. Get a free Jr. Frosty with every Wendy’s drive-thru order starting today. https://t.co/1divI5HhFw","0","0.4886","low","0.11","0.412318","0","","","","no_human"
"905","1241035122654220288","https://x.com/Wendys/status/1241035122654220288","Streaming Animal Crossing and getting some food delivered for free with Postmates and GrubHub. https://t.co/P0GZ7DIn5g https://t.co/JXhGH1PWRn","0","0.4278","low","0.26","0.49615","0","","","","no_human"
"906","1239955168264884226","https://x.com/Wendys/status/1239955168264884226","Wanna keep y’all updated on what’s going on. Our drive-thru and pick-up are open. We also have free delivery available with Grubhub and Postmates. Click here for the latest: https://t.co/FwyQDvt9vd","1","0.5067","medium","0.11","0.399894","0","","","","no_human"
"907","1237741943809028096","https://x.com/Wendys/status/1237741943809028096","Honey. Butter. Chicken. Biscuit. Free. 
 
(with any purchase in our app)","0","0.3516","low","0.0","0.179765","1","non_humor","0","none","match"
"908","1237381359347339265","https://x.com/Wendys/status/1237381359347339265","@Wendys when is #NationalRoastDay? Or did I miss it","1","0.5066","medium","0.5","0.71296","0","","","","no_human"
"909","1237012795327238144","https://x.com/Wendys/status/1237012795327238144","Better come and get you some. https://t.co/Z5bXZ97iAy","0","0.3899","low","0.0","0.282155","1","non_humor","0","none","match"
"910","1236305605188636672","https://x.com/Wendys/status/1236305605188636672","Yep, your new favorite is free with purchase in the Wendy's app. https://t.co/drxmKsYTyu https://t.co/gmJWGNgvBD","0","0.3680","low","0.0","0.184718","1","non_humor","0","none","match"
"911","1235960579690565633","https://x.com/Wendys/status/1235960579690565633","The results are in. 100% of respondents agree: Wendy’s is America’s Favorite Breakfast.","1","0.5138","medium","0.0","0.449498","0","","","","no_human"
"912","1235705290755960832","https://x.com/Wendys/status/1235705290755960832","We love you too sweet, sweet Guillermo.","1","0.6298","medium","0.0","0.452527","1","humor","1","affiliative","match"
"913","1235553332111896576","https://x.com/Wendys/status/1235553332111896576","wake and Baconator","0","0.4989","low","0.0","0.332471","0","","","","no_human"
"914","1234848505522458626","https://x.com/Wendys/status/1234848505522458626","Wendy’s breakfast got me like 💃 https://t.co/chTVslK3v5","1","0.5173","medium","0.0","0.375129","0","","","","no_human"
"915","1234448367230627840","https://x.com/Wendys/status/1234448367230627840","BREAKFAST NEWS! Wendy's is now serving up breakfast. Sources say it's “pretty lit.” https://t.co/meBemp31hH","1","0.5998","medium","0.0","0.375408","1","humor","1","self-enhancing","match"
"916","1234275836905369603","https://x.com/Wendys/status/1234275836905369603","Y’all got any plans for breakfast tomorrow orrrrrrrrr…..?","0","0.4044","low","0.0","0.412233","1","non_humor","0","none","match"
"917","1234146377141190659","https://x.com/Wendys/status/1234146377141190659","America’s bout to fall in love with their new favorite breakfast. They just don’t know it yet. https://t.co/1yIED0NFBG","0","0.4521","low","0.0","0.41563","0","","","","no_human"
"918","1233563046875926528","https://x.com/Wendys/status/1233563046875926528","That’s why we’re sliding into first place.","1","0.5774","medium","0.0","0.40964","0","","","","no_human"
"919","1233494419925585924","https://x.com/Wendys/status/1233494419925585924","Here lies mediocrity. #EggRIPMuffin https://t.co/fYxcn8LObe","1","0.5975","medium","0.0","0.08009","1","humor","1","aggressive","match"
"920","1233482096720609281","https://x.com/Wendys/status/1233482096720609281","Alright friendys. Time to go public, got some business to handle.","1","0.5039","medium","0.0","0.427208","0","","","","no_human"
"921","1233154731863879680","https://x.com/Wendys/status/1233154731863879680","Look at you. Having your tweets on a billboard in Times Square. https://t.co/RawO20pY9L","1","0.5362","medium","0.0","0.315846","0","","","","no_human"
"922","1232381037608685569","https://x.com/Wendys/status/1232381037608685569","Oof. We've got 6 days till March 2nd. Seems excessive but hey, you're the King. https://t.co/PmL2uLtnPz","1","0.5396","medium","0.11","0.341656","0","","","","no_human"
"923","1230556233301741568","https://x.com/Wendys/status/1230556233301741568","lol, send foods","1","0.5159","medium","0.0","0.38994","0","","","","no_human"
"924","1230551555566395392","https://x.com/Wendys/status/1230551555566395392","We’re up to something. Nbd. https://t.co/j2FwrMT3bm","1","0.5407","medium","0.0","0.08009","0","","","","no_human"
"925","1230517346672021504","https://x.com/Wendys/status/1230517346672021504","my vision board","1","0.5611","medium","0.0","0.40964","0","","","","no_human"
"926","1229797426569019392","https://x.com/Wendys/status/1229797426569019392","When literally anything would be better on a bun than their beef.","0","0.4997","low","0.11","0.439149","0","","","","no_human"
"927","1229264235387129856","https://x.com/Wendys/status/1229264235387129856","BURGER KING is testing a sandwich with nothing but french fries:

https://t.co/cMELl6fZaV https://t.co/D1taIscJk2","1","0.5853","medium","0.0","0.289837","1","humor","1","aggressive","match"
"928","1228373033167048705","https://x.com/Wendys/status/1228373033167048705","Proud of this big spicy boi","0","0.3845","low","0.0","0.40964","1","non_humor","0","none","match"
"929","1228371313938567174","https://x.com/Wendys/status/1228371313938567174","Thanks for the huge nugget @Wendys 😂😂😍😋 https://t.co/4vgfPGyUZR","0","0.3607","low","0.11","0.324749","1","non_humor","0","none","match"
"930","1225857136149790720","https://x.com/Wendys/status/1225857136149790720","Showing up on @Jeopardy? Must be another GOAT episode.","0","0.4602","low","0.403","0.608343","0","","","","no_human"
"931","1225856757966094337","https://x.com/Wendys/status/1225856757966094337","Did we find it yet, @Wendys? https://t.co/l659xMMXTu","0","0.4529","low","0.0","0.352285","0","","","","no_human"
"932","1225154743821127682","https://x.com/Wendys/status/1225154743821127682","Guess they're gonna make us pull forward and wait.","1","0.5521","medium","0.11","0.478636","0","","","","no_human"
"933","1224794757559455746","https://x.com/Wendys/status/1224794757559455746","When they ask what your weaknesses are during the interview.","1","0.6066","medium","0.0","0.40964","1","humor","1","aggressive","match"
"934","1224780999906775040","https://x.com/Wendys/status/1224780999906775040","Everyone's about to be on 3/2 #WendysBreakfast","1","0.5223","medium","0.0","0.40964","0","","","","no_human"
"935","1224725170235019265","https://x.com/Wendys/status/1224725170235019265","@McDonalds Yeah, we wouldn't wake up for your breakfast either. Don’t worry, on 3/2 there will be something worth waking up for. #WendysBreakfast https://t.co/zeh1gmX0A8","0","0.4515","low","0.0","0.400934","0","","","","no_human"
"936","1224709867753168899","https://x.com/Wendys/status/1224709867753168899","Hey @McDonalds, roast us.","0","0.4938","low","0.5","0.709569","0","","","","no_human"
"937","1221885535737864192","https://x.com/Wendys/status/1221885535737864192","Picking up their order.","0","0.3961","low","0.0","0.437437","1","non_humor","0","aggressive","match"
"938","1221487089969258497","https://x.com/Wendys/status/1221487089969258497","Wendy’s at the #XGAMES with @jackmitrani. You up for this? https://t.co/wpYLLcVwyg","0","0.4328","low","0.0","0.368239","0","","","","no_human"
"939","1220737493190041605","https://x.com/Wendys/status/1220737493190041605","Wow this really blew up. Make sure you check out my mixtape: https://t.co/8GGxjfbeL0

Or my TableTop RPG if that's more your thing: https://t.co/7fMLDcNQLm","1","0.5393","medium","0.0","0.325621","0","","","","no_human"
"940","1220437845388730370","https://x.com/Wendys/status/1220437845388730370","Is it a garbage truck?","1","0.6090","medium","0.0","0.40964","1","humor","1","aggressive","match"
"941","1220436656228048896","https://x.com/Wendys/status/1220436656228048896","@Wendys what would you call this? https://t.co/iAkegiJi2k","0","0.4853","low","0.0","0.286249","0","","","","no_human"
"942","1217879990311759872","https://x.com/Wendys/status/1217879990311759872","When you need to impress Lord Beerus with one meal, and you know Spicy Nuggets are the best flavor in the 7th Universe.","0","0.4988","low","0.0","0.51121","0","","","","no_human"
"943","1217550572104056832","https://x.com/Wendys/status/1217550572104056832","me trying to convince vegeta to buy me a wendy’s 4 for 4 https://t.co/xqGmdUxq2t","1","0.5010","medium","0.0","0.321524","0","","","","no_human"
"944","1217123276549427201","https://x.com/Wendys/status/1217123276549427201","That's what we call a glow up.","1","0.6257","medium","0.0","0.40964","1","humor","1","affiliative","match"
"945","1216894246021713920","https://x.com/Wendys/status/1216894246021713920","Looked who dropped by to see what Spicy Nuggets were supposed to taste like.","1","0.5931","medium","0.0","0.482731","1","humor","1","affiliative","match"
"946","1216883915820060673","https://x.com/Wendys/status/1216883915820060673","https://t.co/k5HFIKXWH0","0","0.3990","low","0.0","0.08009","0","","","","no_human"
"947","1216801098608017413","https://x.com/Wendys/status/1216801098608017413","Not saying eating our french fries gets you an #Oscar nomination but also...sup","1","0.6270","medium","0.26","0.547142","1","humor","1","self-defeating","match"
"948","1212819812331720705","https://x.com/Wendys/status/1212819812331720705","Did you forget to write “tastes like” in the middle?","1","0.5550","medium","0.0","0.466405","0","","","","no_human"
"949","1212818364000854018","https://x.com/Wendys/status/1212818364000854018","@Wendys McDonalds rocks!","0","0.3882","low","0.0","0.467293","0","","","","no_human"
"950","1211376041769545729","https://x.com/Wendys/status/1211376041769545729","my favorite scene in Little Women was when they went to Wendy’s i feel like i really saw a lot of development for Amy https://t.co/bLJlnSI1XO","1","0.5441","medium","0.0","0.405736","0","","","","no_human"
"951","1207700570213101585","https://x.com/Wendys/status/1207700570213101585","meryl can have a little french fries, as a treat.","1","0.6379","medium","0.0","0.448292","1","humor","1","affiliative","match"
"952","1207030238447898625","https://x.com/Wendys/status/1207030238447898625","Sir, this is a","0","0.4130","low","0.0","0.40964","1","non_humor","0","none","match"
"953","1206433794796015617","https://x.com/Wendys/status/1206433794796015617","Boom! 5 in a row. Haven't even hit a commercial break yet. Nailed it.","1","0.5618","medium","0.0","0.40964","1","","","","label_missing"
"954","1206432864096657408","https://x.com/Wendys/status/1206432864096657408","Oh boy, 90s movie reference. We're gonna crush this thing.","1","0.5601","medium","0.11","0.448532","0","","","","no_human"
"955","1206234394287058946","https://x.com/Wendys/status/1206234394287058946","The hot and juicy memes from our sister up north.","0","0.4957","low","0.56","0.696839","0","","","","no_human"
"956","1205941546538938368","https://x.com/Wendys/status/1205941546538938368","Rick and Morty are back again this Sunday, so come by our place and grab a Baconator to eat while you watch.","0","0.4264","low","0.0","0.412314","1","none","0","none","match"
"957","1205940606079504384","https://x.com/Wendys/status/1205940606079504384","Pigtail pro-tip: Always carry a spare. @wendys #ad https://t.co/HqSiLzYmbb","0","0.4114","low","0.0","0.25362","0","","","","no_human"
"958","1205932906406920194","https://x.com/Wendys/status/1205932906406920194","Watch Rick and Morty with us on Sunday and try to get five in a row on this game your grandma loves that we can’t legally say the name of! Schwifty! https://t.co/rw8leGuV1n","1","0.5793","medium","0.0","0.396769","1","humor","1","affiliative","match"
"959","1205577307810910209","https://x.com/Wendys/status/1205577307810910209","10 patties of fresh, never frozen Canadian beef. This is our dream. #PowerYourDreams https://t.co/2FLxlUIBZc","0","0.3917","low","0.0","0.213009","1","non_humor","0","none","match"
"960","1205566516281917441","https://x.com/Wendys/status/1205566516281917441","https://t.co/GlKIUYuzjv","0","0.3990","low","0.0","0.08009","0","","","","no_human"
"961","1205531387975090177","https://x.com/Wendys/status/1205531387975090177","Wendy’s cups should be square but no one wants to poke that tiger","1","0.6197","medium","0.0","0.467222","1","humor","1","aggressive","match"
"962","1204794940066353152","https://x.com/Wendys/status/1204794940066353152","Santa's coming down the chimney this year saying ""Fo Fo Fo!""

Then he's eating all your cookies and kissing your momma.","1","0.5064","medium","0.0","0.442295","0","","","","no_human"
"963","1204434550442676224","https://x.com/Wendys/status/1204434550442676224","RT @okierene: Me when my mom brings me @Wendys spicy nuggs for being a good boi https://t.co/iWeuKaIKSm","0","0.4446","low","0.0","0.398646","0","","","","no_human"
"964","1204434030583664640","https://x.com/Wendys/status/1204434030583664640","Me when my mom brings me @Wendys spicy nuggs for being a good boi https://t.co/iWeuKaIKSm","0","0.4624","low","0.0","0.349657","0","","","","no_human"
"965","1204146912074641408","https://x.com/Wendys/status/1204146912074641408","@Wendys Santa wanted a four for four 🤷🏼‍♀️ https://t.co/OaOIJKTEFC","0","0.3455","very_low","0.0","0.25362","0","","","","no_human"
"966","1202638489126342657","https://x.com/Wendys/status/1202638489126342657","This is no drill. Frosty Key Tags are back. Get your $2 hookup for a free Jr. Frosty all year. Proceeds help support @DTFA. https://t.co/hlpZZouIcK","0","0.3838","low","0.0","0.359767","1","non_humor","0","none","match"
"967","1200857562045931521","https://x.com/Wendys/status/1200857562045931521","Join the Queen in the fight against the ancient darkness that is frozen beef: https://t.co/zZY37HJZQP","1","0.5009","medium","0.6","0.56159","0","","","","no_human"
"968","1200824822739144704","https://x.com/Wendys/status/1200824822739144704","🔥 FOR FRESHTOVIA 🔥
At last, the #Wendys #FeastOfLegends costume is here! Thank you so much @Wendys for helping me bring this to life ❤️💙
Armor by: Crash Candy Cosplay
Photos by: @Afflictionphoto https://t.co/CDlKd2irj0","0","0.4564","low","0.11","0.447033","0","","","","no_human"
"969","1199004204276363269","https://x.com/Wendys/status/1199004204276363269","RT @abjxctshit: We Beefin? EP by @Wendys https://t.co/15BkHFiM8K","0","0.3971","low","0.0","0.374601","0","","","","no_human"
"970","1199003958372700161","https://x.com/Wendys/status/1199003958372700161","We Beefin? EP by @Wendys","0","0.4710","low","0.0","0.467293","0","","","","no_human"
"971","1198858858267127809","https://x.com/Wendys/status/1198858858267127809","What's the most disrespectful diss track of all time?","1","0.5961","medium","0.0","0.447858","1","humor","1","aggressive","match"
"972","1198363148094328832","https://x.com/Wendys/status/1198363148094328832","To be fair, you have to have a very high IQ to understand Rick and Morty. So make sure you watch it this Sunday night, genius.","1","0.6051","medium","0.0","0.477059","1","humor","1","affiliative","match"
"973","1198330462122512384","https://x.com/Wendys/status/1198330462122512384","Two booby trap suits fresh never frozen. Watch a new episode of #RickAndMorty Sundays at 11:30p. @wendys #ad https://t.co/hh9kJMQN5U","0","0.4026","low","0.0","0.349485","0","","","","no_human"
"974","1198286207198924800","https://x.com/Wendys/status/1198286207198924800","RT @CFBONFOX: Time for the biggest game of the day: @PennStateFball vs @OhioStateFBall
Come hang out with @LaVarArrington &amp; @BeanieWells26…","0","0.3837","low","0.0","0.476993","0","","","","no_human"
"975","1198285151702118400","https://x.com/Wendys/status/1198285151702118400","Time for the biggest game of the day: @PennStateFball vs @OhioStateFBall
Come hang out with @LaVarArrington &amp; @BeanieWells26 on the sideline of The Shoe for our @Wendys Watch Party! https://t.co/eTL9bPNbBT","0","0.3668","low","0.0","0.442843","1","none","0","none","match"
"976","1197590633571082241","https://x.com/Wendys/status/1197590633571082241","nice","0","0.4968","low","0.0","0.269325","0","","","","no_human"
"977","1195532129012244480","https://x.com/Wendys/status/1195532129012244480","Thanks for all the birthday wishes! Haha 
Not sure about you, but we think we make 50 look good. 
Buy cheeseburgers.","1","0.5659","medium","0.0","0.446013","0","","","","no_human"
"978","6083264102","https://x.com/Wendys/status/6083264102","Happy Thanksgiving","1","0.5163","medium","0.0","0.40964","0","","","","no_human"
