global_post_id,sample_group,source_dataset,fortune_rank,company_name,official_x_handle,source_x_handle,source_x_url,tweet_id,tweet_url,created_at,text,reply_count,repost_count,like_count,quote_count,view_count_available,media_present,media_type,account_role,account_index,collection_method,max_posts_cap,source_folder,is_duplicate_removed,is_empty_text,is_retweet,is_reply,is_quote,language_hint,classification_status
fortune_top100_ranked::1839794838436188402,fortune_top100_ranked,fortune_x_2025_ranked,60,HCA Healthcare,@hcahealthcare,@hcahealthcare,https://x.com/hcahealthcare,1839794838436188402,https://x.com/hcahealthcare/status/1839794838436188402,Fri Sep 27 22:30:45 +0000 2024,"During Hope Fund Week 2024, read stories of hope from colleagues who have been positively impacted by the generosity of their peers on HCA Healthcare Today: https://t.co/Fa5JPkj6KC.",0,0,0,0,true,false,,primary,1,capped browser-based collection of observable public posts,0,data/raw/fortune_x_2025_ranked/060_hca_healthcare/accounts/01_primary_hcahealthcare,true,false,false,false,false,en,pending
fortune_top100_ranked::1374367093521539074,fortune_top100_ranked,fortune_x_2025_ranked,87,Tyson Foods,@tysonfoods,@tysonfoods,https://x.com/tysonfoods,1374367093521539074,https://x.com/tysonfoods/status/1374367093521539074,Tue Mar 23 14:27:04 +0000 2021,Tyson Foods to hold COVID-19 vaccination clinic for Dakota City plant employees https://t.co/0KoFI7N8kc,0,3,3,0,false,false,,primary,1,capped browser-based collection of observable public posts,0,data/raw/fortune_x_2025_ranked/087_tyson_foods/accounts/01_primary_tysonfoods,true,false,false,false,false,en,pending
benchmark_self_defeating_moonpie::1288260887824957440,benchmark_self_defeating_moonpie,moonpie_existing_collection,benchmark,MoonPie,@MoonPie,@MoonPie,https://x.com/MoonPie/status/1288260887824957440,1288260887824957440,https://x.com/MoonPie/status/1288260887824957440,Tue Jul 28 23:51:45 +0000 2020,Got bored and designed some masks https://t.co/LdtH30bTI7,84,260,2777,46,false,unknown,,primary,1,legacy_json_import,0,data/moonpie,true,false,false,false,false,en,pending
fortune_top100_ranked::1106186331342823424,fortune_top100_ranked,fortune_x_2025_ranked,57,Albertsons,@albertsons,@albertsons,https://x.com/albertsons,1106186331342823424,https://x.com/albertsons/status/1106186331342823424,Thu Mar 14 13:32:27 +0000 2019,❤️❤️❤️,0,1,9,1,false,false,,primary,1,capped browser-based collection of observable public posts,0,data/raw/fortune_x_2025_ranked/057_albertsons/accounts/01_primary_albertsons,true,false,false,false,false,mixed,pending
benchmark_aggressive_wendys::1438222894014865408,benchmark_aggressive_wendys,wendys_existing_collection,benchmark,Wendy's,@Wendys,@Wendys,https://x.com/Wendys/status/1438222894014865408,1438222894014865408,https://x.com/Wendys/status/1438222894014865408,Wed Sep 15 19:27:13 +0000 2021,Who else has a “normal person voice” they use when they pull up to order at the drive-thru?,330,159,4722,56,false,unknown,,primary,1,legacy_json_import,0,data/wendys,true,false,false,false,false,en,pending
fortune_top100_ranked::1905019929658626135,fortune_top100_ranked,fortune_x_2025_ranked,30,Marathon Petroleum,@MarathonPetroCo,@MarathonPetroCo,https://x.com/MarathonPetroCo,1905019929658626135,https://x.com/MarathonPetroCo/status/1905019929658626135,Wed Mar 26 22:11:59 +0000 2025,"We had a great time hosting students from the Michigan State University Supply Chain Management Association at our Findlay headquarters! 🎓

They spent the day with our Supply Chain team learning how we keep things moving and exploring what a career at Marathon Petroleum could be like. ⛽

Big thanks to these future leaders for bringing the energy and great questions. ⚡

#MarathonPetroleum
#FutureLeaders
#SupplyChain
#MSU",0,1,4,0,true,false,,primary,1,capped browser-based collection of observable public posts,0,data/raw/fortune_x_2025_ranked/030_marathon_petroleum/accounts/01_primary_marathonpetroco,true,false,false,false,false,mixed,pending
fortune_top100_ranked::1957751769632825391,fortune_top100_ranked,fortune_x_2025_ranked,88,Intel,@intel,@intel,https://x.com/intel,1957751769632825391,https://x.com/intel/status/1957751769632825391,Tue Aug 19 10:29:29 +0000 2025,"This World Photography Day, we’re celebrating workflows that let photographers save 248+ hours/year!

Aftershoot + @intel built an AI-powered workflow that:

🦄 Cuts hours of culling &amp; editing into minutes
🦄 Speeds up retouching by up to 10x
🦄 Works anywhere, even offline https://t.co/SiDZ6ArKRk",1,2,8,2,true,false,,primary,1,capped browser-based collection of observable public posts,0,data/raw/fortune_x_2025_ranked/088_intel/accounts/01_primary_intel,true,false,false,false,false,mixed,pending
fortune_top100_ranked::2065418808487997690,fortune_top100_ranked,fortune_x_2025_ranked,77,AbbVie,@abbvie,@abbvie,https://x.com/abbvie,2065418808487997690,https://x.com/abbvie/status/2065418808487997690,Fri Jun 12 12:59:52 +0000 2026,"We’re presenting data at @EHA_Hematology across chronic lymphocytic leukemia (#CLL), including combination treatment efficacy and safety profiles.
Learn more: https://t.co/WVcGaGZpu4 https://t.co/76jL8sSu1g",1,0,3,0,true,false,,primary,1,capped browser-based collection of observable public posts,0,data/raw/fortune_x_2025_ranked/077_abbvie/accounts/01_primary_abbvie,true,false,false,false,false,mixed,pending
fortune_top100_ranked::2041105511655903314,fortune_top100_ranked,fortune_x_2025_ranked,61,Lockheed Martin,@lockheedmartin,@lockheedmartin,https://x.com/lockheedmartin,2041105511655903314,https://x.com/lockheedmartin/status/2041105511655903314,Mon Apr 06 10:47:30 +0000 2026,"RT @LMSpace: We have arrived! 🌕

@NASA’s Orion spacecraft for Artemis II has officially entered the lunar sphere of influence. Soon, the as…",0,625,0,0,true,false,,primary,1,capped browser-based collection of observable public posts,0,data/raw/fortune_x_2025_ranked/061_lockheed_martin/accounts/01_primary_lockheedmartin,true,false,true,false,false,mixed,pending
fortune_top100_ranked::1630678752832155649,fortune_top100_ranked,fortune_x_2025_ranked,8,McKesson,@mckesson,@mckesson,https://x.com/mckesson,1630678752832155649,https://x.com/mckesson/status/1630678752832155649,Tue Feb 28 21:18:05 +0000 2023,"Health systems must leverage partnerships and resources to optimize their specialty pharmacy services. Maggie McCune, VP of Sales Operations for McKesson Plasma and Biologics, explains the benefits of partnering with your specialty wholesale distributor. 
https://t.co/fWdnmcq2JA https://t.co/4CxraRgunz",0,1,5,0,true,false,,primary,1,capped browser-based collection of observable public posts,0,data/raw/fortune_x_2025_ranked/008_mckesson/accounts/01_primary_mckesson,true,false,false,false,false,en,pending
benchmark_self_defeating_moonpie::938526590455205893,benchmark_self_defeating_moonpie,moonpie_existing_collection,benchmark,MoonPie,@MoonPie,@MoonPie,https://x.com/MoonPie/status/938526590455205893,938526590455205893,https://x.com/MoonPie/status/938526590455205893,Wed Dec 06 21:52:30 +0000 2017,"🌟   .  *       .         🌛
                       *
*   .      🛰️     .        ✨   *

Who’s ready to see 6 
second MoonPie videos
ha ha please deliver
us from twitter

      .                .
. *       🌏                  *
                    🚀   •",22,194,2363,0,false,unknown,,primary,1,legacy_json_import,0,data/moonpie,true,false,false,false,false,en,pending
benchmark_self_defeating_moonpie::876091868852965376,benchmark_self_defeating_moonpie,moonpie_existing_collection,benchmark,MoonPie,@MoonPie,@MoonPie,https://x.com/MoonPie/status/876091868852965376,876091868852965376,https://x.com/MoonPie/status/876091868852965376,Sat Jun 17 14:59:13 +0000 2017,"That is ridiculous.

But yeah, probably. https://t.co/YxOsntDYky",1,6,23,0,false,unknown,,primary,1,legacy_json_import,0,data/moonpie,true,false,false,false,false,en,pending
benchmark_aggressive_wendys::1658178790713876486,benchmark_aggressive_wendys,wendys_existing_collection,benchmark,Wendy's,@Wendys,@Wendys,https://x.com/Wendys/status/1658178790713876486,1658178790713876486,https://x.com/Wendys/status/1658178790713876486,Mon May 15 18:33:25 +0000 2023,A Frosty is a sweet treat. It is a drink. It is a sauce. It is fearless. It’s Frosty and it’s the new look for summer 🍓,178,37,656,13,true,unknown,,primary,1,legacy_json_import,0,data/wendys,true,false,false,false,false,en,pending
fortune_top100_ranked::2008223788308062262,fortune_top100_ranked,fortune_x_2025_ranked,84,HP,@hp,@hp,https://x.com/hp,2008223788308062262,https://x.com/hp/status/2008223788308062262,Mon Jan 05 17:07:16 +0000 2026,"""I have liked my time with the HP OmniBook Ultra 14 and can safely say it is one of the best Qualcomm-based laptop experiences I have had to date.""

https://t.co/bBMqeAC00V

#CES2026 #HP #OmniBookUltra14 https://t.co/Z6EwyTckny",2,7,12,0,true,false,,primary,1,capped browser-based collection of observable public posts,0,data/raw/fortune_x_2025_ranked/084_hp/accounts/01_primary_hp,true,false,false,false,false,en,pending
benchmark_aggressive_wendys::1204146912074641408,benchmark_aggressive_wendys,wendys_existing_collection,benchmark,Wendy's,@Wendys,@Wendys,https://x.com/Wendys/status/1204146912074641408,1204146912074641408,https://x.com/Wendys/status/1204146912074641408,Mon Dec 09 21:12:50 +0000 2019,@Wendys Santa wanted a four for four 🤷🏼‍♀️ https://t.co/OaOIJKTEFC,7,12,262,6,false,unknown,,primary,1,legacy_json_import,0,data/wendys,true,false,false,true,false,en,pending
benchmark_self_defeating_moonpie::1702060524886770107,benchmark_self_defeating_moonpie,moonpie_existing_collection,benchmark,MoonPie,@MoonPie,@MoonPie,https://x.com/MoonPie/status/1702060524886770107,1702060524886770107,https://x.com/MoonPie/status/1702060524886770107,Wed Sep 13 20:43:46 +0000 2023,RIP he would've loved MoonPies,26,259,3626,5,true,unknown,,primary,1,legacy_json_import,0,data/moonpie,true,false,false,false,false,en,pending
benchmark_self_defeating_moonpie::1258851631891955715,benchmark_self_defeating_moonpie,moonpie_existing_collection,benchmark,MoonPie,@MoonPie,@MoonPie,https://x.com/MoonPie/status/1258851631891955715,1258851631891955715,https://x.com/MoonPie/status/1258851631891955715,Fri May 08 20:09:52 +0000 2020,Please talk to me I am so bored https://t.co/oroKkxsy3v,38,61,646,11,false,unknown,,primary,1,legacy_json_import,0,data/moonpie,true,false,false,false,false,en,pending
benchmark_self_defeating_moonpie::928019934348763136,benchmark_self_defeating_moonpie,moonpie_existing_collection,benchmark,MoonPie,@MoonPie,@MoonPie,https://x.com/MoonPie/status/928019934348763136,928019934348763136,https://x.com/MoonPie/status/928019934348763136,Tue Nov 07 22:02:48 +0000 2017,Are these any good? @MoonPie https://t.co/zkzGmRS8ri,6,0,14,0,false,unknown,,primary,1,legacy_json_import,0,data/moonpie,true,false,false,false,false,en,pending
benchmark_aggressive_wendys::1368637437984055298,benchmark_aggressive_wendys,wendys_existing_collection,benchmark,Wendy's,@Wendys,@Wendys,https://x.com/Wendys/status/1368637437984055298,1368637437984055298,https://x.com/Wendys/status/1368637437984055298,Sun Mar 07 18:59:27 +0000 2021,-- .- .--- --- .-. / -... .- --. / .- .-.. . .-. - https://t.co/g7tAghxwko,103,15,555,6,false,unknown,,primary,1,legacy_json_import,0,data/wendys,true,false,false,false,false,zxx,pending
fortune_top100_ranked::1300845113493598208,fortune_top100_ranked,fortune_x_2025_ranked,87,Tyson Foods,@tysonfoods,@tysonfoods,https://x.com/tysonfoods,1300845113493598208,https://x.com/tysonfoods/status/1300845113493598208,Tue Sep 01 17:16:58 +0000 2020,"We're providing more than one million meals, ice and other supplies in response to severe weather impacting the Gulf region. Read more: https://t.co/G8XFM5FVIX #TysonTogether",0,0,6,0,false,false,,primary,1,capped browser-based collection of observable public posts,0,data/raw/fortune_x_2025_ranked/087_tyson_foods/accounts/01_primary_tysonfoods,true,false,false,false,false,en,pending
fortune_top100_ranked::1386704156392521730,fortune_top100_ranked,fortune_x_2025_ranked,67,Eli Lilly,@EliLillyandCo,@EliLillyandCo,https://x.com/EliLillyandCo,1386704156392521730,https://x.com/EliLillyandCo/status/1386704156392521730,Mon Apr 26 15:30:09 +0000 2021,"This #WorldIPDay, we’re proud to announce our participation in the #IPPACT, a new company-led initiative affirming the biopharmaceutical industry’s commitment to innovation and keeping patients at the heart of practices. Learn more: https://t.co/wuPKLUoQek #WeAreLilly https://t.co/pBsWDZODmC",0,4,4,0,false,false,,primary,1,capped browser-based collection of observable public posts,0,data/raw/fortune_x_2025_ranked/067_eli_lilly/accounts/01_primary_elilillyandco,true,false,false,false,false,mixed,pending
benchmark_aggressive_wendys::1431621266583261187,benchmark_aggressive_wendys,wendys_existing_collection,benchmark,Wendy's,@Wendys,@Wendys,https://x.com/Wendys/status/1431621266583261187,1431621266583261187,https://x.com/Wendys/status/1431621266583261187,Sat Aug 28 14:14:42 +0000 2021,Just cause we’re the Official Breakfast of College Football doesn’t mean we are playing around with breakfast.  ¯\_(ツ)_/¯,105,35,1545,7,false,unknown,,primary,1,legacy_json_import,0,data/wendys,true,false,false,false,false,en,pending
fortune_top100_ranked::1998028607956893988,fortune_top100_ranked,fortune_x_2025_ranked,90,Ingram Micro Holding,@IngramMicroInc,@IngramMicroInc,https://x.com/IngramMicroInc,1998028607956893988,https://x.com/IngramMicroInc/status/1998028607956893988,Mon Dec 08 13:55:16 +0000 2025,Happy to announce that Ingram Micro UK won Platform Distributor of the Year at the 2025 Stockies awards for the 2nd year running!  🌟🌟#ingrammicro #ingrammicroUK https://t.co/WbuTG40Gld,0,0,0,0,true,false,,primary,1,capped browser-based collection of observable public posts,0,data/raw/fortune_x_2025_ranked/090_ingram_micro_holding/accounts/01_primary_ingrammicroinc,true,false,false,false,false,mixed,pending
benchmark_aggressive_wendys::1379241336033976323,benchmark_aggressive_wendys,wendys_existing_collection,benchmark,Wendy's,@Wendys,@Wendys,https://x.com/Wendys/status/1379241336033976323,1379241336033976323,https://x.com/Wendys/status/1379241336033976323,Tue Apr 06 01:15:34 +0000 2021,"#FinalFour Twitter Live presented by @Wendys is LIVE!
 
Watch @BaylorMBB &amp; @ZagMBB battle it out for the #NationalChampionship!  #MarchMadness
 
@RexChapman | @AdamLefkoe | @bwood_33 https://t.co/vukCOa0jtF",47,47,252,9,false,unknown,,primary,1,legacy_json_import,0,data/wendys,true,false,false,false,false,en,pending
benchmark_self_defeating_moonpie::916392322018844673,benchmark_self_defeating_moonpie,moonpie_existing_collection,benchmark,MoonPie,@MoonPie,@MoonPie,https://x.com/MoonPie/status/916392322018844673,916392322018844673,https://x.com/MoonPie/status/916392322018844673,Fri Oct 06 19:58:49 +0000 2017,(10/10) Last one and just for fun - what is your favorite color?,3,5,68,0,false,unknown,,primary,1,legacy_json_import,0,data/moonpie,true,false,false,false,false,en,pending
fortune_top100_ranked::2027009890007326926,fortune_top100_ranked,fortune_x_2025_ranked,82,Oracle,@oracle,@oracle,https://x.com/oracle,2027009890007326926,https://x.com/oracle/status/2027009890007326926,Thu Feb 26 13:16:32 +0000 2026,"We’re proud to extend our title partnership with @redbullracing. Our cloud will help the team sharpen its race strategy, drive improvements to its next-gen hybrid engine, pioneer an AI-powered strategy agent, and fuel operational excellence. Learn more: https://t.co/zuYAkdo6cf https://t.co/Cse32ITwrG",165,71,181,7,true,false,,primary,1,capped browser-based collection of observable public posts,0,data/raw/fortune_x_2025_ranked/082_oracle/accounts/01_primary_oracle,true,false,false,false,false,mixed,pending
benchmark_self_defeating_moonpie::1218277704761577472,benchmark_self_defeating_moonpie,moonpie_existing_collection,benchmark,MoonPie,@MoonPie,@MoonPie,https://x.com/MoonPie/status/1218277704761577472,1218277704761577472,https://x.com/MoonPie/status/1218277704761577472,Fri Jan 17 21:03:33 +0000 2020,Is this a trap https://t.co/w4mPrVppcr,42,105,2685,5,false,unknown,,primary,1,legacy_json_import,0,data/moonpie,true,false,false,false,false,en,pending
fortune_top100_ranked::1885363160418259000,fortune_top100_ranked,fortune_x_2025_ranked,28,Verizon Communications,@Verizon,@Verizon,https://x.com/Verizon,1885363160418259000,https://x.com/Verizon/status/1885363160418259000,Fri Jan 31 16:23:00 +0000 2025,"""Can you hear me now?""

Verizon's ""Test Man"" (actor Paul Marcarelli) returns after a long absence and going to work for rival Sprint. The character is featured in a new 60-second Verizon commercial. https://t.co/3fUqrZoKRP",10,15,164,7,true,false,,primary,1,capped browser-based collection of observable public posts,0,data/raw/fortune_x_2025_ranked/028_verizon_communications/accounts/01_primary_verizon,true,false,false,false,false,en,pending
fortune_top100_ranked::1689660794202357761,fortune_top100_ranked,fortune_x_2025_ranked,9,Exxon Mobil,@exxonmobil,@exxonmobil,https://x.com/exxonmobil,1689660794202357761,https://x.com/exxonmobil/status/1689660794202357761,Thu Aug 10 15:31:40 +0000 2023,"The molecules we produce are used to make a range of products essential to modern life, including medical equipment and electronics.

Here's how we're helping reduce the CO₂ footprint of all the consumer products made from them.

https://t.co/TdVRqlvKdd https://t.co/zv81yTTqDx",10,12,26,1,true,false,,primary,1,capped browser-based collection of observable public posts,0,data/raw/fortune_x_2025_ranked/009_exxon_mobil/accounts/01_primary_exxonmobil,true,false,false,false,false,mixed,pending
fortune_top100_ranked::1293200509151653888,fortune_top100_ranked,fortune_x_2025_ranked,29,Phillips 66,@phillips66,@Phillips66co,https://x.com/Phillips66co,1293200509151653888,https://x.com/Phillips66co/status/1293200509151653888,Tue Aug 11 15:00:02 +0000 2020,"National #811Day serves as a reminder to residents and professionals alike to always @Call811 before you start your next digging project. At Phillips 66, we’re committed to ensuring everyone who lives or works near our lines and facilities adopts safe digging practices. https://t.co/eTU6ZCp32J",0,4,10,0,false,false,,secondary,2,capped browser-based collection of observable public posts,0,data/raw/fortune_x_2025_ranked/029_phillips_66/accounts/02_secondary_phillips66co,true,false,false,false,false,mixed,pending
benchmark_aggressive_wendys::1212818364000854018,benchmark_aggressive_wendys,wendys_existing_collection,benchmark,Wendy's,@Wendys,@Wendys,https://x.com/Wendys/status/1212818364000854018,1212818364000854018,https://x.com/Wendys/status/1212818364000854018,Thu Jan 02 19:30:05 +0000 2020,@Wendys McDonalds rocks!,77,11,237,15,false,unknown,,primary,1,legacy_json_import,0,data/wendys,true,false,false,true,false,en,pending
benchmark_self_defeating_moonpie::1012513065173245952,benchmark_self_defeating_moonpie,moonpie_existing_collection,benchmark,MoonPie,@MoonPie,@MoonPie,https://x.com/MoonPie/status/1012513065173245952,1012513065173245952,https://x.com/MoonPie/status/1012513065173245952,Fri Jun 29 01:48:20 +0000 2018,Listen I know it’s kinda late or whatever but there’s still time to tear open a MoonPie and just tell it all about your day everything’s gonna be ok,151,813,6334,57,false,unknown,,primary,1,legacy_json_import,0,data/moonpie,true,false,false,false,false,en,pending
fortune_top100_ranked::1757847607550869927,fortune_top100_ranked,fortune_x_2025_ranked,1,Amazon,@amazon,@amazon,https://x.com/amazon,1757847607550869927,https://x.com/amazon/status/1757847607550869927,Wed Feb 14 19:21:43 +0000 2024,RT @CBSMornings: .@amazonbooks editorial director Sarah Gelman has a Valentine’s Day book recommendation for everyone — regardless of relat…,0,26,0,0,true,false,,primary,1,capped browser-based collection of observable public posts,0,data/raw/fortune_x_2025_ranked/001_amazon/accounts/01_primary_amazon,true,false,true,false,false,mixed,pending
fortune_top100_ranked::1410285735031316481,fortune_top100_ranked,fortune_x_2025_ranked,42,Target,@target,@target,https://x.com/target,1410285735031316481,https://x.com/target/status/1410285735031316481,Wed Jun 30 17:14:55 +0000 2021,"You’ve been working so hard, bestie. Take that break, go for a walk, schedule a Target date. Grab a candle, your favorite book and take it slow. 💖",91,186,1199,56,false,false,,primary,1,capped browser-based collection of observable public posts,0,data/raw/fortune_x_2025_ranked/042_target/accounts/01_primary_target,true,false,false,false,false,mixed,pending
benchmark_self_defeating_moonpie::955585111889776640,benchmark_self_defeating_moonpie,moonpie_existing_collection,benchmark,MoonPie,@MoonPie,@MoonPie,https://x.com/MoonPie/status/955585111889776640,955585111889776640,https://x.com/MoonPie/status/955585111889776640,Mon Jan 22 23:36:59 +0000 2018,"Today I learned two things:
1. The kids who hang out by the train tracks really like MoonPies and
2. They are deceptively strong",64,473,4864,0,false,unknown,,primary,1,legacy_json_import,0,data/moonpie,true,false,false,false,false,en,pending
fortune_top100_ranked::1655966636938067968,fortune_top100_ranked,fortune_x_2025_ranked,94,TIAA,@tiaa,@tiaa,https://x.com/tiaa,1655966636938067968,https://x.com/tiaa/status/1655966636938067968,Tue May 09 16:03:07 +0000 2023,"TIAA Institute’s Surya Kolluri led an engaging discussion about how the Asian American community can enhance its understanding of longevity literacy – a key to retirement preparedness – across physical, financial, and social dimensions, as we celebrate #AAPIHeritageMonth. https://t.co/D1tTIi59yx",2,1,3,0,true,false,,primary,1,capped browser-based collection of observable public posts,0,data/raw/fortune_x_2025_ranked/094_tiaa/accounts/01_primary_tiaa,true,false,false,false,false,mixed,pending
benchmark_self_defeating_moonpie::1539715389688610816,benchmark_self_defeating_moonpie,moonpie_existing_collection,benchmark,MoonPie,@MoonPie,@MoonPie,https://x.com/MoonPie/status/1539715389688610816,1539715389688610816,https://x.com/MoonPie/status/1539715389688610816,Wed Jun 22 21:02:10 +0000 2022,See what I mean why are we not freaking the h*ck out about this,14,12,229,2,false,unknown,,primary,1,legacy_json_import,0,data/moonpie,true,false,false,false,false,en,pending
fortune_top100_ranked::1483483162844053510,fortune_top100_ranked,fortune_x_2025_ranked,42,Target,@target,@target,https://x.com/target,1483483162844053510,https://x.com/target/status/1483483162844053510,Tue Jan 18 16:55:22 +0000 2022,Me (an empath): sensing you will come to Target today,163,238,2786,85,false,false,,primary,1,capped browser-based collection of observable public posts,0,data/raw/fortune_x_2025_ranked/042_target/accounts/01_primary_target,true,false,false,false,false,en,pending
fortune_top100_ranked::787286569925378048,fortune_top100_ranked,fortune_x_2025_ranked,25,Home Depot,@homedepot,@HDCares,https://x.com/HDCares,787286569925378048,https://x.com/HDCares/status/787286569925378048,Sat Oct 15 13:38:40 +0000 2016,@HD_BUMP Did you say apple butter? YUM! -TeamCare,0,0,0,0,false,false,,secondary,2,capped browser-based collection of observable public posts,0,data/raw/fortune_x_2025_ranked/025_home_depot/accounts/02_secondary_hdcares,true,false,false,true,false,en,pending
benchmark_self_defeating_moonpie::1334671908508405760,benchmark_self_defeating_moonpie,moonpie_existing_collection,benchmark,MoonPie,@MoonPie,@MoonPie,https://x.com/MoonPie/status/1334671908508405760,1334671908508405760,https://x.com/MoonPie/status/1334671908508405760,Fri Dec 04 01:32:34 +0000 2020,How can I help you Sam,29,111,3645,17,false,unknown,,primary,1,legacy_json_import,0,data/moonpie,true,false,false,false,false,en,pending
benchmark_self_defeating_moonpie::1120039680387493888,benchmark_self_defeating_moonpie,moonpie_existing_collection,benchmark,MoonPie,@MoonPie,@MoonPie,https://x.com/MoonPie/status/1120039680387493888,1120039680387493888,https://x.com/MoonPie/status/1120039680387493888,Sun Apr 21 19:00:43 +0000 2019,Hey when you picture the easter bunny what does it look like:,76,76,541,7,false,unknown,,primary,1,legacy_json_import,0,data/moonpie,true,false,false,false,false,en,pending
fortune_top100_ranked::1488640833180033031,fortune_top100_ranked,fortune_x_2025_ranked,55,Sysco,@sysco,@sysco,https://x.com/sysco,1488640833180033031,https://x.com/sysco/status/1488640833180033031,Tue Feb 01 22:30:06 +0000 2022,Wordle 227 5/6— Sysco edition! What other #Wordle-inspired five-letter food words can you think of? https://t.co/CUvMAU0S8o,0,0,3,1,false,false,,primary,1,capped browser-based collection of observable public posts,0,data/raw/fortune_x_2025_ranked/055_sysco/accounts/01_primary_sysco,true,false,false,false,false,mixed,pending
benchmark_aggressive_wendys::2007833761703223723,benchmark_aggressive_wendys,wendys_existing_collection,benchmark,Wendy's,@Wendys,@Wendys,https://x.com/Wendys/status/2007833761703223723,2007833761703223723,https://x.com/Wendys/status/2007833761703223723,Sun Jan 04 15:17:27 +0000 2026,We should play wide receiver cuz we're wide open on Sunday. Score a FREE 3pc Tendy's on @UberEats w/ $10 purchase today (Sunday) https://t.co/f252WJhD40,58,20,136,2,true,unknown,,primary,1,legacy_json_import,0,data/wendys,true,false,false,false,false,en,pending
fortune_top100_ranked::1449676758467424266,fortune_top100_ranked,fortune_x_2025_ranked,65,Caterpillar,@CaterpillarInc,@CaterpillarInc,https://x.com/CaterpillarInc,1449676758467424266,https://x.com/CaterpillarInc/status/1449676758467424266,Sun Oct 17 10:00:47 +0000 2021,"From yachts to hospitals, Cat engines and technicians keep the world up and running. Check out more of the Trial 10 action: https://t.co/QS4DgWVby5. https://t.co/SskNLH2xo9",0,4,20,0,false,false,,primary,1,capped browser-based collection of observable public posts,0,data/raw/fortune_x_2025_ranked/065_caterpillar/accounts/01_primary_caterpillarinc,true,false,false,false,false,en,pending
benchmark_self_defeating_moonpie::1015275771504578560,benchmark_self_defeating_moonpie,moonpie_existing_collection,benchmark,MoonPie,@MoonPie,@MoonPie,https://x.com/MoonPie/status/1015275771504578560,1015275771504578560,https://x.com/MoonPie/status/1015275771504578560,Fri Jul 06 16:46:21 +0000 2018,I made a bot read 100 pages of bot-written scripts and then asked it to write a script where we talk about bot-written scripts https://t.co/HJ9C0jBkYM,72,995,5500,66,false,unknown,,primary,1,legacy_json_import,0,data/moonpie,true,false,false,false,false,en,pending
fortune_top100_ranked::1565033689750589440,fortune_top100_ranked,fortune_x_2025_ranked,55,Sysco,@sysco,@sysco,https://x.com/sysco,1565033689750589440,https://x.com/sysco/status/1565033689750589440,Wed Aug 31 17:48:03 +0000 2022,"Meet Eastern Wisconsin’s Inbound receiver Guy, who's been with Sysco for 12 years where he started as an Outbound Selector &amp; found his home as an Inbound receiver. 

In Guy’s free time he plays in a Metal Rock Band, so if you love to rock, call on Guy! https://t.co/sUXEHcShpn",0,0,6,1,false,false,,primary,1,capped browser-based collection of observable public posts,0,data/raw/fortune_x_2025_ranked/055_sysco/accounts/01_primary_sysco,true,false,false,false,false,mixed,pending
benchmark_aggressive_wendys::1708846678881513926,benchmark_aggressive_wendys,wendys_existing_collection,benchmark,Wendy's,@Wendys,@Wendys,https://x.com/Wendys/status/1708846678881513926,1708846678881513926,https://x.com/Wendys/status/1708846678881513926,Mon Oct 02 14:09:31 +0000 2023,"“I’m emo” 

- Jimmy Butler 

(Via @ByTimReynolds ) https://t.co/IrL9Nqqvyv",980,3897,40280,3969,true,unknown,,primary,1,legacy_json_import,0,data/wendys,true,false,false,false,false,en,pending
fortune_top100_ranked::1704070306724245884,fortune_top100_ranked,fortune_x_2025_ranked,55,Sysco,@sysco,@sysco,https://x.com/sysco,1704070306724245884,https://x.com/sysco/status/1704070306724245884,Tue Sep 19 09:49:55 +0000 2023,"Quote of the day from Sysco at #climateweeknyc HGV freight session. ""Our goal is 2030, not 2040 or 2050 – which means it will be us, it will be this management team...who decides how we are going to do this...it is not a future generation problem to solve”.https://t.co/TmQjk2e0TE",0,2,6,0,true,false,,primary,1,capped browser-based collection of observable public posts,0,data/raw/fortune_x_2025_ranked/055_sysco/accounts/01_primary_sysco,true,false,false,false,true,mixed,pending
fortune_top100_ranked::2019839032222503346,fortune_top100_ranked,fortune_x_2025_ranked,8,McKesson,@mckesson,@mckesson,https://x.com/mckesson,2019839032222503346,https://x.com/mckesson/status/2019839032222503346,Fri Feb 06 18:22:06 +0000 2026,"Early‑onset cases are rising and younger patients are facing new challenges. Leslie Busby, M.D., chief medical officer at @TheUSONetwork, shares why biopharma and community oncology must work together on new strategies, resources and support. Read more: https://t.co/N6JeWxXFfR. https://t.co/VPNIwahv7G",0,1,1,0,true,false,,primary,1,capped browser-based collection of observable public posts,0,data/raw/fortune_x_2025_ranked/008_mckesson/accounts/01_primary_mckesson,true,false,false,false,false,mixed,pending
benchmark_self_defeating_moonpie::878810690701611009,benchmark_self_defeating_moonpie,moonpie_existing_collection,benchmark,MoonPie,@MoonPie,@MoonPie,https://x.com/MoonPie/status/878810690701611009,878810690701611009,https://x.com/MoonPie/status/878810690701611009,Sun Jun 25 03:02:50 +0000 2017,Dear @MoonPie I'm not sure if you created a peanut butter moon pie but I just cut one in half and put some PB on it. 🤤🤤#moonpie #addicted,1,0,0,0,false,unknown,,primary,1,legacy_json_import,0,data/moonpie,true,false,false,false,false,en,pending
benchmark_self_defeating_moonpie::1205067664676114432,benchmark_self_defeating_moonpie,moonpie_existing_collection,benchmark,MoonPie,@MoonPie,@MoonPie,https://x.com/MoonPie/status/1205067664676114432,1205067664676114432,https://x.com/MoonPie/status/1205067664676114432,Thu Dec 12 10:11:34 +0000 2019,The decade is ending with a full cold moon kiss https://t.co/XuBETxyz7a https://t.co/OjgIeoijNc,4,4,32,4,false,unknown,,primary,1,legacy_json_import,0,data/moonpie,true,false,false,false,false,en,pending
fortune_top100_ranked::1702423712262390104,fortune_top100_ranked,fortune_x_2025_ranked,40,Valero Energy,@valeroenergy,@valeroenergy,https://x.com/valeroenergy,1702423712262390104,https://x.com/valeroenergy/status/1702423712262390104,Thu Sep 14 20:46:57 +0000 2023,🏆@valeroenergy #ThreeRivers raced to the winner's circle with a #BBQ cookoff. 🍴 #rickybobby #shakenbake #liveunited https://t.co/cJ8V522WDE,0,1,2,0,true,false,,primary,1,capped browser-based collection of observable public posts,0,data/raw/fortune_x_2025_ranked/040_valero_energy/accounts/01_primary_valeroenergy,true,false,false,false,false,mixed,pending
fortune_top100_ranked::2046350660694929756,fortune_top100_ranked,fortune_x_2025_ranked,44,Walt Disney,@Disney,@Disney,https://x.com/Disney,2046350660694929756,https://x.com/Disney/status/2046350660694929756,Mon Apr 20 22:09:51 +0000 2026,Simone Ashley has arrived to The Devil Wears Prada 2 World Premiere. https://t.co/1SP7f7XKEQ,26,298,1258,33,true,false,,primary,1,capped browser-based collection of observable public posts,0,data/raw/fortune_x_2025_ranked/044_walt_disney/accounts/01_primary_disney,true,false,false,false,false,en,pending
fortune_top100_ranked::1740040870932463766,fortune_top100_ranked,fortune_x_2025_ranked,8,McKesson,@mckesson,@mckesson,https://x.com/mckesson,1740040870932463766,https://x.com/mckesson/status/1740040870932463766,Wed Dec 27 16:04:06 +0000 2023,"To Craig Dolan, the #businessofpharmacy is personal. Read Craig's story to find out why family and #pharmacy go hand in hand for him. https://t.co/lmFOnpkPZJ https://t.co/P5WXd3HWiQ",0,1,3,0,true,false,,primary,1,capped browser-based collection of observable public posts,0,data/raw/fortune_x_2025_ranked/008_mckesson/accounts/01_primary_mckesson,true,false,false,false,false,en,pending
fortune_top100_ranked::1778512493058412827,fortune_top100_ranked,fortune_x_2025_ranked,51,Progressive,@progressive,@progressive,https://x.com/progressive,1778512493058412827,https://x.com/progressive/status/1778512493058412827,Thu Apr 11 19:56:36 +0000 2024,"🐾 Happy National Pet Day! 🐾 Make a splash with your furry friend while keeping safety a top priority on the water. 🌊 Click the link below to watch the full boating with pets safety video, presented in partnership with @progressive.  🚤  https://t.co/AfKxMiHQjJ https://t.co/RGW9eGWjVY",0,6,13,0,true,false,,primary,1,capped browser-based collection of observable public posts,0,data/raw/fortune_x_2025_ranked/051_progressive/accounts/01_primary_progressive,true,false,false,false,false,mixed,pending
fortune_top100_ranked::1441668668924960776,fortune_top100_ranked,fortune_x_2025_ranked,42,Target,@target,@target,https://x.com/target,1441668668924960776,https://x.com/target/status/1441668668924960776,Sat Sep 25 07:39:30 +0000 2021,"🚨 Fall fashion has arrived! 🚨 The limited-time Fall Designer Collection is available now with modern wardrobe essentials from:
✨ #VictorGlemaudxTarget
✨ #NiliLotanxTarget
✨ #RachelComeyxTarget
✨ #SandyLiangxTarget
🛍 Shop now: https://t.co/s79wmQ6DQQ https://t.co/cRgQSDnDWS",18,16,80,8,false,false,,primary,1,capped browser-based collection of observable public posts,0,data/raw/fortune_x_2025_ranked/042_target/accounts/01_primary_target,true,false,false,false,false,mixed,pending
fortune_top100_ranked::1620841158237642752,fortune_top100_ranked,fortune_x_2025_ranked,3,UnitedHealth Group,@UnitedHealthGrp,@UnitedHealthGrp,https://x.com/UnitedHealthGrp,1620841158237642752,https://x.com/UnitedHealthGrp/status/1620841158237642752,Wed Feb 01 17:47:00 +0000 2023,"We're flattered! 🥰 It's a honor to be included on @FortuneMagazine's list of World's Most Admired Companies and #1 in the ""Health Care: Insurance and Managed Care"" sector for the 13th consecutive year. Check it out 👇  https://t.co/4Ut51lDGHY",1,2,13,0,true,false,,primary,1,capped browser-based collection of observable public posts,0,data/raw/fortune_x_2025_ranked/003_unitedhealth_group/accounts/01_primary_unitedhealthgrp,true,false,false,false,false,mixed,pending
benchmark_self_defeating_moonpie::1588545070965587969,benchmark_self_defeating_moonpie,moonpie_existing_collection,benchmark,MoonPie,@MoonPie,@MoonPie,https://x.com/MoonPie/status/1588545070965587969,1588545070965587969,https://x.com/MoonPie/status/1588545070965587969,Fri Nov 04 14:53:53 +0000 2022,Buddy I got somewhere you can put $8 https://t.co/FrOGKGX30o,39,191,1929,23,false,unknown,,primary,1,legacy_json_import,0,data/moonpie,true,false,false,false,false,en,pending
fortune_top100_ranked::1976715561125265531,fortune_top100_ranked,fortune_x_2025_ranked,37,Comcast,@comcast,@comcast,https://x.com/comcast,1976715561125265531,https://x.com/comcast/status/1976715561125265531,Fri Oct 10 18:24:50 +0000 2025,"⭐ @NBCUniversal’s content defines culture across every genre, screen, and format. Into 2026, we're delivering a powerhouse lineup of exciting moments, accounting for more than 40% of the industry’s most anticipated live events. More: https://t.co/bH6dJh5nC8",4,1,7,0,true,false,,primary,1,capped browser-based collection of observable public posts,0,data/raw/fortune_x_2025_ranked/037_comcast/accounts/01_primary_comcast,true,false,false,false,false,mixed,pending
fortune_top100_ranked::1598422132299538459,fortune_top100_ranked,fortune_x_2025_ranked,10,Cencora,@CencoraGlobal,@CencoraGlobal,https://x.com/CencoraGlobal,1598422132299538459,https://x.com/CencoraGlobal/status/1598422132299538459,Thu Dec 01 21:01:48 +0000 2022,"Alliance Healthcare, in collaboration with @GIRPBrussels, hosted an AMR event last month in Belgium to bring together policymakers &amp; leaders across the healthcare supply chain to discuss response efforts &amp; explore solutions to combat #AMR.  https://t.co/rVwC9Ndhrc https://t.co/cMXZDqPC1E",2,0,0,0,false,false,,primary,1,capped browser-based collection of observable public posts,0,data/raw/fortune_x_2025_ranked/010_cencora/accounts/01_primary_cencoraglobal,true,false,false,false,false,en,pending
fortune_top100_ranked::2031158175731232775,fortune_top100_ranked,fortune_x_2025_ranked,70,Broadcom,@broadcom,@broadcom,https://x.com/broadcom,2031158175731232775,https://x.com/broadcom/status/2031158175731232775,Tue Mar 10 00:00:20 +0000 2026,"Join our experts Near Margalit, Cathy Liu, Manish Mehta, and more as we dive into the future of 1.6T networking and AI scale-up at #OFC26

Attending in LA? Come see our latest in AI connectivity!

Full schedule at: https://t.co/qI6S9bstBM https://t.co/JLYfsuaSn8",0,0,10,0,true,false,,primary,1,capped browser-based collection of observable public posts,0,data/raw/fortune_x_2025_ranked/070_broadcom/accounts/01_primary_broadcom,true,false,false,false,false,en,pending
fortune_top100_ranked::2039404678069260452,fortune_top100_ranked,fortune_x_2025_ranked,48,UPS,@ups,@ups,https://x.com/ups,2039404678069260452,https://x.com/ups/status/2039404678069260452,Wed Apr 01 18:09:00 +0000 2026,"Who is UPS?

New level of community engagement unlocked. 30 million volunteer hours! 🎉

In 2011, The UPS Foundation set an ambitious goal: 30 million volunteer hours by 2030. UPSers didn’t just meet it; they delivered four years ahead of schedule. 👏👏👏

Huge thanks to every UPSer who gave their time and talent to create real, lasting change where we live and work. 

Learn more: https://t.co/BNupsTiyHS",21,0,8,0,true,false,,primary,1,capped browser-based collection of observable public posts,0,data/raw/fortune_x_2025_ranked/048_ups/accounts/01_primary_ups,true,false,false,false,false,mixed,pending
fortune_top100_ranked::789199378951077888,fortune_top100_ranked,fortune_x_2025_ranked,25,Home Depot,@homedepot,@HDCares,https://x.com/HDCares,789199378951077888,https://x.com/HDCares/status/789199378951077888,Thu Oct 20 20:19:29 +0000 2016,@teylor_hage OMG! How SWEET was that!! -TeamCare,0,0,0,0,false,false,,secondary,2,capped browser-based collection of observable public posts,0,data/raw/fortune_x_2025_ranked/025_home_depot/accounts/02_secondary_hdcares,true,false,false,true,false,en,pending
fortune_top100_ranked::1953457589305348179,fortune_top100_ranked,fortune_x_2025_ranked,73,Pfizer,@pfizer,@pfizer,https://x.com/pfizer,1953457589305348179,https://x.com/pfizer/status/1953457589305348179,Thu Aug 07 14:05:57 +0000 2025,"Do American patients need to worry about the safety of their medicines?

Dr. Henry Michtalik discusses the rising prevalence of substandard and falsified medicines on the digital market, and how patients and providers can protect themselves.

Listen here: https://t.co/42TtZSGFev https://t.co/sUPFoQ3hgs",0,0,3,1,true,false,,primary,1,capped browser-based collection of observable public posts,0,data/raw/fortune_x_2025_ranked/073_pfizer/accounts/01_primary_pfizer,true,false,false,false,false,en,pending
benchmark_aggressive_wendys::1258056614101356544,benchmark_aggressive_wendys,wendys_existing_collection,benchmark,Wendy's,@Wendys,@Wendys,https://x.com/Wendys/status/1258056614101356544,1258056614101356544,https://x.com/Wendys/status/1258056614101356544,Wed May 06 15:30:45 +0000 2020,"Nice job, code hunters! This batch of clues have all been solved. Check back at 1 pm ET for the next clue drop. 🤓",15,5,253,0,false,unknown,,primary,1,legacy_json_import,0,data/wendys,true,false,false,false,false,en,pending
fortune_top100_ranked::2019456368319533542,fortune_top100_ranked,fortune_x_2025_ranked,33,Freddie Mac,@FreddieMac,@FreddieMac,https://x.com/FreddieMac,2019456368319533542,https://x.com/FreddieMac/status/2019456368319533542,Thu Feb 05 17:01:32 +0000 2026,The avg. 30yr FRM increases to 6.11% https://t.co/K9HBh1pgw5 https://t.co/5FN2S62EZr,5,4,5,0,true,false,,primary,1,capped browser-based collection of observable public posts,0,data/raw/fortune_x_2025_ranked/033_freddie_mac/accounts/01_primary_freddiemac,true,false,false,false,false,en,pending
fortune_top100_ranked::2014057658517442816,fortune_top100_ranked,fortune_x_2025_ranked,16,Nvidia,@nvidia,@nvidia,https://x.com/nvidia,2014057658517442816,https://x.com/nvidia/status/2014057658517442816,Wed Jan 21 19:28:59 +0000 2026,🔗 https://t.co/Fs6wcG0sA3,5,13,57,0,true,false,,primary,1,capped browser-based collection of observable public posts,0,data/raw/fortune_x_2025_ranked/016_nvidia/accounts/01_primary_nvidia,true,false,false,false,false,mixed,pending
benchmark_aggressive_wendys::1276283355768803330,benchmark_aggressive_wendys,wendys_existing_collection,benchmark,Wendy's,@Wendys,@Wendys,https://x.com/Wendys/status/1276283355768803330,1276283355768803330,https://x.com/Wendys/status/1276283355768803330,Thu Jun 25 22:37:18 +0000 2020,"So much has happened over the past couple of weeks, including the death of Rayshard Brooks.  We’ve taken the time to ensure we’re focused on the best ways to support positive change.",734,391,11689,121,false,unknown,,primary,1,legacy_json_import,0,data/wendys,true,false,false,false,false,en,pending
fortune_top100_ranked::2060475395716087834,fortune_top100_ranked,fortune_x_2025_ranked,16,Nvidia,@nvidia,@nvidia,https://x.com/nvidia,2060475395716087834,https://x.com/nvidia/status/2060475395716087834,Fri May 29 21:36:30 +0000 2026,"Our CEO Jensen Huang and @Dell Chairman & CEO Michael Dell kicked things off at #DellTechWorld in Las Vegas with a look at how the Dell AI Factory with NVIDIA is redefining how companies build, run, and scale AI. 

We saw NemoClaw powering agentic AI on-prem, robots demonstrating physical AI in the real world, and sessions packed with enterprise use cases.",69,105,689,7,true,false,,primary,1,capped browser-based collection of observable public posts,0,data/raw/fortune_x_2025_ranked/016_nvidia/accounts/01_primary_nvidia,true,false,false,false,false,en,pending
fortune_top100_ranked::2048811245554274564,fortune_top100_ranked,fortune_x_2025_ranked,5,Alphabet,@Alphabetlnc,@google,https://x.com/google,2048811245554274564,https://x.com/google/status/2048811245554274564,Mon Apr 27 17:07:20 +0000 2026,One of the most underrated @googlechrome features takes just seconds to activate and comes with a big payoff to help you get things done quickly and easily. Here’s what you may be missing out on ⬇️ https://t.co/XgKIS91rw6,71,75,426,13,true,false,,secondary,2,capped browser-based collection of observable public posts,0,data/raw/fortune_x_2025_ranked/005_alphabet/accounts/02_secondary_google,true,false,false,false,false,mixed,pending
benchmark_aggressive_wendys::1204794940066353152,benchmark_aggressive_wendys,wendys_existing_collection,benchmark,Wendy's,@Wendys,@Wendys,https://x.com/Wendys/status/1204794940066353152,1204794940066353152,https://x.com/Wendys/status/1204794940066353152,Wed Dec 11 16:07:52 +0000 2019,"Santa's coming down the chimney this year saying ""Fo Fo Fo!""

Then he's eating all your cookies and kissing your momma.",311,3041,24480,255,false,unknown,,primary,1,legacy_json_import,0,data/wendys,true,false,false,false,false,en,pending
fortune_top100_ranked::1359547685381013514,fortune_top100_ranked,fortune_x_2025_ranked,57,Albertsons,@albertsons,@albertsons,https://x.com/albertsons,1359547685381013514,https://x.com/albertsons/status/1359547685381013514,Wed Feb 10 17:00:02 +0000 2021,It’s easy this year to show your loved ones how much you care! Order flowers online and pick them up in store for the big day: https://t.co/c06t6YtmWR https://t.co/oDF0I8nUDK,4,0,8,0,false,false,,primary,1,capped browser-based collection of observable public posts,0,data/raw/fortune_x_2025_ranked/057_albertsons/accounts/01_primary_albertsons,true,false,false,false,false,mixed,pending
fortune_top100_ranked::2014822200268710396,fortune_top100_ranked,fortune_x_2025_ranked,85,Charter Communications,@CharterNewsroom,@CharterNewsroom,https://x.com/CharterNewsroom,2014822200268710396,https://x.com/CharterNewsroom/status/2014822200268710396,Fri Jan 23 22:07:00 +0000 2026,"RT @Ask_Spectrum: We are preparing for Winter Storm Fern, which is expected to bring significant winter weather to large parts of the count…",0,3,0,0,false,false,,primary,1,capped browser-based collection of observable public posts,0,data/raw/fortune_x_2025_ranked/085_charter_communications/accounts/01_primary_charternewsroom,true,false,true,false,false,mixed,pending
fortune_top100_ranked::1706292541795275244,fortune_top100_ranked,fortune_x_2025_ranked,62,New York Life Insurance,@NewYorkLife,@NewYorkLife,https://x.com/NewYorkLife,1706292541795275244,https://x.com/NewYorkLife/status/1706292541795275244,Mon Sep 25 13:00:18 +0000 2023,"Enter now for your chance to win the Ultimate Yankees VIP experience! Just submit your own virtual baseball card &amp; you could find yourself watching the @Yankees take batting practice from a specially designated area on the field! https://t.co/n7H9p2Bh0h

#Sweepstakes #GoodAtLife https://t.co/eiGkYMEtSv",20,10,12,1,true,false,,primary,1,capped browser-based collection of observable public posts,0,data/raw/fortune_x_2025_ranked/062_new_york_life_insurance/accounts/01_primary_newyorklife,true,false,false,false,false,en,pending
benchmark_aggressive_wendys::1329515439312039940,benchmark_aggressive_wendys,wendys_existing_collection,benchmark,Wendy's,@Wendys,@Wendys,https://x.com/Wendys/status/1329515439312039940,1329515439312039940,https://x.com/Wendys/status/1329515439312039940,Thu Nov 19 20:02:36 +0000 2020,Prove it,518,161,10998,47,false,unknown,,primary,1,legacy_json_import,0,data/wendys,true,false,false,false,false,en,pending
benchmark_aggressive_wendys::1372210239014047750,benchmark_aggressive_wendys,wendys_existing_collection,benchmark,Wendy's,@Wendys,@Wendys,https://x.com/Wendys/status/1372210239014047750,1372210239014047750,https://x.com/Wendys/status/1372210239014047750,Wed Mar 17 15:36:30 +0000 2021,"We don’t know if y’all remember but it’s Biscuitball season out here. That means ya get a free Honey Butter Chicken Biscuit this Thursday, Friday, and  Saturday only.",192,129,2406,49,false,unknown,,primary,1,legacy_json_import,0,data/wendys,true,false,false,false,false,en,pending
benchmark_self_defeating_moonpie::1443712538684841984,benchmark_self_defeating_moonpie,moonpie_existing_collection,benchmark,MoonPie,@MoonPie,@MoonPie,https://x.com/MoonPie/status/1443712538684841984,1443712538684841984,https://x.com/MoonPie/status/1443712538684841984,Thu Sep 30 23:01:06 +0000 2021,"Little MoonPie recipe I’ve been cooking up: 

1. Melt one in the microwave til it’s gooey 
2. Melt it more
3. More
4. Now it’s hot. Blow on it
5. Harder 
6. There ya go! haha I have not been sleeping well",33,67,1109,16,false,unknown,,primary,1,legacy_json_import,0,data/moonpie,true,false,false,false,false,en,pending
benchmark_aggressive_wendys::2041241219603554599,benchmark_aggressive_wendys,wendys_existing_collection,benchmark,Wendy's,@Wendys,@Wendys,https://x.com/Wendys/status/2041241219603554599,2041241219603554599,https://x.com/Wendys/status/2041241219603554599,Mon Apr 06 19:46:45 +0000 2026,Tonight we are anti lay ups and anti fundamentals and pro massive jams,32,11,146,1,true,unknown,,primary,1,legacy_json_import,0,data/wendys,true,false,false,false,false,en,pending
benchmark_aggressive_wendys::1365415423047577602,benchmark_aggressive_wendys,wendys_existing_collection,benchmark,Wendy's,@Wendys,@Wendys,https://x.com/Wendys/status/1365415423047577602,1365415423047577602,https://x.com/Wendys/status/1365415423047577602,Fri Feb 26 21:36:19 +0000 2021,Should I ban george again?,6832,2198,62915,1866,false,unknown,,primary,1,legacy_json_import,0,data/wendys,true,false,false,false,false,en,pending
benchmark_aggressive_wendys::1339940203688046593,benchmark_aggressive_wendys,wendys_existing_collection,benchmark,Wendy's,@Wendys,@Wendys,https://x.com/Wendys/status/1339940203688046593,1339940203688046593,https://x.com/Wendys/status/1339940203688046593,Fri Dec 18 14:26:54 +0000 2020,Skate at a Wendy’s? Skate at a Wendy’s. Watch us grind the rails live while we Skate and Baconate: https://t.co/sQfjVH1iaa,84,27,709,5,false,unknown,,primary,1,legacy_json_import,0,data/wendys,true,false,false,false,false,en,pending
benchmark_aggressive_wendys::1229797426569019392,benchmark_aggressive_wendys,wendys_existing_collection,benchmark,Wendy's,@Wendys,@Wendys,https://x.com/Wendys/status/1229797426569019392,1229797426569019392,https://x.com/Wendys/status/1229797426569019392,Tue Feb 18 15:58:49 +0000 2020,When literally anything would be better on a bun than their beef.,4212,28452,223948,4405,false,unknown,,primary,1,legacy_json_import,0,data/wendys,true,false,false,false,false,en,pending
fortune_top100_ranked::1580589213267144705,fortune_top100_ranked,fortune_x_2025_ranked,6,CVS Health,@cvshealth,@cvshealth,https://x.com/cvshealth,1580589213267144705,https://x.com/cvshealth/status/1580589213267144705,Thu Oct 13 16:00:09 +0000 2022,"Hispanic Heritage Month is coming to an end, but we continue celebrating our Latino colleagues. We're thankful to Sandra and Tony for sharing what their identity means to them, and to all our Latino colleagues for leading with heart. #HispanicHeritageMonth https://t.co/u5BEIfwVXQ https://t.co/cTbZvWirLA",2,1,5,0,false,false,,primary,1,capped browser-based collection of observable public posts,0,data/raw/fortune_x_2025_ranked/006_cvs_health/accounts/01_primary_cvshealth,true,false,false,false,false,en,pending
fortune_top100_ranked::1916826762224292223,fortune_top100_ranked,fortune_x_2025_ranked,83,Cisco Systems,@Cisco,@Cisco,https://x.com/Cisco,1916826762224292223,https://x.com/Cisco/status/1916826762224292223,Mon Apr 28 12:08:07 +0000 2025,"""While security has been blamed for slowing technology adoption in the past, we believe that taking the right approach to safety and security today will actually accelerate AI adoption.""

Learn how Cisco is securing the future with newly announced #cybersecurity innovations from EVP & Chief Product Officer @jpatel41 ➡️ https://t.co/TK3E8CA2aE

#RSAC",2,9,27,1,true,false,,primary,1,capped browser-based collection of observable public posts,0,data/raw/fortune_x_2025_ranked/083_cisco_systems/accounts/01_primary_cisco,true,false,false,false,false,mixed,pending
fortune_top100_ranked::1740382944257003783,fortune_top100_ranked,fortune_x_2025_ranked,69,Nationwide,@nationwide,@nationwide,https://x.com/nationwide,1740382944257003783,https://x.com/nationwide/status/1740382944257003783,Thu Dec 28 14:43:23 +0000 2023,Win cool gear or unique experiences with your favorite Walter Payton @NFL Man of the Year nominee. 100% of your donations support their charitable organization. Visit https://t.co/3SvFtofA2P #WPMOY https://t.co/V6EUP7l9Pr,0,1,2,2,true,false,,primary,1,capped browser-based collection of observable public posts,0,data/raw/fortune_x_2025_ranked/069_nationwide/accounts/01_primary_nationwide,true,false,false,false,false,en,pending
fortune_top100_ranked::1634241774343340041,fortune_top100_ranked,fortune_x_2025_ranked,58,Archer Daniels Midland,@ADMupdates,@ADMupdates,https://x.com/ADMupdates,1634241774343340041,https://x.com/ADMupdates/status/1634241774343340041,Fri Mar 10 17:16:16 +0000 2023,"ADM is delighted to announce a partnership with @carlsberg, one of the leading brewery groups in the world.

We are excited to work closely with Carlsberg to support our extensive farmer network and regenerative agriculture practices. https://t.co/rWu2Eg7SKR",0,6,15,0,true,false,,primary,1,capped browser-based collection of observable public posts,0,data/raw/fortune_x_2025_ranked/058_archer_daniels_midland/accounts/01_primary_admupdates,true,false,false,false,false,en,pending
benchmark_aggressive_wendys::1716838471950639260,benchmark_aggressive_wendys,wendys_existing_collection,benchmark,Wendy's,@Wendys,@Wendys,https://x.com/Wendys/status/1716838471950639260,1716838471950639260,https://x.com/Wendys/status/1716838471950639260,Tue Oct 24 15:26:03 +0000 2023,"Red Velvet's Seulgi, Irene, Joy and Yeri in mood samplers for ‘Chill Kill.’ Wendy's has yet to be released. https://t.co/Kfda6DJhrJ",129,2082,10162,440,true,unknown,,primary,1,legacy_json_import,0,data/wendys,true,false,false,false,false,en,pending
fortune_top100_ranked::1555569881633984516,fortune_top100_ranked,fortune_x_2025_ranked,10,Cencora,@CencoraGlobal,@CencoraGlobal,https://x.com/CencoraGlobal,1555569881633984516,https://x.com/CencoraGlobal/status/1555569881633984516,Fri Aug 05 15:02:15 +0000 2022,"Since its launch in the ‘80s, @WeAreGNP has continued to evolve alongside the industry to set independent pharmacies up for success. 

In @Drug_Topics we reflect back and look forward in honor of GNP’s 40th anniversary: https://t.co/a1BvScD3Gz https://t.co/xMBiRaSZ7H",0,3,3,0,false,false,,primary,1,capped browser-based collection of observable public posts,0,data/raw/fortune_x_2025_ranked/010_cencora/accounts/01_primary_cencoraglobal,true,false,false,false,false,mixed,pending
benchmark_self_defeating_moonpie::925418952645382144,benchmark_self_defeating_moonpie,moonpie_existing_collection,benchmark,MoonPie,@MoonPie,@MoonPie,https://x.com/MoonPie/status/925418952645382144,925418952645382144,https://x.com/MoonPie/status/925418952645382144,Tue Oct 31 17:47:26 +0000 2017,Whether or not you are handing out MoonPies tonight here are some notices you can print out to let the neighborhood kids know either way https://t.co/ZMZNvIDY0W,5,76,517,0,false,unknown,,primary,1,legacy_json_import,0,data/moonpie,true,false,false,false,false,en,pending
benchmark_self_defeating_moonpie::1952482341278109836,benchmark_self_defeating_moonpie,moonpie_existing_collection,benchmark,MoonPie,@MoonPie,@MoonPie,https://x.com/MoonPie/status/1952482341278109836,1952482341278109836,https://x.com/MoonPie/status/1952482341278109836,Mon Aug 04 21:30:40 +0000 2025,U.S. TO ANNOUNCE PLANS TO BUILD NUCLEAR REACTOR ON MOON,1091,408,5565,3149,true,unknown,,primary,1,legacy_json_import,0,data/moonpie,true,false,false,false,false,en,pending
fortune_top100_ranked::1793537377522102371,fortune_top100_ranked,fortune_x_2025_ranked,74,TD Synnex,@tdsynnex,@tdsynnex,https://x.com/tdsynnex,1793537377522102371,https://x.com/tdsynnex/status/1793537377522102371,Thu May 23 07:00:07 +0000 2024,"Get ready to #EmbraceAI! 💥

With AI at the forefront of technology, businesses are facing an unparalleled opportunity and challenge.

Alexander Malinin shares how AI can help manage storage growth to support vast datasets across organizations.  

https://t.co/mNV4flm7ZM https://t.co/PirbR2wdhC",0,1,0,0,true,false,,primary,1,capped browser-based collection of observable public posts,0,data/raw/fortune_x_2025_ranked/074_td_synnex/accounts/01_primary_tdsynnex,true,false,false,false,false,mixed,pending
fortune_top100_ranked::1532445273238257664,fortune_top100_ranked,fortune_x_2025_ranked,72,Publix Super Markets,@Publix,@Publix,https://x.com/Publix,1532445273238257664,https://x.com/Publix/status/1532445273238257664,Thu Jun 02 19:33:19 +0000 2022,"Welcome to the family, Store #1792 in Yulee, FL. https://t.co/1C8LoUgFgH",4,10,76,2,false,false,,primary,1,capped browser-based collection of observable public posts,0,data/raw/fortune_x_2025_ranked/072_publix_super_markets/accounts/01_primary_publix,true,false,false,false,false,en,pending
fortune_top100_ranked::1732123859266970088,fortune_top100_ranked,fortune_x_2025_ranked,40,Valero Energy,@valeroenergy,@valeroenergy,https://x.com/valeroenergy,1732123859266970088,https://x.com/valeroenergy/status/1732123859266970088,Tue Dec 05 19:44:44 +0000 2023,"This holiday season, let's make a lasting impact for kids at RMYA! Be a change champion with @ValeroEnergy  Energy @VTOChampions 2024. 
https://t.co/bjcSvO3vcq",3,1,1,0,true,false,,primary,1,capped browser-based collection of observable public posts,0,data/raw/fortune_x_2025_ranked/040_valero_energy/accounts/01_primary_valeroenergy,true,false,false,false,false,en,pending
fortune_top100_ranked::2055136728361349447,fortune_top100_ranked,fortune_x_2025_ranked,44,Walt Disney,@Disney,@Disney,https://x.com/Disney,2055136728361349447,https://x.com/Disney/status/2055136728361349447,Fri May 15 04:02:33 +0000 2026,"RT @starwars: Sigourney. Pedro. Jon. Dave. Grogu.

Experience Star Wars: The Mandalorian and Grogu only in theaters and IMAX May 22. 

#The…",0,371,0,0,true,false,,primary,1,capped browser-based collection of observable public posts,0,data/raw/fortune_x_2025_ranked/044_walt_disney/accounts/01_primary_disney,true,false,true,false,false,mixed,pending
benchmark_self_defeating_moonpie::955172084501577728,benchmark_self_defeating_moonpie,moonpie_existing_collection,benchmark,MoonPie,@MoonPie,@MoonPie,https://x.com/MoonPie/status/955172084501577728,955172084501577728,https://x.com/MoonPie/status/955172084501577728,Sun Jan 21 20:15:45 +0000 2018,It's fine if you wanna say I love you to a MoonPie just make sure your parents can't hear you or anything,91,506,4801,0,false,unknown,,primary,1,legacy_json_import,0,data/moonpie,true,false,false,false,false,en,pending
fortune_top100_ranked::1420838553827872772,fortune_top100_ranked,fortune_x_2025_ranked,65,Caterpillar,@CaterpillarInc,@CaterpillarInc,https://x.com/CaterpillarInc,1420838553827872772,https://x.com/CaterpillarInc/status/1420838553827872772,Thu Jul 29 20:08:03 +0000 2021,#ICYMI: A Cat generator set from @wagnerequipment supported the recent Blue Origin space launch. #LetsDoTheWork #CatGenerators #CatPowerSystems https://t.co/xmqcxJXki5,1,2,18,0,false,false,,primary,1,capped browser-based collection of observable public posts,0,data/raw/fortune_x_2025_ranked/065_caterpillar/accounts/01_primary_caterpillarinc,true,false,false,false,false,en,pending
fortune_top100_ranked::2028857165646025067,fortune_top100_ranked,fortune_x_2025_ranked,12,JPMorgan Chase,@jpmorgan,@jpmorgan,https://x.com/jpmorgan,2028857165646025067,https://x.com/jpmorgan/status/2028857165646025067,Tue Mar 03 15:36:57 +0000 2026,"The J.P. Morgan Global Leveraged Finance Conference is underway in Miami, with more than 3,000 participants exploring the latest High Yield and Leveraged Finance trends. Here’s what’s top of mind after day one:
 
🌍 Geopolitics
💳 Private Credit
💻 Software https://t.co/HVSEN7XlPO",39,12,39,3,true,false,,primary,1,capped browser-based collection of observable public posts,0,data/raw/fortune_x_2025_ranked/012_jpmorgan_chase/accounts/01_primary_jpmorgan,true,false,false,false,false,mixed,pending
fortune_top100_ranked::1580268171105570816,fortune_top100_ranked,fortune_x_2025_ranked,91,General Dynamics,@generaldynamics,@generaldynamics,https://x.com/generaldynamics,1580268171105570816,https://x.com/generaldynamics/status/1580268171105570816,Wed Oct 12 18:44:26 +0000 2022,RT @GD_LandSystems: The Tracked Robot 10-ton (TRX) Breacher technology demonstrator supports @usArmy objectives for a Robotic Combat Vehicl…,0,15,0,0,false,false,,primary,1,capped browser-based collection of observable public posts,0,data/raw/fortune_x_2025_ranked/091_general_dynamics/accounts/01_primary_generaldynamics,true,false,true,false,false,mixed,pending
fortune_top100_ranked::2055634371894272439,fortune_top100_ranked,fortune_x_2025_ranked,12,JPMorgan Chase,@jpmorgan,@jpmorgan,https://x.com/jpmorgan,2055634371894272439,https://x.com/jpmorgan/status/2055634371894272439,Sat May 16 13:00:00 +0000 2026,"That’s a wrap for the 21st J.P. Morgan Global Markets Conference. Attendees heard from leaders across markets, geopolitics, technology and investing, with conversations reflecting just how quickly the global playbook is changing. Here’s what stood out: https://t.co/dQ2Wu0O9Uz",30,35,97,3,true,false,,primary,1,capped browser-based collection of observable public posts,0,data/raw/fortune_x_2025_ranked/012_jpmorgan_chase/accounts/01_primary_jpmorgan,true,false,false,false,false,mixed,pending
fortune_top100_ranked::1204468276325019648,fortune_top100_ranked,fortune_x_2025_ranked,9,Exxon Mobil,@exxonmobil,@exxonmobil,https://x.com/exxonmobil,1204468276325019648,https://x.com/exxonmobil/status/1204468276325019648,Tue Dec 10 18:29:49 +0000 2019,“Today’s ruling affirms the position ExxonMobil has held throughout the New York Attorney General’s baseless investigation.” Read our full statement in response to the verdict from the Supreme Court of the State of New York: https://t.co/7N1SWj8Tu9,18,19,75,4,false,false,,primary,1,capped browser-based collection of observable public posts,0,data/raw/fortune_x_2025_ranked/009_exxon_mobil/accounts/01_primary_exxonmobil,true,false,false,false,false,mixed,pending
benchmark_aggressive_wendys::1257807705445740546,benchmark_aggressive_wendys,wendys_existing_collection,benchmark,Wendy's,@Wendys,@Wendys,https://x.com/Wendys/status/1257807705445740546,1257807705445740546,https://x.com/Wendys/status/1257807705445740546,Tue May 05 23:01:40 +0000 2020,Annnnnnnnnd they're gone. All four codes have been found for these hints...but there's still four others so you better hurry.,13,6,236,0,false,unknown,,primary,1,legacy_json_import,0,data/wendys,true,false,false,false,false,en,pending
benchmark_self_defeating_moonpie::949411518227021824,benchmark_self_defeating_moonpie,moonpie_existing_collection,benchmark,MoonPie,@MoonPie,@MoonPie,https://x.com/MoonPie/status/949411518227021824,949411518227021824,https://x.com/MoonPie/status/949411518227021824,Fri Jan 05 22:45:19 +0000 2018,Time for your Friday recipe try cutting a MoonPie in half for some extra flavor maybe,137,336,3700,0,false,unknown,,primary,1,legacy_json_import,0,data/moonpie,true,false,false,false,false,en,pending
benchmark_self_defeating_moonpie::1199497904089636864,benchmark_self_defeating_moonpie,moonpie_existing_collection,benchmark,MoonPie,@MoonPie,@MoonPie,https://x.com/MoonPie/status/1199497904089636864,1199497904089636864,https://x.com/MoonPie/status/1199497904089636864,Wed Nov 27 01:19:20 +0000 2019,"We have the technology

The time is now

Science can wait no longer

We can, should, must, blow up the sun",218,1233,7883,128,false,unknown,,primary,1,legacy_json_import,0,data/moonpie,true,false,false,false,false,en,pending
fortune_top100_ranked::1393239703319678981,fortune_top100_ranked,fortune_x_2025_ranked,46,PepsiCo,@pepsico,@pepsico,https://x.com/pepsico,1393239703319678981,https://x.com/pepsico/status/1393239703319678981,Fri May 14 16:20:05 +0000 2021,"The moment we’ve been waiting for is here: The 2021 @UEFA Women’s Champions League final! We’re proud supporters of the game, and delighted to share brand experiences from @LaysUnited, @pepsi, @Gatorade + more with our fellow fans! #UWCLfinal ⚽ https://t.co/rfVcNIr53W",0,3,26,1,false,false,,primary,1,capped browser-based collection of observable public posts,0,data/raw/fortune_x_2025_ranked/046_pepsico/accounts/01_primary_pepsico,true,false,false,false,false,mixed,pending
benchmark_aggressive_wendys::1581410264339009536,benchmark_aggressive_wendys,wendys_existing_collection,benchmark,Wendy's,@Wendys,@Wendys,https://x.com/Wendys/status/1581410264339009536,1581410264339009536,https://x.com/Wendys/status/1581410264339009536,Sat Oct 15 22:22:42 +0000 2022,"I had about 6 French Toast Sticks and I’d do it again. BGs, start your day with @wendys new #FrenchToastSticks #BravoCon #ad https://t.co/jXUuOFStao",61,61,1499,43,false,unknown,,primary,1,legacy_json_import,0,data/wendys,true,false,false,false,false,en,pending
benchmark_aggressive_wendys::1298343100125937665,benchmark_aggressive_wendys,wendys_existing_collection,benchmark,Wendy's,@Wendys,@Wendys,https://x.com/Wendys/status/1298343100125937665,1298343100125937665,https://x.com/Wendys/status/1298343100125937665,Tue Aug 25 19:34:51 +0000 2020,@Wendys I see that @McDonalds is coming out with Spicy Nuggets. 🤔 What are your feelings?,10,1,121,1,false,unknown,,primary,1,legacy_json_import,0,data/wendys,true,false,false,true,false,en,pending
benchmark_aggressive_wendys::1217550572104056832,benchmark_aggressive_wendys,wendys_existing_collection,benchmark,Wendy's,@Wendys,@Wendys,https://x.com/Wendys/status/1217550572104056832,1217550572104056832,https://x.com/Wendys/status/1217550572104056832,Wed Jan 15 20:54:12 +0000 2020,me trying to convince vegeta to buy me a wendy’s 4 for 4 https://t.co/xqGmdUxq2t,15,386,2420,29,false,unknown,,primary,1,legacy_json_import,0,data/wendys,true,false,false,false,false,en,pending
fortune_top100_ranked::1494612739397984282,fortune_top100_ranked,fortune_x_2025_ranked,18,Elevance Health,@elevancehealth,@elevancehealth,https://x.com/elevancehealth,1494612739397984282,https://x.com/elevancehealth/status/1494612739397984282,Fri Feb 18 10:00:20 +0000 2022,"🚨 Blood supply has reached a critical low across the country. Employers can help: 

ENCOURAGE your team to donate blood, HOST a drive,
SPREAD the word about the need,
ENCOURAGE your team to volunteer at a center. 

In Indiana, @INRedCross and @Versiti are ready for you. https://t.co/4LIx5TTwLS",0,2,3,1,false,false,,primary,1,capped browser-based collection of observable public posts,0,data/raw/fortune_x_2025_ranked/018_elevance_health/accounts/01_primary_elevancehealth,true,false,false,false,false,mixed,pending
benchmark_self_defeating_moonpie::1083146514334138368,benchmark_self_defeating_moonpie,moonpie_existing_collection,benchmark,MoonPie,@MoonPie,@MoonPie,https://x.com/MoonPie/status/1083146514334138368,1083146514334138368,https://x.com/MoonPie/status/1083146514334138368,Wed Jan 09 23:40:27 +0000 2019,"MoonPie - yes
Moon Pie - no
Sun Pie - stop
Dad - sure
M̵̡̩͕̭̼͓͈̊̉͌͊̏̓̇̍͒̍̈́̓̕̕r̸̨̬͙̬̪̳̳̊̎̆̐̈ͅu̷̡͖̙̠͚̹͇̜̽̅͌̏̓́̀́͋̐̚͘͝d̸͉̞̺̙̮͎͈̲̹̪͚͚̳̖̒̈́̐̽̂̓̌̚͘a̵̢͙̘̖͔̣̒̈́͊ͅh̵̭͙̻͊̈́̾̓̑͛̾͑͋͌̚ņ̸̢͓̩͖̩̼͗̈̎̽̿͐̍̊̕̕ - do not speak this name",214,987,6633,51,false,unknown,,primary,1,legacy_json_import,0,data/moonpie,true,false,false,false,false,und,pending
benchmark_self_defeating_moonpie::1312106263975616512,benchmark_self_defeating_moonpie,moonpie_existing_collection,benchmark,MoonPie,@MoonPie,@MoonPie,https://x.com/MoonPie/status/1312106263975616512,1312106263975616512,https://x.com/MoonPie/status/1312106263975616512,Fri Oct 02 19:04:45 +0000 2020,come on @moonpie.. tweet!,0,0,8,1,false,unknown,,primary,1,legacy_json_import,0,data/moonpie,true,false,false,false,false,en,pending
benchmark_aggressive_wendys::1316371848960061440,benchmark_aggressive_wendys,wendys_existing_collection,benchmark,Wendy's,@Wendys,@Wendys,https://x.com/Wendys/status/1316371848960061440,1316371848960061440,https://x.com/Wendys/status/1316371848960061440,Wed Oct 14 13:34:40 +0000 2020,"You put in the work, now it’s time for your reward. Head to @UberEats now and get up to 30% off breakfast today through Friday morning with code: WENDYS30",86,38,812,12,false,unknown,,primary,1,legacy_json_import,0,data/wendys,true,false,false,false,false,en,pending
benchmark_self_defeating_moonpie::897992833726128128,benchmark_self_defeating_moonpie,moonpie_existing_collection,benchmark,MoonPie,@MoonPie,@MoonPie,https://x.com/MoonPie/status/897992833726128128,897992833726128128,https://x.com/MoonPie/status/897992833726128128,Thu Aug 17 01:25:50 +0000 2017,You might be a little excited about the eclipse when you visit 4 stores and buy out all the @MoonPie #Eclipse2017 https://t.co/y2ffFVh3fB,2,5,42,0,false,unknown,,primary,1,legacy_json_import,0,data/moonpie,true,false,false,false,false,en,pending
fortune_top100_ranked::1496135791235448842,fortune_top100_ranked,fortune_x_2025_ranked,68,Merck,@merck,@merck,https://x.com/merck,1496135791235448842,https://x.com/merck/status/1496135791235448842,Tue Feb 22 14:52:24 +0000 2022,"Black innovators are making history now. This #BlackHistoryMonth let's talk about diversity &amp; equal access, where there's been progress and the work still to be done. Our thread below highlights how Black researchers and scientists have made an impact on our company &amp; the world. https://t.co/mgVkQT256w",4,3,19,0,false,false,,primary,1,capped browser-based collection of observable public posts,0,data/raw/fortune_x_2025_ranked/068_merck/accounts/01_primary_merck,true,false,false,false,false,en,pending
benchmark_self_defeating_moonpie::926188184530284545,benchmark_self_defeating_moonpie,moonpie_existing_collection,benchmark,MoonPie,@MoonPie,@MoonPie,https://x.com/MoonPie/status/926188184530284545,926188184530284545,https://x.com/MoonPie/status/926188184530284545,Thu Nov 02 20:44:05 +0000 2017,Brands can't use hashtags anymore #Happiest5WordSentence,6,13,252,0,false,unknown,,primary,1,legacy_json_import,0,data/moonpie,true,false,false,false,false,en,pending
benchmark_self_defeating_moonpie::958524136837537792,benchmark_self_defeating_moonpie,moonpie_existing_collection,benchmark,MoonPie,@MoonPie,@MoonPie,https://x.com/MoonPie/status/958524136837537792,958524136837537792,https://x.com/MoonPie/status/958524136837537792,Wed Jan 31 02:15:37 +0000 2018,"Tonight I will be delivering the state of the moon-ion: 

Here it is we are doing great thank you",95,1255,9709,0,false,unknown,,primary,1,legacy_json_import,0,data/moonpie,true,false,false,false,false,en,pending
benchmark_self_defeating_moonpie::1837153407557156944,benchmark_self_defeating_moonpie,moonpie_existing_collection,benchmark,MoonPie,@MoonPie,@MoonPie,https://x.com/MoonPie/status/1837153407557156944,1837153407557156944,https://x.com/MoonPie/status/1837153407557156944,Fri Sep 20 15:34:39 +0000 2024,The moon has released a statement: https://t.co/GWxh7kmd8A,20,154,1385,11,true,unknown,,primary,1,legacy_json_import,0,data/moonpie,true,false,false,false,false,en,pending
fortune_top100_ranked::1379136764925853702,fortune_top100_ranked,fortune_x_2025_ranked,68,Merck,@merck,@merck,https://x.com/merck,1379136764925853702,https://x.com/merck/status/1379136764925853702,Mon Apr 05 18:20:02 +0000 2021,"In the past year, many children have missed check-ups and recommended childhood vaccinations. Talk with your doctor or nurse about protecting your child from vaccine-preventable diseases. https://t.co/r484mkXwLe https://t.co/eZjDNqYCwz",9,53,94,7,false,false,,primary,1,capped browser-based collection of observable public posts,0,data/raw/fortune_x_2025_ranked/068_merck/accounts/01_primary_merck,true,false,false,false,false,en,pending
benchmark_aggressive_wendys::2035089780396953839,benchmark_aggressive_wendys,wendys_existing_collection,benchmark,Wendy's,@Wendys,@Wendys,https://x.com/Wendys/status/2035089780396953839,2035089780396953839,https://x.com/Wendys/status/2035089780396953839,Fri Mar 20 20:23:08 +0000 2026,"“Hold my Frosty” – Coen Carr, probably. @Coencarr2 https://t.co/8hGMcWQRSr",8,6,81,0,true,unknown,,primary,1,legacy_json_import,0,data/wendys,true,false,false,false,false,en,pending
benchmark_aggressive_wendys::1808626600872665366,benchmark_aggressive_wendys,wendys_existing_collection,benchmark,Wendy's,@Wendys,@Wendys,https://x.com/Wendys/status/1808626600872665366,1808626600872665366,https://x.com/Wendys/status/1808626600872665366,Wed Jul 03 22:19:18 +0000 2024,.@shanevg97 you asked for some sauce for your race in Chicago. This work? https://t.co/e67YBsIvdK,66,94,803,11,true,unknown,,primary,1,legacy_json_import,0,data/wendys,true,false,false,false,false,en,pending
benchmark_aggressive_wendys::1864373989759471899,benchmark_aggressive_wendys,wendys_existing_collection,benchmark,Wendy's,@Wendys,@Wendys,https://x.com/Wendys/status/1864373989759471899,1864373989759471899,https://x.com/Wendys/status/1864373989759471899,Wed Dec 04 18:19:32 +0000 2024,@laufey 🥹,20,3,97,0,true,unknown,,primary,1,legacy_json_import,0,data/wendys,true,false,false,true,false,qme,pending
fortune_top100_ranked::1333431722176700418,fortune_top100_ranked,fortune_x_2025_ranked,29,Phillips 66,@phillips66,@Phillips66co,https://x.com/Phillips66co,1333431722176700418,https://x.com/Phillips66co/status/1333431722176700418,Mon Nov 30 15:24:31 +0000 2020,"#GivingTuesday Donate early to DOUBLE your gift: Thanks to a generous @Phillips66Co sponsorship the first $10,000 in donations go twice as far: https://t.co/64mxn4tDGU https://t.co/EnCkiRV3DM",0,2,5,1,false,false,,secondary,2,capped browser-based collection of observable public posts,0,data/raw/fortune_x_2025_ranked/029_phillips_66/accounts/02_secondary_phillips66co,true,false,false,false,false,en,pending
fortune_top100_ranked::1921621399350727024,fortune_top100_ranked,fortune_x_2025_ranked,35,AT&T,@ATT,@ATT,https://x.com/ATT,1921621399350727024,https://x.com/ATT/status/1921621399350727024,Sun May 11 17:40:18 +0000 2025,"Pause your scroll and call your queen 💙

#HappyMothersDay",17,8,53,1,true,false,,primary,1,capped browser-based collection of observable public posts,0,data/raw/fortune_x_2025_ranked/035_at_t/accounts/01_primary_att,true,false,false,false,false,mixed,pending
benchmark_self_defeating_moonpie::1054452219746181120,benchmark_self_defeating_moonpie,moonpie_existing_collection,benchmark,MoonPie,@MoonPie,@MoonPie,https://x.com/MoonPie/status/1054452219746181120,1054452219746181120,https://x.com/MoonPie/status/1054452219746181120,Mon Oct 22 19:19:34 +0000 2018,Ok baby https://t.co/KssF8AT1uj,270,32381,169492,619,false,unknown,,primary,1,legacy_json_import,0,data/moonpie,true,false,false,false,false,en,pending
benchmark_self_defeating_moonpie::1473446316697079810,benchmark_self_defeating_moonpie,moonpie_existing_collection,benchmark,MoonPie,@MoonPie,@MoonPie,https://x.com/MoonPie/status/1473446316697079810,1473446316697079810,https://x.com/MoonPie/status/1473446316697079810,Wed Dec 22 00:12:31 +0000 2021,UPDATE: we've decided it's ok to gift wrap some MoonPies and gently toss them at your loved ones from a distance,51,138,1908,32,false,unknown,,primary,1,legacy_json_import,0,data/moonpie,true,false,false,false,false,en,pending
benchmark_aggressive_wendys::1327327865160036352,benchmark_aggressive_wendys,wendys_existing_collection,benchmark,Wendy's,@Wendys,@Wendys,https://x.com/Wendys/status/1327327865160036352,1327327865160036352,https://x.com/Wendys/status/1327327865160036352,Fri Nov 13 19:09:58 +0000 2020,"Only an impostor would not watch this stream. Don’t be sus, join us live: https://t.co/P0GZ7DIn5g",124,54,1376,66,false,unknown,,primary,1,legacy_json_import,0,data/wendys,true,false,false,false,false,en,pending
fortune_top100_ranked::1498387627829047296,fortune_top100_ranked,fortune_x_2025_ranked,6,CVS Health,@cvshealth,@cvshealth,https://x.com/cvshealth,1498387627829047296,https://x.com/cvshealth/status/1498387627829047296,Mon Feb 28 20:00:23 +0000 2022,"“Black History is American History.” In honor of #BlackHistoryMonth, our Black Colleague Resource Group hosted a Fireside Chat with Thasunda Brown Duckett, President &amp; CEO of @TIAA, who discussed the importance of collective learning, allyship, and making space for others. https://t.co/ofYyVvM8qB",3,0,6,1,false,false,,primary,1,capped browser-based collection of observable public posts,0,data/raw/fortune_x_2025_ranked/006_cvs_health/accounts/01_primary_cvshealth,true,false,false,false,false,mixed,pending
fortune_top100_ranked::1641817675423686657,fortune_top100_ranked,fortune_x_2025_ranked,97,Bristol-Myers Squibb,@bmsnews,@bmsnews,https://x.com/bmsnews,1641817675423686657,https://x.com/bmsnews/status/1641817675423686657,Fri Mar 31 15:00:11 +0000 2023,"Although #MyelomaActionMonth is coming to an end, our efforts to advance the science behind our treatments to better serve our myeloma patients remain steadfast. Learn more about how you too can be part of the #MultipleMyeloma community past this month. https://t.co/5UNgpfHvar https://t.co/n5EtJULQ4v",1,1,4,0,true,false,,primary,1,capped browser-based collection of observable public posts,0,data/raw/fortune_x_2025_ranked/097_bristol_myers_squibb/accounts/01_primary_bmsnews,true,false,false,false,false,en,pending
benchmark_aggressive_wendys::1295466172066836480,benchmark_aggressive_wendys,wendys_existing_collection,benchmark,Wendy's,@Wendys,@Wendys,https://x.com/Wendys/status/1295466172066836480,1295466172066836480,https://x.com/Wendys/status/1295466172066836480,Mon Aug 17 21:02:58 +0000 2020,4 for 4 ....I’m on my Wendy https://t.co/esqHpaEVRu,393,2408,29153,200,false,unknown,,primary,1,legacy_json_import,0,data/wendys,true,false,false,false,false,en,pending
fortune_top100_ranked::1445037241731067907,fortune_top100_ranked,fortune_x_2025_ranked,71,Delta Air Lines,@Delta,@Delta,https://x.com/Delta,1445037241731067907,https://x.com/Delta/status/1445037241731067907,Mon Oct 04 14:45:00 +0000 2021,What destination is #1 on your travel bucket list?,923,39,526,125,false,false,,primary,1,capped browser-based collection of observable public posts,0,data/raw/fortune_x_2025_ranked/071_delta_air_lines/accounts/01_primary_delta,true,false,false,false,false,en,pending
benchmark_aggressive_wendys::1283561455787347973,benchmark_aggressive_wendys,wendys_existing_collection,benchmark,Wendy's,@Wendys,@Wendys,https://x.com/Wendys/status/1283561455787347973,1283561455787347973,https://x.com/Wendys/status/1283561455787347973,Thu Jul 16 00:37:53 +0000 2020,"Sorry, Nick. No dice.",228,535,19904,52,false,unknown,,primary,1,legacy_json_import,0,data/wendys,true,false,false,false,false,en,pending
fortune_top100_ranked::1384507186924163073,fortune_top100_ranked,fortune_x_2025_ranked,45,Johnson & Johnson,@JNJNews,@JNJNews,https://x.com/JNJNews,1384507186924163073,https://x.com/JNJNews/status/1384507186924163073,Tue Apr 20 14:00:10 +0000 2021,"Alex Gorsky, Chairman and Chief Executive Officer, #JNJ, on J&amp;J’s Q1 2021 #earnings financial performance. https://t.co/yMWX9uoqTw",5,4,40,0,false,false,,primary,1,capped browser-based collection of observable public posts,0,data/raw/fortune_x_2025_ranked/045_johnson_johnson/accounts/01_primary_jnjnews,true,false,false,false,false,mixed,pending
benchmark_aggressive_wendys::1555192002639175681,benchmark_aggressive_wendys,wendys_existing_collection,benchmark,Wendy's,@Wendys,@Wendys,https://x.com/Wendys/status/1555192002639175681,1555192002639175681,https://x.com/Wendys/status/1555192002639175681,Thu Aug 04 14:00:42 +0000 2022,@MichaelaBarger7 we only have fries for you (and millions of others) #ChooseHotAndCrispy https://t.co/g2AUqoXZYG,18,10,174,1,false,unknown,,primary,1,legacy_json_import,0,data/wendys,true,false,false,true,false,en,pending
benchmark_self_defeating_moonpie::882250456550039552,benchmark_self_defeating_moonpie,moonpie_existing_collection,benchmark,MoonPie,@MoonPie,@MoonPie,https://x.com/MoonPie/status/882250456550039552,882250456550039552,https://x.com/MoonPie/status/882250456550039552,Tue Jul 04 14:51:14 +0000 2017,"Sweet, sweet freedom. #FourthOfJuly https://t.co/fN64oHOMZq",0,2,21,0,false,unknown,,primary,1,legacy_json_import,0,data/moonpie,true,false,false,false,false,en,pending
benchmark_self_defeating_moonpie::899716313446309889,benchmark_self_defeating_moonpie,moonpie_existing_collection,benchmark,MoonPie,@MoonPie,@MoonPie,https://x.com/MoonPie/status/899716313446309889,899716313446309889,https://x.com/MoonPie/status/899716313446309889,Mon Aug 21 19:34:19 +0000 2017,What do you say we use our snacking powers for good @MoonPie? How about the Mooncake? #SolarEclipse2017 #EclipseSolar https://t.co/N0tc7jtW7C,33,70,361,0,false,unknown,,primary,1,legacy_json_import,0,data/moonpie,true,false,false,false,false,en,pending
fortune_top100_ranked::1370781767527981063,fortune_top100_ranked,fortune_x_2025_ranked,56,American Express,@americanexpress,@americanexpress,https://x.com/americanexpress,1370781767527981063,https://x.com/americanexpress/status/1370781767527981063,Sat Mar 13 17:00:15 +0000 2021,Takeout has been essential for https://t.co/OpbSD6Tliy in Portland: “Takeout has influenced us big time! We keep pushing through and we appreciate the customers that come and keep us going!” says owner Cydnie Smith-McCarthy. #ShopSmall https://t.co/xVn5gwad8y,20,0,7,1,false,false,,primary,1,capped browser-based collection of observable public posts,0,data/raw/fortune_x_2025_ranked/056_american_express/accounts/01_primary_americanexpress,true,false,false,false,false,mixed,pending
benchmark_aggressive_wendys::2050243908991328359,benchmark_aggressive_wendys,wendys_existing_collection,benchmark,Wendy's,@Wendys,@Wendys,https://x.com/Wendys/status/2050243908991328359,2050243908991328359,https://x.com/Wendys/status/2050243908991328359,Fri May 01 16:00:14 +0000 2026,"that bow is not just blue, it's not turquoise, it's not lapis, it's actually cerulean. https://t.co/mswbnGHkgg",139,86,1510,18,true,unknown,,primary,1,legacy_json_import,0,data/wendys,true,false,false,false,false,en,pending
benchmark_aggressive_wendys::1843779609789378824,benchmark_aggressive_wendys,wendys_existing_collection,benchmark,Wendy's,@Wendys,@Wendys,https://x.com/Wendys/status/1843779609789378824,1843779609789378824,https://x.com/Wendys/status/1843779609789378824,Tue Oct 08 22:24:49 +0000 2024,REV UP THOSE FRYERS https://t.co/iGRVIYwGjO,591,2187,13139,265,true,unknown,,primary,1,legacy_json_import,0,data/wendys,true,false,false,false,false,en,pending
fortune_top100_ranked::1455930746015784974,fortune_top100_ranked,fortune_x_2025_ranked,23,General Motors,@GM,@GM,https://x.com/GM,1455930746015784974,https://x.com/GM/status/1455930746015784974,Wed Nov 03 16:11:54 +0000 2021,"We're honored to be named one of @FastCompany's 2021 Brands that Matter. We believe we have a responsibility to help create a world that is safe and sustainable, and we look forward to continuing to work toward that vision. https://t.co/z1Au4oIXdJ",2,2,34,0,false,false,,primary,1,capped browser-based collection of observable public posts,0,data/raw/fortune_x_2025_ranked/023_general_motors/accounts/01_primary_gm,true,false,false,false,false,en,pending
fortune_top100_ranked::2008569251376861273,fortune_top100_ranked,fortune_x_2025_ranked,86,American Airlines Group,@AmericanAir,@AmericanAir,https://x.com/AmericanAir,2008569251376861273,https://x.com/AmericanAir/status/2008569251376861273,Tue Jan 06 16:00:01 +0000 2026,"Stream, scroll, swipe and smile on board. All for free.*

Taking off this month: FREE Wi-Fi for AAdvantage® members, sponsored by @att on most flights, regardless of wireless carrier. Keep it 💯 in the sky. 😉🛜✈️

*Complimentary inflight Wi-Fi will be powered by Viasat & Intelsat.",92,52,304,11,true,false,,primary,1,capped browser-based collection of observable public posts,0,data/raw/fortune_x_2025_ranked/086_american_airlines_group/accounts/01_primary_americanair,true,false,false,false,false,mixed,pending
benchmark_aggressive_wendys::1248676724512043009,benchmark_aggressive_wendys,wendys_existing_collection,benchmark,Wendy's,@Wendys,@Wendys,https://x.com/Wendys/status/1248676724512043009,1248676724512043009,https://x.com/Wendys/status/1248676724512043009,Fri Apr 10 18:18:25 +0000 2020,"It's not too late to Snap back and avoid the clapback mystery girl. 
Until then, Humphrey will be chilling with that Dave's Single.",20,25,551,1,false,unknown,,primary,1,legacy_json_import,0,data/wendys,true,false,false,false,false,en,pending
fortune_top100_ranked::1522592177532063744,fortune_top100_ranked,fortune_x_2025_ranked,91,General Dynamics,@generaldynamics,@generaldynamics,https://x.com/generaldynamics,1522592177532063744,https://x.com/generaldynamics/status/1522592177532063744,Fri May 06 15:00:38 +0000 2022,"Roughly 77% of military spouses want or need work, but frequent relocation makes it difficult to launch a career. That's why we're proud members of the Military Spouse Employment Partnership program. Click https://t.co/r3Lx9IL4Ef to learn more!

#MilitarySpouseAppreciationDay https://t.co/mDozOAePDV",0,2,3,0,false,false,,primary,1,capped browser-based collection of observable public posts,0,data/raw/fortune_x_2025_ranked/091_general_dynamics/accounts/01_primary_generaldynamics,true,false,false,false,false,en,pending
fortune_top100_ranked::649970920069689345,fortune_top100_ranked,fortune_x_2025_ranked,80,Performance Food Group,@PFGCareers,@PFGCareers,https://x.com/PFGCareers,649970920069689345,https://x.com/PFGCareers/status/649970920069689345,Fri Oct 02 15:35:17 +0000 2015,Performance Food Group Company (NYSE: $PFGC) rang the Opening Bell to celebrate their recent listing http://t.co/DxEq4NOn2g,4,9,14,0,false,false,,primary,1,capped browser-based collection of observable public posts,0,data/raw/fortune_x_2025_ranked/080_performance_food_group/accounts/01_primary_pfgcareers,true,false,false,false,false,en,pending
benchmark_self_defeating_moonpie::2034785334836273530,benchmark_self_defeating_moonpie,moonpie_existing_collection,benchmark,MoonPie,@MoonPie,@MoonPie,https://x.com/MoonPie/status/2034785334836273530,2034785334836273530,https://x.com/MoonPie/status/2034785334836273530,Fri Mar 20 00:13:22 +0000 2026,Name him https://t.co/RLB91FqZCM,86,8,177,4,true,unknown,,primary,1,legacy_json_import,0,data/moonpie,true,false,false,false,false,en,pending
fortune_top100_ranked::1339344590084710403,fortune_top100_ranked,fortune_x_2025_ranked,64,Allstate,@allstate,@allstate,https://x.com/allstate,1339344590084710403,https://x.com/allstate/status/1339344590084710403,Wed Dec 16 23:00:08 +0000 2020,How do you prefer to remove snow from your driveway?,1,0,0,0,false,false,,primary,1,capped browser-based collection of observable public posts,0,data/raw/fortune_x_2025_ranked/064_allstate/accounts/01_primary_allstate,true,false,false,false,false,en,pending
fortune_top100_ranked::1572707271582294016,fortune_top100_ranked,fortune_x_2025_ranked,50,FedEx,@fedex,@fedex,https://x.com/fedex,1572707271582294016,https://x.com/fedex/status/1572707271582294016,Wed Sep 21 22:00:07 +0000 2022,Did your vote win? @Tua and @Showtyme_33 are your Week 2 FedEx #AirandGround @NFL Players of the Week. Congratulate them using #AirandGround https://t.co/rsIulKgyUI,4,7,14,0,false,false,,primary,1,capped browser-based collection of observable public posts,0,data/raw/fortune_x_2025_ranked/050_fedex/accounts/01_primary_fedex,true,false,false,false,false,en,pending
benchmark_self_defeating_moonpie::905086372540796929,benchmark_self_defeating_moonpie,moonpie_existing_collection,benchmark,MoonPie,@MoonPie,@MoonPie,https://x.com/MoonPie/status/905086372540796929,905086372540796929,https://x.com/MoonPie/status/905086372540796929,Tue Sep 05 15:13:01 +0000 2017,test tweet - please ignore,71,1176,1565,0,false,unknown,,primary,1,legacy_json_import,0,data/moonpie,true,false,false,false,false,en,pending
fortune_top100_ranked::1344015758880354304,fortune_top100_ranked,fortune_x_2025_ranked,9,Exxon Mobil,@exxonmobil,@exxonmobil,https://x.com/exxonmobil,1344015758880354304,https://x.com/exxonmobil/status/1344015758880354304,Tue Dec 29 20:21:42 +0000 2020,"The ExxonMobil-sponsored @Smithsonian exhibition about the ""Green Book"" is now at @NCRMuseum in Memphis. Lonnie Bunch, the first Black secretary of the Smithsonian, shares his family’s connection to the #GreenBook guide and his father’s affection for Esso gas stations.",19,15,44,1,false,false,,primary,1,capped browser-based collection of observable public posts,0,data/raw/fortune_x_2025_ranked/009_exxon_mobil/accounts/01_primary_exxonmobil,true,false,false,false,false,mixed,pending
fortune_top100_ranked::2064366601026105481,fortune_top100_ranked,fortune_x_2025_ranked,5,Alphabet,@Alphabetlnc,@google,https://x.com/google,2064366601026105481,https://x.com/google/status/2064366601026105481,Tue Jun 09 15:18:46 +0000 2026,"Gemini 3.5 Live Translate brings live, natural speech translation to:

🌎 Everyone in Google Translate on @Android and iOS

🧑‍💻 Developers in public preview via the Gemini Live API and @GoogleAIStudio 

🏢 Enterprises in private preview starting this month in Google Meet

Learn more ↓ https://t.co/HNvIX9N5fG",9,21,204,3,true,false,,secondary,2,capped browser-based collection of observable public posts,0,data/raw/fortune_x_2025_ranked/005_alphabet/accounts/02_secondary_google,true,false,false,false,false,mixed,pending
benchmark_aggressive_wendys::1864360277942075898,benchmark_aggressive_wendys,wendys_existing_collection,benchmark,Wendy's,@Wendys,@Wendys,https://x.com/Wendys/status/1864360277942075898,1864360277942075898,https://x.com/Wendys/status/1864360277942075898,Wed Dec 04 17:25:03 +0000 2024,my aesthetic is Laufey + salted caramel frosty 🥺,74,39,340,8,true,unknown,,primary,1,legacy_json_import,0,data/wendys,true,false,false,false,false,en,pending
fortune_top100_ranked::1585315916216090624,fortune_top100_ranked,fortune_x_2025_ranked,71,Delta Air Lines,@Delta,@Delta,https://x.com/Delta,1585315916216090624,https://x.com/Delta/status/1585315916216090624,Wed Oct 26 17:02:22 +0000 2022,"So, which class from @MasterClass is for you?

Mostly A: Mashama Bailey Teaches Southern Cooking
Mostly B: Malcolm Gladwell Teaches Writing
Mostly C: Jessie Krebs Teaches Wilderness Survival

Find these classes and more, now on Delta Studio.",10,5,21,2,false,false,,primary,1,capped browser-based collection of observable public posts,0,data/raw/fortune_x_2025_ranked/071_delta_air_lines/accounts/01_primary_delta,true,false,false,false,false,en,pending
fortune_top100_ranked::1557813244395397120,fortune_top100_ranked,fortune_x_2025_ranked,20,Bank of America,@bankofamerica,@bankofamerica,https://x.com/bankofamerica,1557813244395397120,https://x.com/bankofamerica/status/1557813244395397120,Thu Aug 11 19:36:34 +0000 2022,"Before you head out for a night at the ballpark, make sure you have your Bank of America debit card. Your card can be used when cash isn’t accepted for things like beverages, hot dogs and more. ⚾",22,4,24,1,false,false,,primary,1,capped browser-based collection of observable public posts,0,data/raw/fortune_x_2025_ranked/020_bank_of_america/accounts/01_primary_bankofamerica,true,false,false,false,false,mixed,pending
fortune_top100_ranked::2041153954587808086,fortune_top100_ranked,fortune_x_2025_ranked,66,IBM,@ibm,@ibm,https://x.com/ibm,2041153954587808086,https://x.com/ibm/status/2041153954587808086,Mon Apr 06 14:00:00 +0000 2026,"We're kicking off a new month of Tech Term of the Week! 🥳

In celebration of World Quantum Day on April 14th, we're dedicating the next four weeks to teaching you the four key quantum mechanics principles. ⚛️",4,16,81,1,true,false,,primary,1,capped browser-based collection of observable public posts,0,data/raw/fortune_x_2025_ranked/066_ibm/accounts/01_primary_ibm,true,false,false,false,false,mixed,pending
fortune_top100_ranked::1791577826954445180,fortune_top100_ranked,fortune_x_2025_ranked,37,Comcast,@comcast,@comcast,https://x.com/comcast,1791577826954445180,https://x.com/comcast/status/1791577826954445180,Fri May 17 21:13:34 +0000 2024,"We are proud to expand our partnership with @TheArcUS with a $1M grant to help transform data, tech training and Spanish education resources for people with intellectual and developmental disabilities. 

More: https://t.co/7vnGsCegVX #ProjectUP",0,1,5,0,true,false,,primary,1,capped browser-based collection of observable public posts,0,data/raw/fortune_x_2025_ranked/037_comcast/accounts/01_primary_comcast,true,false,false,false,false,en,pending
fortune_top100_ranked::1539297380171907076,fortune_top100_ranked,fortune_x_2025_ranked,97,Bristol-Myers Squibb,@bmsnews,@bmsnews,https://x.com/bmsnews,1539297380171907076,https://x.com/bmsnews/status/1539297380171907076,Tue Jun 21 17:21:08 +0000 2022,"@IgniteLC Launches Second Annual Golden Ticket Contest! https://t.co/7XYCxlt9Za 

This year, 4 Ignite Golden Tickets are being awarded, 2 to companies with women founders and 2 to companies with founders of color.",0,4,6,3,false,false,,primary,1,capped browser-based collection of observable public posts,0,data/raw/fortune_x_2025_ranked/097_bristol_myers_squibb/accounts/01_primary_bmsnews,true,false,false,true,false,en,pending
fortune_top100_ranked::1639264267496050690,fortune_top100_ranked,fortune_x_2025_ranked,59,MetLife,@metlife,@metlife,https://x.com/metlife,1639264267496050690,https://x.com/metlife/status/1639264267496050690,Fri Mar 24 13:53:52 +0000 2023,"Today, MetLife is 155 years old! That’s 155 years of being there for our people, our customers, our communities and our shareholders, helping to build more confident futures. Cheers to living our purpose for the next 155 years! https://t.co/mF2bLMPZC7",4,4,14,1,true,false,,primary,1,capped browser-based collection of observable public posts,0,data/raw/fortune_x_2025_ranked/059_metlife/accounts/01_primary_metlife,true,false,false,false,false,mixed,pending
fortune_top100_ranked::649974268122517505,fortune_top100_ranked,fortune_x_2025_ranked,80,Performance Food Group,@PFGCareers,@PFGCareers,https://x.com/PFGCareers,649974268122517505,https://x.com/PFGCareers/status/649974268122517505,Fri Oct 02 15:48:36 +0000 2015,Here are a few photos as we rang the @NYSE Opening Bell today! https://t.co/vx5G2msr9q,3,0,0,0,false,false,,primary,1,capped browser-based collection of observable public posts,0,data/raw/fortune_x_2025_ranked/080_performance_food_group/accounts/01_primary_pfgcareers,true,false,false,false,false,en,pending
benchmark_aggressive_wendys::1291837518455779328,benchmark_aggressive_wendys,wendys_existing_collection,benchmark,Wendy's,@Wendys,@Wendys,https://x.com/Wendys/status/1291837518455779328,1291837518455779328,https://x.com/Wendys/status/1291837518455779328,Fri Aug 07 20:44:00 +0000 2020,4:44 on the clock I’m in my drop top getting some eats.,363,450,9232,104,false,unknown,,primary,1,legacy_json_import,0,data/wendys,true,false,false,false,false,en,pending
benchmark_self_defeating_moonpie::895724021743931392,benchmark_self_defeating_moonpie,moonpie_existing_collection,benchmark,MoonPie,@MoonPie,@MoonPie,https://x.com/MoonPie/status/895724021743931392,895724021743931392,https://x.com/MoonPie/status/895724021743931392,Thu Aug 10 19:10:23 +0000 2017,"It's #WorldLionDay, and you know what thaaat meeeeans...that's right - we put a MoonPie on lion's head.

But seriously, aren't lions great? https://t.co/5xwGhj0DlZ",1,8,50,0,false,unknown,,primary,1,legacy_json_import,0,data/moonpie,true,false,false,false,false,en,pending
fortune_top100_ranked::1969050292877414627,fortune_top100_ranked,fortune_x_2025_ranked,31,StoneX Group,@StoneX_Official,@StoneX_Official,https://x.com/StoneX_Official,1969050292877414627,https://x.com/StoneX_Official/status/1969050292877414627,Fri Sep 19 14:45:47 +0000 2025,"Hear from StoneX’s Senior Advisor, Jon Hilsenrath, on his key takeaways from the recent U.S. Fed meeting.

Learn more: https://t.co/7cOKwn0kel https://t.co/zWHN0HIDbP",0,1,2,0,true,false,,primary,1,capped browser-based collection of observable public posts,0,data/raw/fortune_x_2025_ranked/031_stonex_group/accounts/01_primary_stonex_official,true,false,false,false,false,mixed,pending
fortune_top100_ranked::1611105275615891474,fortune_top100_ranked,fortune_x_2025_ranked,84,HP,@hp,@hp,https://x.com/hp,1611105275615891474,https://x.com/hp/status/1611105275615891474,Thu Jan 05 21:00:05 +0000 2023,"RT @PCMag: With the spectacular HP E45c G5, you'll get the productivity bonus of two screens in one curved panel. We took a long look at it…",0,6,0,0,false,false,,primary,1,capped browser-based collection of observable public posts,0,data/raw/fortune_x_2025_ranked/084_hp/accounts/01_primary_hp,true,false,true,false,false,mixed,pending
fortune_top100_ranked::624605610621845504,fortune_top100_ranked,fortune_x_2025_ranked,80,Performance Food Group,@PFGCareers,@PFGCareers,https://x.com/PFGCareers,624605610621845504,https://x.com/PFGCareers/status/624605610621845504,Fri Jul 24 15:42:36 +0000 2015,We just joined the #TweetMyJobs network! Follow us here for up to date information on our open #jobs. #myfirstTweet,0,0,0,0,false,false,,primary,1,capped browser-based collection of observable public posts,0,data/raw/fortune_x_2025_ranked/080_performance_food_group/accounts/01_primary_pfgcareers,true,false,false,false,false,en,pending
fortune_top100_ranked::2026809642974646464,fortune_top100_ranked,fortune_x_2025_ranked,61,Lockheed Martin,@lockheedmartin,@lockheedmartin,https://x.com/lockheedmartin,2026809642974646464,https://x.com/lockheedmartin/status/2026809642974646464,Thu Feb 26 00:00:49 +0000 2026,"Behind every mission-ready system is an engineer. ⚙️ This #EngineersWeek, we’re recognizing the people who design solutions that operate from sea to space, at speed and under pressure. https://t.co/IPHV8iH7dk",8,27,185,4,true,false,,primary,1,capped browser-based collection of observable public posts,0,data/raw/fortune_x_2025_ranked/061_lockheed_martin/accounts/01_primary_lockheedmartin,true,false,false,false,false,mixed,pending
fortune_top100_ranked::1585356659030884384,fortune_top100_ranked,fortune_x_2025_ranked,14,Cigna Group,@TheCignaGroup,@Cigna,https://x.com/Cigna,1585356659030884384,https://x.com/Cigna/status/1585356659030884384,Wed Oct 26 19:44:16 +0000 2022,"Cigna unveils the next generation measure of whole person health. The @Evernorth  Vitality Index looks at factors that contribute to health and vitality levels for personal, business and community impact. #CignaNews #Vitality https://t.co/zc9phfA382 https://t.co/Tmt8ibWXDW",4,0,6,0,false,false,,secondary,2,capped browser-based collection of observable public posts,0,data/raw/fortune_x_2025_ranked/014_cigna_group/accounts/02_secondary_cigna,true,false,false,false,false,en,pending
fortune_top100_ranked::1575879378722070529,fortune_top100_ranked,fortune_x_2025_ranked,20,Bank of America,@bankofamerica,@bankofamerica,https://x.com/bankofamerica,1575879378722070529,https://x.com/bankofamerica/status/1575879378722070529,Fri Sep 30 16:04:56 +0000 2022,"This ball girl is spending time between at-bats using digital tools so impressive, Los Angeles @Dodgers fans just #CantStopBanking—even at The Ravine.

 Learn more here: https://t.co/cQAhubBP2u https://t.co/J7WH9W1X8h",10,13,46,3,false,false,,primary,1,capped browser-based collection of observable public posts,0,data/raw/fortune_x_2025_ranked/020_bank_of_america/accounts/01_primary_bankofamerica,true,false,false,false,false,mixed,pending
fortune_top100_ranked::1704150344966545772,fortune_top100_ranked,fortune_x_2025_ranked,15,Cardinal Health,@cardinalhealth,@cardinalhealth,https://x.com/cardinalhealth,1704150344966545772,https://x.com/cardinalhealth/status/1704150344966545772,Tue Sep 19 15:07:58 +0000 2023,"RT @BiosimCenter: On this episode of Not So Different, Dr Fran Gregory, MBA, vice president of emerging therapies at @cardinalhealth, analy…",0,2,0,0,false,false,,primary,1,capped browser-based collection of observable public posts,0,data/raw/fortune_x_2025_ranked/015_cardinal_health/accounts/01_primary_cardinalhealth,true,false,true,false,false,mixed,pending
fortune_top100_ranked::1724850264400875658,fortune_top100_ranked,fortune_x_2025_ranked,96,Travelers,@travelers,@travelers,https://x.com/travelers,1724850264400875658,https://x.com/travelers/status/1724850264400875658,Wed Nov 15 18:02:03 +0000 2023,"Congratulations to Kim Kontz of Charps, LLC, the 2023 Gary E. Bird Horizon Award winner! Sponsored by @Travelers. Kim Kontz received the award at the 43rd IRMI Construction Risk Conference. Learn more about the 2023 Gary E. Bird Horizon Award winner: https://t.co/w4y7HVlWsS https://t.co/UJzPaF4RAW",1,0,2,2,true,false,,primary,1,capped browser-based collection of observable public posts,0,data/raw/fortune_x_2025_ranked/096_travelers/accounts/01_primary_travelers,true,false,false,false,false,en,pending
fortune_top100_ranked::1531993971412566016,fortune_top100_ranked,fortune_x_2025_ranked,97,Bristol-Myers Squibb,@bmsnews,@bmsnews,https://x.com/bmsnews,1531993971412566016,https://x.com/bmsnews/status/1531993971412566016,Wed Jun 01 13:40:00 +0000 2022,"Our own Anne Kerber, SVP of Cell Therapy Development, delivered a keynote address at #Leiden2022. Speaking on diversity and inclusion, #healthequity and more, Anne rounded out an important and eventful week in the biomedical science community.",0,1,9,0,false,false,,primary,1,capped browser-based collection of observable public posts,0,data/raw/fortune_x_2025_ranked/097_bristol_myers_squibb/accounts/01_primary_bmsnews,true,false,false,false,false,en,pending
benchmark_self_defeating_moonpie::880788615869198336,benchmark_self_defeating_moonpie,moonpie_existing_collection,benchmark,MoonPie,@MoonPie,@MoonPie,https://x.com/MoonPie/status/880788615869198336,880788615869198336,https://x.com/MoonPie/status/880788615869198336,Fri Jun 30 14:02:24 +0000 2017,That #FridayFeeling https://t.co/68k4iGTx0h,0,0,8,0,false,unknown,,primary,1,legacy_json_import,0,data/moonpie,true,false,false,false,false,en,pending
benchmark_aggressive_wendys::1198330462122512384,benchmark_aggressive_wendys,wendys_existing_collection,benchmark,Wendy's,@Wendys,@Wendys,https://x.com/Wendys/status/1198330462122512384,1198330462122512384,https://x.com/Wendys/status/1198330462122512384,Sat Nov 23 20:00:20 +0000 2019,Two booby trap suits fresh never frozen. Watch a new episode of #RickAndMorty Sundays at 11:30p. @wendys #ad https://t.co/hh9kJMQN5U,71,1879,13920,0,false,unknown,,primary,1,legacy_json_import,0,data/wendys,true,false,false,false,false,en,pending
fortune_top100_ranked::1524141354753970176,fortune_top100_ranked,fortune_x_2025_ranked,91,General Dynamics,@generaldynamics,@generaldynamics,https://x.com/generaldynamics,1524141354753970176,https://x.com/generaldynamics/status/1524141354753970176,Tue May 10 21:36:30 +0000 2022,RT @GDMS: Whether it’s working on a project or taking your kids to the playground during lunch - #GDMissionSystems gives your time back to…,0,1,0,0,false,false,,primary,1,capped browser-based collection of observable public posts,0,data/raw/fortune_x_2025_ranked/091_general_dynamics/accounts/01_primary_generaldynamics,true,false,true,false,false,mixed,pending
fortune_top100_ranked::1491067094209015811,fortune_top100_ranked,fortune_x_2025_ranked,55,Sysco,@sysco,@sysco,https://x.com/sysco,1491067094209015811,https://x.com/sysco/status/1491067094209015811,Tue Feb 08 15:11:12 +0000 2022,$SYY is well-positioned for long-term growth acceleration. #SYYEarnings https://t.co/X46Hk7KVWM,0,0,1,0,false,false,,primary,1,capped browser-based collection of observable public posts,0,data/raw/fortune_x_2025_ranked/055_sysco/accounts/01_primary_sysco,true,false,false,false,false,en,pending
benchmark_aggressive_wendys::1371833939149664261,benchmark_aggressive_wendys,wendys_existing_collection,benchmark,Wendy's,@Wendys,@Wendys,https://x.com/Wendys/status/1371833939149664261,1371833939149664261,https://x.com/Wendys/status/1371833939149664261,Tue Mar 16 14:41:13 +0000 2021,"Starting your day with a W, just like our name.",106,36,2268,5,false,unknown,,primary,1,legacy_json_import,0,data/wendys,true,false,false,false,false,en,pending
fortune_top100_ranked::2019108695817253344,fortune_top100_ranked,fortune_x_2025_ranked,48,UPS,@ups,@ups,https://x.com/ups,2019108695817253344,https://x.com/ups/status/2019108695817253344,Wed Feb 04 18:00:00 +0000 2026,"Turning seeds of inspiration into blooming businesses. 🌺🌹🪻

Entrepreneurs, like Creative Essence, share why they ship with us: https://t.co/4ACn4zJGBI https://t.co/2iKsE2Tm2g",46,2,16,1,true,false,,primary,1,capped browser-based collection of observable public posts,0,data/raw/fortune_x_2025_ranked/048_ups/accounts/01_primary_ups,true,false,false,false,false,mixed,pending
benchmark_self_defeating_moonpie::1527067408963452928,benchmark_self_defeating_moonpie,moonpie_existing_collection,benchmark,MoonPie,@MoonPie,@MoonPie,https://x.com/MoonPie/status/1527067408963452928,1527067408963452928,https://x.com/MoonPie/status/1527067408963452928,Wed May 18 23:23:36 +0000 2022,Thinking about starting a newsletter where I recap recent MoonPie news like Linda did you get my snaps it says you never opened them,13,13,370,0,false,unknown,,primary,1,legacy_json_import,0,data/moonpie,true,false,false,false,false,en,pending
fortune_top100_ranked::1628477256816381952,fortune_top100_ranked,fortune_x_2025_ranked,21,Chevron,@chevron,@chevron,https://x.com/chevron,1628477256816381952,https://x.com/chevron/status/1628477256816381952,Wed Feb 22 19:30:08 +0000 2023,"Eimear Bonner, President, Chevron Technical Center of @Chevron, will be speaking at #CERAWeek 2023 as foremost thought leaders and executives gather for shared learning, and connection about the future of the #energyindustry. Register today at https://t.co/ldAlXaWbEI https://t.co/348lktCmHH",3,7,10,0,true,false,,primary,1,capped browser-based collection of observable public posts,0,data/raw/fortune_x_2025_ranked/021_chevron/accounts/01_primary_chevron,true,false,false,false,false,en,pending
fortune_top100_ranked::1901631459644801357,fortune_top100_ranked,fortune_x_2025_ranked,84,HP,@hp,@hp,https://x.com/hp,1901631459644801357,https://x.com/hp/status/1901631459644801357,Mon Mar 17 13:47:25 +0000 2025,"This is the week of the Amplify Conference 2025 in Nashville. We will be hosting our partners and customers from more than 95 countries; all focused on driving the future of work together. 

From #AI's impact on work, employee fulfillment to customer experiences and partner growth.

Stay tuned as we cover the conference with insights and interviews over the next few days.  

The Future of Work is ours to lead.  

#HPAmplify",10,7,25,0,true,false,,primary,1,capped browser-based collection of observable public posts,0,data/raw/fortune_x_2025_ranked/084_hp/accounts/01_primary_hp,true,false,false,false,false,en,pending
benchmark_aggressive_wendys::1301868598751830016,benchmark_aggressive_wendys,wendys_existing_collection,benchmark,Wendy's,@Wendys,@Wendys,https://x.com/Wendys/status/1301868598751830016,1301868598751830016,https://x.com/Wendys/status/1301868598751830016,Fri Sep 04 13:03:56 +0000 2020,"Drop in, hop the gap, eat some breakfast, 360 nosegrab, grab the tape, spell S-K-A-T-E, eat more breakfast, repeat. 🤙🤙🤙 https://t.co/P0GZ7DIn5g",91,41,921,19,false,unknown,,primary,1,legacy_json_import,0,data/wendys,true,false,false,false,false,en,pending
fortune_top100_ranked::1448627148424499200,fortune_top100_ranked,fortune_x_2025_ranked,64,Allstate,@allstate,@allstate,https://x.com/allstate,1448627148424499200,https://x.com/allstate/status/1448627148424499200,Thu Oct 14 12:30:01 +0000 2021,"Watch behind-the-scenes footage from Alicia Keys and Kehlani's Musicians on Musicians cover shoot. 
Presented by @Allstate #ad

Read the story here:
https://t.co/Km4zRLZdGr https://t.co/JGcDAdiOTO",3,34,190,4,false,false,,primary,1,capped browser-based collection of observable public posts,0,data/raw/fortune_x_2025_ranked/064_allstate/accounts/01_primary_allstate,true,false,false,false,false,en,pending
fortune_top100_ranked::1551980974543716358,fortune_top100_ranked,fortune_x_2025_ranked,91,General Dynamics,@generaldynamics,@generaldynamics,https://x.com/generaldynamics,1551980974543716358,https://x.com/generaldynamics/status/1551980974543716358,Tue Jul 26 17:21:13 +0000 2022,"RT @GDMS: Today is #HireaVeteran day! #GDMissionSystems prides itself on knowing the value of a veteran (&amp; #milspouses!) – everyday. 

List…",0,1,0,0,false,false,,primary,1,capped browser-based collection of observable public posts,0,data/raw/fortune_x_2025_ranked/091_general_dynamics/accounts/01_primary_generaldynamics,true,false,true,false,false,mixed,pending
fortune_top100_ranked::2058193499552456842,fortune_top100_ranked,fortune_x_2025_ranked,41,Dell Technologies,@Dell,@Dell,https://x.com/Dell,2058193499552456842,https://x.com/Dell/status/2058193499552456842,Sat May 23 14:29:04 +0000 2026,"Anyone else catch @OscarPiastri's sleek, new XPS lid in Montreal? 👀 
@mclarenf1 fans—now’s your moment. 
Use code OscarXPS for an exclusive discount on the new Dell XPS laptops ↓",6,2,30,1,true,false,,primary,1,capped browser-based collection of observable public posts,0,data/raw/fortune_x_2025_ranked/041_dell_technologies/accounts/01_primary_dell,true,false,false,false,false,mixed,pending
benchmark_aggressive_wendys::1595102167110922241,benchmark_aggressive_wendys,wendys_existing_collection,benchmark,Wendy's,@Wendys,@Wendys,https://x.com/Wendys/status/1595102167110922241,1595102167110922241,https://x.com/Wendys/status/1595102167110922241,Tue Nov 22 17:09:26 +0000 2022,"Hey @wendysuk USA vs England this Friday. Let’s put all the chips on the table. If we win, FREE fries with purchase in the Wendy’s app for the entire USA. #USA #USMNT https://t.co/KzrgjlE8I0",106,88,1245,28,false,unknown,,primary,1,legacy_json_import,0,data/wendys,true,false,false,false,false,en,pending
fortune_top100_ranked::2065505168112681176,fortune_top100_ranked,fortune_x_2025_ranked,85,Charter Communications,@CharterNewsroom,@CharterNewsroom,https://x.com/CharterNewsroom,2065505168112681176,https://x.com/CharterNewsroom/status/2065505168112681176,Fri Jun 12 18:43:01 +0000 2026,🔥,0,0,0,0,true,false,,primary,1,capped browser-based collection of observable public posts,0,data/raw/fortune_x_2025_ranked/085_charter_communications/accounts/01_primary_charternewsroom,true,false,false,false,false,mixed,pending
fortune_top100_ranked::1948020727292350616,fortune_top100_ranked,fortune_x_2025_ranked,92,Uber Technologies,@Uber,@Uber,https://x.com/Uber,1948020727292350616,https://x.com/Uber/status/1948020727292350616,Wed Jul 23 14:01:48 +0000 2025,"EXCLUSIVE: Women will soon have more options when it comes to who they match with on ride-sharing trips with Uber thanks to the company's newly designed ""Women Preferences"" features.
https://t.co/Bmvt3y4B1A",48,14,35,0,true,false,,primary,1,capped browser-based collection of observable public posts,0,data/raw/fortune_x_2025_ranked/092_uber_technologies/accounts/01_primary_uber,true,false,false,false,false,en,pending
benchmark_aggressive_wendys::1303348684541882368,benchmark_aggressive_wendys,wendys_existing_collection,benchmark,Wendy's,@Wendys,@Wendys,https://x.com/Wendys/status/1303348684541882368,1303348684541882368,https://x.com/Wendys/status/1303348684541882368,Tue Sep 08 15:05:16 +0000 2020,"You’re awake anyway, might as well get that BOGO for a $1 breakfast. Come through.",345,65,3913,15,false,unknown,,primary,1,legacy_json_import,0,data/wendys,true,false,false,false,false,en,pending
fortune_top100_ranked::1545052893656453121,fortune_top100_ranked,fortune_x_2025_ranked,85,Charter Communications,@CharterNewsroom,@CharterNewsroom,https://x.com/CharterNewsroom,1545052893656453121,https://x.com/CharterNewsroom/status/1545052893656453121,Thu Jul 07 14:31:30 +0000 2022,Spectrum Mobile™ Adds Samsung Galaxy Tablets. Learn More: https://t.co/1fksTkQwSt https://t.co/Hs5Ee6aQeX,0,1,2,0,false,false,,primary,1,capped browser-based collection of observable public posts,0,data/raw/fortune_x_2025_ranked/085_charter_communications/accounts/01_primary_charternewsroom,true,false,false,false,false,mixed,pending
fortune_top100_ranked::1451533802552139777,fortune_top100_ranked,fortune_x_2025_ranked,100,Massachusetts Mutual Life,@massmutual,@massmutual,https://x.com/massmutual,1451533802552139777,https://x.com/massmutual/status/1451533802552139777,Fri Oct 22 13:00:01 +0000 2021,Most people look forward to a comfortable retirement as a reward for decades of hard work. But that's not necessarily the case for those forced into early retirement without full benefits. We can help. https://t.co/E0pGPMzehs https://t.co/Oui6Rq9QWC,0,0,4,0,false,false,,primary,1,capped browser-based collection of observable public posts,0,data/raw/fortune_x_2025_ranked/100_massachusetts_mutual_life/accounts/01_primary_massmutual,true,false,false,false,false,en,pending
fortune_top100_ranked::2001747286968217766,fortune_top100_ranked,fortune_x_2025_ranked,60,HCA Healthcare,@hcahealthcare,@hcahealthcare,https://x.com/hcahealthcare,2001747286968217766,https://x.com/hcahealthcare/status/2001747286968217766,Thu Dec 18 20:11:58 +0000 2025,"At HCA Healthcare, we’re committed to advancing patient care through innovation. Dr. Yazan Alderazi with HCA Houston Healthcare is using AI to detect cerebral aneurysms early – helping save lives before they’re at risk. Learn more: https://t.co/G0heo5iFdO. https://t.co/poJ7Z2VbAP",0,0,1,0,true,false,,primary,1,capped browser-based collection of observable public posts,0,data/raw/fortune_x_2025_ranked/060_hca_healthcare/accounts/01_primary_hcahealthcare,true,false,false,false,false,mixed,pending
benchmark_aggressive_wendys::1359577880326524935,benchmark_aggressive_wendys,wendys_existing_collection,benchmark,Wendy's,@Wendys,@Wendys,https://x.com/Wendys/status/1359577880326524935,1359577880326524935,https://x.com/Wendys/status/1359577880326524935,Wed Feb 10 19:00:01 +0000 2021,"#NationalRoastDay is tomorrow.
If you didn’t know, now you know. Either way, you’re a jabroni.",476,510,8534,101,false,unknown,,primary,1,legacy_json_import,0,data/wendys,true,false,false,false,false,en,pending
fortune_top100_ranked::1835300201570906250,fortune_top100_ranked,fortune_x_2025_ranked,68,Merck,@merck,@merck,https://x.com/merck,1835300201570906250,https://x.com/merck/status/1835300201570906250,Sun Sep 15 12:50:40 +0000 2024,We’re proud to present 10-years of follow up data for our immunotherapy in advanced #melanoma. Learn more about the late-breaking presentation: https://t.co/rqx6Nc0amS https://t.co/5tqOzApKPz,2,4,22,0,true,false,,primary,1,capped browser-based collection of observable public posts,0,data/raw/fortune_x_2025_ranked/068_merck/accounts/01_primary_merck,true,false,false,false,false,mixed,pending
benchmark_self_defeating_moonpie::995091722131640321,benchmark_self_defeating_moonpie,moonpie_existing_collection,benchmark,MoonPie,@MoonPie,@MoonPie,https://x.com/MoonPie/status/995091722131640321,995091722131640321,https://x.com/MoonPie/status/995091722131640321,Sat May 12 00:02:09 +0000 2018,I would like to share a very important announcement about MoonPies so as soon as I figure out what it is I will be sure to let you know,79,239,3716,18,false,unknown,,primary,1,legacy_json_import,0,data/moonpie,true,false,false,false,false,en,pending
fortune_top100_ranked::1896956876279173427,fortune_top100_ranked,fortune_x_2025_ranked,11,Microsoft,@microsoft,@microsoft,https://x.com/microsoft,1896956876279173427,https://x.com/microsoft/status/1896956876279173427,Tue Mar 04 16:12:17 +0000 2025,"RT @BradSmi: Thank you, @Microsoftirl! I loved celebrating 40 years of Irish innovation in this remarkable nation. Many more important mile…",0,32,0,0,false,false,,primary,1,capped browser-based collection of observable public posts,0,data/raw/fortune_x_2025_ranked/011_microsoft/accounts/01_primary_microsoft,true,false,true,false,false,mixed,pending
fortune_top100_ranked::1633935691141853185,fortune_top100_ranked,fortune_x_2025_ranked,63,Capital One Financial,@CapitalOne,@CapitalOne,https://x.com/CapitalOne,1633935691141853185,https://x.com/CapitalOne/status/1633935691141853185,Thu Mar 09 21:00:00 +0000 2023,"Cardholders, register for free #CapitalOneJamFest passes now and don't miss @thetimmcgraw, @keithurban, @littlebigtown and @mickeyguyton live in Houston at the #MFinalFour!",12,6,83,1,true,false,,primary,1,capped browser-based collection of observable public posts,0,data/raw/fortune_x_2025_ranked/063_capital_one_financial/accounts/01_primary_capitalone,true,false,false,false,false,en,pending
fortune_top100_ranked::1973402528747520505,fortune_top100_ranked,fortune_x_2025_ranked,47,Boeing,@boeing,@boeing,https://x.com/boeing,1973402528747520505,https://x.com/boeing/status/1973402528747520505,Wed Oct 01 15:00:01 +0000 2025,"Happy birthday, Bill Boeing! 🎂

From a daring idea, to an industry that connects the globe, William E. Boeing's legacy keeps all of #TeamBoeing moving forward. Here's to the spirit of innovation — and the engineers who make it fly. ✈️

#AviationHistory https://t.co/aT0chjUmE0",30,46,137,1,true,false,,primary,1,capped browser-based collection of observable public posts,0,data/raw/fortune_x_2025_ranked/047_boeing/accounts/01_primary_boeing,true,false,false,false,false,mixed,pending
benchmark_self_defeating_moonpie::1068283574401605632,benchmark_self_defeating_moonpie,moonpie_existing_collection,benchmark,MoonPie,@MoonPie,@MoonPie,https://x.com/MoonPie/status/1068283574401605632,1068283574401605632,https://x.com/MoonPie/status/1068283574401605632,Thu Nov 29 23:20:26 +0000 2018,"Meet the 9 US companies who we just revealed as partners in our endeavor to study the Moon in new ways. Learn about how we’ll buy space on their robotic landers, along with other customers, to deliver our tools and instruments to the lunar surface: https://t.co/yvgsnHMkui https://t.co/Gm0cPLLvIW",59,486,1909,42,false,unknown,,primary,1,legacy_json_import,0,data/moonpie,true,false,false,false,false,en,pending
fortune_top100_ranked::1433414415978729476,fortune_top100_ranked,fortune_x_2025_ranked,6,CVS Health,@cvshealth,@cvshealth,https://x.com/cvshealth,1433414415978729476,https://x.com/cvshealth/status/1433414415978729476,Thu Sep 02 13:00:02 +0000 2021,"During our most recent episode of #CVSHealth Live, our panel of experts discussed the benefits of value-based care arrangements and the importance of relationship-building to improve health care quality and outcomes. https://t.co/SOIhPpUkXy. https://t.co/Nfa8sDM7pW",37,1,0,2,false,false,,primary,1,capped browser-based collection of observable public posts,0,data/raw/fortune_x_2025_ranked/006_cvs_health/accounts/01_primary_cvshealth,true,false,false,false,false,en,pending
benchmark_aggressive_wendys::1403039695857127431,benchmark_aggressive_wendys,wendys_existing_collection,benchmark,Wendy's,@Wendys,@Wendys,https://x.com/Wendys/status/1403039695857127431,1403039695857127431,https://x.com/Wendys/status/1403039695857127431,Thu Jun 10 17:21:45 +0000 2021,🚨FREE SWAG ALERT🚨 We’ve got some limited edition shirts that are sweeter than a Frosty-ccino. Comment on this post with  #WendysFrostyccinoIsColdBrewWithFrostyCreamer for a chance to snag one. https://t.co/QATez2T3bq,3333,242,2780,121,false,unknown,,primary,1,legacy_json_import,0,data/wendys,true,false,false,false,false,en,pending
fortune_top100_ranked::1576270675542687745,fortune_top100_ranked,fortune_x_2025_ranked,78,Prudential Financial,@Prudential,@Prudential,https://x.com/Prudential,1576270675542687745,https://x.com/Prudential/status/1576270675542687745,Sat Oct 01 17:59:49 +0000 2022,"It's a wrap for day one of #CurtainUpBway, and it was a blast 🎉. How can we top it?! Stop by Saturday to see how we'll keep the show-stopping entertainment going. Thanks to @Playbill @BroadwayLeague @TimesSquarenyc and all the performers and crew for an incredible first day. https://t.co/yE9rAujzfy",0,0,1,0,false,false,,primary,1,capped browser-based collection of observable public posts,0,data/raw/fortune_x_2025_ranked/078_prudential_financial/accounts/01_primary_prudential,true,false,false,false,false,mixed,pending
benchmark_self_defeating_moonpie::910872470739185665,benchmark_self_defeating_moonpie,moonpie_existing_collection,benchmark,MoonPie,@MoonPie,@MoonPie,https://x.com/MoonPie/status/910872470739185665,910872470739185665,https://x.com/MoonPie/status/910872470739185665,Thu Sep 21 14:24:54 +0000 2017,Hey fellas if you ever lose your wallet just know you can stuff a MoonPie in your back pocket and it almost feels the same,14,116,601,0,false,unknown,,primary,1,legacy_json_import,0,data/moonpie,true,false,false,false,false,en,pending
fortune_top100_ranked::1605201263943098368,fortune_top100_ranked,fortune_x_2025_ranked,12,JPMorgan Chase,@jpmorgan,@jpmorgan,https://x.com/jpmorgan,1605201263943098368,https://x.com/jpmorgan/status/1605201263943098368,Tue Dec 20 13:59:39 +0000 2022,"What do an actress, a Supreme Court Justice, and J.P. Morgan’s Daniel Pinto all have in common? They’re on Bloomberg Línea’s inaugural 100 Most Influential Latinos list.",10,12,25,0,true,false,,primary,1,capped browser-based collection of observable public posts,0,data/raw/fortune_x_2025_ranked/012_jpmorgan_chase/accounts/01_primary_jpmorgan,true,false,false,false,false,mixed,pending
fortune_top100_ranked::2010811606020555007,fortune_top100_ranked,fortune_x_2025_ranked,31,StoneX Group,@StoneX_Official,@StoneX_Official,https://x.com/StoneX_Official,2010811606020555007,https://x.com/StoneX_Official/status/2010811606020555007,Mon Jan 12 20:30:20 +0000 2026,"Last chance.

@VincentDeluard, CFA, Director of Global Macro Strategy at StoneX, will continue his Global Macro Strategy webinar tomorrow.

Register here to gain access to these exclusive insights: https://t.co/EvwEuZhZsW

#GlobalMacroAnalysis https://t.co/9hcdeuYuY6",0,1,0,1,true,false,,primary,1,capped browser-based collection of observable public posts,0,data/raw/fortune_x_2025_ranked/031_stonex_group/accounts/01_primary_stonex_official,true,false,false,false,false,en,pending
fortune_top100_ranked::2011575463282360487,fortune_top100_ranked,fortune_x_2025_ranked,16,Nvidia,@nvidia,@nvidia,https://x.com/nvidia,2011575463282360487,https://x.com/nvidia/status/2011575463282360487,Wed Jan 14 23:05:38 +0000 2026,"RT @NVIDIADC: 🤝 Alphabet and NVIDIA are expanding their decade-long partnership to advance agentic AI, robotics, drug discovery, and more.…",0,232,0,0,true,false,,primary,1,capped browser-based collection of observable public posts,0,data/raw/fortune_x_2025_ranked/016_nvidia/accounts/01_primary_nvidia,true,false,true,false,false,mixed,pending
benchmark_aggressive_wendys::2041272778461258077,benchmark_aggressive_wendys,wendys_existing_collection,benchmark,Wendy's,@Wendys,@Wendys,https://x.com/Wendys/status/2041272778461258077,2041272778461258077,https://x.com/Wendys/status/2041272778461258077,Mon Apr 06 21:52:10 +0000 2026,The Bourbon Bacon Cheeseburger and Pretzel Bacon Pub Burger have made it to our championship! Get your votes in to decide who will be crowned the winner and end up back on the menu https://t.co/VIgjuIMDNF,220,74,1440,79,true,unknown,,primary,1,legacy_json_import,0,data/wendys,true,false,false,false,false,en,pending
benchmark_self_defeating_moonpie::912691775344701448,benchmark_self_defeating_moonpie,moonpie_existing_collection,benchmark,MoonPie,@MoonPie,@MoonPie,https://x.com/MoonPie/status/912691775344701448,912691775344701448,https://x.com/MoonPie/status/912691775344701448,Tue Sep 26 14:54:10 +0000 2017,If you look up one night and see a giant MoonPie ad illuminated across the entirety of the moon you'll know our ultimate goal has succeeded,9,85,515,0,false,unknown,,primary,1,legacy_json_import,0,data/moonpie,true,false,false,false,false,en,pending
fortune_top100_ranked::1632768525981962241,fortune_top100_ranked,fortune_x_2025_ranked,8,McKesson,@mckesson,@mckesson,https://x.com/mckesson,1632768525981962241,https://x.com/mckesson/status/1632768525981962241,Mon Mar 06 15:42:06 +0000 2023,"Cost is among the barriers that prevent people from taking their #medications. Learn how technology can help patients understand their affordability options and avoid #prescription abandonment.
https://t.co/XoAlp3YqvO https://t.co/CcnjfqdxLV",2,1,4,0,true,false,,primary,1,capped browser-based collection of observable public posts,0,data/raw/fortune_x_2025_ranked/008_mckesson/accounts/01_primary_mckesson,true,false,false,false,false,en,pending
benchmark_aggressive_wendys::1359903118033620994,benchmark_aggressive_wendys,wendys_existing_collection,benchmark,Wendy's,@Wendys,@Wendys,https://x.com/Wendys/status/1359903118033620994,1359903118033620994,https://x.com/Wendys/status/1359903118033620994,Thu Feb 11 16:32:23 +0000 2021,@Wendys ROAST US PLEASE VVENDY,42,19,763,3,false,unknown,,primary,1,legacy_json_import,0,data/wendys,true,false,false,true,false,en,pending
benchmark_aggressive_wendys::1293571318068240384,benchmark_aggressive_wendys,wendys_existing_collection,benchmark,Wendy's,@Wendys,@Wendys,https://x.com/Wendys/status/1293571318068240384,1293571318068240384,https://x.com/Wendys/status/1293571318068240384,Wed Aug 12 15:33:30 +0000 2020,"We officially have our own podcast. Click the link and check out our first ep. 44,444 of you are definitely not going to want to miss out on this. https://t.co/Ge8PPdNSzX",376,363,4822,267,false,unknown,,primary,1,legacy_json_import,0,data/wendys,true,false,false,false,false,en,pending
benchmark_self_defeating_moonpie::879386401732796416,benchmark_self_defeating_moonpie,moonpie_existing_collection,benchmark,MoonPie,@MoonPie,@MoonPie,https://x.com/MoonPie/status/879386401732796416,879386401732796416,https://x.com/MoonPie/status/879386401732796416,Mon Jun 26 17:10:31 +0000 2017,Just made a great playlist for you guys #MusicMonday https://t.co/38Bnp4Jaef,0,8,80,0,false,unknown,,primary,1,legacy_json_import,0,data/moonpie,true,false,false,false,false,en,pending
benchmark_aggressive_wendys::1797664751524384826,benchmark_aggressive_wendys,wendys_existing_collection,benchmark,Wendy's,@Wendys,@Wendys,https://x.com/Wendys/status/1797664751524384826,1797664751524384826,https://x.com/Wendys/status/1797664751524384826,Mon Jun 03 16:20:50 +0000 2024,WE HAVE SAUCY NUGGS IN OUR APP NOW SEND TWEET https://t.co/cnnCnVJlsa,307,186,1736,128,true,unknown,,primary,1,legacy_json_import,0,data/wendys,true,false,false,false,false,en,pending
fortune_top100_ranked::1712822661322014781,fortune_top100_ranked,fortune_x_2025_ranked,96,Travelers,@travelers,@travelers,https://x.com/travelers,1712822661322014781,https://x.com/travelers/status/1712822661322014781,Fri Oct 13 13:28:39 +0000 2023,"#TravelersInstitute President Joan Woodward joined @DisabilityIN's Jill Houghton and Bruce Soltys from Travelers for a conversation about hiring and retaining workers with disabilities. 

🖥️ Watch the replay now: https://t.co/W2sD9kQ7Ko #WednesdayswithWoodward https://t.co/iSYWTXT33B",1,4,5,0,true,false,,primary,1,capped browser-based collection of observable public posts,0,data/raw/fortune_x_2025_ranked/096_travelers/accounts/01_primary_travelers,true,false,false,false,false,mixed,pending
fortune_top100_ranked::1805946198752436566,fortune_top100_ranked,fortune_x_2025_ranked,51,Progressive,@progressive,@progressive,https://x.com/progressive,1805946198752436566,https://x.com/progressive/status/1805946198752436566,Wed Jun 26 12:48:21 +0000 2024,"Teen driving can be a wild ride. But if you cover them with Progressive, you could at least get a discount. And maybe some sleep. https://t.co/yXv7l8LOOd",22,5,11,1,true,false,,primary,1,capped browser-based collection of observable public posts,0,data/raw/fortune_x_2025_ranked/051_progressive/accounts/01_primary_progressive,true,false,false,false,false,en,pending
fortune_top100_ranked::1582416226613362688,fortune_top100_ranked,fortune_x_2025_ranked,54,Procter & Gamble,@ProcterGamble,@ProcterGamble,https://x.com/ProcterGamble,1582416226613362688,https://x.com/ProcterGamble/status/1582416226613362688,Tue Oct 18 17:00:02 +0000 2022,"From virtual college interns to full-time employees working in a hybrid world, hear how two of our colleagues stayed connected – and what the Company is doing to support them &amp; foster a sense of community: https://t.co/XhlJWq5DJH https://t.co/Js8FSSvdmD",0,3,6,0,false,false,,primary,1,capped browser-based collection of observable public posts,0,data/raw/fortune_x_2025_ranked/054_procter_gamble/accounts/01_primary_proctergamble,true,false,false,false,false,mixed,pending
benchmark_self_defeating_moonpie::1001260009987215360,benchmark_self_defeating_moonpie,moonpie_existing_collection,benchmark,MoonPie,@MoonPie,@MoonPie,https://x.com/MoonPie/status/1001260009987215360,1001260009987215360,https://x.com/MoonPie/status/1001260009987215360,Tue May 29 00:32:43 +0000 2018,Who did this https://t.co/57aOqD0tqc,50,131,2318,11,false,unknown,,primary,1,legacy_json_import,0,data/moonpie,true,false,false,false,false,en,pending
fortune_top100_ranked::1680692066639298560,fortune_top100_ranked,fortune_x_2025_ranked,89,Enterprise Products Partners,@EProd_Careers,@EProd_Careers,https://x.com/EProd_Careers,1680692066639298560,https://x.com/EProd_Careers/status/1680692066639298560,Sun Jul 16 21:33:09 +0000 2023,"We want to find the right people to drive our success at Enterprise Products. Could that be you? Click here to learn more about joining our team in Midland, TX. https://t.co/EV210jGoam #OperationsJobs",0,0,0,0,true,false,,primary,1,capped browser-based collection of observable public posts,0,data/raw/fortune_x_2025_ranked/089_enterprise_products_partners/accounts/01_primary_eprod_careers,true,false,false,false,false,en,pending
benchmark_aggressive_wendys::1546869599492243457,benchmark_aggressive_wendys,wendys_existing_collection,benchmark,Wendy's,@Wendys,@Wendys,https://x.com/Wendys/status/1546869599492243457,1546869599492243457,https://x.com/Wendys/status/1546869599492243457,Tue Jul 12 14:50:26 +0000 2022,"If your egg wants to go jellyfishing, you picked the wrong breakfast. https://t.co/FZHhrnjNIh",103,132,2256,30,false,unknown,,primary,1,legacy_json_import,0,data/wendys,true,false,false,false,false,en,pending
fortune_top100_ranked::1710006951449330095,fortune_top100_ranked,fortune_x_2025_ranked,96,Travelers,@travelers,@travelers,https://x.com/travelers,1710006951449330095,https://x.com/travelers/status/1710006951449330095,Thu Oct 05 19:00:02 +0000 2023,"If you’ve used any items from your emergency kit this #HurricaneSeason, be sure to restock them now! 

💡 Learn more: https://t.co/48EQRsU6gP https://t.co/2bkJloehHR",0,5,4,0,true,false,,primary,1,capped browser-based collection of observable public posts,0,data/raw/fortune_x_2025_ranked/096_travelers/accounts/01_primary_travelers,true,false,false,false,false,mixed,pending
benchmark_self_defeating_moonpie::987450767970840576,benchmark_self_defeating_moonpie,moonpie_existing_collection,benchmark,MoonPie,@MoonPie,@MoonPie,https://x.com/MoonPie/status/987450767970840576,987450767970840576,https://x.com/MoonPie/status/987450767970840576,Fri Apr 20 21:59:43 +0000 2018,Haha nice,89,1233,5346,63,false,unknown,,primary,1,legacy_json_import,0,data/moonpie,true,false,false,false,false,tl,pending
fortune_top100_ranked::1696209556186218838,fortune_top100_ranked,fortune_x_2025_ranked,75,ConocoPhillips,@conocophillips,@conocophillips,https://x.com/conocophillips,1696209556186218838,https://x.com/conocophillips/status/1696209556186218838,Mon Aug 28 17:14:06 +0000 2023,"130+ #ConocoPhillips global petrotechnical colleagues gathered in Houston for “LIFT,” an annual learning event. Attendees gained new problem-solving techniques and the enhanced communications skills needed to convey complex, technical ideas. See more: https://t.co/ACvfT7P7dv https://t.co/AwE4fOw8zH",1,1,4,0,true,false,,primary,1,capped browser-based collection of observable public posts,0,data/raw/fortune_x_2025_ranked/075_conocophillips/accounts/01_primary_conocophillips,true,false,false,false,false,mixed,pending
benchmark_aggressive_wendys::1359895187464613889,benchmark_aggressive_wendys,wendys_existing_collection,benchmark,Wendy's,@Wendys,@Wendys,https://x.com/Wendys/status/1359895187464613889,1359895187464613889,https://x.com/Wendys/status/1359895187464613889,Thu Feb 11 16:00:52 +0000 2021,"Time for everybody’s favorite made up social media holiday. It’s #NationalRoastDay, like right now.
Drop a “Roast Me” below and feel the burn.",14245,3768,41640,2085,false,unknown,,primary,1,legacy_json_import,0,data/wendys,true,false,false,false,false,en,pending
fortune_top100_ranked::2063624058986492393,fortune_top100_ranked,fortune_x_2025_ranked,16,Nvidia,@nvidia,@nvidia,https://x.com/nvidia,2063624058986492393,https://x.com/nvidia/status/2063624058986492393,Sun Jun 07 14:08:10 +0000 2026,"Thank you @doosanbears1982 for hosting the NVIDIA team and having Jensen throw the first pitch.

A great day at the ballpark! ⚾️ https://t.co/C0z8D4LJdU",31,58,412,6,true,false,,primary,1,capped browser-based collection of observable public posts,0,data/raw/fortune_x_2025_ranked/016_nvidia/accounts/01_primary_nvidia,true,false,false,false,false,mixed,pending
fortune_top100_ranked::1945891278870184072,fortune_top100_ranked,fortune_x_2025_ranked,73,Pfizer,@pfizer,@pfizer,https://x.com/pfizer,1945891278870184072,https://x.com/pfizer/status/1945891278870184072,Thu Jul 17 17:00:08 +0000 2025,"The @US_FDA has approved a once-monthly maintenance dosing option for patients with relapsed/refractory #MultipleMyeloma who have maintained a response after receiving 48 weeks of treatment, which can provide greater convenience: https://t.co/h54BgD1N5t https://t.co/U9mqLKrCZO",33,7,28,2,true,false,,primary,1,capped browser-based collection of observable public posts,0,data/raw/fortune_x_2025_ranked/073_pfizer/accounts/01_primary_pfizer,true,false,false,false,false,en,pending
fortune_top100_ranked::2023819469001298421,fortune_top100_ranked,fortune_x_2025_ranked,82,Oracle,@oracle,@oracle,https://x.com/oracle,2023819469001298421,https://x.com/oracle/status/2023819469001298421,Tue Feb 17 17:58:56 +0000 2026,Filled once. Recirculated continuously. Our closed-loop cooling systems at our AI data centers don’t require ongoing water consumption. Learn how: https://t.co/ON6Zxsyi6O https://t.co/bYbVNKUxFS,20,17,61,1,true,false,,primary,1,capped browser-based collection of observable public posts,0,data/raw/fortune_x_2025_ranked/082_oracle/accounts/01_primary_oracle,true,false,false,false,false,mixed,pending
fortune_top100_ranked::1541081441894907907,fortune_top100_ranked,fortune_x_2025_ranked,65,Caterpillar,@CaterpillarInc,@CaterpillarInc,https://x.com/CaterpillarInc,1541081441894907907,https://x.com/CaterpillarInc/status/1541081441894907907,Sun Jun 26 15:30:22 +0000 2022,"Building the Cat Trial 12: No Hands obstacle course in the desert came with its challenges. See how it all came together in this time lapse video.

See more at https://t.co/GeFAavkw8G https://t.co/EuKohZEvah",0,2,26,0,false,false,,primary,1,capped browser-based collection of observable public posts,0,data/raw/fortune_x_2025_ranked/065_caterpillar/accounts/01_primary_caterpillarinc,true,false,false,false,false,en,pending
fortune_top100_ranked::1702342897830392081,fortune_top100_ranked,fortune_x_2025_ranked,93,USAA,@usaa,@usaa,https://x.com/usaa,1702342897830392081,https://x.com/usaa/status/1702342897830392081,Thu Sep 14 15:25:49 +0000 2023,"We are monitoring for a possible Government Shutdown &amp; are prepared to assist eligible impacted USAA members with various payment assistance programs across multiple USAA products, including an interest-free loan, should a shutdown cause a missed paycheck. https://t.co/Yu2m9w67Po",6,3,15,1,true,false,,primary,1,capped browser-based collection of observable public posts,0,data/raw/fortune_x_2025_ranked/093_usaa/accounts/01_primary_usaa,true,false,false,false,false,en,pending
benchmark_self_defeating_moonpie::930094131040477184,benchmark_self_defeating_moonpie,moonpie_existing_collection,benchmark,MoonPie,@MoonPie,@MoonPie,https://x.com/MoonPie/status/930094131040477184,930094131040477184,https://x.com/MoonPie/status/930094131040477184,Mon Nov 13 15:24:55 +0000 2017,"Here’s an interesting list on how different languages describe MoonPies:

English: delicious
Spanish: delicioso
French: délicieux
Australian: g’day
Dothraki: athdavrazar
Chinese: 我从来没有吃过这么好吃的东西
Antarctican: [penguin noises]",27,200,1584,0,false,unknown,,primary,1,legacy_json_import,0,data/moonpie,true,false,false,false,false,en,pending
fortune_top100_ranked::1469402790808199177,fortune_top100_ranked,fortune_x_2025_ranked,71,Delta Air Lines,@Delta,@Delta,https://x.com/Delta,1469402790808199177,https://x.com/Delta/status/1469402790808199177,Fri Dec 10 20:25:00 +0000 2021,"Don't miss the @ShibSibs chat with fellow #TeamUSA athletes and health professionals about all things wellness on Wellness Mindset, presented by @Delta. https://t.co/nuO7B03d4Z",12,63,454,5,false,false,,primary,1,capped browser-based collection of observable public posts,0,data/raw/fortune_x_2025_ranked/071_delta_air_lines/accounts/01_primary_delta,true,false,false,false,false,en,pending
benchmark_self_defeating_moonpie::1539248241161682945,benchmark_self_defeating_moonpie,moonpie_existing_collection,benchmark,MoonPie,@MoonPie,@MoonPie,https://x.com/MoonPie/status/1539248241161682945,1539248241161682945,https://x.com/MoonPie/status/1539248241161682945,Tue Jun 21 14:05:53 +0000 2022,"We also made a video and website so please watch and click and yell at them too

https://t.co/ao7i4OrDX2 https://t.co/uCU0ETW4Je",24,59,354,51,false,unknown,,primary,1,legacy_json_import,0,data/moonpie,true,false,false,false,false,en,pending
fortune_top100_ranked::2047364345425002605,fortune_top100_ranked,fortune_x_2025_ranked,53,Energy Transfer,@energytransfer,@energytransfer,https://x.com/energytransfer,2047364345425002605,https://x.com/energytransfer/status/2047364345425002605,Thu Apr 23 17:17:52 +0000 2026,RT @Desert_SW_pipe: We're on the road this week meeting with community members and giving back to local  organizations. We're happy to supp…,0,1,0,0,false,false,,primary,1,capped browser-based collection of observable public posts,0,data/raw/fortune_x_2025_ranked/053_energy_transfer/accounts/01_primary_energytransfer,true,false,true,false,false,mixed,pending
fortune_top100_ranked::1740009642355286368,fortune_top100_ranked,fortune_x_2025_ranked,36,Goldman Sachs Group,@GoldmanSachs,@GoldmanSachs,https://x.com/GoldmanSachs,1740009642355286368,https://x.com/GoldmanSachs/status/1740009642355286368,Wed Dec 27 14:00:01 +0000 2023,"Efforts to decarbonize the global economy are reaching a turning point. Last year's cost inflation is starting to reverse for some key clean-energy technologies such as solar and batteries, according to Goldman Sachs Research. https://t.co/WvIlueLPQd https://t.co/eyuUYSuYTN",17,23,44,1,true,false,,primary,1,capped browser-based collection of observable public posts,0,data/raw/fortune_x_2025_ranked/036_goldman_sachs_group/accounts/01_primary_goldmansachs,true,false,false,false,false,en,pending
benchmark_aggressive_wendys::2014446063961178239,benchmark_aggressive_wendys,wendys_existing_collection,benchmark,Wendy's,@Wendys,@Wendys,https://x.com/Wendys/status/2014446063961178239,2014446063961178239,https://x.com/Wendys/status/2014446063961178239,Thu Jan 22 21:12:22 +0000 2026,If Scottie Scheffler wins this week I will only eat Wendy’s chili for a month. It’s not happening folks. ZERO chance.,42,7,439,11,true,unknown,,primary,1,legacy_json_import,0,data/wendys,true,false,false,false,false,en,pending
benchmark_aggressive_wendys::1903162702585008400,benchmark_aggressive_wendys,wendys_existing_collection,benchmark,Wendy's,@Wendys,@Wendys,https://x.com/Wendys/status/1903162702585008400,1903162702585008400,https://x.com/Wendys/status/1903162702585008400,Fri Mar 21 19:12:02 +0000 2025,"Freeze your meeting, not your burger. Download the Chrome extension to get back to the game faster. https://t.co/YDWr58Z49k https://t.co/i5Ll8LGNgK",26,57,250,1,true,unknown,,primary,1,legacy_json_import,0,data/wendys,true,false,false,false,false,en,pending
fortune_top100_ranked::1550186086323949577,fortune_top100_ranked,fortune_x_2025_ranked,62,New York Life Insurance,@NewYorkLife,@NewYorkLife,https://x.com/NewYorkLife,1550186086323949577,https://x.com/NewYorkLife/status/1550186086323949577,Thu Jul 21 18:28:58 +0000 2022,"Summer days are meant for relaxing, and so is your retirement. Here are a few tips that can help.",0,1,2,0,false,false,,primary,1,capped browser-based collection of observable public posts,0,data/raw/fortune_x_2025_ranked/062_new_york_life_insurance/accounts/01_primary_newyorklife,true,false,false,false,false,en,pending
fortune_top100_ranked::1645524316262465553,fortune_top100_ranked,fortune_x_2025_ranked,15,Cardinal Health,@cardinalhealth,@cardinalhealth,https://x.com/cardinalhealth,1645524316262465553,https://x.com/cardinalhealth/status/1645524316262465553,Mon Apr 10 20:29:04 +0000 2023,"More than 250 #robots have been implemented across our warehouses to date. Alongside our employees, robots play an essential role and create a more resilient  #supplychain to help ensure products reach our customers even faster. #RoboWeek #LocusRobotics https://t.co/T5DU6k5RDW",1,4,9,0,true,false,,primary,1,capped browser-based collection of observable public posts,0,data/raw/fortune_x_2025_ranked/015_cardinal_health/accounts/01_primary_cardinalhealth,true,false,false,false,false,en,pending
fortune_top100_ranked::1163821412236197888,fortune_top100_ranked,fortune_x_2025_ranked,87,Tyson Foods,@tysonfoods,@tysonfoods,https://x.com/tysonfoods,1163821412236197888,https://x.com/tysonfoods/status/1163821412236197888,Tue Aug 20 14:33:42 +0000 2019,"We are proud to support @CESFortSmith. #TysonCommunities
https://t.co/f8PPeGSrT0",0,1,5,0,false,false,,primary,1,capped browser-based collection of observable public posts,0,data/raw/fortune_x_2025_ranked/087_tyson_foods/accounts/01_primary_tysonfoods,true,false,false,false,false,en,pending
fortune_top100_ranked::1441058017395548186,fortune_top100_ranked,fortune_x_2025_ranked,47,Boeing,@boeing,@boeing,https://x.com/boeing,1441058017395548186,https://x.com/boeing/status/1441058017395548186,Thu Sep 23 15:12:59 +0000 2021,"""Think: Uber meets Tesla in the sky"" – @NatGeo features the @WiskAero all-electric autonomous air taxi that's made 1,500 test flights and counting. Learn more about how we're partnering to make this aircraft a reality. 

Photo: Craig Cutler
Subscription: https://t.co/XZt4kX5d4j https://t.co/0BYaPV7lkr",5,26,140,5,false,false,,primary,1,capped browser-based collection of observable public posts,0,data/raw/fortune_x_2025_ranked/047_boeing/accounts/01_primary_boeing,true,false,false,false,false,mixed,pending
benchmark_aggressive_wendys::1767684773659418706,benchmark_aggressive_wendys,wendys_existing_collection,benchmark,Wendy's,@Wendys,@Wendys,https://x.com/Wendys/status/1767684773659418706,1767684773659418706,https://x.com/Wendys/status/1767684773659418706,Tue Mar 12 22:51:06 +0000 2024,everything’s fine https://t.co/38Ku9IouH6,252,65,826,36,true,unknown,,primary,1,legacy_json_import,0,data/wendys,true,false,false,false,false,en,pending
fortune_top100_ranked::1555561544003555329,fortune_top100_ranked,fortune_x_2025_ranked,18,Elevance Health,@elevancehealth,@elevancehealth,https://x.com/elevancehealth,1555561544003555329,https://x.com/elevancehealth/status/1555561544003555329,Fri Aug 05 14:29:07 +0000 2022,"Whole health is heavily influenced by our communities. Learn more about our approach to #CommunityHealth here ⤵️

https://t.co/yXCgS44SmJ https://t.co/EwNzeuVKwM",0,0,3,0,false,false,,primary,1,capped browser-based collection of observable public posts,0,data/raw/fortune_x_2025_ranked/018_elevance_health/accounts/01_primary_elevancehealth,true,false,false,false,false,mixed,pending
fortune_top100_ranked::1857453510750863771,fortune_top100_ranked,fortune_x_2025_ranked,22,Ford Motor,@Ford,@Ford,https://x.com/Ford,1857453510750863771,https://x.com/Ford/status/1857453510750863771,Fri Nov 15 16:00:01 +0000 2024,"""I’ve accessorized my Bronco so its purpose-built for me. It allows me to go to the trails that I want to ride for however long I want to ride them.” —Tyler McCaul, Pro Mountain Biker & #TeamBronco_Ambassador

Shop accessories tailor made for your Ford: https://t.co/PnAeMv48WN

Disclaimer: 2024 model with optional equipment, available Ford Accessories, and extra-cost color option shown. Always consult the Owner’s Manual before off-road driving, know your terrain and trail difficulty, and use appropriate safety gear. Some accessories not available.",16,19,180,9,true,false,,primary,1,capped browser-based collection of observable public posts,0,data/raw/fortune_x_2025_ranked/022_ford_motor/accounts/01_primary_ford,true,false,false,false,false,mixed,pending
benchmark_aggressive_wendys::1481295012646334468,benchmark_aggressive_wendys,wendys_existing_collection,benchmark,Wendy's,@Wendys,@Wendys,https://x.com/Wendys/status/1481295012646334468,1481295012646334468,https://x.com/Wendys/status/1481295012646334468,Wed Jan 12 16:00:26 +0000 2022,"It’s #NationalRoastDay™ 
Drop the “roast me” below 👇

Oh, and don’t forget to get free medium fries with purchase, in the app.
Gotta do something with all this salt.",10219,2640,27368,1640,false,unknown,,primary,1,legacy_json_import,0,data/wendys,true,false,false,false,false,en,pending
fortune_top100_ranked::1037411904522792965,fortune_top100_ranked,fortune_x_2025_ranked,95,Liberty Mutual Insurance Group,@LibertyMutual,@LibertyMutual,https://x.com/LibertyMutual,1037411904522792965,https://x.com/LibertyMutual/status/1037411904522792965,Wed Sep 05 18:47:26 +0000 2018,"@StacieinAtlanta @LibertyMutual A4: Actually, either. A new home would be great, but can be most costly. A Fixer Upper is usually more cost effective in terms of buying price, but you could run into more costs in repairs. Fun project though! #LetsMasterThis",0,4,2,0,false,false,,primary,1,capped browser-based collection of observable public posts,0,data/raw/fortune_x_2025_ranked/095_liberty_mutual_insurance_group/accounts/01_primary_libertymutual,true,false,false,true,false,en,pending
benchmark_self_defeating_moonpie::1008354732878987264,benchmark_self_defeating_moonpie,moonpie_existing_collection,benchmark,MoonPie,@MoonPie,@MoonPie,https://x.com/MoonPie/status/1008354732878987264,1008354732878987264,https://x.com/MoonPie/status/1008354732878987264,Sun Jun 17 14:24:37 +0000 2018,Happy fathers day RT and I will be your dad,240,6996,9342,228,false,unknown,,primary,1,legacy_json_import,0,data/moonpie,true,false,false,false,false,en,pending
fortune_top100_ranked::1811780046844993698,fortune_top100_ranked,fortune_x_2025_ranked,24,Citigroup,@Citi,@Citi,https://x.com/Citi,1811780046844993698,https://x.com/Citi/status/1811780046844993698,Fri Jul 12 15:09:59 +0000 2024,"“Services grew 3% driven by solid fee growth, which we have prioritized.” – Jane Fraser, CEO

More information: https://t.co/QHQCLCa8ru https://t.co/2CejUwikFh",2,0,0,0,true,false,,primary,1,capped browser-based collection of observable public posts,0,data/raw/fortune_x_2025_ranked/024_citigroup/accounts/01_primary_citi,true,false,false,false,false,mixed,pending
benchmark_aggressive_wendys::1769882785836371981,benchmark_aggressive_wendys,wendys_existing_collection,benchmark,Wendy's,@Wendys,@Wendys,https://x.com/Wendys/status/1769882785836371981,1769882785836371981,https://x.com/Wendys/status/1769882785836371981,Tue Mar 19 00:25:13 +0000 2024,@tuasleftnut @MarchMadnessMBB @CBSSportsCBB @SickosCBB @SickosCommittee In that case https://t.co/OolCKBv0XX,11,23,575,9,true,unknown,,primary,1,legacy_json_import,0,data/wendys,true,false,false,true,false,en,pending
fortune_top100_ranked::2049606045320786318,fortune_top100_ranked,fortune_x_2025_ranked,53,Energy Transfer,@energytransfer,@energytransfer,https://x.com/energytransfer,2049606045320786318,https://x.com/energytransfer/status/2049606045320786318,Wed Apr 29 21:45:35 +0000 2026,"“The Dakota Access Pipeline is a vital component of energy infrastructure, not only for North Dakota’s oil production and economy, but also for broader American energy security,” said Ron Ness, president of the North Dakota Petroleum Council.
https://t.co/TUF2LngO7G",0,1,1,0,true,false,,primary,1,capped browser-based collection of observable public posts,0,data/raw/fortune_x_2025_ranked/053_energy_transfer/accounts/01_primary_energytransfer,true,false,false,false,false,mixed,pending
benchmark_self_defeating_moonpie::895592388458106881,benchmark_self_defeating_moonpie,moonpie_existing_collection,benchmark,MoonPie,@MoonPie,@MoonPie,https://x.com/MoonPie/status/895592388458106881,895592388458106881,https://x.com/MoonPie/status/895592388458106881,Thu Aug 10 10:27:19 +0000 2017,"Throwing an eclipse watch party? Give your guests the sun, moon &amp; the stars with these eclipse themed snacks. https://t.co/41jzYFf13g #WATE",1,2,9,0,false,unknown,,primary,1,legacy_json_import,0,data/moonpie,true,false,false,false,false,en,pending
fortune_top100_ranked::2019871221022662977,fortune_top100_ranked,fortune_x_2025_ranked,37,Comcast,@comcast,@comcast,https://x.com/comcast,2019871221022662977,https://x.com/comcast/status/2019871221022662977,Fri Feb 06 20:30:01 +0000 2026,"Rivalries run deep all year long.  But when it comes to Team USA, we’re all on the same team. 🇺🇸 

 We're proud to bring the Olympic &amp; Paralympic Winter Games to homes across America: https://t.co/Uy5e3Va1w6 https://t.co/81cz1Td6NS",2,13,25,1,true,false,,primary,1,capped browser-based collection of observable public posts,0,data/raw/fortune_x_2025_ranked/037_comcast/accounts/01_primary_comcast,true,false,false,false,false,mixed,pending
fortune_top100_ranked::1311692508355653634,fortune_top100_ranked,fortune_x_2025_ranked,47,Boeing,@boeing,@boeing,https://x.com/boeing,1311692508355653634,https://x.com/boeing/status/1311692508355653634,Thu Oct 01 15:40:38 +0000 2020,"RT @BoeingAirplanes: With historically low demand for aircraft due to COVID-19 and following an in-depth study, Boeing will consolidate 787…",0,100,0,0,false,false,,primary,1,capped browser-based collection of observable public posts,0,data/raw/fortune_x_2025_ranked/047_boeing/accounts/01_primary_boeing,true,false,true,false,false,mixed,pending
fortune_top100_ranked::1782463946227671149,fortune_top100_ranked,fortune_x_2025_ranked,36,Goldman Sachs Group,@GoldmanSachs,@GoldmanSachs,https://x.com/GoldmanSachs,1782463946227671149,https://x.com/GoldmanSachs/status/1782463946227671149,Mon Apr 22 17:38:16 +0000 2024,RT @WSJ: Nelly Korda is outdoing even a red-hot Scottie Scheffler with five consecutive wins on the LPGA Tour—including the season’s first…,0,14,0,0,true,false,,primary,1,capped browser-based collection of observable public posts,0,data/raw/fortune_x_2025_ranked/036_goldman_sachs_group/accounts/01_primary_goldmansachs,true,false,true,false,false,mixed,pending
fortune_top100_ranked::1123636886508134407,fortune_top100_ranked,fortune_x_2025_ranked,95,Liberty Mutual Insurance Group,@LibertyMutual,@LibertyMutual,https://x.com/LibertyMutual,1123636886508134407,https://x.com/LibertyMutual/status/1123636886508134407,Wed May 01 17:14:44 +0000 2019,@amomsimpression @LibertyMutual A2 I make a list of all the steps I need to do to complete the project #LetsMasterThis,0,4,0,0,false,false,,primary,1,capped browser-based collection of observable public posts,0,data/raw/fortune_x_2025_ranked/095_liberty_mutual_insurance_group/accounts/01_primary_libertymutual,true,false,false,true,false,en,pending
fortune_top100_ranked::1738234443750408282,fortune_top100_ranked,fortune_x_2025_ranked,1,Amazon,@amazon,@amazon,https://x.com/amazon,1738234443750408282,https://x.com/amazon/status/1738234443750408282,Fri Dec 22 16:26:00 +0000 2023,That feeling when you score last-minute gift cards they'll love. https://t.co/aRNNGFQJnR https://t.co/SC2WvxHjvi,48,25,79,1,true,false,,primary,1,capped browser-based collection of observable public posts,0,data/raw/fortune_x_2025_ranked/001_amazon/accounts/01_primary_amazon,true,false,false,false,false,en,pending
fortune_top100_ranked::1681776821090787329,fortune_top100_ranked,fortune_x_2025_ranked,89,Enterprise Products Partners,@EProd_Careers,@EProd_Careers,https://x.com/EProd_Careers,1681776821090787329,https://x.com/EProd_Careers/status/1681776821090787329,Wed Jul 19 21:23:34 +0000 2023,"Tap into the professional possibilities at Enterprise Products. This Engineer, Authentication Security opportunity will help you realize your full potential. https://t.co/67zmFSMjoD",0,0,0,0,true,false,,primary,1,capped browser-based collection of observable public posts,0,data/raw/fortune_x_2025_ranked/089_enterprise_products_partners/accounts/01_primary_eprod_careers,true,false,false,false,false,en,pending
fortune_top100_ranked::1688221356469493760,fortune_top100_ranked,fortune_x_2025_ranked,2,Walmart,@walmart,@walmart,https://x.com/walmart,1688221356469493760,https://x.com/walmart/status/1688221356469493760,Sun Aug 06 16:11:51 +0000 2023,You’d think we’d learn by now about not walking through the bakery with an empty stomach...,41,13,76,2,true,false,,primary,1,capped browser-based collection of observable public posts,0,data/raw/fortune_x_2025_ranked/002_walmart/accounts/01_primary_walmart,true,false,false,false,false,mixed,pending
benchmark_self_defeating_moonpie::916307579613179907,benchmark_self_defeating_moonpie,moonpie_existing_collection,benchmark,MoonPie,@MoonPie,@MoonPie,https://x.com/MoonPie/status/916307579613179907,916307579613179907,https://x.com/MoonPie/status/916307579613179907,Fri Oct 06 14:22:05 +0000 2017,A smile can tell you a lot about a person https://t.co/sOXA5swrtU,5,124,493,0,false,unknown,,primary,1,legacy_json_import,0,data/moonpie,true,false,false,false,false,en,pending
fortune_top100_ranked::1941119809707516389,fortune_top100_ranked,fortune_x_2025_ranked,38,Wells Fargo,@wellsfargo,@wellsfargo,https://x.com/wellsfargo,1941119809707516389,https://x.com/wellsfargo/status/1941119809707516389,Fri Jul 04 13:00:01 +0000 2025,"Happy Fourth of July from all of us at Wells Fargo!
 
Whether you're firing up the grill or enjoying fireworks with loved ones, we hope you have a fun and safe Independence Day! https://t.co/IRJVmzdC47",31,13,56,4,true,false,,primary,1,capped browser-based collection of observable public posts,0,data/raw/fortune_x_2025_ranked/038_wells_fargo/accounts/01_primary_wellsfargo,true,false,false,false,false,en,pending
fortune_top100_ranked::1501218582369386506,fortune_top100_ranked,fortune_x_2025_ranked,55,Sysco,@sysco,@sysco,https://x.com/sysco,1501218582369386506,https://x.com/sysco/status/1501218582369386506,Tue Mar 08 15:29:35 +0000 2022,"Today is #InternationalWomensDay, and we at Sysco are celebrating the women that inspire us every day! Meet Kelly Olliver, Co-Owner of British Open Pub in Venice, FL. See her full interview here. https://t.co/l1bOeu5x4A #IWD2022 #Breakthebias https://t.co/F08lnQ46S1",0,0,4,0,false,false,,primary,1,capped browser-based collection of observable public posts,0,data/raw/fortune_x_2025_ranked/055_sysco/accounts/01_primary_sysco,true,false,false,false,false,en,pending
benchmark_aggressive_wendys::1278697776361209856,benchmark_aggressive_wendys,wendys_existing_collection,benchmark,Wendy's,@Wendys,@Wendys,https://x.com/Wendys/status/1278697776361209856,1278697776361209856,https://x.com/Wendys/status/1278697776361209856,Thu Jul 02 14:31:21 +0000 2020,".@tmcf_hbcu has a ton of opportunities for those looking for higher education. For a lot of our followers this could be the organization they’ve been hoping for. How can you all help them out?

https://t.co/aJ1kGPHS81",1,6,66,0,false,unknown,,primary,1,legacy_json_import,0,data/wendys,true,false,false,false,false,en,pending
fortune_top100_ranked::1756405955053371518,fortune_top100_ranked,fortune_x_2025_ranked,81,United Airlines Holdings,@united,@united,https://x.com/united,1756405955053371518,https://x.com/united/status/1756405955053371518,Sat Feb 10 19:53:06 +0000 2024,Proud to fly the Faithful to see their @49ers in Las Vegas! https://t.co/GDU1yKFjEj,23,28,274,0,true,false,,primary,1,capped browser-based collection of observable public posts,0,data/raw/fortune_x_2025_ranked/081_united_airlines_holdings/accounts/01_primary_united,true,false,false,false,false,en,pending
fortune_top100_ranked::1699817125362204999,fortune_top100_ranked,fortune_x_2025_ranked,58,Archer Daniels Midland,@ADMupdates,@ADMupdates,https://x.com/ADMupdates,1699817125362204999,https://x.com/ADMupdates/status/1699817125362204999,Thu Sep 07 16:09:18 +0000 2023,We are just days away from the #911HeoroesRun. #TeamADM - will you be joining our Veteran’s ERG at the 9/11 Heroes run at Chicago Lincoln Park on 9/9? More details here: https://t.co/FixbXtwRd5,2,0,2,0,true,false,,primary,1,capped browser-based collection of observable public posts,0,data/raw/fortune_x_2025_ranked/058_archer_daniels_midland/accounts/01_primary_admupdates,true,false,false,false,false,mixed,pending
benchmark_aggressive_wendys::1510656447528542212,benchmark_aggressive_wendys,wendys_existing_collection,benchmark,Wendy's,@Wendys,@Wendys,https://x.com/Wendys/status/1510656447528542212,1510656447528542212,https://x.com/Wendys/status/1510656447528542212,Sun Apr 03 16:32:18 +0000 2022,"Who do you have to WIN. IT. ALL?!  8. North Carolina or 1. Kansas?

Tweet your CHAMP and we’ll @ you with how you did plus send a Wendy’s offer just for you. 

Choose Wisely #ForTheWendys",298,86,799,41,false,unknown,,primary,1,legacy_json_import,0,data/wendys,true,false,false,false,false,en,pending
fortune_top100_ranked::761295904548724736,fortune_top100_ranked,fortune_x_2025_ranked,79,TJX,@tjmaxx,@tjmaxx,https://x.com/tjmaxx,761295904548724736,https://x.com/tjmaxx/status/761295904548724736,Thu Aug 04 20:21:02 +0000 2016,I just found the cutest planner and pencil pouch at @tjmaxx 😍😍😍 https://t.co/4oWUTVsy4I,0,5,37,1,false,false,,primary,1,capped browser-based collection of observable public posts,0,data/raw/fortune_x_2025_ranked/079_tjx/accounts/01_primary_tjmaxx,true,false,false,false,false,mixed,pending
fortune_top100_ranked::1440778351656914946,fortune_top100_ranked,fortune_x_2025_ranked,45,Johnson & Johnson,@JNJNews,@JNJNews,https://x.com/JNJNews,1440778351656914946,https://x.com/JNJNews/status/1440778351656914946,Wed Sep 22 20:41:42 +0000 2021,RT @ClimateGroup: This @JNJNews event brings together medical professionals and community-based change agents to discuss the disproportiona…,0,5,0,0,false,false,,primary,1,capped browser-based collection of observable public posts,0,data/raw/fortune_x_2025_ranked/045_johnson_johnson/accounts/01_primary_jnjnews,true,false,true,false,false,mixed,pending
fortune_top100_ranked::1625487713351909378,fortune_top100_ranked,fortune_x_2025_ranked,39,Morgan Stanley,@morganstanley,@morganstanley,https://x.com/morganstanley,1625487713351909378,https://x.com/morganstanley/status/1625487713351909378,Tue Feb 14 13:30:45 +0000 2023,"Inflation was a key topic in a recent meeting at the Brookings Institution. While it has trended downward recently, the details are critical to tracking the path ahead. 

Read more about this episode: https://t.co/pMI5bTTHGP https://t.co/JNprknmG6k",3,7,18,0,true,false,,primary,1,capped browser-based collection of observable public posts,0,data/raw/fortune_x_2025_ranked/039_morgan_stanley/accounts/01_primary_morganstanley,true,false,false,false,false,en,pending
fortune_top100_ranked::1989414818051493985,fortune_top100_ranked,fortune_x_2025_ranked,30,Marathon Petroleum,@MarathonPetroCo,@MarathonPetroCo,https://x.com/MarathonPetroCo,1989414818051493985,https://x.com/MarathonPetroCo/status/1989414818051493985,Fri Nov 14 19:27:08 +0000 2025,"Marathon’s Anchorage terminal has awarded a $10,000 grant to the Anchorage Fire Department, helping equip first responders with advanced air monitoring technology.

🔗 Read how this donation will help keep Anchorage safe.

https://t.co/iegd5zTxWp

#MPCgives #AnchorageAlaska #MarathonPetroleum",0,2,4,0,true,false,,primary,1,capped browser-based collection of observable public posts,0,data/raw/fortune_x_2025_ranked/030_marathon_petroleum/accounts/01_primary_marathonpetroco,true,false,false,false,false,mixed,pending
fortune_top100_ranked::1570460511187378176,fortune_top100_ranked,fortune_x_2025_ranked,100,Massachusetts Mutual Life,@massmutual,@massmutual,https://x.com/massmutual,1570460511187378176,https://x.com/massmutual/status/1570460511187378176,Thu Sep 15 17:12:18 +0000 2022,"Whether you want to give them a financial head start or teach them the value of protecting their family and financial future, here are three reasons why whole life insurance may be the perfect gift for your child or grandchild. https://t.co/OECYai250x",0,0,0,0,false,false,,primary,1,capped browser-based collection of observable public posts,0,data/raw/fortune_x_2025_ranked/100_massachusetts_mutual_life/accounts/01_primary_massmutual,true,false,false,false,false,mixed,pending
benchmark_self_defeating_moonpie::943261825059061761,benchmark_self_defeating_moonpie,moonpie_existing_collection,benchmark,MoonPie,@MoonPie,@MoonPie,https://x.com/MoonPie/status/943261825059061761,943261825059061761,https://x.com/MoonPie/status/943261825059061761,Tue Dec 19 23:28:38 +0000 2017,BREAKING: Social Media Managers To Spend Christmas Day Alone In Family’s Spare Bedroom Monitoring Brands’ Social Channels https://t.co/8pVVsfZtFk,62,675,2425,0,false,unknown,,primary,1,legacy_json_import,0,data/moonpie,true,false,false,false,false,en,pending
fortune_top100_ranked::1954906020494397497,fortune_top100_ranked,fortune_x_2025_ranked,22,Ford Motor,@Ford,@Ford,https://x.com/Ford,1954906020494397497,https://x.com/Ford/status/1954906020494397497,Mon Aug 11 14:01:30 +0000 2025,"The Model T didn't change the world on its own. The assembly line made them accessible to everyone. 122 years later, @Ford isn't just making another vehicle. We're reinventing how vehicles are assembled. Learn more here: https://t.co/YPxsP7Zaji https://t.co/mWrRy7FtVX",194,151,1256,40,true,false,,primary,1,capped browser-based collection of observable public posts,0,data/raw/fortune_x_2025_ranked/022_ford_motor/accounts/01_primary_ford,true,false,false,false,false,en,pending
benchmark_aggressive_wendys::1471541646902935552,benchmark_aggressive_wendys,wendys_existing_collection,benchmark,Wendy's,@Wendys,@Wendys,https://x.com/Wendys/status/1471541646902935552,1471541646902935552,https://x.com/Wendys/status/1471541646902935552,Thu Dec 16 18:04:03 +0000 2021,Potatoes wish they could be our fries when they grow up.,478,224,5173,55,false,unknown,,primary,1,legacy_json_import,0,data/wendys,true,false,false,false,false,en,pending
fortune_top100_ranked::1678755602770608132,fortune_top100_ranked,fortune_x_2025_ranked,15,Cardinal Health,@cardinalhealth,@cardinalhealth,https://x.com/cardinalhealth,1678755602770608132,https://x.com/cardinalhealth/status/1678755602770608132,Tue Jul 11 13:18:20 +0000 2023,"Bringing Your First Biopharmaceutical to Market 

by @cardinalhealth 

https://t.co/DyDc2jtOdP

#Biosimilars #Pharmacists #Pharmacy https://t.co/qPtQ19o461",0,1,1,0,true,false,,primary,1,capped browser-based collection of observable public posts,0,data/raw/fortune_x_2025_ranked/015_cardinal_health/accounts/01_primary_cardinalhealth,true,false,false,false,false,en,pending
benchmark_aggressive_wendys::1509591862335655943,benchmark_aggressive_wendys,wendys_existing_collection,benchmark,Wendy's,@Wendys,@Wendys,https://x.com/Wendys/status/1509591862335655943,1509591862335655943,https://x.com/Wendys/status/1509591862335655943,Thu Mar 31 18:02:01 +0000 2022,"The  #BestOfTweets Brand Bracket Semifinals are here.

In this round, Conversation Starters and Iconic Mascots collide. But you pick who will advance to the finals. 

✈️ @Delta’s travel tips
VS
🍟 @Wendys infamous spice

Vote now!",76,38,412,28,false,unknown,,primary,1,legacy_json_import,0,data/wendys,true,false,false,false,false,en,pending
benchmark_aggressive_wendys::1198858858267127809,benchmark_aggressive_wendys,wendys_existing_collection,benchmark,Wendy's,@Wendys,@Wendys,https://x.com/Wendys/status/1198858858267127809,1198858858267127809,https://x.com/Wendys/status/1198858858267127809,Mon Nov 25 07:00:00 +0000 2019,What's the most disrespectful diss track of all time?,2167,273,2626,0,false,unknown,,primary,1,legacy_json_import,0,data/wendys,true,false,false,false,false,en,pending
fortune_top100_ranked::1623660490411986946,fortune_top100_ranked,fortune_x_2025_ranked,46,PepsiCo,@pepsico,@pepsico,https://x.com/pepsico,1623660490411986946,https://x.com/pepsico/status/1623660490411986946,Thu Feb 09 12:30:01 +0000 2023,$PEP issues 2023 guidance https://t.co/q36PGfjPae #PEPearnings https://t.co/rilH0uWEhH,4,1,27,1,true,false,,primary,1,capped browser-based collection of observable public posts,0,data/raw/fortune_x_2025_ranked/046_pepsico/accounts/01_primary_pepsico,true,false,false,false,false,en,pending
benchmark_self_defeating_moonpie::989650599791783938,benchmark_self_defeating_moonpie,moonpie_existing_collection,benchmark,MoonPie,@MoonPie,@MoonPie,https://x.com/MoonPie/status/989650599791783938,989650599791783938,https://x.com/MoonPie/status/989650599791783938,Thu Apr 26 23:41:04 +0000 2018,With the 1st pick in the MoonPie draft we select @Wendys,123,722,7996,204,false,unknown,,primary,1,legacy_json_import,0,data/moonpie,true,false,false,false,false,en,pending
fortune_top100_ranked::1600535614683652096,fortune_top100_ranked,fortune_x_2025_ranked,69,Nationwide,@nationwide,@nationwide,https://x.com/nationwide,1600535614683652096,https://x.com/nationwide/status/1600535614683652096,Wed Dec 07 17:00:01 +0000 2022,"In case you missed it: The Walter Payton NFL Man of the Year Award nominees!

Learn more about all 32 nominees here: https://t.co/D8sTbEfNsc #WPMOY https://t.co/LMae4VCfiI",29,63,808,13,false,false,,primary,1,capped browser-based collection of observable public posts,0,data/raw/fortune_x_2025_ranked/069_nationwide/accounts/01_primary_nationwide,true,false,false,false,false,en,pending
fortune_top100_ranked::2061455407604723974,fortune_top100_ranked,fortune_x_2025_ranked,72,Publix Super Markets,@Publix,@Publix,https://x.com/Publix,2061455407604723974,https://x.com/Publix/status/2061455407604723974,Mon Jun 01 14:30:43 +0000 2026,Hurricane season is from June 1 to November 30. Build your storm kit to stay safe and prepared. ⛑🩹🔦 https://t.co/J0tZHFqDsg,12,6,21,1,true,false,,primary,1,capped browser-based collection of observable public posts,0,data/raw/fortune_x_2025_ranked/072_publix_super_markets/accounts/01_primary_publix,true,false,false,false,false,mixed,pending
fortune_top100_ranked::2018315970050146701,fortune_top100_ranked,fortune_x_2025_ranked,66,IBM,@ibm,@ibm,https://x.com/ibm,2018315970050146701,https://x.com/ibm/status/2018315970050146701,Mon Feb 02 13:30:00 +0000 2026,"🤖 Introducing: Tech Term of the Week 🤖

Each week, we'll highlight a term to help you better understand what's happening in the tech world today👇",2,13,25,0,true,false,,primary,1,capped browser-based collection of observable public posts,0,data/raw/fortune_x_2025_ranked/066_ibm/accounts/01_primary_ibm,true,false,false,false,false,mixed,pending
benchmark_self_defeating_moonpie::1127420421379325952,benchmark_self_defeating_moonpie,moonpie_existing_collection,benchmark,MoonPie,@MoonPie,@MoonPie,https://x.com/MoonPie/status/1127420421379325952,1127420421379325952,https://x.com/MoonPie/status/1127420421379325952,Sun May 12 03:49:09 +0000 2019,.@NASA wyd,72,482,4617,10,false,unknown,,primary,1,legacy_json_import,0,data/moonpie,true,false,false,false,false,und,pending
fortune_top100_ranked::1672619614918922242,fortune_top100_ranked,fortune_x_2025_ranked,96,Travelers,@travelers,@travelers,https://x.com/travelers,1672619614918922242,https://x.com/travelers/status/1672619614918922242,Sat Jun 24 14:56:06 +0000 2023,"Yesterday brought hugs, hustle, hot putters, and high-profile athletes. https://t.co/phcMcINnr7",1,4,24,1,true,false,,primary,1,capped browser-based collection of observable public posts,0,data/raw/fortune_x_2025_ranked/096_travelers/accounts/01_primary_travelers,true,false,false,false,false,en,pending
fortune_top100_ranked::1683587045007196160,fortune_top100_ranked,fortune_x_2025_ranked,89,Enterprise Products Partners,@EProd_Careers,@EProd_Careers,https://x.com/EProd_Careers,1683587045007196160,https://x.com/EProd_Careers/status/1683587045007196160,Mon Jul 24 21:16:45 +0000 2023,"Enterprise Products is the name to know in energy…and we want to know more about what would make you a great Engineer, Senior Network Security. Apply today! https://t.co/ZC4jnTl10A",0,0,0,0,true,false,,primary,1,capped browser-based collection of observable public posts,0,data/raw/fortune_x_2025_ranked/089_enterprise_products_partners/accounts/01_primary_eprod_careers,true,false,false,false,false,mixed,pending
fortune_top100_ranked::2051408133667377329,fortune_top100_ranked,fortune_x_2025_ranked,5,Alphabet,@Alphabetlnc,@google,https://x.com/google,2051408133667377329,https://x.com/google/status/2051408133667377329,Mon May 04 21:06:27 +0000 2026,@googlecloud @googledevs Learn more https://t.co/kdy7MxP4t1,4,7,37,0,true,false,,secondary,2,capped browser-based collection of observable public posts,0,data/raw/fortune_x_2025_ranked/005_alphabet/accounts/02_secondary_google,true,false,false,true,false,en,pending
benchmark_aggressive_wendys::1255226259094810631,benchmark_aggressive_wendys,wendys_existing_collection,benchmark,Wendy's,@Wendys,@Wendys,https://x.com/Wendys/status/1255226259094810631,1255226259094810631,https://x.com/Wendys/status/1255226259094810631,Tue Apr 28 20:03:55 +0000 2020,"Get the chicken you crave with our 2 for $5, but which two are you taking? https://t.co/omBHdWQNV2",489,100,1684,60,false,unknown,,primary,1,legacy_json_import,0,data/wendys,true,false,false,false,false,en,pending
fortune_top100_ranked::1522999708477702146,fortune_top100_ranked,fortune_x_2025_ranked,98,Coca-Cola,@cocacola,@cocacola,https://x.com/cocacola,1522999708477702146,https://x.com/cocacola/status/1522999708477702146,Sat May 07 18:00:01 +0000 2022,Heard that #CocaColaStarlight was out of this world. Can confirm… it’s pretty interstellar. #RealMagic #CocaColaCreations,52,18,142,6,false,false,,primary,1,capped browser-based collection of observable public posts,0,data/raw/fortune_x_2025_ranked/098_coca_cola/accounts/01_primary_cocacola,true,false,false,false,false,mixed,pending
fortune_top100_ranked::1590734913644687360,fortune_top100_ranked,fortune_x_2025_ranked,14,Cigna Group,@TheCignaGroup,@Cigna,https://x.com/Cigna,1590734913644687360,https://x.com/Cigna/status/1590734913644687360,Thu Nov 10 15:55:32 +0000 2022,"By helping employees improve their vitality—at work, at home, and in their communities—employers can create a culture of health that addresses the challenges that burned-out or disengaged employees face, and stimulate better business outcomes.

https://t.co/xN1qJQzQw8

#CignaNews https://t.co/viBtrfE6q5",1,0,2,0,false,false,,secondary,2,capped browser-based collection of observable public posts,0,data/raw/fortune_x_2025_ranked/014_cigna_group/accounts/02_secondary_cigna,true,false,false,false,false,mixed,pending
fortune_top100_ranked::1848046435398201779,fortune_top100_ranked,fortune_x_2025_ranked,92,Uber Technologies,@Uber,@Uber,https://x.com/Uber,1848046435398201779,https://x.com/Uber/status/1848046435398201779,Sun Oct 20 16:59:39 +0000 2024,When the uber driver is really cool and plays good music during the ride https://t.co/yLejH05gv5,21,2,16,0,true,false,,primary,1,capped browser-based collection of observable public posts,0,data/raw/fortune_x_2025_ranked/092_uber_technologies/accounts/01_primary_uber,true,false,false,false,false,en,pending
fortune_top100_ranked::1804167394320929209,fortune_top100_ranked,fortune_x_2025_ranked,72,Publix Super Markets,@Publix,@Publix,https://x.com/Publix,1804167394320929209,https://x.com/Publix/status/1804167394320929209,Fri Jun 21 15:00:01 +0000 2024,"Publix pies win big! 🥧

Did you know that we’ve competed in the National Pie Championships since 2001? Each year, Publix Bakery pies have brought home blue ribbons! Learn more about this year’s award-winning pies and how to spot them at your Publix. https://t.co/Xg7gwBgIwu https://t.co/fs4nTzGO3p",13,11,63,1,true,false,,primary,1,capped browser-based collection of observable public posts,0,data/raw/fortune_x_2025_ranked/072_publix_super_markets/accounts/01_primary_publix,true,false,false,false,false,mixed,pending
benchmark_self_defeating_moonpie::1082422165696335873,benchmark_self_defeating_moonpie,moonpie_existing_collection,benchmark,MoonPie,@MoonPie,@MoonPie,https://x.com/MoonPie/status/1082422165696335873,1082422165696335873,https://x.com/MoonPie/status/1082422165696335873,Mon Jan 07 23:42:09 +0000 2019,The reason that brands talk to each other on this website is that we have no other friends in real life,309,1949,21199,504,false,unknown,,primary,1,legacy_json_import,0,data/moonpie,true,false,false,false,false,en,pending
fortune_top100_ranked::1070305337364893696,fortune_top100_ranked,fortune_x_2025_ranked,76,Galaxy Digital,@galaxydigital,@galaxydigital,https://x.com/galaxydigital,1070305337364893696,https://x.com/galaxydigital/status/1070305337364893696,Wed Dec 05 13:14:12 +0000 2018,"Today is International Volunteer Day, the perfect time to mention that we have spots available on a service trip to Guatemala April 6-14, 2019. Please contact Joel at jjohnson@ashevillehabitat.org if you'd like to learn more. #InternationalVolunteerDay #habitat https://t.co/54B30WyBIL",0,1,3,0,false,false,,primary,1,capped browser-based collection of observable public posts,0,data/raw/fortune_x_2025_ranked/076_galaxy_digital/accounts/01_primary_galaxydigital,true,false,false,false,false,en,pending
benchmark_aggressive_wendys::2021268433296367729,benchmark_aggressive_wendys,wendys_existing_collection,benchmark,Wendy's,@Wendys,@Wendys,https://x.com/Wendys/status/2021268433296367729,2021268433296367729,https://x.com/Wendys/status/2021268433296367729,Tue Feb 10 17:02:02 +0000 2026,"We're cooking something up.

Use code DAYTONA in the @Wendys app to get a $1 Classic or Spicy Chicken Sandwich with purchase, starting at the beginning of the race on Sunday 2/15 and available all day Monday 2/16. https://t.co/nsXc16Pwpj",7,52,330,3,true,unknown,,primary,1,legacy_json_import,0,data/wendys,true,false,false,false,false,en,pending
fortune_top100_ranked::1245819544540794892,fortune_top100_ranked,fortune_x_2025_ranked,100,Massachusetts Mutual Life,@massmutual,@massmutual,https://x.com/massmutual,1245819544540794892,https://x.com/massmutual/status/1245819544540794892,Thu Apr 02 21:05:00 +0000 2020,"Since 1851, MassMutual has provided financial security and value to our policyowners and customers.",0,2,7,1,false,false,,primary,1,capped browser-based collection of observable public posts,0,data/raw/fortune_x_2025_ranked/100_massachusetts_mutual_life/accounts/01_primary_massmutual,true,false,false,false,false,en,pending
fortune_top100_ranked::1826967698707751033,fortune_top100_ranked,fortune_x_2025_ranked,93,USAA,@usaa,@usaa,https://x.com/usaa,1826967698707751033,https://x.com/usaa/status/1826967698707751033,Fri Aug 23 13:00:17 +0000 2024,DAV (Disabled American Veterans) has helped service members live with dignity for over a century. We are proud to sponsor and attend the 2024 @davhq and Auxiliary National Convention to celebrate the monumental impacts they make on the veteran community. https://t.co/dRjgEKatAn,2,3,22,1,true,false,,primary,1,capped browser-based collection of observable public posts,0,data/raw/fortune_x_2025_ranked/093_usaa/accounts/01_primary_usaa,true,false,false,false,false,en,pending
benchmark_aggressive_wendys::1258049228502433792,benchmark_aggressive_wendys,wendys_existing_collection,benchmark,Wendy's,@Wendys,@Wendys,https://x.com/Wendys/status/1258049228502433792,1258049228502433792,https://x.com/Wendys/status/1258049228502433792,Wed May 06 15:01:24 +0000 2020,"For Cyber Search Day 3 we’ve hidden 9 codes totaling $1000 in free Wendy’s. You’ve got to be the first to DM us a code after we share the hint. And if you’re not first, well, we’re here all week… https://t.co/H9bM7rWONS",31,17,399,1,false,unknown,,primary,1,legacy_json_import,0,data/wendys,true,false,false,false,false,en,pending
fortune_top100_ranked::1891096066998616073,fortune_top100_ranked,fortune_x_2025_ranked,97,Bristol-Myers Squibb,@bmsnews,@bmsnews,https://x.com/bmsnews,1891096066998616073,https://x.com/bmsnews/status/1891096066998616073,Sun Feb 16 12:03:31 +0000 2025,"Today at the Winter Clinical Dermatology Conference - Hawaii, we announced new 5-year results from our long-term extension trial of a treatment for adult patients with moderate-to-severe #PlaquePsoriasis. Read more: https://t.co/L9T3ApVKP8 https://t.co/UNg2qaqrKq",1,3,14,0,true,false,,primary,1,capped browser-based collection of observable public posts,0,data/raw/fortune_x_2025_ranked/097_bristol_myers_squibb/accounts/01_primary_bmsnews,true,false,false,false,false,en,pending
fortune_top100_ranked::813487650862755840,fortune_top100_ranked,fortune_x_2025_ranked,25,Home Depot,@homedepot,@HDCares,https://x.com/HDCares,813487650862755840,https://x.com/HDCares/status/813487650862755840,Mon Dec 26 20:52:24 +0000 2016,@dreawelker1 We’re sorry to to disappoint! Pls send ur order # and contact info to TeamSocial@homedepot.com for help. -TeamCare,0,0,0,0,false,false,,secondary,2,capped browser-based collection of observable public posts,0,data/raw/fortune_x_2025_ranked/025_home_depot/accounts/02_secondary_hdcares,true,false,false,true,false,mixed,pending
fortune_top100_ranked::786627275869425664,fortune_top100_ranked,fortune_x_2025_ranked,79,TJX,@tjmaxx,@tjmaxx,https://x.com/tjmaxx,786627275869425664,https://x.com/tjmaxx/status/786627275869425664,Thu Oct 13 17:58:52 +0000 2016,@Pinkertweets Hey! We love your advice. Could you send us a DM? We have a question to ask you!,0,0,0,0,false,false,,primary,1,capped browser-based collection of observable public posts,0,data/raw/fortune_x_2025_ranked/079_tjx/accounts/01_primary_tjmaxx,true,false,false,true,false,en,pending
benchmark_aggressive_wendys::1806116941091811827,benchmark_aggressive_wendys,wendys_existing_collection,benchmark,Wendy's,@Wendys,@Wendys,https://x.com/Wendys/status/1806116941091811827,1806116941091811827,https://x.com/Wendys/status/1806116941091811827,Thu Jun 27 00:06:49 +0000 2024,Whoever becomes a nugget tonight gets FREE saucy nuggets for a year 👀,258,126,1896,58,true,unknown,,primary,1,legacy_json_import,0,data/wendys,true,false,false,false,false,en,pending
benchmark_aggressive_wendys::1703862493611802817,benchmark_aggressive_wendys,wendys_existing_collection,benchmark,Wendy's,@Wendys,@Wendys,https://x.com/Wendys/status/1703862493611802817,1703862493611802817,https://x.com/Wendys/status/1703862493611802817,Mon Sep 18 20:04:09 +0000 2023,"Today is the day that is good and nothing bad happens. Yup, National Cheeseburger day. Celebrate with a 1 cent jbc with any purchase in the app.",845,80,1350,58,true,unknown,,primary,1,legacy_json_import,0,data/wendys,true,false,false,false,false,en,pending
fortune_top100_ranked::1951314797133209913,fortune_top100_ranked,fortune_x_2025_ranked,33,Freddie Mac,@FreddieMac,@FreddieMac,https://x.com/FreddieMac,1951314797133209913,https://x.com/FreddieMac/status/1951314797133209913,Fri Aug 01 16:11:15 +0000 2025,"Demand for affordable housing in Chicago has skyrocketed, and families can struggle to keep up with monthly costs. This made the revitalization of Geneva Gables, a four-story 21-unit apartment complex, a much-needed solution. Get the full story here: https://t.co/5gXnOG84qq https://t.co/1Dr4gd6uA5",0,1,1,0,true,false,,primary,1,capped browser-based collection of observable public posts,0,data/raw/fortune_x_2025_ranked/033_freddie_mac/accounts/01_primary_freddiemac,true,false,false,false,false,en,pending
benchmark_self_defeating_moonpie::1172287745294852097,benchmark_self_defeating_moonpie,moonpie_existing_collection,benchmark,MoonPie,@MoonPie,@MoonPie,https://x.com/MoonPie/status/1172287745294852097,1172287745294852097,https://x.com/MoonPie/status/1172287745294852097,Thu Sep 12 23:15:53 +0000 2019,Prepare yourself,47,199,2105,9,false,unknown,,primary,1,legacy_json_import,0,data/moonpie,true,false,false,false,false,en,pending
fortune_top100_ranked::1882157745597763961,fortune_top100_ranked,fortune_x_2025_ranked,20,Bank of America,@bankofamerica,@bankofamerica,https://x.com/bankofamerica,1882157745597763961,https://x.com/bankofamerica/status/1882157745597763961,Wed Jan 22 20:05:50 +0000 2025,"RT @YahooFinance: Bank of America CEO Brian Moynihan sat down with @BrianSozzi at the World Economic Forum in Davos, Switzerland, to discus…",0,25,0,0,true,false,,primary,1,capped browser-based collection of observable public posts,0,data/raw/fortune_x_2025_ranked/020_bank_of_america/accounts/01_primary_bankofamerica,true,false,true,false,false,mixed,pending
benchmark_self_defeating_moonpie::986390961931653125,benchmark_self_defeating_moonpie,moonpie_existing_collection,benchmark,MoonPie,@MoonPie,@MoonPie,https://x.com/MoonPie/status/986390961931653125,986390961931653125,https://x.com/MoonPie/status/986390961931653125,Tue Apr 17 23:48:26 +0000 2018,Can I get uhhhhhhhhhhh ʷᵃᵗᵉʳᶠᵃˡˡ ᵒᶠ ᶜʰᵒᶜᵒˡᵃᵗᵉ ᵗᵒ ᶜᵒᵛᵉʳ ᵐʸ ᶜʰᶦˡᵈʳᵉⁿ https://t.co/r0F9JSw8fA,149,2121,12912,0,false,unknown,,primary,1,legacy_json_import,0,data/moonpie,true,false,false,false,false,en,pending
benchmark_aggressive_wendys::1616553921287278617,benchmark_aggressive_wendys,wendys_existing_collection,benchmark,Wendy's,@Wendys,@Wendys,https://x.com/Wendys/status/1616553921287278617,1616553921287278617,https://x.com/Wendys/status/1616553921287278617,Fri Jan 20 21:51:03 +0000 2023,“Death is simply another stage of life.” - Grand Elder Guru https://t.co/JfUz7Ilh69,264,569,5651,59,true,unknown,,primary,1,legacy_json_import,0,data/wendys,true,false,false,false,false,en,pending
fortune_top100_ranked::1576935098942980096,fortune_top100_ranked,fortune_x_2025_ranked,63,Capital One Financial,@CapitalOne,@CapitalOne,https://x.com/CapitalOne,1576935098942980096,https://x.com/CapitalOne/status/1576935098942980096,Mon Oct 03 14:00:00 +0000 2022,You’ve got another chance to score! RT with #sweepstakes for a chance to win tickets for you and nine friends to the @Capitals game on Oct. 15 at @CapitalOneArena! #ALLCAPS,17,61,64,76,false,false,,primary,1,capped browser-based collection of observable public posts,0,data/raw/fortune_x_2025_ranked/063_capital_one_financial/accounts/01_primary_capitalone,true,false,false,false,false,mixed,pending
benchmark_self_defeating_moonpie::946087654960939008,benchmark_self_defeating_moonpie,moonpie_existing_collection,benchmark,MoonPie,@MoonPie,@MoonPie,https://x.com/MoonPie/status/946087654960939008,946087654960939008,https://x.com/MoonPie/status/946087654960939008,Wed Dec 27 18:37:29 +0000 2017,Not in a good mood @MoonPie can you tell me something good to lift up my spirits?😔,3,0,17,0,false,unknown,,primary,1,legacy_json_import,0,data/moonpie,true,false,false,false,false,en,pending
fortune_top100_ranked::2058548752458080346,fortune_top100_ranked,fortune_x_2025_ranked,99,Nike,@nike,@nike,https://x.com/nike,2058548752458080346,https://x.com/nike/status/2058548752458080346,Sun May 24 14:00:43 +0000 2026,"This player’s favorite surface to compete on is clay, with a win rate of over 70% on the surface. Who is she? https://t.co/nuSljOZCww",14,30,291,11,true,false,,primary,1,capped browser-based collection of observable public posts,0,data/raw/fortune_x_2025_ranked/099_nike/accounts/01_primary_nike,true,false,false,false,false,mixed,pending
fortune_top100_ranked::1343995265703927809,fortune_top100_ranked,fortune_x_2025_ranked,29,Phillips 66,@phillips66,@Phillips66co,https://x.com/Phillips66co,1343995265703927809,https://x.com/Phillips66co/status/1343995265703927809,Tue Dec 29 19:00:16 +0000 2020,"Though 2020 was difficult in many ways, we’ve continued to make big moves here as we plan for the future. Take a look back at the energy advancements and commitments we made this year. https://t.co/y86OCXfLlA",0,1,13,0,false,false,,secondary,2,capped browser-based collection of observable public posts,0,data/raw/fortune_x_2025_ranked/029_phillips_66/accounts/02_secondary_phillips66co,true,false,false,false,false,mixed,pending
fortune_top100_ranked::687306238120558592,fortune_top100_ranked,fortune_x_2025_ranked,79,TJX,@tjmaxx,@tjmaxx,https://x.com/tjmaxx,687306238120558592,https://x.com/tjmaxx/status/687306238120558592,Wed Jan 13 16:12:31 +0000 2016,@Foxygrandpa96 Happy hunting!,0,0,0,0,false,false,,primary,1,capped browser-based collection of observable public posts,0,data/raw/fortune_x_2025_ranked/079_tjx/accounts/01_primary_tjmaxx,true,false,false,true,false,en,pending
fortune_top100_ranked::1471518005389664264,fortune_top100_ranked,fortune_x_2025_ranked,67,Eli Lilly,@EliLillyandCo,@EliLillyandCo,https://x.com/EliLillyandCo,1471518005389664264,https://x.com/EliLillyandCo/status/1471518005389664264,Thu Dec 16 16:30:06 +0000 2021,"Investors put their money behind their values. According to @IBDinvestors, we’re among the top 100 companies with both high Dow Jones #ESG scores and superior IBD Composite Ratings. 

https://t.co/6aa7LAwK1Z",2,2,5,0,false,false,,primary,1,capped browser-based collection of observable public posts,0,data/raw/fortune_x_2025_ranked/067_eli_lilly/accounts/01_primary_elilillyandco,true,false,false,false,false,mixed,pending
fortune_top100_ranked::1671534044184453120,fortune_top100_ranked,fortune_x_2025_ranked,38,Wells Fargo,@wellsfargo,@wellsfargo,https://x.com/wellsfargo,1671534044184453120,https://x.com/wellsfargo/status/1671534044184453120,Wed Jun 21 15:02:26 +0000 2023,"We are proud to sign on as first anchor funder of the @WeAreUnidosUS HOME initiative to help create four million Latino homeowners by 2030.

Learn more at https://t.co/FfL7vVX0QA",46,1,17,3,true,false,,primary,1,capped browser-based collection of observable public posts,0,data/raw/fortune_x_2025_ranked/038_wells_fargo/accounts/01_primary_wellsfargo,true,false,false,false,false,en,pending
benchmark_aggressive_wendys::1406047214963728385,benchmark_aggressive_wendys,wendys_existing_collection,benchmark,Wendy's,@Wendys,@Wendys,https://x.com/Wendys/status/1406047214963728385,1406047214963728385,https://x.com/Wendys/status/1406047214963728385,Sat Jun 19 00:32:33 +0000 2021,"If someone sees a Mr. Meeseeks walking around 14645 Roscoe Blvd, Panorama City, CA, please let him know that his break is over. The sooner he finishes his shift, the sooner he can disappear.",236,1012,14556,117,false,unknown,,primary,1,legacy_json_import,0,data/wendys,true,false,false,false,false,en,pending
benchmark_self_defeating_moonpie::960304177124605957,benchmark_self_defeating_moonpie,moonpie_existing_collection,benchmark,MoonPie,@MoonPie,@MoonPie,https://x.com/MoonPie/status/960304177124605957,960304177124605957,https://x.com/MoonPie/status/960304177124605957,Mon Feb 05 00:08:52 +0000 2018,"Please enjoy this MoonPie commercial titled ""MoonPie Tree"" #TheBigThing https://t.co/fYU70Wbkym",37,191,1337,0,false,unknown,,primary,1,legacy_json_import,0,data/moonpie,true,false,false,false,false,en,pending
fortune_top100_ranked::1314278017795932161,fortune_top100_ranked,fortune_x_2025_ranked,47,Boeing,@boeing,@boeing,https://x.com/boeing,1314278017795932161,https://x.com/boeing/status/1314278017795932161,Thu Oct 08 18:54:32 +0000 2020,"RT @IATA: Computational fluid dynamics research from @Airbus, @Boeing &amp; @embraer demonstrates that combining the aircraft’s existing design…",0,413,0,0,false,false,,primary,1,capped browser-based collection of observable public posts,0,data/raw/fortune_x_2025_ranked/047_boeing/accounts/01_primary_boeing,true,false,true,false,false,mixed,pending
fortune_top100_ranked::1620113200103448595,fortune_top100_ranked,fortune_x_2025_ranked,59,MetLife,@metlife,@metlife,https://x.com/metlife,1620113200103448595,https://x.com/metlife/status/1620113200103448595,Mon Jan 30 17:34:21 +0000 2023,"New work from MetLife Foundation partner, @urbaninstitute, highlights how all Americans could improve by centering Black women in income- and wealth-building research, policy, and program design. Here’s how: https://t.co/fMUNGJHjvc",2,0,1,0,true,false,,primary,1,capped browser-based collection of observable public posts,0,data/raw/fortune_x_2025_ranked/059_metlife/accounts/01_primary_metlife,true,false,false,false,false,mixed,pending
fortune_top100_ranked::2056791134295273554,fortune_top100_ranked,fortune_x_2025_ranked,5,Alphabet,@Alphabetlnc,@google,https://x.com/google,2056791134295273554,https://x.com/google/status/2056791134295273554,Tue May 19 17:36:34 +0000 2026,"Introducing Gemini Spark ✨

It’s your 24/7 personal AI agent that helps you navigate your digital life, taking action on your behalf, and under your direction. 

🧠 It runs on Gemini 3.5 and is built on @Antigravity, so it can perform long-running tasks easily in the background.

⏱️ And because it runs on dedicated virtual machines on Google Cloud, you don’t even need to keep your laptop open. 

🧰 Spark will integrate seamlessly with Google tools, and soon with third parties through MCP. 

#GoogleIO",262,765,5927,357,true,false,,secondary,2,capped browser-based collection of observable public posts,0,data/raw/fortune_x_2025_ranked/005_alphabet/accounts/02_secondary_google,true,false,false,false,false,mixed,pending
fortune_top100_ranked::1967992631301931170,fortune_top100_ranked,fortune_x_2025_ranked,31,StoneX Group,@StoneX_Official,@StoneX_Official,https://x.com/StoneX_Official,1967992631301931170,https://x.com/StoneX_Official/status/1967992631301931170,Tue Sep 16 16:43:01 +0000 2025,The NAHB Housing Market Index held steady at 32 for the September update versus forecasts of a tick up to 33. This matches the series' lowest reading since December 2022.,1,0,1,0,true,false,,primary,1,capped browser-based collection of observable public posts,0,data/raw/fortune_x_2025_ranked/031_stonex_group/accounts/01_primary_stonex_official,true,false,false,false,false,en,pending
fortune_top100_ranked::2018383920740307164,fortune_top100_ranked,fortune_x_2025_ranked,49,RTX,@RTX_News,@RTX_News,https://x.com/RTX_News,2018383920740307164,https://x.com/RTX_News/status/2018383920740307164,Mon Feb 02 18:00:01 +0000 2026,"📰 JUST ANNOUNCED: Raytheon completes successful ballistic test for @USArmy's Next Generation Short Range Interceptor (NGSRI).

Details: https://t.co/gXcNSYGeB6 https://t.co/DIQ0b42ZR5",7,51,239,10,true,false,,primary,1,capped browser-based collection of observable public posts,0,data/raw/fortune_x_2025_ranked/049_rtx/accounts/01_primary_rtx_news,true,false,false,false,false,mixed,pending
benchmark_self_defeating_moonpie::1693203788033900668,benchmark_self_defeating_moonpie,moonpie_existing_collection,benchmark,MoonPie,@MoonPie,@MoonPie,https://x.com/MoonPie/status/1693203788033900668,1693203788033900668,https://x.com/MoonPie/status/1693203788033900668,Sun Aug 20 10:10:15 +0000 2023,BREAKING: 🇷🇺 Russia's Luna-25 has crashed into the Moon. https://t.co/oRiYNSWXJp,2058,3493,63151,701,true,unknown,,primary,1,legacy_json_import,0,data/moonpie,true,false,false,false,false,en,pending
fortune_top100_ranked::773189057534828544,fortune_top100_ranked,fortune_x_2025_ranked,79,TJX,@tjmaxx,@tjmaxx,https://x.com/tjmaxx,773189057534828544,https://x.com/tjmaxx/status/773189057534828544,Tue Sep 06 16:00:11 +0000 2016,A few more reasons to love the color red. https://t.co/E9xJypRJ2r https://t.co/JHF5P71kqf,1,5,20,0,false,false,,primary,1,capped browser-based collection of observable public posts,0,data/raw/fortune_x_2025_ranked/079_tjx/accounts/01_primary_tjmaxx,true,false,false,false,false,en,pending
benchmark_aggressive_wendys::1321196722144661505,benchmark_aggressive_wendys,wendys_existing_collection,benchmark,Wendy's,@Wendys,@Wendys,https://x.com/Wendys/status/1321196722144661505,1321196722144661505,https://x.com/Wendys/status/1321196722144661505,Tue Oct 27 21:06:59 +0000 2020,Hey @Wendys is this a record? https://t.co/DJbQxCo5gx,27,21,991,44,false,unknown,,primary,1,legacy_json_import,0,data/wendys,true,false,false,false,false,en,pending
fortune_top100_ranked::1978539931778556232,fortune_top100_ranked,fortune_x_2025_ranked,90,Ingram Micro Holding,@IngramMicroInc,@IngramMicroInc,https://x.com/IngramMicroInc,1978539931778556232,https://x.com/IngramMicroInc/status/1978539931778556232,Wed Oct 15 19:14:13 +0000 2025,"Ingram Micro has been recognized as Distribution Partner of the Year for the Americas by @okta! We're proud to be recognized for innovation, cybersecurity excellence, and the growth of our partner ecosystem across the region. #ingrammicro https://t.co/dI6M7M4QW4",0,0,1,0,true,false,,primary,1,capped browser-based collection of observable public posts,0,data/raw/fortune_x_2025_ranked/090_ingram_micro_holding/accounts/01_primary_ingrammicroinc,true,false,false,false,false,en,pending
fortune_top100_ranked::1557422890961739776,fortune_top100_ranked,fortune_x_2025_ranked,94,TIAA,@tiaa,@tiaa,https://x.com/tiaa,1557422890961739776,https://x.com/tiaa/status/1557422890961739776,Wed Aug 10 17:45:27 +0000 2022,"RT @WomensSportsFdn: #TakeActionTuesday: WSF is hosting our next FREE Virtual Town Hall, presented by @TIAA, this Thursday, Aug. 11 at 2pm…",0,2,0,0,false,false,,primary,1,capped browser-based collection of observable public posts,0,data/raw/fortune_x_2025_ranked/094_tiaa/accounts/01_primary_tiaa,true,false,true,false,false,mixed,pending
fortune_top100_ranked::1007617926902542336,fortune_top100_ranked,fortune_x_2025_ranked,76,Galaxy Digital,@galaxydigital,@galaxydigital,https://x.com/galaxydigital,1007617926902542336,https://x.com/galaxydigital/status/1007617926902542336,Fri Jun 15 13:36:49 +0000 2018,Your agencies are doing awesome work--celebrate their success and get other agencies in the community excited about your platform! https://t.co/eeF0waNWjG,0,0,2,0,false,false,,primary,1,capped browser-based collection of observable public posts,0,data/raw/fortune_x_2025_ranked/076_galaxy_digital/accounts/01_primary_galaxydigital,true,false,false,false,false,en,pending
benchmark_aggressive_wendys::1716894851499966760,benchmark_aggressive_wendys,wendys_existing_collection,benchmark,Wendy's,@Wendys,@Wendys,https://x.com/Wendys/status/1716894851499966760,1716894851499966760,https://x.com/Wendys/status/1716894851499966760,Tue Oct 24 19:10:05 +0000 2023,WHERE IS WENDY,356,10372,36552,1843,true,unknown,,primary,1,legacy_json_import,0,data/wendys,true,false,false,false,false,en,pending
fortune_top100_ranked::1782785425355989129,fortune_top100_ranked,fortune_x_2025_ranked,17,Meta Platforms,@Meta,@Meta,https://x.com/Meta,1782785425355989129,https://x.com/Meta/status/1782785425355989129,Tue Apr 23 14:55:42 +0000 2024,https://t.co/YJ9P35I95A,78,17,65,3,true,false,,primary,1,capped browser-based collection of observable public posts,0,data/raw/fortune_x_2025_ranked/017_meta_platforms/accounts/01_primary_meta,true,false,false,false,false,en,pending
fortune_top100_ranked::2065102091077800412,fortune_top100_ranked,fortune_x_2025_ranked,44,Walt Disney,@Disney,@Disney,https://x.com/Disney,2065102091077800412,https://x.com/Disney/status/2065102091077800412,Thu Jun 11 16:01:20 +0000 2026,"RT @Pixar: Ciao Gatto
Watch the new teaser for Disney &amp; Pixar's #Gatto, arriving in theaters March 5, 2027 https://t.co/QFFQXOO2PV",0,3372,0,0,true,false,,primary,1,capped browser-based collection of observable public posts,0,data/raw/fortune_x_2025_ranked/044_walt_disney/accounts/01_primary_disney,true,false,true,false,false,en,pending
benchmark_self_defeating_moonpie::1027277239224811521,benchmark_self_defeating_moonpie,moonpie_existing_collection,benchmark,MoonPie,@MoonPie,@MoonPie,https://x.com/MoonPie/status/1027277239224811521,1027277239224811521,https://x.com/MoonPie/status/1027277239224811521,Wed Aug 08 19:35:54 +0000 2018,Once a day we’ll have someone walk into a room and yell “did someone say MoonPies?” and we usually just did,39,152,2735,5,false,unknown,,primary,1,legacy_json_import,0,data/moonpie,true,false,false,false,false,en,pending
benchmark_aggressive_wendys::1811077661101301959,benchmark_aggressive_wendys,wendys_existing_collection,benchmark,Wendy's,@Wendys,@Wendys,https://x.com/Wendys/status/1811077661101301959,1811077661101301959,https://x.com/Wendys/status/1811077661101301959,Wed Jul 10 16:38:57 +0000 2024,"Workin’ on the ol’ photoshop skills again…
Hit us up if your profile pic needs some sauce",1168,109,1963,16,true,unknown,,primary,1,legacy_json_import,0,data/wendys,true,false,false,false,false,en,pending
benchmark_aggressive_wendys::1248686254683717632,benchmark_aggressive_wendys,wendys_existing_collection,benchmark,Wendy's,@Wendys,@Wendys,https://x.com/Wendys/status/1248686254683717632,1248686254683717632,https://x.com/Wendys/status/1248686254683717632,Fri Apr 10 18:56:17 +0000 2020,"She ghosted you, so we're here for the ultimate sub tweet. 

Not so sure about sandwich art, but we've got a Free Dave's Single with your name on it. 
(just the expression it still has Dave's name on it)",38,45,1051,6,false,unknown,,primary,1,legacy_json_import,0,data/wendys,true,false,false,false,false,en,pending
fortune_top100_ranked::1775538952457294020,fortune_top100_ranked,fortune_x_2025_ranked,62,New York Life Insurance,@NewYorkLife,@NewYorkLife,https://x.com/NewYorkLife,1775538952457294020,https://x.com/NewYorkLife/status/1775538952457294020,Wed Apr 03 15:00:48 +0000 2024,"Attention Atlanta soccer fans! Meet @USWNT legend @BriScurry this Saturday at the She Believes Cup presented by @Visa_US Block Party. Come by the New York Life Fan Experience to say hi, play games, and celebrate women's soccer. #SheBelievesCup ⚽ https://t.co/cot9kAbOew",2,1,10,0,true,false,,primary,1,capped browser-based collection of observable public posts,0,data/raw/fortune_x_2025_ranked/062_new_york_life_insurance/accounts/01_primary_newyorklife,true,false,false,false,false,mixed,pending
fortune_top100_ranked::1902387825787412641,fortune_top100_ranked,fortune_x_2025_ranked,35,AT&T,@ATT,@ATT,https://x.com/ATT,1902387825787412641,https://x.com/ATT/status/1902387825787412641,Wed Mar 19 15:52:56 +0000 2025,"Operator? Yes, we’d like to report a 100-year delay in recognizing some heroes. CONGRATS to our 'Girls' for being awarded a Congressional Gold Medal! 🎊 https://t.co/bXbsDXnLYp https://t.co/Hm8rMYaKSJ",4,8,30,2,true,false,,primary,1,capped browser-based collection of observable public posts,0,data/raw/fortune_x_2025_ranked/035_at_t/accounts/01_primary_att,true,false,false,false,false,mixed,pending
fortune_top100_ranked::2032433066631733687,fortune_top100_ranked,fortune_x_2025_ranked,92,Uber Technologies,@Uber,@Uber,https://x.com/Uber,2032433066631733687,https://x.com/Uber/status/2032433066631733687,Fri Mar 13 12:26:18 +0000 2026,.@motionaldrive is now live only on the Uber app in Las Vegas. https://t.co/hqS0q2WFAF,40,34,433,10,true,false,,primary,1,capped browser-based collection of observable public posts,0,data/raw/fortune_x_2025_ranked/092_uber_technologies/accounts/01_primary_uber,true,false,false,false,false,en,pending
benchmark_self_defeating_moonpie::917745934460735488,benchmark_self_defeating_moonpie,moonpie_existing_collection,benchmark,MoonPie,@MoonPie,@MoonPie,https://x.com/MoonPie/status/917745934460735488,917745934460735488,https://x.com/MoonPie/status/917745934460735488,Tue Oct 10 13:37:36 +0000 2017,If you are feeling sad just pretend your name is Moonpie for a second and then read this https://t.co/WfsbmbO5xn,4,209,773,0,false,unknown,,primary,1,legacy_json_import,0,data/moonpie,true,false,false,false,false,en,pending
benchmark_self_defeating_moonpie::1321604701083914240,benchmark_self_defeating_moonpie,moonpie_existing_collection,benchmark,MoonPie,@MoonPie,@MoonPie,https://x.com/MoonPie/status/1321604701083914240,1321604701083914240,https://x.com/MoonPie/status/1321604701083914240,Thu Oct 29 00:08:09 +0000 2020,".                                                                
\😃/                                            ☹️
  | |                                               /| |\
 /   \                                              /   \ https://t.co/gbuszj7Oxc",85,304,6324,23,false,unknown,,primary,1,legacy_json_import,0,data/moonpie,true,false,false,false,false,und,pending
fortune_top100_ranked::1831866698884116608,fortune_top100_ranked,fortune_x_2025_ranked,69,Nationwide,@nationwide,@nationwide,https://x.com/nationwide,1831866698884116608,https://x.com/nationwide/status/1831866698884116608,Fri Sep 06 01:27:10 +0000 2024,Paintin Manning is perfect!,0,1,2,0,true,false,,primary,1,capped browser-based collection of observable public posts,0,data/raw/fortune_x_2025_ranked/069_nationwide/accounts/01_primary_nationwide,true,false,false,false,false,en,pending
fortune_top100_ranked::1702684814459957745,fortune_top100_ranked,fortune_x_2025_ranked,85,Charter Communications,@CharterNewsroom,@CharterNewsroom,https://x.com/CharterNewsroom,1702684814459957745,https://x.com/CharterNewsroom/status/1702684814459957745,Fri Sep 15 14:04:28 +0000 2023,Spectrum Mobile™ to Offer Apple’s New iPhone 15 and iPhone 15 Plus. Learn More: https://t.co/jlqu0BZIqO https://t.co/m8dtI4ygbB,0,1,3,0,true,false,,primary,1,capped browser-based collection of observable public posts,0,data/raw/fortune_x_2025_ranked/085_charter_communications/accounts/01_primary_charternewsroom,true,false,false,false,false,mixed,pending
fortune_top100_ranked::2024136826710003826,fortune_top100_ranked,fortune_x_2025_ranked,26,Fannie Mae,@fanniemae,@fanniemae,https://x.com/fanniemae,2024136826710003826,https://x.com/fanniemae/status/2024136826710003826,Wed Feb 18 15:00:00 +0000 2026,Manufactured homes expand options for homeownership. Learn about affordable alternatives to site-built homes and  financing options like Manufactured Home Advantage. https://t.co/0i3cMa3397 https://t.co/KPukgZgtkk,0,0,3,0,true,false,,primary,1,capped browser-based collection of observable public posts,0,data/raw/fortune_x_2025_ranked/026_fannie_mae/accounts/01_primary_fanniemae,true,false,false,false,false,en,pending
fortune_top100_ranked::2013740827269324952,fortune_top100_ranked,fortune_x_2025_ranked,56,American Express,@americanexpress,@americanexpress,https://x.com/americanexpress,2013740827269324952,https://x.com/americanexpress/status/2013740827269324952,Tue Jan 20 22:30:01 +0000 2026,"VIP concert experiences, private art tours and exclusive dinners around the world. Get a look at some of the recent events and perks that made Card Membership great: https://t.co/yJmi9Zz6c7 https://t.co/cq1SGidA6S",29,11,45,2,true,false,,primary,1,capped browser-based collection of observable public posts,0,data/raw/fortune_x_2025_ranked/056_american_express/accounts/01_primary_americanexpress,true,false,false,false,false,en,pending
benchmark_self_defeating_moonpie::1451339845331267589,benchmark_self_defeating_moonpie,moonpie_existing_collection,benchmark,MoonPie,@MoonPie,@MoonPie,https://x.com/MoonPie/status/1451339845331267589,1451339845331267589,https://x.com/MoonPie/status/1451339845331267589,Fri Oct 22 00:09:18 +0000 2021,Please stop sending me this I’ve seen it,43,75,1602,6,false,unknown,,primary,1,legacy_json_import,0,data/moonpie,true,false,false,false,false,en,pending
fortune_top100_ranked::1582809063376621568,fortune_top100_ranked,fortune_x_2025_ranked,94,TIAA,@tiaa,@tiaa,https://x.com/tiaa,1582809063376621568,https://x.com/tiaa/status/1582809063376621568,Wed Oct 19 19:01:02 +0000 2022,Author Cameron Huddleston recently joined TIAA to share insights for caregivers on how to have essential conversations with aging parents about their financial health. #NDEAM @CHLebedinsky https://t.co/9mcHtjDe4x,1,1,3,2,false,false,,primary,1,capped browser-based collection of observable public posts,0,data/raw/fortune_x_2025_ranked/094_tiaa/accounts/01_primary_tiaa,true,false,false,false,false,en,pending
fortune_top100_ranked::2047309964369137694,fortune_top100_ranked,fortune_x_2025_ranked,66,IBM,@ibm,@ibm,https://x.com/ibm,2047309964369137694,https://x.com/ibm/status/2047309964369137694,Thu Apr 23 13:41:47 +0000 2026,RT @IBMNews: Chairman and Chief Executive Officer Arvind Krishna on $IBM's 1Q 2026 earnings results. Read more: https://t.co/9H5h2anKiP htt…,0,5,0,0,false,false,,primary,1,capped browser-based collection of observable public posts,0,data/raw/fortune_x_2025_ranked/066_ibm/accounts/01_primary_ibm,true,false,true,false,false,mixed,pending
benchmark_aggressive_wendys::1395802538310606852,benchmark_aggressive_wendys,wendys_existing_collection,benchmark,Wendy's,@Wendys,@Wendys,https://x.com/Wendys/status/1395802538310606852,1395802538310606852,https://x.com/Wendys/status/1395802538310606852,Fri May 21 18:03:52 +0000 2021,Wendy’s Frosty-ccino is cold brew with Frosty creamer. Overwatch is a video game celebrating its 5th anniversary. Twitch is where they meet. https://t.co/P0GZ7DIn5g,72,30,571,2,false,unknown,,primary,1,legacy_json_import,0,data/wendys,true,false,false,false,false,en,pending
benchmark_self_defeating_moonpie::984569155797028865,benchmark_self_defeating_moonpie,moonpie_existing_collection,benchmark,MoonPie,@MoonPie,@MoonPie,https://x.com/MoonPie/status/984569155797028865,984569155797028865,https://x.com/MoonPie/status/984569155797028865,Thu Apr 12 23:09:13 +0000 2018,"One time I was blowing kisses to some birds outside my office window and my boss told me to stop but THEN one day I caught him blowing kisses to some birds outside HIS office window

We still haven’t talked about it please don’t tell anyone https://t.co/8KNaZc6s9V",38,444,4834,0,false,unknown,,primary,1,legacy_json_import,0,data/moonpie,true,false,false,false,false,en,pending
benchmark_self_defeating_moonpie::1518689635551035393,benchmark_self_defeating_moonpie,moonpie_existing_collection,benchmark,MoonPie,@MoonPie,@MoonPie,https://x.com/MoonPie/status/1518689635551035393,1518689635551035393,https://x.com/MoonPie/status/1518689635551035393,Mon Apr 25 20:33:19 +0000 2022,Hey now,21,74,1550,8,false,unknown,,primary,1,legacy_json_import,0,data/moonpie,true,false,false,false,false,en,pending
fortune_top100_ranked::1575214189282557959,fortune_top100_ranked,fortune_x_2025_ranked,40,Valero Energy,@valeroenergy,@valeroenergy,https://x.com/valeroenergy,1575214189282557959,https://x.com/valeroenergy/status/1575214189282557959,Wed Sep 28 20:01:43 +0000 2022,"Reasons to smile right now include a $50,000 gift from @ValeroEnergy! We’ll be using these funds to help build brighter futures RIGHT NOW. Haven is currently serving more than 300 children and 144 families. Homelessness is a complex issue and each client’s story is unique. https://t.co/6IUwA2KRL8",1,3,6,0,false,false,,primary,1,capped browser-based collection of observable public posts,0,data/raw/fortune_x_2025_ranked/040_valero_energy/accounts/01_primary_valeroenergy,true,false,false,false,false,mixed,pending
fortune_top100_ranked::1450203625402376194,fortune_top100_ranked,fortune_x_2025_ranked,74,TD Synnex,@tdsynnex,@tdsynnex,https://x.com/tdsynnex,1450203625402376194,https://x.com/tdsynnex/status/1450203625402376194,Mon Oct 18 20:54:22 +0000 2021,Wish we could just distribute the sheer joy of #bonesday globally.,0,0,2,0,false,false,,primary,1,capped browser-based collection of observable public posts,0,data/raw/fortune_x_2025_ranked/074_td_synnex/accounts/01_primary_tdsynnex,true,false,false,false,false,en,pending
benchmark_self_defeating_moonpie::1000152510177468417,benchmark_self_defeating_moonpie,moonpie_existing_collection,benchmark,MoonPie,@MoonPie,@MoonPie,https://x.com/MoonPie/status/1000152510177468417,1000152510177468417,https://x.com/MoonPie/status/1000152510177468417,Fri May 25 23:11:55 +0000 2018,We have updated our MoonPie policy https://t.co/rloc2WdCcG,218,2443,14168,242,false,unknown,,primary,1,legacy_json_import,0,data/moonpie,true,false,false,false,false,en,pending
benchmark_aggressive_wendys::1806158973009097170,benchmark_aggressive_wendys,wendys_existing_collection,benchmark,Wendy's,@Wendys,@Wendys,https://x.com/Wendys/status/1806158973009097170,1806158973009097170,https://x.com/Wendys/status/1806158973009097170,Thu Jun 27 02:53:50 +0000 2024,"Congrats to @DaRonagon on achieving your life long dream. And also being drafted to the NBA.

A year’s worth of saucy nuggs comin’ atcha https://t.co/wXE3qADVg0",62,226,1933,49,true,unknown,,primary,1,legacy_json_import,0,data/wendys,true,false,false,false,false,en,pending
fortune_top100_ranked::2053414743902163095,fortune_top100_ranked,fortune_x_2025_ranked,67,Eli Lilly,@EliLillyandCo,@EliLillyandCo,https://x.com/EliLillyandCo,2053414743902163095,https://x.com/EliLillyandCo/status/2053414743902163095,Sun May 10 10:00:00 +0000 2026,"150 years of one unwavering purpose: improve health for people around the world. Hundreds of thousands of employees, unified across time, in one shared mission. Longevity like this doesn't happen by accident. It comes from never losing sight of what matters. That's what brought us here. And it's what will fuel the next 150. #WeAreLilly #Lilly150",5,4,29,2,true,false,,primary,1,capped browser-based collection of observable public posts,0,data/raw/fortune_x_2025_ranked/067_eli_lilly/accounts/01_primary_elilillyandco,true,false,false,false,false,en,pending
fortune_top100_ranked::1686053726681759749,fortune_top100_ranked,fortune_x_2025_ranked,35,AT&T,@ATT,@ATT,https://x.com/ATT,1686053726681759749,https://x.com/ATT/status/1686053726681759749,Mon Jul 31 16:38:28 +0000 2023,"Get $1,000 off a Samsung Galaxy Z Fold5 with Galaxy trade in; any year, any condition. Plus, for a limited time, get twice the storage when you preorder: https://t.co/BZUCx7SFYQ",5,0,17,0,true,false,,primary,1,capped browser-based collection of observable public posts,0,data/raw/fortune_x_2025_ranked/035_at_t/accounts/01_primary_att,true,false,false,false,false,en,pending
benchmark_aggressive_wendys::1602425619618332673,benchmark_aggressive_wendys,wendys_existing_collection,benchmark,Wendy's,@Wendys,@Wendys,https://x.com/Wendys/status/1602425619618332673,1602425619618332673,https://x.com/Wendys/status/1602425619618332673,Mon Dec 12 22:10:14 +0000 2022,Love it when a USC Trojan gets what’s rightfully theirs. cc:@ReggieBush https://t.co/rrT0EuFiyt,71,64,826,12,false,unknown,,primary,1,legacy_json_import,0,data/wendys,true,false,false,false,false,en,pending
fortune_top100_ranked::2031751255060885911,fortune_top100_ranked,fortune_x_2025_ranked,43,Tesla,@tesla,@tesla,https://x.com/tesla,2031751255060885911,https://x.com/tesla/status/2031751255060885911,Wed Mar 11 15:17:01 +0000 2026,"Macrohard or Digital Optimus is a joint xAI-Tesla project, coming as part of Tesla’s investment agreement with xAI. 

Grok is the master conductor/navigator with deep understanding of the world to direct digital Optimus, which is processing and actioning the past 5 secs of real-time computer screen video and keyboard/mouse actions. Grok is like a much more advanced and sophisticated version of turn-by-turn navigation software. 

You can think of it as Digital Optimus AI being System 1 (instinctive part of the mind) and Grok being System 2. (thinking part of the mind). 

This will run very competitively on the super low cost Tesla AI4 ($650) paired with relatively frugal use of the much more expensive xAI Nvidia hardware. And it will be the only real-time smart AI system. This is a big deal. 

In principle, it is capable of emulating the function of entire companies. That is why the program is called MACROHARD, a funny reference to Microsoft. 

No other company can yet do this.",8161,10736,77758,1585,true,false,,primary,1,capped browser-based collection of observable public posts,0,data/raw/fortune_x_2025_ranked/043_tesla/accounts/01_primary_tesla,true,false,false,false,false,mixed,pending
benchmark_aggressive_wendys::1359931378826027009,benchmark_aggressive_wendys,wendys_existing_collection,benchmark,Wendy's,@Wendys,@Wendys,https://x.com/Wendys/status/1359931378826027009,1359931378826027009,https://x.com/Wendys/status/1359931378826027009,Thu Feb 11 18:24:41 +0000 2021,"@Wendys One roast, please",43,15,625,4,false,unknown,,primary,1,legacy_json_import,0,data/wendys,true,false,false,true,false,en,pending
fortune_top100_ranked::1960186305247052082,fortune_top100_ranked,fortune_x_2025_ranked,22,Ford Motor,@Ford,@Ford,https://x.com/Ford,1960186305247052082,https://x.com/Ford/status/1960186305247052082,Tue Aug 26 03:43:28 +0000 2025,Couldn't have asked for a better Day 1 for this trip. Already learning a lot about what we should do next for #FordBronco… https://t.co/jwYfm66X0u,76,32,324,5,true,false,,primary,1,capped browser-based collection of observable public posts,0,data/raw/fortune_x_2025_ranked/022_ford_motor/accounts/01_primary_ford,true,false,false,false,false,mixed,pending
fortune_top100_ranked::1971663791193489597,fortune_top100_ranked,fortune_x_2025_ranked,39,Morgan Stanley,@morganstanley,@morganstanley,https://x.com/morganstanley,1971663791193489597,https://x.com/morganstanley/status/1971663791193489597,Fri Sep 26 19:50:54 +0000 2025,"The Fed’s rate cut has spurred hopes that mortgage rates will come down and the U.S. housing market will reignite. But lowering the cost of home borrowing involves complex market factors.
https://t.co/MjoFrxmA9T https://t.co/wWyzSPZL6N",3,2,17,0,true,false,,primary,1,capped browser-based collection of observable public posts,0,data/raw/fortune_x_2025_ranked/039_morgan_stanley/accounts/01_primary_morganstanley,true,false,false,false,false,mixed,pending
fortune_top100_ranked::2036449755459387451,fortune_top100_ranked,fortune_x_2025_ranked,66,IBM,@ibm,@ibm,https://x.com/ibm,2036449755459387451,https://x.com/ibm/status/2036449755459387451,Tue Mar 24 14:27:11 +0000 2026,"We're thrilled to be recognized by @FastCompany as a Top 10 Most Innovative Company in the Enterprise category. 🥳

Our focus is helping enterprises turn their AI goals into outcomes using technology built with the openness, trust, security, control and governance needed to remain competitive and resilient today.

Check out the full list here → https://t.co/V7fHMfJ8Wo",4,22,55,0,true,false,,primary,1,capped browser-based collection of observable public posts,0,data/raw/fortune_x_2025_ranked/066_ibm/accounts/01_primary_ibm,true,false,false,false,false,mixed,pending
fortune_top100_ranked::1588274820915027969,fortune_top100_ranked,fortune_x_2025_ranked,63,Capital One Financial,@CapitalOne,@CapitalOne,https://x.com/CapitalOne,1588274820915027969,https://x.com/CapitalOne/status/1588274820915027969,Thu Nov 03 21:00:00 +0000 2022,All tied up going into Game 5 of the #WorldSeries. Who do you think will secure tonight’s win? ⬇️,9,1,15,0,false,false,,primary,1,capped browser-based collection of observable public posts,0,data/raw/fortune_x_2025_ranked/063_capital_one_financial/accounts/01_primary_capitalone,true,false,false,false,false,mixed,pending
fortune_top100_ranked::1554908177363353606,fortune_top100_ranked,fortune_x_2025_ranked,87,Tyson Foods,@tysonfoods,@tysonfoods,https://x.com/tysonfoods,1554908177363353606,https://x.com/tysonfoods/status/1554908177363353606,Wed Aug 03 19:12:52 +0000 2022,"RT @ChairmanKern: 1/2: It was a great morning in St. Clair County, IL as @TysonFoods broke ground on the $180 million expansion of their Ca…",0,3,0,0,false,false,,primary,1,capped browser-based collection of observable public posts,0,data/raw/fortune_x_2025_ranked/087_tyson_foods/accounts/01_primary_tysonfoods,true,false,true,false,false,mixed,pending
benchmark_aggressive_wendys::1811795717297508777,benchmark_aggressive_wendys,wendys_existing_collection,benchmark,Wendy's,@Wendys,@Wendys,https://x.com/Wendys/status/1811795717297508777,1811795717297508777,https://x.com/Wendys/status/1811795717297508777,Fri Jul 12 16:12:15 +0000 2024,"That’s cute. 

We’ve got free fries every Friday in the app. All year long.",530,581,7716,152,true,unknown,,primary,1,legacy_json_import,0,data/wendys,true,false,false,false,false,en,pending
fortune_top100_ranked::1569309863271874565,fortune_top100_ranked,fortune_x_2025_ranked,3,UnitedHealth Group,@UnitedHealthGrp,@UnitedHealthGrp,https://x.com/UnitedHealthGrp,1569309863271874565,https://x.com/UnitedHealthGrp/status/1569309863271874565,Mon Sep 12 13:00:02 +0000 2022,"Expanded access, improved affordability and a seamless experience — all things that make up a modern, high-performing health system that UnitedHealth Group is committed to building. See how we are helping to do just that: https://t.co/rWNGKQt8HO https://t.co/QrD73Tvunm",3,2,2,0,false,false,,primary,1,capped browser-based collection of observable public posts,0,data/raw/fortune_x_2025_ranked/003_unitedhealth_group/accounts/01_primary_unitedhealthgrp,true,false,false,false,false,mixed,pending
benchmark_aggressive_wendys::1555191997006286852,benchmark_aggressive_wendys,wendys_existing_collection,benchmark,Wendy's,@Wendys,@Wendys,https://x.com/Wendys/status/1555191997006286852,1555191997006286852,https://x.com/Wendys/status/1555191997006286852,Thu Aug 04 14:00:40 +0000 2022,@FaceleeFreebie I do… not plan on wearing chains #ChooseHotAndCrispy https://t.co/X0Byoml3pt,11,12,282,2,false,unknown,,primary,1,legacy_json_import,0,data/wendys,true,false,false,true,false,en,pending
benchmark_self_defeating_moonpie::879349786343858176,benchmark_self_defeating_moonpie,moonpie_existing_collection,benchmark,MoonPie,@MoonPie,@MoonPie,https://x.com/MoonPie/status/879349786343858176,879349786343858176,https://x.com/MoonPie/status/879349786343858176,Mon Jun 26 14:45:01 +0000 2017,Why isn't MoonPie on this list https://t.co/W0zMWmmNcw,1,1,15,0,false,unknown,,primary,1,legacy_json_import,0,data/moonpie,true,false,false,false,false,en,pending
fortune_top100_ranked::1461061652208660493,fortune_top100_ranked,fortune_x_2025_ranked,45,Johnson & Johnson,@JNJNews,@JNJNews,https://x.com/JNJNews,1461061652208660493,https://x.com/JNJNews/status/1461061652208660493,Wed Nov 17 20:00:17 +0000 2021,"With cutting-edge therapies and personalized approaches, #JNJ is helping improve outcomes for cancer patients. Peter Lebowitz, M.D., Ph.D., Global Therapeutic Area Head, Oncology, @JanssenGlobal, shares how these efforts ladder up to our ultimate goal to eliminate cancer. #JNJPBR https://t.co/UyT3n2w9UC",0,2,10,0,false,false,,primary,1,capped browser-based collection of observable public posts,0,data/raw/fortune_x_2025_ranked/045_johnson_johnson/accounts/01_primary_jnjnews,true,false,false,false,false,en,pending
fortune_top100_ranked::1558139411019202563,fortune_top100_ranked,fortune_x_2025_ranked,78,Prudential Financial,@Prudential,@Prudential,https://x.com/Prudential,1558139411019202563,https://x.com/Prudential/status/1558139411019202563,Fri Aug 12 17:12:39 +0000 2022,"Did you know cognitive biases can shape your financial decisions? It’s why this #NationalFinancialAwarenessDay, we’ve examined seven ways they can affect you and how to overcome them.",3,1,3,0,false,false,,primary,1,capped browser-based collection of observable public posts,0,data/raw/fortune_x_2025_ranked/078_prudential_financial/accounts/01_primary_prudential,true,false,false,false,false,mixed,pending
benchmark_aggressive_wendys::1206433794796015617,benchmark_aggressive_wendys,wendys_existing_collection,benchmark,Wendy's,@Wendys,@Wendys,https://x.com/Wendys/status/1206433794796015617,1206433794796015617,https://x.com/Wendys/status/1206433794796015617,Mon Dec 16 04:40:05 +0000 2019,Boom! 5 in a row. Haven't even hit a commercial break yet. Nailed it.,69,28,1868,2,false,unknown,,primary,1,legacy_json_import,0,data/wendys,true,false,false,false,false,en,pending
fortune_top100_ranked::2052129776962322750,fortune_top100_ranked,fortune_x_2025_ranked,41,Dell Technologies,@Dell,@Dell,https://x.com/Dell,2052129776962322750,https://x.com/Dell/status/2052129776962322750,Wed May 06 20:54:00 +0000 2026,"For Retail SMBs, AI becomes powerful when it helps lean teams act faster, from stocking decisions to customer support in the moment. A great conversation on applying AI where it will move the needle the most: improving inventory visibility, building in security from the start and using AI to support lean teams without adding complexity. 👇",4,6,19,0,true,false,,primary,1,capped browser-based collection of observable public posts,0,data/raw/fortune_x_2025_ranked/041_dell_technologies/accounts/01_primary_dell,true,false,false,false,false,mixed,pending
fortune_top100_ranked::1542523420130172933,fortune_top100_ranked,fortune_x_2025_ranked,42,Target,@target,@target,https://x.com/target,1542523420130172933,https://x.com/target/status/1542523420130172933,Thu Jun 30 15:00:16 +0000 2022,"The perfect summer table setting. Get some inspo from host Demetrius Robinson LIVE on https://t.co/5EJJz0YRBF today Thursday June 30th, 6PM est/5PM ct. Tune in: https://t.co/7Idxp1Uu2u https://t.co/07FDGMGoa7",11,8,30,2,false,false,,primary,1,capped browser-based collection of observable public posts,0,data/raw/fortune_x_2025_ranked/042_target/accounts/01_primary_target,true,false,false,false,false,en,pending
benchmark_aggressive_wendys::1382339375309189120,benchmark_aggressive_wendys,wendys_existing_collection,benchmark,Wendy's,@Wendys,@Wendys,https://x.com/Wendys/status/1382339375309189120,1382339375309189120,https://x.com/Wendys/status/1382339375309189120,Wed Apr 14 14:26:04 +0000 2021,"everybody says yellow Wendy's
but nobody says hello Wendy's",851,739,16922,106,false,unknown,,primary,1,legacy_json_import,0,data/wendys,true,false,false,false,false,en,pending
fortune_top100_ranked::1916054741051678757,fortune_top100_ranked,fortune_x_2025_ranked,70,Broadcom,@broadcom,@broadcom,https://x.com/broadcom,1916054741051678757,https://x.com/broadcom/status/1916054741051678757,Sat Apr 26 09:00:23 +0000 2025,"OCP EMEA Summit is just a few days away, and Broadcom has great things planned for attendees, including Ram Velaga's keynote session on balancing compute, memory, and networking for AI. 
If you'll be there, be sure to check out the rest of our schedule. 👇
https://t.co/CMlMrneeEV https://t.co/01SpI9yTqA",3,4,16,0,true,false,,primary,1,capped browser-based collection of observable public posts,0,data/raw/fortune_x_2025_ranked/070_broadcom/accounts/01_primary_broadcom,true,false,false,false,false,mixed,pending
fortune_top100_ranked::1770118082519765492,fortune_top100_ranked,fortune_x_2025_ranked,84,HP,@hp,@hp,https://x.com/hp,1770118082519765492,https://x.com/hp/status/1770118082519765492,Tue Mar 19 16:00:12 +0000 2024,"RT @realmadrid: 🇺🇸 Nuestro SUMMER TOUR 2024 en Estados Unidos, presentado por @HP 
1️⃣ 31/07 vs @ACMilan (Chicago)
2️⃣ 03/08 vs @FCBarcelon…",0,253,0,0,true,false,,primary,1,capped browser-based collection of observable public posts,0,data/raw/fortune_x_2025_ranked/084_hp/accounts/01_primary_hp,true,false,true,false,false,mixed,pending
fortune_top100_ranked::1990814972134273162,fortune_top100_ranked,fortune_x_2025_ranked,11,Microsoft,@microsoft,@microsoft,https://x.com/microsoft,1990814972134273162,https://x.com/microsoft/status/1990814972134273162,Tue Nov 18 16:10:51 +0000 2025,"AI is redefining how organizations work and innovate. The most important news from #MSIgnite: responsible integration, real-time decision making, and a future shaped by intelligent technology. Here's the latest: https://t.co/K9JbLSkefx https://t.co/pTUf77Jsl9",38,19,127,3,true,false,,primary,1,capped browser-based collection of observable public posts,0,data/raw/fortune_x_2025_ranked/011_microsoft/accounts/01_primary_microsoft,true,false,false,false,false,en,pending
benchmark_aggressive_wendys::1481299190139473924,benchmark_aggressive_wendys,wendys_existing_collection,benchmark,Wendy's,@Wendys,@Wendys,https://x.com/Wendys/status/1481299190139473924,1481299190139473924,https://x.com/Wendys/status/1481299190139473924,Wed Jan 12 16:17:02 +0000 2022,@Wendys Roast me https://t.co/wjiBaHP4Sb,3,3,59,5,false,unknown,,primary,1,legacy_json_import,0,data/wendys,true,false,false,true,false,en,pending
fortune_top100_ranked::1745925574416089275,fortune_top100_ranked,fortune_x_2025_ranked,60,HCA Healthcare,@hcahealthcare,@hcahealthcare,https://x.com/hcahealthcare,1745925574416089275,https://x.com/hcahealthcare/status/1745925574416089275,Fri Jan 12 21:47:49 +0000 2024,"❄ Cold temperatures are expected in the coming days in many HCA Healthcare communities across the country. During this severe #WinterWeather threat, ensure you keep yourself and others safe from harm by learning the symptoms and treatment of #frostbite: https://t.co/oIwBNRobhB.",0,0,2,0,true,false,,primary,1,capped browser-based collection of observable public posts,0,data/raw/fortune_x_2025_ranked/060_hca_healthcare/accounts/01_primary_hcahealthcare,true,false,false,false,false,mixed,pending
fortune_top100_ranked::1634289433737416710,fortune_top100_ranked,fortune_x_2025_ranked,15,Cardinal Health,@cardinalhealth,@cardinalhealth,https://x.com/cardinalhealth,1634289433737416710,https://x.com/cardinalhealth/status/1634289433737416710,Fri Mar 10 20:25:39 +0000 2023,"Our U.S. Medical Products &amp; Distribution team implemented 70+ autonomous mobile robots (AMRs) in our Houston, Texas, distribution center. This automation helps improve safety, service levels and efficiency. #LocusRobotics #distribution #automation https://t.co/azxtSbxand",4,3,12,0,true,false,,primary,1,capped browser-based collection of observable public posts,0,data/raw/fortune_x_2025_ranked/015_cardinal_health/accounts/01_primary_cardinalhealth,true,false,false,false,false,en,pending
benchmark_aggressive_wendys::1293925856734261250,benchmark_aggressive_wendys,wendys_existing_collection,benchmark,Wendy's,@Wendys,@Wendys,https://x.com/Wendys/status/1293925856734261250,1293925856734261250,https://x.com/Wendys/status/1293925856734261250,Thu Aug 13 15:02:18 +0000 2020,"We had a presentation about the power of the internet. 
My professor said we can’t get 44,444 ppl to use the code SPICY444 on @Postmates to get a free 444 delivered to their door. Do you think they’re right?",200,109,2461,16,false,unknown,,primary,1,legacy_json_import,0,data/wendys,true,false,false,false,false,en,pending
fortune_top100_ranked::2021620066903560576,fortune_top100_ranked,fortune_x_2025_ranked,61,Lockheed Martin,@lockheedmartin,@lockheedmartin,https://x.com/lockheedmartin,2021620066903560576,https://x.com/lockheedmartin/status/2021620066903560576,Wed Feb 11 16:19:18 +0000 2026,"Japan continues expanding its F-35B presence. 🇯🇵✈️

Japan celebrated the deployment of F-35Bs to Nyutabaru Air Base this weekend, formally marking the start of F-35B basing at the key landmark for Japan’s Air Self-Defense Force. https://t.co/hgQhNhKeTa",16,200,1586,2,true,false,,primary,1,capped browser-based collection of observable public posts,0,data/raw/fortune_x_2025_ranked/061_lockheed_martin/accounts/01_primary_lockheedmartin,true,false,false,false,false,mixed,pending
fortune_top100_ranked::2034649615426093108,fortune_top100_ranked,fortune_x_2025_ranked,1,Amazon,@amazon,@amazon,https://x.com/amazon,2034649615426093108,https://x.com/amazon/status/2034649615426093108,Thu Mar 19 15:14:04 +0000 2026,"UK customers, we hear you 🇬🇧. Alexa+ Early Access rolls out starting today. Built by our teams in Cambridge to feel authentically British and get things done. Pumped for you to try it. https://t.co/GUb4qlZnj3 https://t.co/SxozoTr8wu",13,21,44,1,true,false,,primary,1,capped browser-based collection of observable public posts,0,data/raw/fortune_x_2025_ranked/001_amazon/accounts/01_primary_amazon,true,false,false,false,false,mixed,pending
benchmark_self_defeating_moonpie::1077337357110652928,benchmark_self_defeating_moonpie,moonpie_existing_collection,benchmark,MoonPie,@MoonPie,@MoonPie,https://x.com/MoonPie/status/1077337357110652928,1077337357110652928,https://x.com/MoonPie/status/1077337357110652928,Mon Dec 24 22:56:56 +0000 2018,I will not be tweeting tonight out of respect for Santa and his generous work,51,586,7066,8,false,unknown,,primary,1,legacy_json_import,0,data/moonpie,true,false,false,false,false,en,pending
fortune_top100_ranked::1907055349519016395,fortune_top100_ranked,fortune_x_2025_ranked,72,Publix Super Markets,@Publix,@Publix,https://x.com/Publix,1907055349519016395,https://x.com/Publix/status/1907055349519016395,Tue Apr 01 13:00:01 +0000 2025,"Too chicken to try it? April fools! 😊 We know you love our Deli fried chicken just the way it is. So, what’s your favorite real Publix ice cream flavor? Comment below. ⬇️ https://t.co/UU3sJoFooe",32,12,120,7,true,false,,primary,1,capped browser-based collection of observable public posts,0,data/raw/fortune_x_2025_ranked/072_publix_super_markets/accounts/01_primary_publix,true,false,false,false,false,mixed,pending
fortune_top100_ranked::2032476778543907320,fortune_top100_ranked,fortune_x_2025_ranked,73,Pfizer,@pfizer,@pfizer,https://x.com/pfizer,2032476778543907320,https://x.com/pfizer/status/2032476778543907320,Fri Mar 13 15:20:00 +0000 2026,"Caregiving can be meaningful yet tiring, joyful but isolating. It’s why 25% of caregivers have difficulty finding time to care for themselves. We’re encouraging caregivers to show themselves care, too.

https://t.co/ARoOfhoIuF https://t.co/HTXXTKdiVT",20,3,15,0,true,false,,primary,1,capped browser-based collection of observable public posts,0,data/raw/fortune_x_2025_ranked/073_pfizer/accounts/01_primary_pfizer,true,false,false,false,false,mixed,pending
benchmark_self_defeating_moonpie::938797221138587649,benchmark_self_defeating_moonpie,moonpie_existing_collection,benchmark,MoonPie,@MoonPie,@MoonPie,https://x.com/MoonPie/status/938797221138587649,938797221138587649,https://x.com/MoonPie/status/938797221138587649,Thu Dec 07 15:47:54 +0000 2017,Well well well it would appear that our investment in Gen Z marketing is starting to pay off https://t.co/A1JvERbQYg,23,83,1501,0,false,unknown,,primary,1,legacy_json_import,0,data/moonpie,true,false,false,false,false,en,pending
fortune_top100_ranked::1123275749136510976,fortune_top100_ranked,fortune_x_2025_ranked,78,Prudential Financial,@Prudential,@Prudential,https://x.com/Prudential,1123275749136510976,https://x.com/Prudential/status/1123275749136510976,Tue Apr 30 17:19:42 +0000 2019,"RT @pgim: Observe a busy seaport in Thailand and dig through a lithium mine in Chile. If you’re at #MIGlobal this week, stop by the @PGIM b…",0,3,0,0,false,false,,primary,1,capped browser-based collection of observable public posts,0,data/raw/fortune_x_2025_ranked/078_prudential_financial/accounts/01_primary_prudential,true,false,true,false,false,mixed,pending
fortune_top100_ranked::1870126352461865376,fortune_top100_ranked,fortune_x_2025_ranked,75,ConocoPhillips,@conocophillips,@conocophillips,https://x.com/conocophillips,1870126352461865376,https://x.com/conocophillips/status/1870126352461865376,Fri Dec 20 15:17:22 +0000 2024,"Nearly 1,200 students from the Greater Houston area joined the @conocophillips STEM Zone at @UHCougarWBB Education Day this week! We’re proud to partner with ConocoPhillips to bring STEM to UH game days 🧬🔬 Together, we’re inspiring the next generation of STEM leaders. #GoCoogs https://t.co/XsHTHEyuvl",0,5,8,0,true,false,,primary,1,capped browser-based collection of observable public posts,0,data/raw/fortune_x_2025_ranked/075_conocophillips/accounts/01_primary_conocophillips,true,false,false,false,false,mixed,pending
fortune_top100_ranked::1991537018317234579,fortune_top100_ranked,fortune_x_2025_ranked,82,Oracle,@oracle,@oracle,https://x.com/oracle,1991537018317234579,https://x.com/oracle/status/1991537018317234579,Thu Nov 20 16:00:00 +0000 2025,"Are you ready to take your AI agents to the next level? Our AI Agent Studio helps you build, configure, and launch AI agents tailored for your business needs. Learn more: https://t.co/1qi9QkeQOB https://t.co/iX2hhi5gA2",12,16,30,0,true,false,,primary,1,capped browser-based collection of observable public posts,0,data/raw/fortune_x_2025_ranked/082_oracle/accounts/01_primary_oracle,true,false,false,false,false,en,pending
benchmark_self_defeating_moonpie::976204808637042690,benchmark_self_defeating_moonpie,moonpie_existing_collection,benchmark,MoonPie,@MoonPie,@MoonPie,https://x.com/MoonPie/status/976204808637042690,976204808637042690,https://x.com/MoonPie/status/976204808637042690,Tue Mar 20 21:12:18 +0000 2018,Hearing a lot of chatter on the frisbee chat rooms that some players would love to throw one of our MoonPies like a disc which isn’t good !!,98,199,2857,0,false,unknown,,primary,1,legacy_json_import,0,data/moonpie,true,false,false,false,false,en,pending
fortune_top100_ranked::1419663748801912838,fortune_top100_ranked,fortune_x_2025_ranked,47,Boeing,@boeing,@boeing,https://x.com/boeing,1419663748801912838,https://x.com/boeing/status/1419663748801912838,Mon Jul 26 14:19:48 +0000 2021,"The future really is closer than you think. Read all about the next generation of aircraft aimed at decarbonizing aerospace while ensuring human connectivity in our first comprehensive #SustainabilityReport

https://t.co/UlcVl8bDik https://t.co/5X77zxaMSR",11,53,169,6,false,false,,primary,1,capped browser-based collection of observable public posts,0,data/raw/fortune_x_2025_ranked/047_boeing/accounts/01_primary_boeing,true,false,false,false,false,en,pending
fortune_top100_ranked::1211738730723037184,fortune_top100_ranked,fortune_x_2025_ranked,100,Massachusetts Mutual Life,@massmutual,@massmutual,https://x.com/massmutual,1211738730723037184,https://x.com/massmutual/status/1211738730723037184,Mon Dec 30 20:00:01 +0000 2019,MassMutual’s Mike Fanning talks about changes in finance that impacted our bottom lines in the last decade and what may come next. https://t.co/BVUP8limyh,0,1,0,0,false,false,,primary,1,capped browser-based collection of observable public posts,0,data/raw/fortune_x_2025_ranked/100_massachusetts_mutual_life/accounts/01_primary_massmutual,true,false,false,false,false,mixed,pending
benchmark_self_defeating_moonpie::1102625830264438784,benchmark_self_defeating_moonpie,moonpie_existing_collection,benchmark,MoonPie,@MoonPie,@MoonPie,https://x.com/MoonPie/status/1102625830264438784,1102625830264438784,https://x.com/MoonPie/status/1102625830264438784,Mon Mar 04 17:44:18 +0000 2019,First time I’ve seen a @MoonPie in person. What’s the best way to enjoy this? https://t.co/fBOQ2uUvRF,49,3,93,10,false,unknown,,primary,1,legacy_json_import,0,data/moonpie,true,false,false,false,false,en,pending
fortune_top100_ranked::2056767665608220954,fortune_top100_ranked,fortune_x_2025_ranked,88,Intel,@intel,@intel,https://x.com/intel,2056767665608220954,https://x.com/intel/status/2056767665608220954,Tue May 19 16:03:19 +0000 2026,https://t.co/FMGxH2pLdX,0,0,14,0,true,false,,primary,1,capped browser-based collection of observable public posts,0,data/raw/fortune_x_2025_ranked/088_intel/accounts/01_primary_intel,true,false,false,false,false,en,pending
benchmark_aggressive_wendys::1537503288240881665,benchmark_aggressive_wendys,wendys_existing_collection,benchmark,Wendy's,@Wendys,@Wendys,https://x.com/Wendys/status/1537503288240881665,1537503288240881665,https://x.com/Wendys/status/1537503288240881665,Thu Jun 16 18:32:04 +0000 2022,IT’S STRAWBERRY FROSTY TIME. https://t.co/86ir3U0trr,276,130,1822,126,false,unknown,,primary,1,legacy_json_import,0,data/wendys,true,false,false,false,false,en,pending
fortune_top100_ranked::2037576224893968543,fortune_top100_ranked,fortune_x_2025_ranked,73,Pfizer,@pfizer,@pfizer,https://x.com/pfizer,2037576224893968543,https://x.com/pfizer/status/2037576224893968543,Fri Mar 27 17:03:23 +0000 2026,"Pfizer is advancing research into ATTR-CM, a rare and serious heart condition that is underrecognized and underdiagnosed. Learn why early, accurate diagnosis is so important for patients: https://t.co/5M7xydebvC

#ATTRCM #RareDisease #Cardiology https://t.co/MOEq8ochx2",33,10,21,0,true,false,,primary,1,capped browser-based collection of observable public posts,0,data/raw/fortune_x_2025_ranked/073_pfizer/accounts/01_primary_pfizer,true,false,false,false,false,en,pending
benchmark_self_defeating_moonpie::982055291666788352,benchmark_self_defeating_moonpie,moonpie_existing_collection,benchmark,MoonPie,@MoonPie,@MoonPie,https://x.com/MoonPie/status/982055291666788352,982055291666788352,https://x.com/MoonPie/status/982055291666788352,Fri Apr 06 00:40:01 +0000 2018,We used to make MoonPie golf balls but they were too easy to slice lol did that make sense I have literally never played golf,67,598,5429,0,false,unknown,,primary,1,legacy_json_import,0,data/moonpie,true,false,false,false,false,en,pending
fortune_top100_ranked::1947749968044868041,fortune_top100_ranked,fortune_x_2025_ranked,32,State Farm Insurance,@StateFarm,@StateFarm,https://x.com/StateFarm,1947749968044868041,https://x.com/StateFarm/status/1947749968044868041,Tue Jul 22 20:05:54 +0000 2025,That's a wrap! We had ourselves a TIME in Indy for #WNBAAllStar. What was your favorite moment? 🏀 https://t.co/j23ZuZOjb2,30,8,37,2,true,false,,primary,1,capped browser-based collection of observable public posts,0,data/raw/fortune_x_2025_ranked/032_state_farm_insurance/accounts/01_primary_statefarm,true,false,false,false,false,mixed,pending
fortune_top100_ranked::2062159366053081318,fortune_top100_ranked,fortune_x_2025_ranked,83,Cisco Systems,@Cisco,@Cisco,https://x.com/Cisco,2062159366053081318,https://x.com/Cisco/status/2062159366053081318,Wed Jun 03 13:08:00 +0000 2026,"“The speed of #AI-enabled attacks has broken the traditional patch cycle."" Act faster than attackers with Cisco’s Resilient Infrastructure Services. Learn more from EVP and Chief CX Officer Liz Centoni ➡️ https://t.co/o1wqxW3KAq
#cybersecurity #innovation https://t.co/tcXD1o4owa",7,9,15,2,true,false,,primary,1,capped browser-based collection of observable public posts,0,data/raw/fortune_x_2025_ranked/083_cisco_systems/accounts/01_primary_cisco,true,false,false,false,false,mixed,pending
fortune_top100_ranked::1504125345284435976,fortune_top100_ranked,fortune_x_2025_ranked,18,Elevance Health,@elevancehealth,@elevancehealth,https://x.com/elevancehealth,1504125345284435976,https://x.com/elevancehealth/status/1504125345284435976,Wed Mar 16 16:00:02 +0000 2022,"RT @eHealthDC: Powerhouse panel! Let’s dig into the opportunities and roadblocks associated with the reuse of #APIs. 
✔️ Accelerate project…",0,2,0,0,false,false,,primary,1,capped browser-based collection of observable public posts,0,data/raw/fortune_x_2025_ranked/018_elevance_health/accounts/01_primary_elevancehealth,true,false,true,false,false,mixed,pending
benchmark_self_defeating_moonpie::1037115400864063488,benchmark_self_defeating_moonpie,moonpie_existing_collection,benchmark,MoonPie,@MoonPie,@MoonPie,https://x.com/MoonPie/status/1037115400864063488,1037115400864063488,https://x.com/MoonPie/status/1037115400864063488,Tue Sep 04 23:09:14 +0000 2018,When I say this account is family friendly I mean I will be friends with your mom and dad,70,598,6134,11,false,unknown,,primary,1,legacy_json_import,0,data/moonpie,true,false,false,false,false,en,pending
fortune_top100_ranked::1636805949808865282,fortune_top100_ranked,fortune_x_2025_ranked,65,Caterpillar,@CaterpillarInc,@CaterpillarInc,https://x.com/CaterpillarInc,1636805949808865282,https://x.com/CaterpillarInc/status/1636805949808865282,Fri Mar 17 19:05:23 +0000 2023,"RT @iron_pros: There is nothing quite like a BEAUTIFUL MACHINE on a GORGEOUS DAY!

Check out the activity at @CaterpillarInc ‘s booth at #c…",0,10,0,0,false,false,,primary,1,capped browser-based collection of observable public posts,0,data/raw/fortune_x_2025_ranked/065_caterpillar/accounts/01_primary_caterpillarinc,true,false,true,false,false,mixed,pending
fortune_top100_ranked::1518681583003254784,fortune_top100_ranked,fortune_x_2025_ranked,18,Elevance Health,@elevancehealth,@elevancehealth,https://x.com/elevancehealth,1518681583003254784,https://x.com/elevancehealth/status/1518681583003254784,Mon Apr 25 20:01:19 +0000 2022,"Thank you to the Anthem, Inc. employees who packed snack bags today for kids in our Ready for School, Ready to Succeed program. The bags will help fuel the kids during their upcoming field trips to ZooAmerica! @AnthemInc @natgovservices #liveunited https://t.co/vsEDJn4eTS",0,2,7,1,false,false,,primary,1,capped browser-based collection of observable public posts,0,data/raw/fortune_x_2025_ranked/018_elevance_health/accounts/01_primary_elevancehealth,true,false,false,false,false,en,pending
benchmark_aggressive_wendys::1787884953876705769,benchmark_aggressive_wendys,wendys_existing_collection,benchmark,Wendy's,@Wendys,@Wendys,https://x.com/Wendys/status/1787884953876705769,1787884953876705769,https://x.com/Wendys/status/1787884953876705769,Tue May 07 16:39:24 +0000 2024,same energy https://t.co/piNJhbGVin,186,362,5638,43,true,unknown,,primary,1,legacy_json_import,0,data/wendys,true,false,false,false,false,en,pending
fortune_top100_ranked::1545071077348474882,fortune_top100_ranked,fortune_x_2025_ranked,56,American Express,@americanexpress,@americanexpress,https://x.com/americanexpress,1545071077348474882,https://x.com/americanexpress/status/1545071077348474882,Thu Jul 07 15:43:45 +0000 2022,"We are celebrating the winning teams behind 10 innovative programs, products and partnerships with the announcement of the 2022 Edward P. Gilligan Award for Innovation. Read more: https://t.co/Hri0w9wSex https://t.co/nhBRygzOpf",4,5,13,1,false,false,,primary,1,capped browser-based collection of observable public posts,0,data/raw/fortune_x_2025_ranked/056_american_express/accounts/01_primary_americanexpress,true,false,false,false,false,en,pending
fortune_top100_ranked::1650849220889387010,fortune_top100_ranked,fortune_x_2025_ranked,71,Delta Air Lines,@Delta,@Delta,https://x.com/Delta,1650849220889387010,https://x.com/Delta/status/1650849220889387010,Tue Apr 25 13:08:20 +0000 2023,Maybe something better is just around the jet bridge. https://t.co/82wWnpo3Z2,30,25,110,2,true,false,,primary,1,capped browser-based collection of observable public posts,0,data/raw/fortune_x_2025_ranked/071_delta_air_lines/accounts/01_primary_delta,true,false,false,false,false,en,pending
fortune_top100_ranked::1948427964955459671,fortune_top100_ranked,fortune_x_2025_ranked,35,AT&T,@ATT,@ATT,https://x.com/ATT,1948427964955459671,https://x.com/ATT/status/1948427964955459671,Thu Jul 24 17:00:01 +0000 2025,Official uniform c🅰️ll for #SpaceMob – which color are we liking? 🛰️ https://t.co/WPIXIXAdQA,297,65,547,9,true,false,,primary,1,capped browser-based collection of observable public posts,0,data/raw/fortune_x_2025_ranked/035_at_t/accounts/01_primary_att,true,false,false,false,false,mixed,pending
benchmark_self_defeating_moonpie::902219186243502080,benchmark_self_defeating_moonpie,moonpie_existing_collection,benchmark,MoonPie,@MoonPie,@MoonPie,https://x.com/MoonPie/status/902219186243502080,902219186243502080,https://x.com/MoonPie/status/902219186243502080,Mon Aug 28 17:19:51 +0000 2017,"Boss asked to post a picture of a MoonPie today and ""make it go viral"" so here it is please RT https://t.co/h0Oa5sSYGD",34,548,817,0,false,unknown,,primary,1,legacy_json_import,0,data/moonpie,true,false,false,false,false,en,pending
benchmark_aggressive_wendys::1692415477480411288,benchmark_aggressive_wendys,wendys_existing_collection,benchmark,Wendy's,@Wendys,@Wendys,https://x.com/Wendys/status/1692415477480411288,1692415477480411288,https://x.com/Wendys/status/1692415477480411288,Fri Aug 18 05:57:48 +0000 2023,@Wendys so when are you gonna release a Pumpkin Spice Frosty?!?! 🎃🍦,10,0,15,3,true,unknown,,primary,1,legacy_json_import,0,data/wendys,true,false,false,true,false,en,pending
fortune_top100_ranked::2020665836479115559,fortune_top100_ranked,fortune_x_2025_ranked,2,Walmart,@walmart,@walmart,https://x.com/walmart,2020665836479115559,https://x.com/walmart/status/2020665836479115559,Mon Feb 09 01:07:32 +0000 2026,"🕯️                   
                       🕯️                🕯️

                🕯️     manifesting   🕯️

                      🕯️                   🕯️
                                   🕯️

Use code BAILE for free Express Delivery on https://t.co/vtmlZ1176B

Credit equiv. to delivery fee on eligible orders. Valid 1x/user. Redeem by 2/9/26 10PM EST. Min. $35. Not transferable. Void where prohibited by law. Not appl. to alcohol or Rx. Customer responsible for all appl. taxes. Subj. to change or expire w/out notice. Restrictions apply.",3,1,17,0,true,false,,primary,1,capped browser-based collection of observable public posts,0,data/raw/fortune_x_2025_ranked/002_walmart/accounts/01_primary_walmart,true,false,false,false,false,mixed,pending
fortune_top100_ranked::1679632826457800706,fortune_top100_ranked,fortune_x_2025_ranked,89,Enterprise Products Partners,@EProd_Careers,@EProd_Careers,https://x.com/EProd_Careers,1679632826457800706,https://x.com/EProd_Careers/status/1679632826457800706,Thu Jul 13 23:24:06 +0000 2023,Make the most of your talents in a fast-paced environment driven by people who strive for achievement. Join us at Enterprise Products. Apply now! https://t.co/2TDRwmj9FL #AnalystJobs,0,0,0,0,true,false,,primary,1,capped browser-based collection of observable public posts,0,data/raw/fortune_x_2025_ranked/089_enterprise_products_partners/accounts/01_primary_eprod_careers,true,false,false,false,false,en,pending
benchmark_self_defeating_moonpie::1653529578474807298,benchmark_self_defeating_moonpie,moonpie_existing_collection,benchmark,MoonPie,@MoonPie,@MoonPie,https://x.com/MoonPie/status/1653529578474807298,1653529578474807298,https://x.com/MoonPie/status/1653529578474807298,Tue May 02 22:39:07 +0000 2023,MoonPie?! More like MoonWhy didn't I go to law school haha,24,61,661,9,true,unknown,,primary,1,legacy_json_import,0,data/moonpie,true,false,false,false,false,en,pending
benchmark_aggressive_wendys::2035444365800214846,benchmark_aggressive_wendys,wendys_existing_collection,benchmark,Wendy's,@Wendys,@Wendys,https://x.com/Wendys/status/2035444365800214846,2035444365800214846,https://x.com/Wendys/status/2035444365800214846,Sat Mar 21 19:52:08 +0000 2026,"On and off the court, Coen Carr can’t stop (won’t stop) dunking. https://t.co/pvLNEM1zSj",27,82,1117,9,true,unknown,,primary,1,legacy_json_import,0,data/wendys,true,false,false,false,false,en,pending
fortune_top100_ranked::1625925621262974985,fortune_top100_ranked,fortune_x_2025_ranked,98,Coca-Cola,@cocacola,@cocacola,https://x.com/cocacola,1625925621262974985,https://x.com/cocacola/status/1625925621262974985,Wed Feb 15 18:30:51 +0000 2023,It’s game night – who’s showing up 🏀 👀 👇,69,31,167,6,true,false,,primary,1,capped browser-based collection of observable public posts,0,data/raw/fortune_x_2025_ranked/098_coca_cola/accounts/01_primary_cocacola,true,false,false,false,false,mixed,pending
fortune_top100_ranked::1708903120732819884,fortune_top100_ranked,fortune_x_2025_ranked,63,Capital One Financial,@CapitalOne,@CapitalOne,https://x.com/CapitalOne,1708903120732819884,https://x.com/CapitalOne/status/1708903120732819884,Mon Oct 02 17:53:48 +0000 2023,We are working to further digital inclusion by partnering with and investing in organizations and programs that help close the digital divide in communities across the U.S. Learn more. #DIW2023,6,3,6,0,true,false,,primary,1,capped browser-based collection of observable public posts,0,data/raw/fortune_x_2025_ranked/063_capital_one_financial/accounts/01_primary_capitalone,true,false,false,false,false,en,pending
fortune_top100_ranked::2047376561205325845,fortune_top100_ranked,fortune_x_2025_ranked,16,Nvidia,@nvidia,@nvidia,https://x.com/nvidia,2047376561205325845,https://x.com/nvidia/status/2047376561205325845,Thu Apr 23 18:06:25 +0000 2026,"Introducing GPT-5.5

A new class of intelligence for real work and powering agents, built to understand complex goals, use tools, check its work, and carry more tasks through to completion. It marks a new way of getting computer work done.

Now available in ChatGPT and Codex. https://t.co/rPLTk99ZH5",2485,6887,51543,3394,true,false,,primary,1,capped browser-based collection of observable public posts,0,data/raw/fortune_x_2025_ranked/016_nvidia/accounts/01_primary_nvidia,true,false,false,false,false,en,pending
fortune_top100_ranked::1978146592906416203,fortune_top100_ranked,fortune_x_2025_ranked,70,Broadcom,@broadcom,@broadcom,https://x.com/broadcom,1978146592906416203,https://x.com/broadcom/status/1978146592906416203,Tue Oct 14 17:11:14 +0000 2025,"Our brand new Thor Ultra is yet another AI Networking breakthrough: Industry's first 800G Ethernet NIC. Thor Ultra is engineered to deliver Advanced RDMA for large-scale AI Data Centers with over 100,000 XPUs.

Learn more: https://t.co/eAurf1QMtB https://t.co/mpDamMRDKU",3,5,24,1,true,false,,primary,1,capped browser-based collection of observable public posts,0,data/raw/fortune_x_2025_ranked/070_broadcom/accounts/01_primary_broadcom,true,false,false,false,false,en,pending
fortune_top100_ranked::1507768154574970881,fortune_top100_ranked,fortune_x_2025_ranked,52,Lowe's,@lowes,@lowes,https://x.com/lowes,1507768154574970881,https://x.com/lowes/status/1507768154574970881,Sat Mar 26 17:15:15 +0000 2022,"Third time’s the charm, right? Partnered with @hgtv see the impact on deserving lives in an all-new episode of Build It Forward tonight at 6|5c or stream on Discovery+. https://t.co/gH8KGFyuSP",14,2,20,0,false,false,,primary,1,capped browser-based collection of observable public posts,0,data/raw/fortune_x_2025_ranked/052_lowe_s/accounts/01_primary_lowes,true,false,false,false,false,mixed,pending
fortune_top100_ranked::1443300430222667781,fortune_top100_ranked,fortune_x_2025_ranked,23,General Motors,@GM,@GM,https://x.com/GM,1443300430222667781,https://x.com/GM/status/1443300430222667781,Wed Sep 29 19:43:32 +0000 2021,"Ultifi, our latest software platform, will help enable seamless, over-the-air delivery of software-defined features, apps &amp; services, while also empowering customers to fully integrate their vehicles into the rest of their digital ecosystem. Learn more: https://t.co/hum1KMwW4B https://t.co/225zKaq7AO",10,16,69,1,false,false,,primary,1,capped browser-based collection of observable public posts,0,data/raw/fortune_x_2025_ranked/023_general_motors/accounts/01_primary_gm,true,false,false,false,false,en,pending
fortune_top100_ranked::1454107723650543627,fortune_top100_ranked,fortune_x_2025_ranked,9,Exxon Mobil,@exxonmobil,@exxonmobil,https://x.com/exxonmobil,1454107723650543627,https://x.com/exxonmobil/status/1454107723650543627,Fri Oct 29 15:27:51 +0000 2021,"RT @CNBC: ""The steps that we took in 2018, 2019 and through the pandemic — cutting our costs, becoming more capital efficient, reorganizing…",0,10,0,0,false,false,,primary,1,capped browser-based collection of observable public posts,0,data/raw/fortune_x_2025_ranked/009_exxon_mobil/accounts/01_primary_exxonmobil,true,false,true,false,false,mixed,pending
fortune_top100_ranked::1058373342921666560,fortune_top100_ranked,fortune_x_2025_ranked,76,Galaxy Digital,@galaxydigital,@galaxydigital,https://x.com/galaxydigital,1058373342921666560,https://x.com/galaxydigital/status/1058373342921666560,Fri Nov 02 15:00:43 +0000 2018,The latest The #Nonprofit Report! https://t.co/DQhnVYV1yM Thanks to @GalaxyDigital @MasseyConsultin @TopNonprofits #nonprofit #job,0,1,3,0,false,false,,primary,1,capped browser-based collection of observable public posts,0,data/raw/fortune_x_2025_ranked/076_galaxy_digital/accounts/01_primary_galaxydigital,true,false,false,false,false,en,pending
fortune_top100_ranked::1534545836666982401,fortune_top100_ranked,fortune_x_2025_ranked,23,General Motors,@GM,@GM,https://x.com/GM,1534545836666982401,https://x.com/GM/status/1534545836666982401,Wed Jun 08 14:40:12 +0000 2022,"Did you get it right?

Learn more about the 2024 @Chevrolet Silverado EV at https://t.co/kvaWi9jp2W https://t.co/2cRvbwRz10",3,4,34,1,false,false,,primary,1,capped browser-based collection of observable public posts,0,data/raw/fortune_x_2025_ranked/023_general_motors/accounts/01_primary_gm,true,false,false,false,false,en,pending
fortune_top100_ranked::1971199251372806379,fortune_top100_ranked,fortune_x_2025_ranked,71,Delta Air Lines,@Delta,@Delta,https://x.com/Delta,1971199251372806379,https://x.com/Delta/status/1971199251372806379,Thu Sep 25 13:04:59 +0000 2025,"Some of your fave @youtube creators are on their way to a seatback screen near you, and they're coming with an exclusive offer for SkyMiles Members who log in to fast, free Delta Sync Wi-Fi on their next flight. https://t.co/tl8jZqzK2w",198,35,125,13,true,false,,primary,1,capped browser-based collection of observable public posts,0,data/raw/fortune_x_2025_ranked/071_delta_air_lines/accounts/01_primary_delta,true,false,false,false,false,en,pending
fortune_top100_ranked::1390362744449380352,fortune_top100_ranked,fortune_x_2025_ranked,68,Merck,@merck,@merck,https://x.com/merck,1390362744449380352,https://x.com/merck/status/1390362744449380352,Thu May 06 17:48:04 +0000 2021,"Congratulations to Dr. Fiona Marshall on being recognized by the Royal Society as one of the newest Fellows and joining the ranks of Stephen Hawking, Isaac Newton, and Albert Einstein. Learn more here: https://t.co/Wiri25PpM7 https://t.co/hpxUo4vjeA",1,6,47,1,false,false,,primary,1,capped browser-based collection of observable public posts,0,data/raw/fortune_x_2025_ranked/068_merck/accounts/01_primary_merck,true,false,false,false,false,en,pending
fortune_top100_ranked::1967683312748728346,fortune_top100_ranked,fortune_x_2025_ranked,83,Cisco Systems,@Cisco,@Cisco,https://x.com/Cisco,1967683312748728346,https://x.com/Cisco/status/1967683312748728346,Mon Sep 15 20:13:54 +0000 2025,RT @Webex: We are thrilled that IDC MarketScape has positioned Cisco as a Leader in the market. Several strengths called out in the report…,0,7,0,0,false,false,,primary,1,capped browser-based collection of observable public posts,0,data/raw/fortune_x_2025_ranked/083_cisco_systems/accounts/01_primary_cisco,true,false,true,false,false,mixed,pending
benchmark_aggressive_wendys::1224794757559455746,benchmark_aggressive_wendys,wendys_existing_collection,benchmark,Wendy's,@Wendys,@Wendys,https://x.com/Wendys/status/1224794757559455746,1224794757559455746,https://x.com/Wendys/status/1224794757559455746,Tue Feb 04 20:40:00 +0000 2020,When they ask what your weaknesses are during the interview.,202,433,10360,14,false,unknown,,primary,1,legacy_json_import,0,data/wendys,true,false,false,false,false,en,pending
fortune_top100_ranked::2027066130603421746,fortune_top100_ranked,fortune_x_2025_ranked,26,Fannie Mae,@fanniemae,@fanniemae,https://x.com/fanniemae,2027066130603421746,https://x.com/fanniemae/status/2027066130603421746,Thu Feb 26 17:00:01 +0000 2026,"Affordability plus modern features — today’s manufactured homes are built for the life you’ll build. And with Manufactured Home Advantage, borrowers can get a mortgage loan for as little as 3% down. https://t.co/cDZY0CXbYB https://t.co/7IoA5MijFv",0,1,3,0,true,false,,primary,1,capped browser-based collection of observable public posts,0,data/raw/fortune_x_2025_ranked/026_fannie_mae/accounts/01_primary_fanniemae,true,false,false,false,false,mixed,pending
benchmark_aggressive_wendys::1253708482882265088,benchmark_aggressive_wendys,wendys_existing_collection,benchmark,Wendy's,@Wendys,@Wendys,https://x.com/Wendys/status/1253708482882265088,1253708482882265088,https://x.com/Wendys/status/1253708482882265088,Fri Apr 24 15:32:49 +0000 2020,We could all use a GroupNug. Come to the Wendy’s drive-thru today and get your free 4pc. nuggets! https://t.co/nCRGbFk4AO,274,234,1609,95,false,unknown,,primary,1,legacy_json_import,0,data/wendys,true,false,false,false,false,en,pending
fortune_top100_ranked::1945148809543123446,fortune_top100_ranked,fortune_x_2025_ranked,24,Citigroup,@Citi,@Citi,https://x.com/Citi,1945148809543123446,https://x.com/Citi/status/1945148809543123446,Tue Jul 15 15:49:49 +0000 2025,"“We remain committed to repurchasing shares each quarter under our $20 billion share repurchase program and expect to buy back at least $4 billion this quarter.” – Mark Mason, CFO

More information: https://t.co/xQqQ1T6TtB",7,5,19,0,true,false,,primary,1,capped browser-based collection of observable public posts,0,data/raw/fortune_x_2025_ranked/024_citigroup/accounts/01_primary_citi,true,false,false,false,false,mixed,pending
fortune_top100_ranked::1783532422430065141,fortune_top100_ranked,fortune_x_2025_ranked,81,United Airlines Holdings,@united,@united,https://x.com/united,1783532422430065141,https://x.com/united/status/1783532422430065141,Thu Apr 25 16:24:00 +0000 2024,"We're giving you the shirt off our backs. Actually, off @Wrexham_AFC's back.

Head over to @united on Instagram to enter for a chance to win a Wrexham jersey! #WXMafc https://t.co/m8WXEklOom",31,56,340,7,true,false,,primary,1,capped browser-based collection of observable public posts,0,data/raw/fortune_x_2025_ranked/081_united_airlines_holdings/accounts/01_primary_united,true,false,false,false,false,en,pending
fortune_top100_ranked::1580916632138178562,fortune_top100_ranked,fortune_x_2025_ranked,54,Procter & Gamble,@ProcterGamble,@ProcterGamble,https://x.com/ProcterGamble,1580916632138178562,https://x.com/ProcterGamble/status/1580916632138178562,Fri Oct 14 13:41:11 +0000 2022,RT @tide: Tide Loads of Hope is here to help. Tide Loads of Hope mobile laundry services will now be at the Walmart Supercenter 2931 S McCa…,0,86,0,0,false,false,,primary,1,capped browser-based collection of observable public posts,0,data/raw/fortune_x_2025_ranked/054_procter_gamble/accounts/01_primary_proctergamble,true,false,true,false,false,mixed,pending
benchmark_self_defeating_moonpie::896924841592279040,benchmark_self_defeating_moonpie,moonpie_existing_collection,benchmark,MoonPie,@MoonPie,@MoonPie,https://x.com/MoonPie/status/896924841592279040,896924841592279040,https://x.com/MoonPie/status/896924841592279040,Mon Aug 14 02:42:00 +0000 2017,What do I have to do for a life time supply of chocolate moon pies???? @MoonPie,0,0,0,0,false,unknown,,primary,1,legacy_json_import,0,data/moonpie,true,false,false,false,false,en,pending
benchmark_self_defeating_moonpie::882951284831252481,benchmark_self_defeating_moonpie,moonpie_existing_collection,benchmark,MoonPie,@MoonPie,@MoonPie,https://x.com/MoonPie/status/882951284831252481,882951284831252481,https://x.com/MoonPie/status/882951284831252481,Thu Jul 06 13:16:05 +0000 2017,"Reasons to yell ""IT'S MOONPIE TIME""

3⃣ It is time to eat a MoonPie
2⃣ You've thrown a MoonPie at a clock
1⃣ You're morphing into a MoonPie",1,8,48,0,false,unknown,,primary,1,legacy_json_import,0,data/moonpie,true,false,false,false,false,en,pending
benchmark_aggressive_wendys::1205531387975090177,benchmark_aggressive_wendys,wendys_existing_collection,benchmark,Wendy's,@Wendys,@Wendys,https://x.com/Wendys/status/1205531387975090177,1205531387975090177,https://x.com/Wendys/status/1205531387975090177,Fri Dec 13 16:54:15 +0000 2019,Wendy’s cups should be square but no one wants to poke that tiger,15,184,1865,4,false,unknown,,primary,1,legacy_json_import,0,data/wendys,true,false,false,false,false,en,pending
benchmark_aggressive_wendys::1376979649578872837,benchmark_aggressive_wendys,wendys_existing_collection,benchmark,Wendy's,@Wendys,@Wendys,https://x.com/Wendys/status/1376979649578872837,1376979649578872837,https://x.com/Wendys/status/1376979649578872837,Tue Mar 30 19:28:26 +0000 2021,What’s better than Wendy’s Honey Butter Chicken Biscuit? Wendy’s  $1.99 Honey Butter Chicken Biscuit. Get yours today! https://t.co/0xe5ukedCm,230,145,2335,310,false,unknown,,primary,1,legacy_json_import,0,data/wendys,true,false,false,false,false,en,pending
benchmark_self_defeating_moonpie::2052811071883182335,benchmark_self_defeating_moonpie,moonpie_existing_collection,benchmark,MoonPie,@MoonPie,@MoonPie,https://x.com/MoonPie/status/2052811071883182335,2052811071883182335,https://x.com/MoonPie/status/2052811071883182335,Fri May 08 18:01:13 +0000 2026,I told you all,4,6,84,0,true,unknown,,primary,1,legacy_json_import,0,data/moonpie,true,false,false,false,false,en,pending
benchmark_self_defeating_moonpie::1156722305923502082,benchmark_self_defeating_moonpie,moonpie_existing_collection,benchmark,MoonPie,@MoonPie,@MoonPie,https://x.com/MoonPie/status/1156722305923502082,1156722305923502082,https://x.com/MoonPie/status/1156722305923502082,Thu Aug 01 00:24:23 +0000 2019,"My followers:

Me:",51,345,5314,2,false,unknown,,primary,1,legacy_json_import,0,data/moonpie,true,false,false,false,false,en,pending
fortune_top100_ranked::2027445227922067868,fortune_top100_ranked,fortune_x_2025_ranked,1,Amazon,@amazon,@amazon,https://x.com/amazon,2027445227922067868,https://x.com/amazon/status/2027445227922067868,Fri Feb 27 18:06:25 +0000 2026,https://t.co/VMNcBxcPZc,49,60,310,8,true,false,,primary,1,capped browser-based collection of observable public posts,0,data/raw/fortune_x_2025_ranked/001_amazon/accounts/01_primary_amazon,true,false,false,false,false,en,pending
benchmark_self_defeating_moonpie::960315512621289472,benchmark_self_defeating_moonpie,moonpie_existing_collection,benchmark,MoonPie,@MoonPie,@MoonPie,https://x.com/MoonPie/status/960315512621289472,960315512621289472,https://x.com/MoonPie/status/960315512621289472,Mon Feb 05 00:53:54 +0000 2018,"Time for the next MoonPie commercial and it's called ""The One With The Bees"" #TheBigThing https://t.co/kFnro0RBSI",41,188,1407,0,false,unknown,,primary,1,legacy_json_import,0,data/moonpie,true,false,false,false,false,en,pending
benchmark_aggressive_wendys::1352663870469500930,benchmark_aggressive_wendys,wendys_existing_collection,benchmark,Wendy's,@Wendys,@Wendys,https://x.com/Wendys/status/1352663870469500930,1352663870469500930,https://x.com/Wendys/status/1352663870469500930,Fri Jan 22 17:06:12 +0000 2021,https://t.co/gTk92jCiXY,334,102,4495,21,false,unknown,,primary,1,legacy_json_import,0,data/wendys,true,false,false,false,false,zxx,pending
fortune_top100_ranked::1476594087461535751,fortune_top100_ranked,fortune_x_2025_ranked,42,Target,@target,@target,https://x.com/target,1476594087461535751,https://x.com/target/status/1476594087461535751,Thu Dec 30 16:40:38 +0000 2021,What is everyone hoping for in 2022? Share some resolutions for the new year with us!,125,13,169,7,false,false,,primary,1,capped browser-based collection of observable public posts,0,data/raw/fortune_x_2025_ranked/042_target/accounts/01_primary_target,true,false,false,false,false,en,pending
benchmark_self_defeating_moonpie::948730352922656769,benchmark_self_defeating_moonpie,moonpie_existing_collection,benchmark,MoonPie,@MoonPie,@MoonPie,https://x.com/MoonPie/status/948730352922656769,948730352922656769,https://x.com/MoonPie/status/948730352922656769,Thu Jan 04 01:38:37 +0000 2018,Sometimes the 1st bite of MoonPie is the best bite other times it may be the 2nd bite anyway Linda if you’re listening I’m sorry please tell me what I did wrong,275,3816,18932,0,false,unknown,,primary,1,legacy_json_import,0,data/moonpie,true,false,false,false,false,en,pending
benchmark_aggressive_wendys::1369742953468604420,benchmark_aggressive_wendys,wendys_existing_collection,benchmark,Wendy's,@Wendys,@Wendys,https://x.com/Wendys/status/1369742953468604420,1369742953468604420,https://x.com/Wendys/status/1369742953468604420,Wed Mar 10 20:12:23 +0000 2021,It’s Biscuitball time! Get your FREE Honey Butter Chicken Biscuit N-N-N-NOOOOW. https://t.co/VUOxg9hz3r,40,61,501,28,false,unknown,,primary,1,legacy_json_import,0,data/wendys,true,false,false,false,false,en,pending
fortune_top100_ranked::1599788185055272962,fortune_top100_ranked,fortune_x_2025_ranked,12,JPMorgan Chase,@jpmorgan,@jpmorgan,https://x.com/jpmorgan,1599788185055272962,https://x.com/jpmorgan/status/1599788185055272962,Mon Dec 05 15:30:00 +0000 2022,"Through the rise of digitization, gig workers are enhancing many shopping experiences. Learn how payments can help to attract and retain these workers.",6,9,16,0,false,false,,primary,1,capped browser-based collection of observable public posts,0,data/raw/fortune_x_2025_ranked/012_jpmorgan_chase/accounts/01_primary_jpmorgan,true,false,false,false,false,en,pending
benchmark_self_defeating_moonpie::960319585500229633,benchmark_self_defeating_moonpie,moonpie_existing_collection,benchmark,MoonPie,@MoonPie,@MoonPie,https://x.com/MoonPie/status/960319585500229633,960319585500229633,https://x.com/MoonPie/status/960319585500229633,Mon Feb 05 01:10:05 +0000 2018,"Alright here is the last MoonPie commercial it's titled ""Space""  #TheBigThing https://t.co/ELz0SPebWj",81,396,3100,0,false,unknown,,primary,1,legacy_json_import,0,data/moonpie,true,false,false,false,false,en,pending
fortune_top100_ranked::1575541061820321792,fortune_top100_ranked,fortune_x_2025_ranked,74,TD Synnex,@tdsynnex,@tdsynnex,https://x.com/tdsynnex,1575541061820321792,https://x.com/tdsynnex/status/1575541061820321792,Thu Sep 29 17:40:35 +0000 2022,We will continue to monitor and provide updates on our plans to support those in need and help rebuild impacted areas.,0,0,1,0,false,false,,primary,1,capped browser-based collection of observable public posts,0,data/raw/fortune_x_2025_ranked/074_td_synnex/accounts/01_primary_tdsynnex,true,false,false,false,false,en,pending
benchmark_aggressive_wendys::1205940606079504384,benchmark_aggressive_wendys,wendys_existing_collection,benchmark,Wendy's,@Wendys,@Wendys,https://x.com/Wendys/status/1205940606079504384,1205940606079504384,https://x.com/Wendys/status/1205940606079504384,Sat Dec 14 20:00:20 +0000 2019,Pigtail pro-tip: Always carry a spare. @wendys #ad https://t.co/HqSiLzYmbb,46,1149,10362,41,false,unknown,,primary,1,legacy_json_import,0,data/wendys,true,false,false,false,false,en,pending
benchmark_self_defeating_moonpie::899613483565809666,benchmark_self_defeating_moonpie,moonpie_existing_collection,benchmark,MoonPie,@MoonPie,@MoonPie,https://x.com/MoonPie/status/899613483565809666,899613483565809666,https://x.com/MoonPie/status/899613483565809666,Mon Aug 21 12:45:43 +0000 2017,🎶iiiiiiiiii wanna soak up the moooooon 🎶 @SherylCrow https://t.co/6mexB0kUAp,0,47,462,0,false,unknown,,primary,1,legacy_json_import,0,data/moonpie,true,false,false,false,false,en,pending
fortune_top100_ranked::2008687826611609637,fortune_top100_ranked,fortune_x_2025_ranked,88,Intel,@intel,@intel,https://x.com/intel,2008687826611609637,https://x.com/intel/status/2008687826611609637,Tue Jan 06 23:51:12 +0000 2026,"Meet the new #IntelCoreUltra Series 3—with new E-cores and P-cores, a massive GPU, and a highly efficient NPU built into a smaller area. See it at #CES2026 https://t.co/Wnv35sewOK",25,72,371,2,true,false,,primary,1,capped browser-based collection of observable public posts,0,data/raw/fortune_x_2025_ranked/088_intel/accounts/01_primary_intel,true,false,false,false,false,mixed,pending
fortune_top100_ranked::1193898679922577408,fortune_top100_ranked,fortune_x_2025_ranked,95,Liberty Mutual Insurance Group,@LibertyMutual,@LibertyMutual,https://x.com/LibertyMutual,1193898679922577408,https://x.com/LibertyMutual/status/1193898679922577408,Mon Nov 11 14:30:01 +0000 2019,We thank all of those who have bravely served our country on this #VeteransDay. https://t.co/qC4lpRSZtQ,33,6,24,0,false,false,,primary,1,capped browser-based collection of observable public posts,0,data/raw/fortune_x_2025_ranked/095_liberty_mutual_insurance_group/accounts/01_primary_libertymutual,true,false,false,false,false,en,pending
fortune_top100_ranked::1528815566613528576,fortune_top100_ranked,fortune_x_2025_ranked,46,PepsiCo,@pepsico,@pepsico,https://x.com/pepsico,1528815566613528576,https://x.com/pepsico/status/1528815566613528576,Mon May 23 19:10:09 +0000 2022,Thank you @3BLMedia for naming us number 2 on your annual 100 Best Corporate Citizens list. Transparency and performance are key to delivering our pep+ agenda and we’re honored to be recognized: https://t.co/t4HSDMH3Qz. #100BestCC https://t.co/vIvfXWq11r,2,2,13,2,false,false,,primary,1,capped browser-based collection of observable public posts,0,data/raw/fortune_x_2025_ranked/046_pepsico/accounts/01_primary_pepsico,true,false,false,false,false,mixed,pending
fortune_top100_ranked::2064033467231240566,fortune_top100_ranked,fortune_x_2025_ranked,48,UPS,@ups,@ups,https://x.com/ups,2064033467231240566,https://x.com/ups/status/2064033467231240566,Mon Jun 08 17:15:01 +0000 2026,"Need the easy button for logistics? We’re on it. 🤜🤛

We’re investing $50M in our network and adding a new time-definite heavy air freight service to and from Mexico to help automotive and industrial customers move faster, simplify cross-border shipping and keep production on track.
https://t.co/83X91erHFr",18,2,10,0,true,false,,primary,1,capped browser-based collection of observable public posts,0,data/raw/fortune_x_2025_ranked/048_ups/accounts/01_primary_ups,true,false,false,false,false,mixed,pending
benchmark_aggressive_wendys::1199004204276363269,benchmark_aggressive_wendys,wendys_existing_collection,benchmark,Wendy's,@Wendys,@Wendys,https://x.com/Wendys/status/1199004204276363269,1199004204276363269,https://x.com/Wendys/status/1199004204276363269,Mon Nov 25 16:37:33 +0000 2019,RT @abjxctshit: We Beefin? EP by @Wendys https://t.co/15BkHFiM8K,0,172,0,0,false,unknown,,primary,1,legacy_json_import,0,data/wendys,true,false,true,false,false,en,pending
benchmark_self_defeating_moonpie::1179546123326967808,benchmark_self_defeating_moonpie,moonpie_existing_collection,benchmark,MoonPie,@MoonPie,@MoonPie,https://x.com/MoonPie/status/1179546123326967808,1179546123326967808,https://x.com/MoonPie/status/1179546123326967808,Wed Oct 02 23:58:05 +0000 2019,Look brian i just write the tweets,157,9607,121770,137,false,unknown,,primary,1,legacy_json_import,0,data/moonpie,true,false,false,false,false,en,pending
fortune_top100_ranked::1953200520107311359,fortune_top100_ranked,fortune_x_2025_ranked,86,American Airlines Group,@AmericanAir,@AmericanAir,https://x.com/AmericanAir,1953200520107311359,https://x.com/AmericanAir/status/1953200520107311359,Wed Aug 06 21:04:27 +0000 2025,Think you know our next move? Let the guessing games begin 🤫 https://t.co/vsCaaEtgNg,215,29,197,8,true,false,,primary,1,capped browser-based collection of observable public posts,0,data/raw/fortune_x_2025_ranked/086_american_airlines_group/accounts/01_primary_americanair,true,false,false,false,false,mixed,pending
fortune_top100_ranked::1884798791854747869,fortune_top100_ranked,fortune_x_2025_ranked,86,American Airlines Group,@AmericanAir,@AmericanAir,https://x.com/AmericanAir,1884798791854747869,https://x.com/AmericanAir/status/1884798791854747869,Thu Jan 30 03:00:24 +0000 2025,"We’re aware of reports that American Eagle flight 5342, operated by PSA, with service from Wichita, Kansas (ICT) to Washington Reagan National Airport (DCA) has been involved in an incident. We will provide information as it becomes available.",1208,5629,40309,1004,true,false,,primary,1,capped browser-based collection of observable public posts,0,data/raw/fortune_x_2025_ranked/086_american_airlines_group/accounts/01_primary_americanair,true,false,false,false,false,mixed,pending
fortune_top100_ranked::1965780517275729973,fortune_top100_ranked,fortune_x_2025_ranked,49,RTX,@RTX_News,@RTX_News,https://x.com/RTX_News,1965780517275729973,https://x.com/RTX_News/status/1965780517275729973,Wed Sep 10 14:12:52 +0000 2025,"👁️ Keeping NATO’s Eyes in the Sky!

We have awarded a new contract to @prattandwhitney @RTX_News  to ensure long-term support for the TF33 engines powering @NATO 's #AWACS fleet.

🔗 https://t.co/MYUGwxXEcX https://t.co/IZ6ULaJveo",38,6,20,1,true,false,,primary,1,capped browser-based collection of observable public posts,0,data/raw/fortune_x_2025_ranked/049_rtx/accounts/01_primary_rtx_news,true,false,false,false,false,mixed,pending
benchmark_aggressive_wendys::1406015436915945475,benchmark_aggressive_wendys,wendys_existing_collection,benchmark,Wendy's,@Wendys,@Wendys,https://x.com/Wendys/status/1406015436915945475,1406015436915945475,https://x.com/Wendys/status/1406015436915945475,Fri Jun 18 22:26:17 +0000 2021,"Sir, this is a Morty’s. https://t.co/u7B1GLMGLL",1367,8848,101821,1829,false,unknown,,primary,1,legacy_json_import,0,data/wendys,true,false,false,false,false,en,pending
fortune_top100_ranked::1704163452569239986,fortune_top100_ranked,fortune_x_2025_ranked,34,Humana,@humana,@humana,https://x.com/humana,1704163452569239986,https://x.com/humana/status/1704163452569239986,Tue Sep 19 16:00:03 +0000 2023,Learn more about our caring culture where we strive for every employee to feel like they belong → https://t.co/eIQjqtg8Yr https://t.co/W7E6bgh6Pk,0,0,1,0,true,false,,primary,1,capped browser-based collection of observable public posts,0,data/raw/fortune_x_2025_ranked/034_humana/accounts/01_primary_humana,true,false,false,false,false,mixed,pending
fortune_top100_ranked::1656359102505791488,fortune_top100_ranked,fortune_x_2025_ranked,10,Cencora,@CencoraGlobal,@CencoraGlobal,https://x.com/CencoraGlobal,1656359102505791488,https://x.com/CencoraGlobal/status/1656359102505791488,Wed May 10 18:02:38 +0000 2023,"With cell and gene therapy constantly evolving, developers must be cautious about the rewards &amp; risks when entering the market. 

Lung-I Cheng, VP of Cell &amp; Gene Therapy Commercial Solutions, highlights this evolving product's challenges and opportunities. https://t.co/r57Rg46uHW https://t.co/vy5tfr1zx4",0,0,0,1,true,false,,primary,1,capped browser-based collection of observable public posts,0,data/raw/fortune_x_2025_ranked/010_cencora/accounts/01_primary_cencoraglobal,true,false,false,false,false,en,pending
fortune_top100_ranked::1394722461447507973,fortune_top100_ranked,fortune_x_2025_ranked,57,Albertsons,@albertsons,@albertsons,https://x.com/albertsons,1394722461447507973,https://x.com/albertsons/status/1394722461447507973,Tue May 18 18:32:02 +0000 2021,"For #AAPIHeritageMonth, Ruby Souliyalaovong, one of our Assistant Store Directors, shared: “As a member of the Diversity &amp; Inclusion Council, I'm inspired to help not just Asian American and Pacific Islanders, but all people in the hopes all will be united and treated equally.” https://t.co/2CQ2h6I3Jx",3,1,5,0,false,false,,primary,1,capped browser-based collection of observable public posts,0,data/raw/fortune_x_2025_ranked/057_albertsons/accounts/01_primary_albertsons,true,false,false,false,false,mixed,pending
benchmark_aggressive_wendys::1681758534982148097,benchmark_aggressive_wendys,wendys_existing_collection,benchmark,Wendy's,@Wendys,@Wendys,https://x.com/Wendys/status/1681758534982148097,1681758534982148097,https://x.com/Wendys/status/1681758534982148097,Wed Jul 19 20:10:54 +0000 2023,F*dge it. 27 minutes of food footage https://t.co/sgKlje7vmI,207,153,1274,25,true,unknown,,primary,1,legacy_json_import,0,data/wendys,true,false,false,false,false,en,pending
fortune_top100_ranked::1654528804281552896,fortune_top100_ranked,fortune_x_2025_ranked,75,ConocoPhillips,@conocophillips,@conocophillips,https://x.com/conocophillips,1654528804281552896,https://x.com/conocophillips/status/1654528804281552896,Fri May 05 16:49:41 +0000 2023,"The team at @conocophillips + registered volunteers are out beautifying #yyc this weekend for the 56th annual Pathway and River Cleanup. #yyccleans

👋🏼 Be sure to give them a wave if you see them! 

➡️ https://t.co/PAiMbdZyxK https://t.co/gF0IeHhXP7",2,5,16,0,true,false,,primary,1,capped browser-based collection of observable public posts,0,data/raw/fortune_x_2025_ranked/075_conocophillips/accounts/01_primary_conocophillips,true,false,false,false,false,mixed,pending
fortune_top100_ranked::1650963302304870422,fortune_top100_ranked,fortune_x_2025_ranked,15,Cardinal Health,@cardinalhealth,@cardinalhealth,https://x.com/cardinalhealth,1650963302304870422,https://x.com/cardinalhealth/status/1650963302304870422,Tue Apr 25 20:41:39 +0000 2023,"In Grove City, Ohio we celebrated the opening of our 10th distribution center for our at-Home Solutions business. This is the second at-Home distribution center in Ohio. This will bring 200 jobs to the area. Thank you Lt. Governor @JonHusted for celebrating this major milestone. https://t.co/TgA3dlr6sA",0,5,12,1,true,false,,primary,1,capped browser-based collection of observable public posts,0,data/raw/fortune_x_2025_ranked/015_cardinal_health/accounts/01_primary_cardinalhealth,true,false,false,false,false,en,pending
fortune_top100_ranked::2000974202459865486,fortune_top100_ranked,fortune_x_2025_ranked,49,RTX,@RTX_News,@RTX_News,https://x.com/RTX_News,2000974202459865486,https://x.com/RTX_News/status/2000974202459865486,Tue Dec 16 17:00:00 +0000 2025,"📰 #NEWS: Raytheon completed analysis, design, manufacture and test of its ERAP warhead in just six months – a key milestone toward delivering this revolutionary projectile to the @USArmy. 

Learn more: https://t.co/QWutKL9T2S https://t.co/ECXTnLIAXm",2,21,178,0,true,false,,primary,1,capped browser-based collection of observable public posts,0,data/raw/fortune_x_2025_ranked/049_rtx/accounts/01_primary_rtx_news,true,false,false,false,false,mixed,pending
fortune_top100_ranked::1919817930935882184,fortune_top100_ranked,fortune_x_2025_ranked,75,ConocoPhillips,@conocophillips,@conocophillips,https://x.com/conocophillips,1919817930935882184,https://x.com/conocophillips/status/1919817930935882184,Tue May 06 18:13:57 +0000 2025,"Nearly 12,000 people participated in the 2025 #RodeoRun, including 680 #ConocoPhillips employees and volunteers. This year @RODEOHOUSTON has committed to contributing $28 million in educational funds to Texas youth. What a privilege to be a part of it: https://t.co/zTEjW81uwR https://t.co/Q1BIa8xDpQ",1,3,4,0,true,false,,primary,1,capped browser-based collection of observable public posts,0,data/raw/fortune_x_2025_ranked/075_conocophillips/accounts/01_primary_conocophillips,true,false,false,false,false,en,pending
fortune_top100_ranked::1631348236723052560,fortune_top100_ranked,fortune_x_2025_ranked,34,Humana,@humana,@humana,https://x.com/humana,1631348236723052560,https://x.com/humana/status/1631348236723052560,Thu Mar 02 17:38:23 +0000 2023,"We remain as committed as ever to providing whole person, holistic healthcare for our members. When used in combination with traditional health coverage, our specialty products make a difference in our members’ health and contribute to the success of their healthcare journey. https://t.co/ehhdmQjFRd",2,0,1,0,true,false,,primary,1,capped browser-based collection of observable public posts,0,data/raw/fortune_x_2025_ranked/034_humana/accounts/01_primary_humana,true,false,false,false,false,mixed,pending
fortune_top100_ranked::1595046948045824001,fortune_top100_ranked,fortune_x_2025_ranked,59,MetLife,@metlife,@metlife,https://x.com/metlife,1595046948045824001,https://x.com/metlife/status/1595046948045824001,Tue Nov 22 13:30:01 +0000 2022,"This National Veterans and Military Families Month, we’re proud to share one of our Supplier Inclusion &amp; Development partners, the @NVBDC1, who help businesses become more involved with #veterans. Learn more: https://t.co/mIp4V0ge41 #Sustainability https://t.co/O8NRusavz4",0,1,3,0,false,false,,primary,1,capped browser-based collection of observable public posts,0,data/raw/fortune_x_2025_ranked/059_metlife/accounts/01_primary_metlife,true,false,false,false,false,mixed,pending
fortune_top100_ranked::1957912614907846938,fortune_top100_ranked,fortune_x_2025_ranked,8,McKesson,@mckesson,@mckesson,https://x.com/mckesson,1957912614907846938,https://x.com/mckesson/status/1957912614907846938,Tue Aug 19 21:08:38 +0000 2025,"McKesson Accelerate, the premier community oncology conference, is this November! Join us for over 50 sessions from industry leaders on elevating the patient experience, integrating the latest tech and more. Learn how to register: https://t.co/RQzzd6H4Ru. #McKessonAccelerate https://t.co/SpJZlv90DB",0,3,7,0,true,false,,primary,1,capped browser-based collection of observable public posts,0,data/raw/fortune_x_2025_ranked/008_mckesson/accounts/01_primary_mckesson,true,false,false,false,false,en,pending
fortune_top100_ranked::1597667930975739905,fortune_top100_ranked,fortune_x_2025_ranked,93,USAA,@usaa,@usaa,https://x.com/usaa,1597667930975739905,https://x.com/usaa/status/1597667930975739905,Tue Nov 29 19:04:52 +0000 2022,"Designed to honor all those serving at home and abroad, @Rackkwall83's #MyCauseMyCleats tell the story of his cousin, MSGT Mary Griffin, and @wwp. #SaluteToService https://t.co/rUOYqACvPz",22,122,942,9,false,false,,primary,1,capped browser-based collection of observable public posts,0,data/raw/fortune_x_2025_ranked/093_usaa/accounts/01_primary_usaa,true,false,false,false,false,en,pending
fortune_top100_ranked::1631494331927351297,fortune_top100_ranked,fortune_x_2025_ranked,54,Procter & Gamble,@ProcterGamble,@ProcterGamble,https://x.com/ProcterGamble,1631494331927351297,https://x.com/ProcterGamble/status/1631494331927351297,Fri Mar 03 03:18:55 +0000 2023,"Queen Latifah on the Queen Collective’s Mission to Support Women, Non-Binary Directors: ‘If We Don’t Give the Opportunity, You Might Not See That Story’ https://t.co/zphyd5hiXb",4,15,73,3,true,false,,primary,1,capped browser-based collection of observable public posts,0,data/raw/fortune_x_2025_ranked/054_procter_gamble/accounts/01_primary_proctergamble,true,false,false,false,false,mixed,pending
fortune_top100_ranked::1793748979961733565,fortune_top100_ranked,fortune_x_2025_ranked,93,USAA,@usaa,@usaa,https://x.com/usaa,1793748979961733565,https://x.com/usaa/status/1793748979961733565,Thu May 23 21:00:57 +0000 2024,"The USAA Poppy Wall of Honor pays tribute to each U.S. service member lost in the line of duty since WWI. The exhibit is free and open to the public Friday-Sunday on the National Mall in D.C., at the base of the Lincoln Memorial. #MemorialDay #PoppyInMemory https://t.co/S2zmwBUnSl",2,12,45,3,true,false,,primary,1,capped browser-based collection of observable public posts,0,data/raw/fortune_x_2025_ranked/093_usaa/accounts/01_primary_usaa,true,false,false,false,false,en,pending
benchmark_self_defeating_moonpie::1069046174601105410,benchmark_self_defeating_moonpie,moonpie_existing_collection,benchmark,MoonPie,@MoonPie,@MoonPie,https://x.com/MoonPie/status/1069046174601105410,1069046174601105410,https://x.com/MoonPie/status/1069046174601105410,Sun Dec 02 01:50:44 +0000 2018,@MoonPie  will you tell me why no one talks to me?,4,1,20,1,false,unknown,,primary,1,legacy_json_import,0,data/moonpie,true,false,false,true,false,en,pending
fortune_top100_ranked::2051703030794346655,fortune_top100_ranked,fortune_x_2025_ranked,77,AbbVie,@abbvie,@abbvie,https://x.com/abbvie,2051703030794346655,https://x.com/abbvie/status/2051703030794346655,Tue May 05 16:38:15 +0000 2026,"[Video description: Quote from Andrew Anisfeld, Ph.D., Vice President, Global Medical Affairs, Immunology, AbbVie. On-screen text reads, “As a leader in gastroenterology, AbbVie remains focused on advancing the...",2,0,2,0,true,false,,primary,1,capped browser-based collection of observable public posts,0,data/raw/fortune_x_2025_ranked/077_abbvie/accounts/01_primary_abbvie,true,false,false,false,true,mixed,pending
fortune_top100_ranked::2044072072201040377,fortune_top100_ranked,fortune_x_2025_ranked,24,Citigroup,@Citi,@Citi,https://x.com/Citi,2044072072201040377,https://x.com/Citi/status/2044072072201040377,Tue Apr 14 15:15:33 +0000 2026,"“At our Investor Day next month, we will lay out a clear vision for how we will continue to grow each of our five businesses organically and deliver sustainably higher returns over time.”

– Jane Fraser, Chair &amp; CEO https://t.co/yTiaeFLeM6",2,1,2,0,true,false,,primary,1,capped browser-based collection of observable public posts,0,data/raw/fortune_x_2025_ranked/024_citigroup/accounts/01_primary_citi,true,false,false,false,false,mixed,pending
fortune_top100_ranked::1376562909392863232,fortune_top100_ranked,fortune_x_2025_ranked,78,Prudential Financial,@Prudential,@Prudential,https://x.com/Prudential,1376562909392863232,https://x.com/Prudential/status/1376562909392863232,Mon Mar 29 15:52:27 +0000 2021,"Today, many women face unique financial challenges. It’s why we’ve put together five valuable tips to help women keep their financial goals on track in 2021. #WomensHistoryMonth",0,4,11,0,false,false,,primary,1,capped browser-based collection of observable public posts,0,data/raw/fortune_x_2025_ranked/078_prudential_financial/accounts/01_primary_prudential,true,false,false,false,false,mixed,pending
fortune_top100_ranked::1535360021013630976,fortune_top100_ranked,fortune_x_2025_ranked,21,Chevron,@chevron,@chevron,https://x.com/chevron,1535360021013630976,https://x.com/chevron/status/1535360021013630976,Fri Jun 10 20:35:29 +0000 2022,"Our “Protective by Design” approach guides us. It helps us avoid, reduce, and restore potential impacts to the environment, including sensitive species. Learn more in our Corporate Sustainability Report https://t.co/RE5tk9KVsU (1/7) https://t.co/SnPdZ2VpyX",24,7,47,0,false,false,,primary,1,capped browser-based collection of observable public posts,0,data/raw/fortune_x_2025_ranked/021_chevron/accounts/01_primary_chevron,true,false,false,false,false,mixed,pending
benchmark_self_defeating_moonpie::909129816850423809,benchmark_self_defeating_moonpie,moonpie_existing_collection,benchmark,MoonPie,@MoonPie,@MoonPie,https://x.com/MoonPie/status/909129816850423809,909129816850423809,https://x.com/MoonPie/status/909129816850423809,Sat Sep 16 19:00:13 +0000 2017,Can't wait to tell our banana team about this https://t.co/Il6IuHj0Vx,6,14,188,0,false,unknown,,primary,1,legacy_json_import,0,data/moonpie,true,false,false,false,false,en,pending
fortune_top100_ranked::2000908520393224400,fortune_top100_ranked,fortune_x_2025_ranked,31,StoneX Group,@StoneX_Official,@StoneX_Official,https://x.com/StoneX_Official,2000908520393224400,https://x.com/StoneX_Official/status/2000908520393224400,Tue Dec 16 12:39:01 +0000 2025,"The HCOB Flash Eurozone Composite PMI fell to 51.9 in December, down from 52.8 in November, its lowest level in three months and below forecasts of 52.7.",0,0,1,0,true,false,,primary,1,capped browser-based collection of observable public posts,0,data/raw/fortune_x_2025_ranked/031_stonex_group/accounts/01_primary_stonex_official,true,false,false,false,false,en,pending
fortune_top100_ranked::1546820480119832577,fortune_top100_ranked,fortune_x_2025_ranked,46,PepsiCo,@pepsico,@pepsico,https://x.com/pepsico,1546820480119832577,https://x.com/pepsico/status/1546820480119832577,Tue Jul 12 11:35:15 +0000 2022,$PEP Get the full breakdown of PepsiCo Q2 2022 Earnings here: https://t.co/5geAQMRD2L #PEPearnings https://t.co/iDvLVwypmx,4,3,25,2,false,false,,primary,1,capped browser-based collection of observable public posts,0,data/raw/fortune_x_2025_ranked/046_pepsico/accounts/01_primary_pepsico,true,false,false,false,false,en,pending
fortune_top100_ranked::1774831746632303044,fortune_top100_ranked,fortune_x_2025_ranked,51,Progressive,@progressive,@progressive,https://x.com/progressive,1774831746632303044,https://x.com/progressive/status/1774831746632303044,Mon Apr 01 16:10:37 +0000 2024,"Progressive is proud to announce Cowboy Coverage, the first full length album from Flo. Get the party started at home or in your car with a collection of tracks that will insure you have a good time. Leave a comment to reserve your copy. https://t.co/GDBxoKbFwX",11,3,13,1,true,false,,primary,1,capped browser-based collection of observable public posts,0,data/raw/fortune_x_2025_ranked/051_progressive/accounts/01_primary_progressive,true,false,false,false,false,en,pending
benchmark_self_defeating_moonpie::1396949771441553414,benchmark_self_defeating_moonpie,moonpie_existing_collection,benchmark,MoonPie,@MoonPie,@MoonPie,https://x.com/MoonPie/status/1396949771441553414,1396949771441553414,https://x.com/MoonPie/status/1396949771441553414,Mon May 24 22:02:34 +0000 2021,In a way we’re all brands on twitter,72,197,2333,42,false,unknown,,primary,1,legacy_json_import,0,data/moonpie,true,false,false,false,false,en,pending
fortune_top100_ranked::1725937031035936853,fortune_top100_ranked,fortune_x_2025_ranked,19,Centene,@centene,@centene,https://x.com/centene,1725937031035936853,https://x.com/centene/status/1725937031035936853,Sat Nov 18 18:00:29 +0000 2023,Watch as Centene leaders and vendors share how partnering with diverse businesses allows us to tap into a wide range of perspectives to provide innovative solutions to our members and foster economic opportunity. https://t.co/gOh0HsxUcx https://t.co/EI9uyCTZeC,1,2,4,0,true,false,,primary,1,capped browser-based collection of observable public posts,0,data/raw/fortune_x_2025_ranked/019_centene/accounts/01_primary_centene,true,false,false,false,false,en,pending
fortune_top100_ranked::1679910462509690880,fortune_top100_ranked,fortune_x_2025_ranked,3,UnitedHealth Group,@UnitedHealthGrp,@UnitedHealthGrp,https://x.com/UnitedHealthGrp,1679910462509690880,https://x.com/UnitedHealthGrp/status/1679910462509690880,Fri Jul 14 17:47:20 +0000 2023,We're working to reach more people every day and help them live healthier lives. #UNHQ2 $UNH https://t.co/haLEtxjayz,43,29,27,0,true,false,,primary,1,capped browser-based collection of observable public posts,0,data/raw/fortune_x_2025_ranked/003_unitedhealth_group/accounts/01_primary_unitedhealthgrp,true,false,false,false,false,en,pending
benchmark_self_defeating_moonpie::1115706261260132357,benchmark_self_defeating_moonpie,moonpie_existing_collection,benchmark,MoonPie,@MoonPie,@MoonPie,https://x.com/MoonPie/status/1115706261260132357,1115706261260132357,https://x.com/MoonPie/status/1115706261260132357,Tue Apr 09 20:01:16 +0000 2019,I call shotgun,20,56,1202,3,false,unknown,,primary,1,legacy_json_import,0,data/moonpie,true,false,false,false,false,en,pending
benchmark_aggressive_wendys::1810668075450036606,benchmark_aggressive_wendys,wendys_existing_collection,benchmark,Wendy's,@Wendys,@Wendys,https://x.com/Wendys/status/1810668075450036606,1810668075450036606,https://x.com/Wendys/status/1810668075450036606,Tue Jul 09 13:31:24 +0000 2024,"McDonald’s are giving away free fries on National French Fry Day, July 12th https://t.co/B8V25hppkI",361,678,16288,484,true,unknown,,primary,1,legacy_json_import,0,data/wendys,true,false,false,false,false,en,pending
fortune_top100_ranked::2044024891066745031,fortune_top100_ranked,fortune_x_2025_ranked,24,Citigroup,@Citi,@Citi,https://x.com/Citi,2044024891066745031,https://x.com/Citi/status/2044024891066745031,Tue Apr 14 12:08:04 +0000 2026,"Citi Chair &amp; CEO Jane Fraser discusses our first-quarter 2026 financial results.

Read the full report with important information at https://t.co/RvFbcHD1x7 https://t.co/4LYfpHFhIV",2,1,8,0,true,false,,primary,1,capped browser-based collection of observable public posts,0,data/raw/fortune_x_2025_ranked/024_citigroup/accounts/01_primary_citi,true,false,false,false,false,en,pending
benchmark_self_defeating_moonpie::916390198077992963,benchmark_self_defeating_moonpie,moonpie_existing_collection,benchmark,MoonPie,@MoonPie,@MoonPie,https://x.com/MoonPie/status/916390198077992963,916390198077992963,https://x.com/MoonPie/status/916390198077992963,Fri Oct 06 19:50:23 +0000 2017,(5/10) MoonPies: do you love 'em like everyone else does?,1,12,58,0,false,unknown,,primary,1,legacy_json_import,0,data/moonpie,true,false,false,false,false,en,pending
benchmark_aggressive_wendys::2060406022825554333,benchmark_aggressive_wendys,wendys_existing_collection,benchmark,Wendy's,@Wendys,@Wendys,https://x.com/Wendys/status/2060406022825554333,2060406022825554333,https://x.com/Wendys/status/2060406022825554333,Fri May 29 17:00:50 +0000 2026,50% off on Sat &amp; Sun too 💅,10,8,46,0,true,unknown,,primary,1,legacy_json_import,0,data/wendys,true,false,false,false,false,en,pending
benchmark_aggressive_wendys::1335041387566411777,benchmark_aggressive_wendys,wendys_existing_collection,benchmark,Wendy's,@Wendys,@Wendys,https://x.com/Wendys/status/1335041387566411777,1335041387566411777,https://x.com/Wendys/status/1335041387566411777,Sat Dec 05 02:00:45 +0000 2020,Get your favorite burger before we listen to all our favorite hits. Get a FREE Baconator on @postmates with any order of $15 or more with code: BACONATOR (that one’s easy to remember). https://t.co/K7xiyEljYQ,103,17,475,7,false,unknown,,primary,1,legacy_json_import,0,data/wendys,true,false,false,false,false,en,pending
fortune_top100_ranked::1405261420246323202,fortune_top100_ranked,fortune_x_2025_ranked,67,Eli Lilly,@EliLillyandCo,@EliLillyandCo,https://x.com/EliLillyandCo,1405261420246323202,https://x.com/EliLillyandCo/status/1405261420246323202,Wed Jun 16 20:30:05 +0000 2021,"By launching a new #migraine head-to-head study, we aim to help patients and providers make informed decisions about preventive treatment options. Learn more: https://t.co/XM8lebFqLl https://t.co/LF223NtQJD",1,2,9,0,false,false,,primary,1,capped browser-based collection of observable public posts,0,data/raw/fortune_x_2025_ranked/067_eli_lilly/accounts/01_primary_elilillyandco,true,false,false,false,false,en,pending
fortune_top100_ranked::2019091546033848367,fortune_top100_ranked,fortune_x_2025_ranked,24,Citigroup,@Citi,@Citi,https://x.com/Citi,2019091546033848367,https://x.com/Citi/status/2019091546033848367,Wed Feb 04 16:51:52 +0000 2026,"As Black History Month marks its centennial, Citi recognizes the enduring legacy and cultural impact of the Black community across generations. As colleagues, we reflect on this milestone, remaining committed to fostering a workplace that values shared opportunity for the future. https://t.co/bBinO5jwmG",9,0,3,0,true,false,,primary,1,capped browser-based collection of observable public posts,0,data/raw/fortune_x_2025_ranked/024_citigroup/accounts/01_primary_citi,true,false,false,false,false,en,pending
benchmark_self_defeating_moonpie::946407311647666176,benchmark_self_defeating_moonpie,moonpie_existing_collection,benchmark,MoonPie,@MoonPie,@MoonPie,https://x.com/MoonPie/status/946407311647666176,946407311647666176,https://x.com/MoonPie/status/946407311647666176,Thu Dec 28 15:47:41 +0000 2017,"If you would be so kind as to help my co-worker Carol and me settle a little debate I would greatly appreciate it 

Social media is",118,533,2086,0,false,unknown,,primary,1,legacy_json_import,0,data/moonpie,true,false,false,false,false,en,pending
fortune_top100_ranked::1505682843065856003,fortune_top100_ranked,fortune_x_2025_ranked,52,Lowe's,@lowes,@lowes,https://x.com/lowes,1505682843065856003,https://x.com/lowes/status/1505682843065856003,Sun Mar 20 23:08:58 +0000 2022,@Lowes Planting seeds as a pastime activity!!!!!! #SeedingSpring 🌷🌷🌷🌷🌷🌷🌷🌷🌷🌷🌷🌷🌷🌷🌷🌷🌷🌷🌷🌷🌷🌷🌷🌷🌷🌷🌷🌷🌷🌷🌷🌷🌷🌷🌷🌷🌷🌷🌷🌷🌷🌷🌷🌷🌷🌷🌷🌷🌷🌷🌷🌷🌷🌷🌷🌷🌷🌷🌷🌷🌷🌷🌷🌷🌷🌷🌷🌷🌷🌷🌷🌷🌷🌷🌷🌷🌷🌷🌷🌷🌷🌷🌷🌷🌷🌷🌷🌷🌷🌷🌷🌷🌷🌷🌷🌷🌷🌷🌷🌷🌷🌷🌷🌷🌷,4,1,13,0,false,false,,primary,1,capped browser-based collection of observable public posts,0,data/raw/fortune_x_2025_ranked/052_lowe_s/accounts/01_primary_lowes,true,false,false,true,false,mixed,pending
fortune_top100_ranked::1327341198843940864,fortune_top100_ranked,fortune_x_2025_ranked,57,Albertsons,@albertsons,@albertsons,https://x.com/albertsons,1327341198843940864,https://x.com/albertsons/status/1327341198843940864,Fri Nov 13 20:02:57 +0000 2020,It’s World Kindness Day! We’ve got a thread of deliciousness - tag someone you’d like to treat to celebrate today 😋 https://t.co/S0wvlgVM5K,4,1,10,1,false,false,,primary,1,capped browser-based collection of observable public posts,0,data/raw/fortune_x_2025_ranked/057_albertsons/accounts/01_primary_albertsons,true,false,false,false,false,mixed,pending
benchmark_aggressive_wendys::1905701777573621999,benchmark_aggressive_wendys,wendys_existing_collection,benchmark,Wendy's,@Wendys,@Wendys,https://x.com/Wendys/status/1905701777573621999,1905701777573621999,https://x.com/Wendys/status/1905701777573621999,Fri Mar 28 19:21:24 +0000 2025,"it’s time for basketball and burgers. burgerball. what if the burger bun was a basketball? idk. if you use this hashtag, u will see basketbun #WendysBasketballBurger",27,57,212,2,true,unknown,,primary,1,legacy_json_import,0,data/wendys,true,false,false,false,false,en,pending
benchmark_self_defeating_moonpie::967600649234976768,benchmark_self_defeating_moonpie,moonpie_existing_collection,benchmark,MoonPie,@MoonPie,@MoonPie,https://x.com/MoonPie/status/967600649234976768,967600649234976768,https://x.com/MoonPie/status/967600649234976768,Sun Feb 25 03:22:26 +0000 2018,Nothing like a delicious MoonPie with a cold glass of milk to wash away the guilt of this week’s poor decisions,190,2594,12138,155,false,unknown,,primary,1,legacy_json_import,0,data/moonpie,true,false,false,false,false,en,pending
fortune_top100_ranked::1508540889303506944,fortune_top100_ranked,fortune_x_2025_ranked,74,TD Synnex,@tdsynnex,@tdsynnex,https://x.com/tdsynnex,1508540889303506944,https://x.com/tdsynnex/status/1508540889303506944,Mon Mar 28 20:25:50 +0000 2022,"As the pace of change across the technology landscape continues to accelerate, it will bring with it both complexity and opportunity. We look forward to telling you more during #InvestorDay

Tune in tomorrow at 11 AM ET:
https://t.co/QvfLbdJss5 https://t.co/59OtvPLnFl",0,0,0,0,false,false,,primary,1,capped browser-based collection of observable public posts,0,data/raw/fortune_x_2025_ranked/074_td_synnex/accounts/01_primary_tdsynnex,true,false,false,false,false,en,pending
benchmark_self_defeating_moonpie::1291129264423800837,benchmark_self_defeating_moonpie,moonpie_existing_collection,benchmark,MoonPie,@MoonPie,@MoonPie,https://x.com/MoonPie/status/1291129264423800837,1291129264423800837,https://x.com/MoonPie/status/1291129264423800837,Wed Aug 05 21:49:39 +0000 2020,The CDC hasn’t said anything about putting a MoonPie underneath your mask and just licking on it all day have they,203,2521,20093,337,false,unknown,,primary,1,legacy_json_import,0,data/moonpie,true,false,false,false,false,en,pending
fortune_top100_ranked::2049626799517126994,fortune_top100_ranked,fortune_x_2025_ranked,44,Walt Disney,@Disney,@Disney,https://x.com/Disney,2049626799517126994,https://x.com/Disney/status/2049626799517126994,Wed Apr 29 23:08:03 +0000 2026,"RT @localish: For so many children, a Disney Parks visit is at the top of their wish list ✨

Discover the magic behind each wish on 'Lastin…",0,19,0,0,true,false,,primary,1,capped browser-based collection of observable public posts,0,data/raw/fortune_x_2025_ranked/044_walt_disney/accounts/01_primary_disney,true,false,true,false,false,mixed,pending
benchmark_self_defeating_moonpie::891797069681315845,benchmark_self_defeating_moonpie,moonpie_existing_collection,benchmark,MoonPie,@MoonPie,@MoonPie,https://x.com/MoonPie/status/891797069681315845,891797069681315845,https://x.com/MoonPie/status/891797069681315845,Sun Jul 30 23:06:04 +0000 2017,"Goodbye Moonman, hello Moon Person: MTV just changed the name of their VMA statue. https://t.co/c9LnPPMkj5 https://t.co/pb8SuHFYtS",108,94,217,0,false,unknown,,primary,1,legacy_json_import,0,data/moonpie,true,false,false,false,false,en,pending
fortune_top100_ranked::1498666952725827590,fortune_top100_ranked,fortune_x_2025_ranked,67,Eli Lilly,@EliLillyandCo,@EliLillyandCo,https://x.com/EliLillyandCo,1498666952725827590,https://x.com/EliLillyandCo/status/1498666952725827590,Tue Mar 01 14:30:20 +0000 2022,"Julia, a Lilly senior medical advisor, and her team are conducting research to better understand misperceptions about #obesity, so we can help overcome them. https://t.co/6fdyorP2c4 #WeAreLilly #OCW2022 https://t.co/FwKFRnZKP7",1,2,12,0,false,false,,primary,1,capped browser-based collection of observable public posts,0,data/raw/fortune_x_2025_ranked/067_eli_lilly/accounts/01_primary_elilillyandco,true,false,false,false,false,en,pending
fortune_top100_ranked::1750503799192502513,fortune_top100_ranked,fortune_x_2025_ranked,34,Humana,@humana,@humana,https://x.com/humana,1750503799192502513,https://x.com/humana/status/1750503799192502513,Thu Jan 25 13:00:03 +0000 2024,"We announced today that David Dintenfass will join Humana as President of Enterprise Growth effective February 5, 2024. In this newly created role, https://t.co/w2R0eCay9t",11,4,4,0,true,false,,primary,1,capped browser-based collection of observable public posts,0,data/raw/fortune_x_2025_ranked/034_humana/accounts/01_primary_humana,true,false,false,false,false,en,pending
benchmark_aggressive_wendys::2021355348100313369,benchmark_aggressive_wendys,wendys_existing_collection,benchmark,Wendy's,@Wendys,@Wendys,https://x.com/Wendys/status/2021355348100313369,2021355348100313369,https://x.com/Wendys/status/2021355348100313369,Tue Feb 10 22:47:24 +0000 2026,Sir this is a DAYTONA discount code,40,12,195,2,true,unknown,,primary,1,legacy_json_import,0,data/wendys,true,false,false,false,false,en,pending
fortune_top100_ranked::1320745666499534850,fortune_top100_ranked,fortune_x_2025_ranked,29,Phillips 66,@phillips66,@Phillips66co,https://x.com/Phillips66co,1320745666499534850,https://x.com/Phillips66co/status/1320745666499534850,Mon Oct 26 15:14:39 +0000 2020,"RT @MIND_Research: One MIND, one mission! 🧡🐧Through help from our generous partner, @Phillips66Co, ten elementary schools and two middle ar…",0,2,0,0,false,false,,secondary,2,capped browser-based collection of observable public posts,0,data/raw/fortune_x_2025_ranked/029_phillips_66/accounts/02_secondary_phillips66co,true,false,true,false,false,mixed,pending
fortune_top100_ranked::1732074526614180060,fortune_top100_ranked,fortune_x_2025_ranked,19,Centene,@centene,@centene,https://x.com/centene,1732074526614180060,https://x.com/centene/status/1732074526614180060,Tue Dec 05 16:28:42 +0000 2023,"""Most of us live in a digitally native environment. Finding the right way to tap into that [...] has been important.""

Sarah M. London, CEO of Centene, joined @brucejapsen to discuss using tech to bridge gaps in access at the 2023 #ForbesHealth Summit. https://t.co/a3U5y5GBXT https://t.co/iByV28jQOo",5,5,12,0,true,false,,primary,1,capped browser-based collection of observable public posts,0,data/raw/fortune_x_2025_ranked/019_centene/accounts/01_primary_centene,true,false,false,false,false,en,pending
fortune_top100_ranked::1870074244802965778,fortune_top100_ranked,fortune_x_2025_ranked,68,Merck,@merck,@merck,https://x.com/merck,1870074244802965778,https://x.com/merck/status/1870074244802965778,Fri Dec 20 11:50:18 +0000 2024,Learn more about our latest news: https://t.co/pHvIFBvMHd,16,3,10,0,true,false,,primary,1,capped browser-based collection of observable public posts,0,data/raw/fortune_x_2025_ranked/068_merck/accounts/01_primary_merck,true,false,false,false,false,en,pending
fortune_top100_ranked::1548845059927416839,fortune_top100_ranked,fortune_x_2025_ranked,27,Kroger,@kroger,@kroger,https://x.com/kroger,1548845059927416839,https://x.com/kroger/status/1548845059927416839,Mon Jul 18 01:40:13 +0000 2022,Sundae 😉 isn't over quite yet. Stop by one of our stores for all of your #NationalIceCreamDay needs. 🍦 https://t.co/FhF1Y5lIxV,11,3,22,1,false,false,,primary,1,capped browser-based collection of observable public posts,0,data/raw/fortune_x_2025_ranked/027_kroger/accounts/01_primary_kroger,true,false,false,false,false,mixed,pending
fortune_top100_ranked::1668317242247741452,fortune_top100_ranked,fortune_x_2025_ranked,97,Bristol-Myers Squibb,@bmsnews,@bmsnews,https://x.com/bmsnews,1668317242247741452,https://x.com/bmsnews/status/1668317242247741452,Mon Jun 12 18:00:01 +0000 2023,"We are committed to furthering awareness for those living with rare diseases like #MDS. We recently hosted the MDS Summit and want to thank our partners @LLSusa, @AAMAC1989, @MDSFoundation, @HealthTree, @aamdsif for making an impact in the lives of patients.",3,5,7,0,true,false,,primary,1,capped browser-based collection of observable public posts,0,data/raw/fortune_x_2025_ranked/097_bristol_myers_squibb/accounts/01_primary_bmsnews,true,false,false,false,false,en,pending
benchmark_aggressive_wendys::1920237379442397554,benchmark_aggressive_wendys,wendys_existing_collection,benchmark,Wendy's,@Wendys,@Wendys,https://x.com/Wendys/status/1920237379442397554,1920237379442397554,https://x.com/Wendys/status/1920237379442397554,Wed May 07 22:00:42 +0000 2025,.@TSA do I still need a real id if I have a Frosty key tag,305,340,8596,37,true,unknown,,primary,1,legacy_json_import,0,data/wendys,true,false,false,false,false,en,pending
benchmark_aggressive_wendys::2042359791239024659,benchmark_aggressive_wendys,wendys_existing_collection,benchmark,Wendy's,@Wendys,@Wendys,https://x.com/Wendys/status/2042359791239024659,2042359791239024659,https://x.com/Wendys/status/2042359791239024659,Thu Apr 09 21:51:34 +0000 2026,She a baddie with her baddie friend (I'm the baddie friend),169,139,1340,16,true,unknown,,primary,1,legacy_json_import,0,data/wendys,true,false,false,false,false,en,pending
fortune_top100_ranked::1364688494455619584,fortune_top100_ranked,fortune_x_2025_ranked,64,Allstate,@allstate,@allstate,https://x.com/allstate,1364688494455619584,https://x.com/allstate/status/1364688494455619584,Wed Feb 24 21:27:46 +0000 2021,"He may have retired from baseball, but it's great to see that @TimTebow hasn't retired from doing good in the community! Way to continue being a great role model for the Allstate @WeAreAFCA Good Works Team in everything that you do, Tim!",5,0,3,0,false,false,,primary,1,capped browser-based collection of observable public posts,0,data/raw/fortune_x_2025_ranked/064_allstate/accounts/01_primary_allstate,true,false,false,false,false,en,pending
benchmark_self_defeating_moonpie::1342219008288956416,benchmark_self_defeating_moonpie,moonpie_existing_collection,benchmark,MoonPie,@MoonPie,@MoonPie,https://x.com/MoonPie/status/1342219008288956416,1342219008288956416,https://x.com/MoonPie/status/1342219008288956416,Thu Dec 24 21:22:03 +0000 2020,"Special message from the man in the MoonPie tree!

ᶜᵃˡˡᶦⁿᵍ  ʸᵒᵘʳ  ᵐᵃᶦˡᵐᵃⁿ  ˢᵃⁿᵗᵃ 
ᶦˢ  ᵃ  ˢᶦᵍⁿ  ᵒᶠ  ʳᵉˢᵖᵉᶜᵗ
        \
        🌛
         / \      
       /🔴\     
     /⚪️ /*\    
    / */ \🟢 \   
  /⚪️*\/\*\/ \
 /\*\/🔴\/🟢\
         | |",10,54,852,2,false,unknown,,primary,1,legacy_json_import,0,data/moonpie,true,false,false,false,false,en,pending
benchmark_aggressive_wendys::2035411565797634404,benchmark_aggressive_wendys,wendys_existing_collection,benchmark,Wendy's,@Wendys,@Wendys,https://x.com/Wendys/status/2035411565797634404,2035411565797634404,https://x.com/Wendys/status/2035411565797634404,Sat Mar 21 17:41:48 +0000 2026,"YAXEL LENDEBORG. ABSOLUTELY DISGUSTING.

#MarchMadness https://t.co/GzFu2ZqKzo",85,1328,6567,207,true,unknown,,primary,1,legacy_json_import,0,data/wendys,true,false,false,false,false,en,pending
fortune_top100_ranked::1446128178897080320,fortune_top100_ranked,fortune_x_2025_ranked,62,New York Life Insurance,@NewYorkLife,@NewYorkLife,https://x.com/NewYorkLife,1446128178897080320,https://x.com/NewYorkLife/status/1446128178897080320,Thu Oct 07 15:00:00 +0000 2021,"For generations, Latinos have devoted their lives to bettering the futures of their families and communities, while contributing to the fabric of American culture. New York Life is proud to serve the Latino market and to celebrate Hispanic Heritage Month. #HispanicHeritageMonth https://t.co/iXZrhekcO1",0,3,5,0,false,false,,primary,1,capped browser-based collection of observable public posts,0,data/raw/fortune_x_2025_ranked/062_new_york_life_insurance/accounts/01_primary_newyorklife,true,false,false,false,false,en,pending
fortune_top100_ranked::2038288070492160229,fortune_top100_ranked,fortune_x_2025_ranked,53,Energy Transfer,@energytransfer,@energytransfer,https://x.com/energytransfer,2038288070492160229,https://x.com/energytransfer/status/2038288070492160229,Sun Mar 29 16:12:00 +0000 2026,Today’s #SundaySpotlight goes to #OilAndGas bringing the energy all tournament long as teams battle for the Final Four🏀 https://t.co/Dt5DDBdcAj,0,1,1,0,true,false,,primary,1,capped browser-based collection of observable public posts,0,data/raw/fortune_x_2025_ranked/053_energy_transfer/accounts/01_primary_energytransfer,true,false,false,false,false,mixed,pending
fortune_top100_ranked::2014454831243534496,fortune_top100_ranked,fortune_x_2025_ranked,43,Tesla,@tesla,@tesla,https://x.com/tesla,2014454831243534496,https://x.com/tesla/status/2014454831243534496,Thu Jan 22 21:47:13 +0000 2026,"Bringing energy storage to the home is like indoor plumbing.

Your toilet tank has storage. Your water heater is storage.

You don't know it yet, but you're electrically living like you're in the 1930s.",158,155,2023,27,true,false,,primary,1,capped browser-based collection of observable public posts,0,data/raw/fortune_x_2025_ranked/043_tesla/accounts/01_primary_tesla,true,false,false,false,false,en,pending
fortune_top100_ranked::2030659808047554967,fortune_top100_ranked,fortune_x_2025_ranked,48,UPS,@ups,@ups,https://x.com/ups,2030659808047554967,https://x.com/ups/status/2030659808047554967,Sun Mar 08 15:00:00 +0000 2026,Spring forward = instant glow up 🌞📦 https://t.co/20pA2FsmjV,76,4,20,2,true,false,,primary,1,capped browser-based collection of observable public posts,0,data/raw/fortune_x_2025_ranked/048_ups/accounts/01_primary_ups,true,false,false,false,false,mixed,pending
fortune_top100_ranked::2020928381622141390,fortune_top100_ranked,fortune_x_2025_ranked,31,StoneX Group,@StoneX_Official,@StoneX_Official,https://x.com/StoneX_Official,2020928381622141390,https://x.com/StoneX_Official/status/2020928381622141390,Mon Feb 09 18:30:47 +0000 2026,"China’s commodity outlook for 2026 is being shaped less by promises and more by demand realities, storage limits, and livestock destocking. 

Ivy Li, StoneX Senior Market Analyst, breaks down what this means for soybeans and grains.

Watch the full interview: https://t.co/RAhtc79B30",0,0,4,0,true,false,,primary,1,capped browser-based collection of observable public posts,0,data/raw/fortune_x_2025_ranked/031_stonex_group/accounts/01_primary_stonex_official,true,false,false,false,false,mixed,pending
fortune_top100_ranked::1566048380916228101,fortune_top100_ranked,fortune_x_2025_ranked,40,Valero Energy,@valeroenergy,@valeroenergy,https://x.com/valeroenergy,1566048380916228101,https://x.com/valeroenergy/status/1566048380916228101,Sat Sep 03 13:00:04 +0000 2022,RT @bayareahabitat: We are so thankful for the amazing @ValeroEnergy volunteers who spent their morning working with us in Texas City! In j…,0,1,0,0,false,false,,primary,1,capped browser-based collection of observable public posts,0,data/raw/fortune_x_2025_ranked/040_valero_energy/accounts/01_primary_valeroenergy,true,false,true,false,false,mixed,pending
fortune_top100_ranked::1633468085507072004,fortune_top100_ranked,fortune_x_2025_ranked,94,TIAA,@tiaa,@tiaa,https://x.com/tiaa,1633468085507072004,https://x.com/tiaa/status/1633468085507072004,Wed Mar 08 14:01:54 +0000 2023,At TIAA we are dedicated to recognizing the women who have contributed to the fight for gender equity. We are also committed to creating an inclusive environment to support the advancement of women and #EmbraceEquity for all. #InternationalWomensDay #RetireInequality https://t.co/wPzHcafXqT,1,3,4,0,true,false,,primary,1,capped browser-based collection of observable public posts,0,data/raw/fortune_x_2025_ranked/094_tiaa/accounts/01_primary_tiaa,true,false,false,false,false,en,pending
fortune_top100_ranked::1656388692112490497,fortune_top100_ranked,fortune_x_2025_ranked,95,Liberty Mutual Insurance Group,@LibertyMutual,@LibertyMutual,https://x.com/LibertyMutual,1656388692112490497,https://x.com/LibertyMutual/status/1656388692112490497,Wed May 10 20:00:13 +0000 2023,"It's National Moving Month, aka National Test Your Friendships Month. https://t.co/WGyjyZIx7I",24,3,7,0,true,false,,primary,1,capped browser-based collection of observable public posts,0,data/raw/fortune_x_2025_ranked/095_liberty_mutual_insurance_group/accounts/01_primary_libertymutual,true,false,false,false,false,en,pending
fortune_top100_ranked::1989377791112945850,fortune_top100_ranked,fortune_x_2025_ranked,11,Microsoft,@microsoft,@microsoft,https://x.com/microsoft,1989377791112945850,https://x.com/microsoft/status/1989377791112945850,Fri Nov 14 17:00:00 +0000 2025,"Building an app with no experience? That’s the power of vibe coding.
 
Whether you're a software developer or completely new to code, discover how AI can help anyone save time and boost creativity: https://t.co/gBHFE2WaX2 https://t.co/blAjLYkuJg",272,84,442,189,true,false,,primary,1,capped browser-based collection of observable public posts,0,data/raw/fortune_x_2025_ranked/011_microsoft/accounts/01_primary_microsoft,true,false,false,false,false,mixed,pending
fortune_top100_ranked::1966493606358724643,fortune_top100_ranked,fortune_x_2025_ranked,92,Uber Technologies,@Uber,@Uber,https://x.com/Uber,1966493606358724643,https://x.com/Uber/status/1966493606358724643,Fri Sep 12 13:26:26 +0000 2025,"RT @UberEats: Backseat glam, delivered!✨ Artistry, but make it on-the-go. Take it from the pros- order now from @Sephora on @UberEats! http…",0,30,0,0,false,false,,primary,1,capped browser-based collection of observable public posts,0,data/raw/fortune_x_2025_ranked/092_uber_technologies/accounts/01_primary_uber,true,false,true,false,false,mixed,pending
benchmark_aggressive_wendys::1598469601288982528,benchmark_aggressive_wendys,wendys_existing_collection,benchmark,Wendy's,@Wendys,@Wendys,https://x.com/Wendys/status/1598469601288982528,1598469601288982528,https://x.com/Wendys/status/1598469601288982528,Fri Dec 02 00:10:25 +0000 2022,Jim Cramer says he likes these 3 best-of-breed restaurant stocks https://t.co/wTyUzClLrx,14,17,19,4,false,unknown,,primary,1,legacy_json_import,0,data/wendys,true,false,false,false,false,en,pending
fortune_top100_ranked::1991899655949713598,fortune_top100_ranked,fortune_x_2025_ranked,82,Oracle,@oracle,@oracle,https://x.com/oracle,1991899655949713598,https://x.com/oracle/status/1991899655949713598,Fri Nov 21 16:01:00 +0000 2025,"""We focus on democratizing #AI."" Gary Miller, EVP &amp; Customer Success Officer, talked with me about @Oracle's approach to innovation, adoption, &amp; delivering outcomes for customers in a recent #CloudWars Live podcast → https://t.co/whm7L6Wq3O

#OracleAIWorld (sponsored by Oracle) https://t.co/QapsmMh2ht",1,14,8,0,true,false,,primary,1,capped browser-based collection of observable public posts,0,data/raw/fortune_x_2025_ranked/082_oracle/accounts/01_primary_oracle,true,false,false,false,false,mixed,pending
fortune_top100_ranked::1531799245463887872,fortune_top100_ranked,fortune_x_2025_ranked,27,Kroger,@kroger,@kroger,https://x.com/kroger,1531799245463887872,https://x.com/kroger/status/1531799245463887872,Wed Jun 01 00:46:14 +0000 2022,management team.  We have shared all your comments with the leadership team so they are aware and can actively work to make improvements.,35,1,5,0,false,false,,primary,1,capped browser-based collection of observable public posts,0,data/raw/fortune_x_2025_ranked/027_kroger/accounts/01_primary_kroger,true,false,false,false,false,en,pending
fortune_top100_ranked::2053839637613875228,fortune_top100_ranked,fortune_x_2025_ranked,66,IBM,@ibm,@ibm,https://x.com/ibm,2053839637613875228,https://x.com/ibm/status/2053839637613875228,Mon May 11 14:08:22 +0000 2026,"RT @ArvindKrishna: If you were unable to attend the #Think2026 keynote or are limited on time, this video summary outlines the key themes,…",0,26,0,0,true,false,,primary,1,capped browser-based collection of observable public posts,0,data/raw/fortune_x_2025_ranked/066_ibm/accounts/01_primary_ibm,true,false,true,false,false,mixed,pending
benchmark_self_defeating_moonpie::1524802657470369797,benchmark_self_defeating_moonpie,moonpie_existing_collection,benchmark,MoonPie,@MoonPie,@MoonPie,https://x.com/MoonPie/status/1524802657470369797,1524802657470369797,https://x.com/MoonPie/status/1524802657470369797,Thu May 12 17:24:17 +0000 2022,Do you know what's exactly the same size as a donut and would've been a better analogy because I do,16,61,655,0,false,unknown,,primary,1,legacy_json_import,0,data/moonpie,true,false,false,false,false,en,pending
benchmark_self_defeating_moonpie::1222969197673811969,benchmark_self_defeating_moonpie,moonpie_existing_collection,benchmark,MoonPie,@MoonPie,@MoonPie,https://x.com/MoonPie/status/1222969197673811969,1222969197673811969,https://x.com/MoonPie/status/1222969197673811969,Thu Jan 30 19:45:53 +0000 2020,Holy crap I just found out we’re running an 𝒂𝒄𝒕𝒖𝒂𝒍 𝒄𝒐𝒎𝒎𝒆𝒓𝒄𝒊𝒂𝒍 𝒐𝒏 𝒏𝒂𝒕𝒊𝒐𝒏𝒂𝒍 𝑻𝑽 for #TheBigThing this year and it’s gonna make you want to buy so many MoonPies,46,42,1046,11,false,unknown,,primary,1,legacy_json_import,0,data/moonpie,true,false,false,false,false,en,pending
fortune_top100_ranked::1604921183736135704,fortune_top100_ranked,fortune_x_2025_ranked,50,FedEx,@fedex,@fedex,https://x.com/fedex,1604921183736135704,https://x.com/fedex/status/1604921183736135704,Mon Dec 19 19:26:42 +0000 2022,RT @FedExOffice: We’ve proudly assisted @OprahDaily’s #OprahsFavoriteThings sweepstakes for over 10 years! Here’s a look at our incredible…,0,7,0,0,false,false,,primary,1,capped browser-based collection of observable public posts,0,data/raw/fortune_x_2025_ranked/050_fedex/accounts/01_primary_fedex,true,false,true,false,false,mixed,pending
fortune_top100_ranked::1627770431448010779,fortune_top100_ranked,fortune_x_2025_ranked,27,Kroger,@kroger,@kroger,https://x.com/kroger,1627770431448010779,https://x.com/kroger/status/1627770431448010779,Mon Feb 20 20:41:28 +0000 2023,No problem! 😀,52,4,15,2,true,false,,primary,1,capped browser-based collection of observable public posts,0,data/raw/fortune_x_2025_ranked/027_kroger/accounts/01_primary_kroger,true,false,false,false,false,mixed,pending
fortune_top100_ranked::1682410189121638402,fortune_top100_ranked,fortune_x_2025_ranked,58,Archer Daniels Midland,@ADMupdates,@ADMupdates,https://x.com/ADMupdates,1682410189121638402,https://x.com/ADMupdates/status/1682410189121638402,Fri Jul 21 15:20:21 +0000 2023,"Achieve brightness or opacity with naturally sourced white 

Watch this short video to learn more about ADM’s recent innovations in naturally derived white and why consumer demand for cleaner label ingredients prompted this groundbreaking range of solutions. https://t.co/kgsbbKM9wq",0,1,7,0,true,false,,primary,1,capped browser-based collection of observable public posts,0,data/raw/fortune_x_2025_ranked/058_archer_daniels_midland/accounts/01_primary_admupdates,true,false,false,false,false,mixed,pending
fortune_top100_ranked::2039326928541262299,fortune_top100_ranked,fortune_x_2025_ranked,22,Ford Motor,@Ford,@Ford,https://x.com/Ford,2039326928541262299,https://x.com/Ford/status/2039326928541262299,Wed Apr 01 13:00:03 +0000 2026,"@onXmaps To inspire your next adventure and help build confidence no matter your skill level, be sure to watch Chasing Off-Road Confidence: https://t.co/szR2gBHoKm",13,6,31,0,true,false,,primary,1,capped browser-based collection of observable public posts,0,data/raw/fortune_x_2025_ranked/022_ford_motor/accounts/01_primary_ford,true,false,false,true,false,en,pending
fortune_top100_ranked::1557063657510604802,fortune_top100_ranked,fortune_x_2025_ranked,14,Cigna Group,@TheCignaGroup,@Cigna,https://x.com/Cigna,1557063657510604802,https://x.com/Cigna/status/1557063657510604802,Tue Aug 09 17:57:59 +0000 2022,"Content from @Cigna: Cindy Ryan, Executive Vice President &amp; Chief Human Resources Officer of @Cigna explains how to keep business growing and productive during the uncertainty of the pandemic, the economy, and the workplace. https://t.co/SElkn6KfJT",1,2,2,0,false,false,,secondary,2,capped browser-based collection of observable public posts,0,data/raw/fortune_x_2025_ranked/014_cigna_group/accounts/02_secondary_cigna,true,false,false,false,false,en,pending
fortune_top100_ranked::1795592871405298163,fortune_top100_ranked,fortune_x_2025_ranked,21,Chevron,@chevron,@chevron,https://x.com/chevron,1795592871405298163,https://x.com/chevron/status/1795592871405298163,Tue May 28 23:07:55 +0000 2024,California gas prices are higher than the national average and California Senate Bill (SB) X1-2 could create more pain at the pump. Here are the top 5️⃣ things to know: https://t.co/am7kQGcg82 https://t.co/54Rp24ja3P,4,13,28,1,true,false,,primary,1,capped browser-based collection of observable public posts,0,data/raw/fortune_x_2025_ranked/021_chevron/accounts/01_primary_chevron,true,false,false,false,false,mixed,pending
fortune_top100_ranked::1741806485384970570,fortune_top100_ranked,fortune_x_2025_ranked,38,Wells Fargo,@wellsfargo,@wellsfargo,https://x.com/wellsfargo,1741806485384970570,https://x.com/wellsfargo/status/1741806485384970570,Mon Jan 01 13:00:01 +0000 2024,"Here’s to 2024! Cheers to new beginnings, endless possibilities, and unforgettable moments on the journey that lies ahead. ✨ https://t.co/SBtcVofGrx",25,5,30,1,true,false,,primary,1,capped browser-based collection of observable public posts,0,data/raw/fortune_x_2025_ranked/038_wells_fargo/accounts/01_primary_wellsfargo,true,false,false,false,false,mixed,pending
fortune_top100_ranked::1008375011583750145,fortune_top100_ranked,fortune_x_2025_ranked,57,Albertsons,@albertsons,@albertsons,https://x.com/albertsons,1008375011583750145,https://x.com/albertsons/status/1008375011583750145,Sun Jun 17 15:45:12 +0000 2018,Wishing you a very happy Father’s Day! https://t.co/HbIm7lyzTZ,0,1,5,0,false,false,,primary,1,capped browser-based collection of observable public posts,0,data/raw/fortune_x_2025_ranked/057_albertsons/accounts/01_primary_albertsons,true,false,false,false,false,mixed,pending
fortune_top100_ranked::1963256008651784242,fortune_top100_ranked,fortune_x_2025_ranked,37,Comcast,@comcast,@comcast,https://x.com/comcast,1963256008651784242,https://x.com/comcast/status/1963256008651784242,Wed Sep 03 15:01:22 +0000 2025,You can't resist this ✨ https://t.co/fpccd1K2fR,436,11553,42986,2503,true,false,,primary,1,capped browser-based collection of observable public posts,0,data/raw/fortune_x_2025_ranked/037_comcast/accounts/01_primary_comcast,true,false,false,false,false,mixed,pending
fortune_top100_ranked::1678446389473480706,fortune_top100_ranked,fortune_x_2025_ranked,89,Enterprise Products Partners,@EProd_Careers,@EProd_Careers,https://x.com/EProd_Careers,1678446389473480706,https://x.com/EProd_Careers/status/1678446389473480706,Mon Jul 10 16:49:37 +0000 2023,Make the most of your talents in a fast-paced environment driven by people who strive for achievement. Join us at Enterprise Products. Apply now! https://t.co/ewwtpeEfo6,0,0,0,0,true,false,,primary,1,capped browser-based collection of observable public posts,0,data/raw/fortune_x_2025_ranked/089_enterprise_products_partners/accounts/01_primary_eprod_careers,true,false,false,false,false,en,pending
fortune_top100_ranked::2062938868999938365,fortune_top100_ranked,fortune_x_2025_ranked,61,Lockheed Martin,@lockheedmartin,@lockheedmartin,https://x.com/lockheedmartin,2062938868999938365,https://x.com/lockheedmartin/status/2062938868999938365,Fri Jun 05 16:45:28 +0000 2026,"Our fleet modernization continues!

The Coast Guard recently accepted delivery of our 19th C-130J Super Hercules aircraft (CGNR 2019). With greater speed, range and endurance, this aircraft drastically expands our operational reach and maritime domain awareness.

The aircraft’s improved capabilities will help our crews save lives, respond to contingencies, and secure U.S. borders and maritime approaches, while supporting a wide range of critical operations.

Following missionization, CGNR 2019 is expected to enter operational service in 2027.

Read the full press release here: https://t.co/Ww74buHZU0
@DHSgov",15,90,460,4,true,false,,primary,1,capped browser-based collection of observable public posts,0,data/raw/fortune_x_2025_ranked/061_lockheed_martin/accounts/01_primary_lockheedmartin,true,false,false,false,false,mixed,pending
fortune_top100_ranked::1624045739985731584,fortune_top100_ranked,fortune_x_2025_ranked,94,TIAA,@tiaa,@tiaa,https://x.com/tiaa,1624045739985731584,https://x.com/tiaa/status/1624045739985731584,Fri Feb 10 14:00:52 +0000 2023,Women tend to have greater longevity literacy than men. Why does that matter? A new report from the TIAA Institute explains the connection between longevity literacy and retirement readiness. Get the facts. #longevityliteracy https://t.co/zviW237AXc https://t.co/8Pxalzpx7p,2,0,3,1,true,false,,primary,1,capped browser-based collection of observable public posts,0,data/raw/fortune_x_2025_ranked/094_tiaa/accounts/01_primary_tiaa,true,false,false,false,false,en,pending
fortune_top100_ranked::1937891100829594064,fortune_top100_ranked,fortune_x_2025_ranked,99,Nike,@nike,@nike,https://x.com/nike,1937891100829594064,https://x.com/nike/status/1937891100829594064,Wed Jun 25 15:10:17 +0000 2025,"Stream live on Nike’s YouTube, TikTok, Instagram, Twitch and Prime Video.",4,5,66,2,true,false,,primary,1,capped browser-based collection of observable public posts,0,data/raw/fortune_x_2025_ranked/099_nike/accounts/01_primary_nike,true,false,false,false,false,mixed,pending
fortune_top100_ranked::1999163777464271215,fortune_top100_ranked,fortune_x_2025_ranked,92,Uber Technologies,@Uber,@Uber,https://x.com/Uber,1999163777464271215,https://x.com/Uber/status/1999163777464271215,Thu Dec 11 17:06:01 +0000 2025,You asked…we delivered (literally). YOUBER 2025 is coming soon - because we can’t spell Uber without U! https://t.co/ojAwy1woyf,48,30,270,4,true,false,,primary,1,capped browser-based collection of observable public posts,0,data/raw/fortune_x_2025_ranked/092_uber_technologies/accounts/01_primary_uber,true,false,false,false,false,mixed,pending
fortune_top100_ranked::1832180856112205957,fortune_top100_ranked,fortune_x_2025_ranked,69,Nationwide,@nationwide,@nationwide,https://x.com/nationwide,1832180856112205957,https://x.com/nationwide/status/1832180856112205957,Fri Sep 06 22:15:31 +0000 2024,RT @OG_JoeSimo: Paintin Manning is perfect!,0,1,0,0,false,false,,primary,1,capped browser-based collection of observable public posts,0,data/raw/fortune_x_2025_ranked/069_nationwide/accounts/01_primary_nationwide,true,false,true,false,false,en,pending
fortune_top100_ranked::2059002315928138221,fortune_top100_ranked,fortune_x_2025_ranked,32,State Farm Insurance,@StateFarm,@StateFarm,https://x.com/StateFarm,2059002315928138221,https://x.com/StateFarm/status/2059002315928138221,Mon May 25 20:03:01 +0000 2026,Congratulations Cade Cunningham on being named to the All-NBA First Team! https://t.co/bnbqfXPySc,2,1,6,0,true,false,,primary,1,capped browser-based collection of observable public posts,0,data/raw/fortune_x_2025_ranked/032_state_farm_insurance/accounts/01_primary_statefarm,true,false,false,false,false,en,pending
benchmark_self_defeating_moonpie::947548663064268802,benchmark_self_defeating_moonpie,moonpie_existing_collection,benchmark,MoonPie,@MoonPie,@MoonPie,https://x.com/MoonPie/status/947548663064268802,947548663064268802,https://x.com/MoonPie/status/947548663064268802,Sun Dec 31 19:23:00 +0000 2017,Hope everyone can make it out https://t.co/SQG9Y1VDt0,157,907,5731,0,false,unknown,,primary,1,legacy_json_import,0,data/moonpie,true,false,false,false,false,en,pending
benchmark_aggressive_wendys::1360007619256209416,benchmark_aggressive_wendys,wendys_existing_collection,benchmark,Wendy's,@Wendys,@Wendys,https://x.com/Wendys/status/1360007619256209416,1360007619256209416,https://x.com/Wendys/status/1360007619256209416,Thu Feb 11 23:27:38 +0000 2021,lol a true national treasure,34,130,2377,10,false,unknown,,primary,1,legacy_json_import,0,data/wendys,true,false,false,false,false,en,pending
benchmark_aggressive_wendys::1357769514528743424,benchmark_aggressive_wendys,wendys_existing_collection,benchmark,Wendy's,@Wendys,@Wendys,https://x.com/Wendys/status/1357769514528743424,1357769514528743424,https://x.com/Wendys/status/1357769514528743424,Fri Feb 05 19:14:13 +0000 2021,Watch us make some Totally Reliable Deliveries while getting $0 delivery on Grubhub with $15 minimum order. We’re streaming live now: https://t.co/P0GZ7DIn5g,58,24,490,7,false,unknown,,primary,1,legacy_json_import,0,data/wendys,true,false,false,false,false,en,pending
fortune_top100_ranked::1516076586566623233,fortune_top100_ranked,fortune_x_2025_ranked,98,Coca-Cola,@cocacola,@cocacola,https://x.com/cocacola,1516076586566623233,https://x.com/cocacola/status/1516076586566623233,Mon Apr 18 15:30:00 +0000 2022,... - .- .-. .-.. .. --. .... - #CocaColaStarlight #RealMagic #CocaColaCreations,36,26,151,4,false,false,,primary,1,capped browser-based collection of observable public posts,0,data/raw/fortune_x_2025_ranked/098_coca_cola/accounts/01_primary_cocacola,true,false,false,false,false,en,pending
benchmark_self_defeating_moonpie::1465478964110049291,benchmark_self_defeating_moonpie,moonpie_existing_collection,benchmark,MoonPie,@MoonPie,@MoonPie,https://x.com/MoonPie/status/1465478964110049291,1465478964110049291,https://x.com/MoonPie/status/1465478964110049291,Tue Nov 30 00:33:06 +0000 2021,Not sure if anyone has heard but I had a good idea https://t.co/74n8JHkXWL,64,74,1583,8,false,unknown,,primary,1,legacy_json_import,0,data/moonpie,true,false,false,false,false,en,pending
fortune_top100_ranked::1942630101163610161,fortune_top100_ranked,fortune_x_2025_ranked,28,Verizon Communications,@Verizon,@Verizon,https://x.com/Verizon,1942630101163610161,https://x.com/Verizon/status/1942630101163610161,Tue Jul 08 17:01:23 +0000 2025,"In response to the Central Texas floods, Verizon is making a $100K donation to Texas Search and Rescue (TEXSAR) and is waiving domestic call/text/data usage for affected customers (July 7 - Aug 3). Learn more: https://t.co/532d2DlRk0",597,49,181,6,true,false,,primary,1,capped browser-based collection of observable public posts,0,data/raw/fortune_x_2025_ranked/028_verizon_communications/accounts/01_primary_verizon,true,false,false,false,false,en,pending
benchmark_aggressive_wendys::1720855479293731083,benchmark_aggressive_wendys,wendys_existing_collection,benchmark,Wendy's,@Wendys,@Wendys,https://x.com/Wendys/status/1720855479293731083,1720855479293731083,https://x.com/Wendys/status/1720855479293731083,Sat Nov 04 17:28:12 +0000 2023,Attack this croissant am i right https://t.co/h3zS2Rfkhw,101,184,1815,37,true,unknown,,primary,1,legacy_json_import,0,data/wendys,true,false,false,false,false,en,pending
fortune_top100_ranked::2054982307983851656,fortune_top100_ranked,fortune_x_2025_ranked,90,Ingram Micro Holding,@IngramMicroInc,@IngramMicroInc,https://x.com/IngramMicroInc,2054982307983851656,https://x.com/IngramMicroInc/status/2054982307983851656,Thu May 14 17:48:56 +0000 2026,We are excited to share that Ingram Micro has been named “Global Distributor” for HPE! With full access to HPE’s entire portfolio we’re better positioned to help partners grow. Read more here:https://t.co/kTGrrne4qE #ingrammicro #HPE #globaldistributor,0,1,2,0,true,false,,primary,1,capped browser-based collection of observable public posts,0,data/raw/fortune_x_2025_ranked/090_ingram_micro_holding/accounts/01_primary_ingrammicroinc,true,false,false,false,false,mixed,pending
fortune_top100_ranked::1856315676618633344,fortune_top100_ranked,fortune_x_2025_ranked,15,Cardinal Health,@cardinalhealth,@cardinalhealth,https://x.com/cardinalhealth,1856315676618633344,https://x.com/cardinalhealth/status/1856315676618633344,Tue Nov 12 12:38:40 +0000 2024,"Last night, we announced two definitive agreements that complement our growth strategy:

▪️Acquisition of a majority stake in @GI_Alliance; and the
▪️Acquisition of the Advanced Diabetes Supply Group @ADSnorthcoast 

Read more here: https://t.co/f2PuOMUbdk

$CAH https://t.co/idf8VoEEgu",5,7,15,2,true,false,,primary,1,capped browser-based collection of observable public posts,0,data/raw/fortune_x_2025_ranked/015_cardinal_health/accounts/01_primary_cardinalhealth,true,false,false,false,false,mixed,pending
fortune_top100_ranked::1667155691935608833,fortune_top100_ranked,fortune_x_2025_ranked,58,Archer Daniels Midland,@ADMupdates,@ADMupdates,https://x.com/ADMupdates,1667155691935608833,https://x.com/ADMupdates/status/1667155691935608833,Fri Jun 09 13:04:25 +0000 2023,"Did you know that blue is one of the rarest colors in nature ? 💙 🎨

ADM’s dedication to raw material innovation led us to a remarkable fruit and a groundbreaking naturally derived blue color for foods and beverages. 
#blue https://t.co/T4JlvP57nV",0,1,14,0,true,false,,primary,1,capped browser-based collection of observable public posts,0,data/raw/fortune_x_2025_ranked/058_archer_daniels_midland/accounts/01_primary_admupdates,true,false,false,false,false,mixed,pending
fortune_top100_ranked::1461747081668972544,fortune_top100_ranked,fortune_x_2025_ranked,18,Elevance Health,@elevancehealth,@elevancehealth,https://x.com/elevancehealth,1461747081668972544,https://x.com/elevancehealth/status/1461747081668972544,Fri Nov 19 17:23:56 +0000 2021,"RT @FultonCoSchools: Anthem, Heart of America, &amp; iHeart join Principal Otway, Dr. Whitaker &amp; Board VP Dove for food pantry ribbon cutting a…",0,13,0,0,false,false,,primary,1,capped browser-based collection of observable public posts,0,data/raw/fortune_x_2025_ranked/018_elevance_health/accounts/01_primary_elevancehealth,true,false,true,false,false,mixed,pending
fortune_top100_ranked::1809966991697916004,fortune_top100_ranked,fortune_x_2025_ranked,2,Walmart,@walmart,@walmart,https://x.com/walmart,1809966991697916004,https://x.com/walmart/status/1809966991697916004,Sun Jul 07 15:05:33 +0000 2024,Happy World Chocolate Day to her and her only. https://t.co/dezWgh44k7,23,15,94,3,true,false,,primary,1,capped browser-based collection of observable public posts,0,data/raw/fortune_x_2025_ranked/002_walmart/accounts/01_primary_walmart,true,false,false,false,false,en,pending
benchmark_self_defeating_moonpie::2039482821392097425,benchmark_self_defeating_moonpie,moonpie_existing_collection,benchmark,MoonPie,@MoonPie,@MoonPie,https://x.com/MoonPie/status/2039482821392097425,2039482821392097425,https://x.com/MoonPie/status/2039482821392097425,Wed Apr 01 23:19:31 +0000 2026,Please tell the moon how much we love her,64,1018,17217,25,true,unknown,,primary,1,legacy_json_import,0,data/moonpie,true,false,false,false,false,en,pending
fortune_top100_ranked::1936061711284371931,fortune_top100_ranked,fortune_x_2025_ranked,32,State Farm Insurance,@StateFarm,@StateFarm,https://x.com/StateFarm,1936061711284371931,https://x.com/StateFarm/status/1936061711284371931,Fri Jun 20 14:00:56 +0000 2025,It can take just 15 minutes for dogs and cats to die of heatstroke inside a hot vehicle. We've teamed up with @Trupanion to provide important information about the dangers of leaving your pet in your car – please keep them safe this summer! https://t.co/T0Gg04FFjd https://t.co/FcjGnayLOh,19,13,19,0,true,false,,primary,1,capped browser-based collection of observable public posts,0,data/raw/fortune_x_2025_ranked/032_state_farm_insurance/accounts/01_primary_statefarm,true,false,false,false,false,mixed,pending
fortune_top100_ranked::1936098497746682078,fortune_top100_ranked,fortune_x_2025_ranked,99,Nike,@nike,@nike,https://x.com/nike,1936098497746682078,https://x.com/nike/status/1936098497746682078,Fri Jun 20 16:27:07 +0000 2025,"RT @PrimeVideo: One woman. One mile. One dream. Breaking4, streaming now. https://t.co/6dqtLL7XSE",0,57,0,0,true,false,,primary,1,capped browser-based collection of observable public posts,0,data/raw/fortune_x_2025_ranked/099_nike/accounts/01_primary_nike,true,false,true,false,false,en,pending
fortune_top100_ranked::1628107688503570432,fortune_top100_ranked,fortune_x_2025_ranked,10,Cencora,@CencoraGlobal,@CencoraGlobal,https://x.com/CencoraGlobal,1628107688503570432,https://x.com/CencoraGlobal/status/1628107688503570432,Tue Feb 21 19:01:36 +0000 2023,"While at Phacilitate Advanced Therapies Week, our team members discussed our expertise around accelerating access to C&amp;G therapies. 

Watch our Jeff Buck discuss how partnership can increase advanced therapies’ connectivity &amp; speed to market. https://t.co/iTkEMQqM67",0,0,2,0,true,false,,primary,1,capped browser-based collection of observable public posts,0,data/raw/fortune_x_2025_ranked/010_cencora/accounts/01_primary_cencoraglobal,true,false,false,false,false,mixed,pending
benchmark_self_defeating_moonpie::1509223196821704711,benchmark_self_defeating_moonpie,moonpie_existing_collection,benchmark,MoonPie,@MoonPie,@MoonPie,https://x.com/MoonPie/status/1509223196821704711,1509223196821704711,https://x.com/MoonPie/status/1509223196821704711,Wed Mar 30 17:37:04 +0000 2022,Yes your website has been an absolute treat this week thanks,17,32,616,0,false,unknown,,primary,1,legacy_json_import,0,data/moonpie,true,false,false,false,false,en,pending
benchmark_aggressive_wendys::1278506710244765697,benchmark_aggressive_wendys,wendys_existing_collection,benchmark,Wendy's,@Wendys,@Wendys,https://x.com/Wendys/status/1278506710244765697,1278506710244765697,https://x.com/Wendys/status/1278506710244765697,Thu Jul 02 01:52:07 +0000 2020,"Title III of the #HigherEducation Act of 1965, Congress officially defined a Historically Black College and University, as a school of higher learning that is accredited and established before 1964, and whose principal mission was and is the education of African-Americans. https://t.co/HrTBTAzQZX",0,0,5,0,false,unknown,,primary,1,legacy_json_import,0,data/wendys,true,false,false,false,false,en,pending
fortune_top100_ranked::1671250322063335425,fortune_top100_ranked,fortune_x_2025_ranked,96,Travelers,@travelers,@travelers,https://x.com/travelers,1671250322063335425,https://x.com/travelers/status/1671250322063335425,Tue Jun 20 20:15:01 +0000 2023,"Have you ever been curious about holding an elected office? Join Travelers Group General Counsel and Head of Civic Engagement Janice Brunner, along with guests, to find out how to use your skills for the benefit of your community as a public official: https://t.co/QCJB2FHpI9 https://t.co/72DHETIRjA",0,0,0,0,true,false,,primary,1,capped browser-based collection of observable public posts,0,data/raw/fortune_x_2025_ranked/096_travelers/accounts/01_primary_travelers,true,false,false,false,false,en,pending
fortune_top100_ranked::1892321622964527494,fortune_top100_ranked,fortune_x_2025_ranked,36,Goldman Sachs Group,@GoldmanSachs,@GoldmanSachs,https://x.com/GoldmanSachs,1892321622964527494,https://x.com/GoldmanSachs/status/1892321622964527494,Wed Feb 19 21:13:27 +0000 2025,RT @BusinessInsider: Goldman Sachs partner Eric Jordan breaks down how to ace Wall Street's 'superday' interview process for summer interns…,0,8,0,0,false,false,,primary,1,capped browser-based collection of observable public posts,0,data/raw/fortune_x_2025_ranked/036_goldman_sachs_group/accounts/01_primary_goldmansachs,true,false,true,false,false,mixed,pending
fortune_top100_ranked::1937133542275682390,fortune_top100_ranked,fortune_x_2025_ranked,38,Wells Fargo,@wellsfargo,@wellsfargo,https://x.com/wellsfargo,1937133542275682390,https://x.com/wellsfargo/status/1937133542275682390,Mon Jun 23 13:00:01 +0000 2025,"Today marks the start of Employee Appreciation Week at Wells Fargo!

We’re celebrating the incredible people who make a difference every day—serving our customers, supporting our communities, and driving our mission forward.

Thank you for everything you do! https://t.co/nBxbvWi73a",17,11,29,6,true,false,,primary,1,capped browser-based collection of observable public posts,0,data/raw/fortune_x_2025_ranked/038_wells_fargo/accounts/01_primary_wellsfargo,true,false,false,false,false,mixed,pending
fortune_top100_ranked::2054552507414655403,fortune_top100_ranked,fortune_x_2025_ranked,41,Dell Technologies,@Dell,@Dell,https://x.com/Dell,2054552507414655403,https://x.com/Dell/status/2054552507414655403,Wed May 13 13:21:04 +0000 2026,"Something special is coming this fall. We've teamed up with @Google to create a premium, powerful laptop built for Intelligence. #Googlebook #GeminiIntelligence Learn more at https://t.co/cWdayKqiYm",9,11,113,0,true,false,,primary,1,capped browser-based collection of observable public posts,0,data/raw/fortune_x_2025_ranked/041_dell_technologies/accounts/01_primary_dell,true,false,false,false,false,en,pending
fortune_top100_ranked::1586086674215452672,fortune_top100_ranked,fortune_x_2025_ranked,54,Procter & Gamble,@ProcterGamble,@ProcterGamble,https://x.com/ProcterGamble,1586086674215452672,https://x.com/ProcterGamble/status/1586086674215452672,Fri Oct 28 20:05:05 +0000 2022,"Learn more about our partnership with @FeedingAmerica and @FreestoreFB: 
 https://t.co/6IJrqNF8e4",0,3,3,0,false,false,,primary,1,capped browser-based collection of observable public posts,0,data/raw/fortune_x_2025_ranked/054_procter_gamble/accounts/01_primary_proctergamble,true,false,false,false,false,en,pending
fortune_top100_ranked::1505542672521568259,fortune_top100_ranked,fortune_x_2025_ranked,52,Lowe's,@lowes,@lowes,https://x.com/lowes,1505542672521568259,https://x.com/lowes/status/1505542672521568259,Sun Mar 20 13:51:59 +0000 2022,RT @FriendsFireball: #seedingspring🌷 https://t.co/1JxZhydpIt,0,2,0,0,false,false,,primary,1,capped browser-based collection of observable public posts,0,data/raw/fortune_x_2025_ranked/052_lowe_s/accounts/01_primary_lowes,true,false,true,false,false,mixed,pending
fortune_top100_ranked::2039372215053914529,fortune_top100_ranked,fortune_x_2025_ranked,26,Fannie Mae,@fanniemae,@fanniemae,https://x.com/fanniemae,2039372215053914529,https://x.com/fanniemae/status/2039372215053914529,Wed Apr 01 16:00:00 +0000 2026,"Find clear, consistent requirements across all income types — from salaried borrowers to those with variable income. Explore how. https://t.co/paXTj93kmB https://t.co/4d1EzcfupO",0,0,2,0,true,false,,primary,1,capped browser-based collection of observable public posts,0,data/raw/fortune_x_2025_ranked/026_fannie_mae/accounts/01_primary_fanniemae,true,false,false,false,false,mixed,pending
benchmark_self_defeating_moonpie::1773723253061607637,benchmark_self_defeating_moonpie,moonpie_existing_collection,benchmark,MoonPie,@MoonPie,@MoonPie,https://x.com/MoonPie/status/1773723253061607637,1773723253061607637,https://x.com/MoonPie/status/1773723253061607637,Fri Mar 29 14:45:52 +0000 2024,Do not anger the moon https://t.co/v1g0wj7oEO,7,21,147,4,true,unknown,,primary,1,legacy_json_import,0,data/moonpie,true,false,false,false,false,en,pending
fortune_top100_ranked::1461033658471518212,fortune_top100_ranked,fortune_x_2025_ranked,6,CVS Health,@cvshealth,@cvshealth,https://x.com/cvshealth,1461033658471518212,https://x.com/cvshealth/status/1461033658471518212,Wed Nov 17 18:09:03 +0000 2021,"Join us tomorrow on #CVSHealth Live, where 
@jessdamassa and @michelleapeluso will discuss how we are evolving to meet the changing needs of our customers. Tune in to our Facebook or LinkedIn at 9 a.m. ET.  #HealthierHappensTogether https://t.co/E6m6cOPIya",3,2,7,2,false,false,,primary,1,capped browser-based collection of observable public posts,0,data/raw/fortune_x_2025_ranked/006_cvs_health/accounts/01_primary_cvshealth,true,false,false,false,false,en,pending
benchmark_aggressive_wendys::1315698806793687040,benchmark_aggressive_wendys,wendys_existing_collection,benchmark,Wendy's,@Wendys,@Wendys,https://x.com/Wendys/status/1315698806793687040,1315698806793687040,https://x.com/Wendys/status/1315698806793687040,Mon Oct 12 17:00:14 +0000 2020,"For the next 24 hrs, this Wendy’s Breakfast coupon to use on @UberEats will get more valuable every time you retweet it (One retweet per person, ya animals). If you wanna pay full price for breakfast this week, ignore this tweet. https://t.co/jY9a37GZXx",229,8219,3590,178,false,unknown,,primary,1,legacy_json_import,0,data/wendys,true,false,false,false,false,en,pending
benchmark_aggressive_wendys::1257152398566592516,benchmark_aggressive_wendys,wendys_existing_collection,benchmark,Wendy's,@Wendys,@Wendys,https://x.com/Wendys/status/1257152398566592516,1257152398566592516,https://x.com/Wendys/status/1257152398566592516,Mon May 04 03:37:43 +0000 2020,"No, this is THE Wendy's.",186,404,10419,20,false,unknown,,primary,1,legacy_json_import,0,data/wendys,true,false,false,false,false,en,pending
fortune_top100_ranked::1403374070079631363,fortune_top100_ranked,fortune_x_2025_ranked,68,Merck,@merck,@merck,https://x.com/merck,1403374070079631363,https://x.com/merck/status/1403374070079631363,Fri Jun 11 15:30:26 +0000 2021,To care kindly is to care correctly. Our LGBTQ+ voices share the importance of caring for all patients with compassion. #Pride2021 🌍🔬 https://t.co/DUN7d17PvJ,3,1,9,0,false,false,,primary,1,capped browser-based collection of observable public posts,0,data/raw/fortune_x_2025_ranked/068_merck/accounts/01_primary_merck,true,false,false,false,false,mixed,pending
fortune_top100_ranked::1964705215296213171,fortune_top100_ranked,fortune_x_2025_ranked,22,Ford Motor,@Ford,@Ford,https://x.com/Ford,1964705215296213171,https://x.com/Ford/status/1964705215296213171,Sun Sep 07 15:00:00 +0000 2025,"Rejoice. Tailgating season is upon us.

Show us your setups.",46,13,165,4,true,false,,primary,1,capped browser-based collection of observable public posts,0,data/raw/fortune_x_2025_ranked/022_ford_motor/accounts/01_primary_ford,true,false,false,false,false,en,pending
benchmark_self_defeating_moonpie::1338996894400438272,benchmark_self_defeating_moonpie,moonpie_existing_collection,benchmark,MoonPie,@MoonPie,@MoonPie,https://x.com/MoonPie/status/1338996894400438272,1338996894400438272,https://x.com/MoonPie/status/1338996894400438272,Tue Dec 15 23:58:31 +0000 2020,That better be a can of milk pal,19,55,1691,1,false,unknown,,primary,1,legacy_json_import,0,data/moonpie,true,false,false,false,false,en,pending
benchmark_aggressive_wendys::1625171742267256839,benchmark_aggressive_wendys,wendys_existing_collection,benchmark,Wendy's,@Wendys,@Wendys,https://x.com/Wendys/status/1625171742267256839,1625171742267256839,https://x.com/Wendys/status/1625171742267256839,Mon Feb 13 16:35:12 +0000 2023,"Just kidding, found it. #Daytona500 #NASCAR",161,153,2075,15,true,unknown,,primary,1,legacy_json_import,0,data/wendys,true,false,false,false,false,en,pending
fortune_top100_ranked::2011459475136196998,fortune_top100_ranked,fortune_x_2025_ranked,39,Morgan Stanley,@morganstanley,@morganstanley,https://x.com/morganstanley,2011459475136196998,https://x.com/morganstanley/status/2011459475136196998,Wed Jan 14 15:24:44 +0000 2026,$MS reports its 4Q and FY 2025 financial results on Thursday January 15th at approx. 7:30 a.m. ET. Conference call at 8:30 a.m. ET https://t.co/FH9YLQkRLJ https://t.co/TdwSz3tE8s,7,2,14,0,true,false,,primary,1,capped browser-based collection of observable public posts,0,data/raw/fortune_x_2025_ranked/039_morgan_stanley/accounts/01_primary_morganstanley,true,false,false,false,false,en,pending
benchmark_self_defeating_moonpie::1900694905803911577,benchmark_self_defeating_moonpie,moonpie_existing_collection,benchmark,MoonPie,@MoonPie,@MoonPie,https://x.com/MoonPie/status/1900694905803911577,1900694905803911577,https://x.com/MoonPie/status/1900694905803911577,Fri Mar 14 23:45:53 +0000 2025,Say what you will but I think pi day should be a company holiday for anyone who makes pies or uses mathematics or potentially both if they are accountants,19,49,750,3,true,unknown,,primary,1,legacy_json_import,0,data/moonpie,true,false,false,false,false,en,pending
benchmark_self_defeating_moonpie::898553807096782849,benchmark_self_defeating_moonpie,moonpie_existing_collection,benchmark,MoonPie,@MoonPie,@MoonPie,https://x.com/MoonPie/status/898553807096782849,898553807096782849,https://x.com/MoonPie/status/898553807096782849,Fri Aug 18 14:34:56 +0000 2017,"Legend has it that if you eat a MoonPie at the climax of eclipse, you get one free wish from the eclipse fairy",3,42,220,0,false,unknown,,primary,1,legacy_json_import,0,data/moonpie,true,false,false,false,false,en,pending
fortune_top100_ranked::2046654371195146498,fortune_top100_ranked,fortune_x_2025_ranked,44,Walt Disney,@Disney,@Disney,https://x.com/Disney,2046654371195146498,https://x.com/Disney/status/2046654371195146498,Tue Apr 21 18:16:41 +0000 2026,"RT @20thcentury: Icons all around. The cast of The Devil Wears Prada 2 stunned the red carpet at the World Premiere in New York City. 

Exp…",0,212,0,0,true,false,,primary,1,capped browser-based collection of observable public posts,0,data/raw/fortune_x_2025_ranked/044_walt_disney/accounts/01_primary_disney,true,false,true,false,false,mixed,pending
fortune_top100_ranked::1710055996477898907,fortune_top100_ranked,fortune_x_2025_ranked,12,JPMorgan Chase,@jpmorgan,@jpmorgan,https://x.com/jpmorgan,1710055996477898907,https://x.com/jpmorgan/status/1710055996477898907,Thu Oct 05 22:14:55 +0000 2023,"Generative AI. Innovative startups. Inclusive growth.

These are just a few of the topics discussed at our 8th annual Leadership Day in NYC. 🗽 Thanks to our speakers, clients, and employees who brought the energy and inspiration to Times Square!

📸 Lucy Kennedy Photography LLC https://t.co/9gOn7VBFtG",44,59,72,3,true,false,,primary,1,capped browser-based collection of observable public posts,0,data/raw/fortune_x_2025_ranked/012_jpmorgan_chase/accounts/01_primary_jpmorgan,true,false,false,false,false,mixed,pending
fortune_top100_ranked::1876337049026142543,fortune_top100_ranked,fortune_x_2025_ranked,75,ConocoPhillips,@conocophillips,@conocophillips,https://x.com/conocophillips,1876337049026142543,https://x.com/conocophillips/status/1876337049026142543,Mon Jan 06 18:36:27 +0000 2025,"RT @COP_Alaska: Last month, first oil was achieved at #Nuna drillsite 3T. From fabrication to first oil, the project’s milestones belong to…",0,10,0,0,false,false,,primary,1,capped browser-based collection of observable public posts,0,data/raw/fortune_x_2025_ranked/075_conocophillips/accounts/01_primary_conocophillips,true,false,true,false,false,mixed,pending
fortune_top100_ranked::2000943303210987953,fortune_top100_ranked,fortune_x_2025_ranked,90,Ingram Micro Holding,@IngramMicroInc,@IngramMicroInc,https://x.com/IngramMicroInc,2000943303210987953,https://x.com/IngramMicroInc/status/2000943303210987953,Tue Dec 16 14:57:13 +0000 2025,"⭐Through the Wish Tree initiative, Ingram Micro Germany is once again making dreams come true for children from underprivileged backgrounds. We're proud to support our communities #ingrammicro #ingrammicrogermany https://t.co/jFc7B1HAdl",0,0,1,0,true,false,,primary,1,capped browser-based collection of observable public posts,0,data/raw/fortune_x_2025_ranked/090_ingram_micro_holding/accounts/01_primary_ingrammicroinc,true,false,false,false,false,mixed,pending
fortune_top100_ranked::1842949938319126988,fortune_top100_ranked,fortune_x_2025_ranked,69,Nationwide,@nationwide,@nationwide,https://x.com/nationwide,1842949938319126988,https://x.com/nationwide/status/1842949938319126988,Sun Oct 06 15:28:00 +0000 2024,We are dedicated to aiding those impacted by Helene with the deployment of our Catastrophe Response Units to impacted areas and through the Nationwide Foundation’s recent donation to the Red Cross. #Helene #staysafe https://t.co/ZCr29d34Pr,1,1,1,0,true,false,,primary,1,capped browser-based collection of observable public posts,0,data/raw/fortune_x_2025_ranked/069_nationwide/accounts/01_primary_nationwide,true,false,false,false,false,mixed,pending
benchmark_self_defeating_moonpie::1558756449668448257,benchmark_self_defeating_moonpie,moonpie_existing_collection,benchmark,MoonPie,@MoonPie,@MoonPie,https://x.com/MoonPie/status/1558756449668448257,1558756449668448257,https://x.com/MoonPie/status/1558756449668448257,Sun Aug 14 10:04:32 +0000 2022,My cousin’s 2 year old daughter is SOBBING in the car right now “I want the moon” I think she’s gonna grow up to be a poet,246,5731,96245,758,false,unknown,,primary,1,legacy_json_import,0,data/moonpie,true,false,false,false,false,en,pending
fortune_top100_ranked::1732037113053413874,fortune_top100_ranked,fortune_x_2025_ranked,34,Humana,@humana,@humana,https://x.com/humana,1732037113053413874,https://x.com/humana/status/1732037113053413874,Tue Dec 05 14:00:02 +0000 2023,"Our Sales Agents get to know the needs of our members and our communities and, together, we create solutions to help people achieve the best version of themselves.",2,0,1,0,true,false,,primary,1,capped browser-based collection of observable public posts,0,data/raw/fortune_x_2025_ranked/034_humana/accounts/01_primary_humana,true,false,false,false,false,en,pending
fortune_top100_ranked::1537870560012779521,fortune_top100_ranked,fortune_x_2025_ranked,98,Coca-Cola,@cocacola,@cocacola,https://x.com/cocacola,1537870560012779521,https://x.com/cocacola/status/1537870560012779521,Fri Jun 17 18:51:28 +0000 2022,#Toronto the views from the 6 now include the 2026 World Cup ⚽️. Are your face paints ready?,6,10,56,1,false,false,,primary,1,capped browser-based collection of observable public posts,0,data/raw/fortune_x_2025_ranked/098_coca_cola/accounts/01_primary_cocacola,true,false,false,false,false,mixed,pending
fortune_top100_ranked::1883105926368182469,fortune_top100_ranked,fortune_x_2025_ranked,99,Nike,@nike,@nike,https://x.com/nike,1883105926368182469,https://x.com/nike/status/1883105926368182469,Sat Jan 25 10:53:33 +0000 2025,The difference between patience and persistence is your first major. Congrats @Madison_Keys on winning in Melbourne. https://t.co/AE39EscqDZ,110,1121,10025,117,true,false,,primary,1,capped browser-based collection of observable public posts,0,data/raw/fortune_x_2025_ranked/099_nike/accounts/01_primary_nike,true,false,false,false,false,en,pending
fortune_top100_ranked::1326534584914284544,fortune_top100_ranked,fortune_x_2025_ranked,45,Johnson & Johnson,@JNJNews,@JNJNews,https://x.com/JNJNews,1326534584914284544,https://x.com/JNJNews/status/1326534584914284544,Wed Nov 11 14:37:45 +0000 2020,"When James, Edward Mead &amp; Robert Johnson, the company’s first president, founded #JNJ, they pledged to provide progressive benefits to military employees—a legacy that lives on today. This #VeteransDay, learn about the ways J&amp;J supports those who serve: https://t.co/kpfCgnFheZ https://t.co/75AodYzM9R",0,7,20,0,false,false,,primary,1,capped browser-based collection of observable public posts,0,data/raw/fortune_x_2025_ranked/045_johnson_johnson/accounts/01_primary_jnjnews,true,false,false,false,false,mixed,pending
benchmark_aggressive_wendys::1976057070555132086,benchmark_aggressive_wendys,wendys_existing_collection,benchmark,Wendy's,@Wendys,@Wendys,https://x.com/Wendys/status/1976057070555132086,1976057070555132086,https://x.com/Wendys/status/1976057070555132086,Wed Oct 08 22:48:13 +0000 2025,Canceling my hair appointment at angie’s 1.5 salons,243,153,1813,76,true,unknown,,primary,1,legacy_json_import,0,data/wendys,true,false,false,false,false,en,pending
fortune_top100_ranked::1988609141485535558,fortune_top100_ranked,fortune_x_2025_ranked,51,Progressive,@progressive,@progressive,https://x.com/progressive,1988609141485535558,https://x.com/progressive/status/1988609141485535558,Wed Nov 12 14:05:40 +0000 2025,"Renters insurance used to be a vicious cycle. Not anymore! With renters insurance from Progressive, you'll get great rates and great coverage. https://t.co/boso21n7lq",9,3,5,0,true,false,,primary,1,capped browser-based collection of observable public posts,0,data/raw/fortune_x_2025_ranked/051_progressive/accounts/01_primary_progressive,true,false,false,false,false,en,pending
fortune_top100_ranked::1471842400733593602,fortune_top100_ranked,fortune_x_2025_ranked,75,ConocoPhillips,@conocophillips,@conocophillips,https://x.com/conocophillips,1471842400733593602,https://x.com/conocophillips/status/1471842400733593602,Fri Dec 17 13:59:08 +0000 2021,"Congratulations to TOPL, winner of the inaugural Energy Innovator Award at the @23WPC2021 Innovation Zone, sponsored by #ConocoPhillips. Learn more about our approach to innovation: https://t.co/phPyiSf2Yt https://t.co/gmBdJWqnK6",0,0,2,0,false,false,,primary,1,capped browser-based collection of observable public posts,0,data/raw/fortune_x_2025_ranked/075_conocophillips/accounts/01_primary_conocophillips,true,false,false,false,false,en,pending
benchmark_aggressive_wendys::1321830152662327297,benchmark_aggressive_wendys,wendys_existing_collection,benchmark,Wendy's,@Wendys,@Wendys,https://x.com/Wendys/status/1321830152662327297,1321830152662327297,https://x.com/Wendys/status/1321830152662327297,Thu Oct 29 15:04:01 +0000 2020,Need a set of eyes on those costumes before Halloween? Reply to this tweet with a pic and we’ll let you know what we think.,996,162,7576,85,false,unknown,,primary,1,legacy_json_import,0,data/wendys,true,false,false,false,false,en,pending
fortune_top100_ranked::1792943501920878875,fortune_top100_ranked,fortune_x_2025_ranked,36,Goldman Sachs Group,@GoldmanSachs,@GoldmanSachs,https://x.com/GoldmanSachs,1792943501920878875,https://x.com/GoldmanSachs/status/1792943501920878875,Tue May 21 15:40:16 +0000 2024,"Investor expectations about China’s growth are now more in line with reality, says Goldman Sachs Research’s Hui Shan: https://t.co/fM6hRhc6mc #GSExchanges https://t.co/7dpajsQ72O",9,12,28,1,true,false,,primary,1,capped browser-based collection of observable public posts,0,data/raw/fortune_x_2025_ranked/036_goldman_sachs_group/accounts/01_primary_goldmansachs,true,false,false,false,false,mixed,pending
fortune_top100_ranked::2057102854330921239,fortune_top100_ranked,fortune_x_2025_ranked,53,Energy Transfer,@energytransfer,@energytransfer,https://x.com/energytransfer,2057102854330921239,https://x.com/energytransfer/status/2057102854330921239,Wed May 20 14:15:14 +0000 2026,"We're making our way to communities across Arizona, donating $25,000 to food banks and fire departments as part of our outreach along the proposed @Desert_SW_pipe project. Grateful to these organizations for their impact!
https://t.co/wfMx4FhYfB",0,1,1,0,true,false,,primary,1,capped browser-based collection of observable public posts,0,data/raw/fortune_x_2025_ranked/053_energy_transfer/accounts/01_primary_energytransfer,true,false,false,false,false,en,pending
fortune_top100_ranked::1090339994839990272,fortune_top100_ranked,fortune_x_2025_ranked,76,Galaxy Digital,@galaxydigital,@galaxydigital,https://x.com/galaxydigital,1090339994839990272,https://x.com/galaxydigital/status/1090339994839990272,Tue Jan 29 20:04:46 +0000 2019,"Update Delay: Although we have closed our offices due to snow and ice, we are working hard to bring our newest update to you! We will post news here and let you know the moment the update comes to a Connect site near you. Warm wishes from all of us here at GalaxyDigital! https://t.co/iXyNCK8dD2",0,0,1,0,false,false,,primary,1,capped browser-based collection of observable public posts,0,data/raw/fortune_x_2025_ranked/076_galaxy_digital/accounts/01_primary_galaxydigital,true,false,false,false,false,en,pending
benchmark_aggressive_wendys::1481342770623225856,benchmark_aggressive_wendys,wendys_existing_collection,benchmark,Wendy's,@Wendys,@Wendys,https://x.com/Wendys/status/1481342770623225856,1481342770623225856,https://x.com/Wendys/status/1481342770623225856,Wed Jan 12 19:10:13 +0000 2022,"New stuff sounds like my little brother trying to cuss for the first time.
#NationalRoastDay",140,592,5751,182,false,unknown,,primary,1,legacy_json_import,0,data/wendys,true,false,false,false,false,en,pending
fortune_top100_ranked::2003812906790453619,fortune_top100_ranked,fortune_x_2025_ranked,39,Morgan Stanley,@morganstanley,@morganstanley,https://x.com/morganstanley,2003812906790453619,https://x.com/morganstanley/status/2003812906790453619,Wed Dec 24 13:00:00 +0000 2025,"From all of us at Morgan Stanley, we wish you a holiday season filled with joy. #ShareMorganStanley https://t.co/eOJabiOMDN",21,7,30,0,true,false,,primary,1,capped browser-based collection of observable public posts,0,data/raw/fortune_x_2025_ranked/039_morgan_stanley/accounts/01_primary_morganstanley,true,false,false,false,false,en,pending
benchmark_aggressive_wendys::1248672449283198984,benchmark_aggressive_wendys,wendys_existing_collection,benchmark,Wendy's,@Wendys,@Wendys,https://x.com/Wendys/status/1248672449283198984,1248672449283198984,https://x.com/Wendys/status/1248672449283198984,Fri Apr 10 18:01:25 +0000 2020,"Getting ghosted stinks, but right now you feel it even more. If you’ve been ghosted, tell us and we’ll call Casper out; maybe even reignite a spark. Single in isolation? We got you with a free Dave’s Single to keep you company. #DavesSinglesforSingles
https://t.co/nIYYsjlUyK https://t.co/PF5egvOICf",299,119,1328,56,false,unknown,,primary,1,legacy_json_import,0,data/wendys,true,false,false,false,false,en,pending
fortune_top100_ranked::1854576071091666974,fortune_top100_ranked,fortune_x_2025_ranked,28,Verizon Communications,@Verizon,@Verizon,https://x.com/Verizon,1854576071091666974,https://x.com/Verizon/status/1854576071091666974,Thu Nov 07 17:26:06 +0000 2024,"Verizon's customer service phone lines are currently experiencing a technical issue. For assistance, please visit https://t.co/zRvbAO1KjQ or the My Verizon app. We apologize for the inconvenience and will let you know as soon as we're back up and running!",119,21,67,7,true,false,,primary,1,capped browser-based collection of observable public posts,0,data/raw/fortune_x_2025_ranked/028_verizon_communications/accounts/01_primary_verizon,true,false,false,false,false,en,pending
fortune_top100_ranked::1670434360221114371,fortune_top100_ranked,fortune_x_2025_ranked,50,FedEx,@fedex,@fedex,https://x.com/fedex,1670434360221114371,https://x.com/fedex/status/1670434360221114371,Sun Jun 18 14:12:41 +0000 2023,"Time only makes the love for our Team FedEx dads grow. Happy Father’s Day to all the fathers, grandfathers, uncles, and more on this special day. 💜 https://t.co/x1IJWpKKGP",7,8,64,3,true,false,,primary,1,capped browser-based collection of observable public posts,0,data/raw/fortune_x_2025_ranked/050_fedex/accounts/01_primary_fedex,true,false,false,false,false,mixed,pending
fortune_top100_ranked::1621508819171049481,fortune_top100_ranked,fortune_x_2025_ranked,34,Humana,@humana,@humana,https://x.com/humana,1621508819171049481,https://x.com/humana/status/1621508819171049481,Fri Feb 03 14:00:03 +0000 2023,"On this National #WearRedDay, share the news about #HeartHealth and learn more about Go Red for Women→ https://t.co/hC1VjvlKcv. https://t.co/uRGjHV3maV",0,1,1,0,true,false,,primary,1,capped browser-based collection of observable public posts,0,data/raw/fortune_x_2025_ranked/034_humana/accounts/01_primary_humana,true,false,false,false,false,mixed,pending
fortune_top100_ranked::1853822198630187303,fortune_top100_ranked,fortune_x_2025_ranked,25,Home Depot,@homedepot,@HDCares,https://x.com/HDCares,1853822198630187303,https://x.com/HDCares/status/1853822198630187303,Tue Nov 05 15:30:29 +0000 2024,RT @HomeDepot: The entire Home Depot family is deeply saddened by the death of our co-founder Bernie Marcus. He’s left us with an invaluabl…,0,204,0,0,false,false,,secondary,2,capped browser-based collection of observable public posts,0,data/raw/fortune_x_2025_ranked/025_home_depot/accounts/02_secondary_hdcares,true,false,true,false,false,mixed,pending
fortune_top100_ranked::1382656228082417666,fortune_top100_ranked,fortune_x_2025_ranked,46,PepsiCo,@pepsico,@pepsico,https://x.com/pepsico,1382656228082417666,https://x.com/pepsico/status/1382656228082417666,Thu Apr 15 11:25:07 +0000 2021,"$PEP CEO @ramonlaguarta, “Following our first quarter results, we have greater confidence in delivering on our financial guidance for the full year.” #PEPearnings https://t.co/p7RbJ8pA2I https://t.co/4N49aUYA3l",4,2,19,0,false,false,,primary,1,capped browser-based collection of observable public posts,0,data/raw/fortune_x_2025_ranked/046_pepsico/accounts/01_primary_pepsico,true,false,false,false,false,mixed,pending
fortune_top100_ranked::1849538773316767941,fortune_top100_ranked,fortune_x_2025_ranked,83,Cisco Systems,@Cisco,@Cisco,https://x.com/Cisco,1849538773316767941,https://x.com/Cisco/status/1849538773316767941,Thu Oct 24 19:49:40 +0000 2024,Virtual Event: Cisco Certificate in Ethical Hacking https://t.co/JkHE4nCZNl,2,11,32,2,true,false,,primary,1,capped browser-based collection of observable public posts,0,data/raw/fortune_x_2025_ranked/083_cisco_systems/accounts/01_primary_cisco,true,false,false,false,false,en,pending
benchmark_self_defeating_moonpie::1565437336640528384,benchmark_self_defeating_moonpie,moonpie_existing_collection,benchmark,MoonPie,@MoonPie,@MoonPie,https://x.com/MoonPie/status/1565437336640528384,1565437336640528384,https://x.com/MoonPie/status/1565437336640528384,Thu Sep 01 20:32:00 +0000 2022,Linda,39,67,661,4,false,unknown,,primary,1,legacy_json_import,0,data/moonpie,true,false,false,false,false,pt,pending
benchmark_aggressive_wendys::1406822936426606595,benchmark_aggressive_wendys,wendys_existing_collection,benchmark,Wendy's,@Wendys,@Wendys,https://x.com/Wendys/status/1406822936426606595,1406822936426606595,https://x.com/Wendys/status/1406822936426606595,Mon Jun 21 03:55:00 +0000 2021,You can't run from your past forever. @Wendys #ad https://t.co/H0KcgrVGcW,122,1893,17311,138,false,unknown,,primary,1,legacy_json_import,0,data/wendys,true,false,false,false,false,en,pending
fortune_top100_ranked::1769085634663051719,fortune_top100_ranked,fortune_x_2025_ranked,2,Walmart,@walmart,@walmart,https://x.com/walmart,1769085634663051719,https://x.com/walmart/status/1769085634663051719,Sat Mar 16 19:37:37 +0000 2024,New achievement unlocked: scoring an exclusive item when you buy a Roblox gift card from Walmart. 👀🎊 Happy #RobloxHunt!,22,83,133,0,true,false,,primary,1,capped browser-based collection of observable public posts,0,data/raw/fortune_x_2025_ranked/002_walmart/accounts/01_primary_walmart,true,false,false,false,false,mixed,pending
fortune_top100_ranked::2049885319797842005,fortune_top100_ranked,fortune_x_2025_ranked,33,Freddie Mac,@FreddieMac,@FreddieMac,https://x.com/FreddieMac,2049885319797842005,https://x.com/FreddieMac/status/2049885319797842005,Thu Apr 30 16:15:19 +0000 2026,The avg. 30yr FRM increases to 6.30% https://t.co/Cj2GH9Tofy https://t.co/WwBuqlk73J,0,8,2,0,true,false,,primary,1,capped browser-based collection of observable public posts,0,data/raw/fortune_x_2025_ranked/033_freddie_mac/accounts/01_primary_freddiemac,true,false,false,false,false,en,pending
fortune_top100_ranked::1740432503716880682,fortune_top100_ranked,fortune_x_2025_ranked,10,Cencora,@CencoraGlobal,@CencoraGlobal,https://x.com/CencoraGlobal,1740432503716880682,https://x.com/CencoraGlobal/status/1740432503716880682,Thu Dec 28 18:00:19 +0000 2023,"Maria, a resident of São Paulo, Brazil lives with a rare genetic disorder that leads to severe complications if untreated. That’s where our team comes in.

In cases like Maria’s, World Courier leverages RTLM to ensure shipments reach the right people. https://t.co/07MLDIoM4C https://t.co/AhWX4d1Gwz",0,0,3,0,true,false,,primary,1,capped browser-based collection of observable public posts,0,data/raw/fortune_x_2025_ranked/010_cencora/accounts/01_primary_cencoraglobal,true,false,false,false,false,mixed,pending
fortune_top100_ranked::1651599903741599745,fortune_top100_ranked,fortune_x_2025_ranked,52,Lowe's,@lowes,@lowes,https://x.com/lowes,1651599903741599745,https://x.com/lowes/status/1651599903741599745,Thu Apr 27 14:51:16 +0000 2023,"RT @NFL: .@tkelce is out in the KC community with @Lowes and psyched for the #NFLDraft to start tonight! 🤩❤️ 

📺: 2023 #NFLDraft -- 8pm ET…",0,113,0,0,false,false,,primary,1,capped browser-based collection of observable public posts,0,data/raw/fortune_x_2025_ranked/052_lowe_s/accounts/01_primary_lowes,true,false,true,false,false,mixed,pending
fortune_top100_ranked::1024351752773091330,fortune_top100_ranked,fortune_x_2025_ranked,76,Galaxy Digital,@galaxydigital,@galaxydigital,https://x.com/galaxydigital,1024351752773091330,https://x.com/galaxydigital/status/1024351752773091330,Tue Jul 31 17:51:04 +0000 2018,"Kate Frost of @Childrenfirstbc shared some of her grant-writing tips for our Writing for Nonprofits blog series! Thanks, Kate! https://t.co/zOlSryITqY",0,1,0,0,false,false,,primary,1,capped browser-based collection of observable public posts,0,data/raw/fortune_x_2025_ranked/076_galaxy_digital/accounts/01_primary_galaxydigital,true,false,false,false,false,en,pending
fortune_top100_ranked::1895553169255448583,fortune_top100_ranked,fortune_x_2025_ranked,36,Goldman Sachs Group,@GoldmanSachs,@GoldmanSachs,https://x.com/GoldmanSachs,1895553169255448583,https://x.com/GoldmanSachs/status/1895553169255448583,Fri Feb 28 19:14:27 +0000 2025,"Gold prices have set a series of record highs over the past year, and Goldman Sachs Research forecasts the precious metal will climb higher in 2025. Read more about how tariffs, geopolitical risks, and potential rate cuts could affect prices: https://t.co/vmtpQJ0yLm",13,14,35,4,true,false,,primary,1,capped browser-based collection of observable public posts,0,data/raw/fortune_x_2025_ranked/036_goldman_sachs_group/accounts/01_primary_goldmansachs,true,false,false,false,false,en,pending
fortune_top100_ranked::1846900377586639111,fortune_top100_ranked,fortune_x_2025_ranked,2,Walmart,@walmart,@walmart,https://x.com/walmart,1846900377586639111,https://x.com/walmart/status/1846900377586639111,Thu Oct 17 13:05:38 +0000 2024,"Jack Skellington inflatable:
https://t.co/5jGYFJTegR",5,4,16,0,true,false,,primary,1,capped browser-based collection of observable public posts,0,data/raw/fortune_x_2025_ranked/002_walmart/accounts/01_primary_walmart,true,false,false,false,false,en,pending
fortune_top100_ranked::1787497570337452038,fortune_top100_ranked,fortune_x_2025_ranked,81,United Airlines Holdings,@united,@united,https://x.com/united,1787497570337452038,https://x.com/united/status/1787497570337452038,Mon May 06 15:00:05 +0000 2024,"If there's something we can depend on through the years, it's this rockin' view. 

#MountainMonday https://t.co/srNGb6RZmF",12,35,484,5,true,false,,primary,1,capped browser-based collection of observable public posts,0,data/raw/fortune_x_2025_ranked/081_united_airlines_holdings/accounts/01_primary_united,true,false,false,false,false,en,pending
fortune_top100_ranked::1963995546600767703,fortune_top100_ranked,fortune_x_2025_ranked,48,UPS,@ups,@ups,https://x.com/ups,1963995546600767703,https://x.com/ups/status/1963995546600767703,Fri Sep 05 16:00:02 +0000 2025,Scientific proof that UPS deliveries bring joy. 🧠 https://t.co/PNWE6FHuAV,110,9,54,5,true,false,,primary,1,capped browser-based collection of observable public posts,0,data/raw/fortune_x_2025_ranked/048_ups/accounts/01_primary_ups,true,false,false,false,false,mixed,pending
benchmark_self_defeating_moonpie::936253250961059842,benchmark_self_defeating_moonpie,moonpie_existing_collection,benchmark,MoonPie,@MoonPie,@MoonPie,https://x.com/MoonPie/status/936253250961059842,936253250961059842,https://x.com/MoonPie/status/936253250961059842,Thu Nov 30 15:19:04 +0000 2017,It’s as good a day as any to stick a MoonPie in the microwave light a couple candles and scream into a soft pillow,373,11492,32431,0,false,unknown,,primary,1,legacy_json_import,0,data/moonpie,true,false,false,false,false,en,pending
benchmark_self_defeating_moonpie::1322283313646678016,benchmark_self_defeating_moonpie,moonpie_existing_collection,benchmark,MoonPie,@MoonPie,@MoonPie,https://x.com/MoonPie/status/1322283313646678016,1322283313646678016,https://x.com/MoonPie/status/1322283313646678016,Fri Oct 30 21:04:43 +0000 2020,Legend has it that eating two MoonPies during a full moon will double your chances of eating a MoonPie,36,85,1427,23,false,unknown,,primary,1,legacy_json_import,0,data/moonpie,true,false,false,false,false,en,pending
fortune_top100_ranked::1658118410671206400,fortune_top100_ranked,fortune_x_2025_ranked,74,TD Synnex,@tdsynnex,@tdsynnex,https://x.com/tdsynnex,1658118410671206400,https://x.com/tdsynnex/status/1658118410671206400,Mon May 15 14:33:30 +0000 2023,"Helping to bring safety and comfort to communities in LAC 💚

Recently, our @TDSYNNEXBrasil team partnered with Litro de Luz to build and install 30 lampposts to 7 streets of Bongaba, Magé in Rio de Janeiro using renewable materials ♻️💡 https://t.co/r8PNZMEAXK",0,1,6,0,true,false,,primary,1,capped browser-based collection of observable public posts,0,data/raw/fortune_x_2025_ranked/074_td_synnex/accounts/01_primary_tdsynnex,true,false,false,false,false,mixed,pending
fortune_top100_ranked::1883139791291559987,fortune_top100_ranked,fortune_x_2025_ranked,83,Cisco Systems,@Cisco,@Cisco,https://x.com/Cisco,1883139791291559987,https://x.com/Cisco/status/1883139791291559987,Sat Jan 25 13:08:07 +0000 2025,"Facing political shifts and the #AI revolution, Cisco CEO, @ChuckRobbins shares how leaders can stay ahead by fostering trust, embracing #Innovation, and executing with clarity—ensuring businesses thrive. Learn more via @semafor. https://t.co/47LuheEkw9 https://t.co/qlcMPIVy1e",2,5,16,0,true,false,,primary,1,capped browser-based collection of observable public posts,0,data/raw/fortune_x_2025_ranked/083_cisco_systems/accounts/01_primary_cisco,true,false,false,false,false,mixed,pending
fortune_top100_ranked::1909547317243293826,fortune_top100_ranked,fortune_x_2025_ranked,17,Meta Platforms,@Meta,@Meta,https://x.com/Meta,1909547317243293826,https://x.com/Meta/status/1909547317243293826,Tue Apr 08 10:02:12 +0000 2025,"Today, we’re beginning to expand Teen Accounts to @facebook and @messenger and rolling out additional features on @instagram to help keep teens safe.

https://t.co/k3Kdzwp0bD",444,110,211,13,true,false,,primary,1,capped browser-based collection of observable public posts,0,data/raw/fortune_x_2025_ranked/017_meta_platforms/accounts/01_primary_meta,true,false,false,false,false,mixed,pending
benchmark_self_defeating_moonpie::973970907030007809,benchmark_self_defeating_moonpie,moonpie_existing_collection,benchmark,MoonPie,@MoonPie,@MoonPie,https://x.com/MoonPie/status/973970907030007809,973970907030007809,https://x.com/MoonPie/status/973970907030007809,Wed Mar 14 17:15:34 +0000 2018,Today is national pi day and I still have to work that’s pretty messed up,108,1367,11436,0,false,unknown,,primary,1,legacy_json_import,0,data/moonpie,true,false,false,false,false,en,pending
benchmark_aggressive_wendys::1868743844931797186,benchmark_aggressive_wendys,wendys_existing_collection,benchmark,Wendy's,@Wendys,@Wendys,https://x.com/Wendys/status/1868743844931797186,1868743844931797186,https://x.com/Wendys/status/1868743844931797186,Mon Dec 16 19:43:46 +0000 2024,Frosty Key Tag: It’s like the best investment of your life except it’s free frosty treats but same vibes.,54,39,241,4,true,unknown,,primary,1,legacy_json_import,0,data/wendys,true,false,false,false,false,en,pending
fortune_top100_ranked::1643095786601734145,fortune_top100_ranked,fortune_x_2025_ranked,98,Coca-Cola,@cocacola,@cocacola,https://x.com/cocacola,1643095786601734145,https://x.com/cocacola/status/1643095786601734145,Tue Apr 04 03:38:57 +0000 2023,"*Taps mic super hard*
Thank you for following our tournament journey! We laughed. We cried. We enjoyed an ice-cold Coke Zero. #takeataste ✨🏀 https://t.co/6EQEyInN1E",44,34,166,6,true,false,,primary,1,capped browser-based collection of observable public posts,0,data/raw/fortune_x_2025_ranked/098_coca_cola/accounts/01_primary_cocacola,true,false,false,false,false,mixed,pending
benchmark_self_defeating_moonpie::973731129810440192,benchmark_self_defeating_moonpie,moonpie_existing_collection,benchmark,MoonPie,@MoonPie,@MoonPie,https://x.com/MoonPie/status/973731129810440192,973731129810440192,https://x.com/MoonPie/status/973731129810440192,Wed Mar 14 01:22:47 +0000 2018,I accept this important responsibility https://t.co/Qqvhfalhou,47,370,3932,0,false,unknown,,primary,1,legacy_json_import,0,data/moonpie,true,false,false,false,false,en,pending
benchmark_aggressive_wendys::1783201437113082357,benchmark_aggressive_wendys,wendys_existing_collection,benchmark,Wendy's,@Wendys,@Wendys,https://x.com/Wendys/status/1783201437113082357,1783201437113082357,https://x.com/Wendys/status/1783201437113082357,Wed Apr 24 18:28:47 +0000 2024,"Congrats 👑@reggiebush
Can we get our burger back now https://t.co/nSSLMRUv7m",53,94,746,3,true,unknown,,primary,1,legacy_json_import,0,data/wendys,true,false,false,false,false,en,pending
fortune_top100_ranked::1445785547864039432,fortune_top100_ranked,fortune_x_2025_ranked,42,Target,@target,@target,https://x.com/target,1445785547864039432,https://x.com/target/status/1445785547864039432,Wed Oct 06 16:18:30 +0000 2021,so you’re telling me those mashed potatoes are monsters,22,23,252,0,false,false,,primary,1,capped browser-based collection of observable public posts,0,data/raw/fortune_x_2025_ranked/042_target/accounts/01_primary_target,true,false,false,false,false,mixed,pending
fortune_top100_ranked::1775028456780115984,fortune_top100_ranked,fortune_x_2025_ranked,35,AT&T,@ATT,@ATT,https://x.com/ATT,1775028456780115984,https://x.com/ATT/status/1775028456780115984,Tue Apr 02 05:12:17 +0000 2024,"And then there were FOUR!

The 2024 Cleveland #WFinalFour https://t.co/SHbZEQ8MQM",18,291,1328,42,true,false,,primary,1,capped browser-based collection of observable public posts,0,data/raw/fortune_x_2025_ranked/035_at_t/accounts/01_primary_att,true,false,false,false,false,en,pending
benchmark_self_defeating_moonpie::1667214757135302680,benchmark_self_defeating_moonpie,moonpie_existing_collection,benchmark,MoonPie,@MoonPie,@MoonPie,https://x.com/MoonPie/status/1667214757135302680,1667214757135302680,https://x.com/MoonPie/status/1667214757135302680,Fri Jun 09 16:59:08 +0000 2023,When I say I got that dog in me this is what I mean https://t.co/owIxvX2q7E,102,148,1325,60,true,unknown,,primary,1,legacy_json_import,0,data/moonpie,true,false,false,false,false,en,pending
benchmark_aggressive_wendys::1570426440428187650,benchmark_aggressive_wendys,wendys_existing_collection,benchmark,Wendy's,@Wendys,@Wendys,https://x.com/Wendys/status/1570426440428187650,1570426440428187650,https://x.com/Wendys/status/1570426440428187650,Thu Sep 15 14:56:55 +0000 2022,You shouldn’t have said anything … https://t.co/iRUrFOCaNs,112,37,1104,9,false,unknown,,primary,1,legacy_json_import,0,data/wendys,true,false,false,false,false,en,pending
benchmark_aggressive_wendys::1825310472368791724,benchmark_aggressive_wendys,wendys_existing_collection,benchmark,Wendy's,@Wendys,@Wendys,https://x.com/Wendys/status/1825310472368791724,1825310472368791724,https://x.com/Wendys/status/1825310472368791724,Sun Aug 18 23:15:03 +0000 2024,Unhappy Hour means you can get a $1 Honey Buddy w purchase in the app. Also means monday morning but forget that part.,25,41,394,4,true,unknown,,primary,1,legacy_json_import,0,data/wendys,true,false,false,false,false,en,pending
benchmark_self_defeating_moonpie::923211133229690880,benchmark_self_defeating_moonpie,moonpie_existing_collection,benchmark,MoonPie,@MoonPie,@MoonPie,https://x.com/MoonPie/status/923211133229690880,923211133229690880,https://x.com/MoonPie/status/923211133229690880,Wed Oct 25 15:34:21 +0000 2017,Finally gonna ask the employees in the MoonPie bakery if I can be allowed to lick the bowl today :),11,106,1000,0,false,unknown,,primary,1,legacy_json_import,0,data/moonpie,true,false,false,false,false,en,pending
fortune_top100_ranked::1962516058088132827,fortune_top100_ranked,fortune_x_2025_ranked,32,State Farm Insurance,@StateFarm,@StateFarm,https://x.com/StateFarm,1962516058088132827,https://x.com/StateFarm/status/1962516058088132827,Mon Sep 01 14:01:04 +0000 2025,Thank you to all our hardworking neighbors. Your contributions help make our communities better. Happy Labor Day! https://t.co/1oJsOUlsAb,12,0,15,1,true,false,,primary,1,capped browser-based collection of observable public posts,0,data/raw/fortune_x_2025_ranked/032_state_farm_insurance/accounts/01_primary_statefarm,true,false,false,false,false,en,pending
fortune_top100_ranked::2011113871767974397,fortune_top100_ranked,fortune_x_2025_ranked,73,Pfizer,@pfizer,@pfizer,https://x.com/pfizer,2011113871767974397,https://x.com/pfizer/status/2011113871767974397,Tue Jan 13 16:31:26 +0000 2026,"Tempted by a new fad diet? Don’t be. Science shows that diets aren’t effective in the long term, but healthy habits work wonders. Read on to learn three simple habits that can boost your health, all year long.

https://t.co/ziXCMounqv https://t.co/HSv9HqY399",26,5,17,1,true,false,,primary,1,capped browser-based collection of observable public posts,0,data/raw/fortune_x_2025_ranked/073_pfizer/accounts/01_primary_pfizer,true,false,false,false,false,mixed,pending
fortune_top100_ranked::1159179342896926721,fortune_top100_ranked,fortune_x_2025_ranked,78,Prudential Financial,@Prudential,@Prudential,https://x.com/Prudential,1159179342896926721,https://x.com/Prudential/status/1159179342896926721,Wed Aug 07 19:07:46 +0000 2019,Find out if your investing persona matches the retirement investing approach for your age.,6,10,135,2,false,false,,primary,1,capped browser-based collection of observable public posts,0,data/raw/fortune_x_2025_ranked/078_prudential_financial/accounts/01_primary_prudential,true,false,false,false,false,en,pending
benchmark_aggressive_wendys::1258049583374053379,benchmark_aggressive_wendys,wendys_existing_collection,benchmark,Wendy's,@Wendys,@Wendys,https://x.com/Wendys/status/1258049583374053379,1258049583374053379,https://x.com/Wendys/status/1258049583374053379,Wed May 06 15:02:48 +0000 2020,"We’re back, code hunters. Continue to scour the web for a taste of true treasure: codes for Wendy's gift cards. Can you find one? Give it a go.  https://t.co/H9bM7rWONS https://t.co/fc4pz032X1",122,25,503,0,false,unknown,,primary,1,legacy_json_import,0,data/wendys,true,false,false,false,false,en,pending
fortune_top100_ranked::2058336500509818907,fortune_top100_ranked,fortune_x_2025_ranked,43,Tesla,@tesla,@tesla,https://x.com/tesla,2058336500509818907,https://x.com/tesla/status/2058336500509818907,Sat May 23 23:57:18 +0000 2026,RT @nikkharris: fsd saved my model s today 🥹 https://t.co/8MnEcIGhQ0,0,467,0,0,true,false,,primary,1,capped browser-based collection of observable public posts,0,data/raw/fortune_x_2025_ranked/043_tesla/accounts/01_primary_tesla,true,false,true,false,false,mixed,pending
benchmark_aggressive_wendys::1662098257575649282,benchmark_aggressive_wendys,wendys_existing_collection,benchmark,Wendy's,@Wendys,@Wendys,https://x.com/Wendys/status/1662098257575649282,1662098257575649282,https://x.com/Wendys/status/1662098257575649282,Fri May 26 14:07:59 +0000 2023,"Pretty fair trade in our opinion. 

Starting today through 6/1 you can celebrate National Hamburger Day with a 1¢ Junior Bacon Cheeseburger with any purchase in the Wendy’s app. One use per person.",159,63,970,22,true,unknown,,primary,1,legacy_json_import,0,data/wendys,true,false,false,false,false,en,pending
fortune_top100_ranked::2049238568720113695,fortune_top100_ranked,fortune_x_2025_ranked,70,Broadcom,@broadcom,@broadcom,https://x.com/broadcom,2049238568720113695,https://x.com/broadcom/status/2049238568720113695,Tue Apr 28 21:25:22 +0000 2026,"At Broadcom, innovation is a constant. What does it look like in practice?

For our general managers, it’s solving complex problems and delivering advantage that lasts at scale.

Hear from our leaders. 🔽 https://t.co/cbM7OEuGtY",3,1,10,0,true,false,,primary,1,capped browser-based collection of observable public posts,0,data/raw/fortune_x_2025_ranked/070_broadcom/accounts/01_primary_broadcom,true,false,false,false,false,mixed,pending
fortune_top100_ranked::2057123580039647732,fortune_top100_ranked,fortune_x_2025_ranked,41,Dell Technologies,@Dell,@Dell,https://x.com/Dell,2057123580039647732,https://x.com/Dell/status/2057123580039647732,Wed May 20 15:37:35 +0000 2026,"Scaling AI requires infrastructure that can keep pace with ambition.
@SamsungDSGlobal is working with Dell to power high-performance, secure AI at scale. #DellTechWorld 

📰 https://t.co/rAJMtMJWiA https://t.co/5Jxll6or1G",1,38,87,1,true,false,,primary,1,capped browser-based collection of observable public posts,0,data/raw/fortune_x_2025_ranked/041_dell_technologies/accounts/01_primary_dell,true,false,false,false,false,mixed,pending
fortune_top100_ranked::1766524353326301679,fortune_top100_ranked,fortune_x_2025_ranked,1,Amazon,@amazon,@amazon,https://x.com/amazon,1766524353326301679,https://x.com/amazon/status/1766524353326301679,Sat Mar 09 18:00:00 +0000 2024,Daylight Saving Time: One more hour to shop epic deals 😎,81,37,125,12,true,false,,primary,1,capped browser-based collection of observable public posts,0,data/raw/fortune_x_2025_ranked/001_amazon/accounts/01_primary_amazon,true,false,false,false,false,mixed,pending
fortune_top100_ranked::2023774436956967349,fortune_top100_ranked,fortune_x_2025_ranked,26,Fannie Mae,@fanniemae,@fanniemae,https://x.com/fanniemae,2023774436956967349,https://x.com/fanniemae/status/2023774436956967349,Tue Feb 17 15:00:00 +0000 2026,"Our funding helped ~1.5 million households buy, refinance, or rent a home in 2025. Learn more about how we served homeowners and renters across the United States: https://t.co/VIczskXRGg https://t.co/HgUOsVxdkm",2,4,11,0,true,false,,primary,1,capped browser-based collection of observable public posts,0,data/raw/fortune_x_2025_ranked/026_fannie_mae/accounts/01_primary_fanniemae,true,false,false,false,false,en,pending
benchmark_self_defeating_moonpie::1334599727401332738,benchmark_self_defeating_moonpie,moonpie_existing_collection,benchmark,MoonPie,@MoonPie,@MoonPie,https://x.com/MoonPie/status/1334599727401332738,1334599727401332738,https://x.com/MoonPie/status/1334599727401332738,Thu Dec 03 20:45:45 +0000 2020,Can someone check on @MoonPie? It's been three days.,22,14,501,5,false,unknown,,primary,1,legacy_json_import,0,data/moonpie,true,false,false,false,false,en,pending
fortune_top100_ranked::1838669985264070754,fortune_top100_ranked,fortune_x_2025_ranked,84,HP,@hp,@hp,https://x.com/hp,1838669985264070754,https://x.com/hp/status/1838669985264070754,Tue Sep 24 20:00:59 +0000 2024,"The new HP OmniBook Ultra Flip offers style, performance, and flexibility for the perfect AI creation experience. https://t.co/Ta208AovaQ #HPImagine https://t.co/rerIvYk0D3",16,14,57,3,true,false,,primary,1,capped browser-based collection of observable public posts,0,data/raw/fortune_x_2025_ranked/084_hp/accounts/01_primary_hp,true,false,false,false,false,en,pending
fortune_top100_ranked::1935406794832244783,fortune_top100_ranked,fortune_x_2025_ranked,99,Nike,@nike,@nike,https://x.com/nike,1935406794832244783,https://x.com/nike/status/1935406794832244783,Wed Jun 18 18:38:32 +0000 2025,"Be it her fellow elite runners, coaches, mentors, or family - she has the strength and support of one linked community around her.

Watch them pull together, June 26th: 
https://t.co/u5X5c21Lfs https://t.co/DIjCOKy1OA",7,9,61,1,true,false,,primary,1,capped browser-based collection of observable public posts,0,data/raw/fortune_x_2025_ranked/099_nike/accounts/01_primary_nike,true,false,false,false,false,en,pending
fortune_top100_ranked::2014853563466346958,fortune_top100_ranked,fortune_x_2025_ranked,86,American Airlines Group,@AmericanAir,@AmericanAir,https://x.com/AmericanAir,2014853563466346958,https://x.com/AmericanAir/status/2014853563466346958,Sat Jan 24 00:11:38 +0000 2026,"Ahead of Winter Storm Fern, we have added extra flights in several markets to help more customers reach their destinations before the storm’s impacts are felt, and quickly get to Dallas Fort Worth (DFW) after the storm passes.

We are adding more than 3,200 extra seats to and from DFW on Friday, Jan. 23 and Sunday, Jan. 25.

Learn more: https://t.co/VoguJ6LQDJ",62,33,161,2,true,false,,primary,1,capped browser-based collection of observable public posts,0,data/raw/fortune_x_2025_ranked/086_american_airlines_group/accounts/01_primary_americanair,true,false,false,false,false,mixed,pending
benchmark_aggressive_wendys::1625171069064839168,benchmark_aggressive_wendys,wendys_existing_collection,benchmark,Wendy's,@Wendys,@Wendys,https://x.com/Wendys/status/1625171069064839168,1625171069064839168,https://x.com/Wendys/status/1625171069064839168,Mon Feb 13 16:32:31 +0000 2023,.@Wendys https://t.co/BJXFKYHQZo,228,392,4173,191,true,unknown,,primary,1,legacy_json_import,0,data/wendys,true,false,false,false,false,und,pending
fortune_top100_ranked::1990843921639870513,fortune_top100_ranked,fortune_x_2025_ranked,30,Marathon Petroleum,@MarathonPetroCo,@MarathonPetroCo,https://x.com/MarathonPetroCo,1990843921639870513,https://x.com/MarathonPetroCo/status/1990843921639870513,Tue Nov 18 18:05:53 +0000 2025,🔗 Learn more about our approach in our latest Sustainability Report: https://t.co/xpLJUdghbJ https://t.co/x58IlnzIWP,0,1,1,0,true,false,,primary,1,capped browser-based collection of observable public posts,0,data/raw/fortune_x_2025_ranked/030_marathon_petroleum/accounts/01_primary_marathonpetroco,true,false,false,false,false,mixed,pending
fortune_top100_ranked::1678056423064760322,fortune_top100_ranked,fortune_x_2025_ranked,72,Publix Super Markets,@Publix,@Publix,https://x.com/Publix,1678056423064760322,https://x.com/Publix/status/1678056423064760322,Sun Jul 09 15:00:02 +0000 2023,"How many bites does it take to finish a Publix Bakery Sugar Cookie? #NationalSugarCookieDay 

📸: Brandon L. https://t.co/gWWJkvDlWQ",15,4,91,0,true,false,,primary,1,capped browser-based collection of observable public posts,0,data/raw/fortune_x_2025_ranked/072_publix_super_markets/accounts/01_primary_publix,true,false,false,false,false,mixed,pending
fortune_top100_ranked::1991250132042432740,fortune_top100_ranked,fortune_x_2025_ranked,11,Microsoft,@microsoft,@microsoft,https://x.com/microsoft,1991250132042432740,https://x.com/microsoft/status/1991250132042432740,Wed Nov 19 21:00:01 +0000 2025,Day 1 was electric. ⚡️🔋 #MSIgnite https://t.co/1RhSYxHc1H,72,62,433,5,true,false,,primary,1,capped browser-based collection of observable public posts,0,data/raw/fortune_x_2025_ranked/011_microsoft/accounts/01_primary_microsoft,true,false,false,false,false,mixed,pending
fortune_top100_ranked::2046620005811237327,fortune_top100_ranked,fortune_x_2025_ranked,26,Fannie Mae,@fanniemae,@fanniemae,https://x.com/fanniemae,2046620005811237327,https://x.com/fanniemae/status/2046620005811237327,Tue Apr 21 16:00:08 +0000 2026,Supporting more affordable rental homes means using technology to modernize lending. Developing time-saving tools is just one we’re making a positive impact in communities. https://t.co/q7POznUZlY https://t.co/kW2fWfQ8jt,0,0,1,1,true,false,,primary,1,capped browser-based collection of observable public posts,0,data/raw/fortune_x_2025_ranked/026_fannie_mae/accounts/01_primary_fanniemae,true,false,false,false,false,mixed,pending
fortune_top100_ranked::1348674573622013954,fortune_top100_ranked,fortune_x_2025_ranked,87,Tyson Foods,@tysonfoods,@tysonfoods,https://x.com/tysonfoods,1348674573622013954,https://x.com/tysonfoods/status/1348674573622013954,Mon Jan 11 16:54:10 +0000 2021,"RT @foodtechinvest: ARTICLE: It was a privilege for #FutureFoodTech to hear from 17 investors and accelerators, sharing their insights, opt…",0,5,0,0,false,false,,primary,1,capped browser-based collection of observable public posts,0,data/raw/fortune_x_2025_ranked/087_tyson_foods/accounts/01_primary_tysonfoods,true,false,true,false,false,mixed,pending
benchmark_self_defeating_moonpie::936640403792687104,benchmark_self_defeating_moonpie,moonpie_existing_collection,benchmark,MoonPie,@MoonPie,@MoonPie,https://x.com/MoonPie/status/936640403792687104,936640403792687104,https://x.com/MoonPie/status/936640403792687104,Fri Dec 01 16:57:28 +0000 2017,It’s 2017 you love who you love https://t.co/FQYdr2OqKG,13,211,2000,0,false,unknown,,primary,1,legacy_json_import,0,data/moonpie,true,false,false,false,false,en,pending
fortune_top100_ranked::1724556186312114596,fortune_top100_ranked,fortune_x_2025_ranked,64,Allstate,@allstate,@allstate,https://x.com/allstate,1724556186312114596,https://x.com/allstate/status/1724556186312114596,Tue Nov 14 22:33:30 +0000 2023,"Sam and I discuss the stiff competition for the @Allstate @WeAreAFCA #GoodWorksTeam captain, but the winner will be up to you! Head to https://t.co/QPJAS4uFUK to vote. #Sponsored https://t.co/d19PFCch9o",12,8,52,0,true,false,,primary,1,capped browser-based collection of observable public posts,0,data/raw/fortune_x_2025_ranked/064_allstate/accounts/01_primary_allstate,true,false,false,false,false,en,pending
benchmark_aggressive_wendys::1574473925165449216,benchmark_aggressive_wendys,wendys_existing_collection,benchmark,Wendy's,@Wendys,@Wendys,https://x.com/Wendys/status/1574473925165449216,1574473925165449216,https://x.com/Wendys/status/1574473925165449216,Mon Sep 26 19:00:10 +0000 2022,Sci-fi is when you have this Wendy; fantasy is when you have that Wendy https://t.co/NwLaLK2Cs3,113,122,1698,27,false,unknown,,primary,1,legacy_json_import,0,data/wendys,true,false,false,false,false,en,pending
benchmark_aggressive_wendys::1293204516872101891,benchmark_aggressive_wendys,wendys_existing_collection,benchmark,Wendy's,@Wendys,@Wendys,https://x.com/Wendys/status/1293204516872101891,1293204516872101891,https://x.com/Wendys/status/1293204516872101891,Tue Aug 11 15:15:58 +0000 2020,Where are the podcast lovers at? We’re dropping something fun for you tomorrow.,216,69,2918,33,false,unknown,,primary,1,legacy_json_import,0,data/wendys,true,false,false,false,false,en,pending
benchmark_self_defeating_moonpie::1159601620285456385,benchmark_self_defeating_moonpie,moonpie_existing_collection,benchmark,MoonPie,@MoonPie,@MoonPie,https://x.com/MoonPie/status/1159601620285456385,1159601620285456385,https://x.com/MoonPie/status/1159601620285456385,Thu Aug 08 23:05:45 +0000 2019,Choose your fighter https://t.co/qyTnHHF8Qb,106,311,1840,63,false,unknown,,primary,1,legacy_json_import,0,data/moonpie,true,false,false,false,false,en,pending
fortune_top100_ranked::1758258198459433080,fortune_top100_ranked,fortune_x_2025_ranked,37,Comcast,@comcast,@comcast,https://x.com/comcast,1758258198459433080,https://x.com/comcast/status/1758258198459433080,Thu Feb 15 22:33:16 +0000 2024,Artist Rochelle Dickerson uses the Internet to connect with other artists and show her creative process. Learn how her new painting – created in partnership with Comcast – honors the rich heritage of the Black community. #BlackHistoryMonth https://t.co/93yB8M4HGK https://t.co/bjfAAtbTuH,3,2,5,0,true,false,,primary,1,capped browser-based collection of observable public posts,0,data/raw/fortune_x_2025_ranked/037_comcast/accounts/01_primary_comcast,true,false,false,false,false,mixed,pending
benchmark_self_defeating_moonpie::1306011173595295744,benchmark_self_defeating_moonpie,moonpie_existing_collection,benchmark,MoonPie,@MoonPie,@MoonPie,https://x.com/MoonPie/status/1306011173595295744,1306011173595295744,https://x.com/MoonPie/status/1306011173595295744,Tue Sep 15 23:25:02 +0000 2020,Please forgive me https://t.co/B8zJzfRUs2,506,336,6103,243,false,unknown,,primary,1,legacy_json_import,0,data/moonpie,true,false,false,false,false,en,pending
fortune_top100_ranked::2065456896413176316,fortune_top100_ranked,fortune_x_2025_ranked,85,Charter Communications,@CharterNewsroom,@CharterNewsroom,https://x.com/CharterNewsroom,2065456896413176316,https://x.com/CharterNewsroom/status/2065456896413176316,Fri Jun 12 15:31:13 +0000 2026,"Watch the livery come to life.

@CarsonHocevar is ready for San Diego in this military-inspired @GetSpectrum No. 77. https://t.co/3TpvTpmIq6",12,45,482,5,true,false,,primary,1,capped browser-based collection of observable public posts,0,data/raw/fortune_x_2025_ranked/085_charter_communications/accounts/01_primary_charternewsroom,true,false,false,false,false,en,pending
benchmark_aggressive_wendys::1806124723254022149,benchmark_aggressive_wendys,wendys_existing_collection,benchmark,Wendy's,@Wendys,@Wendys,https://x.com/Wendys/status/1806124723254022149,1806124723254022149,https://x.com/Wendys/status/1806124723254022149,Thu Jun 27 00:37:44 +0000 2024,🏀🏀🏀🏀🏀🏀🏀🏀🏀🏀,19,41,314,0,true,unknown,,primary,1,legacy_json_import,0,data/wendys,true,false,false,false,false,art,pending
fortune_top100_ranked::1496154859023839239,fortune_top100_ranked,fortune_x_2025_ranked,100,Massachusetts Mutual Life,@massmutual,@massmutual,https://x.com/massmutual,1496154859023839239,https://x.com/massmutual/status/1496154859023839239,Tue Feb 22 16:08:10 +0000 2022,"In honor of #BlackHistoryMonth and continuing throughout this year, we want to talk about building generational wealth. Billy Dee is here to help. https://t.co/EmOCKdGBij https://t.co/32IbeU03mp",0,0,3,0,false,false,,primary,1,capped browser-based collection of observable public posts,0,data/raw/fortune_x_2025_ranked/100_massachusetts_mutual_life/accounts/01_primary_massmutual,true,false,false,false,false,en,pending
benchmark_self_defeating_moonpie::916389014961377280,benchmark_self_defeating_moonpie,moonpie_existing_collection,benchmark,MoonPie,@MoonPie,@MoonPie,https://x.com/MoonPie/status/916389014961377280,916389014961377280,https://x.com/MoonPie/status/916389014961377280,Fri Oct 06 19:45:41 +0000 2017,(3/10) Thank you. What is your name?,1,14,110,0,false,unknown,,primary,1,legacy_json_import,0,data/moonpie,true,false,false,false,false,en,pending
fortune_top100_ranked::1580896097127763968,fortune_top100_ranked,fortune_x_2025_ranked,39,Morgan Stanley,@morganstanley,@morganstanley,https://x.com/morganstanley,1580896097127763968,https://x.com/morganstanley/status/1580896097127763968,Fri Oct 14 12:19:35 +0000 2022,"$MS 3Q22: Wealth Management added $65 billion in net new assets, bringing total net new assets year-to-date to $260 billion.",2,1,7,0,false,false,,primary,1,capped browser-based collection of observable public posts,0,data/raw/fortune_x_2025_ranked/039_morgan_stanley/accounts/01_primary_morganstanley,true,false,false,false,false,en,pending
fortune_top100_ranked::1854617417533505957,fortune_top100_ranked,fortune_x_2025_ranked,28,Verizon Communications,@Verizon,@Verizon,https://x.com/Verizon,1854617417533505957,https://x.com/Verizon/status/1854617417533505957,Thu Nov 07 20:10:24 +0000 2024,RT @VerizonNews: Work continues to restore our customer service lines. In the meantime please visit https://t.co/zRvbAO1KjQ or the My Veriz…,0,23,0,0,true,false,,primary,1,capped browser-based collection of observable public posts,0,data/raw/fortune_x_2025_ranked/028_verizon_communications/accounts/01_primary_verizon,true,false,true,false,false,mixed,pending
fortune_top100_ranked::1301535309717536772,fortune_top100_ranked,fortune_x_2025_ranked,95,Liberty Mutual Insurance Group,@LibertyMutual,@LibertyMutual,https://x.com/LibertyMutual,1301535309717536772,https://x.com/LibertyMutual/status/1301535309717536772,Thu Sep 03 14:59:33 +0000 2020,A simple way to stay prepared this month is to put fresh batteries in all the flashlights around your house. https://t.co/lDuGJWa8Zj,5,0,1,0,false,false,,primary,1,capped browser-based collection of observable public posts,0,data/raw/fortune_x_2025_ranked/095_liberty_mutual_insurance_group/accounts/01_primary_libertymutual,true,false,false,false,false,en,pending
benchmark_self_defeating_moonpie::1692650488024502332,benchmark_self_defeating_moonpie,moonpie_existing_collection,benchmark,MoonPie,@MoonPie,@MoonPie,https://x.com/MoonPie/status/1692650488024502332,1692650488024502332,https://x.com/MoonPie/status/1692650488024502332,Fri Aug 18 21:31:38 +0000 2023,.@littledebbie I’d like to speak to Deborah please,220,2326,23153,234,true,unknown,,primary,1,legacy_json_import,0,data/moonpie,true,false,false,false,false,en,pending
benchmark_aggressive_wendys::1248679862384185347,benchmark_aggressive_wendys,wendys_existing_collection,benchmark,Wendy's,@Wendys,@Wendys,https://x.com/Wendys/status/1248679862384185347,1248679862384185347,https://x.com/Wendys/status/1248679862384185347,Fri Apr 10 18:30:53 +0000 2020,"Shout out to LostMermaid. It's never too late to reply back. Even if it has been like...a year. The internet can see you. 

Let's grab that Free Dave's Single while we wait.",13,16,472,0,false,unknown,,primary,1,legacy_json_import,0,data/wendys,true,false,false,false,false,en,pending
fortune_top100_ranked::1588516420647878656,fortune_top100_ranked,fortune_x_2025_ranked,59,MetLife,@metlife,@metlife,https://x.com/metlife,1588516420647878656,https://x.com/metlife/status/1588516420647878656,Fri Nov 04 13:00:02 +0000 2022,"MetLife recently joined volunteers from @VisionToLearn to present students in Newark, NJ with new glasses. The event brought vision screenings to students, getting them the glasses they need to succeed. Join us by volunteering with purpose in your community. #AllTogetherPossible https://t.co/aOSzN9QaFl",0,3,4,0,false,false,,primary,1,capped browser-based collection of observable public posts,0,data/raw/fortune_x_2025_ranked/059_metlife/accounts/01_primary_metlife,true,false,false,false,false,en,pending
fortune_top100_ranked::1937615931401785811,fortune_top100_ranked,fortune_x_2025_ranked,60,HCA Healthcare,@hcahealthcare,@hcahealthcare,https://x.com/hcahealthcare,1937615931401785811,https://x.com/hcahealthcare/status/1937615931401785811,Tue Jun 24 20:56:51 +0000 2025,"Meet Kenny. He’s one of millions of Americans who are about to face a major increase in health insurance costs – and most don’t even know it yet. Without EPTCs, health insurance costs will skyrocket. Learn how you can help protect access to care at https://t.co/iwsJlTz8ts. https://t.co/yVeQnIrPwM",1,2,1,0,true,false,,primary,1,capped browser-based collection of observable public posts,0,data/raw/fortune_x_2025_ranked/060_hca_healthcare/accounts/01_primary_hcahealthcare,true,false,false,false,false,mixed,pending
benchmark_self_defeating_moonpie::904717690685636608,benchmark_self_defeating_moonpie,moonpie_existing_collection,benchmark,MoonPie,@MoonPie,@MoonPie,https://x.com/MoonPie/status/904717690685636608,904717690685636608,https://x.com/MoonPie/status/904717690685636608,Mon Sep 04 14:48:00 +0000 2017,"Ok here is the tweet:

you can't wear white after labor day but you can cover yourself with marshmallow nobody's gonna care",5,82,406,0,false,unknown,,primary,1,legacy_json_import,0,data/moonpie,true,false,false,false,false,en,pending
benchmark_self_defeating_moonpie::1017191684969558019,benchmark_self_defeating_moonpie,moonpie_existing_collection,benchmark,MoonPie,@MoonPie,@MoonPie,https://x.com/MoonPie/status/1017191684969558019,1017191684969558019,https://x.com/MoonPie/status/1017191684969558019,Wed Jul 11 23:39:30 +0000 2018,Fine I’ll say it a MoonPie is technically neither,122,263,3712,23,false,unknown,,primary,1,legacy_json_import,0,data/moonpie,true,false,false,false,false,en,pending
benchmark_aggressive_wendys::1483861582073548809,benchmark_aggressive_wendys,wendys_existing_collection,benchmark,Wendy's,@Wendys,@Wendys,https://x.com/Wendys/status/1483861582073548809,1483861582073548809,https://x.com/Wendys/status/1483861582073548809,Wed Jan 19 17:59:04 +0000 2022,From our lawyers: Not based on actual data. “Coca-Cola” is a registered trademark of The Coca-Cola Company.,79,24,1267,3,false,unknown,,primary,1,legacy_json_import,0,data/wendys,true,false,false,false,false,en,pending
benchmark_self_defeating_moonpie::965731315772481537,benchmark_self_defeating_moonpie,moonpie_existing_collection,benchmark,MoonPie,@MoonPie,@MoonPie,https://x.com/MoonPie/status/965731315772481537,965731315772481537,https://x.com/MoonPie/status/965731315772481537,Mon Feb 19 23:34:22 +0000 2018,Today is for honoring all of the presidents of the united states but I don't think there is a president of brands on Twitter so maybe that could be MoonPie one day who knows,103,494,5263,123,false,unknown,,primary,1,legacy_json_import,0,data/moonpie,true,false,false,false,false,en,pending
fortune_top100_ranked::1579856852938289152,fortune_top100_ranked,fortune_x_2025_ranked,63,Capital One Financial,@CapitalOne,@CapitalOne,https://x.com/CapitalOne,1579856852938289152,https://x.com/CapitalOne/status/1579856852938289152,Tue Oct 11 15:30:00 +0000 2022,"To score, you’ve got to shoot first. RT with #sweepstakes for a chance to win tickets for you and nine friends for the @WashWizards season opener on Oct. 21! #DCAboveAll",16,32,29,38,false,false,,primary,1,capped browser-based collection of observable public posts,0,data/raw/fortune_x_2025_ranked/063_capital_one_financial/accounts/01_primary_capitalone,true,false,false,false,false,mixed,pending
fortune_top100_ranked::1527381535376252928,fortune_top100_ranked,fortune_x_2025_ranked,23,General Motors,@GM,@GM,https://x.com/GM,1527381535376252928,https://x.com/GM/status/1527381535376252928,Thu May 19 20:11:50 +0000 2022,"To reach an all-electric future, we need facilities dedicated to making our vision a reality. Factory ZERO is more than just our flagship EV assembly plant — it's also one of the most modern automotive plants in the country. #DidYouKnow https://t.co/Ov5y7ykMdK",5,13,57,2,false,false,,primary,1,capped browser-based collection of observable public posts,0,data/raw/fortune_x_2025_ranked/023_general_motors/accounts/01_primary_gm,true,false,false,false,false,mixed,pending
fortune_top100_ranked::1942240743487099014,fortune_top100_ranked,fortune_x_2025_ranked,37,Comcast,@comcast,@comcast,https://x.com/comcast,1942240743487099014,https://x.com/comcast/status/1942240743487099014,Mon Jul 07 15:14:12 +0000 2025,"RT @NBCOlympics: Team USA is ready to rep the red, white &amp; blue at the #WinterOlympics. 🇺🇸 https://t.co/3YgTtLoEZp",0,35,0,0,false,false,,primary,1,capped browser-based collection of observable public posts,0,data/raw/fortune_x_2025_ranked/037_comcast/accounts/01_primary_comcast,true,false,true,false,false,mixed,pending
fortune_top100_ranked::2041214827432223226,fortune_top100_ranked,fortune_x_2025_ranked,43,Tesla,@tesla,@tesla,https://x.com/tesla,2041214827432223226,https://x.com/tesla/status/2041214827432223226,Mon Apr 06 18:01:53 +0000 2026,"Charging a Cybertruck at home costs less than $25 on average

If you have solar, it's basically free – and you become your own utility, unaffected by world events",227,463,3195,27,true,false,,primary,1,capped browser-based collection of observable public posts,0,data/raw/fortune_x_2025_ranked/043_tesla/accounts/01_primary_tesla,true,false,false,false,false,mixed,pending
benchmark_aggressive_wendys::2050328345645133837,benchmark_aggressive_wendys,wendys_existing_collection,benchmark,Wendy's,@Wendys,@Wendys,https://x.com/Wendys/status/2050328345645133837,2050328345645133837,https://x.com/Wendys/status/2050328345645133837,Fri May 01 21:35:45 +0000 2026,new spicy chicken sandwich slaps https://t.co/nDUnSsL79R,1461,1210,11794,325,true,unknown,,primary,1,legacy_json_import,0,data/wendys,true,false,false,false,false,en,pending
fortune_top100_ranked::1976756287619973607,fortune_top100_ranked,fortune_x_2025_ranked,49,RTX,@RTX_News,@RTX_News,https://x.com/RTX_News,1976756287619973607,https://x.com/RTX_News/status/1976756287619973607,Fri Oct 10 21:06:39 +0000 2025,"Congratulations to Denmark for adding 16 F-35s to their fleet, powered by the world’s most advanced operational fighter engine, the Pratt &amp; Whitney F135.",2,8,34,0,true,false,,primary,1,capped browser-based collection of observable public posts,0,data/raw/fortune_x_2025_ranked/049_rtx/accounts/01_primary_rtx_news,true,false,false,false,false,mixed,pending
benchmark_aggressive_wendys::1314250917953318912,benchmark_aggressive_wendys,wendys_existing_collection,benchmark,Wendy's,@Wendys,@Wendys,https://x.com/Wendys/status/1314250917953318912,1314250917953318912,https://x.com/Wendys/status/1314250917953318912,Thu Oct 08 17:06:51 +0000 2020,Burger King could never https://t.co/5aCAxQtEXM,182,1245,17876,220,false,unknown,,primary,1,legacy_json_import,0,data/wendys,true,false,false,false,false,en,pending
fortune_top100_ranked::2027437326368985440,fortune_top100_ranked,fortune_x_2025_ranked,21,Chevron,@chevron,@chevron,https://x.com/chevron,2027437326368985440,https://x.com/chevron/status/2027437326368985440,Fri Feb 27 17:35:01 +0000 2026,"In recognition of her industry guidance, Eimear Bonner, Chevron CFO, has been named a @CNBC Changemaker. Learn more about her 2025 strategic and financial success: https://t.co/vS4LosPEUz https://t.co/k0ChsIccfO",9,10,28,0,true,false,,primary,1,capped browser-based collection of observable public posts,0,data/raw/fortune_x_2025_ranked/021_chevron/accounts/01_primary_chevron,true,false,false,false,false,en,pending
benchmark_self_defeating_moonpie::989256029270630400,benchmark_self_defeating_moonpie,moonpie_existing_collection,benchmark,MoonPie,@MoonPie,@MoonPie,https://x.com/MoonPie/status/989256029270630400,989256029270630400,https://x.com/MoonPie/status/989256029270630400,Wed Apr 25 21:33:11 +0000 2018,Just a normal day on twitter. Buy MoonPies,114,471,5212,27,false,unknown,,primary,1,legacy_json_import,0,data/moonpie,true,false,false,false,false,en,pending
benchmark_self_defeating_moonpie::941388832636669953,benchmark_self_defeating_moonpie,moonpie_existing_collection,benchmark,MoonPie,@MoonPie,@MoonPie,https://x.com/MoonPie/status/941388832636669953,941388832636669953,https://x.com/MoonPie/status/941388832636669953,Thu Dec 14 19:26:02 +0000 2017,"How does this make you feel, @MoonPie? Source: @Wendys AMA @reddit https://t.co/KZ7iUZCIVb",7,29,666,0,false,unknown,,primary,1,legacy_json_import,0,data/moonpie,true,false,false,false,false,en,pending
benchmark_self_defeating_moonpie::1641134038319497233,benchmark_self_defeating_moonpie,moonpie_existing_collection,benchmark,MoonPie,@MoonPie,@MoonPie,https://x.com/MoonPie/status/1641134038319497233,1641134038319497233,https://x.com/MoonPie/status/1641134038319497233,Wed Mar 29 17:43:40 +0000 2023,.@pickleinapouch what is this https://t.co/LsCE05xLWE,74,28,407,11,true,unknown,,primary,1,legacy_json_import,0,data/moonpie,true,false,false,false,false,en,pending
benchmark_aggressive_wendys::2030448455412252800,benchmark_aggressive_wendys,wendys_existing_collection,benchmark,Wendy's,@Wendys,@Wendys,https://x.com/Wendys/status/2030448455412252800,2030448455412252800,https://x.com/Wendys/status/2030448455412252800,Sun Mar 08 01:00:10 +0000 2026,"Travis and Jason Kelce’s mom, Donna Kelce, is in the middle of a home renovation ... TMZ has learned.

Read more: https://t.co/4KursdUOlk https://t.co/FsAv2tPWyz",3904,630,7917,2896,true,unknown,,primary,1,legacy_json_import,0,data/wendys,true,false,false,false,false,en,pending
fortune_top100_ranked::1649512146491912193,fortune_top100_ranked,fortune_x_2025_ranked,58,Archer Daniels Midland,@ADMupdates,@ADMupdates,https://x.com/ADMupdates,1649512146491912193,https://x.com/ADMupdates/status/1649512146491912193,Fri Apr 21 20:35:16 +0000 2023,"Ever wonder what gives your food that snap, crackle pop? 💥​

ADM's portfolio of high-quality plant-derived texturants are versatile ingredients that can help you create the perfect texture and stability for your food needs.​

Discover more here: https://t.co/GNqtRMdgpL https://t.co/gTzxS205Sh",0,1,3,0,true,false,,primary,1,capped browser-based collection of observable public posts,0,data/raw/fortune_x_2025_ranked/058_archer_daniels_midland/accounts/01_primary_admupdates,true,false,false,false,false,mixed,pending
benchmark_self_defeating_moonpie::1328485510055141379,benchmark_self_defeating_moonpie,moonpie_existing_collection,benchmark,MoonPie,@MoonPie,@MoonPie,https://x.com/MoonPie/status/1328485510055141379,1328485510055141379,https://x.com/MoonPie/status/1328485510055141379,Mon Nov 16 23:50:02 +0000 2020,https://t.co/gzip3nbDlf,30,45,1205,5,false,unknown,,primary,1,legacy_json_import,0,data/moonpie,true,false,false,false,false,zxx,pending
benchmark_self_defeating_moonpie::1448790687755931656,benchmark_self_defeating_moonpie,moonpie_existing_collection,benchmark,MoonPie,@MoonPie,@MoonPie,https://x.com/MoonPie/status/1448790687755931656,1448790687755931656,https://x.com/MoonPie/status/1448790687755931656,Thu Oct 14 23:19:51 +0000 2021,"Scroll for a fun lunar experience!
🌕
🌖
🌗
🌘
🌑
🌒
🌓
🌔
🌕
🌖
🌗
🌘
🌑
🌒
🌓
🌔
🌕
🌖
🌗
🌘
🌑
🌒
🌓
🌔
🌕
🌖
🌗
🌘
🌑
🌒
🌓
🌔
🌕
🌖
🌗
🌘
🌑
🌒
🌓
🌔
🌕
🌖
🌗
🌘
🌑
🌒
🌓
🌔
🌕
🌖
🌗
🌘
🌑
🌒
🌓
🌔
🌕
Haha cool anyway Linda please return my calls I need my fall jackets",36,306,3364,9,false,unknown,,primary,1,legacy_json_import,0,data/moonpie,true,false,false,false,false,en,pending
fortune_top100_ranked::1848795805026586873,fortune_top100_ranked,fortune_x_2025_ranked,81,United Airlines Holdings,@united,@united,https://x.com/united,1848795805026586873,https://x.com/united/status/1848795805026586873,Tue Oct 22 18:37:23 +0000 2024,"Drop your favorite movie genre ⬇️, and we’ll tell you what to watch on your next flight. ✈️🎥",85,138,81,2,true,false,,primary,1,capped browser-based collection of observable public posts,0,data/raw/fortune_x_2025_ranked/081_united_airlines_holdings/accounts/01_primary_united,true,false,false,false,false,mixed,pending
benchmark_self_defeating_moonpie::1361458072963678209,benchmark_self_defeating_moonpie,moonpie_existing_collection,benchmark,MoonPie,@MoonPie,@MoonPie,https://x.com/MoonPie/status/1361458072963678209,1361458072963678209,https://x.com/MoonPie/status/1361458072963678209,Mon Feb 15 23:31:13 +0000 2021,You really think we have a whole team for this,34,88,3014,1,false,unknown,,primary,1,legacy_json_import,0,data/moonpie,true,false,false,false,false,en,pending
benchmark_aggressive_wendys::1321891566982701056,benchmark_aggressive_wendys,wendys_existing_collection,benchmark,Wendy's,@Wendys,@Wendys,https://x.com/Wendys/status/1321891566982701056,1321891566982701056,https://x.com/Wendys/status/1321891566982701056,Thu Oct 29 19:08:03 +0000 2020,Something spooky is happening...👀 https://t.co/8nGgdpxoLB,298,180,3619,92,false,unknown,,primary,1,legacy_json_import,0,data/wendys,true,false,false,false,false,en,pending
fortune_top100_ranked::2015541501439148440,fortune_top100_ranked,fortune_x_2025_ranked,53,Energy Transfer,@energytransfer,@energytransfer,https://x.com/energytransfer,2015541501439148440,https://x.com/energytransfer/status/2015541501439148440,Sun Jan 25 21:45:15 +0000 2026,"Energy Transfer! Great yield, time to buy....",130,49,724,30,true,false,,primary,1,capped browser-based collection of observable public posts,0,data/raw/fortune_x_2025_ranked/053_energy_transfer/accounts/01_primary_energytransfer,true,false,false,false,false,en,pending
benchmark_aggressive_wendys::1298099186785759232,benchmark_aggressive_wendys,wendys_existing_collection,benchmark,Wendy's,@Wendys,@Wendys,https://x.com/Wendys/status/1298099186785759232,1298099186785759232,https://x.com/Wendys/status/1298099186785759232,Tue Aug 25 03:25:38 +0000 2020,"Wanna really help your friends that need to up their breakfast game? Now you can buy one, get one for $1. So, yeah, see you in the morning.",151,21,1553,6,false,unknown,,primary,1,legacy_json_import,0,data/wendys,true,false,false,false,false,en,pending
fortune_top100_ranked::1501402880552624129,fortune_top100_ranked,fortune_x_2025_ranked,62,New York Life Insurance,@NewYorkLife,@NewYorkLife,https://x.com/NewYorkLife,1501402880552624129,https://x.com/NewYorkLife/status/1501402880552624129,Wed Mar 09 03:41:56 +0000 2022,"First round of #ACCMBB is complete, see you tomorrow for the second round!🏀

We’ll be on the concourse all week with Donation Dash and capturing Memorable Moments. https://t.co/vDgrg6JqHF",0,0,4,0,false,false,,primary,1,capped browser-based collection of observable public posts,0,data/raw/fortune_x_2025_ranked/062_new_york_life_insurance/accounts/01_primary_newyorklife,true,false,false,false,false,mixed,pending
fortune_top100_ranked::1595145098047549440,fortune_top100_ranked,fortune_x_2025_ranked,59,MetLife,@metlife,@metlife,https://x.com/metlife,1595145098047549440,https://x.com/metlife/status/1595145098047549440,Tue Nov 22 20:00:02 +0000 2022,"MetLife’s Bill Pappas recently discussed #hiring practices in North Carolina’s Research Triangle and how we’re on track to meet our goal of hiring 400 workers by the end of this year. Read on for more: https://t.co/ffRiLxNNeP
#AllTogetherPossible https://t.co/9NR9YnflzS",1,0,4,0,false,false,,primary,1,capped browser-based collection of observable public posts,0,data/raw/fortune_x_2025_ranked/059_metlife/accounts/01_primary_metlife,true,false,false,false,false,mixed,pending
fortune_top100_ranked::1574887666855944193,fortune_top100_ranked,fortune_x_2025_ranked,40,Valero Energy,@valeroenergy,@valeroenergy,https://x.com/valeroenergy,1574887666855944193,https://x.com/valeroenergy/status/1574887666855944193,Tue Sep 27 22:24:14 +0000 2022,RT @SA_Sports: Thank you to our friends at @ValeroEnergy for awarding @SA_Sports funds from this year’s Benefit for Children! We received $…,0,7,0,0,false,false,,primary,1,capped browser-based collection of observable public posts,0,data/raw/fortune_x_2025_ranked/040_valero_energy/accounts/01_primary_valeroenergy,true,false,true,false,false,mixed,pending
fortune_top100_ranked::1971684430801764788,fortune_top100_ranked,fortune_x_2025_ranked,20,Bank of America,@bankofamerica,@bankofamerica,https://x.com/bankofamerica,1971684430801764788,https://x.com/bankofamerica/status/1971684430801764788,Fri Sep 26 21:12:55 +0000 2025,We're celebrating the road to the @FIFAWorldCup 2026™ with @ussoccer — city by city. Watch Diego Luna share his gratitude for the Bay Area in this episode of Dear Host Cities.,25,9,21,0,true,false,,primary,1,capped browser-based collection of observable public posts,0,data/raw/fortune_x_2025_ranked/020_bank_of_america/accounts/01_primary_bankofamerica,true,false,false,false,false,mixed,pending
fortune_top100_ranked::2057606363623141622,fortune_top100_ranked,fortune_x_2025_ranked,41,Dell Technologies,@Dell,@Dell,https://x.com/Dell,2057606363623141622,https://x.com/Dell/status/2057606363623141622,Thu May 21 23:36:00 +0000 2026,Power. Productivity. Reliability. Unlock it all with the power of our technology. Swipe right to see how. 👉 #DellTechWorld @sphereVegas,2,4,31,0,true,false,,primary,1,capped browser-based collection of observable public posts,0,data/raw/fortune_x_2025_ranked/041_dell_technologies/accounts/01_primary_dell,true,false,false,false,false,mixed,pending
fortune_top100_ranked::1528767716462665728,fortune_top100_ranked,fortune_x_2025_ranked,6,CVS Health,@cvshealth,@cvshealth,https://x.com/cvshealth,1528767716462665728,https://x.com/cvshealth/status/1528767716462665728,Mon May 23 16:00:01 +0000 2022,"Members of the LGBTQ community are at a higher risk of challenges to mental well-being. For #MentalHealthAwarenessMonth, we’re sharing more, including what you can do for yourself and others. https://t.co/Ql9Oy1pcXy https://t.co/dbPW9Zi6eY",1,1,4,0,false,false,,primary,1,capped browser-based collection of observable public posts,0,data/raw/fortune_x_2025_ranked/006_cvs_health/accounts/01_primary_cvshealth,true,false,false,false,false,mixed,pending
fortune_top100_ranked::2012204194896220488,fortune_top100_ranked,fortune_x_2025_ranked,52,Lowe's,@lowes,@lowes,https://x.com/lowes,2012204194896220488,https://x.com/lowes/status/2012204194896220488,Fri Jan 16 16:43:59 +0000 2026,"We’re building something special with @InterMiamiCF . Sleeves up, let’s get to work ⚽️",42,3,8,0,true,false,,primary,1,capped browser-based collection of observable public posts,0,data/raw/fortune_x_2025_ranked/052_lowe_s/accounts/01_primary_lowes,true,false,false,false,false,mixed,pending
fortune_top100_ranked::1756347435272503465,fortune_top100_ranked,fortune_x_2025_ranked,60,HCA Healthcare,@hcahealthcare,@hcahealthcare,https://x.com/hcahealthcare,1756347435272503465,https://x.com/hcahealthcare/status/1756347435272503465,Sat Feb 10 16:00:34 +0000 2024,"The application period for the 2024-25 Patricia Frist Memorial Scholarship is open through February 15, 2024. This scholarship has impacted many dependents of HCA Healthcare colleagues, like Madeline. Learn about the application process: https://t.co/PJTFXhRGZn. https://t.co/DoAeGUWWJS",0,2,3,0,true,false,,primary,1,capped browser-based collection of observable public posts,0,data/raw/fortune_x_2025_ranked/060_hca_healthcare/accounts/01_primary_hcahealthcare,true,false,false,false,false,en,pending
fortune_top100_ranked::2056752148067549338,fortune_top100_ranked,fortune_x_2025_ranked,88,Intel,@intel,@intel,https://x.com/intel,2056752148067549338,https://x.com/intel/status/2056752148067549338,Tue May 19 15:01:39 +0000 2026,"Where the world’s most advanced chips are built matters.

The latest from @USATODAY highlights semiconductor innovation, resilient supply chains, and the future of computing.

Featuring insights from Intel Foundry leadership and industry analysts: https://t.co/qkxXfHjtmW

#IntelFoundry #Semiconductors",2,32,91,5,true,false,,primary,1,capped browser-based collection of observable public posts,0,data/raw/fortune_x_2025_ranked/088_intel/accounts/01_primary_intel,true,false,false,false,false,mixed,pending
fortune_top100_ranked::2027398336764870995,fortune_top100_ranked,fortune_x_2025_ranked,33,Freddie Mac,@FreddieMac,@FreddieMac,https://x.com/FreddieMac,2027398336764870995,https://x.com/FreddieMac/status/2027398336764870995,Fri Feb 27 15:00:05 +0000 2026,"Our Low-Income Housing Tax Credit (LIHTC) equity initiatives are transforming underutilized spaces into affordable multifamily housing. Check out Indigo at McLean Station, one of our latest developments: https://t.co/ExHVJ1vpOg https://t.co/z0thLL0B5n",0,2,5,0,true,false,,primary,1,capped browser-based collection of observable public posts,0,data/raw/fortune_x_2025_ranked/033_freddie_mac/accounts/01_primary_freddiemac,true,false,false,false,false,en,pending
benchmark_self_defeating_moonpie::1734668205744959977,benchmark_self_defeating_moonpie,moonpie_existing_collection,benchmark,MoonPie,@MoonPie,@MoonPie,https://x.com/MoonPie/status/1734668205744959977,1734668205744959977,https://x.com/MoonPie/status/1734668205744959977,Tue Dec 12 20:15:03 +0000 2023,Tbh this might be the most ambitious attempt at alien and/or marketing communication in human history https://t.co/JupsSqpK1L,54,103,460,58,true,unknown,,primary,1,legacy_json_import,0,data/moonpie,true,false,false,false,false,en,pending
fortune_top100_ranked::1665711916256305153,fortune_top100_ranked,fortune_x_2025_ranked,20,Bank of America,@bankofamerica,@bankofamerica,https://x.com/bankofamerica,1665711916256305153,https://x.com/bankofamerica/status/1665711916256305153,Mon Jun 05 13:27:22 +0000 2023,The Bank of America 13.1 was June 4th. Where were YOU?,12,6,9,0,true,false,,primary,1,capped browser-based collection of observable public posts,0,data/raw/fortune_x_2025_ranked/020_bank_of_america/accounts/01_primary_bankofamerica,true,false,false,false,false,en,pending
fortune_top100_ranked::1948362818362687706,fortune_top100_ranked,fortune_x_2025_ranked,3,UnitedHealth Group,@UnitedHealthGrp,@UnitedHealthGrp,https://x.com/UnitedHealthGrp,1948362818362687706,https://x.com/UnitedHealthGrp/status/1948362818362687706,Thu Jul 24 12:41:09 +0000 2025,We released the following statement today regarding criminal and civil requests from the Department of Justice related to certain aspects of our participation in the Medicare program. https://t.co/vy2q8ovHc7,84,5,15,2,true,false,,primary,1,capped browser-based collection of observable public posts,0,data/raw/fortune_x_2025_ranked/003_unitedhealth_group/accounts/01_primary_unitedhealthgrp,true,false,false,false,false,en,pending
fortune_top100_ranked::1846216987485094034,fortune_top100_ranked,fortune_x_2025_ranked,50,FedEx,@fedex,@fedex,https://x.com/fedex,1846216987485094034,https://x.com/fedex/status/1846216987485094034,Tue Oct 15 15:50:05 +0000 2024,"RT @AimeeCho4: Welcome home, Qing Bao and Bao Li! 🐼 @nbcwashington https://t.co/wbfQqs6wi6",0,55,0,0,false,false,,primary,1,capped browser-based collection of observable public posts,0,data/raw/fortune_x_2025_ranked/050_fedex/accounts/01_primary_fedex,true,false,true,false,false,mixed,pending
fortune_top100_ranked::1844108953552089176,fortune_top100_ranked,fortune_x_2025_ranked,50,FedEx,@fedex,@fedex,https://x.com/fedex,1844108953552089176,https://x.com/fedex/status/1844108953552089176,Wed Oct 09 20:13:31 +0000 2024,The votes are in and @JoeyB and @Real10jayy__ are your Week 5 FedEx #AirandGround @NFL Players of the Week! https://t.co/LVb7fqTnmz,24,128,635,27,true,false,,primary,1,capped browser-based collection of observable public posts,0,data/raw/fortune_x_2025_ranked/050_fedex/accounts/01_primary_fedex,true,false,false,false,false,en,pending
fortune_top100_ranked::1932883633037062446,fortune_top100_ranked,fortune_x_2025_ranked,17,Meta Platforms,@Meta,@Meta,https://x.com/Meta,1932883633037062446,https://x.com/Meta/status/1932883633037062446,Wed Jun 11 19:32:24 +0000 2025,"RT @MetaNewsroom: We’ve launched a new generative AI video editing feature (across the Meta AI app, https://t.co/NC2NjCbU9q + the Edits app…",0,144,0,0,false,false,,primary,1,capped browser-based collection of observable public posts,0,data/raw/fortune_x_2025_ranked/017_meta_platforms/accounts/01_primary_meta,true,false,true,false,false,mixed,pending
benchmark_aggressive_wendys::1268327435206111232,benchmark_aggressive_wendys,wendys_existing_collection,benchmark,Wendy's,@Wendys,@Wendys,https://x.com/Wendys/status/1268327435206111232,1268327435206111232,https://x.com/Wendys/status/1268327435206111232,Wed Jun 03 23:43:19 +0000 2020,"In the coming days, we’ll be using our Twitter account to amplify Black voices. Because what’s the point of this big platform if we don’t use it for what matters during times like these?",1067,783,10604,438,false,unknown,,primary,1,legacy_json_import,0,data/wendys,true,false,false,false,false,en,pending
benchmark_self_defeating_moonpie::898251154496172032,benchmark_self_defeating_moonpie,moonpie_existing_collection,benchmark,MoonPie,@MoonPie,@MoonPie,https://x.com/MoonPie/status/898251154496172032,898251154496172032,https://x.com/MoonPie/status/898251154496172032,Thu Aug 17 18:32:18 +0000 2017,Oh. My. Gosh. Please let this work. https://t.co/juQFiSA8VD,0,5,83,0,false,unknown,,primary,1,legacy_json_import,0,data/moonpie,true,false,false,false,false,en,pending
benchmark_aggressive_wendys::2009777266847363171,benchmark_aggressive_wendys,wendys_existing_collection,benchmark,Wendy's,@Wendys,@Wendys,https://x.com/Wendys/status/2009777266847363171,2009777266847363171,https://x.com/Wendys/status/2009777266847363171,Sat Jan 10 00:00:14 +0000 2026,life is so crazy bc wdym i’m giving out bogo dave’s singles or doubles on doordash just bc some lady asked where’s the beef 42 years ago,104,33,625,3,true,unknown,,primary,1,legacy_json_import,0,data/wendys,true,false,false,false,false,en,pending
fortune_top100_ranked::2065435200364970246,fortune_top100_ranked,fortune_x_2025_ranked,41,Dell Technologies,@Dell,@Dell,https://x.com/Dell,2065435200364970246,https://x.com/Dell/status/2065435200364970246,Fri Jun 12 14:05:00 +0000 2026,"We’re honored the new Dell XPS 13 has been awarded “Best in Show” by @XDADevelopers at Computex 2026. ​
Dell XPS 13 reflects our focus on thoughtful design and reliable performance - razor-thin, featherlight and featuring a smooth 120Hz display built for how you work and move.",1,1,16,0,true,false,,primary,1,capped browser-based collection of observable public posts,0,data/raw/fortune_x_2025_ranked/041_dell_technologies/accounts/01_primary_dell,true,false,false,false,false,mixed,pending
fortune_top100_ranked::1880329552536203729,fortune_top100_ranked,fortune_x_2025_ranked,86,American Airlines Group,@AmericanAir,@AmericanAir,https://x.com/AmericanAir,1880329552536203729,https://x.com/AmericanAir/status/1880329552536203729,Fri Jan 17 19:01:14 +0000 2025,"At the center of our operation sits a group of #AATeam members working together to achieve the highest level of safety, customer service and coordination for American's global network. ✈️ Get a look at our Integrated Operations Center (IOC). https://t.co/z2jwKV8hoj https://t.co/oOoeigK3Dz",54,25,94,2,true,false,,primary,1,capped browser-based collection of observable public posts,0,data/raw/fortune_x_2025_ranked/086_american_airlines_group/accounts/01_primary_americanair,true,false,false,false,false,mixed,pending
benchmark_self_defeating_moonpie::879142830865735680,benchmark_self_defeating_moonpie,moonpie_existing_collection,benchmark,MoonPie,@MoonPie,@MoonPie,https://x.com/MoonPie/status/879142830865735680,879142830865735680,https://x.com/MoonPie/status/879142830865735680,Mon Jun 26 01:02:39 +0000 2017,What should North name her puppy?,1936,3375,11145,0,false,unknown,,primary,1,legacy_json_import,0,data/moonpie,true,false,false,false,false,en,pending
benchmark_self_defeating_moonpie::1136769694235549696,benchmark_self_defeating_moonpie,moonpie_existing_collection,benchmark,MoonPie,@MoonPie,@MoonPie,https://x.com/MoonPie/status/1136769694235549696,1136769694235549696,https://x.com/MoonPie/status/1136769694235549696,Thu Jun 06 22:59:49 +0000 2019,Today is the only day you can rt this https://t.co/2B0MCMmFbq,65,1251,1674,31,false,unknown,,primary,1,legacy_json_import,0,data/moonpie,true,false,false,false,false,en,pending
benchmark_aggressive_wendys::1577345554614566913,benchmark_aggressive_wendys,wendys_existing_collection,benchmark,Wendy's,@Wendys,@Wendys,https://x.com/Wendys/status/1577345554614566913,1577345554614566913,https://x.com/Wendys/status/1577345554614566913,Tue Oct 04 17:11:00 +0000 2022,Got tired of chasing trends. Please have a cheeseburger for lunch,135,171,6566,15,false,unknown,,primary,1,legacy_json_import,0,data/wendys,true,false,false,false,false,en,pending
fortune_top100_ranked::1658892920957673478,fortune_top100_ranked,fortune_x_2025_ranked,84,HP,@hp,@hp,https://x.com/hp,1658892920957673478,https://x.com/hp/status/1658892920957673478,Wed May 17 17:51:07 +0000 2023,"HP CFO Marie Myers spoke with @FortuneMagazine on the need for modern boards of directors to learn and be ready to pivot quickly, citing the AI debate as a key example of the need for innovative thinking. https://t.co/eFWV3Wvjro https://t.co/YJt0TVp0NH",18,9,33,2,true,false,,primary,1,capped browser-based collection of observable public posts,0,data/raw/fortune_x_2025_ranked/084_hp/accounts/01_primary_hp,true,false,false,false,false,en,pending
fortune_top100_ranked::1496286795419590657,fortune_top100_ranked,fortune_x_2025_ranked,14,Cigna Group,@TheCignaGroup,@Cigna,https://x.com/Cigna,1496286795419590657,https://x.com/Cigna/status/1496286795419590657,Wed Feb 23 00:52:26 +0000 2022,"Congratulations to Julia Huggins, SVP, U.S. Markets at Cigna for being awarded with the 2022 Distinguished Humanitarian Award. Julia is an honoree thanks to her dedication to community service, generosity and passion for the mission of Penn-Mar. #PennMarGala2022",1,0,2,0,false,false,,secondary,2,capped browser-based collection of observable public posts,0,data/raw/fortune_x_2025_ranked/014_cigna_group/accounts/02_secondary_cigna,true,false,false,false,false,en,pending
fortune_top100_ranked::1427306817479184397,fortune_top100_ranked,fortune_x_2025_ranked,64,Allstate,@allstate,@allstate,https://x.com/allstate,1427306817479184397,https://x.com/allstate/status/1427306817479184397,Mon Aug 16 16:30:38 +0000 2021,"As tropical storm #Fred strengthens, get ready &amp; stay safe: https://t.co/WPKuxHvZP3

✅ Secure windows with shutters or plywood.
✅ Put valuables &amp; records in waterproof containers
✅ Set refrigerators to max cold level
✅ Get @fema weather updates📱: https://t.co/QQeWCVVNLT https://t.co/DvLoAVwSnr",0,1,5,0,false,false,,primary,1,capped browser-based collection of observable public posts,0,data/raw/fortune_x_2025_ranked/064_allstate/accounts/01_primary_allstate,true,false,false,false,false,mixed,pending
benchmark_aggressive_wendys::1826436504614273198,benchmark_aggressive_wendys,wendys_existing_collection,benchmark,Wendy's,@Wendys,@Wendys,https://x.com/Wendys/status/1826436504614273198,1826436504614273198,https://x.com/Wendys/status/1826436504614273198,Thu Aug 22 01:49:30 +0000 2024,“Horrible Sauces “,15,10,379,0,true,unknown,,primary,1,legacy_json_import,0,data/wendys,true,false,false,false,false,en,pending
fortune_top100_ranked::1458781598510428167,fortune_top100_ranked,fortune_x_2025_ranked,65,Caterpillar,@CaterpillarInc,@CaterpillarInc,https://x.com/CaterpillarInc,1458781598510428167,https://x.com/CaterpillarInc/status/1458781598510428167,Thu Nov 11 13:00:10 +0000 2021,"Shop our line of Cat lights and receive 15% off with code CATLIGHTS15: https://t.co/i89M6xdcjW. 

Valid through 11/14 on https://t.co/Abgf2QRvfn. Previous purchases are not eligible for this discount. https://t.co/fvMCYH8ous",0,0,7,0,false,false,,primary,1,capped browser-based collection of observable public posts,0,data/raw/fortune_x_2025_ranked/065_caterpillar/accounts/01_primary_caterpillarinc,true,false,false,false,false,en,pending
fortune_top100_ranked::796804823744212992,fortune_top100_ranked,fortune_x_2025_ranked,25,Home Depot,@homedepot,@HDCares,https://x.com/HDCares,796804823744212992,https://x.com/HDCares/status/796804823744212992,Thu Nov 10 20:00:48 +0000 2016,@Johnwelsh52 Snazzy watch! Thanks for sharing! -TeamCare,0,0,0,0,false,false,,secondary,2,capped browser-based collection of observable public posts,0,data/raw/fortune_x_2025_ranked/025_home_depot/accounts/02_secondary_hdcares,true,false,false,true,false,en,pending
benchmark_aggressive_wendys::2031738937870364955,benchmark_aggressive_wendys,wendys_existing_collection,benchmark,Wendy's,@Wendys,@Wendys,https://x.com/Wendys/status/2031738937870364955,2031738937870364955,https://x.com/Wendys/status/2031738937870364955,Wed Mar 11 14:28:05 +0000 2026,travis gonna love the drive thru at his mom's house https://t.co/ssjGEuifjO,46,45,1138,9,true,unknown,,primary,1,legacy_json_import,0,data/wendys,true,false,false,false,false,en,pending
benchmark_aggressive_wendys::1388192293216309250,benchmark_aggressive_wendys,wendys_existing_collection,benchmark,Wendy's,@Wendys,@Wendys,https://x.com/Wendys/status/1388192293216309250,1388192293216309250,https://x.com/Wendys/status/1388192293216309250,Fri Apr 30 18:03:28 +0000 2021,"Oh, snap! $1 Any Size Fries and Pokemon Snap? Watch us play it on Twitch and grab yourself some $1 fries in our app! https://t.co/P0GZ7DIn5g",73,25,482,8,false,unknown,,primary,1,legacy_json_import,0,data/wendys,true,false,false,false,false,en,pending
fortune_top100_ranked::1854616833804132614,fortune_top100_ranked,fortune_x_2025_ranked,28,Verizon Communications,@Verizon,@Verizon,https://x.com/Verizon,1854616833804132614,https://x.com/Verizon/status/1854616833804132614,Thu Nov 07 20:08:04 +0000 2024,Work continues to restore our customer service lines. In the meantime please visit https://t.co/zRvbAO1KjQ or the My Verizon App.,335,23,90,9,true,false,,primary,1,capped browser-based collection of observable public posts,0,data/raw/fortune_x_2025_ranked/028_verizon_communications/accounts/01_primary_verizon,true,false,false,false,false,en,pending
benchmark_self_defeating_moonpie::1359676871638732810,benchmark_self_defeating_moonpie,moonpie_existing_collection,benchmark,MoonPie,@MoonPie,@MoonPie,https://x.com/MoonPie/status/1359676871638732810,1359676871638732810,https://x.com/MoonPie/status/1359676871638732810,Thu Feb 11 01:33:22 +0000 2021,Can I be hired onto @MoonPie’s Twitter team,0,0,16,1,false,unknown,,primary,1,legacy_json_import,0,data/moonpie,true,false,false,false,false,en,pending
benchmark_aggressive_wendys::1555191976110301185,benchmark_aggressive_wendys,wendys_existing_collection,benchmark,Wendy's,@Wendys,@Wendys,https://x.com/Wendys/status/1555191976110301185,1555191976110301185,https://x.com/Wendys/status/1555191976110301185,Thu Aug 04 14:00:35 +0000 2022,@spdustin render us like one of your french fries #ChooseHotAndCrispy https://t.co/T2WC1EKnZD,1,0,47,0,false,unknown,,primary,1,legacy_json_import,0,data/wendys,true,false,false,true,false,en,pending
benchmark_self_defeating_moonpie::1257696208639987717,benchmark_self_defeating_moonpie,moonpie_existing_collection,benchmark,MoonPie,@MoonPie,@MoonPie,https://x.com/MoonPie/status/1257696208639987717,1257696208639987717,https://x.com/MoonPie/status/1257696208639987717,Tue May 05 15:38:37 +0000 2020,You’re never alone when you’re alone with MoonPie MoonMate https://t.co/nGf88wszql,44,100,993,46,false,unknown,,primary,1,legacy_json_import,0,data/moonpie,true,false,false,false,false,en,pending
fortune_top100_ranked::1420821509514440707,fortune_top100_ranked,fortune_x_2025_ranked,29,Phillips 66,@phillips66,@Phillips66co,https://x.com/Phillips66co,1420821509514440707,https://x.com/Phillips66co/status/1420821509514440707,Thu Jul 29 19:00:20 +0000 2021,"We’re celebrating the energy interns bring to our organization. Our intern program has given nearly 1,500 young professionals crucial real-world experience. And many of those interns became full-time employees! Here’s to #InternEnergy",0,0,7,0,false,false,,secondary,2,capped browser-based collection of observable public posts,0,data/raw/fortune_x_2025_ranked/029_phillips_66/accounts/02_secondary_phillips66co,true,false,false,false,false,mixed,pending
fortune_top100_ranked::1694847642172338582,fortune_top100_ranked,fortune_x_2025_ranked,19,Centene,@centene,@centene,https://x.com/centene,1694847642172338582,https://x.com/centene/status/1694847642172338582,Thu Aug 24 23:02:21 +0000 2023,"Our commitment to DEI extends into how we choose our partners and suppliers. By partnering with diverse businesses, we tap into a wide range of perspectives, enhancing how we provide innovative solutions to our members. https://t.co/Ufh2UW74b2 #Centene https://t.co/cK76Z9kYma",1,2,5,1,true,false,,primary,1,capped browser-based collection of observable public posts,0,data/raw/fortune_x_2025_ranked/019_centene/accounts/01_primary_centene,true,false,false,false,false,en,pending
fortune_top100_ranked::1549761156163715072,fortune_top100_ranked,fortune_x_2025_ranked,56,American Express,@americanexpress,@americanexpress,https://x.com/americanexpress,1549761156163715072,https://x.com/americanexpress/status/1549761156163715072,Wed Jul 20 14:20:27 +0000 2022,"RT @SIRIUSXM: .@Shinedown is coming to @ThePeel in Asheville, North Carolina for SiriusXM’s Small Stage Series Presented by @AmericanExpres…",0,13,0,0,false,false,,primary,1,capped browser-based collection of observable public posts,0,data/raw/fortune_x_2025_ranked/056_american_express/accounts/01_primary_americanexpress,true,false,true,false,false,mixed,pending
fortune_top100_ranked::1284110698486870017,fortune_top100_ranked,fortune_x_2025_ranked,9,Exxon Mobil,@exxonmobil,@exxonmobil,https://x.com/exxonmobil,1284110698486870017,https://x.com/exxonmobil/status/1284110698486870017,Fri Jul 17 13:00:22 +0000 2020,"Our members are taking a range of actions to reduce their carbon intensity, and yesterday we were excited to announce our first collective carbon intensity target!

Find out more about what this target means here: https://t.co/lnM6IcaedS https://t.co/yUwCSTEL6o",0,5,6,2,false,false,,primary,1,capped browser-based collection of observable public posts,0,data/raw/fortune_x_2025_ranked/009_exxon_mobil/accounts/01_primary_exxonmobil,true,false,false,false,false,en,pending
benchmark_self_defeating_moonpie::1237778616425029633,benchmark_self_defeating_moonpie,moonpie_existing_collection,benchmark,MoonPie,@MoonPie,@MoonPie,https://x.com/MoonPie/status/1237778616425029633,1237778616425029633,https://x.com/MoonPie/status/1237778616425029633,Wed Mar 11 16:33:13 +0000 2020,Ummm https://t.co/imUsoQWweb,39,230,2546,15,false,unknown,,primary,1,legacy_json_import,0,data/moonpie,true,false,false,false,false,und,pending
fortune_top100_ranked::1470860643846795264,fortune_top100_ranked,fortune_x_2025_ranked,56,American Express,@americanexpress,@americanexpress,https://x.com/americanexpress,1470860643846795264,https://x.com/americanexpress/status/1470860643846795264,Tue Dec 14 20:57:59 +0000 2021,"#withAmex Card Members have early access to @NBAAllStar at Rocket Mortgage FieldHouse in Cleveland, OH. #AmexPresale tickets on sale now thru 9:59am ET on 12/16. https://t.co/Bd0XBFujhm. Supply is limited. Terms apply. https://t.co/zsvHp4h5RE",4,17,85,2,false,false,,primary,1,capped browser-based collection of observable public posts,0,data/raw/fortune_x_2025_ranked/056_american_express/accounts/01_primary_americanexpress,true,false,false,false,false,en,pending
benchmark_aggressive_wendys::1234275836905369603,benchmark_aggressive_wendys,wendys_existing_collection,benchmark,Wendy's,@Wendys,@Wendys,https://x.com/Wendys/status/1234275836905369603,1234275836905369603,https://x.com/Wendys/status/1234275836905369603,Mon Mar 02 00:34:25 +0000 2020,Y’all got any plans for breakfast tomorrow orrrrrrrrr…..?,3312,1281,30476,446,false,unknown,,primary,1,legacy_json_import,0,data/wendys,true,false,false,false,false,en,pending
benchmark_aggressive_wendys::1248678101598470144,benchmark_aggressive_wendys,wendys_existing_collection,benchmark,Wendy's,@Wendys,@Wendys,https://x.com/Wendys/status/1248678101598470144,1248678101598470144,https://x.com/Wendys/status/1248678101598470144,Fri Apr 10 18:23:53 +0000 2020,"At times like these Braden, we just hope it wasn't Cats. 

Now you can cue up a movie and chill with a Free Dave's Single.",17,31,650,1,false,unknown,,primary,1,legacy_json_import,0,data/wendys,true,false,false,false,false,en,pending
fortune_top100_ranked::1184597392278073344,fortune_top100_ranked,fortune_x_2025_ranked,87,Tyson Foods,@tysonfoods,@tysonfoods,https://x.com/tysonfoods,1184597392278073344,https://x.com/tysonfoods/status/1184597392278073344,Wed Oct 16 22:30:01 +0000 2019,"In honor of #WorldFoodDay, @TysonFoods is donating protein to a local food bank https://t.co/A6Fd51sLwZ #NWANews #NWArk #TysonFoods #FeedingAmerica",1,1,4,0,false,false,,primary,1,capped browser-based collection of observable public posts,0,data/raw/fortune_x_2025_ranked/087_tyson_foods/accounts/01_primary_tysonfoods,true,false,false,false,false,en,pending
fortune_top100_ranked::2039785760396599528,fortune_top100_ranked,fortune_x_2025_ranked,5,Alphabet,@Alphabetlnc,@google,https://x.com/google,2039785760396599528,https://x.com/google/status/2039785760396599528,Thu Apr 02 19:23:17 +0000 2026,@googlemaps @googledocs @googledrive Learn more about our biggest AI updates from March 🔽 https://t.co/J2IgWMmdZL,8,10,101,2,true,false,,secondary,2,capped browser-based collection of observable public posts,0,data/raw/fortune_x_2025_ranked/005_alphabet/accounts/02_secondary_google,true,false,false,true,false,mixed,pending
fortune_top100_ranked::1525113521507377152,fortune_top100_ranked,fortune_x_2025_ranked,14,Cigna Group,@TheCignaGroup,@Cigna,https://x.com/Cigna,1525113521507377152,https://x.com/Cigna/status/1525113521507377152,Fri May 13 13:59:33 +0000 2022,"This pet tip is brought to you by Cigna and @NationwidePet. Just as you care for your pets with Nationwide Pet Insurance, let Cigna Medicare Advantage care for you: https://t.co/TEtc4mOE4M #CignaMedicare #NationwidePet https://t.co/NT8OHXihHK",0,0,3,0,false,false,,secondary,2,capped browser-based collection of observable public posts,0,data/raw/fortune_x_2025_ranked/014_cigna_group/accounts/02_secondary_cigna,true,false,false,false,false,en,pending
fortune_top100_ranked::2060192819881336851,fortune_top100_ranked,fortune_x_2025_ranked,32,State Farm Insurance,@StateFarm,@StateFarm,https://x.com/StateFarm,2060192819881336851,https://x.com/StateFarm/status/2060192819881336851,Fri May 29 02:53:39 +0000 2026,"Congrats on 5️⃣0️⃣0️⃣ career assists, @CaitlinClark22! https://t.co/kWE8VKugYW",24,164,1887,2,true,false,,primary,1,capped browser-based collection of observable public posts,0,data/raw/fortune_x_2025_ranked/032_state_farm_insurance/accounts/01_primary_statefarm,true,false,false,false,false,mixed,pending
benchmark_self_defeating_moonpie::963153000351985664,benchmark_self_defeating_moonpie,moonpie_existing_collection,benchmark,MoonPie,@MoonPie,@MoonPie,https://x.com/MoonPie/status/963153000351985664,963153000351985664,https://x.com/MoonPie/status/963153000351985664,Mon Feb 12 20:49:04 +0000 2018,Good one dad https://t.co/57WbhLJXVP,52,551,7872,0,false,unknown,,primary,1,legacy_json_import,0,data/moonpie,true,false,false,false,false,en,pending
fortune_top100_ranked::1494020077351575553,fortune_top100_ranked,fortune_x_2025_ranked,18,Elevance Health,@elevancehealth,@elevancehealth,https://x.com/elevancehealth,1494020077351575553,https://x.com/elevancehealth/status/1494020077351575553,Wed Feb 16 18:45:18 +0000 2022,"KomodoHealth: On #ForTheHealthOfIt, @DMGrayMD shares his drive for #HealthEquity work. Learn how he is working to improve ‘whole health’ at @AnthemInc, and why health equity is everyone’s business: https://t.co/6OQgQEVXi9

#healthdisparities #sdoh #heal… https://t.co/NYhiTC3xWn",0,2,2,0,false,false,,primary,1,capped browser-based collection of observable public posts,0,data/raw/fortune_x_2025_ranked/018_elevance_health/accounts/01_primary_elevancehealth,true,false,false,false,false,mixed,pending
benchmark_aggressive_wendys::1249692974499467266,benchmark_aggressive_wendys,wendys_existing_collection,benchmark,Wendy's,@Wendys,@Wendys,https://x.com/Wendys/status/1249692974499467266,1249692974499467266,https://x.com/Wendys/status/1249692974499467266,Mon Apr 13 13:36:37 +0000 2020,We got you covered for breakfast! Get a free Breakfast Baconator added to any purchase.  https://t.co/p8NxAexkV4 https://t.co/gFpVNpabvW,54,28,431,6,false,unknown,,primary,1,legacy_json_import,0,data/wendys,true,false,false,false,false,en,pending
benchmark_aggressive_wendys::1874908984093876692,benchmark_aggressive_wendys,wendys_existing_collection,benchmark,Wendy's,@Wendys,@Wendys,https://x.com/Wendys/status/1874908984093876692,1874908984093876692,https://x.com/Wendys/status/1874908984093876692,Thu Jan 02 20:01:50 +0000 2025,"""how to type squared symbol on mac reddit” https://t.co/8HDnTWj1Iv",79,62,540,5,true,unknown,,primary,1,legacy_json_import,0,data/wendys,true,false,false,false,false,en,pending
benchmark_self_defeating_moonpie::1684336567752577025,benchmark_self_defeating_moonpie,moonpie_existing_collection,benchmark,MoonPie,@MoonPie,@MoonPie,https://x.com/MoonPie/status/1684336567752577025,1684336567752577025,https://x.com/MoonPie/status/1684336567752577025,Wed Jul 26 22:55:05 +0000 2023,Wanted to make an official statement about the hearings today but it got redacted :/ https://t.co/lkr1i2UTJs,16,36,517,2,true,unknown,,primary,1,legacy_json_import,0,data/moonpie,true,false,false,false,false,en,pending
benchmark_aggressive_wendys::1705356808959787436,benchmark_aggressive_wendys,wendys_existing_collection,benchmark,Wendy's,@Wendys,@Wendys,https://x.com/Wendys/status/1705356808959787436,1705356808959787436,https://x.com/Wendys/status/1705356808959787436,Fri Sep 22 23:02:01 +0000 2023,"Fun fact, these are doubloons. https://t.co/GjW2QACWt3",137,48,703,7,true,unknown,,primary,1,legacy_json_import,0,data/wendys,true,false,false,false,false,en,pending
fortune_top100_ranked::1911871840592576736,fortune_top100_ranked,fortune_x_2025_ranked,30,Marathon Petroleum,@MarathonPetroCo,@MarathonPetroCo,https://x.com/MarathonPetroCo,1911871840592576736,https://x.com/MarathonPetroCo/status/1911871840592576736,Mon Apr 14 19:59:02 +0000 2025,"It’s National Safe Digging Month, and our Marathon Pipe Line team wants to remind you to dial 811 before you dig. It’s quick, it’s free and it keeps everyone safe. 🌱

#DIY #Call811 📞 #SafeDiggingMonth https://t.co/Mk30dxrSji",1,3,6,0,true,false,,primary,1,capped browser-based collection of observable public posts,0,data/raw/fortune_x_2025_ranked/030_marathon_petroleum/accounts/01_primary_marathonpetroco,true,false,false,false,false,mixed,pending
fortune_top100_ranked::2049262382887862581,fortune_top100_ranked,fortune_x_2025_ranked,77,AbbVie,@abbvie,@abbvie,https://x.com/abbvie,2049262382887862581,https://x.com/abbvie/status/2049262382887862581,Tue Apr 28 23:00:00 +0000 2026,Reminder: Join us tomorrow at 8am CT as we share our Q1 2026 #FinancialResults. https://t.co/HGS0e7Y6he #earnings $ABBV https://t.co/3QZlu8stDS,1,0,2,0,true,false,,primary,1,capped browser-based collection of observable public posts,0,data/raw/fortune_x_2025_ranked/077_abbvie/accounts/01_primary_abbvie,true,false,false,false,false,en,pending
benchmark_aggressive_wendys::2029249180762341501,benchmark_aggressive_wendys,wendys_existing_collection,benchmark,Wendy's,@Wendys,@Wendys,https://x.com/Wendys/status/2029249180762341501,2029249180762341501,https://x.com/Wendys/status/2029249180762341501,Wed Mar 04 17:34:40 +0000 2026,Wendy’s US President posts new video amid burger battle with McDonald’s &amp; Burger King. https://t.co/R6IALUetCC,2555,2414,47033,2611,true,unknown,,primary,1,legacy_json_import,0,data/wendys,true,false,false,false,false,en,pending
fortune_top100_ranked::1431748198662643712,fortune_top100_ranked,fortune_x_2025_ranked,65,Caterpillar,@CaterpillarInc,@CaterpillarInc,https://x.com/CaterpillarInc,1431748198662643712,https://x.com/CaterpillarInc/status/1431748198662643712,Sat Aug 28 22:39:05 +0000 2021,"We're putting the Caterpillar Edwards arena into perspective for you today. A few years ago, Spring Training was a packed house. Can you guess how many machines were in the arena? 

#CaterpillarEdwards #HeavyEquipment #LetsDoTheWork https://t.co/l0VsFSdOvt",3,3,52,2,false,false,,primary,1,capped browser-based collection of observable public posts,0,data/raw/fortune_x_2025_ranked/065_caterpillar/accounts/01_primary_caterpillarinc,true,false,false,false,false,en,pending
benchmark_self_defeating_moonpie::926127678666702849,benchmark_self_defeating_moonpie,moonpie_existing_collection,benchmark,MoonPie,@MoonPie,@MoonPie,https://x.com/MoonPie/status/926127678666702849,926127678666702849,https://x.com/MoonPie/status/926127678666702849,Thu Nov 02 16:43:39 +0000 2017,Oh dang we forgot about this but thanks to all who came out did anything happen https://t.co/JCRqhqccey,3,5,199,0,false,unknown,,primary,1,legacy_json_import,0,data/moonpie,true,false,false,false,false,en,pending
fortune_top100_ranked::1684248617102573569,fortune_top100_ranked,fortune_x_2025_ranked,27,Kroger,@kroger,@kroger,https://x.com/kroger,1684248617102573569,https://x.com/kroger/status/1684248617102573569,Wed Jul 26 17:05:36 +0000 2023,All of Kroger's suppliers are subjected to social compliance audits.  The Kroger Social Responsibility Audit is designed to examine the following areas of concern:  3/4,11,2,12,1,true,false,,primary,1,capped browser-based collection of observable public posts,0,data/raw/fortune_x_2025_ranked/027_kroger/accounts/01_primary_kroger,true,false,false,false,false,en,pending
benchmark_self_defeating_moonpie::1305637491366653959,benchmark_self_defeating_moonpie,moonpie_existing_collection,benchmark,MoonPie,@MoonPie,@MoonPie,https://x.com/MoonPie/status/1305637491366653959,1305637491366653959,https://x.com/MoonPie/status/1305637491366653959,Mon Sep 14 22:40:10 +0000 2020,"This tweet is only for people from Venus everyone else please ignore

t̴h̴e̸ M̶o̸o̵n̶P̵i̸e̸ b̶͖͝r̴̼̅ã̶̬n̸͉̊d̵̠̅ b̵o̴w̸s̶ ţ̴͆ỏ̴͔ ȯ̴̪ṷ̵̀r̸̨̈́ n̷e̸w̷ ̵r̷u̵l̵e̶r̷s̷ ̵",32,227,3040,5,false,unknown,,primary,1,legacy_json_import,0,data/moonpie,true,false,false,false,false,en,pending
fortune_top100_ranked::1908172715640389636,fortune_top100_ranked,fortune_x_2025_ranked,24,Citigroup,@Citi,@Citi,https://x.com/Citi,1908172715640389636,https://x.com/Citi/status/1908172715640389636,Fri Apr 04 15:00:02 +0000 2025,"At Citi, we embrace the power of connection across all generations. In 2025, we’re bringing the theme “Connecting Generations to Create Impact,” to life by fostering meaningful cross-generational relationships and a culture of belonging. https://t.co/GGK4neBQ4k",3,2,3,0,true,false,,primary,1,capped browser-based collection of observable public posts,0,data/raw/fortune_x_2025_ranked/024_citigroup/accounts/01_primary_citi,true,false,false,false,false,mixed,pending
benchmark_self_defeating_moonpie::925740258037288960,benchmark_self_defeating_moonpie,moonpie_existing_collection,benchmark,MoonPie,@MoonPie,@MoonPie,https://x.com/MoonPie/status/925740258037288960,925740258037288960,https://x.com/MoonPie/status/925740258037288960,Wed Nov 01 15:04:11 +0000 2017,If you’ve made the decision not to eat a MoonPie today that’s fine but we’d love for you to reconsider,14,46,519,0,false,unknown,,primary,1,legacy_json_import,0,data/moonpie,true,false,false,false,false,en,pending
benchmark_aggressive_wendys::1355230683392860162,benchmark_aggressive_wendys,wendys_existing_collection,benchmark,Wendy's,@Wendys,@Wendys,https://x.com/Wendys/status/1355230683392860162,1355230683392860162,https://x.com/Wendys/status/1355230683392860162,Fri Jan 29 19:05:48 +0000 2021,"We’re back on Twitch, getting dubs in Overwatch. Speaking of dubs, you can also get yourself two select breakfast sandwiches for $4 now! https://t.co/P0GZ7DIn5g",78,54,986,27,false,unknown,,primary,1,legacy_json_import,0,data/wendys,true,false,false,false,false,en,pending
benchmark_self_defeating_moonpie::996536636304449536,benchmark_self_defeating_moonpie,moonpie_existing_collection,benchmark,MoonPie,@MoonPie,@MoonPie,https://x.com/MoonPie/status/996536636304449536,996536636304449536,https://x.com/MoonPie/status/996536636304449536,Tue May 15 23:43:43 +0000 2018,I can’t tell if it’s Yanny or Laurel bc I refuse to turn up my volume for any reason,53,368,3844,28,false,unknown,,primary,1,legacy_json_import,0,data/moonpie,true,false,false,false,false,en,pending
fortune_top100_ranked::1588492504579690498,fortune_top100_ranked,fortune_x_2025_ranked,54,Procter & Gamble,@ProcterGamble,@ProcterGamble,https://x.com/ProcterGamble,1588492504579690498,https://x.com/ProcterGamble/status/1588492504579690498,Fri Nov 04 11:25:00 +0000 2022,"Last month, we donated P&amp;G’s LGBTQ+ Archives and $5,000 to @ArchivesOhio, a Cincinnati-based nonprofit and one of only a handful of LGBTQ+ archival resources in the U.S. Read more in @CincinnatiMag: https://t.co/hZ7zwDbWZA",2,2,3,0,false,false,,primary,1,capped browser-based collection of observable public posts,0,data/raw/fortune_x_2025_ranked/054_procter_gamble/accounts/01_primary_proctergamble,true,false,false,false,false,mixed,pending
fortune_top100_ranked::1590767744093683712,fortune_top100_ranked,fortune_x_2025_ranked,91,General Dynamics,@generaldynamics,@generaldynamics,https://x.com/generaldynamics,1590767744093683712,https://x.com/generaldynamics/status/1590767744093683712,Thu Nov 10 18:05:59 +0000 2022,"RT @GDMS: #truMLS, powered by #PitbullOS, brings secure information access and sharing to the enterprise for users at every security level.…",0,2,0,0,false,false,,primary,1,capped browser-based collection of observable public posts,0,data/raw/fortune_x_2025_ranked/091_general_dynamics/accounts/01_primary_generaldynamics,true,false,true,false,false,mixed,pending
fortune_top100_ranked::1580988410843365377,fortune_top100_ranked,fortune_x_2025_ranked,40,Valero Energy,@valeroenergy,@valeroenergy,https://x.com/valeroenergy,1580988410843365377,https://x.com/valeroenergy/status/1580988410843365377,Fri Oct 14 18:26:25 +0000 2022,Introducing #DoubleUpDays. Fill up on the 1st and 15th of every month to save twice as much. Just one more way the savings add up with ValeroPay+. Right Now. https://t.co/H8KOe67DmK,1,4,7,0,false,false,,primary,1,capped browser-based collection of observable public posts,0,data/raw/fortune_x_2025_ranked/040_valero_energy/accounts/01_primary_valeroenergy,true,false,false,false,false,en,pending
fortune_top100_ranked::2046221516434546897,fortune_top100_ranked,fortune_x_2025_ranked,19,Centene,@centene,@centene,https://x.com/centene,2046221516434546897,https://x.com/centene/status/2046221516434546897,Mon Apr 20 13:36:41 +0000 2026,"Rural healthcare depends on more than facilities. @SilverSummitHP is investing $650K to support hospitals, clinics, and the provider workforce delivering care to Nevadans. 
https://t.co/pQJUUlwvwI",0,1,2,0,true,false,,primary,1,capped browser-based collection of observable public posts,0,data/raw/fortune_x_2025_ranked/019_centene/accounts/01_primary_centene,true,false,false,false,false,en,pending
benchmark_self_defeating_moonpie::1734356594069053566,benchmark_self_defeating_moonpie,moonpie_existing_collection,benchmark,MoonPie,@MoonPie,@MoonPie,https://x.com/MoonPie/status/1734356594069053566,1734356594069053566,https://x.com/MoonPie/status/1734356594069053566,Mon Dec 11 23:36:49 +0000 2023,This message is for aliens so if you’re not an alien please ignore https://t.co/GvGqRCQuku,17,13,162,3,true,unknown,,primary,1,legacy_json_import,0,data/moonpie,true,false,false,false,false,en,pending
fortune_top100_ranked::1981737790040592647,fortune_top100_ranked,fortune_x_2025_ranked,11,Microsoft,@microsoft,@microsoft,https://x.com/microsoft,1981737790040592647,https://x.com/microsoft/status/1981737790040592647,Fri Oct 24 15:01:22 +0000 2025,RT @yusuf_i_mehdi: Today we introduced 12 new @Copilot features designed to make your life simpler and more connected—helping you stay in s…,0,40,0,0,false,false,,primary,1,capped browser-based collection of observable public posts,0,data/raw/fortune_x_2025_ranked/011_microsoft/accounts/01_primary_microsoft,true,false,true,false,false,mixed,pending
fortune_top100_ranked::1980389733323751915,fortune_top100_ranked,fortune_x_2025_ranked,90,Ingram Micro Holding,@IngramMicroInc,@IngramMicroInc,https://x.com/IngramMicroInc,1980389733323751915,https://x.com/IngramMicroInc/status/1980389733323751915,Mon Oct 20 21:44:40 +0000 2025,"We're proud to be Jabra’s 2025 Distributor of the Year for North America 🏆

This recognition is a testament to the incredible partnership, collaboration, and dedication the Ingram Micro and Jabra teams brings every day.

#IngramMicro #Jabra https://t.co/CnWRSstV6R",0,1,1,0,true,false,,primary,1,capped browser-based collection of observable public posts,0,data/raw/fortune_x_2025_ranked/090_ingram_micro_holding/accounts/01_primary_ingrammicroinc,true,false,false,false,false,mixed,pending
benchmark_self_defeating_moonpie::957348407554736138,benchmark_self_defeating_moonpie,moonpie_existing_collection,benchmark,MoonPie,@MoonPie,@MoonPie,https://x.com/MoonPie/status/957348407554736138,957348407554736138,https://x.com/MoonPie/status/957348407554736138,Sat Jan 27 20:23:41 +0000 2018,Doing a little research on my audience and I guess we should start doing some comedy tweets https://t.co/w971IoTROA,79,57,2151,0,false,unknown,,primary,1,legacy_json_import,0,data/moonpie,true,false,false,false,false,en,pending
benchmark_self_defeating_moonpie::1053220495632535553,benchmark_self_defeating_moonpie,moonpie_existing_collection,benchmark,MoonPie,@MoonPie,@MoonPie,https://x.com/MoonPie/status/1053220495632535553,1053220495632535553,https://x.com/MoonPie/status/1053220495632535553,Fri Oct 19 09:45:08 +0000 2018,"China plans to launch an ""artificial moon"" to light up the night skies https://t.co/3D4aJE76R7 https://t.co/TiZKxiqOD0",279,885,1619,1231,false,unknown,,primary,1,legacy_json_import,0,data/moonpie,true,false,false,false,false,en,pending
benchmark_self_defeating_moonpie::915620791995256834,benchmark_self_defeating_moonpie,moonpie_existing_collection,benchmark,MoonPie,@MoonPie,@MoonPie,https://x.com/MoonPie/status/915620791995256834,915620791995256834,https://x.com/MoonPie/status/915620791995256834,Wed Oct 04 16:53:02 +0000 2017,"'Love' Isn’t a Real Food Ingredient, According to the FDA — https://t.co/ciqc0SvzDo https://t.co/CmYfaN8bzR",4,15,38,0,false,unknown,,primary,1,legacy_json_import,0,data/moonpie,true,false,false,false,false,en,pending
fortune_top100_ranked::1681302871562944512,fortune_top100_ranked,fortune_x_2025_ranked,3,UnitedHealth Group,@UnitedHealthGrp,@UnitedHealthGrp,https://x.com/UnitedHealthGrp,1681302871562944512,https://x.com/UnitedHealthGrp/status/1681302871562944512,Tue Jul 18 14:00:16 +0000 2023,"#MentalHealth does not discriminate. In our recently released America's Health Rankings Health Equity in Focus: 2023 Mental and Behavioral Health Data Brief we see these disparities within America's most at-risk populations.

Take a look here: https://t.co/jlmNYb1fmw https://t.co/S7jCRW0UVC",103,22,38,2,true,false,,primary,1,capped browser-based collection of observable public posts,0,data/raw/fortune_x_2025_ranked/003_unitedhealth_group/accounts/01_primary_unitedhealthgrp,true,false,false,false,false,en,pending
fortune_top100_ranked::1652085530056638467,fortune_top100_ranked,fortune_x_2025_ranked,19,Centene,@centene,@centene,https://x.com/centene,1652085530056638467,https://x.com/centene/status/1652085530056638467,Fri Apr 28 23:00:59 +0000 2023,"To address the holistic needs of diverse and complex Medicare members, Centene partners with providers like @GalileoHealth, who set a new standard of care offering virtual and in-home care as well as mobile clinics to meet members where they are. https://t.co/gEOwQH6TTr",0,0,4,0,true,false,,primary,1,capped browser-based collection of observable public posts,0,data/raw/fortune_x_2025_ranked/019_centene/accounts/01_primary_centene,true,false,false,false,false,en,pending
fortune_top100_ranked::768872983557443584,fortune_top100_ranked,fortune_x_2025_ranked,79,TJX,@tjmaxx,@tjmaxx,https://x.com/tjmaxx,768872983557443584,https://x.com/tjmaxx/status/768872983557443584,Thu Aug 25 18:09:38 +0000 2016,@Indy20something will you let us know which store this is so we can address with store management? Thanks!,0,0,0,0,false,false,,primary,1,capped browser-based collection of observable public posts,0,data/raw/fortune_x_2025_ranked/079_tjx/accounts/01_primary_tjmaxx,true,false,false,true,false,en,pending
benchmark_aggressive_wendys::2039714041212358979,benchmark_aggressive_wendys,wendys_existing_collection,benchmark,Wendy's,@Wendys,@Wendys,https://x.com/Wendys/status/2039714041212358979,2039714041212358979,https://x.com/Wendys/status/2039714041212358979,Thu Apr 02 14:38:18 +0000 2026,Vote!,13,5,52,9,true,unknown,,primary,1,legacy_json_import,0,data/wendys,true,false,false,false,false,fr,pending
fortune_top100_ranked::2039076891651424474,fortune_top100_ranked,fortune_x_2025_ranked,82,Oracle,@oracle,@oracle,https://x.com/oracle,2039076891651424474,https://x.com/oracle/status/2039076891651424474,Tue Mar 31 20:26:29 +0000 2026,"The new Analytics AI Assistant uses natural language to help you interact with data across ERP, HCM, SCM, and CX. Use it to get fast answers and insights from the front and back offices. https://t.co/B3Wju5VV3i https://t.co/aVJgFJYrGP",158,18,43,2,true,false,,primary,1,capped browser-based collection of observable public posts,0,data/raw/fortune_x_2025_ranked/082_oracle/accounts/01_primary_oracle,true,false,false,false,false,en,pending
benchmark_self_defeating_moonpie::2041640433697124526,benchmark_self_defeating_moonpie,moonpie_existing_collection,benchmark,MoonPie,@MoonPie,@MoonPie,https://x.com/MoonPie/status/2041640433697124526,2041640433697124526,https://x.com/MoonPie/status/2041640433697124526,Tue Apr 07 22:13:05 +0000 2026,https://t.co/3qNYXOb7yt,185,842,12228,89,true,unknown,,primary,1,legacy_json_import,0,data/moonpie,true,false,false,false,false,zxx,pending
fortune_top100_ranked::1960384019784233117,fortune_top100_ranked,fortune_x_2025_ranked,70,Broadcom,@broadcom,@broadcom,https://x.com/broadcom,1960384019784233117,https://x.com/broadcom/status/1960384019784233117,Tue Aug 26 16:49:07 +0000 2025,"On stage at #VMwareExplore, @cswolf announced support for @NVIDIA’s next generation AI infrastructure on VMware Cloud Foundation. 

See this morning’s press release https://t.co/AuydFhmYt4 https://t.co/dtHD4wIIh0",1,6,13,0,true,false,,primary,1,capped browser-based collection of observable public posts,0,data/raw/fortune_x_2025_ranked/070_broadcom/accounts/01_primary_broadcom,true,false,false,false,false,mixed,pending
benchmark_aggressive_wendys::1787542849061626009,benchmark_aggressive_wendys,wendys_existing_collection,benchmark,Wendy's,@Wendys,@Wendys,https://x.com/Wendys/status/1787542849061626009,1787542849061626009,https://x.com/Wendys/status/1787542849061626009,Mon May 06 18:00:00 +0000 2024,me inventing the mcflurry fries,731,324,6843,354,true,unknown,,primary,1,legacy_json_import,0,data/wendys,true,false,false,false,false,en,pending
benchmark_self_defeating_moonpie::922834460055306243,benchmark_self_defeating_moonpie,moonpie_existing_collection,benchmark,MoonPie,@MoonPie,@MoonPie,https://x.com/MoonPie/status/922834460055306243,922834460055306243,https://x.com/MoonPie/status/922834460055306243,Tue Oct 24 14:37:35 +0000 2017,.@moonpie69 nice,34,263,850,0,false,unknown,,primary,1,legacy_json_import,0,data/moonpie,true,false,false,false,false,en,pending
benchmark_self_defeating_moonpie::934488458063695872,benchmark_self_defeating_moonpie,moonpie_existing_collection,benchmark,MoonPie,@MoonPie,@MoonPie,https://x.com/MoonPie/status/934488458063695872,934488458063695872,https://x.com/MoonPie/status/934488458063695872,Sat Nov 25 18:26:25 +0000 2017,Yes megan https://t.co/6eKlIm3Ya4,25,297,2608,0,false,unknown,,primary,1,legacy_json_import,0,data/moonpie,true,false,false,false,false,en,pending
fortune_top100_ranked::1679643575754321920,fortune_top100_ranked,fortune_x_2025_ranked,89,Enterprise Products Partners,@EProd_Careers,@EProd_Careers,https://x.com/EProd_Careers,1679643575754321920,https://x.com/EProd_Careers/status/1679643575754321920,Fri Jul 14 00:06:49 +0000 2023,"Think you would excel as our next Project Manager, Senior Pipeline Integrity (Assessment)? Consider Enterprise Products as YOUR pipeline for career success! Apply today. https://t.co/ZMDYRlGWZo #MaintenanceJobs",0,0,0,0,true,false,,primary,1,capped browser-based collection of observable public posts,0,data/raw/fortune_x_2025_ranked/089_enterprise_products_partners/accounts/01_primary_eprod_careers,true,false,false,false,false,en,pending
benchmark_self_defeating_moonpie::909866364051054597,benchmark_self_defeating_moonpie,moonpie_existing_collection,benchmark,MoonPie,@MoonPie,@MoonPie,https://x.com/MoonPie/status/909866364051054597,909866364051054597,https://x.com/MoonPie/status/909866364051054597,Mon Sep 18 19:47:00 +0000 2017,#MakingMoonPiesIsWithinTheConfinesOfTheLaw,2,7,77,0,false,unknown,,primary,1,legacy_json_import,0,data/moonpie,true,false,false,false,false,qht,pending
fortune_top100_ranked::1615107270009921559,fortune_top100_ranked,fortune_x_2025_ranked,93,USAA,@usaa,@usaa,https://x.com/usaa,1615107270009921559,https://x.com/usaa/status/1615107270009921559,Mon Jan 16 22:02:35 +0000 2023,USAA joined thousands of others participating in marches all across the country to honor the legacy of Dr. Martin Luther King Jr. and to continue Moving the Dream Forward! https://t.co/GuONDP4JTO,8,7,34,0,true,false,,primary,1,capped browser-based collection of observable public posts,0,data/raw/fortune_x_2025_ranked/093_usaa/accounts/01_primary_usaa,true,false,false,false,false,en,pending
fortune_top100_ranked::1888775771491115014,fortune_top100_ranked,fortune_x_2025_ranked,51,Progressive,@progressive,@progressive,https://x.com/progressive,1888775771491115014,https://x.com/progressive/status/1888775771491115014,Mon Feb 10 02:23:30 +0000 2025,"No one likes a blowout, especially when they are driving. Be sure to check your tread depth on those tires, people!",1,2,13,1,true,false,,primary,1,capped browser-based collection of observable public posts,0,data/raw/fortune_x_2025_ranked/051_progressive/accounts/01_primary_progressive,true,false,false,false,false,en,pending
fortune_top100_ranked::1711396293094859135,fortune_top100_ranked,fortune_x_2025_ranked,38,Wells Fargo,@wellsfargo,@wellsfargo,https://x.com/wellsfargo,1711396293094859135,https://x.com/wellsfargo/status/1711396293094859135,Mon Oct 09 15:00:47 +0000 2023,"Our inaugural class of 12 #FalconsHBCUFellows met with some of our employees to learn about career journeys and different ways to start a career in sports. Together with the @AtlantaFalcons, we’re making sure these HBCU students have the tools they need to change the game. https://t.co/YrdehCpGsW",27,21,19,0,true,false,,primary,1,capped browser-based collection of observable public posts,0,data/raw/fortune_x_2025_ranked/038_wells_fargo/accounts/01_primary_wellsfargo,true,false,false,false,false,mixed,pending
fortune_top100_ranked::2061780373747454017,fortune_top100_ranked,fortune_x_2025_ranked,77,AbbVie,@abbvie,@abbvie,https://x.com/abbvie,2061780373747454017,https://x.com/abbvie/status/2061780373747454017,Tue Jun 02 12:02:01 +0000 2026,"#DYK migraine is a prevalent and debilitating neurological disease, impacting roughly 14% of the global population, with a higher incidence in women than men?

Learn more about a new indication for the acute treatment of migraine: https://t.co/FSnJbbMRL2 https://t.co/iWRuToVhNA",0,0,7,0,true,false,,primary,1,capped browser-based collection of observable public posts,0,data/raw/fortune_x_2025_ranked/077_abbvie/accounts/01_primary_abbvie,true,false,false,false,false,en,pending
fortune_top100_ranked::1550126543694770180,fortune_top100_ranked,fortune_x_2025_ranked,27,Kroger,@kroger,@kroger,https://x.com/kroger,1550126543694770180,https://x.com/kroger/status/1550126543694770180,Thu Jul 21 14:32:22 +0000 2022,"@LeslieLinebaugh Hi Leslie. I am so sorry to hear the the milk has been spoiling fore the sell by date, this is not the quality that we expect from our products. Please DM us  so that we can request further information for reporting. https://t.co/l9yjKyg8PH",2,0,2,0,false,false,,primary,1,capped browser-based collection of observable public posts,0,data/raw/fortune_x_2025_ranked/027_kroger/accounts/01_primary_kroger,true,false,false,true,false,en,pending
fortune_top100_ranked::1839015952752706024,fortune_top100_ranked,fortune_x_2025_ranked,17,Meta Platforms,@Meta,@Meta,https://x.com/Meta,1839015952752706024,https://x.com/Meta/status/1839015952752706024,Wed Sep 25 18:55:45 +0000 2024,"We’re also adding even more apps and services, like Spotify, Amazon Music, Audible, and iHeart",12,14,20,0,true,false,,primary,1,capped browser-based collection of observable public posts,0,data/raw/fortune_x_2025_ranked/017_meta_platforms/accounts/01_primary_meta,true,false,false,false,false,mixed,pending
fortune_top100_ranked::2057599032361414988,fortune_top100_ranked,fortune_x_2025_ranked,77,AbbVie,@abbvie,@abbvie,https://x.com/abbvie,2057599032361414988,https://x.com/abbvie/status/2057599032361414988,Thu May 21 23:06:52 +0000 2026,"At this year's @ASCO Annual Meeting, our team will share new data across solid tumors and blood cancers from our novel platforms. Read more: https://t.co/45tL2BDVSS #ASCO26 https://t.co/Xy4kzgAAyj",2,0,2,0,true,false,,primary,1,capped browser-based collection of observable public posts,0,data/raw/fortune_x_2025_ranked/077_abbvie/accounts/01_primary_abbvie,true,false,false,false,false,en,pending
fortune_top100_ranked::1911795907617554475,fortune_top100_ranked,fortune_x_2025_ranked,30,Marathon Petroleum,@MarathonPetroCo,@MarathonPetroCo,https://x.com/MarathonPetroCo,1911795907617554475,https://x.com/MarathonPetroCo/status/1911795907617554475,Mon Apr 14 14:57:18 +0000 2025,"Earlier this year, our Galveston Bay refinery was honored with two awards from United Way Galveston County Mainland. Learn more 🔽 https://t.co/lLtOW1hN4d

@UWGCM 🤝",0,1,2,0,true,false,,primary,1,capped browser-based collection of observable public posts,0,data/raw/fortune_x_2025_ranked/030_marathon_petroleum/accounts/01_primary_marathonpetroco,true,false,false,false,false,mixed,pending
fortune_top100_ranked::1978569811907989649,fortune_top100_ranked,fortune_x_2025_ranked,81,United Airlines Holdings,@united,@united,https://x.com/united,1978569811907989649,https://x.com/united/status/1978569811907989649,Wed Oct 15 21:12:57 +0000 2025,"Lightning-fast @Starlink Wi-Fi is now on board our first mainline aircraft. 🛰️

Stay connected from gate to gate on allllll your devices just like you’re at home. That means live streaming, live sports, live gaming, even live watching your pet cam. 😉

Starlink Wi-Fi is already available on more than half of our regional fleet, and it’s rolling out on more planes every day. Free for MileagePlus members.",1027,1307,11554,595,true,false,,primary,1,capped browser-based collection of observable public posts,0,data/raw/fortune_x_2025_ranked/081_united_airlines_holdings/accounts/01_primary_united,true,false,false,false,false,mixed,pending
fortune_top100_ranked::2031054834921619581,fortune_top100_ranked,fortune_x_2025_ranked,61,Lockheed Martin,@lockheedmartin,@lockheedmartin,https://x.com/lockheedmartin,2031054834921619581,https://x.com/lockheedmartin/status/2031054834921619581,Mon Mar 09 17:09:42 +0000 2026,U.S. Army High Mobility Artillery Rocket Systems (HIMARS) provide unrivaled deep-strike capability in combat against the Iranian regime. https://t.co/Onsp1FUrz4,559,1345,9388,260,true,false,,primary,1,capped browser-based collection of observable public posts,0,data/raw/fortune_x_2025_ranked/061_lockheed_martin/accounts/01_primary_lockheedmartin,true,false,false,false,false,en,pending
fortune_top100_ranked::1985723767096549446,fortune_top100_ranked,fortune_x_2025_ranked,49,RTX,@RTX_News,@RTX_News,https://x.com/RTX_News,1985723767096549446,https://x.com/RTX_News/status/1985723767096549446,Tue Nov 04 15:00:13 +0000 2025,"📰: Catch up on October’s news highlights from Collins Aerospace, Pratt &amp; Whitney and Raytheon. https://t.co/Mir7S9zNtE",6,12,52,1,true,false,,primary,1,capped browser-based collection of observable public posts,0,data/raw/fortune_x_2025_ranked/049_rtx/accounts/01_primary_rtx_news,true,false,false,false,false,mixed,pending
fortune_top100_ranked::2018400361841586219,fortune_top100_ranked,fortune_x_2025_ranked,17,Meta Platforms,@Meta,@Meta,https://x.com/Meta,2018400361841586219,https://x.com/Meta/status/2018400361841586219,Mon Feb 02 19:05:20 +0000 2026,Athletic Intelligence is here. Push your training to the edge with Oakley Meta Performance AI glasses. Hands-free camera. Meta AI. Open-ear audio. Consider the game changed. https://t.co/DXGxKlAmPF,489,194,715,39,true,false,,primary,1,capped browser-based collection of observable public posts,0,data/raw/fortune_x_2025_ranked/017_meta_platforms/accounts/01_primary_meta,true,false,false,false,false,en,pending
fortune_top100_ranked::1479117687913472004,fortune_top100_ranked,fortune_x_2025_ranked,6,CVS Health,@cvshealth,@cvshealth,https://x.com/cvshealth,1479117687913472004,https://x.com/cvshealth/status/1479117687913472004,Thu Jan 06 15:48:32 +0000 2022,"Following CDC guidance, the Pfizer-BioNTech COVID-19 booster shot is now recommended for adolescents 12-15 five months after their primary Pfizer-BioNTech vaccine series. https://t.co/WDjq1P232v",33,5,15,3,false,false,,primary,1,capped browser-based collection of observable public posts,0,data/raw/fortune_x_2025_ranked/006_cvs_health/accounts/01_primary_cvshealth,true,false,false,false,false,en,pending
fortune_top100_ranked::1993403054214037617,fortune_top100_ranked,fortune_x_2025_ranked,88,Intel,@intel,@intel,https://x.com/intel,1993403054214037617,https://x.com/intel/status/1993403054214037617,Tue Nov 25 19:34:58 +0000 2025,"🦃 Thanksgiving is near, and we’re feeling extra grateful for AI-enabled laptops that support everything from creativity to connection. ​

Drop one of these emojis (🍗🎁📸🎮💻), and we’ll share how AI can lend you a helping hand this holiday. ✨",31,20,111,0,true,false,,primary,1,capped browser-based collection of observable public posts,0,data/raw/fortune_x_2025_ranked/088_intel/accounts/01_primary_intel,true,false,false,false,false,mixed,pending
fortune_top100_ranked::766736843794702336,fortune_top100_ranked,fortune_x_2025_ranked,25,Home Depot,@homedepot,@HDCares,https://x.com/HDCares,766736843794702336,https://x.com/HDCares/status/766736843794702336,Fri Aug 19 20:41:23 +0000 2016,@ThatSkyeIAm What happened? Please send add’l details/contact info to TeamSocial@homedepot.com so we can address. –TeamCare,0,0,0,0,false,false,,secondary,2,capped browser-based collection of observable public posts,0,data/raw/fortune_x_2025_ranked/025_home_depot/accounts/02_secondary_hdcares,true,false,false,true,false,mixed,pending
benchmark_self_defeating_moonpie::1258166726551834624,benchmark_self_defeating_moonpie,moonpie_existing_collection,benchmark,MoonPie,@MoonPie,@MoonPie,https://x.com/MoonPie/status/1258166726551834624,1258166726551834624,https://x.com/MoonPie/status/1258166726551834624,Wed May 06 22:48:17 +0000 2020,Here are some things I know how to talk about but I’m also open to suggestions I guess https://t.co/Dsjm4vhhw3,33,36,377,2,false,unknown,,primary,1,legacy_json_import,0,data/moonpie,true,false,false,false,false,en,pending
fortune_top100_ranked::2049150833422647689,fortune_top100_ranked,fortune_x_2025_ranked,43,Tesla,@tesla,@tesla,https://x.com/tesla,2049150833422647689,https://x.com/tesla/status/2049150833422647689,Tue Apr 28 15:36:44 +0000 2026,Actually Smart Summon now reacts a lot faster,666,1648,7391,58,true,false,,primary,1,capped browser-based collection of observable public posts,0,data/raw/fortune_x_2025_ranked/043_tesla/accounts/01_primary_tesla,true,false,false,false,false,en,pending
fortune_top100_ranked::1487078082632687617,fortune_top100_ranked,fortune_x_2025_ranked,23,General Motors,@GM,@GM,https://x.com/GM,1487078082632687617,https://x.com/GM/status/1487078082632687617,Fri Jan 28 15:00:18 +0000 2022,"""Have the courage to embrace [challenges], with confidence in yourself, your team and community."" - Gerald Johnson, EVP of Global Manufacturing and Sustainability. 

Congratulations to Gerald for earning the Michigan Chronicle’s Vanguard Award! https://t.co/6vTyr6NyZI",4,6,45,1,false,false,,primary,1,capped browser-based collection of observable public posts,0,data/raw/fortune_x_2025_ranked/023_general_motors/accounts/01_primary_gm,true,false,false,false,false,mixed,pending
benchmark_self_defeating_moonpie::1136619057103429633,benchmark_self_defeating_moonpie,moonpie_existing_collection,benchmark,MoonPie,@MoonPie,@MoonPie,https://x.com/MoonPie/status/1136619057103429633,1136619057103429633,https://x.com/MoonPie/status/1136619057103429633,Thu Jun 06 13:01:15 +0000 2019,The Moon keeps flashing us and we have no idea why https://t.co/nYsR4v81vh https://t.co/oZESnNW5Mk,6,11,86,14,false,unknown,,primary,1,legacy_json_import,0,data/moonpie,true,false,false,false,false,en,pending
fortune_top100_ranked::1990847650225152498,fortune_top100_ranked,fortune_x_2025_ranked,11,Microsoft,@microsoft,@microsoft,https://x.com/microsoft,1990847650225152498,https://x.com/microsoft/status/1990847650225152498,Tue Nov 18 18:20:42 +0000 2025,"RT @Azure: Traditional RAG searches data—next-gen RAG gives you knowledge. 

Meet Microsoft Foundry IQ—powered by Azure AI Search—deliverin…",0,23,0,0,false,false,,primary,1,capped browser-based collection of observable public posts,0,data/raw/fortune_x_2025_ranked/011_microsoft/accounts/01_primary_microsoft,true,false,true,false,false,mixed,pending
benchmark_aggressive_wendys::1562500966313627649,benchmark_aggressive_wendys,wendys_existing_collection,benchmark,Wendy's,@Wendys,@Wendys,https://x.com/Wendys/status/1562500966313627649,1562500966313627649,https://x.com/Wendys/status/1562500966313627649,Wed Aug 24 18:03:54 +0000 2022,"It’s always true crime this true crime that, but the real true crime is that there’s no gallon sized cup with a curly straw for strawberry lemonade 😩",193,112,1893,20,false,unknown,,primary,1,legacy_json_import,0,data/wendys,true,false,false,false,false,en,pending
benchmark_aggressive_wendys::2042276646711894177,benchmark_aggressive_wendys,wendys_existing_collection,benchmark,Wendy's,@Wendys,@Wendys,https://x.com/Wendys/status/2042276646711894177,2042276646711894177,https://x.com/Wendys/status/2042276646711894177,Thu Apr 09 16:21:10 +0000 2026,WE’VE GOT OUR WINNER🏆 the Pretzel Bacon Pub Burger is coming back to the menu soon https://t.co/jdeIQgJBnp,412,266,4935,169,true,unknown,,primary,1,legacy_json_import,0,data/wendys,true,false,false,false,false,en,pending
fortune_top100_ranked::1450511161712066569,fortune_top100_ranked,fortune_x_2025_ranked,45,Johnson & Johnson,@JNJNews,@JNJNews,https://x.com/JNJNews,1450511161712066569,https://x.com/JNJNews/status/1450511161712066569,Tue Oct 19 17:16:24 +0000 2021,"Johnson &amp; Johnson is honored to be recognized on @FortuneMagazine’s 2021 Change the World List, recognized for our work to help battle the #COVID19 pandemic worldwide. Read more on how #JNJ is helping create global impact through social responsibility and innovation.",0,9,21,0,false,false,,primary,1,capped browser-based collection of observable public posts,0,data/raw/fortune_x_2025_ranked/045_johnson_johnson/accounts/01_primary_jnjnews,true,false,false,false,false,mixed,pending
fortune_top100_ranked::1979230466441122234,fortune_top100_ranked,fortune_x_2025_ranked,48,UPS,@ups,@ups,https://x.com/ups,1979230466441122234,https://x.com/ups/status/1979230466441122234,Fri Oct 17 16:58:10 +0000 2025,"RT @UPSAirlines: We're soarin', flyin' with more than 500 planes and 2,000 daily flights segments worldwide! 🌍✈️ Which of our aircraft is y…",0,5,0,0,false,false,,primary,1,capped browser-based collection of observable public posts,0,data/raw/fortune_x_2025_ranked/048_ups/accounts/01_primary_ups,true,false,true,false,false,mixed,pending
fortune_top100_ranked::1945220186094641541,fortune_top100_ranked,fortune_x_2025_ranked,33,Freddie Mac,@FreddieMac,@FreddieMac,https://x.com/FreddieMac,1945220186094641541,https://x.com/FreddieMac/status/1945220186094641541,Tue Jul 15 20:33:27 +0000 2025,"RT @Berkadia: Fairstead is revitalizing 65 affordable housing units in Chesapeake, VA, with $8.5M financing from Berkadia and @FreddieMac.…",0,1,0,0,false,false,,primary,1,capped browser-based collection of observable public posts,0,data/raw/fortune_x_2025_ranked/033_freddie_mac/accounts/01_primary_freddiemac,true,false,true,false,false,mixed,pending
fortune_top100_ranked::2046255917235052720,fortune_top100_ranked,fortune_x_2025_ranked,21,Chevron,@chevron,@chevron,https://x.com/chevron,2046255917235052720,https://x.com/chevron/status/2046255917235052720,Mon Apr 20 15:53:22 +0000 2026,"1,500 Chevron wells 🤝 AI‑enabled, automated operations.

Meet Amit – from automation to AI-driven systems, he helps Chevron manage a vast network of wells and facilities across the Permian Basin. Learn how Amit's work helps keep Chevron operating smarter and maintaining production at 1 million BOE per day in the Permian: https://t.co/CGuNfPLwAC",7,10,42,1,true,false,,primary,1,capped browser-based collection of observable public posts,0,data/raw/fortune_x_2025_ranked/021_chevron/accounts/01_primary_chevron,true,false,false,false,false,mixed,pending
